#############################################################################
# Project CNPq: Increasing PHC with team sizing
# Author: João Flávio de Freitas Almeida <joao.flavio@dep.ufmg.br>
# LEPOINT: Laboratório de Estudos em Planejamento de Operações Integradas
# Departamento de Engenharia de Produção
# Universidade Federal de Minas Gerais - Escola de Engenharia
#############################################################################
# Health Care Facility Location Problem: Considering fixed facilities,
# choose intermediate facilities according a criteria that improve service
# quality. Consider health care teams.
#############################################################################
# glpsol -m aps.mod -d LS.dat --cuts

#############################################################################
# DADOS REFERENTES AO MUNICIPIO DE: 
# Contagem 
#############################################################################
data;
# Distance matrix between same-level facilities (for team transfer) 
# {EL[1], L[1]} default 0; # Distance between L1 facilities (min)  
param DL1 := 
3118602190990 3118602190990 0 
3118602190990 3118602191229 517 
3118602190990 3118602190591 1089 
3118602190990 3118602190567 3149 
3118602190990 3118602190532 4094 
3118602190990 3118602190494 4895 
3118602190990 3118602190869 3563 
3118602190990 3118602190605 4200 
3118602190990 3118602190109 3526 
3118602190990 3118607116306 6600 
3118602190990 3118602190931 6266 
3118602190990 3118602190923 7261 
3118602190990 3118602190893 8764 
3118602190990 3118602190486 6353 
3118602190990 3118602190915 8751 
3118602190990 3118602190222 7689 
3118602190990 3118604696077 4219 
3118602190990 3118602191024 4869 
3118602190990 3118602190478 5344 
3118602190990 3118602190389 5907 
3118602190990 3118607110316 6948 
3118602190990 3118602220261 3952 
3118602190990 3118602190397 5784 
3118602190990 3118602190176 4003 
3118602190990 3118602191059 3470 
3118602190990 3118602191040 4186 
3118602190990 3118602190451 7691 
3118602190990 3118602190206 8099 
3118602190990 3118602190966 9401 
3118602190990 3118602190400 7291 
3118602190990 3118602190877 8099 
3118602190990 3118602190826 12721 
3118602190990 3118602190729 15426 
3118602190990 3118602190656 15426 
3118602190990 3118602190834 15185 
3118602190990 3118602190710 15155 
3118602190990 3118602190796 15407 
3118602190990 3118602190648 15735 
3118602190990 3118602190818 12222 
3118602190990 3118602190885 6970 
3118602190990 3118607053355 8956 
3118602190990 3118602190192 6171 
3118602190990 3118602190214 5582 
3118602190990 3118602190680 5917 
3118602190990 3118602190753 4391 
3118602190990 3118602190141 6464 
3118602190990 3118602220245 3000 
3118602190990 3118602190788 0 
3118602190990 CLU_2943 1747 
3118602190990 CLU_2961 3577 
3118602190990 CLU_2970 4713 
3118602190990 CLU_2971 4893 
3118602190990 CLU_3051 4869 
3118602190990 CLU_3055 4906 
3118602190990 CLU_3060 5364 
3118602190990 CLU_3084 8266 
3118602190990 CLU_3086 14157 
3118602190990 CLU_3087 14791 
3118602190990 CLU_3098 14408 
3118602190990 CLU_3108 10707 
3118602190990 CLU_3121 3349 
3118602190990 CLU_3128 5968 
3118602190990 CLU_3141 6400 
3118602190990 CLU_3143 5261 
3118602190990 CLU_3160 5468 
3118602190990 CLU_3166 4428 
3118602190990 CLU_3176 4551 
3118602190990 CLU_3200 2351 
3118602190990 CLU_3214 1776 
3118602190990 CLU_7923 7402 
3118602191229 3118602190990 517 
3118602191229 3118602191229 0 
3118602191229 3118602190591 877 
3118602191229 3118602190567 2964 
3118602191229 3118602190532 3923 
3118602191229 3118602190494 4648 
3118602191229 3118602190869 3600 
3118602191229 3118602190605 4349 
3118602191229 3118602190109 3770 
3118602191229 3118607116306 6475 
3118602191229 3118602190931 6145 
3118602191229 3118602190923 7256 
3118602191229 3118602190893 8695 
3118602191229 3118602190486 6379 
3118602191229 3118602190915 8726 
3118602191229 3118602190222 7610 
3118602191229 3118604696077 4727 
3118602191229 3118602191024 5385 
3118602191229 3118602190478 5858 
3118602191229 3118602190389 6423 
3118602191229 3118607110316 7455 
3118602191229 3118602220261 4469 
3118602191229 3118602190397 6300 
3118602191229 3118602190176 4467 
3118602191229 3118602191059 3987 
3118602191229 3118602191040 4664 
3118602191229 3118602190451 8200 
3118602191229 3118602190206 8611 
3118602191229 3118602190966 9918 
3118602191229 3118602190400 7806 
3118602191229 3118602190877 8611 
3118602191229 3118602190826 13170 
3118602191229 3118602190729 15832 
3118602191229 3118602190656 15832 
3118602191229 3118602190834 15600 
3118602191229 3118602190710 15528 
3118602191229 3118602190796 15794 
3118602191229 3118602190648 16130 
3118602191229 3118602190818 12662 
3118602191229 3118602190885 7333 
3118602191229 3118607053355 9474 
3118602191229 3118602190192 6070 
3118602191229 3118602190214 5539 
3118602191229 3118602190680 6016 
3118602191229 3118602190753 4763 
3118602191229 3118602190141 6665 
3118602191229 3118602220245 3122 
3118602191229 3118602190788 517 
3118602191229 CLU_2943 1465 
3118602191229 CLU_2961 3502 
3118602191229 CLU_2970 4613 
3118602191229 CLU_2971 4741 
3118602191229 CLU_3051 5385 
3118602191229 CLU_3055 5384 
3118602191229 CLU_3060 5820 
3118602191229 CLU_3084 8783 
3118602191229 CLU_3086 14589 
3118602191229 CLU_3087 15213 
3118602191229 CLU_3098 14806 
3118602191229 CLU_3108 10980 
3118602191229 CLU_3121 3158 
3118602191229 CLU_3128 5773 
3118602191229 CLU_3141 6419 
3118602191229 CLU_3143 5299 
3118602191229 CLU_3160 5555 
3118602191229 CLU_3166 4690 
3118602191229 CLU_3176 4713 
3118602191229 CLU_3200 2375 
3118602191229 CLU_3214 1353 
3118602191229 CLU_7923 7698 
3118602190591 3118602190990 1089 
3118602190591 3118602191229 877 
3118602190591 3118602190591 0 
3118602190591 3118602190567 2096 
3118602190591 3118602190532 3053 
3118602190591 3118602190494 3814 
3118602190591 3118602190869 2776 
3118602190591 3118602190605 3610 
3118602190591 3118602190109 3163 
3118602190591 3118607116306 5599 
3118602190591 3118602190931 5268 
3118602190591 3118602190923 6397 
3118602190591 3118602190893 7819 
3118602190591 3118602190486 5535 
3118602190591 3118602190915 7859 
3118602190591 3118602190222 6734 
3118602190591 3118604696077 4792 
3118602190591 3118602191024 5649 
3118602190591 3118602190478 6155 
3118602190591 3118602190389 6688 
3118602190591 3118607110316 7483 
3118602190591 3118602220261 4660 
3118602190591 3118602190397 6449 
3118602190591 3118602190176 4318 
3118602190591 3118602191059 4226 
3118602190591 3118602191040 5169 
3118602190591 3118602190451 8534 
3118602190591 3118602190206 8915 
3118602190591 3118602190966 10148 
3118602190591 3118602190400 8074 
3118602190591 3118602190877 8915 
3118602190591 3118602190826 12901 
3118602190591 3118602190729 15435 
3118602190591 3118602190656 15435 
3118602190591 3118602190834 15226 
3118602190591 3118602190710 15058 
3118602190591 3118602190796 15354 
3118602190591 3118602190648 15709 
3118602190591 3118602190818 12365 
3118602190591 3118602190885 6874 
3118602190591 3118607053355 9640 
3118602190591 3118602190192 6908 
3118602190591 3118602190214 6401 
3118602190591 3118602190680 6891 
3118602190591 3118602190753 5475 
3118602190591 3118602190141 7515 
3118602190591 3118602220245 3991 
3118602190591 3118602190788 1089 
3118602190591 CLU_2943 661 
3118602190591 CLU_2961 2629 
3118602190591 CLU_2970 3736 
3118602190591 CLU_2971 3867 
3118602190591 CLU_3051 5649 
3118602190591 CLU_3055 5272 
3118602190591 CLU_3060 5620 
3118602190591 CLU_3084 9007 
3118602190591 CLU_3086 14263 
3118602190591 CLU_3087 14860 
3118602190591 CLU_3098 14392 
3118602190591 CLU_3108 10350 
3118602190591 CLU_3121 3961 
3118602190591 CLU_3128 6553 
3118602190591 CLU_3141 7293 
3118602190591 CLU_3143 6175 
3118602190591 CLU_3160 6431 
3118602190591 CLU_3166 5504 
3118602190591 CLU_3176 5575 
3118602190591 CLU_3200 3252 
3118602190591 CLU_3214 1960 
3118602190591 CLU_7923 7117 
3118602190567 3118602190990 3149 
3118602190567 3118602191229 2964 
3118602190567 3118602190591 2096 
3118602190567 3118602190567 0 
3118602190567 3118602190532 959 
3118602190567 3118602190494 1789 
3118602190567 3118602190869 1525 
3118602190567 3118602190605 2632 
3118602190567 3118602190109 2839 
3118602190567 3118607116306 3528 
3118602190567 3118602190931 3204 
3118602190567 3118602190923 4528 
3118602190567 3118602190893 5803 
3118602190567 3118602190486 3782 
3118602190567 3118602190915 5917 
3118602190567 3118602190222 4711 
3118602190567 3118604696077 5830 
3118602190567 3118602191024 6978 
3118602190567 3118602190478 7515 
3118602190567 3118602190389 7972 
3118602190567 3118607110316 8275 
3118602190567 3118602220261 5929 
3118602190567 3118602190397 7530 
3118602190567 3118602190176 4984 
3118602190567 3118602191059 5611 
3118602190567 3118602191040 6891 
3118602190567 3118602190451 9883 
3118602190567 3118602190206 10201 
3118602190567 3118602190966 11267 
3118602190567 3118602190400 9315 
3118602190567 3118602190877 10201 
3118602190567 3118602190826 12842 
3118602190567 3118602190729 15005 
3118602190567 3118602190656 15005 
3118602190567 3118602190834 14861 
3118602190567 3118602190710 14433 
3118602190567 3118602190796 14808 
3118602190567 3118602190648 15210 
3118602190567 3118602190818 12246 
3118602190567 3118602190885 6514 
3118602190567 3118607053355 10645 
3118602190567 3118602190192 8842 
3118602190567 3118602190214 8404 
3118602190567 3118602190680 8977 
3118602190567 3118602190753 7447 
3118602190567 3118602190141 9607 
3118602190567 3118602220245 6085 
3118602190567 3118602190788 3149 
3118602190567 CLU_2943 1531 
3118602190567 CLU_2961 868 
3118602190567 CLU_2970 1736 
3118602190567 CLU_2971 1783 
3118602190567 CLU_3051 6978 
3118602190567 CLU_3055 5911 
3118602190567 CLU_3060 6030 
3118602190567 CLU_3084 10140 
3118602190567 CLU_3086 14038 
3118602190567 CLU_3087 14554 
3118602190567 CLU_3098 13928 
3118602190567 CLU_3108 9324 
3118602190567 CLU_3121 5860 
3118602190567 CLU_3128 8352 
3118602190567 CLU_3141 9339 
3118602190567 CLU_3143 8237 
3118602190567 CLU_3160 8515 
3118602190567 CLU_3166 7576 
3118602190567 CLU_3176 7671 
3118602190567 CLU_3200 5328 
3118602190567 CLU_3214 3737 
3118602190567 CLU_7923 6366 
3118602190532 3118602190990 4094 
3118602190532 3118602191229 3923 
3118602190532 3118602190591 3053 
3118602190532 3118602190567 959 
3118602190532 3118602190532 0 
3118602190532 3118602190494 1034 
3118602190532 3118602190869 1592 
3118602190532 3118602190605 2572 
3118602190532 3118602190109 3101 
3118602190532 3118607116306 2576 
3118602190532 3118602190931 2257 
3118602190532 3118602190923 3700 
3118602190532 3118602190893 4874 
3118602190532 3118602190486 3058 
3118602190532 3118602190915 5030 
3118602190532 3118602190222 3783 
3118602190532 3118604696077 6416 
3118602190532 3118602191024 7644 
3118602190532 3118602190478 8186 
3118602190532 3118602190389 8606 
3118602190532 3118607110316 8709 
3118602190532 3118602220261 6596 
3118602190532 3118602190397 8093 
3118602190532 3118602190176 5463 
3118602190532 3118602191059 6324 
3118602190532 3118602191040 7700 
3118602190532 3118602190451 10522 
3118602190532 3118602190206 10813 
3118602190532 3118602190966 11800 
3118602190532 3118602190400 9916 
3118602190532 3118602190877 10813 
3118602190532 3118602190826 12843 
3118602190532 3118602190729 14817 
3118602190532 3118602190656 14817 
3118602190532 3118602190834 14704 
3118602190532 3118602190710 14156 
3118602190532 3118602190796 14566 
3118602190532 3118602190648 14988 
3118602190532 3118602190818 12225 
3118602190532 3118602190885 6483 
3118602190532 3118607053355 11136 
3118602190532 3118602190192 9773 
3118602190532 3118602190214 9351 
3118602190532 3118602190680 9937 
3118602190532 3118602190753 8345 
3118602190532 3118602190141 10558 
3118602190532 3118602220245 7044 
3118602190532 3118602190788 4094 
3118602190532 CLU_2943 2487 
3118602190532 CLU_2961 858 
3118602190532 CLU_2970 903 
3118602190532 CLU_2971 828 
3118602190532 CLU_3051 7644 
3118602190532 CLU_3055 6342 
3118602190532 CLU_3060 6364 
3118602190532 CLU_3084 10689 
3118602190532 CLU_3086 13952 
3118602190532 CLU_3087 14427 
3118602190532 CLU_3098 13732 
3118602190532 CLU_3108 8899 
3118602190532 CLU_3121 6791 
3118602190532 CLU_3128 9250 
3118602190532 CLU_3141 10294 
3118602190532 CLU_3143 9195 
3118602190532 CLU_3160 9474 
3118602190532 CLU_3166 8515 
3118602190532 CLU_3176 8627 
3118602190532 CLU_3200 6288 
3118602190532 CLU_3214 4664 
3118602190532 CLU_7923 6145 
3118602190494 3118602190990 4895 
3118602190494 3118602191229 4648 
3118602190494 3118602190591 3814 
3118602190494 3118602190567 1789 
3118602190494 3118602190532 1034 
3118602190494 3118602190494 0 
3118602190494 3118602190869 2602 
3118602190494 3118602190605 3502 
3118602190494 3118602190109 4116 
3118602190494 3118607116306 2259 
3118602190494 3118602190931 2018 
3118602190494 3118602190923 3779 
3118602190494 3118602190893 4594 
3118602190494 3118602190486 3378 
3118602190494 3118602190915 4897 
3118602190494 3118602190222 3543 
3118602190494 3118604696077 7449 
3118602190494 3118602191024 8667 
3118602190494 3118602190478 9208 
3118602190494 3118602190389 9635 
3118602190494 3118607110316 9735 
3118602190494 3118602220261 7618 
3118602190494 3118602190397 9127 
3118602190494 3118602190176 6496 
3118602190494 3118602191059 7334 
3118602190494 3118602191040 8669 
3118602190494 3118602190451 11551 
3118602190494 3118602190206 11845 
3118602190494 3118602190966 12834 
3118602190494 3118602190400 10948 
3118602190494 3118602190877 11845 
3118602190494 3118602190826 13698 
3118602190494 3118602190729 15540 
3118602190494 3118602190656 15540 
3118602190494 3118602190834 15451 
3118602190494 3118602190710 14808 
3118602190494 3118602190796 15246 
3118602190494 3118602190648 15683 
3118602190494 3118602190818 13069 
3118602190494 3118602190885 7351 
3118602190494 3118607053355 12167 
3118602190494 3118602190192 10242 
3118602190494 3118602190214 9892 
3118602190494 3118602190680 10604 
3118602190494 3118602190753 9231 
3118602190494 3118602190141 11314 
3118602190494 3118602220245 7755 
3118602190494 3118602190788 4895 
3118602190494 CLU_2943 3183 
3118602190494 CLU_2961 1891 
3118602190494 CLU_2970 1430 
3118602190494 CLU_2971 957 
3118602190494 CLU_3051 8667 
3118602190494 CLU_3055 7370 
3118602190494 CLU_3060 7374 
3118602190494 CLU_3084 11723 
3118602190494 CLU_3086 14751 
3118602190494 CLU_3087 15195 
3118602190494 CLU_3098 14450 
3118602190494 CLU_3108 9441 
3118602190494 CLU_3121 7283 
3118602190494 CLU_3128 9621 
3118602190494 CLU_3141 10882 
3118602190494 CLU_3143 9815 
3118602190494 CLU_3160 10135 
3118602190494 CLU_3166 9319 
3118602190494 CLU_3176 9355 
3118602190494 CLU_3200 6957 
3118602190494 CLU_3214 5173 
3118602190494 CLU_7923 6896 
3118602190869 3118602190990 3563 
3118602190869 3118602191229 3600 
3118602190869 3118602190591 2776 
3118602190869 3118602190567 1525 
3118602190869 3118602190532 1592 
3118602190869 3118602190494 2602 
3118602190869 3118602190869 0 
3118602190869 3118602190605 1106 
3118602190869 3118602190109 1513 
3118602190869 3118607116306 3326 
3118602190869 3118602190931 2994 
3118602190869 3118602190923 3704 
3118602190869 3118602190893 5277 
3118602190869 3118602190486 2790 
3118602190869 3118602190915 5205 
3118602190869 3118602190222 4238 
3118602190869 3118604696077 4942 
3118602190869 3118602191024 6236 
3118602190869 3118602190478 6776 
3118602190869 3118602190389 7156 
3118602190869 3118607110316 7136 
3118602190869 3118602220261 5201 
3118602190869 3118602190397 6587 
3118602190869 3118602190176 3925 
3118602190869 3118602191059 4996 
3118602190869 3118602191040 6514 
3118602190869 3118602190451 9066 
3118602190869 3118602190206 9330 
3118602190869 3118602190966 10262 
3118602190869 3118602190400 8429 
3118602190869 3118602190877 9330 
3118602190869 3118602190826 11354 
3118602190869 3118602190729 13480 
3118602190869 3118602190656 13480 
3118602190869 3118602190834 13338 
3118602190869 3118602190710 12913 
3118602190869 3118602190796 13284 
3118602190869 3118602190648 13685 
3118602190869 3118602190818 10750 
3118602190869 3118602190885 5007 
3118602190869 3118607053355 9578 
3118602190869 3118602190192 9669 
3118602190869 3118602190214 9127 
3118602190869 3118602190680 9457 
3118602190869 3118602190753 7392 
3118602190869 3118602190141 9880 
3118602190869 3118602220245 6545 
3118602190869 3118602190788 3563 
3118602190869 CLU_2943 2502 
3118602190869 CLU_2961 771 
3118602190869 CLU_2970 1525 
3118602190869 CLU_2971 1958 
3118602190869 CLU_3051 6236 
3118602190869 CLU_3055 4775 
3118602190869 CLU_3060 4773 
3118602190869 CLU_3084 9162 
3118602190869 CLU_3086 12525 
3118602190869 CLU_3087 13034 
3118602190869 CLU_3098 12403 
3118602190869 CLU_3108 7860 
3118602190869 CLU_3121 6737 
3118602190869 CLU_3128 9327 
3118602190869 CLU_3141 9963 
3118602190869 CLU_3143 8825 
3118602190869 CLU_3160 9016 
3118602190869 CLU_3166 7764 
3118602190869 CLU_3176 8045 
3118602190869 CLU_3200 5911 
3118602190869 CLU_3214 4708 
3118602190869 CLU_7923 4844 
3118602190605 3118602190990 4200 
3118602190605 3118602191229 4349 
3118602190605 3118602190591 3610 
3118602190605 3118602190567 2632 
3118602190605 3118602190532 2572 
3118602190605 3118602190494 3502 
3118602190605 3118602190869 1106 
3118602190605 3118602190605 0 
3118602190605 3118602190109 1010 
3118602190605 3118607116306 3599 
3118602190605 3118602190931 3304 
3118602190605 3118602190923 3419 
3118602190605 3118602190893 5149 
3118602190605 3118602190486 2440 
3118602190605 3118602190915 4922 
3118602190605 3118602190222 4216 
3118602190605 3118604696077 4519 
3118602190605 3118602191024 5892 
3118602190605 3118602190478 6418 
3118602190605 3118602190389 6723 
3118602190605 3118607110316 6412 
3118602190605 3118602220261 4910 
3118602190605 3118602190397 6055 
3118602190605 3118602190176 3390 
3118602190605 3118602191059 4813 
3118602190605 3118602191040 6459 
3118602190605 3118602190451 8597 
3118602190605 3118602190206 8812 
3118602190605 3118602190966 9621 
3118602190605 3118602190400 7912 
3118602190605 3118602190877 8812 
3118602190605 3118602190826 10282 
3118602190605 3118602190729 12374 
3118602190605 3118602190656 12374 
3118602190605 3118602190834 12233 
3118602190605 3118602190710 11810 
3118602190605 3118602190796 12178 
3118602190605 3118602190648 12578 
3118602190605 3118602190818 9671 
3118602190605 3118602190885 3925 
3118602190605 3118607053355 8890 
3118602190605 3118602190192 10372 
3118602190605 3118602190214 9770 
3118602190605 3118602190680 9940 
3118602190605 3118602190753 7550 
3118602190605 3118602190141 10220 
3118602190605 3118602220245 7071 
3118602190605 3118602190788 4200 
3118602190605 CLU_2943 3468 
3118602190605 CLU_2961 1841 
3118602190605 CLU_2970 2176 
3118602190605 CLU_2971 2685 
3118602190605 CLU_3051 5892 
3118602190605 CLU_3055 4114 
3118602190605 CLU_3060 3983 
3118602190605 CLU_3084 8556 
3118602190605 CLU_3086 11430 
3118602190605 CLU_3087 11932 
3118602190605 CLU_3098 11296 
3118602190605 CLU_3108 6814 
3118602190605 CLU_3121 7506 
3118602190605 CLU_3128 10122 
3118602190605 CLU_3141 10534 
3118602190605 CLU_3143 9386 
3118602190605 CLU_3160 9520 
3118602190605 CLU_3166 8083 
3118602190605 CLU_3176 8482 
3118602190605 CLU_3200 6530 
3118602190605 CLU_3214 5571 
3118602190605 CLU_7923 3742 
3118602190109 3118602190990 3526 
3118602190109 3118602191229 3770 
3118602190109 3118602190591 3163 
3118602190109 3118602190567 2839 
3118602190109 3118602190532 3101 
3118602190109 3118602190494 4116 
3118602190109 3118602190869 1513 
3118602190109 3118602190605 1010 
3118602190109 3118602190109 0 
3118602190109 3118607116306 4552 
3118602190109 3118602190931 4243 
3118602190109 3118602190923 4423 
3118602190109 3118602190893 6159 
3118602190109 3118602190486 3444 
3118602190109 3118602190915 5920 
3118602190109 3118602190222 5223 
3118602190109 3118604696077 3552 
3118602190109 3118602191024 4908 
3118602190109 3118602190478 5439 
3118602190109 3118602190389 5768 
3118602190109 3118607110316 5627 
3118602190109 3118602220261 3911 
3118602190109 3118602190397 5141 
3118602190109 3118602190176 2463 
3118602190109 3118602191059 3804 
3118602190109 3118602191040 5451 
3118602190109 3118602190451 7659 
3118602190109 3118602190206 7897 
3118602190109 3118602190966 8777 
3118602190109 3118602190400 6995 
3118602190109 3118602190877 7897 
3118602190109 3118602190826 10045 
3118602190109 3118602190729 12372 
3118602190109 3118602190656 12372 
3118602190109 3118602190834 12191 
3118602190109 3118602190710 11928 
3118602190109 3118602190796 12247 
3118602190109 3118602190648 12619 
3118602190109 3118602190818 9465 
3118602190109 3118602190885 3797 
3118602190109 3118607053355 8078 
3118602190109 3118602190192 9656 
3118602190109 3118602190214 9012 
3118602190109 3118602190680 9078 
3118602190109 3118602190753 6572 
3118602190109 3118602190141 9291 
3118602190109 3118602220245 6254 
3118602190109 3118602190788 3526 
3118602190109 CLU_2943 3206 
3118602190109 CLU_2961 2256 
3118602190109 CLU_2970 2951 
3118602190109 CLU_2971 3428 
3118602190109 CLU_3051 4908 
3118602190109 CLU_3055 3273 
3118602190109 CLU_3060 3262 
3118602190109 CLU_3084 7688 
3118602190109 CLU_3086 11301 
3118602190109 CLU_3087 11854 
3118602190109 CLU_3098 11312 
3118602190109 CLU_3108 7211 
3118602190109 CLU_3121 6875 
3118602190109 CLU_3128 9494 
3118602190109 CLU_3141 9722 
3118602190109 CLU_3143 8574 
3118602190109 CLU_3160 8671 
3118602190109 CLU_3166 7154 
3118602190109 CLU_3176 7604 
3118602190109 CLU_3200 5783 
3118602190109 CLU_3214 5078 
3118602190109 CLU_7923 3954 
3118607116306 3118602190990 6600 
3118607116306 3118602191229 6475 
3118607116306 3118602190591 5599 
3118607116306 3118602190567 3528 
3118607116306 3118602190532 2576 
3118607116306 3118602190494 2259 
3118607116306 3118602190869 3326 
3118607116306 3118602190605 3599 
3118607116306 3118602190109 4552 
3118607116306 3118607116306 0 
3118607116306 3118602190931 337 
3118607116306 3118602190923 1771 
3118607116306 3118602190893 2345 
3118607116306 3118602190486 1900 
3118607116306 3118602190915 2650 
3118607116306 3118602190222 1283 
3118607116306 3118604696077 8103 
3118607116306 3118602191024 9458 
3118607116306 3118602190478 9990 
3118607116306 3118602190389 10315 
3118607116306 3118607110316 9941 
3118607116306 3118602220261 8448 
3118607116306 3118602190397 9654 
3118607116306 3118602190176 6988 
3118607116306 3118602191059 8288 
3118607116306 3118602191040 9838 
3118607116306 3118602190451 12195 
3118607116306 3118602190206 12410 
3118607116306 3118602190966 13182 
3118607116306 3118602190400 11510 
3118607116306 3118602190877 12410 
3118607116306 3118602190826 12822 
3118607116306 3118602190729 14239 
3118607116306 3118602190656 14239 
3118607116306 3118602190834 14214 
3118607116306 3118602190710 13348 
3118607116306 3118602190796 13847 
3118607116306 3118602190648 14313 
3118607116306 3118602190818 12163 
3118607116306 3118602190885 6720 
3118607116306 3118607053355 12427 
3118607116306 3118602190192 12341 
3118607116306 3118602190214 11927 
3118607116306 3118602190680 12490 
3118607116306 3118602190753 10689 
3118607116306 3118602190141 13055 
3118607116306 3118602220245 9584 
3118607116306 3118602190788 6600 
3118607116306 CLU_2943 5059 
3118607116306 CLU_2961 3039 
3118607116306 CLU_2970 1897 
3118607116306 CLU_2971 1747 
3118607116306 CLU_3051 9458 
3118607116306 CLU_3055 7696 
3118607116306 CLU_3060 7496 
3118607116306 CLU_3084 12136 
3118607116306 CLU_3086 13671 
3118607116306 CLU_3087 14022 
3118607116306 CLU_3098 13154 
3118607116306 CLU_3108 7846 
3118607116306 CLU_3121 9361 
3118607116306 CLU_3128 11788 
3118607116306 CLU_3141 12867 
3118607116306 CLU_3143 11764 
3118607116306 CLU_3160 12031 
3118607116306 CLU_3166 10975 
3118607116306 CLU_3176 11151 
3118607116306 CLU_3200 8848 
3118607116306 CLU_3214 7233 
3118607116306 CLU_7923 5910 
3118602190931 3118602190990 6266 
3118602190931 3118602191229 6145 
3118602190931 3118602190591 5268 
3118602190931 3118602190567 3204 
3118602190931 3118602190532 2257 
3118602190931 3118602190494 2018 
3118602190931 3118602190869 2994 
3118602190931 3118602190605 3304 
3118602190931 3118602190109 4243 
3118602190931 3118607116306 337 
3118602190931 3118602190931 0 
3118602190931 3118602190923 1846 
3118602190931 3118602190893 2632 
3118602190931 3118602190486 1795 
3118602190931 3118602190915 2881 
3118602190931 3118602190222 1550 
3118602190931 3118604696077 7796 
3118602190931 3118602191024 9145 
3118602190931 3118602190478 9679 
3118602190931 3118602190389 10011 
3118602190931 3118607110316 9673 
3118602190931 3118602220261 8131 
3118602190931 3118602190397 9358 
3118602190931 3118602190176 6688 
3118602190931 3118602191059 7965 
3118602190931 3118602191040 9508 
3118602190931 3118602190451 11895 
3118602190931 3118602190206 12116 
3118602190931 3118602190966 12907 
3118602190931 3118602190400 11215 
3118602190931 3118602190877 12116 
3118602190931 3118602190826 12693 
3118602190931 3118602190729 14185 
3118602190931 3118602190656 14185 
3118602190931 3118602190834 14148 
3118602190931 3118602190710 13325 
3118602190931 3118602190796 13811 
3118602190931 3118602190648 14272 
3118602190931 3118602190818 12038 
3118602190931 3118602190885 6536 
3118602190931 3118607053355 12159 
3118602190931 3118602190192 12029 
3118602190931 3118602190214 11607 
3118602190931 3118602190680 12159 
3118602190931 3118602190753 10352 
3118602190931 3118602190141 12719 
3118602190931 3118602220245 9252 
3118602190931 3118602190788 6266 
3118602190931 CLU_2943 4735 
3118602190931 CLU_2961 2702 
3118602190931 CLU_2970 1560 
3118602190931 CLU_2971 1430 
3118602190931 CLU_3051 9145 
3118602190931 CLU_3055 7411 
3118602190931 CLU_3060 7229 
3118602190931 CLU_3084 11853 
3118602190931 CLU_3086 13576 
3118602190931 CLU_3087 13945 
3118602190931 CLU_3098 13097 
3118602190931 CLU_3108 7842 
3118602190931 CLU_3121 9047 
3118602190931 CLU_3128 11488 
3118602190931 CLU_3141 12542 
3118602190931 CLU_3143 11437 
3118602190931 CLU_3160 11700 
3118602190931 CLU_3166 10638 
3118602190931 CLU_3176 10817 
3118602190931 CLU_3200 8519 
3118602190931 CLU_3214 6920 
3118602190931 CLU_7923 5775 
3118602190923 3118602190990 7261 
3118602190923 3118602191229 7256 
3118602190923 3118602190591 6397 
3118602190923 3118602190567 4528 
3118602190923 3118602190532 3700 
3118602190923 3118602190494 3779 
3118602190923 3118602190869 3704 
3118602190923 3118602190605 3419 
3118602190923 3118602190109 4423 
3118602190923 3118607116306 1771 
3118602190923 3118602190931 1846 
3118602190923 3118602190923 0 
3118602190923 3118602190893 1776 
3118602190923 3118602190486 979 
3118602190923 3118602190915 1514 
3118602190923 3118602190222 1147 
3118602190923 3118604696077 7792 
3118602190923 3118602191024 9192 
3118602190923 3118602190478 9697 
3118602190923 3118602190389 9930 
3118602190923 3118607110316 9205 
3118602190923 3118602220261 8258 
3118602190923 3118602190397 9171 
3118602190923 3118602190176 6620 
3118602190923 3118602191059 8207 
3118602190923 3118602191040 9873 
3118602190923 3118602190451 11729 
3118602190923 3118602190206 11878 
3118602190923 3118602190966 12470 
3118602190923 3118602190400 10997 
3118602190923 3118602190877 11878 
3118602190923 3118602190826 11336 
3118602190923 3118602190729 12560 
3118602190923 3118602190656 12560 
3118602190923 3118602190834 12557 
3118602190923 3118602190710 11623 
3118602190923 3118602190796 12137 
3118602190923 3118602190648 12611 
3118602190923 3118602190818 10668 
3118602190923 3118602190885 5528 
3118602190923 3118607053355 11666 
3118602190923 3118602190192 13299 
3118602190923 3118602190214 12796 
3118602190923 3118602190680 13161 
3118602190923 3118602190753 10955 
3118602190923 3118602190141 13554 
3118602190923 3118602220245 10249 
3118602190923 3118602190788 7261 
3118602190923 CLU_2943 5980 
3118602190923 CLU_2961 3788 
3118602190923 CLU_2970 2810 
3118602190923 CLU_2971 2975 
3118602190923 CLU_3051 9192 
3118602190923 CLU_3055 7151 
3118602190923 CLU_3060 6808 
3118602190923 CLU_3084 11493 
3118602190923 CLU_3086 12081 
3118602190923 CLU_3087 12392 
3118602190923 CLU_3098 11480 
3118602190923 CLU_3108 6107 
3118602190923 CLU_3121 10331 
3118602190923 CLU_3128 12867 
3118602190923 CLU_3141 13657 
3118602190923 CLU_3143 12522 
3118602190923 CLU_3160 12720 
3118602190923 CLU_3166 11426 
3118602190923 CLU_3176 11744 
3118602190923 CLU_3200 9602 
3118602190923 CLU_3214 8232 
3118602190923 CLU_7923 4519 
3118602190893 3118602190990 8764 
3118602190893 3118602191229 8695 
3118602190893 3118602190591 7819 
3118602190893 3118602190567 5803 
3118602190893 3118602190532 4874 
3118602190893 3118602190494 4594 
3118602190893 3118602190869 5277 
3118602190893 3118602190605 5149 
3118602190893 3118602190109 6159 
3118602190893 3118607116306 2345 
3118602190893 3118602190931 2632 
3118602190893 3118602190923 1776 
3118602190893 3118602190893 0 
3118602190893 3118602190486 2732 
3118602190893 3118602190915 743 
3118602190893 3118602190222 1091 
3118602190893 3118604696077 9566 
3118602190893 3118602191024 10964 
3118602190893 3118602190478 11472 
3118602190893 3118602190389 11706 
3118602190893 3118607110316 10947 
3118602190893 3118602220261 10023 
3118602190893 3118602190397 10945 
3118602190893 3118602190176 8395 
3118602190893 3118602191059 9958 
3118602190893 3118602191040 11607 
3118602190893 3118602190451 13502 
3118602190893 3118602190206 13645 
3118602190893 3118602190966 14208 
3118602190893 3118602190400 12767 
3118602190893 3118602190877 13645 
3118602190893 3118602190826 12605 
3118602190893 3118602190729 13463 
3118602190893 3118602190656 13463 
3118602190893 3118602190834 13519 
3118602190893 3118602190710 12383 
3118602190893 3118602190796 12950 
3118602190893 3118602190648 13446 
3118602190893 3118602190818 11932 
3118602190893 3118602190885 7138 
3118602190893 3118607053355 13394 
3118602190893 3118602190192 14644 
3118602190893 3118602190214 14200 
3118602190893 3118602190680 14681 
3118602190893 3118602190753 12634 
3118602190893 3118602190141 15156 
3118602190893 3118602220245 11764 
3118602190893 3118602190788 8764 
3118602190893 CLU_2943 7324 
3118602190893 CLU_2961 5195 
3118602190893 CLU_2970 4087 
3118602190893 CLU_2971 4054 
3118602190893 CLU_3051 10964 
3118602190893 CLU_3055 8924 
3118602190893 CLU_3060 8567 
3118602190893 CLU_3084 13246 
3118602190893 CLU_3086 13185 
3118602190893 CLU_3087 13413 
3118602190893 CLU_3098 12409 
3118602190893 CLU_3108 6910 
3118602190893 CLU_3121 11662 
3118602190893 CLU_3128 14119 
3118602190893 CLU_3141 15112 
3118602190893 CLU_3143 13993 
3118602190893 CLU_3160 14229 
3118602190893 CLU_3166 13042 
3118602190893 CLU_3176 13299 
3118602190893 CLU_3200 11068 
3118602190893 CLU_3214 9536 
3118602190893 CLU_7923 6019 
3118602190486 3118602190990 6353 
3118602190486 3118602191229 6379 
3118602190486 3118602190591 5535 
3118602190486 3118602190567 3782 
3118602190486 3118602190532 3058 
3118602190486 3118602190494 3378 
3118602190486 3118602190869 2790 
3118602190486 3118602190605 2440 
3118602190486 3118602190109 3444 
3118602190486 3118607116306 1900 
3118602190486 3118602190931 1795 
3118602190486 3118602190923 979 
3118602190486 3118602190893 2732 
3118602190486 3118602190486 0 
3118602190486 3118602190915 2485 
3118602190486 3118602190222 1914 
3118602190486 3118604696077 6837 
3118602190486 3118602191024 8234 
3118602190486 3118602190478 8744 
3118602190486 3118602190389 8991 
3118602190486 3118607110316 8350 
3118602190486 3118602220261 7290 
3118602190486 3118602190397 8249 
3118602190486 3118602190176 5668 
3118602190486 3118602191059 7232 
3118602190486 3118602191040 8894 
3118602190486 3118602190451 10809 
3118602190486 3118602190206 10973 
3118602190486 3118602190966 11616 
3118602190486 3118602190400 10086 
3118602190486 3118602190877 10973 
3118602190486 3118602190826 10922 
3118602190486 3118602190729 12397 
3118602190486 3118602190656 12397 
3118602190486 3118602190834 12355 
3118602190486 3118602190710 11560 
3118602190486 3118602190796 12036 
3118602190486 3118602190648 12492 
3118602190486 3118602190818 10263 
3118602190486 3118602190885 4870 
3118602190486 3118607053355 10825 
3118602190486 3118602190192 12442 
3118602190486 3118602190214 11914 
3118602190486 3118602190680 12232 
3118602190486 3118602190753 9980 
3118602190486 3118602190141 12598 
3118602190486 3118602220245 9327 
3118602190486 3118602190788 6353 
3118602190486 CLU_2943 5164 
3118602190486 CLU_2961 2979 
3118602190486 CLU_2970 2157 
3118602190486 CLU_2971 2462 
3118602190486 CLU_3051 8234 
3118602190486 CLU_3055 6236 
3118602190486 CLU_3060 5928 
3118602190486 CLU_3084 10616 
3118602190486 CLU_3086 11783 
3118602190486 CLU_3087 12150 
3118602190486 CLU_3098 11308 
3118602190486 CLU_3108 6111 
3118602190486 CLU_3121 9490 
3118602190486 CLU_3128 12054 
3118602190486 CLU_3141 12753 
3118602190486 CLU_3143 11613 
3118602190486 CLU_3160 11796 
3118602190486 CLU_3166 10467 
3118602190486 CLU_3176 10804 
3118602190486 CLU_3200 8702 
3118602190486 CLU_3214 7415 
3118602190486 CLU_7923 4011 
3118602190915 3118602190990 8751 
3118602190915 3118602191229 8726 
3118602190915 3118602190591 7859 
3118602190915 3118602190567 5917 
3118602190915 3118602190532 5030 
3118602190915 3118602190494 4897 
3118602190915 3118602190869 5205 
3118602190915 3118602190605 4922 
3118602190915 3118602190109 5920 
3118602190915 3118607116306 2650 
3118602190915 3118602190931 2881 
3118602190915 3118602190923 1514 
3118602190915 3118602190893 743 
3118602190915 3118602190486 2485 
3118602190915 3118602190915 0 
3118602190915 3118602190222 1386 
3118602190915 3118604696077 9222 
3118602190915 3118602191024 10624 
3118602190915 3118602190478 11119 
3118602190915 3118602190389 11322 
3118602190915 3118607110316 10456 
3118602190915 3118602220261 9714 
3118602190915 3118602190397 10534 
3118602190915 3118602190176 8045 
3118602190915 3118602191059 9685 
3118602190915 3118602191040 11363 
3118602190915 3118602190451 13082 
3118602190915 3118602190206 13203 
3118602190915 3118602190966 13706 
3118602190915 3118602190400 12335 
3118602190915 3118602190877 13203 
3118602190915 3118602190826 11893 
3118602190915 3118602190729 12720 
3118602190915 3118602190656 12720 
3118602190915 3118602190834 12777 
3118602190915 3118602190710 11641 
3118602190915 3118602190796 12207 
3118602190915 3118602190648 12702 
3118602190915 3118602190818 11220 
3118602190915 3118602190885 6550 
3118602190915 3118607053355 12880 
3118602190915 3118602190192 14741 
3118602190915 3118602190214 14260 
3118602190915 3118602190680 14660 
3118602190915 3118602190753 12466 
3118602190915 3118602190141 15067 
3118602190915 3118602220245 11746 
3118602190915 3118602190788 8751 
3118602190915 CLU_2943 7409 
3118602190915 CLU_2961 5232 
3118602190915 CLU_2970 4181 
3118602190915 CLU_2971 4240 
3118602190915 CLU_3051 10624 
3118602190915 CLU_3055 8513 
3118602190915 CLU_3060 8115 
3118602190915 CLU_3084 12771 
3118602190915 CLU_3086 12452 
3118602190915 CLU_3087 12673 
3118602190915 CLU_3098 11667 
3118602190915 CLU_3108 6167 
3118602190915 CLU_3121 11765 
3118602190915 CLU_3128 14269 
3118602190915 CLU_3141 15139 
3118602190915 CLU_3143 14008 
3118602190915 CLU_3160 14216 
3118602190915 CLU_3166 12940 
3118602190915 CLU_3176 13250 
3118602190915 CLU_3200 11084 
3118602190915 CLU_3214 9650 
3118602190915 CLU_7923 5389 
3118602190222 3118602190990 7689 
3118602190222 3118602191229 7610 
3118602190222 3118602190591 6734 
3118602190222 3118602190567 4711 
3118602190222 3118602190532 3783 
3118602190222 3118602190494 3543 
3118602190222 3118602190869 4238 
3118602190222 3118602190605 4216 
3118602190222 3118602190109 5223 
3118602190222 3118607116306 1283 
3118602190222 3118602190931 1550 
3118602190222 3118602190923 1147 
3118602190222 3118602190893 1091 
3118602190222 3118602190486 1914 
3118602190222 3118602190915 1386 
3118602190222 3118602190222 0 
3118602190222 3118604696077 8703 
3118602190222 3118602191024 10092 
3118602190222 3118602190478 10610 
3118602190222 3118602190389 10879 
3118602190222 3118607110316 10264 
3118602190222 3118602220261 9123 
3118602190222 3118602190397 10151 
3118602190222 3118602190176 7545 
3118602190222 3118602191059 9026 
3118602190222 3118602191040 10648 
3118602190222 3118602190451 12711 
3118602190222 3118602190206 12882 
3118602190222 3118602190966 13529 
3118602190222 3118602190400 11993 
3118602190222 3118602190877 12882 
3118602190222 3118602190826 12464 
3118602190222 3118602190729 13597 
3118602190222 3118602190656 13597 
3118602190222 3118602190834 13613 
3118602190222 3118602190710 12610 
3118602190222 3118602190796 13143 
3118602190222 3118602190648 13626 
3118602190222 3118602190818 11795 
3118602190222 3118602190885 6666 
3118602190222 3118607053355 12736 
3118602190222 3118602190192 13552 
3118602190222 3118602190214 13110 
3118602190222 3118602190680 13604 
3118602190222 3118602190753 11621 
3118602190222 3118602190141 14101 
3118602190222 3118602220245 10689 
3118602190222 3118602190788 7689 
3118602190222 CLU_2943 6233 
3118602190222 CLU_2961 4115 
3118602190222 CLU_2970 2998 
3118602190222 CLU_2971 2965 
3118602190222 CLU_3051 10092 
3118602190222 CLU_3055 8143 
3118602190222 CLU_3060 7843 
3118602190222 CLU_3084 12531 
3118602190222 CLU_3086 13175 
3118602190222 CLU_3087 13464 
3118602190222 CLU_3098 12524 
3118602190222 CLU_3108 7088 
3118602190222 CLU_3121 10570 
3118602190222 CLU_3128 13030 
3118602190222 CLU_3141 14026 
3118602190222 CLU_3143 12909 
3118602190222 CLU_3160 13151 
3118602190222 CLU_3166 11995 
3118602190222 CLU_3176 12232 
3118602190222 CLU_3200 9984 
3118602190222 CLU_3214 8444 
3118602190222 CLU_7923 5666 
3118604696077 3118602190990 4219 
3118604696077 3118602191229 4727 
3118604696077 3118602190591 4792 
3118604696077 3118602190567 5830 
3118604696077 3118602190532 6416 
3118604696077 3118602190494 7449 
3118604696077 3118602190869 4942 
3118604696077 3118602190605 4519 
3118604696077 3118602190109 3552 
3118604696077 3118607116306 8103 
3118604696077 3118602190931 7796 
3118604696077 3118602190923 7792 
3118604696077 3118602190893 9566 
3118604696077 3118602190486 6837 
3118604696077 3118602190915 9222 
3118604696077 3118602190222 8703 
3118604696077 3118604696077 0 
3118604696077 3118602191024 1402 
3118604696077 3118602190478 1907 
3118604696077 3118602190389 2218 
3118604696077 3118607110316 2728 
3118604696077 3118602220261 698 
3118604696077 3118602190397 1703 
3118604696077 3118602190176 1176 
3118604696077 3118602191059 1104 
3118604696077 3118602191040 2584 
3118604696077 3118602190451 4123 
3118604696077 3118602190206 4396 
3118604696077 3118602190966 5445 
3118604696077 3118602190400 3499 
3118604696077 3118602190877 4396 
3118604696077 3118602190826 8823 
3118604696077 3118602190729 11830 
3118604696077 3118602190656 11830 
3118604696077 3118602190834 11521 
3118604696077 3118602190710 11831 
3118604696077 3118602190796 11962 
3118604696077 3118602190648 12215 
3118604696077 3118602190818 8405 
3118604696077 3118602190885 4275 
3118604696077 3118607053355 4871 
3118604696077 3118602190192 8845 
3118604696077 3118602190214 8027 
3118604696077 3118602190680 7458 
3118604696077 3118602190753 4180 
3118604696077 3118602190141 7148 
3118604696077 3118602220245 5301 
3118604696077 3118602190788 4219 
3118604696077 CLU_2943 5285 
3118604696077 CLU_2961 5567 
3118604696077 CLU_2970 6456 
3118604696077 CLU_2971 6900 
3118604696077 CLU_3051 1402 
3118604696077 CLU_3055 1166 
3118604696077 CLU_3060 1852 
3118604696077 CLU_3084 4312 
3118604696077 CLU_3086 10374 
3118604696077 CLU_3087 11074 
3118604696077 CLU_3098 10897 
3118604696077 CLU_3108 8454 
3118604696077 CLU_3121 6802 
3118604696077 CLU_3128 9120 
3118604696077 CLU_3141 8365 
3118604696077 CLU_3143 7317 
3118604696077 CLU_3160 7177 
3118604696077 CLU_3166 5212 
3118604696077 CLU_3176 6017 
3118604696077 CLU_3200 5347 
3118604696077 CLU_3214 5932 
3118604696077 CLU_7923 5324 
3118602191024 3118602190990 4869 
3118602191024 3118602191229 5385 
3118602191024 3118602190591 5649 
3118602191024 3118602190567 6978 
3118602191024 3118602190532 7644 
3118602191024 3118602190494 8667 
3118602191024 3118602190869 6236 
3118602191024 3118602190605 5892 
3118602191024 3118602190109 4908 
3118602191024 3118607116306 9458 
3118602191024 3118602190931 9145 
3118602191024 3118602190923 9192 
3118602191024 3118602190893 10964 
3118602191024 3118602190486 8234 
3118602191024 3118602190915 10624 
3118602191024 3118602190222 10092 
3118602191024 3118604696077 1402 
3118602191024 3118602191024 0 
3118602191024 3118602190478 541 
3118602191024 3118602190389 1041 
3118602191024 3118607110316 2623 
3118602191024 3118602220261 1049 
3118602191024 3118602190397 1174 
3118602191024 3118602190176 2578 
3118602191024 3118602191059 1422 
3118602191024 3118602191040 1714 
3118602191024 3118602190451 2913 
3118602191024 3118602190206 3269 
3118602191024 3118602190966 4532 
3118602191024 3118602190400 2427 
3118602191024 3118602190877 3269 
3118602191024 3118602190826 9120 
3118602191024 3118602190729 12316 
3118602191024 3118602190656 12316 
3118602191024 3118602190834 11963 
3118602191024 3118602190710 12477 
3118602191024 3118602190796 12538 
3118602191024 3118602190648 12744 
3118602191024 3118602190818 8788 
3118602191024 3118602190885 5428 
3118602191024 3118607053355 4130 
3118602191024 3118602190192 8478 
3118602191024 3118602190214 7624 
3118602191024 3118602190680 6799 
3118602191024 3118602190753 3370 
3118602191024 3118602190141 6260 
3118602191024 3118602220245 5122 
3118602191024 3118602190788 4869 
3118602191024 CLU_2943 6219 
3118602191024 CLU_2961 6812 
3118602191024 CLU_2970 7761 
3118602191024 CLU_2971 8184 
3118602191024 CLU_3051 0 
3118602191024 CLU_3055 2335 
3118602191024 CLU_3060 2975 
3118602191024 CLU_3084 3400 
3118602191024 CLU_3086 10743 
3118602191024 CLU_3087 11484 
3118602191024 CLU_3098 11451 
3118602191024 CLU_3108 9566 
3118602191024 CLU_3121 6860 
3118602191024 CLU_3128 8925 
3118602191024 CLU_3141 7783 
3118602191024 CLU_3143 6830 
3118602191024 CLU_3160 6591 
3118602191024 CLU_3166 4548 
3118602191024 CLU_3176 5464 
3118602191024 CLU_3200 5393 
3118602191024 CLU_3214 6419 
3118602191024 CLU_7923 6570 
3118602190478 3118602190990 5344 
3118602190478 3118602191229 5858 
3118602190478 3118602190591 6155 
3118602190478 3118602190567 7515 
3118602190478 3118602190532 8186 
3118602190478 3118602190494 9208 
3118602190478 3118602190869 6776 
3118602190478 3118602190605 6418 
3118602190478 3118602190109 5439 
3118602190478 3118607116306 9990 
3118602190478 3118602190931 9679 
3118602190478 3118602190923 9697 
3118602190478 3118602190893 11472 
3118602190478 3118602190486 8744 
3118602190478 3118602190915 11119 
3118602190478 3118602190222 10610 
3118602190478 3118604696077 1907 
3118602190478 3118602191024 541 
3118602190478 3118602190478 0 
3118602190478 3118602190389 600 
3118602190478 3118607110316 2551 
3118602190478 3118602220261 1590 
3118602190478 3118602190397 1141 
3118602190478 3118602190176 3077 
3118602190478 3118602191059 1937 
3118602190478 3118602191040 1824 
3118602190478 3118602190451 2386 
3118602190478 3118602190206 2762 
3118602190478 3118602190966 4079 
3118602190478 3118602190400 1952 
3118602190478 3118602190877 2762 
3118602190478 3118602190826 9061 
3118602190478 3118602190729 12316 
3118602190478 3118602190656 12316 
3118602190478 3118602190834 11948 
3118602190478 3118602190710 12543 
3118602190478 3118602190796 12575 
3118602190478 3118602190648 12760 
3118602190478 3118602190818 8765 
3118602190478 3118602190885 5757 
3118602190478 3118607053355 3741 
3118602190478 3118602190192 8625 
3118602190478 3118602190214 7762 
3118602190478 3118602190680 6836 
3118602190478 3118602190753 3400 
3118602190478 3118602190141 6189 
3118602190478 3118602220245 5373 
3118602190478 3118602190788 5344 
3118602190478 CLU_2943 6734 
3118602190478 CLU_2961 7353 
3118602190478 CLU_2970 8300 
3118602190478 CLU_2971 8725 
3118602190478 CLU_3051 541 
3118602190478 CLU_3055 2734 
3118602190478 CLU_3060 3334 
3118602190478 CLU_3084 2962 
3118602190478 CLU_3086 10704 
3118602190478 CLU_3087 11457 
3118602190478 CLU_3098 11482 
3118602190478 CLU_3108 9853 
3118602190478 CLU_3121 7169 
3118602190478 CLU_3128 9133 
3118602190478 CLU_3141 7845 
3118602190478 CLU_3143 6942 
3118602190478 CLU_3160 6662 
3118602190478 CLU_3166 4616 
3118602190478 CLU_3176 5564 
3118602190478 CLU_3200 5714 
3118602190478 CLU_3214 6848 
3118602190478 CLU_7923 6938 
3118602190389 3118602190990 5907 
3118602190389 3118602191229 6423 
3118602190389 3118602190591 6688 
3118602190389 3118602190567 7972 
3118602190389 3118602190532 8606 
3118602190389 3118602190494 9635 
3118602190389 3118602190869 7156 
3118602190389 3118602190605 6723 
3118602190389 3118602190109 5768 
3118602190389 3118607116306 10315 
3118602190389 3118602190931 10011 
3118602190389 3118602190923 9930 
3118602190389 3118602190893 11706 
3118602190389 3118602190486 8991 
3118602190389 3118602190915 11322 
3118602190389 3118602190222 10879 
3118602190389 3118604696077 2218 
3118602190389 3118602191024 1041 
3118602190389 3118602190478 600 
3118602190389 3118602190389 0 
3118602190389 3118607110316 2125 
3118602190389 3118602220261 2054 
3118602190389 3118602190397 902 
3118602190389 3118602190176 3338 
3118602190389 3118602191059 2462 
3118602190389 3118602191040 2393 
3118602190389 3118602190451 1915 
3118602190389 3118602190206 2239 
3118602190389 3118602190966 3498 
3118602190389 3118602190400 1386 
3118602190389 3118602190877 2239 
3118602190389 3118602190826 8589 
3118602190389 3118602190729 11882 
3118602190389 3118602190656 11882 
3118602190389 3118602190834 11503 
3118602190389 3118602190710 12164 
3118602190389 3118602190796 12171 
3118602190389 3118602190648 12339 
3118602190389 3118602190818 8320 
3118602190389 3118602190885 5695 
3118602190389 3118607053355 3141 
3118602190389 3118602190192 9176 
3118602190389 3118602190214 8311 
3118602190389 3118602190680 7333 
3118602190389 3118602190753 3913 
3118602190389 3118602190141 6616 
3118602190389 3118602220245 5963 
3118602190389 3118602190788 5907 
3118602190389 CLU_2943 7254 
3118602190389 CLU_2961 7764 
3118602190389 CLU_2970 8673 
3118602190389 CLU_2971 9113 
3118602190389 CLU_3051 1041 
3118602190389 CLU_3055 2829 
3118602190389 CLU_3060 3352 
3118602190389 CLU_3084 2372 
3118602190389 CLU_3086 10243 
3118602190389 CLU_3087 11005 
3118602190389 CLU_3098 11075 
3118602190389 CLU_3108 9713 
3118602190389 CLU_3121 7767 
3118602190389 CLU_3128 9708 
3118602190389 CLU_3141 8355 
3118602190389 CLU_3143 7480 
3118602190389 CLU_3160 7180 
3118602190389 CLU_3166 5140 
3118602190389 CLU_3176 6100 
3118602190389 CLU_3200 6313 
3118602190389 CLU_3214 7435 
3118602190389 CLU_7923 6922 
3118607110316 3118602190990 6948 
3118607110316 3118602191229 7455 
3118607110316 3118602190591 7483 
3118607110316 3118602190567 8275 
3118607110316 3118602190532 8709 
3118607110316 3118602190494 9735 
3118607110316 3118602190869 7136 
3118607110316 3118602190605 6412 
3118607110316 3118602190109 5627 
3118607110316 3118607116306 9941 
3118607110316 3118602190931 9673 
3118607110316 3118602190923 9205 
3118607110316 3118602190893 10947 
3118607110316 3118602190486 8350 
3118607110316 3118602190915 10456 
3118607110316 3118602190222 10264 
3118607110316 3118604696077 2728 
3118607110316 3118602191024 2623 
3118607110316 3118602190478 2551 
3118607110316 3118602190389 2125 
3118607110316 3118607110316 0 
3118607110316 3118602220261 3109 
3118607110316 3118602190397 1452 
3118607110316 3118602190176 3295 
3118607110316 3118602191059 3632 
3118607110316 3118602191040 4320 
3118607110316 3118602190451 2956 
3118607110316 3118602190206 2899 
3118607110316 3118602190966 3266 
3118607110316 3118602190400 2185 
3118607110316 3118602190877 2899 
3118607110316 3118602190826 6515 
3118607110316 3118602190729 9769 
3118607110316 3118602190656 9769 
3118607110316 3118602190834 9397 
3118607110316 3118602190710 10040 
3118607110316 3118602190796 10047 
3118607110316 3118602190648 10220 
3118607110316 3118602190818 6215 
3118607110316 3118602190885 4193 
3118607110316 3118607053355 2486 
3118607110316 3118602190192 11102 
3118607110316 3118602190214 10247 
3118607110316 3118602190680 9381 
3118607110316 3118602190753 5943 
3118607110316 3118602190141 8728 
3118607110316 3118602220245 7712 
3118607110316 3118602190788 6948 
3118607110316 CLU_2943 7935 
3118607110316 CLU_2961 7853 
3118607110316 CLU_2970 8554 
3118607110316 CLU_2971 9045 
3118607110316 CLU_3051 2623 
3118607110316 CLU_3055 2370 
3118607110316 CLU_3060 2444 
3118607110316 CLU_3084 2328 
3118607110316 CLU_3086 8153 
3118607110316 CLU_3087 8906 
3118607110316 CLU_3098 8951 
3118607110316 CLU_3108 7899 
3118607110316 CLU_3121 9377 
3118607110316 CLU_3128 11532 
3118607110316 CLU_3141 10382 
3118607110316 CLU_3143 9449 
3118607110316 CLU_3160 9194 
3118607110316 CLU_3166 7147 
3118607110316 CLU_3176 8078 
3118607110316 CLU_3200 7906 
3118607110316 CLU_3214 8653 
3118607110316 CLU_7923 5489 
3118602220261 3118602190990 3952 
3118602220261 3118602191229 4469 
3118602220261 3118602190591 4660 
3118602220261 3118602190567 5929 
3118602220261 3118602190532 6596 
3118602220261 3118602190494 7618 
3118602220261 3118602190869 5201 
3118602220261 3118602190605 4910 
3118602220261 3118602190109 3911 
3118602220261 3118607116306 8448 
3118602220261 3118602190931 8131 
3118602220261 3118602190923 8258 
3118602220261 3118602190893 10023 
3118602220261 3118602190486 7290 
3118602220261 3118602190915 9714 
3118602220261 3118602190222 9123 
3118602220261 3118604696077 698 
3118602220261 3118602191024 1049 
3118602220261 3118602190478 1590 
3118602220261 3118602190389 2054 
3118602220261 3118607110316 3109 
3118602220261 3118602220261 0 
3118602220261 3118602190397 1834 
3118602220261 3118602190176 1738 
3118602220261 3118602191059 522 
3118602220261 3118602191040 1896 
3118602220261 3118602190451 3955 
3118602220261 3118602190206 4294 
3118602220261 3118602190966 5488 
3118602220261 3118602190400 3428 
3118602220261 3118602190877 4294 
3118602220261 3118602190826 9398 
3118602220261 3118602190729 12459 
3118602220261 3118602190656 12459 
3118602220261 3118602190834 12139 
3118602220261 3118602190710 12493 
3118602220261 3118602190796 12610 
3118602220261 3118602190648 12854 
3118602220261 3118602190818 9003 
3118602220261 3118602190885 4969 
3118602220261 3118607053355 5006 
3118602220261 3118602190192 8212 
3118602220261 3118602190214 7385 
3118602220261 3118602190680 6773 
3118602220261 3118602190753 3482 
3118602220261 3118602190141 6450 
3118602220261 3118602220245 4701 
3118602220261 3118602190788 3952 
3118602220261 CLU_2943 5209 
3118602220261 CLU_2961 5765 
3118602220261 CLU_2970 6727 
3118602220261 CLU_2971 7143 
3118602220261 CLU_3051 1049 
3118602220261 CLU_3055 1863 
3118602220261 CLU_3060 2550 
3118602220261 CLU_3084 4347 
3118602220261 CLU_3086 10972 
3118602220261 CLU_3087 11683 
3118602220261 CLU_3098 11539 
3118602220261 CLU_3108 9148 
3118602220261 CLU_3121 6284 
3118602220261 CLU_3128 8531 
3118602220261 CLU_3141 7691 
3118602220261 CLU_3143 6656 
3118602220261 CLU_3160 6501 
3118602220261 CLU_3166 4522 
3118602220261 CLU_3176 5343 
3118602220261 CLU_3200 4816 
3118602220261 CLU_3214 5590 
3118602220261 CLU_7923 5999 
3118602190397 3118602190990 5784 
3118602190397 3118602191229 6300 
3118602190397 3118602190591 6449 
3118602190397 3118602190567 7530 
3118602190397 3118602190532 8093 
3118602190397 3118602190494 9127 
3118602190397 3118602190869 6587 
3118602190397 3118602190605 6055 
3118602190397 3118602190109 5141 
3118602190397 3118607116306 9654 
3118602190397 3118602190931 9358 
3118602190397 3118602190923 9171 
3118602190397 3118602190893 10945 
3118602190397 3118602190486 8249 
3118602190397 3118602190915 10534 
3118602190397 3118602190222 10151 
3118602190397 3118604696077 1703 
3118602190397 3118602191024 1174 
3118602190397 3118602190478 1141 
3118602190397 3118602190389 902 
3118602190397 3118607110316 1452 
3118602190397 3118602220261 1834 
3118602190397 3118602190397 0 
3118602190397 3118602190176 2677 
3118602190397 3118602191059 2339 
3118602190397 3118602191040 2868 
3118602190397 3118602190451 2560 
3118602190397 3118602190206 2758 
3118602190397 3118602190966 3742 
3118602190397 3118602190400 1856 
3118602190397 3118602190877 2758 
3118602190397 3118602190826 7962 
3118602190397 3118602190729 11189 
3118602190397 3118602190656 11189 
3118602190397 3118602190834 10827 
3118602190397 3118602190710 11402 
3118602190397 3118602190796 11438 
3118602190397 3118602190648 11628 
3118602190397 3118602190818 7647 
3118602190397 3118602190885 4795 
3118602190397 3118607053355 3191 
3118602190397 3118602190192 9651 
3118602190397 3118602190214 8796 
3118602190397 3118602190680 7938 
3118602190397 3118602190753 4500 
3118602190397 3118602190141 7327 
3118602190397 3118602220245 6287 
3118602190397 3118602190788 5784 
3118602190397 CLU_2943 6966 
3118602190397 CLU_2961 7239 
3118602190397 CLU_2970 8083 
3118602190397 CLU_2971 8543 
3118602190397 CLU_3051 1174 
3118602190397 CLU_3055 2022 
3118602190397 CLU_3060 2485 
3118602190397 CLU_3084 2610 
3118602190397 CLU_3086 9594 
3118602190397 CLU_3087 10341 
3118602190397 CLU_3098 10346 
3118602190397 CLU_3108 8814 
3118602190397 CLU_3121 7996 
3118602190397 CLU_3128 10097 
3118602190397 CLU_3141 8934 
3118602190397 CLU_3143 7997 
3118602190397 CLU_3160 7745 
3118602190397 CLU_3166 5698 
3118602190397 CLU_3176 6626 
3118602190397 CLU_3200 6525 
3118602190397 CLU_3214 7421 
3118602190397 CLU_7923 6029 
3118602190176 3118602190990 4003 
3118602190176 3118602191229 4467 
3118602190176 3118602190591 4318 
3118602190176 3118602190567 4984 
3118602190176 3118602190532 5463 
3118602190176 3118602190494 6496 
3118602190176 3118602190869 3925 
3118602190176 3118602190605 3390 
3118602190176 3118602190109 2463 
3118602190176 3118607116306 6988 
3118602190176 3118602190931 6688 
3118602190176 3118602190923 6620 
3118602190176 3118602190893 8395 
3118602190176 3118602190486 5668 
3118602190176 3118602190915 8045 
3118602190176 3118602190222 7545 
3118602190176 3118604696077 1176 
3118602190176 3118602191024 2578 
3118602190176 3118602190478 3077 
3118602190176 3118602190389 3338 
3118602190176 3118607110316 3295 
3118602190176 3118602220261 1738 
3118602190176 3118602190397 2677 
3118602190176 3118602190176 0 
3118602190176 3118602191059 1901 
3118602190176 3118602191040 3593 
3118602190176 3118602190451 5207 
3118602190176 3118602190206 5434 
3118602190176 3118602190966 6340 
3118602190176 3118602190400 4532 
3118602190176 3118602190877 5434 
3118602190176 3118602190826 8722 
3118602190176 3118602190729 11521 
3118602190176 3118602190656 11521 
3118602190176 3118602190834 11253 
3118602190176 3118602190710 11377 
3118602190176 3118602190796 11569 
3118602190176 3118602190648 11864 
3118602190176 3118602190818 8236 
3118602190176 3118602190885 3439 
3118602190176 3118607053355 5676 
3118602190176 3118602190192 9322 
3118602190176 3118602190214 8547 
3118602190176 3118602190680 8171 
3118602190176 3118602190753 5074 
3118602190176 3118602190141 8020 
3118602190176 3118602220245 5736 
3118602190176 3118602190788 4003 
3118602190176 CLU_2943 4702 
3118602190176 CLU_2961 4604 
3118602190176 CLU_2970 5409 
3118602190176 CLU_2971 5875 
3118602190176 CLU_3051 2578 
3118602190176 CLU_3055 961 
3118602190176 CLU_3060 1365 
3118602190176 CLU_3084 5237 
3118602190176 CLU_3086 10184 
3118602190176 CLU_3087 10840 
3118602190176 CLU_3098 10536 
3118602190176 CLU_3108 7581 
3118602190176 CLU_3121 6991 
3118602190176 CLU_3128 9461 
3118602190176 CLU_3141 9009 
3118602190176 CLU_3143 7911 
3118602190176 CLU_3160 7846 
3118602190176 CLU_3166 5983 
3118602190176 CLU_3176 6691 
3118602190176 CLU_3200 5604 
3118602190176 CLU_3214 5778 
3118602190176 CLU_7923 4341 
3118602191059 3118602190990 3470 
3118602191059 3118602191229 3987 
3118602191059 3118602190591 4226 
3118602191059 3118602190567 5611 
3118602191059 3118602190532 6324 
3118602191059 3118602190494 7334 
3118602191059 3118602190869 4996 
3118602191059 3118602190605 4813 
3118602191059 3118602190109 3804 
3118602191059 3118607116306 8288 
3118602191059 3118602190931 7965 
3118602191059 3118602190923 8207 
3118602191059 3118602190893 9958 
3118602191059 3118602190486 7232 
3118602191059 3118602190915 9685 
3118602191059 3118602190222 9026 
3118602191059 3118604696077 1104 
3118602191059 3118602191024 1422 
3118602191059 3118602190478 1937 
3118602191059 3118602190389 2462 
3118602191059 3118607110316 3632 
3118602191059 3118602220261 522 
3118602191059 3118602190397 2339 
3118602191059 3118602190176 1901 
3118602191059 3118602191059 0 
3118602191059 3118602191040 1718 
3118602191059 3118602190451 4323 
3118602191059 3118602190206 4691 
3118602191059 3118602190966 5939 
3118602191059 3118602190400 3848 
3118602191059 3118602190877 4691 
3118602191059 3118602190826 9897 
3118602191059 3118602190729 12931 
3118602191059 3118602190656 12931 
3118602191059 3118602190834 12618 
3118602191059 3118602190710 12934 
3118602191059 3118602190796 13066 
3118602191059 3118602190648 13318 
3118602191059 3118602190818 9492 
3118602191059 3118602190885 5274 
3118602191059 3118607053355 5488 
3118602191059 3118602190192 7742 
3118602191059 3118602190214 6923 
3118602191059 3118602190680 6377 
3118602191059 3118602190753 3179 
3118602191059 3118602190141 6137 
3118602191059 3118602220245 4208 
3118602191059 3118602190788 3470 
3118602191059 CLU_2943 4798 
3118602191059 CLU_2961 5512 
3118602191059 CLU_2970 6518 
3118602191059 CLU_2971 6913 
3118602191059 CLU_3051 1422 
3118602191059 CLU_3055 2240 
3118602191059 CLU_3060 2915 
3118602191059 CLU_3084 4801 
3118602191059 CLU_3086 11461 
3118602191059 CLU_3087 12167 
3118602191059 CLU_3098 12000 
3118602191059 CLU_3108 9445 
3118602191059 CLU_3121 5765 
3118602191059 CLU_3128 8034 
3118602191059 CLU_3141 7270 
3118602191059 CLU_3143 6215 
3118602191059 CLU_3160 6086 
3118602191059 CLU_3166 4145 
3118602191059 CLU_3176 4925 
3118602191059 CLU_3200 4299 
3118602191059 CLU_3214 5082 
3118602191059 CLU_7923 6237 
3118602191040 3118602190990 4186 
3118602191040 3118602191229 4664 
3118602191040 3118602190591 5169 
3118602191040 3118602190567 6891 
3118602191040 3118602190532 7700 
3118602191040 3118602190494 8669 
3118602191040 3118602190869 6514 
3118602191040 3118602190605 6459 
3118602191040 3118602190109 5451 
3118602191040 3118607116306 9838 
3118602191040 3118602190931 9508 
3118602191040 3118602190923 9873 
3118602191040 3118602190893 11607 
3118602191040 3118602190486 8894 
3118602191040 3118602190915 11363 
3118602191040 3118602190222 10648 
3118602191040 3118604696077 2584 
3118602191040 3118602191024 1714 
3118602191040 3118602190478 1824 
3118602191040 3118602190389 2393 
3118602191040 3118607110316 4320 
3118602191040 3118602220261 1896 
3118602191040 3118602190397 2868 
3118602191040 3118602190176 3593 
3118602191040 3118602191059 1718 
3118602191040 3118602191040 0 
3118602191040 3118602190451 3743 
3118602191040 3118602190206 4214 
3118602191040 3118602190966 5675 
3118602191040 3118602190400 3573 
3118602191040 3118602190877 4214 
3118602191040 3118602190826 10830 
3118602191040 3118602190729 14030 
3118602191040 3118602190656 14030 
3118602191040 3118602190834 13678 
3118602191040 3118602190710 14175 
3118602191040 3118602190796 14246 
3118602191040 3118602190648 14456 
3118602191040 3118602190818 10503 
3118602191040 3118602190885 6859 
3118602191040 3118607053355 5468 
3118602191040 3118602190192 6803 
3118602191040 3118602190214 5942 
3118602191040 3118602190680 5085 
3118602191040 3118602190753 1666 
3118602191040 3118602190141 4604 
3118602191040 3118602220245 3591 
3118602191040 3118602190788 4186 
3118602191040 CLU_2943 5812 
3118602191040 CLU_2961 6940 
3118602191040 CLU_2970 8010 
3118602191040 CLU_2971 8362 
3118602191040 CLU_3051 1714 
3118602191040 CLU_3055 3735 
3118602191040 CLU_3060 4420 
3118602191040 CLU_3084 4624 
3118602191040 CLU_3086 12457 
3118602191040 CLU_3087 13199 
3118602191040 CLU_3098 13160 
3118602191040 CLU_3108 11037 
3118602191040 CLU_3121 5442 
3118602191040 CLU_3128 7315 
3118602191040 CLU_3141 6069 
3118602191040 CLU_3143 5131 
3118602191040 CLU_3160 4878 
3118602191040 CLU_3166 2833 
3118602191040 CLU_3176 3758 
3118602191040 CLU_3200 4023 
3118602191040 CLU_3214 5423 
3118602191040 CLU_7923 7894 
3118602190451 3118602190990 7691 
3118602190451 3118602191229 8200 
3118602190451 3118602190591 8534 
3118602190451 3118602190567 9883 
3118602190451 3118602190532 10522 
3118602190451 3118602190494 11551 
3118602190451 3118602190869 9066 
3118602190451 3118602190605 8597 
3118602190451 3118602190109 7659 
3118602190451 3118607116306 12195 
3118602190451 3118602190931 11895 
3118602190451 3118602190923 11729 
3118602190451 3118602190893 13502 
3118602190451 3118602190486 10809 
3118602190451 3118602190915 13082 
3118602190451 3118602190222 12711 
3118602190451 3118604696077 4123 
3118602190451 3118602191024 2913 
3118602190451 3118602190478 2386 
3118602190451 3118602190389 1915 
3118602190451 3118607110316 2956 
3118602190451 3118602220261 3955 
3118602190451 3118602190397 2560 
3118602190451 3118602190176 5207 
3118602190451 3118602191059 4323 
3118602190451 3118602191040 3743 
3118602190451 3118602190451 0 
3118602190451 3118602190206 503 
3118602190451 3118602190966 2019 
3118602190451 3118602190400 780 
3118602190451 3118602190877 503 
3118602190451 3118602190826 8569 
3118602190451 3118602190729 11984 
3118602190451 3118602190656 11984 
3118602190451 3118602190834 11554 
3118602190451 3118602190710 12496 
3118602190451 3118602190796 12399 
3118602190451 3118602190648 12490 
3118602190451 3118602190818 8445 
3118602190451 3118602190885 7096 
3118602190451 3118607053355 2137 
3118602190451 3118602190192 10102 
3118602190451 3118602190214 9238 
3118602190451 3118602190680 8007 
3118602190451 3118602190753 4845 
3118602190451 3118602190141 7002 
3118602190451 3118602220245 7260 
3118602190451 3118602190788 7691 
3118602190451 CLU_2943 9119 
3118602190451 CLU_2961 9679 
3118602190451 CLU_2970 10579 
3118602190451 CLU_2971 11023 
3118602190451 CLU_3051 2913 
3118602190451 CLU_3055 4578 
3118602190451 CLU_3060 4983 
3118602190451 CLU_3084 1255 
3118602190451 CLU_3086 10239 
3118602190451 CLU_3087 11028 
3118602190451 CLU_3098 11308 
3118602190451 CLU_3108 10847 
3118602190451 CLU_3121 9154 
3118602190451 CLU_3128 10796 
3118602190451 CLU_3141 9062 
3118602190451 CLU_3143 8362 
3118602190451 CLU_3160 7961 
3118602190451 CLU_3166 6037 
3118602190451 CLU_3176 7017 
3118602190451 CLU_3200 7759 
3118602190451 CLU_3214 9111 
3118602190451 CLU_7923 8379 
3118602190206 3118602190990 8099 
3118602190206 3118602191229 8611 
3118602190206 3118602190591 8915 
3118602190206 3118602190567 10201 
3118602190206 3118602190532 10813 
3118602190206 3118602190494 11845 
3118602190206 3118602190869 9330 
3118602190206 3118602190605 8812 
3118602190206 3118602190109 7897 
3118602190206 3118607116306 12410 
3118602190206 3118602190931 12116 
3118602190206 3118602190923 11878 
3118602190206 3118602190893 13645 
3118602190206 3118602190486 10973 
3118602190206 3118602190915 13203 
3118602190206 3118602190222 12882 
3118602190206 3118604696077 4396 
3118602190206 3118602191024 3269 
3118602190206 3118602190478 2762 
3118602190206 3118602190389 2239 
3118602190206 3118607110316 2899 
3118602190206 3118602220261 4294 
3118602190206 3118602190397 2758 
3118602190206 3118602190176 5434 
3118602190206 3118602191059 4691 
3118602190206 3118602191040 4214 
3118602190206 3118602190451 503 
3118602190206 3118602190206 0 
3118602190206 3118602190966 1516 
3118602190206 3118602190400 902 
3118602190206 3118602190877 0 
3118602190206 3118602190826 8191 
3118602190206 3118602190729 11614 
3118602190206 3118602190656 11614 
3118602190206 3118602190834 11177 
3118602190206 3118602190710 12170 
3118602190206 3118602190796 12052 
3118602190206 3118602190648 12128 
3118602190206 3118602190818 8095 
3118602190206 3118602190885 7087 
3118602190206 3118607053355 1684 
3118602190206 3118602190192 10606 
3118602190206 3118602190214 9741 
3118602190206 3118602190680 8506 
3118602190206 3118602190753 5346 
3118602190206 3118602190141 7490 
3118602190206 3118602220245 7749 
3118602190206 3118602190788 8099 
3118602190206 CLU_2943 9489 
3118602190206 CLU_2961 9964 
3118602190206 CLU_2970 10834 
3118602190206 CLU_2971 11288 
3118602190206 CLU_3051 3269 
3118602190206 CLU_3055 4739 
3118602190206 CLU_3060 5087 
3118602190206 CLU_3084 856 
3118602190206 CLU_3086 9857 
3118602190206 CLU_3087 10647 
3118602190206 CLU_3098 10965 
3118602190206 CLU_3108 10727 
3118602190206 CLU_3121 9638 
3118602190206 CLU_3128 11298 
3118602190206 CLU_3141 9562 
3118602190206 CLU_3143 8865 
3118602190206 CLU_3160 8464 
3118602190206 CLU_3166 6540 
3118602190206 CLU_3176 7520 
3118602190206 CLU_3200 8235 
3118602190206 CLU_3214 9552 
3118602190206 CLU_7923 8380 
3118602190966 3118602190990 9401 
3118602190966 3118602191229 9918 
3118602190966 3118602190591 10148 
3118602190966 3118602190567 11267 
3118602190966 3118602190532 11800 
3118602190966 3118602190494 12834 
3118602190966 3118602190869 10262 
3118602190966 3118602190605 9621 
3118602190966 3118602190109 8777 
3118602190966 3118607116306 13182 
3118602190966 3118602190931 12907 
3118602190966 3118602190923 12470 
3118602190966 3118602190893 14208 
3118602190966 3118602190486 11616 
3118602190966 3118602190915 13706 
3118602190966 3118602190222 13529 
3118602190966 3118604696077 5445 
3118602190966 3118602191024 4532 
3118602190966 3118602190478 4079 
3118602190966 3118602190389 3498 
3118602190966 3118607110316 3266 
3118602190966 3118602220261 5488 
3118602190966 3118602190397 3742 
3118602190966 3118602190176 6340 
3118602190966 3118602191059 5939 
3118602190966 3118602191040 5675 
3118602190966 3118602190451 2019 
3118602190966 3118602190206 1516 
3118602190966 3118602190966 0 
3118602190966 3118602190400 2132 
3118602190966 3118602190877 1516 
3118602190966 3118602190826 7174 
3118602190966 3118602190729 10598 
3118602190966 3118602190656 10598 
3118602190966 3118602190834 10136 
3118602190966 3118602190710 11297 
3118602190966 3118602190796 11111 
3118602190966 3118602190648 11135 
3118602190966 3118602190818 7181 
3118602190966 3118602190885 7309 
3118602190966 3118607053355 869 
3118602190966 3118602190192 12121 
3118602190966 3118602190214 11257 
3118602190966 3118602190680 10010 
3118602190966 3118602190753 6861 
3118602190966 3118602190141 8961 
3118602190966 3118602220245 9239 
3118602190966 3118602190788 9401 
3118602190966 CLU_2943 10689 
3118602190966 CLU_2961 10942 
3118602190966 CLU_2970 11727 
3118602190966 CLU_2971 12204 
3118602190966 CLU_3051 4532 
3118602190966 CLU_3055 5511 
3118602190966 CLU_3060 5696 
3118602190966 CLU_3084 1141 
3118602190966 CLU_3086 8806 
3118602190966 CLU_3087 9598 
3118602190966 CLU_3098 10047 
3118602190966 CLU_3108 10539 
3118602190966 CLU_3121 11115 
3118602190966 CLU_3128 12812 
3118602190966 CLU_3141 11066 
3118602190966 CLU_3143 10380 
3118602190966 CLU_3160 9975 
3118602190966 CLU_3166 8056 
3118602190966 CLU_3176 9036 
3118602190966 CLU_3200 9696 
3118602190966 CLU_3214 10926 
3118602190966 CLU_7923 8599 
3118602190400 3118602190990 7291 
3118602190400 3118602191229 7806 
3118602190400 3118602190591 8074 
3118602190400 3118602190567 9315 
3118602190400 3118602190532 9916 
3118602190400 3118602190494 10948 
3118602190400 3118602190869 8429 
3118602190400 3118602190605 7912 
3118602190400 3118602190109 6995 
3118602190400 3118607116306 11510 
3118602190400 3118602190931 11215 
3118602190400 3118602190923 10997 
3118602190400 3118602190893 12767 
3118602190400 3118602190486 10086 
3118602190400 3118602190915 12335 
3118602190400 3118602190222 11993 
3118602190400 3118604696077 3499 
3118602190400 3118602191024 2427 
3118602190400 3118602190478 1952 
3118602190400 3118602190389 1386 
3118602190400 3118607110316 2185 
3118602190400 3118602220261 3428 
3118602190400 3118602190397 1856 
3118602190400 3118602190176 4532 
3118602190400 3118602191059 3848 
3118602190400 3118602191040 3573 
3118602190400 3118602190451 780 
3118602190400 3118602190206 902 
3118602190400 3118602190966 2132 
3118602190400 3118602190400 0 
3118602190400 3118602190877 902 
3118602190400 3118602190826 8048 
3118602190400 3118602190729 11438 
3118602190400 3118602190656 11438 
3118602190400 3118602190834 11023 
3118602190400 3118602190710 11887 
3118602190400 3118602190796 11818 
3118602190400 3118602190648 11931 
3118602190400 3118602190818 7879 
3118602190400 3118602190885 6315 
3118602190400 3118607053355 1920 
3118602190400 3118602190192 10189 
3118602190400 3118602190214 9321 
3118602190400 3118602190680 8190 
3118602190400 3118602190753 4886 
3118602190400 3118602190141 7289 
3118602190400 3118602220245 7160 
3118602190400 3118602190788 7291 
3118602190400 CLU_2943 8635 
3118602190400 CLU_2961 9066 
3118602190400 CLU_2970 9932 
3118602190400 CLU_2971 10387 
3118602190400 CLU_3051 2427 
3118602190400 CLU_3055 3850 
3118602190400 CLU_3060 4225 
3118602190400 CLU_3084 1051 
3118602190400 CLU_3086 9720 
3118602190400 CLU_3087 10503 
3118602190400 CLU_3098 10723 
3118602190400 CLU_3108 10083 
3118602190400 CLU_3121 9014 
3118602190400 CLU_3128 10812 
3118602190400 CLU_3141 9238 
3118602190400 CLU_3143 8460 
3118602190400 CLU_3160 8100 
3118602190400 CLU_3166 6110 
3118602190400 CLU_3176 7091 
3118602190400 CLU_3200 7582 
3118602190400 CLU_3214 8796 
3118602190400 CLU_7923 7599 
3118602190877 3118602190990 8099 
3118602190877 3118602191229 8611 
3118602190877 3118602190591 8915 
3118602190877 3118602190567 10201 
3118602190877 3118602190532 10813 
3118602190877 3118602190494 11845 
3118602190877 3118602190869 9330 
3118602190877 3118602190605 8812 
3118602190877 3118602190109 7897 
3118602190877 3118607116306 12410 
3118602190877 3118602190931 12116 
3118602190877 3118602190923 11878 
3118602190877 3118602190893 13645 
3118602190877 3118602190486 10973 
3118602190877 3118602190915 13203 
3118602190877 3118602190222 12882 
3118602190877 3118604696077 4396 
3118602190877 3118602191024 3269 
3118602190877 3118602190478 2762 
3118602190877 3118602190389 2239 
3118602190877 3118607110316 2899 
3118602190877 3118602220261 4294 
3118602190877 3118602190397 2758 
3118602190877 3118602190176 5434 
3118602190877 3118602191059 4691 
3118602190877 3118602191040 4214 
3118602190877 3118602190451 503 
3118602190877 3118602190206 0 
3118602190877 3118602190966 1516 
3118602190877 3118602190400 902 
3118602190877 3118602190877 0 
3118602190877 3118602190826 8191 
3118602190877 3118602190729 11614 
3118602190877 3118602190656 11614 
3118602190877 3118602190834 11177 
3118602190877 3118602190710 12170 
3118602190877 3118602190796 12052 
3118602190877 3118602190648 12128 
3118602190877 3118602190818 8095 
3118602190877 3118602190885 7087 
3118602190877 3118607053355 1684 
3118602190877 3118602190192 10606 
3118602190877 3118602190214 9741 
3118602190877 3118602190680 8506 
3118602190877 3118602190753 5346 
3118602190877 3118602190141 7490 
3118602190877 3118602220245 7749 
3118602190877 3118602190788 8099 
3118602190877 CLU_2943 9489 
3118602190877 CLU_2961 9964 
3118602190877 CLU_2970 10834 
3118602190877 CLU_2971 11288 
3118602190877 CLU_3051 3269 
3118602190877 CLU_3055 4739 
3118602190877 CLU_3060 5087 
3118602190877 CLU_3084 856 
3118602190877 CLU_3086 9857 
3118602190877 CLU_3087 10647 
3118602190877 CLU_3098 10965 
3118602190877 CLU_3108 10727 
3118602190877 CLU_3121 9638 
3118602190877 CLU_3128 11298 
3118602190877 CLU_3141 9562 
3118602190877 CLU_3143 8865 
3118602190877 CLU_3160 8464 
3118602190877 CLU_3166 6540 
3118602190877 CLU_3176 7520 
3118602190877 CLU_3200 8235 
3118602190877 CLU_3214 9552 
3118602190877 CLU_7923 8380 
3118602190826 3118602190990 12721 
3118602190826 3118602191229 13170 
3118602190826 3118602190591 12901 
3118602190826 3118602190567 12842 
3118602190826 3118602190532 12843 
3118602190826 3118602190494 13698 
3118602190826 3118602190869 11354 
3118602190826 3118602190605 10282 
3118602190826 3118602190109 10045 
3118602190826 3118607116306 12822 
3118602190826 3118602190931 12693 
3118602190826 3118602190923 11336 
3118602190826 3118602190893 12605 
3118602190826 3118602190486 10922 
3118602190826 3118602190915 11893 
3118602190826 3118602190222 12464 
3118602190826 3118604696077 8823 
3118602190826 3118602191024 9120 
3118602190826 3118602190478 9061 
3118602190826 3118602190389 8589 
3118602190826 3118607110316 6515 
3118602190826 3118602220261 9398 
3118602190826 3118602190397 7962 
3118602190826 3118602190176 8722 
3118602190826 3118602191059 9897 
3118602190826 3118602191040 10830 
3118602190826 3118602190451 8569 
3118602190826 3118602190206 8191 
3118602190826 3118602190966 7174 
3118602190826 3118602190400 8048 
3118602190826 3118602190877 8191 
3118602190826 3118602190826 0 
3118602190826 3118602190729 3429 
3118602190826 3118602190656 3429 
3118602190826 3118602190834 2986 
3118602190826 3118602190710 4217 
3118602190826 3118602190796 3953 
3118602190826 3118602190648 3960 
3118602190826 3118602190818 672 
3118602190826 3118602190885 6360 
3118602190826 3118607053355 6559 
3118602190826 3118602190192 17575 
3118602190826 3118602190214 16730 
3118602190826 3118602190680 15896 
3118602190826 3118602190753 12458 
3118602190826 3118602190141 15199 
3118602190826 3118602220245 14100 
3118602190826 3118602190788 12721 
3118602190826 CLU_2943 13142 
3118602190826 CLU_2961 12116 
3118602190826 CLU_2970 12276 
3118602190826 CLU_2971 12781 
3118602190826 CLU_3051 9120 
3118602190826 CLU_3055 7868 
3118602190826 CLU_3060 7358 
3118602190826 CLU_3084 7337 
3118602190826 CLU_3086 1672 
3118602190826 CLU_3087 2459 
3118602190826 CLU_3098 2927 
3118602190826 CLU_3108 6183 
3118602190826 CLU_3121 15614 
3118602190826 CLU_3128 17930 
3118602190826 CLU_3141 16897 
3118602190826 CLU_3143 15949 
3118602190826 CLU_3160 15707 
3118602190826 CLU_3166 13661 
3118602190826 CLU_3176 14585 
3118602190826 CLU_3200 14168 
3118602190826 CLU_3214 14497 
3118602190826 CLU_7923 6918 
3118602190729 3118602190990 15426 
3118602190729 3118602191229 15832 
3118602190729 3118602190591 15435 
3118602190729 3118602190567 15005 
3118602190729 3118602190532 14817 
3118602190729 3118602190494 15540 
3118602190729 3118602190869 13480 
3118602190729 3118602190605 12374 
3118602190729 3118602190109 12372 
3118602190729 3118607116306 14239 
3118602190729 3118602190931 14185 
3118602190729 3118602190923 12560 
3118602190729 3118602190893 13463 
3118602190729 3118602190486 12397 
3118602190729 3118602190915 12720 
3118602190729 3118602190222 13597 
3118602190729 3118604696077 11830 
3118602190729 3118602191024 12316 
3118602190729 3118602190478 12316 
3118602190729 3118602190389 11882 
3118602190729 3118607110316 9769 
3118602190729 3118602220261 12459 
3118602190729 3118602190397 11189 
3118602190729 3118602190176 11521 
3118602190729 3118602191059 12931 
3118602190729 3118602191040 14030 
3118602190729 3118602190451 11984 
3118602190729 3118602190206 11614 
3118602190729 3118602190966 10598 
3118602190729 3118602190400 11438 
3118602190729 3118602190877 11614 
3118602190729 3118602190826 3429 
3118602190729 3118602190729 0 
3118602190729 3118602190656 0 
3118602190729 3118602190834 507 
3118602190729 3118602190710 1522 
3118602190729 3118602190796 877 
3118602190729 3118602190648 576 
3118602190729 3118602190818 3569 
3118602190729 3118602190885 8577 
3118602190729 3118607053355 9989 
3118602190729 3118602190192 20671 
3118602190729 3118602190214 19844 
3118602190729 3118602190680 19115 
3118602190729 3118602190753 15683 
3118602190729 3118602190141 18497 
3118602190729 3118602220245 17130 
3118602190729 3118602190788 15426 
3118602190729 CLU_2943 15571 
3118602190729 CLU_2961 14199 
3118602190729 CLU_2970 14116 
3118602190729 CLU_2971 14586 
3118602190729 CLU_3051 12316 
3118602190729 CLU_3055 10771 
3118602190729 CLU_3060 10175 
3118602190729 CLU_3084 10760 
3118602190729 CLU_3086 1803 
3118602190729 CLU_3087 1032 
3118602190729 CLU_3098 1090 
3118602190729 CLU_3108 6553 
3118602190729 CLU_3121 18511 
3118602190729 CLU_3128 20934 
3118602190729 CLU_3141 20090 
3118602190729 CLU_3143 19098 
3118602190729 CLU_3160 18896 
3118602190729 CLU_3166 16861 
3118602190729 CLU_3176 17754 
3118602190729 CLU_3200 17104 
3118602190729 CLU_3214 17183 
3118602190729 CLU_7923 8673 
3118602190656 3118602190990 15426 
3118602190656 3118602191229 15832 
3118602190656 3118602190591 15435 
3118602190656 3118602190567 15005 
3118602190656 3118602190532 14817 
3118602190656 3118602190494 15540 
3118602190656 3118602190869 13480 
3118602190656 3118602190605 12374 
3118602190656 3118602190109 12372 
3118602190656 3118607116306 14239 
3118602190656 3118602190931 14185 
3118602190656 3118602190923 12560 
3118602190656 3118602190893 13463 
3118602190656 3118602190486 12397 
3118602190656 3118602190915 12720 
3118602190656 3118602190222 13597 
3118602190656 3118604696077 11830 
3118602190656 3118602191024 12316 
3118602190656 3118602190478 12316 
3118602190656 3118602190389 11882 
3118602190656 3118607110316 9769 
3118602190656 3118602220261 12459 
3118602190656 3118602190397 11189 
3118602190656 3118602190176 11521 
3118602190656 3118602191059 12931 
3118602190656 3118602191040 14030 
3118602190656 3118602190451 11984 
3118602190656 3118602190206 11614 
3118602190656 3118602190966 10598 
3118602190656 3118602190400 11438 
3118602190656 3118602190877 11614 
3118602190656 3118602190826 3429 
3118602190656 3118602190729 0 
3118602190656 3118602190656 0 
3118602190656 3118602190834 507 
3118602190656 3118602190710 1522 
3118602190656 3118602190796 877 
3118602190656 3118602190648 576 
3118602190656 3118602190818 3569 
3118602190656 3118602190885 8577 
3118602190656 3118607053355 9989 
3118602190656 3118602190192 20671 
3118602190656 3118602190214 19844 
3118602190656 3118602190680 19115 
3118602190656 3118602190753 15683 
3118602190656 3118602190141 18497 
3118602190656 3118602220245 17130 
3118602190656 3118602190788 15426 
3118602190656 CLU_2943 15571 
3118602190656 CLU_2961 14199 
3118602190656 CLU_2970 14116 
3118602190656 CLU_2971 14586 
3118602190656 CLU_3051 12316 
3118602190656 CLU_3055 10771 
3118602190656 CLU_3060 10175 
3118602190656 CLU_3084 10760 
3118602190656 CLU_3086 1803 
3118602190656 CLU_3087 1032 
3118602190656 CLU_3098 1090 
3118602190656 CLU_3108 6553 
3118602190656 CLU_3121 18511 
3118602190656 CLU_3128 20934 
3118602190656 CLU_3141 20090 
3118602190656 CLU_3143 19098 
3118602190656 CLU_3160 18896 
3118602190656 CLU_3166 16861 
3118602190656 CLU_3176 17754 
3118602190656 CLU_3200 17104 
3118602190656 CLU_3214 17183 
3118602190656 CLU_7923 8673 
3118602190834 3118602190990 15185 
3118602190834 3118602191229 15600 
3118602190834 3118602190591 15226 
3118602190834 3118602190567 14861 
3118602190834 3118602190532 14704 
3118602190834 3118602190494 15451 
3118602190834 3118602190869 13338 
3118602190834 3118602190605 12233 
3118602190834 3118602190109 12191 
3118602190834 3118607116306 14214 
3118602190834 3118602190931 14148 
3118602190834 3118602190923 12557 
3118602190834 3118602190893 13519 
3118602190834 3118602190486 12355 
3118602190834 3118602190915 12777 
3118602190834 3118602190222 13613 
3118602190834 3118604696077 11521 
3118602190834 3118602191024 11963 
3118602190834 3118602190478 11948 
3118602190834 3118602190389 11503 
3118602190834 3118607110316 9397 
3118602190834 3118602220261 12139 
3118602190834 3118602190397 10827 
3118602190834 3118602190176 11253 
3118602190834 3118602191059 12618 
3118602190834 3118602191040 13678 
3118602190834 3118602190451 11554 
3118602190834 3118602190206 11177 
3118602190834 3118602190966 10136 
3118602190834 3118602190400 11023 
3118602190834 3118602190877 11177 
3118602190834 3118602190826 2986 
3118602190834 3118602190729 507 
3118602190834 3118602190656 507 
3118602190834 3118602190834 0 
3118602190834 3118602190710 1928 
3118602190834 3118602190796 1334 
3118602190834 3118602190648 1083 
3118602190834 3118602190818 3183 
3118602190834 3118602190885 8394 
3118602190834 3118607053355 9541 
3118602190834 3118602190192 20351 
3118602190834 3118602190214 19519 
3118602190834 3118602190680 18761 
3118602190834 3118602190753 15326 
3118602190834 3118602190141 18119 
3118602190834 3118602220245 16823 
3118602190834 3118602190788 15185 
3118602190834 CLU_2943 15381 
3118602190834 CLU_2961 14066 
3118602190834 CLU_2970 14023 
3118602190834 CLU_2971 14500 
3118602190834 CLU_3051 11963 
3118602190834 CLU_3055 10480 
3118602190834 CLU_3060 9899 
3118602190834 CLU_3084 10324 
3118602190834 CLU_3086 1330 
3118602190834 CLU_3087 540 
3118602190834 CLU_3098 1128 
3118602190834 CLU_3108 6620 
3118602190834 CLU_3121 18235 
3118602190834 CLU_3128 20636 
3118602190834 CLU_3141 19744 
3118602190834 CLU_3143 18764 
3118602190834 CLU_3160 18551 
3118602190834 CLU_3166 16511 
3118602190834 CLU_3176 17413 
3118602190834 CLU_3200 16818 
3118602190834 CLU_3214 16948 
3118602190834 CLU_7923 8563 
3118602190710 3118602190990 15155 
3118602190710 3118602191229 15528 
3118602190710 3118602190591 15058 
3118602190710 3118602190567 14433 
3118602190710 3118602190532 14156 
3118602190710 3118602190494 14808 
3118602190710 3118602190869 12913 
3118602190710 3118602190605 11810 
3118602190710 3118602190109 11928 
3118602190710 3118607116306 13348 
3118602190710 3118602190931 13325 
3118602190710 3118602190923 11623 
3118602190710 3118602190893 12383 
3118602190710 3118602190486 11560 
3118602190710 3118602190915 11641 
3118602190710 3118602190222 12610 
3118602190710 3118604696077 11831 
3118602190710 3118602191024 12477 
3118602190710 3118602190478 12543 
3118602190710 3118602190389 12164 
3118602190710 3118607110316 10040 
3118602190710 3118602220261 12493 
3118602190710 3118602190397 11402 
3118602190710 3118602190176 11377 
3118602190710 3118602191059 12934 
3118602190710 3118602191040 14175 
3118602190710 3118602190451 12496 
3118602190710 3118602190206 12170 
3118602190710 3118602190966 11297 
3118602190710 3118602190400 11887 
3118602190710 3118602190877 12170 
3118602190710 3118602190826 4217 
3118602190710 3118602190729 1522 
3118602190710 3118602190656 1522 
3118602190710 3118602190834 1928 
3118602190710 3118602190710 0 
3118602190710 3118602190796 677 
3118602190710 3118602190648 1183 
3118602190710 3118602190818 4116 
3118602190710 3118602190885 8196 
3118602190710 3118607053355 10613 
3118602190710 3118602190192 20658 
3118602190710 3118602190214 19853 
3118602190710 3118602190680 19240 
3118602190710 3118602190753 15840 
3118602190710 3118602190141 18726 
3118602190710 3118602220245 17083 
3118602190710 3118602190788 15155 
3118602190710 CLU_2943 15131 
3118602190710 CLU_2961 13599 
3118602190710 CLU_2970 13403 
3118602190710 CLU_2971 13850 
3118602190710 CLU_3051 12477 
3118602190710 CLU_3055 10716 
3118602190710 CLU_3060 10077 
3118602190710 CLU_3084 11315 
3118602190710 CLU_3086 2880 
3118602190710 CLU_3087 2301 
3118602190710 CLU_3098 1296 
3118602190710 CLU_3108 5522 
3118602190710 CLU_3121 18345 
3118602190710 CLU_3128 20838 
3118602190710 CLU_3141 20181 
3118602190710 CLU_3143 19147 
3118602190710 CLU_3160 18989 
3118602190710 CLU_3166 16979 
3118602190710 CLU_3176 17833 
3118602190710 CLU_3200 16980 
3118602190710 CLU_3214 16880 
3118602190710 CLU_7923 8068 
3118602190796 3118602190990 15407 
3118602190796 3118602191229 15794 
3118602190796 3118602190591 15354 
3118602190796 3118602190567 14808 
3118602190796 3118602190532 14566 
3118602190796 3118602190494 15246 
3118602190796 3118602190869 13284 
3118602190796 3118602190605 12178 
3118602190796 3118602190109 12247 
3118602190796 3118607116306 13847 
3118602190796 3118602190931 13811 
3118602190796 3118602190923 12137 
3118602190796 3118602190893 12950 
3118602190796 3118602190486 12036 
3118602190796 3118602190915 12207 
3118602190796 3118602190222 13143 
3118602190796 3118604696077 11962 
3118602190796 3118602191024 12538 
3118602190796 3118602190478 12575 
3118602190796 3118602190389 12171 
3118602190796 3118607110316 10047 
3118602190796 3118602220261 12610 
3118602190796 3118602190397 11438 
3118602190796 3118602190176 11569 
3118602190796 3118602191059 13066 
3118602190796 3118602191040 14246 
3118602190796 3118602190451 12399 
3118602190796 3118602190206 12052 
3118602190796 3118602190966 11111 
3118602190796 3118602190400 11818 
3118602190796 3118602190877 12052 
3118602190796 3118602190826 3953 
3118602190796 3118602190729 877 
3118602190796 3118602190656 877 
3118602190796 3118602190834 1334 
3118602190796 3118602190710 677 
3118602190796 3118602190796 0 
3118602190796 3118602190648 516 
3118602190796 3118602190818 3957 
3118602190796 3118602190885 8479 
3118602190796 3118607053355 10460 
3118602190796 3118602190192 20805 
3118602190796 3118602190214 19989 
3118602190796 3118602190680 19325 
3118602190796 3118602190753 15908 
3118602190796 3118602190141 18765 
3118602190796 3118602220245 17241 
3118602190796 3118602190788 15407 
3118602190796 CLU_2943 15453 
3118602190796 CLU_2961 13984 
3118602190796 CLU_2970 13833 
3118602190796 CLU_2971 14289 
3118602190796 CLU_3051 12538 
3118602190796 CLU_3055 10868 
3118602190796 CLU_3060 10246 
3118602190796 CLU_3084 11196 
3118602190796 CLU_3086 2460 
3118602190796 CLU_3087 1781 
3118602190796 CLU_3098 1097 
3118602190796 CLU_3108 6058 
3118602190796 CLU_3121 18556 
3118602190796 CLU_3128 21020 
3118602190796 CLU_3141 20282 
3118602190796 CLU_3143 19266 
3118602190796 CLU_3160 19088 
3118602190796 CLU_3166 17065 
3118602190796 CLU_3176 17937 
3118602190796 CLU_3200 17171 
3118602190796 CLU_3214 17147 
3118602190796 CLU_7923 8444 
3118602190648 3118602190990 15735 
3118602190648 3118602191229 16130 
3118602190648 3118602190591 15709 
3118602190648 3118602190567 15210 
3118602190648 3118602190532 14988 
3118602190648 3118602190494 15683 
3118602190648 3118602190869 13685 
3118602190648 3118602190605 12578 
3118602190648 3118602190109 12619 
3118602190648 3118607116306 14313 
3118602190648 3118602190931 14272 
3118602190648 3118602190923 12611 
3118602190648 3118602190893 13446 
3118602190648 3118602190486 12492 
3118602190648 3118602190915 12702 
3118602190648 3118602190222 13626 
3118602190648 3118604696077 12215 
3118602190648 3118602191024 12744 
3118602190648 3118602190478 12760 
3118602190648 3118602190389 12339 
3118602190648 3118607110316 10220 
3118602190648 3118602220261 12854 
3118602190648 3118602190397 11628 
3118602190648 3118602190176 11864 
3118602190648 3118602191059 13318 
3118602190648 3118602191040 14456 
3118602190648 3118602190451 12490 
3118602190648 3118602190206 12128 
3118602190648 3118602190966 11135 
3118602190648 3118602190400 11931 
3118602190648 3118602190877 12128 
3118602190648 3118602190826 3960 
3118602190648 3118602190729 576 
3118602190648 3118602190656 576 
3118602190648 3118602190834 1083 
3118602190648 3118602190710 1183 
3118602190648 3118602190796 516 
3118602190648 3118602190648 0 
3118602190648 3118602190818 4052 
3118602190648 3118602190885 8837 
3118602190648 3118607053355 10513 
3118602190648 3118602190192 21061 
3118602190648 3118602190214 20239 
3118602190648 3118602190680 19540 
3118602190648 3118602190753 16114 
3118602190648 3118602190141 18947 
3118602190648 3118602220245 17508 
3118602190648 3118602190788 15735 
3118602190648 CLU_2943 15823 
3118602190648 CLU_2961 14392 
3118602190648 CLU_2970 14265 
3118602190648 CLU_2971 14726 
3118602190648 CLU_3051 12744 
3118602190648 CLU_3055 11139 
3118602190648 CLU_3060 10529 
3118602190648 CLU_3084 11273 
3118602190648 CLU_3086 2363 
3118602190648 CLU_3087 1604 
3118602190648 CLU_3098 1328 
3118602190648 CLU_3108 6546 
3118602190648 CLU_3121 18855 
3118602190648 CLU_3128 21300 
3118602190648 CLU_3141 20507 
3118602190648 CLU_3143 19504 
3118602190648 CLU_3160 19313 
3118602190648 CLU_3166 17283 
3118602190648 CLU_3176 18166 
3118602190648 CLU_3200 17460 
3118602190648 CLU_3214 17483 
3118602190648 CLU_7923 8853 
3118602190818 3118602190990 12222 
3118602190818 3118602191229 12662 
3118602190818 3118602190591 12365 
3118602190818 3118602190567 12246 
3118602190818 3118602190532 12225 
3118602190818 3118602190494 13069 
3118602190818 3118602190869 10750 
3118602190818 3118602190605 9671 
3118602190818 3118602190109 9465 
3118602190818 3118607116306 12163 
3118602190818 3118602190931 12038 
3118602190818 3118602190923 10668 
3118602190818 3118602190893 11932 
3118602190818 3118602190486 10263 
3118602190818 3118602190915 11220 
3118602190818 3118602190222 11795 
3118602190818 3118604696077 8405 
3118602190818 3118602191024 8788 
3118602190818 3118602190478 8765 
3118602190818 3118602190389 8320 
3118602190818 3118607110316 6215 
3118602190818 3118602220261 9003 
3118602190818 3118602190397 7647 
3118602190818 3118602190176 8236 
3118602190818 3118602191059 9492 
3118602190818 3118602191040 10503 
3118602190818 3118602190451 8445 
3118602190818 3118602190206 8095 
3118602190818 3118602190966 7181 
3118602190818 3118602190400 7879 
3118602190818 3118602190877 8095 
3118602190818 3118602190826 672 
3118602190818 3118602190729 3569 
3118602190818 3118602190656 3569 
3118602190818 3118602190834 3183 
3118602190818 3118602190710 4116 
3118602190818 3118602190796 3957 
3118602190818 3118602190648 4052 
3118602190818 3118602190818 0 
3118602190818 3118602190885 5746 
3118602190818 3118607053355 6508 
3118602190818 3118602190192 17205 
3118602190818 3118602190214 16367 
3118602190818 3118602190680 15584 
3118602190818 3118602190753 12147 
3118602190818 3118602190141 14937 
3118602190818 3118602220245 13700 
3118602190818 3118602190788 12222 
3118602190818 CLU_2943 12587 
3118602190818 CLU_2961 11508 
3118602190818 CLU_2970 11644 
3118602190818 CLU_2971 12147 
3118602190818 CLU_3051 8788 
3118602190818 CLU_3055 7410 
3118602190818 CLU_3060 6870 
3118602190818 CLU_3084 7238 
3118602190818 CLU_3086 1969 
3118602190818 CLU_3087 2695 
3118602190818 CLU_3098 2875 
3118602190818 CLU_3108 5540 
3118602190818 CLU_3121 15172 
3118602190818 CLU_3128 17525 
3118602190818 CLU_3141 16572 
3118602190818 CLU_3143 15602 
3118602190818 CLU_3160 15379 
3118602190818 CLU_3166 13337 
3118602190818 CLU_3176 14246 
3118602190818 CLU_3200 13736 
3118602190818 CLU_3214 13997 
3118602190818 CLU_7923 6264 
3118602190885 3118602190990 6970 
3118602190885 3118602191229 7333 
3118602190885 3118602190591 6874 
3118602190885 3118602190567 6514 
3118602190885 3118602190532 6483 
3118602190885 3118602190494 7351 
3118602190885 3118602190869 5007 
3118602190885 3118602190605 3925 
3118602190885 3118602190109 3797 
3118602190885 3118607116306 6720 
3118602190885 3118602190931 6536 
3118602190885 3118602190923 5528 
3118602190885 3118602190893 7138 
3118602190885 3118602190486 4870 
3118602190885 3118602190915 6550 
3118602190885 3118602190222 6666 
3118602190885 3118604696077 4275 
3118602190885 3118602191024 5428 
3118602190885 3118602190478 5757 
3118602190885 3118602190389 5695 
3118602190885 3118607110316 4193 
3118602190885 3118602220261 4969 
3118602190885 3118602190397 4795 
3118602190885 3118602190176 3439 
3118602190885 3118602191059 5274 
3118602190885 3118602191040 6859 
3118602190885 3118602190451 7096 
3118602190885 3118602190206 7087 
3118602190885 3118602190966 7309 
3118602190885 3118602190400 6315 
3118602190885 3118602190877 7087 
3118602190885 3118602190826 6360 
3118602190885 3118602190729 8577 
3118602190885 3118602190656 8577 
3118602190885 3118602190834 8394 
3118602190885 3118602190710 8196 
3118602190885 3118602190796 8479 
3118602190885 3118602190648 8837 
3118602190885 3118602190818 5746 
3118602190885 3118602190885 0 
3118602190885 3118607053355 6453 
3118602190885 3118602190192 12711 
3118602190885 3118602190214 11956 
3118602190885 3118602190680 11609 
3118602190885 3118602190753 8441 
3118602190885 3118602190141 11407 
3118602190885 3118602220245 9131 
3118602190885 3118602190788 6970 
3118602190885 CLU_2943 6993 
3118602190885 CLU_2961 5763 
3118602190885 CLU_2970 5940 
3118602190885 CLU_2971 6450 
3118602190885 CLU_3051 5428 
3118602190885 CLU_3055 3131 
3118602190885 CLU_3060 2459 
3118602190885 CLU_3084 6500 
3118602190885 CLU_3086 7526 
3118602190885 CLU_3087 8061 
3118602190885 CLU_3098 7523 
3118602190885 CLU_3108 4179 
3118602190885 CLU_3121 10217 
3118602190885 CLU_3128 12768 
3118602190885 CLU_3141 12446 
3118602190885 CLU_3143 11342 
3118602190885 CLU_3160 11285 
3118602190885 CLU_3166 9408 
3118602190885 CLU_3176 10130 
3118602190885 CLU_3200 8911 
3118602190885 CLU_3214 8685 
3118602190885 CLU_7923 1297 
3118607053355 3118602190990 8956 
3118607053355 3118602191229 9474 
3118607053355 3118602190591 9640 
3118607053355 3118602190567 10645 
3118607053355 3118602190532 11136 
3118607053355 3118602190494 12167 
3118607053355 3118602190869 9578 
3118607053355 3118602190605 8890 
3118607053355 3118602190109 8078 
3118607053355 3118607116306 12427 
3118607053355 3118602190931 12159 
3118607053355 3118602190923 11666 
3118607053355 3118602190893 13394 
3118607053355 3118602190486 10825 
3118607053355 3118602190915 12880 
3118607053355 3118602190222 12736 
3118607053355 3118604696077 4871 
3118607053355 3118602191024 4130 
3118607053355 3118602190478 3741 
3118607053355 3118602190389 3141 
3118607053355 3118607110316 2486 
3118607053355 3118602220261 5006 
3118607053355 3118602190397 3191 
3118607053355 3118602190176 5676 
3118607053355 3118602191059 5488 
3118607053355 3118602191040 5468 
3118607053355 3118602190451 2137 
3118607053355 3118602190206 1684 
3118607053355 3118602190966 869 
3118607053355 3118602190400 1920 
3118607053355 3118602190877 1684 
3118607053355 3118602190826 6559 
3118607053355 3118602190729 9989 
3118607053355 3118602190656 9989 
3118607053355 3118602190834 9541 
3118607053355 3118602190710 10613 
3118607053355 3118602190796 10460 
3118607053355 3118602190648 10513 
3118607053355 3118602190818 6508 
3118607053355 3118602190885 6453 
3118607053355 3118607053355 0 
3118607053355 3118602190192 12107 
3118607053355 3118602190214 11239 
3118607053355 3118602190680 10081 
3118607053355 3118602190753 6805 
3118607053355 3118602190141 9124 
3118607053355 3118602220245 9059 
3118607053355 3118602190788 8956 
3118607053355 CLU_2943 10153 
3118607053355 CLU_2961 10277 
3118607053355 CLU_2970 11020 
3118607053355 CLU_2971 11505 
3118607053355 CLU_3051 4130 
3118607053355 CLU_3055 4805 
3118607053355 CLU_3060 4931 
3118607053355 CLU_3084 903 
3118607053355 CLU_3086 8215 
3118607053355 CLU_3087 9008 
3118607053355 CLU_3098 9383 
3118607053355 CLU_3108 9678 
3118607053355 CLU_3121 10894 
3118607053355 CLU_3128 12731 
3118607053355 CLU_3141 11133 
3118607053355 CLU_3143 10375 
3118607053355 CLU_3160 10006 
3118607053355 CLU_3166 8027 
3118607053355 CLU_3176 9009 
3118607053355 CLU_3200 9448 
3118607053355 CLU_3214 10547 
3118607053355 CLU_7923 7740 
3118602190192 3118602190990 6171 
3118602190192 3118602191229 6070 
3118602190192 3118602190591 6908 
3118602190192 3118602190567 8842 
3118602190192 3118602190532 9773 
3118602190192 3118602190494 10242 
3118602190192 3118602190869 9669 
3118602190192 3118602190605 10372 
3118602190192 3118602190109 9656 
3118602190192 3118607116306 12341 
3118602190192 3118602190931 12029 
3118602190192 3118602190923 13299 
3118602190192 3118602190893 14644 
3118602190192 3118602190486 12442 
3118602190192 3118602190915 14741 
3118602190192 3118602190222 13552 
3118602190192 3118604696077 8845 
3118602190192 3118602191024 8478 
3118602190192 3118602190478 8625 
3118602190192 3118602190389 9176 
3118602190192 3118607110316 11102 
3118602190192 3118602220261 8212 
3118602190192 3118602190397 9651 
3118602190192 3118602190176 9322 
3118602190192 3118602191059 7742 
3118602190192 3118602191040 6803 
3118602190192 3118602190451 10102 
3118602190192 3118602190206 10606 
3118602190192 3118602190966 12121 
3118602190192 3118602190400 10189 
3118602190192 3118602190877 10606 
3118602190192 3118602190826 17575 
3118602190192 3118602190729 20671 
3118602190192 3118602190656 20671 
3118602190192 3118602190834 20351 
3118602190192 3118602190710 20658 
3118602190192 3118602190796 20805 
3118602190192 3118602190648 21061 
3118602190192 3118602190818 17205 
3118602190192 3118602190885 12711 
3118602190192 3118607053355 12107 
3118602190192 3118602190192 0 
3118602190192 3118602190214 868 
3118602190192 3118602190680 2339 
3118602190192 3118602190753 5305 
3118602190192 3118602190141 3744 
3118602190192 3118602220245 3586 
3118602190192 3118602190788 6171 
3118602190192 CLU_2943 7333 
3118602190192 CLU_2961 9514 
3118602190192 CLU_2970 10570 
3118602190192 CLU_2971 10599 
3118602190192 CLU_3051 8478 
3118602190192 CLU_3055 9942 
3118602190192 CLU_3060 10584 
3118602190192 CLU_3084 11214 
3118602190192 CLU_3086 19173 
3118602190192 CLU_3087 19892 
3118602190192 CLU_3098 19742 
3118602190192 CLU_3108 16706 
3118602190192 CLU_3121 2982 
3118602190192 CLU_3128 1160 
3118602190192 CLU_3141 1487 
3118602190192 CLU_3143 1741 
3118602190192 CLU_3160 2200 
3118602190192 CLU_3166 4079 
3118602190192 CLU_3176 3098 
3118602190192 CLU_3200 3877 
3118602190192 CLU_3214 5109 
3118602190192 CLU_7923 13375 
3118602190214 3118602190990 5582 
3118602190214 3118602191229 5539 
3118602190214 3118602190591 6401 
3118602190214 3118602190567 8404 
3118602190214 3118602190532 9351 
3118602190214 3118602190494 9892 
3118602190214 3118602190869 9127 
3118602190214 3118602190605 9770 
3118602190214 3118602190109 9012 
3118602190214 3118607116306 11927 
3118602190214 3118602190931 11607 
3118602190214 3118602190923 12796 
3118602190214 3118602190893 14200 
3118602190214 3118602190486 11914 
3118602190214 3118602190915 14260 
3118602190214 3118602190222 13110 
3118602190214 3118604696077 8027 
3118602190214 3118602191024 7624 
3118602190214 3118602190478 7762 
3118602190214 3118602190389 8311 
3118602190214 3118607110316 10247 
3118602190214 3118602220261 7385 
3118602190214 3118602190397 8796 
3118602190214 3118602190176 8547 
3118602190214 3118602191059 6923 
3118602190214 3118602191040 5942 
3118602190214 3118602190451 9238 
3118602190214 3118602190206 9741 
3118602190214 3118602190966 11257 
3118602190214 3118602190400 9321 
3118602190214 3118602190877 9741 
3118602190214 3118602190826 16730 
3118602190214 3118602190729 19844 
3118602190214 3118602190656 19844 
3118602190214 3118602190834 19519 
3118602190214 3118602190710 19853 
3118602190214 3118602190796 19989 
3118602190214 3118602190648 20239 
3118602190214 3118602190818 16367 
3118602190214 3118602190885 11956 
3118602190214 3118607053355 11239 
3118602190214 3118602190192 868 
3118602190214 3118602190214 0 
3118602190214 3118602190680 1630 
3118602190214 3118602190753 4436 
3118602190214 3118602190141 3051 
3118602190214 3118602220245 2828 
3118602190214 3118602190788 5582 
3118602190214 CLU_2943 6877 
3118602190214 CLU_2961 9028 
3118602190214 CLU_2970 10114 
3118602190214 CLU_2971 10179 
3118602190214 CLU_3051 7624 
3118602190214 CLU_3055 9138 
3118602190214 CLU_3060 9788 
3118602190214 CLU_3084 10347 
3118602190214 CLU_3086 18333 
3118602190214 CLU_3087 19056 
3118602190214 CLU_3098 18923 
3118602190214 CLU_3108 15988 
3118602190214 CLU_3121 2626 
3118602190214 CLU_3128 1753 
3118602190214 CLU_3141 1109 
3118602190214 CLU_3143 886 
3118602190214 CLU_3160 1393 
3118602190214 CLU_3166 3212 
3118602190214 CLU_3176 2230 
3118602190214 CLU_3200 3240 
3118602190214 CLU_3214 4718 
3118602190214 CLU_7923 12660 
3118602190680 3118602190990 5917 
3118602190680 3118602191229 6016 
3118602190680 3118602190591 6891 
3118602190680 3118602190567 8977 
3118602190680 3118602190532 9937 
3118602190680 3118602190494 10604 
3118602190680 3118602190869 9457 
3118602190680 3118602190605 9940 
3118602190680 3118602190109 9078 
3118602190680 3118607116306 12490 
3118602190680 3118602190931 12159 
3118602190680 3118602190923 13161 
3118602190680 3118602190893 14681 
3118602190680 3118602190486 12232 
3118602190680 3118602190915 14660 
3118602190680 3118602190222 13604 
3118602190680 3118604696077 7458 
3118602190680 3118602191024 6799 
3118602190680 3118602190478 6836 
3118602190680 3118602190389 7333 
3118602190680 3118607110316 9381 
3118602190680 3118602220261 6773 
3118602190680 3118602190397 7938 
3118602190680 3118602190176 8171 
3118602190680 3118602191059 6377 
3118602190680 3118602191040 5085 
3118602190680 3118602190451 8007 
3118602190680 3118602190206 8506 
3118602190680 3118602190966 10010 
3118602190680 3118602190400 8190 
3118602190680 3118602190877 8506 
3118602190680 3118602190826 15896 
3118602190680 3118602190729 19115 
3118602190680 3118602190656 19115 
3118602190680 3118602190834 18761 
3118602190680 3118602190710 19240 
3118602190680 3118602190796 19325 
3118602190680 3118602190648 19540 
3118602190680 3118602190818 15584 
3118602190680 3118602190885 11609 
3118602190680 3118607053355 10081 
3118602190680 3118602190192 2339 
3118602190680 3118602190214 1630 
3118602190680 3118602190680 0 
3118602190680 3118602190753 3438 
3118602190680 3118602190141 1422 
3118602190680 3118602220245 2916 
3118602190680 3118602190788 5917 
3118602190680 CLU_2943 7457 
3118602190680 CLU_2961 9489 
3118602190680 CLU_2970 10617 
3118602190680 CLU_2971 10757 
3118602190680 CLU_3051 6799 
3118602190680 CLU_3055 8615 
3118602190680 CLU_3060 9293 
3118602190680 CLU_3084 9178 
3118602190680 CLU_3086 17532 
3118602190680 CLU_3087 18279 
3118602190680 CLU_3098 18241 
3118602190680 CLU_3108 15742 
3118602190680 CLU_3121 3676 
3118602190680 CLU_3128 3376 
3118602190680 CLU_3141 1056 
3118602190680 CLU_3143 960 
3118602190680 CLU_3160 473 
3118602190680 CLU_3166 2260 
3118602190680 CLU_3176 1493 
3118602190680 CLU_3200 3652 
3118602190680 CLU_3214 5520 
3118602190680 CLU_7923 12451 
3118602190753 3118602190990 4391 
3118602190753 3118602191229 4763 
3118602190753 3118602190591 5475 
3118602190753 3118602190567 7447 
3118602190753 3118602190532 8345 
3118602190753 3118602190494 9231 
3118602190753 3118602190869 7392 
3118602190753 3118602190605 7550 
3118602190753 3118602190109 6572 
3118602190753 3118607116306 10689 
3118602190753 3118602190931 10352 
3118602190753 3118602190923 10955 
3118602190753 3118602190893 12634 
3118602190753 3118602190486 9980 
3118602190753 3118602190915 12466 
3118602190753 3118602190222 11621 
3118602190753 3118604696077 4180 
3118602190753 3118602191024 3370 
3118602190753 3118602190478 3400 
3118602190753 3118602190389 3913 
3118602190753 3118607110316 5943 
3118602190753 3118602220261 3482 
3118602190753 3118602190397 4500 
3118602190753 3118602190176 5074 
3118602190753 3118602191059 3179 
3118602190753 3118602191040 1666 
3118602190753 3118602190451 4845 
3118602190753 3118602190206 5346 
3118602190753 3118602190966 6861 
3118602190753 3118602190400 4886 
3118602190753 3118602190877 5346 
3118602190753 3118602190826 12458 
3118602190753 3118602190729 15683 
3118602190753 3118602190656 15683 
3118602190753 3118602190834 15326 
3118602190753 3118602190710 15840 
3118602190753 3118602190796 15908 
3118602190753 3118602190648 16114 
3118602190753 3118602190818 12147 
3118602190753 3118602190885 8441 
3118602190753 3118607053355 6805 
3118602190753 3118602190192 5305 
3118602190753 3118602190214 4436 
3118602190753 3118602190680 3438 
3118602190753 3118602190753 0 
3118602190753 3118602190141 2968 
3118602190753 3118602220245 2583 
3118602190753 3118602190788 4391 
3118602190753 CLU_2943 6136 
3118602190753 CLU_2961 7678 
3118602190753 CLU_2970 8804 
3118602190753 CLU_2971 9086 
3118602190753 CLU_3051 3370 
3118602190753 CLU_3055 5345 
3118602190753 CLU_3060 6032 
3118602190753 CLU_3084 5916 
3118602190753 CLU_3086 14095 
3118602190753 CLU_3087 14842 
3118602190753 CLU_3098 14821 
3118602190753 CLU_3108 12618 
3118602190753 CLU_3121 4497 
3118602190753 CLU_3128 5951 
3118602190753 CLU_3141 4446 
3118602190753 CLU_3143 3583 
3118602190753 CLU_3160 3267 
3118602190753 CLU_3166 1231 
3118602190753 CLU_3176 2207 
3118602190753 CLU_3200 3289 
3118602190753 CLU_3214 5112 
3118602190753 CLU_7923 9414 
3118602190141 3118602190990 6464 
3118602190141 3118602191229 6665 
3118602190141 3118602190591 7515 
3118602190141 3118602190567 9607 
3118602190141 3118602190532 10558 
3118602190141 3118602190494 11314 
3118602190141 3118602190869 9880 
3118602190141 3118602190605 10220 
3118602190141 3118602190109 9291 
3118602190141 3118607116306 13055 
3118602190141 3118602190931 12719 
3118602190141 3118602190923 13554 
3118602190141 3118602190893 15156 
3118602190141 3118602190486 12598 
3118602190141 3118602190915 15067 
3118602190141 3118602190222 14101 
3118602190141 3118604696077 7148 
3118602190141 3118602191024 6260 
3118602190141 3118602190478 6189 
3118602190141 3118602190389 6616 
3118602190141 3118607110316 8728 
3118602190141 3118602220261 6450 
3118602190141 3118602190397 7327 
3118602190141 3118602190176 8020 
3118602190141 3118602191059 6137 
3118602190141 3118602191040 4604 
3118602190141 3118602190451 7002 
3118602190141 3118602190206 7490 
3118602190141 3118602190966 8961 
3118602190141 3118602190400 7289 
3118602190141 3118602190877 7490 
3118602190141 3118602190826 15199 
3118602190141 3118602190729 18497 
3118602190141 3118602190656 18497 
3118602190141 3118602190834 18119 
3118602190141 3118602190710 18726 
3118602190141 3118602190796 18765 
3118602190141 3118602190648 18947 
3118602190141 3118602190818 14937 
3118602190141 3118602190885 11407 
3118602190141 3118607053355 9124 
3118602190141 3118602190192 3744 
3118602190141 3118602190214 3051 
3118602190141 3118602190680 1422 
3118602190141 3118602190753 2968 
3118602190141 3118602190141 0 
3118602190141 3118602220245 3582 
3118602190141 3118602190788 6464 
3118602190141 CLU_2943 8130 
3118602190141 CLU_2961 10018 
3118602190141 CLU_2970 11160 
3118602190141 CLU_2971 11358 
3118602190141 CLU_3051 6260 
3118602190141 CLU_3055 8313 
3118602190141 CLU_3060 9000 
3118602190141 CLU_3084 8222 
3118602190141 CLU_3086 16857 
3118602190141 CLU_3087 17621 
3118602190141 CLU_3098 17671 
3118602190141 CLU_3108 15582 
3118602190141 CLU_3121 4820 
3118602190141 CLU_3128 4798 
3118602190141 CLU_3141 2338 
3118602190141 CLU_3143 2304 
3118602190141 CLU_3160 1733 
3118602190141 CLU_3166 2137 
3118602190141 CLU_3176 1983 
3118602190141 CLU_3200 4429 
3118602190141 CLU_3214 6422 
3118602190141 CLU_7923 12359 
3118602220245 3118602190990 3000 
3118602220245 3118602191229 3122 
3118602220245 3118602190591 3991 
3118602220245 3118602190567 6085 
3118602220245 3118602190532 7044 
3118602220245 3118602190494 7755 
3118602220245 3118602190869 6545 
3118602220245 3118602190605 7071 
3118602220245 3118602190109 6254 
3118602220245 3118607116306 9584 
3118602220245 3118602190931 9252 
3118602220245 3118602190923 10249 
3118602220245 3118602190893 11764 
3118602220245 3118602190486 9327 
3118602220245 3118602190915 11746 
3118602220245 3118602190222 10689 
3118602220245 3118604696077 5301 
3118602220245 3118602191024 5122 
3118602220245 3118602190478 5373 
3118602220245 3118602190389 5963 
3118602220245 3118607110316 7712 
3118602220245 3118602220261 4701 
3118602220245 3118602190397 6287 
3118602220245 3118602190176 5736 
3118602220245 3118602191059 4208 
3118602220245 3118602191040 3591 
3118602220245 3118602190451 7260 
3118602220245 3118602190206 7749 
3118602220245 3118602190966 9239 
3118602220245 3118602190400 7160 
3118602220245 3118602190877 7749 
3118602220245 3118602190826 14100 
3118602220245 3118602190729 17130 
3118602220245 3118602190656 17130 
3118602220245 3118602190834 16823 
3118602220245 3118602190710 17083 
3118602220245 3118602190796 17241 
3118602220245 3118602190648 17508 
3118602220245 3118602190818 13700 
3118602220245 3118602190885 9131 
3118602220245 3118607053355 9059 
3118602220245 3118602190192 3586 
3118602220245 3118602190214 2828 
3118602220245 3118602190680 2916 
3118602220245 3118602190753 2583 
3118602220245 3118602190141 3582 
3118602220245 3118602220245 0 
3118602220245 3118602190788 3000 
3118602220245 CLU_2943 4580 
3118602220245 CLU_2961 6574 
3118602220245 CLU_2970 7705 
3118602220245 CLU_2971 7859 
3118602220245 CLU_3051 5122 
3118602220245 CLU_3055 6373 
3118602220245 CLU_3060 7006 
3118602220245 CLU_3084 8211 
3118602220245 CLU_3086 15670 
3118602220245 CLU_3087 16375 
3118602220245 CLU_3098 16185 
3118602220245 CLU_3108 13162 
3118602220245 CLU_3121 1920 
3118602220245 CLU_3128 3831 
3118602220245 CLU_3141 3468 
3118602220245 CLU_3143 2320 
3118602220245 CLU_3160 2470 
3118602220245 CLU_3166 1860 
3118602220245 CLU_3176 1604 
3118602220245 CLU_3200 867 
3118602220245 CLU_3214 2881 
3118602220245 CLU_7923 9835 
3118602190788 3118602190990 0 
3118602190788 3118602191229 517 
3118602190788 3118602190591 1089 
3118602190788 3118602190567 3149 
3118602190788 3118602190532 4094 
3118602190788 3118602190494 4895 
3118602190788 3118602190869 3563 
3118602190788 3118602190605 4200 
3118602190788 3118602190109 3526 
3118602190788 3118607116306 6600 
3118602190788 3118602190931 6266 
3118602190788 3118602190923 7261 
3118602190788 3118602190893 8764 
3118602190788 3118602190486 6353 
3118602190788 3118602190915 8751 
3118602190788 3118602190222 7689 
3118602190788 3118604696077 4219 
3118602190788 3118602191024 4869 
3118602190788 3118602190478 5344 
3118602190788 3118602190389 5907 
3118602190788 3118607110316 6948 
3118602190788 3118602220261 3952 
3118602190788 3118602190397 5784 
3118602190788 3118602190176 4003 
3118602190788 3118602191059 3470 
3118602190788 3118602191040 4186 
3118602190788 3118602190451 7691 
3118602190788 3118602190206 8099 
3118602190788 3118602190966 9401 
3118602190788 3118602190400 7291 
3118602190788 3118602190877 8099 
3118602190788 3118602190826 12721 
3118602190788 3118602190729 15426 
3118602190788 3118602190656 15426 
3118602190788 3118602190834 15185 
3118602190788 3118602190710 15155 
3118602190788 3118602190796 15407 
3118602190788 3118602190648 15735 
3118602190788 3118602190818 12222 
3118602190788 3118602190885 6970 
3118602190788 3118607053355 8956 
3118602190788 3118602190192 6171 
3118602190788 3118602190214 5582 
3118602190788 3118602190680 5917 
3118602190788 3118602190753 4391 
3118602190788 3118602190141 6464 
3118602190788 3118602220245 3000 
3118602190788 3118602190788 0 
3118602190788 CLU_2943 1747 
3118602190788 CLU_2961 3577 
3118602190788 CLU_2970 4713 
3118602190788 CLU_2971 4893 
3118602190788 CLU_3051 4869 
3118602190788 CLU_3055 4906 
3118602190788 CLU_3060 5364 
3118602190788 CLU_3084 8266 
3118602190788 CLU_3086 14157 
3118602190788 CLU_3087 14791 
3118602190788 CLU_3098 14408 
3118602190788 CLU_3108 10707 
3118602190788 CLU_3121 3349 
3118602190788 CLU_3128 5968 
3118602190788 CLU_3141 6400 
3118602190788 CLU_3143 5261 
3118602190788 CLU_3160 5468 
3118602190788 CLU_3166 4428 
3118602190788 CLU_3176 4551 
3118602190788 CLU_3200 2351 
3118602190788 CLU_3214 1776 
3118602190788 CLU_7923 7402 
;

param D0_1 := 
CLU_1001 3118602190990 3089 
CLU_1001 3118602191229 2824 
CLU_1001 3118602190591 2001 
CLU_1001 3118602190567 525 
CLU_1001 3118602190532 1259 
CLU_1001 3118602190494 1824 
CLU_1001 3118602190869 2046 
CLU_1001 3118602190605 3152 
CLU_1001 3118602190109 3307 
CLU_1001 3118607116306 3809 
CLU_1001 3118602190931 3500 
CLU_1001 3118602190923 4941 
CLU_1001 3118602190893 6127 
CLU_1001 3118602190486 4240 
CLU_1001 3118602190915 6289 
CLU_1001 3118602190222 5037 
CLU_1001 3118604696077 6135 
CLU_1001 3118602191024 7224 
CLU_1001 3118602190478 7757 
CLU_1001 3118602190389 8235 
CLU_1001 3118607110316 8645 
CLU_1001 3118602220261 6183 
CLU_1001 3118602190397 7838 
CLU_1001 3118602190176 5350 
CLU_1001 3118602191059 5832 
CLU_1001 3118602191040 7018 
CLU_1001 3118602190451 10137 
CLU_1001 3118602190206 10473 
CLU_1001 3118602190966 11581 
CLU_1001 3118602190400 9594 
CLU_1001 3118602190877 10473 
CLU_1001 3118602190826 13335 
CLU_1001 3118602190729 15524 
CLU_1001 3118602190656 15524 
CLU_1001 3118602190834 15377 
CLU_1001 3118602190710 14957 
CLU_1001 3118602190796 15330 
CLU_1001 3118602190648 15731 
CLU_1001 3118602190818 12743 
CLU_1001 3118602190885 7019 
CLU_1001 3118607053355 10981 
CLU_1001 3118602190192 8532 
CLU_1001 3118602190214 8133 
CLU_1001 3118602190680 8791 
CLU_1001 3118602190753 7459 
CLU_1001 3118602190141 9489 
CLU_1001 3118602220245 5931 
CLU_1001 3118602190788 3089 
CLU_1001 CLU_2943 1360 
CLU_1001 CLU_2961 1387 
CLU_1001 CLU_2970 2131 
CLU_1001 CLU_2971 2072 
CLU_1001 CLU_3051 7224 
CLU_1001 CLU_3055 6292 
CLU_1001 CLU_3060 6448 
CLU_1001 CLU_3084 10447 
CLU_1001 CLU_3086 14545 
CLU_1001 CLU_3087 15066 
CLU_1001 CLU_3098 14448 
CLU_1001 CLU_3108 9847 
CLU_1001 CLU_3121 5553 
CLU_1001 CLU_3128 7993 
CLU_1001 CLU_3141 9099 
CLU_1001 CLU_3143 8017 
CLU_1001 CLU_3160 8323 
CLU_1001 CLU_3166 7502 
CLU_1001 CLU_3176 7530 
CLU_1001 CLU_3200 5139 
CLU_1001 CLU_3214 3426 
CLU_1001 CLU_7923 6889 
CLU_1126 3118602190990 3815 
CLU_1126 3118602191229 3529 
CLU_1126 3118602190591 4243 
CLU_1126 3118602190567 5972 
CLU_1126 3118602190532 6865 
CLU_1126 3118602190494 7247 
CLU_1126 3118602190869 6999 
CLU_1126 3118602190605 7848 
CLU_1126 3118602190109 7299 
CLU_1126 3118607116306 9403 
CLU_1126 3118602190931 9102 
CLU_1126 3118602190923 10493 
CLU_1126 3118602190893 11733 
CLU_1126 3118602190486 9695 
CLU_1126 3118602190915 11887 
CLU_1126 3118602190222 10644 
CLU_1126 3118604696077 7517 
CLU_1126 3118602191024 7643 
CLU_1126 3118602190478 7966 
CLU_1126 3118602190389 8565 
CLU_1126 3118607110316 10131 
CLU_1126 3118602220261 7027 
CLU_1126 3118602190397 8766 
CLU_1126 3118602190176 7629 
CLU_1126 3118602191059 6505 
CLU_1126 3118602191040 6257 
CLU_1126 3118602190451 9976 
CLU_1126 3118602190206 10458 
CLU_1126 3118602190966 11931 
CLU_1126 3118602190400 9826 
CLU_1126 3118602190877 10458 
CLU_1126 3118602190826 16304 
CLU_1126 3118602190729 19147 
CLU_1126 3118602190656 19147 
CLU_1126 3118602190834 18883 
CLU_1126 3118602190710 18936 
CLU_1126 3118602190796 19166 
CLU_1126 3118602190648 19478 
CLU_1126 3118602190818 15846 
CLU_1126 3118602190885 10770 
CLU_1126 3118607053355 11698 
CLU_1126 3118602190192 3057 
CLU_1126 3118602190214 2934 
CLU_1126 3118602190680 4224 
CLU_1126 3118602190753 5323 
CLU_1126 3118602190141 5466 
CLU_1126 3118602220245 2748 
CLU_1126 3118602190788 3815 
CLU_1126 CLU_2943 4532 
CLU_1126 CLU_2961 6719 
CLU_1126 CLU_2970 7707 
CLU_1126 CLU_2971 7678 
CLU_1126 CLU_3051 7643 
CLU_1126 CLU_3055 8438 
CLU_1126 CLU_3060 8987 
CLU_1126 CLU_3084 10874 
CLU_1126 CLU_3086 17804 
CLU_1126 CLU_3087 18468 
CLU_1126 CLU_3098 18149 
CLU_1126 CLU_3108 14506 
CLU_1126 CLU_3121 828 
CLU_1126 CLU_3128 2385 
CLU_1126 CLU_3141 4039 
CLU_1126 CLU_3143 3266 
CLU_1126 CLU_3160 3790 
CLU_1126 CLU_3166 4428 
CLU_1126 CLU_3176 3728 
CLU_1126 CLU_3200 2252 
CLU_1126 CLU_3214 2291 
CLU_1126 CLU_7923 11212 
CLU_1175 3118602190990 5275 
CLU_1175 3118602191229 5103 
CLU_1175 3118602190591 4234 
CLU_1175 3118602190567 2138 
CLU_1175 3118602190532 1181 
CLU_1175 3118602190494 888 
CLU_1175 3118602190869 2380 
CLU_1175 3118602190605 3059 
CLU_1175 3118602190109 3836 
CLU_1175 3118607116306 1458 
CLU_1175 3118602190931 1175 
CLU_1175 3118602190923 2891 
CLU_1175 3118602190893 3801 
CLU_1175 3118602190486 2516 
CLU_1175 3118602190915 4051 
CLU_1175 3118602190222 2725 
CLU_1175 3118604696077 7322 
CLU_1175 3118602191024 8610 
CLU_1175 3118602190478 9151 
CLU_1175 3118602190389 9536 
CLU_1175 3118607110316 9444 
CLU_1175 3118602220261 7570 
CLU_1175 3118602190397 8960 
CLU_1175 3118602190176 6289 
CLU_1175 3118602191059 7340 
CLU_1175 3118602191040 8787 
CLU_1175 3118602190451 11446 
CLU_1175 3118602190206 11708 
CLU_1175 3118602190966 12613 
CLU_1175 3118602190400 10806 
CLU_1175 3118602190877 11708 
CLU_1175 3118602190826 13057 
CLU_1175 3118602190729 14786 
CLU_1175 3118602190656 14786 
CLU_1175 3118602190834 14713 
CLU_1175 3118602190710 14015 
CLU_1175 3118602190796 14468 
CLU_1175 3118602190648 14912 
CLU_1175 3118602190818 12417 
CLU_1175 3118602190885 6751 
CLU_1175 3118607053355 11908 
CLU_1175 3118602190192 10897 
CLU_1175 3118602190214 10499 
CLU_1175 3118602190680 11114 
CLU_1175 3118602190753 9496 
CLU_1175 3118602190141 11739 
CLU_1175 3118602220245 8224 
CLU_1175 3118602190788 5275 
CLU_1175 CLU_2943 3658 
CLU_1175 CLU_2961 1846 
CLU_1175 CLU_2970 889 
CLU_1175 CLU_2971 427 
CLU_1175 CLU_3051 8610 
CLU_1175 CLU_3055 7106 
CLU_1175 CLU_3060 7031 
CLU_1175 CLU_3084 11523 
CLU_1175 CLU_3086 14054 
CLU_1175 CLU_3087 14474 
CLU_1175 CLU_3098 13696 
CLU_1175 CLU_3108 8610 
CLU_1175 CLU_3121 7919 
CLU_1175 CLU_3128 10331 
CLU_1175 CLU_3141 11456 
CLU_1175 CLU_3143 10364 
CLU_1175 CLU_3160 10650 
CLU_1175 CLU_3166 9692 
CLU_1175 CLU_3176 9808 
CLU_1175 CLU_3200 7463 
CLU_1175 CLU_3214 5793 
CLU_1175 CLU_7923 6190 
CLU_1177 3118602190990 7874 
CLU_1177 3118602191229 7715 
CLU_1177 3118602190591 6844 
CLU_1177 3118602190567 4750 
CLU_1177 3118602190532 3791 
CLU_1177 3118602190494 3227 
CLU_1177 3118602190869 4672 
CLU_1177 3118602190605 4917 
CLU_1177 3118602190109 5886 
CLU_1177 3118607116306 1347 
CLU_1177 3118602190931 1677 
CLU_1177 3118602190923 2336 
CLU_1177 3118602190893 1741 
CLU_1177 3118602190486 2913 
CLU_1177 3118602190915 2365 
CLU_1177 3118602190222 1232 
CLU_1177 3118604696077 9433 
CLU_1177 3118602191024 10794 
CLU_1177 3118602190478 11325 
CLU_1177 3118602190389 11640 
CLU_1177 3118607110316 11192 
CLU_1177 3118602220261 9789 
CLU_1177 3118602190397 10962 
CLU_1177 3118602190176 8306 
CLU_1177 3118602191059 9634 
CLU_1177 3118602191040 11186 
CLU_1177 3118602190451 13511 
CLU_1177 3118602190206 13714 
CLU_1177 3118602190966 14447 
CLU_1177 3118602190400 12816 
CLU_1177 3118602190877 13714 
CLU_1177 3118602190826 13672 
CLU_1177 3118602190729 14828 
CLU_1177 3118602190656 14828 
CLU_1177 3118602190834 14845 
CLU_1177 3118602190710 13832 
CLU_1177 3118602190796 14370 
CLU_1177 3118602190648 14854 
CLU_1177 3118602190818 13004 
CLU_1177 3118602190885 7773 
CLU_1177 3118607053355 13677 
CLU_1177 3118602190192 13463 
CLU_1177 3118602190214 13092 
CLU_1177 3118602190680 13727 
CLU_1177 3118602190753 12019 
CLU_1177 3118602190141 14338 
CLU_1177 3118602220245 10836 
CLU_1177 3118602190788 7874 
CLU_1177 CLU_2943 6271 
CLU_1177 CLU_2961 4348 
CLU_1177 CLU_2970 3215 
CLU_1177 CLU_2971 2981 
CLU_1177 CLU_3051 10794 
CLU_1177 CLU_3055 8986 
CLU_1177 CLU_3060 8751 
CLU_1177 CLU_3084 13416 
CLU_1177 CLU_3086 14402 
CLU_1177 CLU_3087 14695 
CLU_1177 CLU_3098 13755 
CLU_1177 CLU_3108 8313 
CLU_1177 CLU_3121 10496 
CLU_1177 CLU_3128 12847 
CLU_1177 CLU_3141 14061 
CLU_1177 CLU_3143 12974 
CLU_1177 CLU_3160 13263 
CLU_1177 CLU_3166 12275 
CLU_1177 CLU_3176 12416 
CLU_1177 CLU_3200 10076 
CLU_1177 CLU_3214 8376 
CLU_1177 CLU_7923 6833 
CLU_1178 3118602190990 9472 
CLU_1178 3118602191229 9380 
CLU_1178 3118602190591 8502 
CLU_1178 3118602190567 6454 
CLU_1178 3118602190532 5508 
CLU_1178 3118602190494 5119 
CLU_1178 3118602190869 6024 
CLU_1178 3118602190605 5940 
CLU_1178 3118602190109 6950 
CLU_1178 3118607116306 2935 
CLU_1178 3118602190931 3251 
CLU_1178 3118602190923 2580 
CLU_1178 3118602190893 804 
CLU_1178 3118602190486 3533 
CLU_1178 3118602190915 1360 
CLU_1178 3118602190222 1788 
CLU_1178 3118604696077 10369 
CLU_1178 3118602191024 11767 
CLU_1178 3118602190478 12275 
CLU_1178 3118602190389 12511 
CLU_1178 3118607110316 11741 
CLU_1178 3118602220261 10823 
CLU_1178 3118602190397 11749 
CLU_1178 3118602190176 9198 
CLU_1178 3118602191059 10752 
CLU_1178 3118602191040 12395 
CLU_1178 3118602190451 14306 
CLU_1178 3118602190206 14447 
CLU_1178 3118602190966 15000 
CLU_1178 3118602190400 13569 
CLU_1178 3118602190877 14447 
CLU_1178 3118602190826 13224 
CLU_1178 3118602190729 13935 
CLU_1178 3118602190656 13935 
CLU_1178 3118602190834 14014 
CLU_1178 3118602190710 12801 
CLU_1178 3118602190796 13387 
CLU_1178 3118602190648 13889 
CLU_1178 3118602190818 12552 
CLU_1178 3118602190885 7894 
CLU_1178 3118607053355 14182 
CLU_1178 3118602190192 15277 
CLU_1178 3118602190214 14858 
CLU_1178 3118602190680 15383 
CLU_1178 3118602190753 13401 
CLU_1178 3118602190141 15890 
CLU_1178 3118602220245 12469 
CLU_1178 3118602190788 9472 
CLU_1178 CLU_2943 7984 
CLU_1178 CLU_2961 5894 
CLU_1178 CLU_2970 4767 
CLU_1178 CLU_2971 4680 
CLU_1178 CLU_3051 11767 
CLU_1178 CLU_3055 9728 
CLU_1178 CLU_3060 9367 
CLU_1178 CLU_3084 14043 
CLU_1178 CLU_3086 13738 
CLU_1178 CLU_3087 13932 
CLU_1178 CLU_3098 12895 
CLU_1178 CLU_3108 7393 
CLU_1178 CLU_3121 12297 
CLU_1178 CLU_3128 14715 
CLU_1178 CLU_3141 15788 
CLU_1178 CLU_3143 14677 
CLU_1178 CLU_3160 14928 
CLU_1178 CLU_3166 13784 
CLU_1178 CLU_3176 14017 
CLU_1178 CLU_3200 11755 
CLU_1178 CLU_3214 10169 
CLU_1178 CLU_7923 6747 
CLU_1205 3118602190990 7288 
CLU_1205 3118602191229 7129 
CLU_1205 3118602190591 6258 
CLU_1205 3118602190567 4164 
CLU_1205 3118602190532 3205 
CLU_1205 3118602190494 2664 
CLU_1205 3118602190869 4117 
CLU_1205 3118602190605 4422 
CLU_1205 3118602190109 5373 
CLU_1205 3118607116306 823 
CLU_1205 3118602190931 1132 
CLU_1205 3118602190923 2197 
CLU_1205 3118602190893 2084 
CLU_1205 3118602190486 2592 
CLU_1205 3118602190915 2596 
CLU_1205 3118602190222 1266 
CLU_1205 3118604696077 8925 
CLU_1205 3118602191024 10276 
CLU_1205 3118602190478 10810 
CLU_1205 3118602190389 11138 
CLU_1205 3118607110316 10755 
CLU_1205 3118602220261 9263 
CLU_1205 3118602190397 10477 
CLU_1205 3118602190176 7811 
CLU_1205 3118602191059 9096 
CLU_1205 3118602191040 10631 
CLU_1205 3118602190451 13018 
CLU_1205 3118602190206 13233 
CLU_1205 3118602190966 14000 
CLU_1205 3118602190400 12333 
CLU_1205 3118602190877 13233 
CLU_1205 3118602190826 13473 
CLU_1205 3118602190729 14758 
CLU_1205 3118602190656 14758 
CLU_1205 3118602190834 14754 
CLU_1205 3118602190710 13810 
CLU_1205 3118602190796 14330 
CLU_1205 3118602190648 14806 
CLU_1205 3118602190818 12809 
CLU_1205 3118602190885 7458 
CLU_1205 3118607053355 13241 
CLU_1205 3118602190192 12890 
CLU_1205 3118602190214 12513 
CLU_1205 3118602190680 13141 
CLU_1205 3118602190753 11444 
CLU_1205 3118602190141 13753 
CLU_1205 3118602220245 10249 
CLU_1205 3118602190788 7288 
CLU_1205 CLU_2943 5685 
CLU_1205 CLU_2961 3769 
CLU_1205 CLU_2970 2641 
CLU_1205 CLU_2971 2395 
CLU_1205 CLU_3051 10276 
CLU_1205 CLU_3055 8517 
CLU_1205 CLU_3060 8310 
CLU_1205 CLU_3084 12956 
CLU_1205 CLU_3086 14263 
CLU_1205 CLU_3087 14585 
CLU_1205 CLU_3098 13678 
CLU_1205 CLU_3108 8288 
CLU_1205 CLU_3121 9920 
CLU_1205 CLU_3128 12285 
CLU_1205 CLU_3141 13478 
CLU_1205 CLU_3143 12390 
CLU_1205 CLU_3160 12678 
CLU_1205 CLU_3166 11691 
CLU_1205 CLU_3176 11830 
CLU_1205 CLU_3200 9490 
CLU_1205 CLU_3214 7798 
CLU_1205 CLU_7923 6585 
CLU_1233 3118602190990 5920 
CLU_1233 3118602191229 5767 
CLU_1233 3118602190591 4894 
CLU_1233 3118602190567 2804 
CLU_1233 3118602190532 1845 
CLU_1233 3118602190494 1488 
CLU_1233 3118602190869 2826 
CLU_1233 3118602190605 3312 
CLU_1233 3118602190109 4189 
CLU_1233 3118607116306 778 
CLU_1233 3118602190931 537 
CLU_1233 3118602190923 2367 
CLU_1233 3118602190893 3124 
CLU_1233 3118602190486 2195 
CLU_1233 3118602190915 3409 
CLU_1233 3118602190222 2058 
CLU_1233 3118604696077 7728 
CLU_1233 3118602191024 9049 
CLU_1233 3118602190478 9587 
CLU_1233 3118602190389 9946 
CLU_1233 3118607110316 9724 
CLU_1233 3118602220261 8021 
CLU_1233 3118602190397 9330 
CLU_1233 3118602190176 6652 
CLU_1233 3118602191059 7822 
CLU_1233 3118602191040 9318 
CLU_1233 3118602190451 11845 
CLU_1233 3118602190206 12086 
CLU_1233 3118602190966 12932 
CLU_1233 3118602190400 11184 
CLU_1233 3118602190877 12086 
CLU_1233 3118602190826 13002 
CLU_1233 3118602190729 14584 
CLU_1233 3118602190656 14584 
CLU_1233 3118602190834 14534 
CLU_1233 3118602190710 13755 
CLU_1233 3118602190796 14230 
CLU_1233 3118602190648 14685 
CLU_1233 3118602190818 12352 
CLU_1233 3118602190885 6773 
CLU_1233 3118607053355 12203 
CLU_1233 3118602190192 11584 
CLU_1233 3118602190214 11183 
CLU_1233 3118602190680 11782 
CLU_1233 3118602190753 10090 
CLU_1233 3118602190141 12385 
CLU_1233 3118602220245 8885 
CLU_1233 3118602190788 5920 
CLU_1233 CLU_2943 4332 
CLU_1233 CLU_2961 2412 
CLU_1233 CLU_2970 1309 
CLU_1233 CLU_2971 1027 
CLU_1233 CLU_3051 9049 
CLU_1233 CLU_3055 7422 
CLU_1233 CLU_3060 7288 
CLU_1233 CLU_3084 11860 
CLU_1233 CLU_3086 13930 
CLU_1233 CLU_3087 14318 
CLU_1233 CLU_3098 13495 
CLU_1233 CLU_3108 8293 
CLU_1233 CLU_3121 8606 
CLU_1233 CLU_3128 11018 
CLU_1233 CLU_3141 12135 
CLU_1233 CLU_3143 11040 
CLU_1233 CLU_3160 11319 
CLU_1233 CLU_3166 10323 
CLU_1233 CLU_3176 10464 
CLU_1233 CLU_3200 8133 
CLU_1233 CLU_3214 6479 
CLU_1233 CLU_7923 6090 
CLU_1273 3118602190990 7020 
CLU_1273 3118602191229 7007 
CLU_1273 3118602190591 7876 
CLU_1273 3118602190567 9894 
CLU_1273 3118602190532 10844 
CLU_1273 3118602190494 11391 
CLU_1273 3118602190869 10579 
CLU_1273 3118602190605 11183 
CLU_1273 3118602190109 10389 
CLU_1273 3118607116306 13420 
CLU_1273 3118602190931 13099 
CLU_1273 3118602190923 14262 
CLU_1273 3118602190893 15686 
CLU_1273 3118602190486 13369 
CLU_1273 3118602190915 15734 
CLU_1273 3118602190222 14597 
CLU_1273 3118604696077 9095 
CLU_1273 3118602191024 8512 
CLU_1273 3118602190478 8569 
CLU_1273 3118602190389 9074 
CLU_1273 3118607110316 11109 
CLU_1273 3118602220261 8422 
CLU_1273 3118602190397 9661 
CLU_1273 3118602190176 9729 
CLU_1273 3118602191059 7999 
CLU_1273 3118602191040 6798 
CLU_1273 3118602190451 9741 
CLU_1273 3118602190206 10239 
CLU_1273 3118602190966 11736 
CLU_1273 3118602190400 9936 
CLU_1273 3118602190877 10239 
CLU_1273 3118602190826 17623 
CLU_1273 3118602190729 20821 
CLU_1273 3118602190656 20821 
CLU_1273 3118602190834 20474 
CLU_1273 3118602190710 20913 
CLU_1273 3118602190796 21014 
CLU_1273 3118602190648 21239 
CLU_1273 3118602190818 17301 
CLU_1273 3118602190885 13164 
CLU_1273 3118607053355 11824 
CLU_1273 3118602190192 1438 
CLU_1273 3118602190214 1499 
CLU_1273 3118602190680 1747 
CLU_1273 3118602190753 5169 
CLU_1273 3118602190141 2884 
CLU_1273 3118602220245 4139 
CLU_1273 3118602190788 7020 
CLU_1273 CLU_2943 8365 
CLU_1273 CLU_2961 10505 
CLU_1273 CLU_2970 11599 
CLU_1273 CLU_2971 11673 
CLU_1273 CLU_3051 8512 
CLU_1273 CLU_3055 10238 
CLU_1273 CLU_3060 10907 
CLU_1273 CLU_3084 10921 
CLU_1273 CLU_3086 19254 
CLU_1273 CLU_3087 19996 
CLU_1273 CLU_3098 19934 
CLU_1273 CLU_3108 17254 
CLU_1273 CLU_3121 4122 
CLU_1273 CLU_3128 2576 
CLU_1273 CLU_3141 731 
CLU_1273 CLU_3143 1832 
CLU_1273 CLU_3160 1925 
CLU_1273 CLU_3166 3964 
CLU_1273 CLU_3176 3079 
CLU_1273 CLU_3200 4669 
CLU_1273 CLU_3214 6218 
CLU_1273 CLU_7923 13938 
CLU_1296 3118602190990 5592 
CLU_1296 3118602191229 5337 
CLU_1296 3118602190591 6064 
CLU_1296 3118602190567 7760 
CLU_1296 3118602190532 8633 
CLU_1296 3118602190494 8947 
CLU_1296 3118602190869 8819 
CLU_1296 3118602190605 9667 
CLU_1296 3118602190109 9100 
CLU_1296 3118607116306 11143 
CLU_1296 3118602190931 10850 
CLU_1296 3118602190923 12287 
CLU_1296 3118602190893 13483 
CLU_1296 3118602190486 11503 
CLU_1296 3118602190915 13662 
CLU_1296 3118602190222 12398 
CLU_1296 3118604696077 9036 
CLU_1296 3118602191024 8970 
CLU_1296 3118602190478 9224 
CLU_1296 3118602190389 9811 
CLU_1296 3118607110316 11543 
CLU_1296 3118602220261 8485 
CLU_1296 3118602190397 10130 
CLU_1296 3118602190176 9274 
CLU_1296 3118602191059 7974 
CLU_1296 3118602191040 7429 
CLU_1296 3118602190451 11021 
CLU_1296 3118602190206 11519 
CLU_1296 3118602190966 13025 
CLU_1296 3118602190400 10979 
CLU_1296 3118602190877 11519 
CLU_1296 3118602190826 17859 
CLU_1296 3118602190729 20789 
CLU_1296 3118602190656 20789 
CLU_1296 3118602190834 20508 
CLU_1296 3118602190710 20634 
CLU_1296 3118602190796 20841 
CLU_1296 3118602190648 21138 
CLU_1296 3118602190818 17429 
CLU_1296 3118602190885 12503 
CLU_1296 3118607053355 12889 
CLU_1296 3118602190192 1949 
CLU_1296 3118602190214 2367 
CLU_1296 3118602190680 3988 
CLU_1296 3118602190753 6192 
CLU_1296 3118602190141 5400 
CLU_1296 3118602220245 3851 
CLU_1296 3118602190788 5592 
CLU_1296 CLU_2943 6344 
CLU_1296 CLU_2961 8524 
CLU_1296 CLU_2970 9490 
CLU_1296 CLU_2971 9436 
CLU_1296 CLU_3051 8970 
CLU_1296 CLU_3055 10029 
CLU_1296 CLU_3060 10614 
CLU_1296 CLU_3084 12028 
CLU_1296 CLU_3086 19395 
CLU_1296 CLU_3087 20079 
CLU_1296 CLU_3098 19810 
CLU_1296 CLU_3108 16298 
CLU_1296 CLU_3121 2288 
CLU_1296 CLU_3128 837 
CLU_1296 CLU_3141 3363 
CLU_1296 CLU_3143 3118 
CLU_1296 CLU_3160 3685 
CLU_1296 CLU_3166 5078 
CLU_1296 CLU_3176 4163 
CLU_1296 CLU_3200 3693 
CLU_1296 CLU_3214 4111 
CLU_1296 CLU_7923 12993 
CLU_1307 3118602190990 6498 
CLU_1307 3118602191229 6475 
CLU_1307 3118602190591 7342 
CLU_1307 3118602190567 9355 
CLU_1307 3118602190532 10303 
CLU_1307 3118602190494 10848 
CLU_1307 3118602190869 10053 
CLU_1307 3118602190605 10671 
CLU_1307 3118602190109 9889 
CLU_1307 3118607116306 12880 
CLU_1307 3118602190931 12559 
CLU_1307 3118602190923 13731 
CLU_1307 3118602190893 15148 
CLU_1307 3118602190486 12843 
CLU_1307 3118602190915 15201 
CLU_1307 3118602190222 14059 
CLU_1307 3118604696077 8699 
CLU_1307 3118602191024 8176 
CLU_1307 3118602190478 8261 
CLU_1307 3118602190389 8782 
CLU_1307 3118607110316 10786 
CLU_1307 3118602220261 8035 
CLU_1307 3118602190397 9335 
CLU_1307 3118602190176 9295 
CLU_1307 3118602191059 7598 
CLU_1307 3118602191040 6467 
CLU_1307 3118602190451 9541 
CLU_1307 3118602190206 10043 
CLU_1307 3118602190966 11550 
CLU_1307 3118602190400 9698 
CLU_1307 3118602190877 10043 
CLU_1307 3118602190826 17296 
CLU_1307 3118602190729 20465 
CLU_1307 3118602190656 20465 
CLU_1307 3118602190834 20126 
CLU_1307 3118602190710 20528 
CLU_1307 3118602190796 20641 
CLU_1307 3118602190648 20875 
CLU_1307 3118602190818 16959 
CLU_1307 3118602190885 12724 
CLU_1307 3118607053355 11600 
CLU_1307 3118602190192 1030 
CLU_1307 3118602190214 956 
CLU_1307 3118602190680 1553 
CLU_1307 3118602190753 4869 
CLU_1307 3118602190141 2864 
CLU_1307 3118602220245 3651 
CLU_1307 3118602190788 6498 
CLU_1307 CLU_2943 7826 
CLU_1307 CLU_2961 9971 
CLU_1307 CLU_2970 11061 
CLU_1307 CLU_2971 11132 
CLU_1307 CLU_3051 8176 
CLU_1307 CLU_3055 9832 
CLU_1307 CLU_3060 10496 
CLU_1307 CLU_3084 10699 
CLU_1307 CLU_3086 18918 
CLU_1307 CLU_3087 19654 
CLU_1307 CLU_3098 19566 
CLU_1307 CLU_3108 16795 
CLU_1307 CLU_3121 3579 
CLU_1307 CLU_3128 2190 
CLU_1307 CLU_3141 525 
CLU_1307 CLU_3143 1385 
CLU_1307 CLU_3160 1603 
CLU_1307 CLU_3166 3644 
CLU_1307 CLU_3176 2713 
CLU_1307 CLU_3200 4148 
CLU_1307 CLU_3214 5674 
CLU_1307 CLU_7923 13473 
CLU_1344 3118602190990 6405 
CLU_1344 3118602191229 6395 
CLU_1344 3118602190591 7265 
CLU_1344 3118602190567 9290 
CLU_1344 3118602190532 10241 
CLU_1344 3118602190494 10800 
CLU_1344 3118602190869 9964 
CLU_1344 3118602190605 10567 
CLU_1344 3118602190109 9776 
CLU_1344 3118607116306 12817 
CLU_1344 3118602190931 12494 
CLU_1344 3118602190923 13648 
CLU_1344 3118602190893 15078 
CLU_1344 3118602190486 12754 
CLU_1344 3118602190915 15122 
CLU_1344 3118602190222 13989 
CLU_1344 3118604696077 8539 
CLU_1344 3118602191024 8002 
CLU_1344 3118602190478 8083 
CLU_1344 3118602190389 8602 
CLU_1344 3118607110316 10611 
CLU_1344 3118602220261 7873 
CLU_1344 3118602190397 9160 
CLU_1344 3118602190176 9148 
CLU_1344 3118602191059 7439 
CLU_1344 3118602191040 6292 
CLU_1344 3118602190451 9354 
CLU_1344 3118602190206 9855 
CLU_1344 3118602190966 11362 
CLU_1344 3118602190400 9513 
CLU_1344 3118602190877 9855 
CLU_1344 3118602190826 17122 
CLU_1344 3118602190729 20297 
CLU_1344 3118602190656 20297 
CLU_1344 3118602190834 19956 
CLU_1344 3118602190710 20366 
CLU_1344 3118602190796 20477 
CLU_1344 3118602190648 20708 
CLU_1344 3118602190818 16788 
CLU_1344 3118602190885 12579 
CLU_1344 3118607053355 11414 
CLU_1344 3118602190192 1152 
CLU_1344 3118602190214 925 
CLU_1344 3118602190680 1365 
CLU_1344 3118602190753 4689 
CLU_1344 3118602190141 2684 
CLU_1344 3118602220245 3528 
CLU_1344 3118602190788 6405 
CLU_1344 CLU_2943 7760 
CLU_1344 CLU_2961 9894 
CLU_1344 CLU_2970 10991 
CLU_1344 CLU_2971 11070 
CLU_1344 CLU_3051 8002 
CLU_1344 CLU_3055 9676 
CLU_1344 CLU_3060 10341 
CLU_1344 CLU_3084 10513 
CLU_1344 CLU_3086 18746 
CLU_1344 CLU_3087 19483 
CLU_1344 CLU_3098 19400 
CLU_1344 CLU_3108 16659 
CLU_1344 CLU_3121 3549 
CLU_1344 CLU_3128 2306 
CLU_1344 CLU_3141 349 
CLU_1344 CLU_3143 1237 
CLU_1344 CLU_3160 1422 
CLU_1344 CLU_3166 3467 
CLU_1344 CLU_3176 2543 
CLU_1344 CLU_3200 4053 
CLU_1344 CLU_3214 5627 
CLU_1344 CLU_7923 13339 
CLU_1359 3118602190990 6167 
CLU_1359 3118602191229 6253 
CLU_1359 3118602190591 7129 
CLU_1359 3118602190567 9211 
CLU_1359 3118602190532 10171 
CLU_1359 3118602190494 10824 
CLU_1359 3118602190869 9714 
CLU_1359 3118602190605 10209 
CLU_1359 3118602190109 9352 
CLU_1359 3118607116306 12728 
CLU_1359 3118602190931 12398 
CLU_1359 3118602190923 13418 
CLU_1359 3118602190893 14929 
CLU_1359 3118602190486 12492 
CLU_1359 3118602190915 14915 
CLU_1359 3118602190222 13850 
CLU_1359 3118604696077 7746 
CLU_1359 3118602191024 7080 
CLU_1359 3118602190478 7111 
CLU_1359 3118602190389 7604 
CLU_1359 3118607110316 9658 
CLU_1359 3118602220261 7061 
CLU_1359 3118602190397 8216 
CLU_1359 3118602190176 8460 
CLU_1359 3118602191059 6666 
CLU_1359 3118602191040 5366 
CLU_1359 3118602190451 8247 
CLU_1359 3118602190206 8745 
CLU_1359 3118602190966 10245 
CLU_1359 3118602190400 8444 
CLU_1359 3118602190877 8745 
CLU_1359 3118602190826 16172 
CLU_1359 3118602190729 19396 
CLU_1359 3118602190656 19396 
CLU_1359 3118602190834 19041 
CLU_1359 3118602190710 19525 
CLU_1359 3118602190796 19609 
CLU_1359 3118602190648 19822 
CLU_1359 3118602190818 15863 
CLU_1359 3118602190885 11898 
CLU_1359 3118607053355 10330 
CLU_1359 3118602190192 2229 
CLU_1359 3118602190214 1600 
CLU_1359 3118602190680 288 
CLU_1359 3118602190753 3715 
CLU_1359 3118602190141 1519 
CLU_1359 3118602220245 3169 
CLU_1359 3118602190788 6167 
CLU_1359 CLU_2943 7687 
CLU_1359 CLU_2961 9735 
CLU_1359 CLU_2970 10860 
CLU_1359 CLU_2971 10993 
CLU_1359 CLU_3051 7080 
CLU_1359 CLU_3055 8903 
CLU_1359 CLU_3060 9582 
CLU_1359 CLU_3084 9426 
CLU_1359 CLU_3086 17810 
CLU_1359 CLU_3087 18558 
CLU_1359 CLU_3098 18525 
CLU_1359 CLU_3108 16030 
CLU_1359 CLU_3121 3821 
CLU_1359 CLU_3128 3312 
CLU_1359 CLU_3141 842 
CLU_1359 CLU_3143 1075 
CLU_1359 CLU_3160 699 
CLU_1359 CLU_3166 2546 
CLU_1359 CLU_3176 1778 
CLU_1359 CLU_3200 3882 
CLU_1359 CLU_3214 5717 
CLU_1359 CLU_7923 12737 
CLU_1818 3118602190990 8722 
CLU_1818 3118602191229 9226 
CLU_1818 3118602190591 9589 
CLU_1818 3118602190567 10967 
CLU_1818 3118602190532 11610 
CLU_1818 3118602190494 12639 
CLU_1818 3118602190869 10153 
CLU_1818 3118602190605 9673 
CLU_1818 3118602190109 8742 
CLU_1818 3118607116306 13272 
CLU_1818 3118602190931 12974 
CLU_1818 3118602190923 12774 
CLU_1818 3118602190893 14544 
CLU_1818 3118602190486 11862 
CLU_1818 3118602190915 14108 
CLU_1818 3118602190222 13769 
CLU_1818 3118604696077 5210 
CLU_1818 3118602191024 3992 
CLU_1818 3118602190478 3459 
CLU_1818 3118602190389 3004 
CLU_1818 3118607110316 3810 
CLU_1818 3118602220261 5038 
CLU_1818 3118602190397 3622 
CLU_1818 3118602190176 6285 
CLU_1818 3118602191059 5393 
CLU_1818 3118602191040 4677 
CLU_1818 3118602190451 1088 
CLU_1818 3118602190206 917 
CLU_1818 3118602190966 1674 
CLU_1818 3118602190400 1777 
CLU_1818 3118602190877 917 
CLU_1818 3118602190826 8772 
CLU_1818 3118602190729 12202 
CLU_1818 3118602190656 12202 
CLU_1818 3118602190834 11750 
CLU_1818 3118602190710 12834 
CLU_1818 3118602190796 12682 
CLU_1818 3118602190648 12730 
CLU_1818 3118602190818 8730 
CLU_1818 3118602190885 8001 
CLU_1818 3118607053355 2222 
CLU_1818 3118602190192 10724 
CLU_1818 3118602190214 9871 
CLU_1818 3118602190680 8536 
CLU_1818 3118602190753 5583 
CLU_1818 3118602190141 7412 
CLU_1818 3118602220245 8091 
CLU_1818 3118602190788 8722 
CLU_1818 CLU_2943 10182 
CLU_1818 CLU_2961 10767 
CLU_1818 CLU_2970 11666 
CLU_1818 CLU_2971 12111 
CLU_1818 CLU_3051 3992 
CLU_1818 CLU_3055 5626 
CLU_1818 CLU_3060 5994 
CLU_1818 CLU_3084 1615 
CLU_1818 CLU_3086 10421 
CLU_1818 CLU_3087 11214 
CLU_1818 CLU_3098 11605 
CLU_1818 CLU_3108 11602 
CLU_1818 CLU_3121 10004 
CLU_1818 CLU_3128 11490 
CLU_1818 CLU_3141 9590 
CLU_1818 CLU_3143 8986 
CLU_1818 CLU_3160 8544 
CLU_1818 CLU_3166 6719 
CLU_1818 CLU_3176 7683 
CLU_1818 CLU_3200 8647 
CLU_1818 CLU_3214 10090 
CLU_1818 CLU_7923 9295 
CLU_1821 3118602190990 8769 
CLU_1821 3118602191229 9281 
CLU_1821 3118602190591 9581 
CLU_1821 3118602190567 10847 
CLU_1821 3118602190532 11444 
CLU_1821 3118602190494 12477 
CLU_1821 3118602190869 9948 
CLU_1821 3118602190605 9400 
CLU_1821 3118602190109 8501 
CLU_1821 3118607116306 12994 
CLU_1821 3118602190931 12704 
CLU_1821 3118602190923 12412 
CLU_1821 3118602190893 14173 
CLU_1821 3118602190486 11520 
CLU_1821 3118602190915 13712 
CLU_1821 3118602190222 13433 
CLU_1821 3118604696077 5028 
CLU_1821 3118602191024 3933 
CLU_1821 3118602190478 3430 
CLU_1821 3118602190389 2898 
CLU_1821 3118607110316 3303 
CLU_1821 3118602220261 4951 
CLU_1821 3118602190397 3362 
CLU_1821 3118602190176 6037 
CLU_1821 3118602191059 5356 
CLU_1821 3118602191040 4866 
CLU_1821 3118602190451 1123 
CLU_1821 3118602190206 669 
CLU_1821 3118602190966 1015 
CLU_1821 3118602190400 1532 
CLU_1821 3118602190877 669 
CLU_1821 3118602190826 8056 
CLU_1821 3118602190729 11486 
CLU_1821 3118602190656 11486 
CLU_1821 3118602190834 11035 
CLU_1821 3118602190710 12120 
CLU_1821 3118602190796 11966 
CLU_1821 3118602190648 12014 
CLU_1821 3118602190818 8015 
CLU_1821 3118602190885 7488 
CLU_1821 3118607053355 1506 
CLU_1821 3118602190192 11166 
CLU_1821 3118602190214 10305 
CLU_1821 3118602190680 9026 
CLU_1821 3118602190753 5941 
CLU_1821 3118602190141 7957 
CLU_1821 3118602220245 8380 
CLU_1821 3118602190788 8769 
CLU_1821 CLU_2943 10152 
CLU_1821 CLU_2961 10592 
CLU_1821 CLU_2970 11445 
CLU_1821 CLU_2971 11905 
CLU_1821 CLU_3051 3933 
CLU_1821 CLU_3055 5303 
CLU_1821 CLU_3060 5605 
CLU_1821 CLU_3084 995 
CLU_1821 CLU_3086 9707 
CLU_1821 CLU_3087 10499 
CLU_1821 CLU_3098 10890 
CLU_1821 CLU_3108 10986 
CLU_1821 CLU_3121 10276 
CLU_1821 CLU_3128 11886 
CLU_1821 CLU_3141 10083 
CLU_1821 CLU_3143 9424 
CLU_1821 CLU_3160 9006 
CLU_1821 CLU_3166 7117 
CLU_1821 CLU_3176 8093 
CLU_1821 CLU_3200 8883 
CLU_1821 CLU_3214 10218 
CLU_1821 CLU_7923 8785 
CLU_1826 3118602190990 7959 
CLU_1826 3118602191229 8462 
CLU_1826 3118602190591 8836 
CLU_1826 3118602190567 10250 
CLU_1826 3118602190532 10912 
CLU_1826 3118602190494 11938 
CLU_1826 3118602190869 9477 
CLU_1826 3118602190605 9039 
CLU_1826 3118602190109 8090 
CLU_1826 3118607116306 12635 
CLU_1826 3118602190931 12332 
CLU_1826 3118602190923 12201 
CLU_1826 3118602190893 13975 
CLU_1826 3118602190486 11275 
CLU_1826 3118602190915 13563 
CLU_1826 3118602190222 13173 
CLU_1826 3118604696077 4541 
CLU_1826 3118602191024 3272 
CLU_1826 3118602190478 2734 
CLU_1826 3118602190389 2323 
CLU_1826 3118607110316 3465 
CLU_1826 3118602220261 4322 
CLU_1826 3118602190397 3030 
CLU_1826 3118602190176 5649 
CLU_1826 3118602191059 4656 
CLU_1826 3118602191040 3907 
CLU_1826 3118602190451 510 
CLU_1826 3118602190206 758 
CLU_1826 3118602190966 2133 
CLU_1826 3118602190400 1290 
CLU_1826 3118602190877 758 
CLU_1826 3118602190826 8949 
CLU_1826 3118602190729 12373 
CLU_1826 3118602190656 12373 
CLU_1826 3118602190834 11936 
CLU_1826 3118602190710 12920 
CLU_1826 3118602190796 12808 
CLU_1826 3118602190648 12886 
CLU_1826 3118602190818 8850 
CLU_1826 3118602190885 7605 
CLU_1826 3118607053355 2431 
CLU_1826 3118602190192 10048 
CLU_1826 3118602190214 9189 
CLU_1826 3118602190680 7897 
CLU_1826 3118602190753 4856 
CLU_1826 3118602190141 6829 
CLU_1826 3118602220245 7341 
CLU_1826 3118602190788 7959 
CLU_1826 CLU_2943 9435 
CLU_1826 CLU_2961 10075 
CLU_1826 CLU_2970 10996 
CLU_1826 CLU_2971 11432 
CLU_1826 CLU_3051 3272 
CLU_1826 CLU_3055 5052 
CLU_1826 CLU_3060 5475 
CLU_1826 CLU_3084 1613 
CLU_1826 CLU_3086 10615 
CLU_1826 CLU_3087 11406 
CLU_1826 CLU_3098 11720 
CLU_1826 CLU_3108 11352 
CLU_1826 CLU_3121 9250 
CLU_1826 CLU_3128 10786 
CLU_1826 CLU_3141 8953 
CLU_1826 CLU_3143 8307 
CLU_1826 CLU_3160 7882 
CLU_1826 CLU_3166 6013 
CLU_1826 CLU_3176 6985 
CLU_1826 CLU_3200 7885 
CLU_1826 CLU_3214 9320 
CLU_1826 CLU_7923 8887 
CLU_1868 3118602190990 5178 
CLU_1868 3118602191229 5436 
CLU_1868 3118602190591 6254 
CLU_1868 3118602190567 8327 
CLU_1868 3118602190532 9266 
CLU_1868 3118602190494 10068 
CLU_1868 3118602190869 8504 
CLU_1868 3118602190605 8800 
CLU_1868 3118602190109 7860 
CLU_1868 3118607116306 11724 
CLU_1868 3118602190931 11387 
CLU_1868 3118602190923 12157 
CLU_1868 3118602190893 13782 
CLU_1868 3118602190486 11195 
CLU_1868 3118602190915 13671 
CLU_1868 3118602190222 12738 
CLU_1868 3118604696077 5732 
CLU_1868 3118602191024 4927 
CLU_1868 3118602190478 4918 
CLU_1868 3118602190389 5396 
CLU_1868 3118607110316 7469 
CLU_1868 3118602220261 5034 
CLU_1868 3118602190397 6038 
CLU_1868 3118602190176 6576 
CLU_1868 3118602191059 4701 
CLU_1868 3118602191040 3231 
CLU_1868 3118602190451 6065 
CLU_1868 3118602190206 6567 
CLU_1868 3118602190966 8076 
CLU_1868 3118602190400 6233 
CLU_1868 3118602190877 6567 
CLU_1868 3118602190826 13977 
CLU_1868 3118602190729 17228 
CLU_1868 3118602190656 17228 
CLU_1868 3118602190834 16864 
CLU_1868 3118602190710 17403 
CLU_1868 3118602190796 17464 
CLU_1868 3118602190648 17664 
CLU_1868 3118602190818 13683 
CLU_1868 3118602190885 9975 
CLU_1868 3118607053355 8127 
CLU_1868 3118602190192 4085 
CLU_1868 3118602190214 3241 
CLU_1868 3118602190680 1957 
CLU_1868 3118602190753 1567 
CLU_1868 3118602190141 1451 
CLU_1868 3118602220245 2522 
CLU_1868 3118602190788 5178 
CLU_1868 CLU_2943 6891 
CLU_1868 CLU_2961 8685 
CLU_1868 CLU_2970 9826 
CLU_1868 CLU_2971 10051 
CLU_1868 CLU_3051 4927 
CLU_1868 CLU_3055 6898 
CLU_1868 CLU_3060 7584 
CLU_1868 CLU_3084 7225 
CLU_1868 CLU_3086 15622 
CLU_1868 CLU_3087 16376 
CLU_1868 CLU_3098 16375 
CLU_1868 CLU_3108 14146 
CLU_1868 CLU_3121 4155 
CLU_1868 CLU_3128 4924 
CLU_1868 CLU_3141 3006 
CLU_1868 CLU_3143 2355 
CLU_1868 CLU_3160 1903 
CLU_1868 CLU_3166 751 
CLU_1868 CLU_3176 1206 
CLU_1868 CLU_3200 3387 
CLU_1868 CLU_3214 5397 
CLU_1868 CLU_7923 10913 
CLU_1889 3118602190990 11201 
CLU_1889 3118602191229 11708 
CLU_1889 3118602190591 11712 
CLU_1889 3118602190567 12325 
CLU_1889 3118602190532 12632 
CLU_1889 3118602190494 13625 
CLU_1889 3118602190869 11040 
CLU_1889 3118602190605 10151 
CLU_1889 3118602190109 9540 
CLU_1889 3118607116306 13421 
CLU_1889 3118602190931 13202 
CLU_1889 3118602190923 12321 
CLU_1889 3118602190893 13914 
CLU_1889 3118602190486 11628 
CLU_1889 3118602190915 13297 
CLU_1889 3118602190222 13457 
CLU_1889 3118604696077 6982 
CLU_1889 3118602191024 6652 
CLU_1889 3118602190478 6378 
CLU_1889 3118602190389 5796 
CLU_1889 3118607110316 4253 
CLU_1889 3118602220261 7326 
CLU_1889 3118602190397 5529 
CLU_1889 3118602190176 7437 
CLU_1889 3118602191059 7845 
CLU_1889 3118602191040 8188 
CLU_1889 3118602190451 5058 
CLU_1889 3118602190206 4593 
CLU_1889 3118602190966 3284 
CLU_1889 3118602190400 4780 
CLU_1889 3118602190877 4593 
CLU_1889 3118602190826 4113 
CLU_1889 3118602190729 7461 
CLU_1889 3118602190656 7461 
CLU_1889 3118602190834 6980 
CLU_1889 3118602190710 8328 
CLU_1889 3118602190796 8055 
CLU_1889 3118602190648 8018 
CLU_1889 3118602190818 4286 
CLU_1889 3118602190885 6793 
CLU_1889 3118607053355 2922 
CLU_1889 3118602190192 14938 
CLU_1889 3118602190214 14070 
CLU_1889 3118602190680 12970 
CLU_1889 3118602190753 9636 
CLU_1889 3118602190141 12042 
CLU_1889 3118602220245 11750 
CLU_1889 3118602190788 11201 
CLU_1889 CLU_2943 12134 
CLU_1889 CLU_2961 11795 
CLU_1889 CLU_2970 12325 
CLU_1889 CLU_2971 12836 
CLU_1889 CLU_3051 6652 
CLU_1889 CLU_3055 6476 
CLU_1889 CLU_3060 6294 
CLU_1889 CLU_3084 3821 
CLU_1889 CLU_3086 5658 
CLU_1889 CLU_3087 6439 
CLU_1889 CLU_3098 7040 
CLU_1889 CLU_3108 8824 
CLU_1889 CLU_3121 13513 
CLU_1889 CLU_3128 15503 
CLU_1889 CLU_3141 14017 
CLU_1889 CLU_3143 13220 
CLU_1889 CLU_3160 12874 
CLU_1889 CLU_3166 10867 
CLU_1889 CLU_3176 11844 
CLU_1889 CLU_3200 12045 
CLU_1889 CLU_3214 12901 
CLU_1889 CLU_7923 7909 
CLU_1894 3118602190990 13438 
CLU_1894 3118602191229 13887 
CLU_1894 3118602190591 13615 
CLU_1894 3118602190567 13537 
CLU_1894 3118602190532 13523 
CLU_1894 3118602190494 14369 
CLU_1894 3118602190869 12044 
CLU_1894 3118602190605 10968 
CLU_1894 3118602190109 10748 
CLU_1894 3118607116306 13446 
CLU_1894 3118602190931 13326 
CLU_1894 3118602190923 11931 
CLU_1894 3118602190893 13156 
CLU_1894 3118602190486 11547 
CLU_1894 3118602190915 12436 
CLU_1894 3118602190222 13052 
CLU_1894 3118604696077 9533 
CLU_1894 3118602191024 9808 
CLU_1894 3118602190478 9735 
CLU_1894 3118602190389 9253 
CLU_1894 3118607110316 7195 
CLU_1894 3118602220261 10103 
CLU_1894 3118602190397 8645 
CLU_1894 3118602190176 9439 
CLU_1894 3118602191059 10604 
CLU_1894 3118602191040 11514 
CLU_1894 3118602190451 9160 
CLU_1894 3118602190206 8766 
CLU_1894 3118602190966 7685 
CLU_1894 3118602190400 8665 
CLU_1894 3118602190877 8766 
CLU_1894 3118602190826 716 
CLU_1894 3118602190729 2938 
CLU_1894 3118602190656 2938 
CLU_1894 3118602190834 2459 
CLU_1894 3118602190710 3930 
CLU_1894 3118602190796 3569 
CLU_1894 3118602190648 3497 
CLU_1894 3118602190818 1299 
CLU_1894 3118602190885 7043 
CLU_1894 3118607053355 7113 
CLU_1894 3118602190192 18271 
CLU_1894 3118602190214 17424 
CLU_1894 3118602190680 16572 
CLU_1894 3118602190753 13135 
CLU_1894 3118602190141 15854 
CLU_1894 3118602220245 14804 
CLU_1894 3118602190788 13438 
CLU_1894 CLU_2943 13852 
CLU_1894 CLU_2961 12804 
CLU_1894 CLU_2970 12944 
CLU_1894 CLU_2971 13446 
CLU_1894 CLU_3051 9808 
CLU_1894 CLU_3055 8584 
CLU_1894 CLU_3060 8075 
CLU_1894 CLU_3084 7918 
CLU_1894 CLU_3086 1134 
CLU_1894 CLU_3087 1918 
CLU_1894 CLU_3098 2639 
CLU_1894 CLU_3108 6597 
CLU_1894 CLU_3121 16327 
CLU_1894 CLU_3128 18635 
CLU_1894 CLU_3141 17577 
CLU_1894 CLU_3143 16638 
CLU_1894 CLU_3160 16389 
CLU_1894 CLU_3166 14342 
CLU_1894 CLU_3176 15271 
CLU_1894 CLU_3200 14879 
CLU_1894 CLU_3214 15214 
CLU_1894 CLU_7923 7555 
CLU_2922 3118602190990 4081 
CLU_2922 3118602191229 4435 
CLU_2922 3118602190591 5169 
CLU_2922 3118602190567 7169 
CLU_2922 3118602190532 8078 
CLU_2922 3118602190494 8947 
CLU_2922 3118602190869 7177 
CLU_2922 3118602190605 7385 
CLU_2922 3118602190109 6421 
CLU_2922 3118607116306 10455 
CLU_2922 3118602190931 10118 
CLU_2922 3118602190923 10775 
CLU_2922 3118602190893 12437 
CLU_2922 3118602190486 9804 
CLU_2922 3118602190915 12289 
CLU_2922 3118602190222 11413 
CLU_2922 3118604696077 4229 
CLU_2922 3118602191024 3535 
CLU_2922 3118602190478 3618 
CLU_2922 3118602190389 4155 
CLU_2922 3118607110316 6140 
CLU_2922 3118602220261 3534 
CLU_2922 3118602190397 4689 
CLU_2922 3118602190176 5056 
CLU_2922 3118602191059 3184 
CLU_2922 3118602191040 1822 
CLU_2922 3118602190451 5180 
CLU_2922 3118602190206 5680 
CLU_2922 3118602190966 7191 
CLU_2922 3118602190400 5187 
CLU_2922 3118602190877 5680 
CLU_2922 3118602190826 12651 
CLU_2922 3118602190729 15847 
CLU_2922 3118602190656 15847 
CLU_2922 3118602190834 15498 
CLU_2922 3118602190710 15970 
CLU_2922 3118602190796 16053 
CLU_2922 3118602190648 16270 
CLU_2922 3118602190818 12324 
CLU_2922 3118602190885 8458 
CLU_2922 3118607053355 7107 
CLU_2922 3118602190192 5026 
CLU_2922 3118602190214 4159 
CLU_2922 3118602190680 3271 
CLU_2922 3118602190753 389 
CLU_2922 3118602190141 2966 
CLU_2922 3118602220245 2196 
CLU_2922 3118602190788 4081 
CLU_2922 CLU_2943 5828 
CLU_2922 CLU_2961 7432 
CLU_2922 CLU_2970 8564 
CLU_2922 CLU_2971 8831 
CLU_2922 CLU_3051 3535 
CLU_2922 CLU_3055 5394 
CLU_2922 CLU_3060 6079 
CLU_2922 CLU_3084 6225 
CLU_2922 CLU_3086 14279 
CLU_2922 CLU_3087 15020 
CLU_2922 CLU_3098 14970 
CLU_2922 CLU_3108 12628 
CLU_2922 CLU_3121 4112 
CLU_2922 CLU_3128 5628 
CLU_2922 CLU_3141 4247 
CLU_2922 CLU_3143 3326 
CLU_2922 CLU_3160 3056 
CLU_2922 CLU_3166 1013 
CLU_2922 CLU_3176 1946 
CLU_2922 CLU_3200 2900 
CLU_2922 CLU_3214 4739 
CLU_2922 CLU_7923 9394 
CLU_2923 3118602190990 4391 
CLU_2923 3118602191229 4763 
CLU_2923 3118602190591 5475 
CLU_2923 3118602190567 7447 
CLU_2923 3118602190532 8345 
CLU_2923 3118602190494 9231 
CLU_2923 3118602190869 7392 
CLU_2923 3118602190605 7550 
CLU_2923 3118602190109 6572 
CLU_2923 3118607116306 10689 
CLU_2923 3118602190931 10352 
CLU_2923 3118602190923 10955 
CLU_2923 3118602190893 12634 
CLU_2923 3118602190486 9980 
CLU_2923 3118602190915 12466 
CLU_2923 3118602190222 11621 
CLU_2923 3118604696077 4180 
CLU_2923 3118602191024 3370 
CLU_2923 3118602190478 3400 
CLU_2923 3118602190389 3913 
CLU_2923 3118607110316 5943 
CLU_2923 3118602220261 3482 
CLU_2923 3118602190397 4500 
CLU_2923 3118602190176 5074 
CLU_2923 3118602191059 3179 
CLU_2923 3118602191040 1666 
CLU_2923 3118602190451 4845 
CLU_2923 3118602190206 5346 
CLU_2923 3118602190966 6861 
CLU_2923 3118602190400 4886 
CLU_2923 3118602190877 5346 
CLU_2923 3118602190826 12458 
CLU_2923 3118602190729 15683 
CLU_2923 3118602190656 15683 
CLU_2923 3118602190834 15326 
CLU_2923 3118602190710 15840 
CLU_2923 3118602190796 15908 
CLU_2923 3118602190648 16114 
CLU_2923 3118602190818 12147 
CLU_2923 3118602190885 8441 
CLU_2923 3118607053355 6805 
CLU_2923 3118602190192 5305 
CLU_2923 3118602190214 4436 
CLU_2923 3118602190680 3438 
CLU_2923 3118602190753 0 
CLU_2923 3118602190141 2968 
CLU_2923 3118602220245 2583 
CLU_2923 3118602190788 4391 
CLU_2923 CLU_2943 6136 
CLU_2923 CLU_2961 7678 
CLU_2923 CLU_2970 8804 
CLU_2923 CLU_2971 9086 
CLU_2923 CLU_3051 3370 
CLU_2923 CLU_3055 5345 
CLU_2923 CLU_3060 6032 
CLU_2923 CLU_3084 5916 
CLU_2923 CLU_3086 14095 
CLU_2923 CLU_3087 14842 
CLU_2923 CLU_3098 14821 
CLU_2923 CLU_3108 12618 
CLU_2923 CLU_3121 4497 
CLU_2923 CLU_3128 5951 
CLU_2923 CLU_3141 4446 
CLU_2923 CLU_3143 3583 
CLU_2923 CLU_3160 3267 
CLU_2923 CLU_3166 1231 
CLU_2923 CLU_3176 2207 
CLU_2923 CLU_3200 3289 
CLU_2923 CLU_3214 5112 
CLU_2923 CLU_7923 9414 
CLU_2925 3118602190990 1581 
CLU_2925 3118602191229 1882 
CLU_2925 3118602190591 2662 
CLU_2925 3118602190567 4729 
CLU_2925 3118602190532 5671 
CLU_2925 3118602190494 6475 
CLU_2925 3118602190869 5013 
CLU_2925 3118602190605 5484 
CLU_2925 3118602190109 4655 
CLU_2925 3118607116306 8153 
CLU_2925 3118602190931 7817 
CLU_2925 3118602190923 8713 
CLU_2925 3118602190893 10272 
CLU_2925 3118602190486 7776 
CLU_2925 3118602190915 10218 
CLU_2925 3118602190222 9209 
CLU_2925 3118604696077 4062 
CLU_2925 3118602191024 4240 
CLU_2925 3118602190478 4616 
CLU_2925 3118602190389 5214 
CLU_2925 3118607110316 6674 
CLU_2925 3118602220261 3566 
CLU_2925 3118602190397 5330 
CLU_2925 3118602190176 4294 
CLU_2925 3118602191059 3044 
CLU_2925 3118602191040 3089 
CLU_2925 3118602190451 6806 
CLU_2925 3118602190206 7260 
CLU_2925 3118602190966 8672 
CLU_2925 3118602190400 6541 
CLU_2925 3118602190877 7260 
CLU_2925 3118602190826 12873 
CLU_2925 3118602190729 15794 
CLU_2925 3118602190656 15794 
CLU_2925 3118602190834 15510 
CLU_2925 3118602190710 15671 
CLU_2925 3118602190796 15861 
CLU_2925 3118602190648 16149 
CLU_2925 3118602190818 12434 
CLU_2925 3118602190885 7622 
CLU_2925 3118607053355 8354 
CLU_2925 3118602190192 5106 
CLU_2925 3118602190214 4396 
CLU_2925 3118602190680 4461 
CLU_2925 3118602190753 2897 
CLU_2925 3118602190141 4901 
CLU_2925 3118602220245 1599 
CLU_2925 3118602190788 1581 
CLU_2925 CLU_2943 3309 
CLU_2925 CLU_2961 5117 
CLU_2925 CLU_2970 6258 
CLU_2925 CLU_2971 6462 
CLU_2925 CLU_3051 4240 
CLU_2925 CLU_3055 5031 
CLU_2925 CLU_3060 5620 
CLU_2925 CLU_3084 7573 
CLU_2925 CLU_3086 14399 
CLU_2925 CLU_3087 15080 
CLU_2925 CLU_3098 14822 
CLU_2925 CLU_3108 11601 
CLU_2925 CLU_3121 2741 
CLU_2925 CLU_3128 5167 
CLU_2925 CLU_3141 5067 
CLU_2925 CLU_3143 3918 
CLU_2925 CLU_3160 4035 
CLU_2925 CLU_3166 2846 
CLU_2925 CLU_3176 3032 
CLU_2925 CLU_3200 1310 
CLU_2925 CLU_3214 2343 
CLU_2925 CLU_7923 8271 
CLU_2926 3118602190990 2603 
CLU_2926 3118602191229 2957 
CLU_2926 3118602190591 3692 
CLU_2926 3118602190567 5712 
CLU_2926 3118602190532 6633 
CLU_2926 3118602190494 7482 
CLU_2926 3118602190869 5821 
CLU_2926 3118602190605 6143 
CLU_2926 3118602190109 5228 
CLU_2926 3118607116306 9054 
CLU_2926 3118602190931 8717 
CLU_2926 3118602190923 9478 
CLU_2926 3118602190893 11098 
CLU_2926 3118602190486 8520 
CLU_2926 3118602190915 10992 
CLU_2926 3118602190222 10055 
CLU_2926 3118604696077 3803 
CLU_2926 3118602191024 3625 
CLU_2926 3118602190478 3910 
CLU_2926 3118602190389 4507 
CLU_2926 3118607110316 6199 
CLU_2926 3118602220261 3188 
CLU_2926 3118602190397 4782 
CLU_2926 3118602190176 4328 
CLU_2926 3118602191059 2702 
CLU_2926 3118602191040 2200 
CLU_2926 3118602190451 5940 
CLU_2926 3118602190206 6414 
CLU_2926 3118602190966 7872 
CLU_2926 3118602190400 5761 
CLU_2926 3118602190877 6414 
CLU_2926 3118602190826 12585 
CLU_2926 3118602190729 15633 
CLU_2926 3118602190656 15633 
CLU_2926 3118602190834 15320 
CLU_2926 3118602190710 15616 
CLU_2926 3118602190796 15760 
CLU_2926 3118602190648 16018 
CLU_2926 3118602190818 12190 
CLU_2926 3118602190885 7760 
CLU_2926 3118607053355 7633 
CLU_2926 3118602190192 5045 
CLU_2926 3118602190214 4239 
CLU_2926 3118602190680 3909 
CLU_2926 3118602190753 1807 
CLU_2926 3118602190141 4079 
CLU_2926 3118602220245 1517 
CLU_2926 3118602190788 2603 
CLU_2926 CLU_2943 4350 
CLU_2926 CLU_2961 6018 
CLU_2926 CLU_2970 7157 
CLU_2926 CLU_2971 7401 
CLU_2926 CLU_3051 3625 
CLU_2926 CLU_3055 4899 
CLU_2926 CLU_3060 5549 
CLU_2926 CLU_3084 6809 
CLU_2926 CLU_3086 14160 
CLU_2926 CLU_3087 14869 
CLU_2926 CLU_3098 14698 
CLU_2926 CLU_3108 11858 
CLU_2926 CLU_3121 3260 
CLU_2926 CLU_3128 5348 
CLU_2926 CLU_3141 4689 
CLU_2926 CLU_3143 3582 
CLU_2926 CLU_3160 3546 
CLU_2926 CLU_3166 1947 
CLU_2926 CLU_3176 2416 
CLU_2926 CLU_3200 1823 
CLU_2926 CLU_3214 3377 
CLU_2926 CLU_7923 8552 
CLU_2927 3118602190990 2303 
CLU_2927 3118602191229 2693 
CLU_2927 3118602190591 3386 
CLU_2927 3118602190567 5377 
CLU_2927 3118602190532 6289 
CLU_2927 3118602190494 7154 
CLU_2927 3118602190869 5447 
CLU_2927 3118602190605 5758 
CLU_2927 3118602190109 4843 
CLU_2927 3118607116306 8692 
CLU_2927 3118602190931 8355 
CLU_2927 3118602190923 9098 
CLU_2927 3118602190893 10723 
CLU_2927 3118602190486 8138 
CLU_2927 3118602190915 10612 
CLU_2927 3118602190222 9683 
CLU_2927 3118604696077 3535 
CLU_2927 3118602191024 3482 
CLU_2927 3118602190478 3811 
CLU_2927 3118602190389 4411 
CLU_2927 3118607110316 6011 
CLU_2927 3118602220261 2951 
CLU_2927 3118602190397 4617 
CLU_2927 3118602190176 3996 
CLU_2927 3118602191059 2448 
CLU_2927 3118602191040 2199 
CLU_2927 3118602190451 5935 
CLU_2927 3118602190206 6397 
CLU_2927 3118602190966 7831 
CLU_2927 3118602190400 5706 
CLU_2927 3118602190877 6397 
CLU_2927 3118602190826 12345 
CLU_2927 3118602190729 15361 
CLU_2927 3118602190656 15361 
CLU_2927 3118602190834 15055 
CLU_2927 3118602190710 15318 
CLU_2927 3118602190796 15472 
CLU_2927 3118602190648 15738 
CLU_2927 3118602190818 11938 
CLU_2927 3118602190885 7418 
CLU_2927 3118607053355 7551 
CLU_2927 3118602190192 5341 
CLU_2927 3118602190214 4553 
CLU_2927 3118602190680 4284 
CLU_2927 3118602190753 2088 
CLU_2927 3118602190141 4462 
CLU_2927 3118602220245 1769 
CLU_2927 3118602190788 2303 
CLU_2927 CLU_2943 4047 
CLU_2927 CLU_2961 5659 
CLU_2927 CLU_2970 6796 
CLU_2927 CLU_2971 7049 
CLU_2927 CLU_3051 3482 
CLU_2927 CLU_3055 4604 
CLU_2927 CLU_3060 5242 
CLU_2927 CLU_3084 6747 
CLU_2927 CLU_3086 13907 
CLU_2927 CLU_3087 14609 
CLU_2927 CLU_3098 14416 
CLU_2927 CLU_3108 11501 
CLU_2927 CLU_3121 3379 
CLU_2927 CLU_3128 5586 
CLU_2927 CLU_3141 5044 
CLU_2927 CLU_3143 3926 
CLU_2927 CLU_3160 3912 
CLU_2927 CLU_3166 2328 
CLU_2927 CLU_3176 2792 
CLU_2927 CLU_3200 1911 
CLU_2927 CLU_3214 3249 
CLU_2927 CLU_7923 8190 
CLU_2928 3118602190990 2209 
CLU_2928 3118602191229 2572 
CLU_2928 3118602190591 3297 
CLU_2928 3118602190567 5316 
CLU_2928 3118602190532 6239 
CLU_2928 3118602190494 7086 
CLU_2928 3118602190869 5446 
CLU_2928 3118602190605 5797 
CLU_2928 3118602190109 4900 
CLU_2928 3118607116306 8668 
CLU_2928 3118602190931 8330 
CLU_2928 3118602190923 9114 
CLU_2928 3118602190893 10724 
CLU_2928 3118602190486 8159 
CLU_2928 3118602190915 10627 
CLU_2928 3118602190222 9677 
CLU_2928 3118604696077 3723 
CLU_2928 3118602191024 3694 
CLU_2928 3118602190478 4024 
CLU_2928 3118602190389 4624 
CLU_2928 3118607110316 6218 
CLU_2928 3118602220261 3149 
CLU_2928 3118602190397 4827 
CLU_2928 3118602190176 4148 
CLU_2928 3118602191059 2642 
CLU_2928 3118602191040 2403 
CLU_2928 3118602190451 6142 
CLU_2928 3118602190206 6605 
CLU_2928 3118602190966 8042 
CLU_2928 3118602190400 5917 
CLU_2928 3118602190877 6605 
CLU_2928 3118602190826 12539 
CLU_2928 3118602190729 15543 
CLU_2928 3118602190656 15543 
CLU_2928 3118602190834 15240 
CLU_2928 3118602190710 15488 
CLU_2928 3118602190796 15648 
CLU_2928 3118602190648 15917 
CLU_2928 3118602190818 12128 
CLU_2928 3118602190885 7560 
CLU_2928 3118607053355 7764 
CLU_2928 3118602190192 5177 
CLU_2928 3118602190214 4399 
CLU_2928 3118602190680 4194 
CLU_2928 3118602190753 2191 
CLU_2928 3118602190141 4439 
CLU_2928 3118602220245 1594 
CLU_2928 3118602190788 2209 
CLU_2928 CLU_2943 3956 
CLU_2928 CLU_2961 5630 
CLU_2928 CLU_2970 6770 
CLU_2928 CLU_2971 7009 
CLU_2928 CLU_3051 3694 
CLU_2928 CLU_3055 4780 
CLU_2928 CLU_3060 5411 
CLU_2928 CLU_3084 6959 
CLU_2928 CLU_3086 14097 
CLU_2928 CLU_3087 14796 
CLU_2928 CLU_3098 14594 
CLU_2928 CLU_3108 11626 
CLU_2928 CLU_3121 3169 
CLU_2928 CLU_3128 5397 
CLU_2928 CLU_3141 4924 
CLU_2928 CLU_3143 3797 
CLU_2928 CLU_3160 3809 
CLU_2928 CLU_3166 2318 
CLU_2928 CLU_3176 2709 
CLU_2928 CLU_3200 1699 
CLU_2928 CLU_3214 3065 
CLU_2928 CLU_7923 8309 
CLU_2929 3118602190990 2214 
CLU_2929 3118602191229 2538 
CLU_2929 3118602190591 3302 
CLU_2929 3118602190567 5349 
CLU_2929 3118602190532 6282 
CLU_2929 3118602190494 7107 
CLU_2929 3118602190869 5543 
CLU_2929 3118602190605 5932 
CLU_2929 3118602190109 5051 
CLU_2929 3118607116306 8736 
CLU_2929 3118602190931 8399 
CLU_2929 3118602190923 9225 
CLU_2929 3118602190893 10818 
CLU_2929 3118602190486 8275 
CLU_2929 3118602190915 10736 
CLU_2929 3118602190222 9764 
CLU_2929 3118604696077 3959 
CLU_2929 3118602191024 3922 
CLU_2929 3118602190478 4244 
CLU_2929 3118602190389 4843 
CLU_2929 3118607110316 6453 
CLU_2929 3118602220261 3387 
CLU_2929 3118602190397 5059 
CLU_2929 3118602190176 4370 
CLU_2929 3118602191059 2880 
CLU_2929 3118602191040 2593 
CLU_2929 3118602190451 6336 
CLU_2929 3118602190206 6804 
CLU_2929 3118602190966 8248 
CLU_2929 3118602190400 6127 
CLU_2929 3118602190877 6804 
CLU_2929 3118602190826 12777 
CLU_2929 3118602190729 15777 
CLU_2929 3118602190656 15777 
CLU_2929 3118602190834 15475 
CLU_2929 3118602190710 15718 
CLU_2929 3118602190796 15880 
CLU_2929 3118602190648 16150 
CLU_2929 3118602190818 12365 
CLU_2929 3118602190885 7774 
CLU_2929 3118607053355 7981 
CLU_2929 3118602190192 4952 
CLU_2929 3118602190214 4181 
CLU_2929 3118602190680 4028 
CLU_2929 3118602190753 2242 
CLU_2929 3118602190141 4337 
CLU_2929 3118602220245 1366 
CLU_2929 3118602190788 2214 
CLU_2929 CLU_2943 3954 
CLU_2929 CLU_2961 5697 
CLU_2929 CLU_2970 6838 
CLU_2929 CLU_2971 7062 
CLU_2929 CLU_3051 3922 
CLU_2929 CLU_3055 5012 
CLU_2929 CLU_3060 5641 
CLU_2929 CLU_3084 7171 
CLU_2929 CLU_3086 14333 
CLU_2929 CLU_3087 15032 
CLU_2929 CLU_3098 14827 
CLU_2929 CLU_3108 11829 
CLU_2929 CLU_3121 2938 
CLU_2929 CLU_3128 5161 
CLU_2929 CLU_3141 4731 
CLU_2929 CLU_3143 3597 
CLU_2929 CLU_3160 3632 
CLU_2929 CLU_3166 2239 
CLU_2929 CLU_3176 2553 
CLU_2929 CLU_3200 1472 
CLU_2929 CLU_3214 2929 
CLU_2929 CLU_7923 8509 
CLU_2930 3118602190990 2467 
CLU_2930 3118602191229 2772 
CLU_2930 3118602190591 3553 
CLU_2930 3118602190567 5610 
CLU_2930 3118602190532 6545 
CLU_2930 3118602190494 7363 
CLU_2930 3118602190869 5816 
CLU_2930 3118602190605 6203 
CLU_2930 3118602190109 5318 
CLU_2930 3118607116306 9006 
CLU_2930 3118602190931 8669 
CLU_2930 3118602190923 9499 
CLU_2930 3118602190893 11091 
CLU_2930 3118602190486 8549 
CLU_2930 3118602190915 11010 
CLU_2930 3118602190222 10037 
CLU_2930 3118604696077 4112 
CLU_2930 3118602191024 3988 
CLU_2930 3118602190478 4280 
CLU_2930 3118602190389 4877 
CLU_2930 3118607110316 6550 
CLU_2930 3118602220261 3516 
CLU_2930 3118602190397 5140 
CLU_2930 3118602190176 4576 
CLU_2930 3118602191059 3020 
CLU_2930 3118602191040 2571 
CLU_2930 3118602190451 6309 
CLU_2930 3118602190206 6784 
CLU_2930 3118602190966 8244 
CLU_2930 3118602190400 6133 
CLU_2930 3118602190877 6784 
CLU_2930 3118602190826 12914 
CLU_2930 3118602190729 15941 
CLU_2930 3118602190656 15941 
CLU_2930 3118602190834 15634 
CLU_2930 3118602190710 15902 
CLU_2930 3118602190796 16056 
CLU_2930 3118602190648 16320 
CLU_2930 3118602190818 12512 
CLU_2930 3118602190885 7993 
CLU_2930 3118607053355 8005 
CLU_2930 3118602190192 4757 
CLU_2930 3118602190214 3971 
CLU_2930 3118602190680 3765 
CLU_2930 3118602190753 2050 
CLU_2930 3118602190141 4064 
CLU_2930 3118602220245 1189 
CLU_2930 3118602190788 2467 
CLU_2930 CLU_2943 4202 
CLU_2930 CLU_2961 5966 
CLU_2930 CLU_2970 7108 
CLU_2930 CLU_2971 7328 
CLU_2930 CLU_3051 3988 
CLU_2930 CLU_3055 5188 
CLU_2930 CLU_3060 5827 
CLU_2930 CLU_3084 7181 
CLU_2930 CLU_3086 14482 
CLU_2930 CLU_3087 15186 
CLU_2930 CLU_3098 14998 
CLU_2930 CLU_3108 12063 
CLU_2930 CLU_3121 2889 
CLU_2930 CLU_3128 5015 
CLU_2930 CLU_3141 4487 
CLU_2930 CLU_3143 3360 
CLU_2930 CLU_3160 3376 
CLU_2930 CLU_3166 1971 
CLU_2930 CLU_3176 2285 
CLU_2930 CLU_3200 1451 
CLU_2930 CLU_3214 3073 
CLU_2930 CLU_7923 8747 
CLU_2931 3118602190990 2178 
CLU_2931 3118602191229 2437 
CLU_2931 3118602190591 3249 
CLU_2931 3118602190567 5327 
CLU_2931 3118602190532 6272 
CLU_2931 3118602190494 7063 
CLU_2931 3118602190869 5622 
CLU_2931 3118602190605 6073 
CLU_2931 3118602190109 5223 
CLU_2931 3118607116306 8762 
CLU_2931 3118602190931 8427 
CLU_2931 3118602190923 9319 
CLU_2931 3118602190893 10883 
CLU_2931 3118602190486 8380 
CLU_2931 3118602190915 10826 
CLU_2931 3118602190222 9820 
CLU_2931 3118604696077 4307 
CLU_2931 3118602191024 4289 
CLU_2931 3118602190478 4608 
CLU_2931 3118602190389 5208 
CLU_2931 3118607110316 6817 
CLU_2931 3118602220261 3745 
CLU_2931 3118602190397 5426 
CLU_2931 3118602190176 4677 
CLU_2931 3118602191059 3235 
CLU_2931 3118602191040 2939 
CLU_2931 3118602190451 6682 
CLU_2931 3118602190206 7153 
CLU_2931 3118602190966 8603 
CLU_2931 3118602190400 6485 
CLU_2931 3118602190877 7153 
CLU_2931 3118602190826 13128 
CLU_2931 3118602190729 16115 
CLU_2931 3118602190656 16115 
CLU_2931 3118602190834 15816 
CLU_2931 3118602190710 16040 
CLU_2931 3118602190796 16209 
CLU_2931 3118602190648 16484 
CLU_2931 3118602190818 12712 
CLU_2931 3118602190885 8061 
CLU_2931 3118607053355 8344 
CLU_2931 3118602190192 4651 
CLU_2931 3118602190214 3901 
CLU_2931 3118602190680 3866 
CLU_2931 3118602190753 2446 
CLU_2931 3118602190141 4292 
CLU_2931 3118602220245 1073 
CLU_2931 3118602190788 2178 
CLU_2931 CLU_2943 3887 
CLU_2931 CLU_2961 5727 
CLU_2931 CLU_2970 6868 
CLU_2931 CLU_2971 7067 
CLU_2931 CLU_3051 4289 
CLU_2931 CLU_3055 5345 
CLU_2931 CLU_3060 5965 
CLU_2931 CLU_3084 7530 
CLU_2931 CLU_3086 14680 
CLU_2931 CLU_3087 15376 
CLU_2931 CLU_3098 15159 
CLU_2931 CLU_3108 12089 
CLU_2931 CLU_3121 2571 
CLU_2931 CLU_3128 4819 
CLU_2931 CLU_3141 4509 
CLU_2931 CLU_3143 3365 
CLU_2931 CLU_3160 3449 
CLU_2931 CLU_3166 2256 
CLU_2931 CLU_3176 2424 
CLU_2931 CLU_3200 1106 
CLU_2931 CLU_3214 2670 
CLU_2931 CLU_7923 8763 
CLU_2932 3118602190990 2790 
CLU_2932 3118602191229 3255 
CLU_2932 3118602190591 3808 
CLU_2932 3118602190567 5642 
CLU_2932 3118602190532 6502 
CLU_2932 3118602190494 7432 
CLU_2932 3118602190869 5467 
CLU_2932 3118602190605 5605 
CLU_2932 3118602190109 4631 
CLU_2932 3118607116306 8780 
CLU_2932 3118602190931 8444 
CLU_2932 3118602190923 9010 
CLU_2932 3118602190893 10693 
CLU_2932 3118602190486 8035 
CLU_2932 3118602190915 10521 
CLU_2932 3118602190222 9686 
CLU_2932 3118604696077 2742 
CLU_2932 3118602191024 2588 
CLU_2932 3118602190478 2923 
CLU_2932 3118602190389 3522 
CLU_2932 3118607110316 5132 
CLU_2932 3118602220261 2113 
CLU_2932 3118602190397 3727 
CLU_2932 3118602190176 3367 
CLU_2932 3118602191059 1638 
CLU_2932 3118602191040 1417 
CLU_2932 3118602190451 5097 
CLU_2932 3118602190206 5548 
CLU_2932 3118602190966 6962 
CLU_2932 3118602190400 4833 
CLU_2932 3118602190877 5548 
CLU_2932 3118602190826 11508 
CLU_2932 3118602190729 14567 
CLU_2932 3118602190656 14567 
CLU_2932 3118602190834 14250 
CLU_2932 3118602190710 14570 
CLU_2932 3118602190796 14704 
CLU_2932 3118602190648 14956 
CLU_2932 3118602190818 11116 
CLU_2932 3118602190885 6804 
CLU_2932 3118607053355 6664 
CLU_2932 3118602190192 6104 
CLU_2932 3118602190214 5285 
CLU_2932 3118602190680 4804 
CLU_2932 3118602190753 1945 
CLU_2932 3118602190141 4734 
CLU_2932 3118602220245 2593 
CLU_2932 3118602190788 2790 
CLU_2932 CLU_2943 4462 
CLU_2932 CLU_2961 5795 
CLU_2932 CLU_2970 6906 
CLU_2932 CLU_2971 7214 
CLU_2932 CLU_3051 2588 
CLU_2932 CLU_3055 3861 
CLU_2932 CLU_3060 4524 
CLU_2932 CLU_3084 5869 
CLU_2932 CLU_3086 13085 
CLU_2932 CLU_3087 13797 
CLU_2932 CLU_3098 13638 
CLU_2932 CLU_3108 10943 
CLU_2932 CLU_3121 4273 
CLU_2932 CLU_3128 6425 
CLU_2932 CLU_3141 5659 
CLU_2932 CLU_3143 4586 
CLU_2932 CLU_3160 4485 
CLU_2932 CLU_3166 2637 
CLU_2932 CLU_3176 3327 
CLU_2932 CLU_3200 2805 
CLU_2932 CLU_3214 4021 
CLU_2932 CLU_7923 7669 
CLU_2933 3118602190990 1869 
CLU_2933 3118602191229 2371 
CLU_2933 3118602190591 2817 
CLU_2933 3118602190567 4599 
CLU_2933 3118602190532 5457 
CLU_2933 3118602190494 6388 
CLU_2933 3118602190869 4452 
CLU_2933 3118602190605 4668 
CLU_2933 3118602190109 3728 
CLU_2933 3118607116306 7752 
CLU_2933 3118602190931 7416 
CLU_2933 3118602190923 8045 
CLU_2933 3118602190893 9704 
CLU_2933 3118602190486 7076 
CLU_2933 3118602190915 9559 
CLU_2933 3118602190222 8684 
CLU_2933 3118604696077 2702 
CLU_2933 3118602191024 3063 
CLU_2933 3118602190478 3509 
CLU_2933 3118602190389 4087 
CLU_2933 3118607110316 5361 
CLU_2933 3118602220261 2257 
CLU_2933 3118602190397 4073 
CLU_2933 3118602190176 2948 
CLU_2933 3118602191059 1738 
CLU_2933 3118602191040 2353 
CLU_2933 3118602190451 5831 
CLU_2933 3118602190206 6249 
CLU_2933 3118602190966 7585 
CLU_2933 3118602190400 5461 
CLU_2933 3118602190877 6249 
CLU_2933 3118602190826 11502 
CLU_2933 3118602190729 14425 
CLU_2933 3118602190656 14425 
CLU_2933 3118602190834 14138 
CLU_2933 3118602190710 14320 
CLU_2933 3118602190796 14501 
CLU_2933 3118602190648 14784 
CLU_2933 3118602190818 11061 
CLU_2933 3118602190885 6331 
CLU_2933 3118607053355 7188 
CLU_2933 3118602190192 6383 
CLU_2933 3118602190214 5625 
CLU_2933 3118602190680 5424 
CLU_2933 3118602190753 2940 
CLU_2933 3118602190141 5562 
CLU_2933 3118602220245 2800 
CLU_2933 3118602190788 1869 
CLU_2933 CLU_2943 3460 
CLU_2933 CLU_2961 4755 
CLU_2933 CLU_2970 5872 
CLU_2933 CLU_2971 6172 
CLU_2933 CLU_3051 3063 
CLU_2933 CLU_3055 3658 
CLU_2933 CLU_3060 4255 
CLU_2933 CLU_3084 6459 
CLU_2933 CLU_3086 13026 
CLU_2933 CLU_3087 13708 
CLU_2933 CLU_3098 13457 
CLU_2933 CLU_3108 10382 
CLU_2933 CLU_3121 4112 
CLU_2933 CLU_3128 6520 
CLU_2933 CLU_3141 6169 
CLU_2933 CLU_3143 5041 
CLU_2933 CLU_3160 5049 
CLU_2933 CLU_3166 3425 
CLU_2933 CLU_3176 3932 
CLU_2933 CLU_3200 2679 
CLU_2933 CLU_3214 3359 
CLU_2933 CLU_7923 7064 
CLU_2934 3118602190990 2103 
CLU_2934 3118602191229 2620 
CLU_2934 3118602190591 2909 
CLU_2934 3118602190567 4502 
CLU_2934 3118602190532 5308 
CLU_2934 3118602190494 6276 
CLU_2934 3118602190869 4177 
CLU_2934 3118602190605 4282 
CLU_2934 3118602190109 3311 
CLU_2934 3118607116306 7501 
CLU_2934 3118602190931 7167 
CLU_2934 3118602190923 7688 
CLU_2934 3118602190893 9378 
CLU_2934 3118602190486 6713 
CLU_2934 3118602190915 9199 
CLU_2934 3118602190222 8378 
CLU_2934 3118604696077 2219 
CLU_2934 3118602191024 2770 
CLU_2934 3118602190478 3258 
CLU_2934 3118602190389 3811 
CLU_2934 3118607110316 4921 
CLU_2934 3118602220261 1859 
CLU_2934 3118602190397 3694 
CLU_2934 3118602190176 2394 
CLU_2934 3118602191059 1367 
CLU_2934 3118602191040 2393 
CLU_2934 3118602190451 5629 
CLU_2934 3118602190206 6020 
CLU_2934 3118602190966 7301 
CLU_2934 3118602190400 5197 
CLU_2934 3118602190877 6020 
CLU_2934 3118602190826 10982 
CLU_2934 3118602190729 13883 
CLU_2934 3118602190656 13883 
CLU_2934 3118602190834 13600 
CLU_2934 3118602190710 13769 
CLU_2934 3118602190796 13952 
CLU_2934 3118602190648 14238 
CLU_2934 3118602190818 10532 
CLU_2934 3118602190885 5779 
CLU_2934 3118607053355 6855 
CLU_2934 3118602190192 6937 
CLU_2934 3118602190214 6177 
CLU_2934 3118602190680 5937 
CLU_2934 3118602190753 3267 
CLU_2934 3118602190141 6007 
CLU_2934 3118602220245 3353 
CLU_2934 3118602190788 2103 
CLU_2934 CLU_2943 3515 
CLU_2934 CLU_2961 4557 
CLU_2934 CLU_2970 5645 
CLU_2934 CLU_2971 5980 
CLU_2934 CLU_3051 2770 
CLU_2934 CLU_3055 3123 
CLU_2934 CLU_3060 3709 
CLU_2934 CLU_3084 6164 
CLU_2934 CLU_3086 12495 
CLU_2934 CLU_3087 13172 
CLU_2934 CLU_3098 12911 
CLU_2934 CLU_3108 9842 
CLU_2934 CLU_3121 4640 
CLU_2934 CLU_3128 7069 
CLU_2934 CLU_3141 6704 
CLU_2934 CLU_3143 5582 
CLU_2934 CLU_3160 5573 
CLU_2934 CLU_3166 3880 
CLU_2934 CLU_3176 4444 
CLU_2934 CLU_3200 3221 
CLU_2934 CLU_3214 3737 
CLU_2934 CLU_7923 6528 
CLU_2935 3118602190990 1694 
CLU_2935 3118602191229 2194 
CLU_2935 3118602190591 2658 
CLU_2935 3118602190567 4474 
CLU_2935 3118602190532 5344 
CLU_2935 3118602190494 6264 
CLU_2935 3118602190869 4378 
CLU_2935 3118602190605 4635 
CLU_2935 3118602190109 3712 
CLU_2935 3118607116306 7665 
CLU_2935 3118602190931 7328 
CLU_2935 3118602190923 7995 
CLU_2935 3118602190893 9642 
CLU_2935 3118602190486 7029 
CLU_2935 3118602190915 9509 
CLU_2935 3118602190222 8614 
CLU_2935 3118604696077 2857 
CLU_2935 3118602191024 3243 
CLU_2935 3118602190478 3689 
CLU_2935 3118602190389 4268 
CLU_2935 3118607110316 5528 
CLU_2935 3118602220261 2429 
CLU_2935 3118602190397 4248 
CLU_2935 3118602190176 3054 
CLU_2935 3118602191059 1911 
CLU_2935 3118602191040 2512 
CLU_2935 3118602190451 6011 
CLU_2935 3118602190206 6429 
CLU_2935 3118602190966 7766 
CLU_2935 3118602190400 5641 
CLU_2935 3118602190877 6429 
CLU_2935 3118602190826 11644 
CLU_2935 3118602190729 14550 
CLU_2935 3118602190656 14550 
CLU_2935 3118602190834 14267 
CLU_2935 3118602190710 14431 
CLU_2935 3118602190796 14618 
CLU_2935 3118602190648 14905 
CLU_2935 3118602190818 11198 
CLU_2935 3118602190885 6413 
CLU_2935 3118607053355 7368 
CLU_2935 3118602190192 6297 
CLU_2935 3118602190214 5551 
CLU_2935 3118602190680 5401 
CLU_2935 3118602190753 3024 
CLU_2935 3118602190141 5585 
CLU_2935 3118602220245 2722 
CLU_2935 3118602190788 1694 
CLU_2935 CLU_2943 3305 
CLU_2935 CLU_2961 4656 
CLU_2935 CLU_2970 5779 
CLU_2935 CLU_2971 6068 
CLU_2935 CLU_3051 3243 
CLU_2935 CLU_3055 3790 
CLU_2935 CLU_3060 4376 
CLU_2935 CLU_3084 6639 
CLU_2935 CLU_3086 13161 
CLU_2935 CLU_3087 13839 
CLU_2935 CLU_3098 13578 
CLU_2935 CLU_3108 10443 
CLU_2935 CLU_3121 3974 
CLU_2935 CLU_3128 6406 
CLU_2935 CLU_3141 6123 
CLU_2935 CLU_3143 4989 
CLU_2935 CLU_3160 5016 
CLU_2935 CLU_3166 3448 
CLU_2935 CLU_3176 3913 
CLU_2935 CLU_3200 2554 
CLU_2935 CLU_3214 3180 
CLU_2935 CLU_7923 7120 
CLU_2936 3118602190990 1477 
CLU_2936 3118602191229 1968 
CLU_2936 3118602190591 2476 
CLU_2936 3118602190567 4349 
CLU_2936 3118602190532 5236 
CLU_2936 3118602190494 6137 
CLU_2936 3118602190869 4333 
CLU_2936 3118602190605 4649 
CLU_2936 3118602190109 3753 
CLU_2936 3118607116306 7596 
CLU_2936 3118602190931 7259 
CLU_2936 3118602190923 7981 
CLU_2936 3118602190893 9608 
CLU_2936 3118602190486 7021 
CLU_2936 3118602190915 9494 
CLU_2936 3118602190222 8571 
CLU_2936 3118604696077 3093 
CLU_2936 3118602191024 3489 
CLU_2936 3118602190478 3932 
CLU_2936 3118602190389 4513 
CLU_2936 3118607110316 5772 
CLU_2936 3118602220261 2676 
CLU_2936 3118602190397 4496 
CLU_2936 3118602190176 3245 
CLU_2936 3118602191059 2159 
CLU_2936 3118602191040 2710 
CLU_2936 3118602190451 6246 
CLU_2936 3118602190206 6668 
CLU_2936 3118602190966 8010 
CLU_2936 3118602190400 5884 
CLU_2936 3118602190877 6668 
CLU_2936 3118602190826 11866 
CLU_2936 3118602190729 14755 
CLU_2936 3118602190656 14755 
CLU_2936 3118602190834 14476 
CLU_2936 3118602190710 14620 
CLU_2936 3118602190796 14814 
CLU_2936 3118602190648 15105 
CLU_2936 3118602190818 11415 
CLU_2936 3118602190885 6573 
CLU_2936 3118607053355 7615 
CLU_2936 3118602190192 6143 
CLU_2936 3118602190214 5413 
CLU_2936 3118602190680 5330 
CLU_2936 3118602190753 3110 
CLU_2936 3118602190141 5577 
CLU_2936 3118602220245 2588 
CLU_2936 3118602190788 1477 
CLU_2936 CLU_2943 3130 
CLU_2936 CLU_2961 4573 
CLU_2936 CLU_2970 5704 
CLU_2936 CLU_2971 5976 
CLU_2936 CLU_3051 3489 
CLU_2936 CLU_3055 4005 
CLU_2936 CLU_3060 4579 
CLU_2936 CLU_3084 6885 
CLU_2936 CLU_3086 13377 
CLU_2936 CLU_3087 14051 
CLU_2936 CLU_3098 13778 
CLU_2936 CLU_3108 10575 
CLU_2936 CLU_3121 3759 
CLU_2936 CLU_3128 6219 
CLU_2936 CLU_3141 6020 
CLU_2936 CLU_3143 4879 
CLU_2936 CLU_3160 4933 
CLU_2936 CLU_3166 3445 
CLU_2936 CLU_3176 3852 
CLU_2936 CLU_3200 2359 
CLU_2936 CLU_3214 2932 
CLU_2936 CLU_7923 7247 
CLU_2937 3118602190990 2291 
CLU_2937 3118602191229 2794 
CLU_2937 3118602190591 3222 
CLU_2937 3118602190567 4950 
CLU_2937 3118602190532 5786 
CLU_2937 3118602190494 6735 
CLU_2937 3118602190869 4708 
CLU_2937 3118602190605 4839 
CLU_2937 3118602190109 3869 
CLU_2937 3118607116306 8026 
CLU_2937 3118602190931 7691 
CLU_2937 3118602190923 8242 
CLU_2937 3118602190893 9926 
CLU_2937 3118602190486 7268 
CLU_2937 3118602190915 9753 
CLU_2937 3118602190222 8922 
CLU_2937 3118604696077 2402 
CLU_2937 3118602191024 2654 
CLU_2937 3118602190478 3091 
CLU_2937 3118602190389 3673 
CLU_2937 3118607110316 5008 
CLU_2937 3118602220261 1899 
CLU_2937 3118602190397 3690 
CLU_2937 3118602190176 2796 
CLU_2937 3118602191059 1376 
CLU_2937 3118602191040 1959 
CLU_2937 3118602190451 5409 
CLU_2937 3118602190206 5827 
CLU_2937 3118602190966 7169 
CLU_2937 3118602190400 5043 
CLU_2937 3118602190877 5827 
CLU_2937 3118602190826 11224 
CLU_2937 3118602190729 14194 
CLU_2937 3118602190656 14194 
CLU_2937 3118602190834 13897 
CLU_2937 3118602190710 14128 
CLU_2937 3118602190796 14291 
CLU_2937 3118602190648 14564 
CLU_2937 3118602190818 10798 
CLU_2937 3118602190885 6222 
CLU_2937 3118607053355 6784 
CLU_2937 3118602190192 6537 
CLU_2937 3118602190214 5752 
CLU_2937 3118602190680 5430 
CLU_2937 3118602190753 2712 
CLU_2937 3118602190141 5459 
CLU_2937 3118602220245 2954 
CLU_2937 3118602190788 2291 
CLU_2937 CLU_2943 3858 
CLU_2937 CLU_2961 5058 
CLU_2937 CLU_2970 6160 
CLU_2937 CLU_2971 6480 
CLU_2937 CLU_3051 2654 
CLU_2937 CLU_3055 3425 
CLU_2937 CLU_3060 4051 
CLU_2937 CLU_3084 6046 
CLU_2937 CLU_3086 12766 
CLU_2937 CLU_3087 13458 
CLU_2937 CLU_3098 13239 
CLU_2937 CLU_3108 10321 
CLU_2937 CLU_3121 4403 
CLU_2937 CLU_3128 6740 
CLU_2937 CLU_3141 6228 
CLU_2937 CLU_3143 5119 
CLU_2937 CLU_3160 5080 
CLU_2937 CLU_3166 3337 
CLU_2937 CLU_3176 3938 
CLU_2937 CLU_3200 2945 
CLU_2937 CLU_3214 3764 
CLU_2937 CLU_7923 7021 
CLU_2938 3118602190990 3083 
CLU_2938 3118602191229 3587 
CLU_2938 3118602190591 3993 
CLU_2938 3118602190567 5636 
CLU_2938 3118602190532 6435 
CLU_2938 3118602190494 7409 
CLU_2938 3118602190869 5251 
CLU_2938 3118602190605 5242 
CLU_2938 3118602190109 4240 
CLU_2938 3118607116306 8577 
CLU_2938 3118602190931 8246 
CLU_2938 3118602190923 8661 
CLU_2938 3118602190893 10381 
CLU_2938 3118602190486 7682 
CLU_2938 3118602190915 10161 
CLU_2938 3118602190222 9407 
CLU_2938 3118604696077 1971 
CLU_2938 3118602191024 1910 
CLU_2938 3118602190478 2316 
CLU_2938 3118602190389 2906 
CLU_2938 3118607110316 4385 
CLU_2938 3118602220261 1337 
CLU_2938 3118602190397 3007 
CLU_2938 3118602190176 2680 
CLU_2938 3118602191059 867 
CLU_2938 3118602191040 1268 
CLU_2938 3118602190451 4616 
CLU_2938 3118602190206 5038 
CLU_2938 3118602190966 6395 
CLU_2938 3118602190400 4265 
CLU_2938 3118602190877 5038 
CLU_2938 3118602190826 10735 
CLU_2938 3118602190729 13791 
CLU_2938 3118602190656 13791 
CLU_2938 3118602190834 13474 
CLU_2938 3118602190710 13802 
CLU_2938 3118602190796 13931 
CLU_2938 3118602190648 14182 
CLU_2938 3118602190818 10340 
CLU_2938 3118602190885 6099 
CLU_2938 3118607053355 6035 
CLU_2938 3118602190192 6879 
CLU_2938 3118602190214 6058 
CLU_2938 3118602190680 5523 
CLU_2938 3118602190753 2426 
CLU_2938 3118602190141 5345 
CLU_2938 3118602220245 3365 
CLU_2938 3118602190788 3083 
CLU_2938 CLU_2943 4618 
CLU_2938 CLU_2961 5671 
CLU_2938 CLU_2970 6742 
CLU_2938 CLU_2971 7093 
CLU_2938 CLU_3051 1910 
CLU_2938 CLU_3055 3104 
CLU_2938 CLU_3060 3775 
CLU_2938 CLU_3084 5278 
CLU_2938 CLU_3086 12310 
CLU_2938 CLU_3087 13020 
CLU_2938 CLU_3098 12865 
CLU_2938 CLU_3108 10259 
CLU_2938 CLU_3121 4994 
CLU_2938 CLU_3128 7196 
CLU_2938 CLU_3141 6406 
CLU_2938 CLU_3143 5347 
CLU_2938 CLU_3160 5223 
CLU_2938 CLU_3166 3308 
CLU_2938 CLU_3176 4063 
CLU_2938 CLU_3200 3523 
CLU_2938 CLU_3214 4531 
CLU_2938 CLU_7923 7015 
CLU_2939 3118602190990 1869 
CLU_2939 3118602191229 2372 
CLU_2939 3118602190591 2811 
CLU_2939 3118602190567 4586 
CLU_2939 3118602190532 5443 
CLU_2939 3118602190494 6375 
CLU_2939 3118602190869 4433 
CLU_2939 3118602190605 4646 
CLU_2939 3118602190109 3705 
CLU_2939 3118607116306 7734 
CLU_2939 3118602190931 7398 
CLU_2939 3118602190923 8024 
CLU_2939 3118602190893 9684 
CLU_2939 3118602190486 7054 
CLU_2939 3118602190915 9537 
CLU_2939 3118602190222 8664 
CLU_2939 3118604696077 2684 
CLU_2939 3118602191024 3055 
CLU_2939 3118602190478 3503 
CLU_2939 3118602190389 4081 
CLU_2939 3118607110316 5346 
CLU_2939 3118602220261 2244 
CLU_2939 3118602190397 4061 
CLU_2939 3118602190176 2924 
CLU_2939 3118602191059 1725 
CLU_2939 3118602191040 2359 
CLU_2939 3118602190451 5829 
CLU_2939 3118602190206 6245 
CLU_2939 3118602190966 7579 
CLU_2939 3118602190400 5455 
CLU_2939 3118602190877 6245 
CLU_2939 3118602190826 11482 
CLU_2939 3118602190729 14404 
CLU_2939 3118602190656 14404 
CLU_2939 3118602190834 14117 
CLU_2939 3118602190710 14298 
CLU_2939 3118602190796 14478 
CLU_2939 3118602190648 14762 
CLU_2939 3118602190818 11041 
CLU_2939 3118602190885 6307 
CLU_2939 3118607053355 7179 
CLU_2939 3118602190192 6407 
CLU_2939 3118602190214 5650 
CLU_2939 3118602190680 5449 
CLU_2939 3118602190753 2959 
CLU_2939 3118602190141 5585 
CLU_2939 3118602220245 2824 
CLU_2939 3118602190788 1869 
CLU_2939 CLU_2943 3453 
CLU_2939 CLU_2961 4739 
CLU_2939 CLU_2970 5855 
CLU_2939 CLU_2971 6156 
CLU_2939 CLU_3051 3055 
CLU_2939 CLU_3055 3637 
CLU_2939 CLU_3060 4233 
CLU_2939 CLU_3084 6452 
CLU_2939 CLU_3086 13005 
CLU_2939 CLU_3087 13687 
CLU_2939 CLU_3098 13435 
CLU_2939 CLU_3108 10358 
CLU_2939 CLU_3121 4132 
CLU_2939 CLU_3128 6542 
CLU_2939 CLU_3141 6194 
CLU_2939 CLU_3143 5066 
CLU_2939 CLU_3160 5074 
CLU_2939 CLU_3166 3448 
CLU_2939 CLU_3176 3957 
CLU_2939 CLU_3200 2701 
CLU_2939 CLU_3214 3368 
CLU_2939 CLU_7923 7039 
CLU_2940 3118602190990 1265 
CLU_2940 3118602191229 1291 
CLU_2940 3118602190591 605 
CLU_2940 3118602190567 1969 
CLU_2940 3118602190532 2882 
CLU_2940 3118602190494 3755 
CLU_2940 3118602190869 2320 
CLU_2940 3118602190605 3066 
CLU_2940 3118602190109 2565 
CLU_2940 3118607116306 5347 
CLU_2940 3118602190931 5012 
CLU_2940 3118602190923 6004 
CLU_2940 3118602190893 7498 
CLU_2940 3118602190486 5108 
CLU_2940 3118602190915 7490 
CLU_2940 3118602190222 6424 
CLU_2940 3118604696077 4343 
CLU_2940 3118602191024 5296 
CLU_2940 3118602190478 5817 
CLU_2940 3118602190389 6327 
CLU_2940 3118607110316 6997 
CLU_2940 3118602220261 4278 
CLU_2940 3118602190397 6025 
CLU_2940 3118602190176 3783 
CLU_2940 3118602191059 3880 
CLU_2940 3118602191040 4988 
CLU_2940 3118602190451 8203 
CLU_2940 3118602190206 8565 
CLU_2940 3118602190966 9751 
CLU_2940 3118602190400 7705 
CLU_2940 3118602190877 8565 
CLU_2940 3118602190826 12314 
CLU_2940 3118602190729 14832 
CLU_2940 3118602190656 14832 
CLU_2940 3118602190834 14625 
CLU_2940 3118602190710 14453 
CLU_2940 3118602190796 14749 
CLU_2940 3118602190648 15105 
CLU_2940 3118602190818 11774 
CLU_2940 3118602190885 6269 
CLU_2940 3118607053355 9212 
CLU_2940 3118602190192 7356 
CLU_2940 3118602190214 6806 
CLU_2940 3118602190680 7183 
CLU_2940 3118602190753 5478 
CLU_2940 3118602190141 7708 
CLU_2940 3118602220245 4266 
CLU_2940 3118602190788 1265 
CLU_2940 CLU_2943 942 
CLU_2940 CLU_2961 2315 
CLU_2940 CLU_2970 3454 
CLU_2940 CLU_2971 3659 
CLU_2940 CLU_3051 5296 
CLU_2940 CLU_3055 4743 
CLU_2940 CLU_3060 5061 
CLU_2940 CLU_3084 8610 
CLU_2940 CLU_3086 13668 
CLU_2940 CLU_3087 14261 
CLU_2940 CLU_3098 13787 
CLU_2940 CLU_3108 9764 
CLU_2940 CLU_3121 4449 
CLU_2940 CLU_3128 7060 
CLU_2940 CLU_3141 7652 
CLU_2940 CLU_3143 6518 
CLU_2940 CLU_3160 6733 
CLU_2940 CLU_3166 5641 
CLU_2940 CLU_3176 5810 
CLU_2940 CLU_3200 3597 
CLU_2940 CLU_3214 2525 
CLU_2940 CLU_7923 6520 
CLU_2941 3118602190990 1470 
CLU_2941 3118602191229 1371 
CLU_2941 3118602190591 522 
CLU_2941 3118602190567 1686 
CLU_2941 3118602190532 2625 
CLU_2941 3118602190494 3456 
CLU_2941 3118602190869 2253 
CLU_2941 3118602190605 3101 
CLU_2941 3118602190109 2710 
CLU_2941 3118607116306 5137 
CLU_2941 3118602190931 4803 
CLU_2941 3118602190923 5886 
CLU_2941 3118602190893 7330 
CLU_2941 3118602190486 5016 
CLU_2941 3118602190915 7354 
CLU_2941 3118602190222 6249 
CLU_2941 3118604696077 4689 
CLU_2941 3118602191024 5653 
CLU_2941 3118602190478 6174 
CLU_2941 3118602190389 6683 
CLU_2941 3118607110316 7331 
CLU_2941 3118602220261 4633 
CLU_2941 3118602190397 6375 
CLU_2941 3118602190176 4098 
CLU_2941 3118602191059 4237 
CLU_2941 3118602191040 5331 
CLU_2941 3118602190451 8560 
CLU_2941 3118602190206 8921 
CLU_2941 3118602190966 10104 
CLU_2941 3118602190400 8061 
CLU_2941 3118602190877 8921 
CLU_2941 3118602190826 12571 
CLU_2941 3118602190729 15042 
CLU_2941 3118602190656 15042 
CLU_2941 3118602190834 14843 
CLU_2941 3118602190710 14633 
CLU_2941 3118602190796 14941 
CLU_2941 3118602190648 15304 
CLU_2941 3118602190818 12022 
CLU_2941 3118602190885 6468 
CLU_2941 3118607053355 9559 
CLU_2941 3118602190192 7426 
CLU_2941 3118602190214 6910 
CLU_2941 3118602190680 7359 
CLU_2941 3118602190753 5777 
CLU_2941 3118602190141 7935 
CLU_2941 3118602220245 4448 
CLU_2941 3118602190788 1470 
CLU_2941 CLU_2943 605 
CLU_2941 CLU_2961 2135 
CLU_2941 CLU_2970 3258 
CLU_2941 CLU_2971 3423 
CLU_2941 CLU_3051 5653 
CLU_2941 CLU_3055 5059 
CLU_2941 CLU_3060 5355 
CLU_2941 CLU_3084 8963 
CLU_2941 CLU_3086 13904 
CLU_2941 CLU_3087 14487 
CLU_2941 CLU_3098 13991 
CLU_2941 CLU_3108 9866 
CLU_2941 CLU_3121 4483 
CLU_2941 CLU_3128 7075 
CLU_2941 CLU_3141 7788 
CLU_2941 CLU_3143 6664 
CLU_2941 CLU_3160 6904 
CLU_2941 CLU_3166 5891 
CLU_2941 CLU_3176 6016 
CLU_2941 CLU_3200 3737 
CLU_2941 CLU_3214 2474 
CLU_2941 CLU_7923 6656 
CLU_2942 3118602190990 517 
CLU_2942 3118602191229 0 
CLU_2942 3118602190591 877 
CLU_2942 3118602190567 2964 
CLU_2942 3118602190532 3923 
CLU_2942 3118602190494 4648 
CLU_2942 3118602190869 3600 
CLU_2942 3118602190605 4349 
CLU_2942 3118602190109 3770 
CLU_2942 3118607116306 6475 
CLU_2942 3118602190931 6145 
CLU_2942 3118602190923 7256 
CLU_2942 3118602190893 8695 
CLU_2942 3118602190486 6379 
CLU_2942 3118602190915 8726 
CLU_2942 3118602190222 7610 
CLU_2942 3118604696077 4727 
CLU_2942 3118602191024 5385 
CLU_2942 3118602190478 5858 
CLU_2942 3118602190389 6423 
CLU_2942 3118607110316 7455 
CLU_2942 3118602220261 4469 
CLU_2942 3118602190397 6300 
CLU_2942 3118602190176 4467 
CLU_2942 3118602191059 3987 
CLU_2942 3118602191040 4664 
CLU_2942 3118602190451 8200 
CLU_2942 3118602190206 8611 
CLU_2942 3118602190966 9918 
CLU_2942 3118602190400 7806 
CLU_2942 3118602190877 8611 
CLU_2942 3118602190826 13170 
CLU_2942 3118602190729 15832 
CLU_2942 3118602190656 15832 
CLU_2942 3118602190834 15600 
CLU_2942 3118602190710 15528 
CLU_2942 3118602190796 15794 
CLU_2942 3118602190648 16130 
CLU_2942 3118602190818 12662 
CLU_2942 3118602190885 7333 
CLU_2942 3118607053355 9474 
CLU_2942 3118602190192 6070 
CLU_2942 3118602190214 5539 
CLU_2942 3118602190680 6016 
CLU_2942 3118602190753 4763 
CLU_2942 3118602190141 6665 
CLU_2942 3118602220245 3122 
CLU_2942 3118602190788 517 
CLU_2942 CLU_2943 1465 
CLU_2942 CLU_2961 3502 
CLU_2942 CLU_2970 4613 
CLU_2942 CLU_2971 4741 
CLU_2942 CLU_3051 5385 
CLU_2942 CLU_3055 5384 
CLU_2942 CLU_3060 5820 
CLU_2942 CLU_3084 8783 
CLU_2942 CLU_3086 14589 
CLU_2942 CLU_3087 15213 
CLU_2942 CLU_3098 14806 
CLU_2942 CLU_3108 10980 
CLU_2942 CLU_3121 3158 
CLU_2942 CLU_3128 5773 
CLU_2942 CLU_3141 6419 
CLU_2942 CLU_3143 5299 
CLU_2942 CLU_3160 5555 
CLU_2942 CLU_3166 4690 
CLU_2942 CLU_3176 4713 
CLU_2942 CLU_3200 2375 
CLU_2942 CLU_3214 1353 
CLU_2942 CLU_7923 7698 
CLU_2943 3118602190990 1747 
CLU_2943 3118602191229 1465 
CLU_2943 3118602190591 661 
CLU_2943 3118602190567 1531 
CLU_2943 3118602190532 2487 
CLU_2943 3118602190494 3183 
CLU_2943 3118602190869 2502 
CLU_2943 3118602190605 3468 
CLU_2943 3118602190109 3206 
CLU_2943 3118607116306 5059 
CLU_2943 3118602190931 4735 
CLU_2943 3118602190923 5980 
CLU_2943 3118602190893 7324 
CLU_2943 3118602190486 5164 
CLU_2943 3118602190915 7409 
CLU_2943 3118602190222 6233 
CLU_2943 3118604696077 5285 
CLU_2943 3118602191024 6219 
CLU_2943 3118602190478 6734 
CLU_2943 3118602190389 7254 
CLU_2943 3118607110316 7935 
CLU_2943 3118602220261 5209 
CLU_2943 3118602190397 6966 
CLU_2943 3118602190176 4702 
CLU_2943 3118602191059 4798 
CLU_2943 3118602191040 5812 
CLU_2943 3118602190451 9119 
CLU_2943 3118602190206 9489 
CLU_2943 3118602190966 10689 
CLU_2943 3118602190400 8635 
CLU_2943 3118602190877 9489 
CLU_2943 3118602190826 13142 
CLU_2943 3118602190729 15571 
CLU_2943 3118602190656 15571 
CLU_2943 3118602190834 15381 
CLU_2943 3118602190710 15131 
CLU_2943 3118602190796 15453 
CLU_2943 3118602190648 15823 
CLU_2943 3118602190818 12587 
CLU_2943 3118602190885 6993 
CLU_2943 3118607053355 10153 
CLU_2943 3118602190192 7333 
CLU_2943 3118602190214 6877 
CLU_2943 3118602190680 7457 
CLU_2943 3118602190753 6136 
CLU_2943 3118602190141 8130 
CLU_2943 3118602220245 4580 
CLU_2943 3118602190788 1747 
CLU_2943 CLU_2943 0 
CLU_2943 CLU_2961 2193 
CLU_2943 CLU_2970 3240 
CLU_2943 CLU_2971 3314 
CLU_2943 CLU_3051 6219 
CLU_2943 CLU_3055 5664 
CLU_2943 CLU_3060 5952 
CLU_2943 CLU_3084 9548 
CLU_2943 CLU_3086 14459 
CLU_2943 CLU_3087 15033 
CLU_2943 CLU_3098 14515 
CLU_2943 CLU_3108 10276 
CLU_2943 CLU_3121 4356 
CLU_2943 CLU_3128 6892 
CLU_2943 CLU_3141 7808 
CLU_2943 CLU_3143 6708 
CLU_2943 CLU_3160 6992 
CLU_2943 CLU_3166 6143 
CLU_2943 CLU_3176 6176 
CLU_2943 CLU_3200 3805 
CLU_2943 CLU_3214 2253 
CLU_2943 CLU_7923 7115 
CLU_2944 3118602190990 1089 
CLU_2944 3118602191229 877 
CLU_2944 3118602190591 0 
CLU_2944 3118602190567 2096 
CLU_2944 3118602190532 3053 
CLU_2944 3118602190494 3814 
CLU_2944 3118602190869 2776 
CLU_2944 3118602190605 3610 
CLU_2944 3118602190109 3163 
CLU_2944 3118607116306 5599 
CLU_2944 3118602190931 5268 
CLU_2944 3118602190923 6397 
CLU_2944 3118602190893 7819 
CLU_2944 3118602190486 5535 
CLU_2944 3118602190915 7859 
CLU_2944 3118602190222 6734 
CLU_2944 3118604696077 4792 
CLU_2944 3118602191024 5649 
CLU_2944 3118602190478 6155 
CLU_2944 3118602190389 6688 
CLU_2944 3118607110316 7483 
CLU_2944 3118602220261 4660 
CLU_2944 3118602190397 6449 
CLU_2944 3118602190176 4318 
CLU_2944 3118602191059 4226 
CLU_2944 3118602191040 5169 
CLU_2944 3118602190451 8534 
CLU_2944 3118602190206 8915 
CLU_2944 3118602190966 10148 
CLU_2944 3118602190400 8074 
CLU_2944 3118602190877 8915 
CLU_2944 3118602190826 12901 
CLU_2944 3118602190729 15435 
CLU_2944 3118602190656 15435 
CLU_2944 3118602190834 15226 
CLU_2944 3118602190710 15058 
CLU_2944 3118602190796 15354 
CLU_2944 3118602190648 15709 
CLU_2944 3118602190818 12365 
CLU_2944 3118602190885 6874 
CLU_2944 3118607053355 9640 
CLU_2944 3118602190192 6908 
CLU_2944 3118602190214 6401 
CLU_2944 3118602190680 6891 
CLU_2944 3118602190753 5475 
CLU_2944 3118602190141 7515 
CLU_2944 3118602220245 3991 
CLU_2944 3118602190788 1089 
CLU_2944 CLU_2943 661 
CLU_2944 CLU_2961 2629 
CLU_2944 CLU_2970 3736 
CLU_2944 CLU_2971 3867 
CLU_2944 CLU_3051 5649 
CLU_2944 CLU_3055 5272 
CLU_2944 CLU_3060 5620 
CLU_2944 CLU_3084 9007 
CLU_2944 CLU_3086 14263 
CLU_2944 CLU_3087 14860 
CLU_2944 CLU_3098 14392 
CLU_2944 CLU_3108 10350 
CLU_2944 CLU_3121 3961 
CLU_2944 CLU_3128 6553 
CLU_2944 CLU_3141 7293 
CLU_2944 CLU_3143 6175 
CLU_2944 CLU_3160 6431 
CLU_2944 CLU_3166 5504 
CLU_2944 CLU_3176 5575 
CLU_2944 CLU_3200 3252 
CLU_2944 CLU_3214 1960 
CLU_2944 CLU_7923 7117 
CLU_2945 3118602190990 2427 
CLU_2945 3118602191229 2189 
CLU_2945 3118602190591 1343 
CLU_2945 3118602190567 808 
CLU_2945 3118602190532 1758 
CLU_2945 3118602190494 2470 
CLU_2945 3118602190869 2013 
CLU_2945 3118602190605 3072 
CLU_2945 3118602190109 3019 
CLU_2945 3118607116306 4333 
CLU_2945 3118602190931 4011 
CLU_2945 3118602190923 5311 
CLU_2945 3118602190893 6611 
CLU_2945 3118602190486 4531 
CLU_2945 3118602190915 6717 
CLU_2945 3118602190222 5519 
CLU_2945 3118604696077 5576 
CLU_2945 3118602191024 6618 
CLU_2945 3118602190478 7146 
CLU_2945 3118602190389 7638 
CLU_2945 3118607110316 8143 
CLU_2945 3118602220261 5583 
CLU_2945 3118602190397 7276 
CLU_2945 3118602190176 4859 
CLU_2945 3118602191059 5214 
CLU_2945 3118602191040 6360 
CLU_2945 3118602190451 9531 
CLU_2945 3118602190206 9877 
CLU_2945 3118602190966 11018 
CLU_2945 3118602190400 9006 
CLU_2945 3118602190877 9877 
CLU_2945 3118602190826 13059 
CLU_2945 3118602190729 15363 
CLU_2945 3118602190656 15363 
CLU_2945 3118602190834 15195 
CLU_2945 3118602190710 14858 
CLU_2945 3118602190796 15206 
CLU_2945 3118602190648 15592 
CLU_2945 3118602190818 12483 
CLU_2945 3118602190885 6805 
CLU_2945 3118607053355 10440 
CLU_2945 3118602190192 8034 
CLU_2945 3118602190214 7596 
CLU_2945 3118602190680 8189 
CLU_2945 3118602190753 6790 
CLU_2945 3118602190141 8851 
CLU_2945 3118602220245 5309 
CLU_2945 3118602190788 2427 
CLU_2945 CLU_2943 731 
CLU_2945 CLU_2961 1554 
CLU_2945 CLU_2970 2538 
CLU_2945 CLU_2971 2586 
CLU_2945 CLU_3051 6618 
CLU_2945 CLU_3055 5814 
CLU_2945 CLU_3060 6023 
CLU_2945 CLU_3084 9880 
CLU_2945 CLU_3086 14320 
CLU_2945 CLU_3087 14866 
CLU_2945 CLU_3098 14295 
CLU_2945 CLU_3108 9871 
CLU_2945 CLU_3121 5053 
CLU_2945 CLU_3128 7557 
CLU_2945 CLU_3141 8535 
CLU_2945 CLU_3143 7438 
CLU_2945 CLU_3160 7724 
CLU_2945 CLU_3166 6848 
CLU_2945 CLU_3176 6902 
CLU_2945 CLU_3200 4537 
CLU_2945 CLU_3214 2933 
CLU_2945 CLU_7923 6799 
CLU_2946 3118602190990 2102 
CLU_2946 3118602191229 1970 
CLU_2946 3118602190591 1094 
CLU_2946 3118602190567 1060 
CLU_2946 3118602190532 1992 
CLU_2946 3118602190494 2842 
CLU_2946 3118602190869 1785 
CLU_2946 3118602190605 2757 
CLU_2946 3118602190109 2568 
CLU_2946 3118607116306 4512 
CLU_2946 3118602190931 4180 
CLU_2946 3118602190923 5320 
CLU_2946 3118602190893 6725 
CLU_2946 3118602190486 4478 
CLU_2946 3118602190915 6771 
CLU_2946 3118602190222 5639 
CLU_2946 3118604696077 5028 
CLU_2946 3118602191024 6083 
CLU_2946 3118602190478 6614 
CLU_2946 3118602190389 7100 
CLU_2946 3118607110316 7597 
CLU_2946 3118602220261 5045 
CLU_2946 3118602190397 6730 
CLU_2946 3118602190176 4315 
CLU_2946 3118602191059 4685 
CLU_2946 3118602191040 5879 
CLU_2946 3118602190451 8996 
CLU_2946 3118602190206 9339 
CLU_2946 3118602190966 10471 
CLU_2946 3118602190400 8465 
CLU_2946 3118602190877 9339 
CLU_2946 3118602190826 12579 
CLU_2946 3118602190729 14938 
CLU_2946 3118602190656 14938 
CLU_2946 3118602190834 14760 
CLU_2946 3118602190710 14469 
CLU_2946 3118602190796 14802 
CLU_2946 3118602190648 15180 
CLU_2946 3118602190818 12011 
CLU_2946 3118602190885 6366 
CLU_2946 3118607053355 9892 
CLU_2946 3118602190192 7979 
CLU_2946 3118602190214 7489 
CLU_2946 3118602190680 7979 
CLU_2946 3118602190753 6389 
CLU_2946 3118602190141 8567 
CLU_2946 3118602220245 5072 
CLU_2946 3118602190788 2102 
CLU_2946 CLU_2943 719 
CLU_2946 CLU_2961 1539 
CLU_2946 CLU_2970 2642 
CLU_2946 CLU_2971 2792 
CLU_2946 CLU_3051 6083 
CLU_2946 CLU_3055 5271 
CLU_2946 CLU_3060 5494 
CLU_2946 CLU_3084 9334 
CLU_2946 CLU_3086 13863 
CLU_2946 CLU_3087 14422 
CLU_2946 CLU_3098 13876 
CLU_2946 CLU_3108 9569 
CLU_2946 CLU_3121 5015 
CLU_2946 CLU_3128 7578 
CLU_2946 CLU_3141 8387 
CLU_2946 CLU_3143 7269 
CLU_2946 CLU_3160 7521 
CLU_2946 CLU_3166 6523 
CLU_2946 CLU_3176 6644 
CLU_2946 CLU_3200 4345 
CLU_2946 CLU_3214 2942 
CLU_2946 CLU_7923 6432 
CLU_2947 3118602190990 1871 
CLU_2947 3118602191229 1743 
CLU_2947 3118602190591 869 
CLU_2947 3118602190567 1285 
CLU_2947 3118602190532 2223 
CLU_2947 3118602190494 3061 
CLU_2947 3118602190869 1958 
CLU_2947 3118602190605 2887 
CLU_2947 3118602190109 2621 
CLU_2947 3118607116306 4743 
CLU_2947 3118602190931 4410 
CLU_2947 3118602190923 5533 
CLU_2947 3118602190893 6951 
CLU_2947 3118602190486 4682 
CLU_2947 3118602190915 6990 
CLU_2947 3118602190222 5866 
CLU_2947 3118604696077 4913 
CLU_2947 3118602191024 5935 
CLU_2947 3118602190478 6463 
CLU_2947 3118602190389 6958 
CLU_2947 3118607110316 7511 
CLU_2947 3118602220261 4903 
CLU_2947 3118602190397 6611 
CLU_2947 3118602190176 4243 
CLU_2947 3118602191059 4529 
CLU_2947 3118602191040 5686 
CLU_2947 3118602190451 8848 
CLU_2947 3118602190206 9197 
CLU_2947 3118602190966 10349 
CLU_2947 3118602190400 8328 
CLU_2947 3118602190877 9197 
CLU_2947 3118602190826 12591 
CLU_2947 3118602190729 14991 
CLU_2947 3118602190656 14991 
CLU_2947 3118602190834 14806 
CLU_2947 3118602190710 14544 
CLU_2947 3118602190796 14868 
CLU_2947 3118602190648 15241 
CLU_2947 3118602190818 12030 
CLU_2947 3118602190885 6414 
CLU_2947 3118607053355 9783 
CLU_2947 3118602190192 7767 
CLU_2947 3118602190214 7269 
CLU_2947 3118602190680 7749 
CLU_2947 3118602190753 6170 
CLU_2947 3118602190141 8336 
CLU_2947 3118602220245 4841 
CLU_2947 3118602190788 1871 
CLU_2947 CLU_2943 590 
CLU_2947 CLU_2961 1760 
CLU_2947 CLU_2970 2871 
CLU_2947 CLU_2971 3023 
CLU_2947 CLU_3051 5935 
CLU_2947 CLU_3055 5203 
CLU_2947 CLU_3060 5453 
CLU_2947 CLU_3084 9210 
CLU_2947 CLU_3086 13893 
CLU_2947 CLU_3087 14461 
CLU_2947 CLU_3098 13933 
CLU_2947 CLU_3108 9690 
CLU_2947 CLU_3121 4808 
CLU_2947 CLU_3128 7381 
CLU_2947 CLU_3141 8162 
CLU_2947 CLU_3143 7043 
CLU_2947 CLU_3160 7291 
CLU_2947 CLU_3166 6293 
CLU_2947 CLU_3176 6413 
CLU_2947 CLU_3200 4118 
CLU_2947 CLU_3214 2751 
CLU_2947 CLU_7923 6525 
CLU_2948 3118602190990 1756 
CLU_2948 3118602191229 1736 
CLU_2948 3118602190591 923 
CLU_2948 3118602190567 1517 
CLU_2948 3118602190532 2405 
CLU_2948 3118602190494 3307 
CLU_2948 3118602190869 1865 
CLU_2948 3118602190605 2693 
CLU_2948 3118602190109 2323 
CLU_2948 3118607116306 4855 
CLU_2948 3118602190931 4519 
CLU_2948 3118602190923 5528 
CLU_2948 3118602190893 7008 
CLU_2948 3118602190486 4643 
CLU_2948 3118602190915 7008 
CLU_2948 3118602190222 5933 
CLU_2948 3118604696077 4540 
CLU_2948 3118602191024 5579 
CLU_2948 3118602190478 6109 
CLU_2948 3118602190389 6598 
CLU_2948 3118607110316 7133 
CLU_2948 3118602220261 4543 
CLU_2948 3118602190397 6239 
CLU_2948 3118602190176 3865 
CLU_2948 3118602191059 4180 
CLU_2948 3118602191040 5384 
CLU_2948 3118602190451 8493 
CLU_2948 3118602190206 8837 
CLU_2948 3118602190966 9979 
CLU_2948 3118602190400 7965 
CLU_2948 3118602190877 8837 
CLU_2948 3118602190826 12244 
CLU_2948 3118602190729 14677 
CLU_2948 3118602190656 14677 
CLU_2948 3118602190834 14484 
CLU_2948 3118602190710 14251 
CLU_2948 3118602190796 14566 
CLU_2948 3118602190648 14933 
CLU_2948 3118602190818 11687 
CLU_2948 3118602190885 6099 
CLU_2948 3118607053355 9408 
CLU_2948 3118602190192 7805 
CLU_2948 3118602190214 7272 
CLU_2948 3118602190680 7672 
CLU_2948 3118602190753 5941 
CLU_2948 3118602190141 8200 
CLU_2948 3118602220245 4756 
CLU_2948 3118602190788 1756 
CLU_2948 CLU_2943 899 
CLU_2948 CLU_2961 1822 
CLU_2948 CLU_2970 2961 
CLU_2948 CLU_2971 3172 
CLU_2948 CLU_3051 5579 
CLU_2948 CLU_3055 4826 
CLU_2948 CLU_3060 5082 
CLU_2948 CLU_3084 8841 
CLU_2948 CLU_3086 13559 
CLU_2948 CLU_3087 14134 
CLU_2948 CLU_3098 13622 
CLU_2948 CLU_3108 9460 
CLU_2948 CLU_3121 4874 
CLU_2948 CLU_3128 7473 
CLU_2948 CLU_3141 8131 
CLU_2948 CLU_3143 7000 
CLU_2948 CLU_3160 7222 
CLU_2948 CLU_3166 6129 
CLU_2948 CLU_3176 6303 
CLU_2948 CLU_3200 4076 
CLU_2948 CLU_3214 2881 
CLU_2948 CLU_7923 6259 
CLU_2949 3118602190990 1775 
CLU_2949 3118602191229 1835 
CLU_2949 3118602190591 1096 
CLU_2949 3118602190567 1686 
CLU_2949 3118602190532 2522 
CLU_2949 3118602190494 3464 
CLU_2949 3118602190869 1789 
CLU_2949 3118602190605 2526 
CLU_2949 3118602190109 2083 
CLU_2949 3118607116306 4903 
CLU_2949 3118602190931 4566 
CLU_2949 3118602190923 5486 
CLU_2949 3118602190893 7009 
CLU_2949 3118602190486 4579 
CLU_2949 3118602190915 6978 
CLU_2949 3118602190222 5943 
CLU_2949 3118604696077 4278 
CLU_2949 3118602191024 5342 
CLU_2949 3118602190478 5875 
CLU_2949 3118602190389 6355 
CLU_2949 3118607110316 6858 
CLU_2949 3118602220261 4301 
CLU_2949 3118602190397 5979 
CLU_2949 3118602190176 3587 
CLU_2949 3118602191059 3952 
CLU_2949 3118602191040 5206 
CLU_2949 3118602190451 8255 
CLU_2949 3118602190206 8593 
CLU_2949 3118602190966 9721 
CLU_2949 3118602190400 7717 
CLU_2949 3118602190877 8593 
CLU_2949 3118602190826 11969 
CLU_2949 3118602190729 14418 
CLU_2949 3118602190656 14418 
CLU_2949 3118602190834 14222 
CLU_2949 3118602190710 14005 
CLU_2949 3118602190796 14314 
CLU_2949 3118602190648 14678 
CLU_2949 3118602190818 11415 
CLU_2949 3118602190885 5842 
CLU_2949 3118607053355 9143 
CLU_2949 3118602190192 7898 
CLU_2949 3118602190214 7341 
CLU_2949 3118602190680 7682 
CLU_2949 3118602190753 5831 
CLU_2949 3118602190141 8163 
CLU_2949 3118602220245 4767 
CLU_2949 3118602190788 1775 
CLU_2949 CLU_2943 1173 
CLU_2949 CLU_2961 1864 
CLU_2949 CLU_2970 3005 
CLU_2949 CLU_2971 3256 
CLU_2949 CLU_3051 5342 
CLU_2949 CLU_3055 4547 
CLU_2949 CLU_3060 4800 
CLU_2949 CLU_3084 8584 
CLU_2949 CLU_3086 13290 
CLU_2949 CLU_3087 13869 
CLU_2949 CLU_3098 13366 
CLU_2949 CLU_3108 9254 
CLU_2949 CLU_3121 4993 
CLU_2949 CLU_3128 7603 
CLU_2949 CLU_3141 8174 
CLU_2949 CLU_3143 7037 
CLU_2949 CLU_3160 7237 
CLU_2949 CLU_3166 6073 
CLU_2949 CLU_3176 6290 
CLU_2949 CLU_3200 4122 
CLU_2949 CLU_3214 3051 
CLU_2949 CLU_7923 6032 
CLU_2950 3118602190990 0 
CLU_2950 3118602191229 517 
CLU_2950 3118602190591 1089 
CLU_2950 3118602190567 3149 
CLU_2950 3118602190532 4094 
CLU_2950 3118602190494 4895 
CLU_2950 3118602190869 3563 
CLU_2950 3118602190605 4200 
CLU_2950 3118602190109 3526 
CLU_2950 3118607116306 6600 
CLU_2950 3118602190931 6266 
CLU_2950 3118602190923 7261 
CLU_2950 3118602190893 8764 
CLU_2950 3118602190486 6353 
CLU_2950 3118602190915 8751 
CLU_2950 3118602190222 7689 
CLU_2950 3118604696077 4219 
CLU_2950 3118602191024 4869 
CLU_2950 3118602190478 5344 
CLU_2950 3118602190389 5907 
CLU_2950 3118607110316 6948 
CLU_2950 3118602220261 3952 
CLU_2950 3118602190397 5784 
CLU_2950 3118602190176 4003 
CLU_2950 3118602191059 3470 
CLU_2950 3118602191040 4186 
CLU_2950 3118602190451 7691 
CLU_2950 3118602190206 8099 
CLU_2950 3118602190966 9401 
CLU_2950 3118602190400 7291 
CLU_2950 3118602190877 8099 
CLU_2950 3118602190826 12721 
CLU_2950 3118602190729 15426 
CLU_2950 3118602190656 15426 
CLU_2950 3118602190834 15185 
CLU_2950 3118602190710 15155 
CLU_2950 3118602190796 15407 
CLU_2950 3118602190648 15735 
CLU_2950 3118602190818 12222 
CLU_2950 3118602190885 6970 
CLU_2950 3118607053355 8956 
CLU_2950 3118602190192 6171 
CLU_2950 3118602190214 5582 
CLU_2950 3118602190680 5917 
CLU_2950 3118602190753 4391 
CLU_2950 3118602190141 6464 
CLU_2950 3118602220245 3000 
CLU_2950 3118602190788 0 
CLU_2950 CLU_2943 1747 
CLU_2950 CLU_2961 3577 
CLU_2950 CLU_2970 4713 
CLU_2950 CLU_2971 4893 
CLU_2950 CLU_3051 4869 
CLU_2950 CLU_3055 4906 
CLU_2950 CLU_3060 5364 
CLU_2950 CLU_3084 8266 
CLU_2950 CLU_3086 14157 
CLU_2950 CLU_3087 14791 
CLU_2950 CLU_3098 14408 
CLU_2950 CLU_3108 10707 
CLU_2950 CLU_3121 3349 
CLU_2950 CLU_3128 5968 
CLU_2950 CLU_3141 6400 
CLU_2950 CLU_3143 5261 
CLU_2950 CLU_3160 5468 
CLU_2950 CLU_3166 4428 
CLU_2950 CLU_3176 4551 
CLU_2950 CLU_3200 2351 
CLU_2950 CLU_3214 1776 
CLU_2950 CLU_7923 7402 
CLU_2951 3118602190990 1338 
CLU_2951 3118602191229 826 
CLU_2951 3118602190591 975 
CLU_2951 3118602190567 2690 
CLU_2951 3118602190532 3630 
CLU_2951 3118602190494 4210 
CLU_2951 3118602190869 3657 
CLU_2951 3118602190605 4555 
CLU_2951 3118602190109 4138 
CLU_2951 3118607116306 6206 
CLU_2951 3118602190931 5887 
CLU_2951 3118602190923 7171 
CLU_2951 3118602190893 8494 
CLU_2951 3118602190486 6352 
CLU_2951 3118602190915 8594 
CLU_2951 3118602190222 7402 
CLU_2951 3118604696077 5505 
CLU_2951 3118602191024 6206 
CLU_2951 3118602190478 6682 
CLU_2951 3118602190389 7245 
CLU_2951 3118607110316 8228 
CLU_2951 3118602220261 5277 
CLU_2951 3118602190397 7104 
CLU_2951 3118602190176 5161 
CLU_2951 3118602191059 4802 
CLU_2951 3118602191040 5478 
CLU_2951 3118602190451 9026 
CLU_2951 3118602190206 9437 
CLU_2951 3118602190966 10738 
CLU_2951 3118602190400 8629 
CLU_2951 3118602190877 9437 
CLU_2951 3118602190826 13814 
CLU_2951 3118602190729 16391 
CLU_2951 3118602190656 16391 
CLU_2951 3118602190834 16176 
CLU_2951 3118602190710 16028 
CLU_2951 3118602190796 16319 
CLU_2951 3118602190648 16670 
CLU_2951 3118602190818 13288 
CLU_2951 3118602190885 7840 
CLU_2951 3118607053355 10284 
CLU_2951 3118602190192 6152 
CLU_2951 3118602190214 5722 
CLU_2951 3118602190680 6398 
CLU_2951 3118602190753 5488 
CLU_2951 3118602190141 7178 
CLU_2951 3118602220245 3595 
CLU_2951 3118602190788 1338 
CLU_2951 CLU_2943 1191 
CLU_2951 CLU_2961 3384 
CLU_2951 CLU_2970 4418 
CLU_2951 CLU_2971 4458 
CLU_2951 CLU_3051 6206 
CLU_2951 CLU_3055 6099 
CLU_2951 CLU_3060 6494 
CLU_2951 CLU_3084 9602 
CLU_2951 CLU_3086 15198 
CLU_2951 CLU_3087 15804 
CLU_2951 CLU_3098 15351 
CLU_2951 CLU_3108 11319 
CLU_2951 CLU_3121 3171 
CLU_2951 CLU_3128 5702 
CLU_2951 CLU_3141 6682 
CLU_2951 CLU_3143 5605 
CLU_2951 CLU_3160 5928 
CLU_2951 CLU_3166 5298 
CLU_2951 CLU_3176 5199 
CLU_2951 CLU_3200 2765 
CLU_2951 CLU_3214 1063 
CLU_2951 CLU_7923 8092 
CLU_2952 3118602190990 3436 
CLU_2952 3118602191229 3204 
CLU_2952 3118602190591 2358 
CLU_2952 3118602190567 414 
CLU_2952 3118602190532 834 
CLU_2952 3118602190494 1459 
CLU_2952 3118602190869 1846 
CLU_2952 3118602190605 2944 
CLU_2952 3118602190109 3224 
CLU_2952 3118607116306 3382 
CLU_2952 3118602190931 3072 
CLU_2952 3118602190923 4528 
CLU_2952 3118602190893 5699 
CLU_2952 3118602190486 3848 
CLU_2952 3118602190915 5865 
CLU_2952 3118602190222 4609 
CLU_2952 3118604696077 6244 
CLU_2952 3118602191024 7385 
CLU_2952 3118602190478 7922 
CLU_2952 3118602190389 8382 
CLU_2952 3118607110316 8688 
CLU_2952 3118602220261 6337 
CLU_2952 3118602190397 7944 
CLU_2952 3118602190176 5397 
CLU_2952 3118602191059 6012 
CLU_2952 3118602191040 7267 
CLU_2952 3118602190451 10292 
CLU_2952 3118602190206 10612 
CLU_2952 3118602190966 11682 
CLU_2952 3118602190400 9726 
CLU_2952 3118602190877 10612 
CLU_2952 3118602190826 13195 
CLU_2952 3118602190729 15311 
CLU_2952 3118602190656 15311 
CLU_2952 3118602190834 15176 
CLU_2952 3118602190710 14711 
CLU_2952 3118602190796 15097 
CLU_2952 3118602190648 15506 
CLU_2952 3118602190818 12594 
CLU_2952 3118602190885 6854 
CLU_2952 3118607053355 11059 
CLU_2952 3118602190192 8959 
CLU_2952 3118602190214 8555 
CLU_2952 3118602190680 9193 
CLU_2952 3118602190753 7778 
CLU_2952 3118602190141 9868 
CLU_2952 3118602220245 6321 
CLU_2952 3118602190788 3436 
CLU_2952 CLU_2943 1741 
CLU_2952 CLU_2961 1113 
CLU_2952 CLU_2970 1719 
CLU_2952 CLU_2971 1644 
CLU_2952 CLU_3051 7385 
CLU_2952 CLU_3055 6323 
CLU_2952 CLU_3060 6434 
CLU_2952 CLU_3084 10554 
CLU_2952 CLU_3086 14372 
CLU_2952 CLU_3087 14877 
CLU_2952 CLU_3098 14231 
CLU_2952 CLU_3108 9545 
CLU_2952 CLU_3121 5979 
CLU_2952 CLU_3128 8420 
CLU_2952 CLU_3141 9515 
CLU_2952 CLU_3143 8428 
CLU_2952 CLU_3160 8726 
CLU_2952 CLU_3166 7862 
CLU_2952 CLU_3176 7917 
CLU_2952 CLU_3200 5540 
CLU_2952 CLU_3214 3851 
CLU_2952 CLU_7923 6653 
CLU_2953 3118602190990 3667 
CLU_2953 3118602191229 3509 
CLU_2953 3118602190591 2635 
CLU_2953 3118602190567 563 
CLU_2953 3118602190532 433 
CLU_2953 3118602190494 1413 
CLU_2953 3118602190869 1357 
CLU_2953 3118602190605 2420 
CLU_2953 3118602190109 2826 
CLU_2953 3118607116306 2970 
CLU_2953 3118602190931 2645 
CLU_2953 3118602190923 3982 
CLU_2953 3118602190893 5240 
CLU_2953 3118602190486 3267 
CLU_2953 3118602190915 5358 
CLU_2953 3118602190222 4148 
CLU_2953 3118604696077 6049 
CLU_2953 3118602191024 7255 
CLU_2953 3118602190478 7796 
CLU_2953 3118602190389 8227 
CLU_2953 3118607110316 8394 
CLU_2953 3118602220261 6205 
CLU_2953 3118602190397 7735 
CLU_2953 3118602190176 5126 
CLU_2953 3118602191059 5921 
CLU_2953 3118602191040 7278 
CLU_2953 3118602190451 10143 
CLU_2953 3118602190206 10441 
CLU_2953 3118602190966 11454 
CLU_2953 3118602190400 9547 
CLU_2953 3118602190877 10441 
CLU_2953 3118602190826 12700 
CLU_2953 3118602190729 14760 
CLU_2953 3118602190656 14760 
CLU_2953 3118602190834 14632 
CLU_2953 3118602190710 14139 
CLU_2953 3118602190796 14533 
CLU_2953 3118602190648 14946 
CLU_2953 3118602190818 12091 
CLU_2953 3118602190885 6345 
CLU_2953 3118607053355 10803 
CLU_2953 3118602190192 9405 
CLU_2953 3118602190214 8966 
CLU_2953 3118602190680 9525 
CLU_2953 3118602190753 7911 
CLU_2953 3118602190141 10132 
CLU_2953 3118602220245 6626 
CLU_2953 3118602190788 3667 
CLU_2953 CLU_2943 2090 
CLU_2953 CLU_2961 586 
CLU_2953 CLU_2970 1178 
CLU_2953 CLU_2971 1232 
CLU_2953 CLU_3051 7255 
CLU_2953 CLU_3055 6024 
CLU_2953 CLU_3060 6080 
CLU_2953 CLU_3084 10337 
CLU_2953 CLU_3086 13848 
CLU_2953 CLU_3087 14341 
CLU_2953 CLU_3098 13677 
CLU_2953 CLU_3108 8952 
CLU_2953 CLU_3121 6423 
CLU_2953 CLU_3128 8910 
CLU_2953 CLU_3141 9897 
CLU_2953 CLU_3143 8793 
CLU_2953 CLU_3160 9064 
CLU_2953 CLU_3166 8084 
CLU_2953 CLU_3176 8205 
CLU_2953 CLU_3200 5879 
CLU_2953 CLU_3214 4300 
CLU_2953 CLU_7923 6092 
CLU_2954 3118602190990 3507 
CLU_2954 3118602191229 3235 
CLU_2954 3118602190591 2419 
CLU_2954 3118602190567 681 
CLU_2954 3118602190532 1020 
CLU_2954 3118602190494 1421 
CLU_2954 3118602190869 2145 
CLU_2954 3118602190605 3242 
CLU_2954 3118602190109 3514 
CLU_2954 3118607116306 3485 
CLU_2954 3118602190931 3187 
CLU_2954 3118602190923 4716 
CLU_2954 3118602190893 5820 
CLU_2954 3118602190486 4073 
CLU_2954 3118602190915 6018 
CLU_2954 3118602190222 4735 
CLU_2954 3118604696077 6479 
CLU_2954 3118602191024 7596 
CLU_2954 3118602190478 8131 
CLU_2954 3118602190389 8601 
CLU_2954 3118607110316 8949 
CLU_2954 3118602220261 6551 
CLU_2954 3118602190397 8181 
CLU_2954 3118602190176 5656 
CLU_2954 3118602191059 6212 
CLU_2954 3118602191040 7425 
CLU_2954 3118602190451 10507 
CLU_2954 3118602190206 10835 
CLU_2954 3118602190966 11922 
CLU_2954 3118602190400 9952 
CLU_2954 3118602190877 10835 
CLU_2954 3118602190826 13493 
CLU_2954 3118602190729 15608 
CLU_2954 3118602190656 15608 
CLU_2954 3118602190834 15474 
CLU_2954 3118602190710 15003 
CLU_2954 3118602190796 15392 
CLU_2954 3118602190648 15801 
CLU_2954 3118602190818 12893 
CLU_2954 3118602190885 7152 
CLU_2954 3118607053355 11309 
CLU_2954 3118602190192 8874 
CLU_2954 3118602190214 8496 
CLU_2954 3118602190680 9184 
CLU_2954 3118602190753 7878 
CLU_2954 3118602190141 9898 
CLU_2954 3118602220245 6335 
CLU_2954 3118602190788 3507 
CLU_2954 CLU_2943 1774 
CLU_2954 CLU_2961 1409 
CLU_2954 CLU_2970 1923 
CLU_2954 CLU_2971 1779 
CLU_2954 CLU_3051 7596 
CLU_2954 CLU_3055 6587 
CLU_2954 CLU_3060 6711 
CLU_2954 CLU_3084 10792 
CLU_2954 CLU_3086 14670 
CLU_2954 CLU_3087 15175 
CLU_2954 CLU_3098 14527 
CLU_2954 CLU_3108 9824 
CLU_2954 CLU_3121 5901 
CLU_2954 CLU_3128 8303 
CLU_2954 CLU_3141 9474 
CLU_2954 CLU_3143 8400 
CLU_2954 CLU_3160 8715 
CLU_2954 CLU_3166 7918 
CLU_2954 CLU_3176 7936 
CLU_2954 CLU_3200 5535 
CLU_2954 CLU_3214 3779 
CLU_2954 CLU_7923 6948 
CLU_2955 3118602190990 3149 
CLU_2955 3118602191229 2964 
CLU_2955 3118602190591 2096 
CLU_2955 3118602190567 0 
CLU_2955 3118602190532 959 
CLU_2955 3118602190494 1789 
CLU_2955 3118602190869 1525 
CLU_2955 3118602190605 2632 
CLU_2955 3118602190109 2839 
CLU_2955 3118607116306 3528 
CLU_2955 3118602190931 3204 
CLU_2955 3118602190923 4528 
CLU_2955 3118602190893 5803 
CLU_2955 3118602190486 3782 
CLU_2955 3118602190915 5917 
CLU_2955 3118602190222 4711 
CLU_2955 3118604696077 5830 
CLU_2955 3118602191024 6978 
CLU_2955 3118602190478 7515 
CLU_2955 3118602190389 7972 
CLU_2955 3118607110316 8275 
CLU_2955 3118602220261 5929 
CLU_2955 3118602190397 7530 
CLU_2955 3118602190176 4984 
CLU_2955 3118602191059 5611 
CLU_2955 3118602191040 6891 
CLU_2955 3118602190451 9883 
CLU_2955 3118602190206 10201 
CLU_2955 3118602190966 11267 
CLU_2955 3118602190400 9315 
CLU_2955 3118602190877 10201 
CLU_2955 3118602190826 12842 
CLU_2955 3118602190729 15005 
CLU_2955 3118602190656 15005 
CLU_2955 3118602190834 14861 
CLU_2955 3118602190710 14433 
CLU_2955 3118602190796 14808 
CLU_2955 3118602190648 15210 
CLU_2955 3118602190818 12246 
CLU_2955 3118602190885 6514 
CLU_2955 3118607053355 10645 
CLU_2955 3118602190192 8842 
CLU_2955 3118602190214 8404 
CLU_2955 3118602190680 8977 
CLU_2955 3118602190753 7447 
CLU_2955 3118602190141 9607 
CLU_2955 3118602220245 6085 
CLU_2955 3118602190788 3149 
CLU_2955 CLU_2943 1531 
CLU_2955 CLU_2961 868 
CLU_2955 CLU_2970 1736 
CLU_2955 CLU_2971 1783 
CLU_2955 CLU_3051 6978 
CLU_2955 CLU_3055 5911 
CLU_2955 CLU_3060 6030 
CLU_2955 CLU_3084 10140 
CLU_2955 CLU_3086 14038 
CLU_2955 CLU_3087 14554 
CLU_2955 CLU_3098 13928 
CLU_2955 CLU_3108 9324 
CLU_2955 CLU_3121 5860 
CLU_2955 CLU_3128 8352 
CLU_2955 CLU_3141 9339 
CLU_2955 CLU_3143 8237 
CLU_2955 CLU_3160 8515 
CLU_2955 CLU_3166 7576 
CLU_2955 CLU_3176 7671 
CLU_2955 CLU_3200 5328 
CLU_2955 CLU_3214 3737 
CLU_2955 CLU_7923 6366 
CLU_2956 3118602190990 2928 
CLU_2956 3118602191229 2815 
CLU_2956 3118602190591 1939 
CLU_2956 3118602190567 468 
CLU_2956 3118602190532 1207 
CLU_2956 3118602190494 2160 
CLU_2956 3118602190869 1170 
CLU_2956 3118602190605 2262 
CLU_2956 3118602190109 2387 
CLU_2956 3118607116306 3673 
CLU_2956 3118602190931 3340 
CLU_2956 3118602190923 4498 
CLU_2956 3118602190893 5880 
CLU_2956 3118602190486 3685 
CLU_2956 3118602190915 5936 
CLU_2956 3118602190222 4795 
CLU_2956 3118604696077 5376 
CLU_2956 3118602191024 6541 
CLU_2956 3118602190478 7080 
CLU_2956 3118602190389 7528 
CLU_2956 3118607110316 7808 
CLU_2956 3118602220261 5492 
CLU_2956 3118602190397 7073 
CLU_2956 3118602190176 4517 
CLU_2956 3118602191059 5187 
CLU_2956 3118602191040 6512 
CLU_2956 3118602190451 9441 
CLU_2956 3118602190206 9754 
CLU_2956 3118602190966 10808 
CLU_2956 3118602190400 8865 
CLU_2956 3118602190877 9754 
CLU_2956 3118602190826 12411 
CLU_2956 3118602190729 14618 
CLU_2956 3118602190656 14618 
CLU_2956 3118602190834 14465 
CLU_2956 3118602190710 14072 
CLU_2956 3118602190796 14436 
CLU_2956 3118602190648 14832 
CLU_2956 3118602190818 11820 
CLU_2956 3118602190885 6098 
CLU_2956 3118607053355 10181 
CLU_2956 3118602190192 8806 
CLU_2956 3118602190214 8328 
CLU_2956 3118602190680 8821 
CLU_2956 3118602190753 7138 
CLU_2956 3118602190141 9390 
CLU_2956 3118602220245 5912 
CLU_2956 3118602190788 2928 
CLU_2956 CLU_2943 1483 
CLU_2956 CLU_2961 710 
CLU_2956 CLU_2970 1798 
CLU_2956 CLU_2971 1970 
CLU_2956 CLU_3051 6541 
CLU_2956 CLU_3055 5443 
CLU_2956 CLU_3060 5563 
CLU_2956 CLU_3084 9682 
CLU_2956 CLU_3086 13625 
CLU_2956 CLU_3087 14150 
CLU_2956 CLU_3098 13544 
CLU_2956 CLU_3108 9027 
CLU_2956 CLU_3121 5834 
CLU_2956 CLU_3128 8375 
CLU_2956 CLU_3141 9231 
CLU_2956 CLU_3143 8114 
CLU_2956 CLU_3160 8364 
CLU_2956 CLU_3166 7329 
CLU_2956 CLU_3176 7478 
CLU_2956 CLU_3200 5190 
CLU_2956 CLU_3214 3737 
CLU_2956 CLU_7923 6004 
CLU_2957 3118602190990 2585 
CLU_2957 3118602191229 2434 
CLU_2957 3118602190591 1557 
CLU_2957 3118602190567 581 
CLU_2957 3118602190532 1509 
CLU_2957 3118602190494 2370 
CLU_2957 3118602190869 1535 
CLU_2957 3118602190605 2595 
CLU_2957 3118602190109 2590 
CLU_2957 3118607116306 4041 
CLU_2957 3118602190931 3711 
CLU_2957 3118602190923 4912 
CLU_2957 3118602190893 6275 
CLU_2957 3118602190486 4103 
CLU_2957 3118602190915 6344 
CLU_2957 3118602190222 5186 
CLU_2957 3118604696077 5346 
CLU_2957 3118602191024 6454 
CLU_2957 3118602190478 6990 
CLU_2957 3118602190389 7459 
CLU_2957 3118607110316 7853 
CLU_2957 3118602220261 5409 
CLU_2957 3118602190397 7049 
CLU_2957 3118602190176 4558 
CLU_2957 3118602191059 5073 
CLU_2957 3118602191040 6321 
CLU_2957 3118602190451 9365 
CLU_2957 3118602190206 9694 
CLU_2957 3118602190966 10792 
CLU_2957 3118602190400 8813 
CLU_2957 3118602190877 9694 
CLU_2957 3118602190826 12636 
CLU_2957 3118602190729 14906 
CLU_2957 3118602190656 14906 
CLU_2957 3118602190834 14743 
CLU_2957 3118602190710 14389 
CLU_2957 3118602190796 14741 
CLU_2957 3118602190648 15130 
CLU_2957 3118602190818 12054 
CLU_2957 3118602190885 6358 
CLU_2957 3118607053355 10189 
CLU_2957 3118602190192 8397 
CLU_2957 3118602190214 7927 
CLU_2957 3118602190680 8449 
CLU_2957 3118602190753 6866 
CLU_2957 3118602190141 9049 
CLU_2957 3118602220245 5546 
CLU_2957 3118602190788 2585 
CLU_2957 CLU_2943 1067 
CLU_2957 CLU_2961 1126 
CLU_2957 CLU_2970 2188 
CLU_2957 CLU_2971 2313 
CLU_2957 CLU_3051 6454 
CLU_2957 CLU_3055 5503 
CLU_2957 CLU_3060 5673 
CLU_2957 CLU_3084 9659 
CLU_2957 CLU_3086 13880 
CLU_2957 CLU_3087 14419 
CLU_2957 CLU_3098 13836 
CLU_2957 CLU_3108 9392 
CLU_2957 CLU_3121 5422 
CLU_2957 CLU_3128 7958 
CLU_2957 CLU_3141 8840 
CLU_2957 CLU_3143 7728 
CLU_2957 CLU_3160 7989 
CLU_2957 CLU_3166 7007 
CLU_2957 CLU_3176 7123 
CLU_2957 CLU_3200 4808 
CLU_2957 CLU_3214 3320 
CLU_2957 CLU_7923 6327 
CLU_2958 3118602190990 2237 
CLU_2958 3118602191229 2191 
CLU_2958 3118602190591 1341 
CLU_2958 3118602190567 1110 
CLU_2958 3118602190532 1946 
CLU_2958 3118602190494 2883 
CLU_2958 3118602190869 1443 
CLU_2958 3118602190605 2371 
CLU_2958 3118602190109 2171 
CLU_2958 3118607116306 4373 
CLU_2958 3118602190931 4037 
CLU_2958 3118602190923 5065 
CLU_2958 3118602190893 6529 
CLU_2958 3118602190486 4194 
CLU_2958 3118602190915 6537 
CLU_2958 3118602190222 5452 
CLU_2958 3118604696077 4774 
CLU_2958 3118602191024 5883 
CLU_2958 3118602190478 6419 
CLU_2958 3118602190389 6887 
CLU_2958 3118607110316 7295 
CLU_2958 3118602220261 4838 
CLU_2958 3118602190397 6477 
CLU_2958 3118602190176 4003 
CLU_2958 3118602191059 4506 
CLU_2958 3118602191040 5786 
CLU_2958 3118602190451 8793 
CLU_2958 3118602190206 9121 
CLU_2958 3118602190966 10220 
CLU_2958 3118602190400 8240 
CLU_2958 3118602190877 9121 
CLU_2958 3118602190826 12193 
CLU_2958 3118602190729 14539 
CLU_2958 3118602190656 14539 
CLU_2958 3118602190834 14362 
CLU_2958 3118602190710 14068 
CLU_2958 3118602190796 14401 
CLU_2958 3118602190648 14780 
CLU_2958 3118602190818 11622 
CLU_2958 3118602190885 5968 
CLU_2958 3118607053355 9621 
CLU_2958 3118602190192 8248 
CLU_2958 3118602190214 7731 
CLU_2958 3118602190680 8152 
CLU_2958 3118602190753 6399 
CLU_2958 3118602190141 8682 
CLU_2958 3118602220245 5236 
CLU_2958 3118602190788 2237 
CLU_2958 CLU_2943 1097 
CLU_2958 CLU_2961 1340 
CLU_2958 CLU_2970 2479 
CLU_2958 CLU_2971 2697 
CLU_2958 CLU_3051 5883 
CLU_2958 CLU_3055 4953 
CLU_2958 CLU_3060 5148 
CLU_2958 CLU_3084 9087 
CLU_2958 CLU_3086 13469 
CLU_2958 CLU_3087 14026 
CLU_2958 CLU_3098 13476 
CLU_2958 CLU_3108 9179 
CLU_2958 CLU_3121 5302 
CLU_2958 CLU_3128 7885 
CLU_2958 CLU_3141 8601 
CLU_2958 CLU_3143 7473 
CLU_2958 CLU_3160 7700 
CLU_2958 CLU_3166 6608 
CLU_2958 CLU_3176 6786 
CLU_2958 CLU_3200 4547 
CLU_2958 CLU_3214 3264 
CLU_2958 CLU_7923 6033 
CLU_2959 3118602190990 2977 
CLU_2959 3118602191229 2902 
CLU_2959 3118602190591 2031 
CLU_2959 3118602190567 666 
CLU_2959 3118602190532 1256 
CLU_2959 3118602190494 2253 
CLU_2959 3118602190869 952 
CLU_2959 3118602190605 2038 
CLU_2959 3118602190109 2173 
CLU_2959 3118607116306 3629 
CLU_2959 3118602190931 3293 
CLU_2959 3118602190923 4372 
CLU_2959 3118602190893 5797 
CLU_2959 3118602190486 3535 
CLU_2959 3118602190915 5827 
CLU_2959 3118602190222 4717 
CLU_2959 3118604696077 5231 
CLU_2959 3118602191024 6420 
CLU_2959 3118602190478 6960 
CLU_2959 3118602190389 7398 
CLU_2959 3118607110316 7631 
CLU_2959 3118602220261 5370 
CLU_2959 3118602190397 6924 
CLU_2959 3118602190176 4345 
CLU_2959 3118602191059 5081 
CLU_2959 3118602191040 6445 
CLU_2959 3118602190451 9313 
CLU_2959 3118602190206 9618 
CLU_2959 3118602190966 10653 
CLU_2959 3118602190400 8726 
CLU_2959 3118602190877 9618 
CLU_2959 3118602190826 12189 
CLU_2959 3118602190729 14392 
CLU_2959 3118602190656 14392 
CLU_2959 3118602190834 14240 
CLU_2959 3118602190710 13848 
CLU_2959 3118602190796 14211 
CLU_2959 3118602190648 14606 
CLU_2959 3118602190818 11597 
CLU_2959 3118602190885 5874 
CLU_2959 3118607053355 10017 
CLU_2959 3118602190192 8927 
CLU_2959 3118602190214 8433 
CLU_2959 3118602190680 8888 
CLU_2959 3118602190753 7121 
CLU_2959 3118602190141 9425 
CLU_2959 3118602220245 5973 
CLU_2959 3118602190788 2977 
CLU_2959 CLU_2943 1630 
CLU_2959 CLU_2961 601 
CLU_2959 CLU_2970 1736 
CLU_2959 CLU_2971 1965 
CLU_2959 CLU_3051 6420 
CLU_2959 CLU_3055 5264 
CLU_2959 CLU_3060 5368 
CLU_2959 CLU_3084 9530 
CLU_2959 CLU_3086 13401 
CLU_2959 CLU_3087 13925 
CLU_2959 CLU_3098 13318 
CLU_2959 CLU_3108 8812 
CLU_2959 CLU_3121 5962 
CLU_2959 CLU_3128 8518 
CLU_2959 CLU_3141 9320 
CLU_2959 CLU_3143 8197 
CLU_2959 CLU_3160 8434 
CLU_2959 CLU_3166 7350 
CLU_2959 CLU_3176 7528 
CLU_2959 CLU_3200 5271 
CLU_2959 CLU_3214 3880 
CLU_2959 CLU_7923 5780 
CLU_2960 3118602190990 3442 
CLU_2960 3118602191229 3340 
CLU_2960 3118602190591 2464 
CLU_2960 3118602190567 635 
CLU_2960 3118602190532 803 
CLU_2960 3118602190494 1829 
CLU_2960 3118602190869 952 
CLU_2960 3118602190605 2045 
CLU_2960 3118602190109 2392 
CLU_2960 3118607116306 3158 
CLU_2960 3118602190931 2823 
CLU_2960 3118602190923 3984 
CLU_2960 3118602190893 5355 
CLU_2960 3118602190486 3193 
CLU_2960 3118602190915 5414 
CLU_2960 3118602190222 4269 
CLU_2960 3118604696077 5621 
CLU_2960 3118602191024 6841 
CLU_2960 3118602190478 7383 
CLU_2960 3118602190389 7806 
CLU_2960 3118607110316 7955 
CLU_2960 3118602220261 5793 
CLU_2960 3118602190397 7304 
CLU_2960 3118602190176 4689 
CLU_2960 3118602191059 5521 
CLU_2960 3118602191040 6912 
CLU_2960 3118602190451 9722 
CLU_2960 3118602190206 10016 
CLU_2960 3118602190966 11020 
CLU_2960 3118602190400 9121 
CLU_2960 3118602190877 10016 
CLU_2960 3118602190826 12306 
CLU_2960 3118602190729 14413 
CLU_2960 3118602190656 14413 
CLU_2960 3118602190834 14277 
CLU_2960 3118602190710 13821 
CLU_2960 3118602190796 14203 
CLU_2960 3118602190648 14609 
CLU_2960 3118602190818 11702 
CLU_2960 3118602190885 5959 
CLU_2960 3118607053355 10366 
CLU_2960 3118602190192 9327 
CLU_2960 3118602190214 8853 
CLU_2960 3118602190680 9343 
CLU_2960 3118602190753 7603 
CLU_2960 3118602190141 9898 
CLU_2960 3118602220245 6432 
CLU_2960 3118602190788 3442 
CLU_2960 CLU_2943 1997 
CLU_2960 CLU_2961 232 
CLU_2960 CLU_2970 1274 
CLU_2960 CLU_2971 1483 
CLU_2960 CLU_3051 6841 
CLU_2960 CLU_3055 5585 
CLU_2960 CLU_3060 5642 
CLU_2960 CLU_3084 9904 
CLU_2960 CLU_3086 13474 
CLU_2960 CLU_3087 13978 
CLU_2960 CLU_3098 13333 
CLU_2960 CLU_3108 8691 
CLU_2960 CLU_3121 6353 
CLU_2960 CLU_3128 8884 
CLU_2960 CLU_3141 9757 
CLU_2960 CLU_3143 8640 
CLU_2960 CLU_3160 8887 
CLU_2960 CLU_3166 7828 
CLU_2960 CLU_3176 7993 
CLU_2960 CLU_3200 5715 
CLU_2960 CLU_3214 4248 
CLU_2960 CLU_7923 5759 
CLU_2961 3118602190990 3577 
CLU_2961 3118602191229 3502 
CLU_2961 3118602190591 2629 
CLU_2961 3118602190567 868 
CLU_2961 3118602190532 858 
CLU_2961 3118602190494 1891 
CLU_2961 3118602190869 771 
CLU_2961 3118602190605 1841 
CLU_2961 3118602190109 2256 
CLU_2961 3118607116306 3039 
CLU_2961 3118602190931 2702 
CLU_2961 3118602190923 3788 
CLU_2961 3118602190893 5195 
CLU_2961 3118602190486 2979 
CLU_2961 3118602190915 5232 
CLU_2961 3118602190222 4115 
CLU_2961 3118604696077 5567 
CLU_2961 3118602191024 6812 
CLU_2961 3118602190478 7353 
CLU_2961 3118602190389 7764 
CLU_2961 3118607110316 7853 
CLU_2961 3118602220261 5765 
CLU_2961 3118602190397 7239 
CLU_2961 3118602190176 4604 
CLU_2961 3118602191059 5512 
CLU_2961 3118602191040 6940 
CLU_2961 3118602190451 9679 
CLU_2961 3118602190206 9964 
CLU_2961 3118602190966 10942 
CLU_2961 3118602190400 9066 
CLU_2961 3118602190877 9964 
CLU_2961 3118602190826 12116 
CLU_2961 3118602190729 14199 
CLU_2961 3118602190656 14199 
CLU_2961 3118602190834 14066 
CLU_2961 3118602190710 13599 
CLU_2961 3118602190796 13984 
CLU_2961 3118602190648 14392 
CLU_2961 3118602190818 11508 
CLU_2961 3118602190885 5763 
CLU_2961 3118607053355 10277 
CLU_2961 3118602190192 9514 
CLU_2961 3118602190214 9028 
CLU_2961 3118602190680 9489 
CLU_2961 3118602190753 7678 
CLU_2961 3118602190141 10018 
CLU_2961 3118602220245 6574 
CLU_2961 3118602190788 3577 
CLU_2961 CLU_2943 2193 
CLU_2961 CLU_2961 0 
CLU_2961 CLU_2970 1141 
CLU_2961 CLU_2971 1423 
CLU_2961 CLU_3051 6812 
CLU_2961 CLU_3055 5485 
CLU_2961 CLU_3060 5517 
CLU_2961 CLU_3084 9832 
CLU_2961 CLU_3086 13272 
CLU_2961 CLU_3087 13771 
CLU_2961 CLU_3098 13118 
CLU_2961 CLU_3108 8460 
CLU_2961 CLU_3121 6543 
CLU_2961 CLU_3128 9085 
CLU_2961 CLU_3141 9921 
CLU_2961 CLU_3143 8799 
CLU_2961 CLU_3160 9036 
CLU_2961 CLU_3166 7936 
CLU_2961 CLU_3176 8126 
CLU_2961 CLU_3200 5872 
CLU_2961 CLU_3214 4447 
CLU_2961 CLU_7923 5540 
CLU_2962 3118602190990 3158 
CLU_2962 3118602191229 3138 
CLU_2962 3118602190591 2286 
CLU_2962 3118602190567 1010 
CLU_2962 3118602190532 1360 
CLU_2962 3118602190494 2393 
CLU_2962 3118602190869 570 
CLU_2962 3118602190605 1654 
CLU_2962 3118602190109 1849 
CLU_2962 3118607116306 3519 
CLU_2962 3118602190931 3181 
CLU_2962 3118602190923 4119 
CLU_2962 3118602190893 5609 
CLU_2962 3118602190486 3248 
CLU_2962 3118602190915 5597 
CLU_2962 3118602190222 4542 
CLU_2962 3118604696077 5056 
CLU_2962 3118602191024 6288 
CLU_2962 3118602190478 6830 
CLU_2962 3118602190389 7246 
CLU_2962 3118607110316 7386 
CLU_2962 3118602220261 5241 
CLU_2962 3118602190397 6735 
CLU_2962 3118602190176 4118 
CLU_2962 3118602191059 4984 
CLU_2962 3118602191040 6414 
CLU_2962 3118602190451 9162 
CLU_2962 3118602190206 9452 
CLU_2962 3118602190966 10449 
CLU_2962 3118602190400 8555 
CLU_2962 3118602190877 9452 
CLU_2962 3118602190826 11831 
CLU_2962 3118602190729 14013 
CLU_2962 3118602190656 14013 
CLU_2962 3118602190834 13863 
CLU_2962 3118602190710 13464 
CLU_2962 3118602190796 13828 
CLU_2962 3118602190648 14225 
CLU_2962 3118602190818 11236 
CLU_2962 3118602190885 5505 
CLU_2962 3118607053355 9795 
CLU_2962 3118602190192 9194 
CLU_2962 3118602190214 8677 
CLU_2962 3118602190680 9075 
CLU_2962 3118602190753 7176 
CLU_2962 3118602190141 9562 
CLU_2962 3118602220245 6158 
CLU_2962 3118602190788 3158 
CLU_2962 CLU_2943 1955 
CLU_2962 CLU_2961 529 
CLU_2962 CLU_2970 1627 
CLU_2962 CLU_2971 1947 
CLU_2962 CLU_3051 6288 
CLU_2962 CLU_3055 5016 
CLU_2962 CLU_3060 5084 
CLU_2962 CLU_3084 9334 
CLU_2962 CLU_3086 13031 
CLU_2962 CLU_3087 13551 
CLU_2962 CLU_3098 12938 
CLU_2962 CLU_3108 8430 
CLU_2962 CLU_3121 6243 
CLU_2962 CLU_3128 8818 
CLU_2962 CLU_3141 9542 
CLU_2962 CLU_3143 8411 
CLU_2962 CLU_3160 8627 
CLU_2962 CLU_3166 7467 
CLU_2962 CLU_3176 7690 
CLU_2962 CLU_3200 5486 
CLU_2962 CLU_3214 4185 
CLU_2962 CLU_7923 5396 
CLU_2963 3118602190990 2540 
CLU_2963 3118602191229 2549 
CLU_2963 3118602190591 1725 
CLU_2963 3118602190567 1180 
CLU_2963 3118602190532 1851 
CLU_2963 3118602190494 2850 
CLU_2963 3118602190869 1052 
CLU_2963 3118602190605 1954 
CLU_2963 3118602190109 1809 
CLU_2963 3118607116306 4140 
CLU_2963 3118602190931 3802 
CLU_2963 3118602190923 4724 
CLU_2963 3118602190893 6234 
CLU_2963 3118602190486 3831 
CLU_2963 3118602190915 6211 
CLU_2963 3118602190222 5169 
CLU_2963 3118604696077 4655 
CLU_2963 3118602191024 5827 
CLU_2963 3118602190478 6367 
CLU_2963 3118602190389 6810 
CLU_2963 3118607110316 7101 
CLU_2963 3118602220261 4777 
CLU_2963 3118602190397 6352 
CLU_2963 3118602190176 3807 
CLU_2963 3118602191059 4483 
CLU_2963 3118602191040 5853 
CLU_2963 3118602190451 8724 
CLU_2963 3118602190206 9034 
CLU_2963 3118602190966 10088 
CLU_2963 3118602190400 8144 
CLU_2963 3118602190877 9034 
CLU_2963 3118602190826 11852 
CLU_2963 3118602190729 14158 
CLU_2963 3118602190656 14158 
CLU_2963 3118602190834 13987 
CLU_2963 3118602190710 13672 
CLU_2963 3118602190796 14011 
CLU_2963 3118602190648 14393 
CLU_2963 3118602190818 11274 
CLU_2963 3118602190885 5595 
CLU_2963 3118607053355 9465 
CLU_2963 3118602190192 8618 
CLU_2963 3118602190214 8083 
CLU_2963 3118602190680 8454 
CLU_2963 3118602190753 6565 
CLU_2963 3118602190141 8935 
CLU_2963 3118602220245 5538 
CLU_2963 3118602190788 2540 
CLU_2963 CLU_2943 1514 
CLU_2963 CLU_2961 1112 
CLU_2963 CLU_2970 2244 
CLU_2963 CLU_2971 2528 
CLU_2963 CLU_3051 5827 
CLU_2963 CLU_3055 4741 
CLU_2963 CLU_3060 4889 
CLU_2963 CLU_3084 8962 
CLU_2963 CLU_3086 13109 
CLU_2963 CLU_3087 13656 
CLU_2963 CLU_3098 13093 
CLU_2963 CLU_3108 8764 
CLU_2963 CLU_3121 5684 
CLU_2963 CLU_3128 8278 
CLU_2963 CLU_3141 8933 
CLU_2963 CLU_3143 7799 
CLU_2963 CLU_3160 8007 
CLU_2963 CLU_3166 6841 
CLU_2963 CLU_3176 7065 
CLU_2963 CLU_3200 4878 
CLU_2963 CLU_3214 3667 
CLU_2963 CLU_7923 5628 
CLU_2964 3118602190990 3563 
CLU_2964 3118602191229 3600 
CLU_2964 3118602190591 2776 
CLU_2964 3118602190567 1525 
CLU_2964 3118602190532 1592 
CLU_2964 3118602190494 2602 
CLU_2964 3118602190869 0 
CLU_2964 3118602190605 1106 
CLU_2964 3118602190109 1513 
CLU_2964 3118607116306 3326 
CLU_2964 3118602190931 2994 
CLU_2964 3118602190923 3704 
CLU_2964 3118602190893 5277 
CLU_2964 3118602190486 2790 
CLU_2964 3118602190915 5205 
CLU_2964 3118602190222 4238 
CLU_2964 3118604696077 4942 
CLU_2964 3118602191024 6236 
CLU_2964 3118602190478 6776 
CLU_2964 3118602190389 7156 
CLU_2964 3118607110316 7136 
CLU_2964 3118602220261 5201 
CLU_2964 3118602190397 6587 
CLU_2964 3118602190176 3925 
CLU_2964 3118602191059 4996 
CLU_2964 3118602191040 6514 
CLU_2964 3118602190451 9066 
CLU_2964 3118602190206 9330 
CLU_2964 3118602190966 10262 
CLU_2964 3118602190400 8429 
CLU_2964 3118602190877 9330 
CLU_2964 3118602190826 11354 
CLU_2964 3118602190729 13480 
CLU_2964 3118602190656 13480 
CLU_2964 3118602190834 13338 
CLU_2964 3118602190710 12913 
CLU_2964 3118602190796 13284 
CLU_2964 3118602190648 13685 
CLU_2964 3118602190818 10750 
CLU_2964 3118602190885 5007 
CLU_2964 3118607053355 9578 
CLU_2964 3118602190192 9669 
CLU_2964 3118602190214 9127 
CLU_2964 3118602190680 9457 
CLU_2964 3118602190753 7392 
CLU_2964 3118602190141 9880 
CLU_2964 3118602220245 6545 
CLU_2964 3118602190788 3563 
CLU_2964 CLU_2943 2502 
CLU_2964 CLU_2961 771 
CLU_2964 CLU_2970 1525 
CLU_2964 CLU_2971 1958 
CLU_2964 CLU_3051 6236 
CLU_2964 CLU_3055 4775 
CLU_2964 CLU_3060 4773 
CLU_2964 CLU_3084 9162 
CLU_2964 CLU_3086 12525 
CLU_2964 CLU_3087 13034 
CLU_2964 CLU_3098 12403 
CLU_2964 CLU_3108 7860 
CLU_2964 CLU_3121 6737 
CLU_2964 CLU_3128 9327 
CLU_2964 CLU_3141 9963 
CLU_2964 CLU_3143 8825 
CLU_2964 CLU_3160 9016 
CLU_2964 CLU_3166 7764 
CLU_2964 CLU_3176 8045 
CLU_2964 CLU_3200 5911 
CLU_2964 CLU_3214 4708 
CLU_2964 CLU_7923 4844 
CLU_2965 3118602190990 4659 
CLU_2965 3118602191229 4419 
CLU_2965 3118602190591 3580 
CLU_2965 3118602190567 1548 
CLU_2965 3118602190532 816 
CLU_2965 3118602190494 241 
CLU_2965 3118602190869 2402 
CLU_2965 3118602190605 3334 
CLU_2965 3118602190109 3914 
CLU_2965 3118607116306 2383 
CLU_2965 3118602190931 2120 
CLU_2965 3118602190923 3830 
CLU_2965 3118602190893 4727 
CLU_2965 3118602190486 3370 
CLU_2965 3118602190915 5001 
CLU_2965 3118602190222 3663 
CLU_2965 3118604696077 7222 
CLU_2965 3118602191024 8434 
CLU_2965 3118602190478 8974 
CLU_2965 3118602190389 9404 
CLU_2965 3118607110316 9526 
CLU_2965 3118602220261 7384 
CLU_2965 3118602190397 8903 
CLU_2965 3118602190176 6278 
CLU_2965 3118602191059 7097 
CLU_2965 3118602191040 8428 
CLU_2965 3118602190451 11320 
CLU_2965 3118602190206 11617 
CLU_2965 3118602190966 12614 
CLU_2965 3118602190400 10721 
CLU_2965 3118602190877 11617 
CLU_2965 3118602190826 13563 
CLU_2965 3118602190729 15447 
CLU_2965 3118602190656 15447 
CLU_2965 3118602190834 15351 
CLU_2965 3118602190710 14735 
CLU_2965 3118602190796 15166 
CLU_2965 3118602190648 15598 
CLU_2965 3118602190818 12937 
CLU_2965 3118602190885 7209 
CLU_2965 3118607053355 11952 
CLU_2965 3118602190192 10052 
CLU_2965 3118602190214 9690 
CLU_2965 3118602190680 10386 
CLU_2965 3118602190753 8991 
CLU_2965 3118602190141 11085 
CLU_2965 3118602220245 7530 
CLU_2965 3118602190788 4659 
CLU_2965 CLU_2943 2954 
CLU_2965 CLU_2961 1674 
CLU_2965 CLU_2970 1333 
CLU_2965 CLU_2971 910 
CLU_2965 CLU_3051 8434 
CLU_2965 CLU_3055 7159 
CLU_2965 CLU_3060 7175 
CLU_2965 CLU_3084 11501 
CLU_2965 CLU_3086 14634 
CLU_2965 CLU_3087 15089 
CLU_2965 CLU_3098 14358 
CLU_2965 CLU_3108 9395 
CLU_2965 CLU_3121 7087 
CLU_2965 CLU_3128 9447 
CLU_2965 CLU_3141 10674 
CLU_2965 CLU_3143 9602 
CLU_2965 CLU_3160 9917 
CLU_2965 CLU_3166 9085 
CLU_2965 CLU_3176 9128 
CLU_2965 CLU_3200 6736 
CLU_2965 CLU_3214 4972 
CLU_2965 CLU_7923 6790 
CLU_2966 3118602190990 3956 
CLU_2966 3118602191229 3714 
CLU_2966 3118602190591 2875 
CLU_2966 3118602190567 881 
CLU_2966 3118602190532 605 
CLU_2966 3118602190494 939 
CLU_2966 3118602190869 2049 
CLU_2966 3118602190605 3097 
CLU_2966 3118602190109 3516 
CLU_2966 3118607116306 2961 
CLU_2966 3118602190931 2667 
CLU_2966 3118602190923 4236 
CLU_2966 3118602190893 5299 
CLU_2966 3118602190486 3641 
CLU_2966 3118602190915 5511 
CLU_2966 3118602190222 4216 
CLU_2966 3118604696077 6674 
CLU_2966 3118602191024 7845 
CLU_2966 3118602190478 8384 
CLU_2966 3118602190389 8833 
CLU_2966 3118607110316 9063 
CLU_2966 3118602220261 6796 
CLU_2966 3118602190397 8369 
CLU_2966 3118602190176 5785 
CLU_2966 3118602191059 6486 
CLU_2966 3118602191040 7771 
CLU_2966 3118602190451 10746 
CLU_2966 3118602190206 11057 
CLU_2966 3118602190966 12098 
CLU_2966 3118602190400 10167 
CLU_2966 3118602190877 11057 
CLU_2966 3118602190826 13379 
CLU_2966 3118602190729 15399 
CLU_2966 3118602190656 15399 
CLU_2966 3118602190834 15280 
CLU_2966 3118602190710 14751 
CLU_2966 3118602190796 15156 
CLU_2966 3118602190648 15575 
CLU_2966 3118602190818 12767 
CLU_2966 3118602190885 7021 
CLU_2966 3118607053355 11459 
CLU_2966 3118602190192 9400 
CLU_2966 3118602190214 9018 
CLU_2966 3118602190680 9689 
CLU_2966 3118602190753 8297 
CLU_2966 3118602190141 10380 
CLU_2966 3118602220245 6827 
CLU_2966 3118602190788 3956 
CLU_2966 CLU_2943 2249 
CLU_2966 CLU_2961 1278 
CLU_2966 CLU_2970 1484 
CLU_2966 CLU_2971 1273 
CLU_2966 CLU_3051 7845 
CLU_2966 CLU_3055 6694 
CLU_2966 CLU_3060 6765 
CLU_2966 CLU_3084 10976 
CLU_2966 CLU_3086 14512 
CLU_2966 CLU_3087 14996 
CLU_2966 CLU_3098 14314 
CLU_2966 CLU_3108 9504 
CLU_2966 CLU_3121 6426 
CLU_2966 CLU_3128 8827 
CLU_2966 CLU_3141 9991 
CLU_2966 CLU_3143 8913 
CLU_2966 CLU_3160 9221 
CLU_2966 CLU_3166 8380 
CLU_2966 CLU_3176 8425 
CLU_2966 CLU_3200 6037 
CLU_2966 CLU_3214 4303 
CLU_2966 CLU_7923 6726 
CLU_2967 3118602190990 3972 
CLU_2967 3118602191229 3712 
CLU_2967 3118602190591 2886 
CLU_2967 3118602190567 961 
CLU_2967 3118602190532 761 
CLU_2967 3118602190494 939 
CLU_2967 3118602190869 2198 
CLU_2967 3118602190605 3252 
CLU_2967 3118602190109 3656 
CLU_2967 3118607116306 3045 
CLU_2967 3118602190931 2759 
CLU_2967 3118602190923 4361 
CLU_2967 3118602190893 5388 
CLU_2967 3118602190486 3782 
CLU_2967 3118602190915 5616 
CLU_2967 3118602190222 4309 
CLU_2967 3118604696077 6781 
CLU_2967 3118602191024 7938 
CLU_2967 3118602190478 8476 
CLU_2967 3118602190389 8931 
CLU_2967 3118607110316 9188 
CLU_2967 3118602220261 6890 
CLU_2967 3118602190397 8478 
CLU_2967 3118602190176 5905 
CLU_2967 3118602191059 6572 
CLU_2967 3118602191040 7834 
CLU_2967 3118602190451 10843 
CLU_2967 3118602190206 11158 
CLU_2967 3118602190966 12211 
CLU_2967 3118602190400 10270 
CLU_2967 3118602190877 11158 
CLU_2967 3118602190826 13534 
CLU_2967 3118602190729 15558 
CLU_2967 3118602190656 15558 
CLU_2967 3118602190834 15439 
CLU_2967 3118602190710 14910 
CLU_2967 3118602190796 15316 
CLU_2967 3118602190648 15734 
CLU_2967 3118602190818 12923 
CLU_2967 3118602190885 7177 
CLU_2967 3118607053355 11577 
CLU_2967 3118602190192 9339 
CLU_2967 3118602190214 8970 
CLU_2967 3118602190680 9665 
CLU_2967 3118602190753 8330 
CLU_2967 3118602190141 10376 
CLU_2967 3118602220245 6815 
CLU_2967 3118602190788 3972 
CLU_2967 CLU_2943 2248 
CLU_2967 CLU_2961 1427 
CLU_2967 CLU_2970 1628 
CLU_2967 CLU_2971 1388 
CLU_2967 CLU_3051 7938 
CLU_2967 CLU_3055 6819 
CLU_2967 CLU_3060 6899 
CLU_2967 CLU_3084 11086 
CLU_2967 CLU_3086 14670 
CLU_2967 CLU_3087 15155 
CLU_2967 CLU_3098 14474 
CLU_2967 CLU_3108 9661 
CLU_2967 CLU_3121 6370 
CLU_2967 CLU_3128 8750 
CLU_2967 CLU_3141 9952 
CLU_2967 CLU_3143 8880 
CLU_2967 CLU_3160 9197 
CLU_2967 CLU_3166 8389 
CLU_2967 CLU_3176 8416 
CLU_2967 CLU_3200 6017 
CLU_2967 CLU_3214 4252 
CLU_2967 CLU_7923 6885 
CLU_2968 3118602190990 4369 
CLU_2968 3118602191229 4181 
CLU_2968 3118602190591 3316 
CLU_2968 3118602190567 1221 
CLU_2968 3118602190532 305 
CLU_2968 3118602190494 747 
CLU_2968 3118602190869 1857 
CLU_2968 3118602190605 2788 
CLU_2968 3118602190109 3370 
CLU_2968 3118607116306 2365 
CLU_2968 3118602190931 2059 
CLU_2968 3118602190923 3605 
CLU_2968 3118602190893 4690 
CLU_2968 3118602190486 3031 
CLU_2968 3118602190915 4884 
CLU_2968 3118602190222 3602 
CLU_2968 3118604696077 6714 
CLU_2968 3118602191024 7947 
CLU_2968 3118602190478 8488 
CLU_2968 3118602190389 8907 
CLU_2968 3118607110316 8988 
CLU_2968 3118602220261 6899 
CLU_2968 3118602190397 8388 
CLU_2968 3118602190176 5751 
CLU_2968 3118602191059 6629 
CLU_2968 3118602191040 8005 
CLU_2968 3118602190451 10823 
CLU_2968 3118602190206 11111 
CLU_2968 3118602190966 12090 
CLU_2968 3118602190400 10213 
CLU_2968 3118602190877 11111 
CLU_2968 3118602190826 13032 
CLU_2968 3118602190729 14954 
CLU_2968 3118602190656 14954 
CLU_2968 3118602190834 14850 
CLU_2968 3118602190710 14266 
CLU_2968 3118602190796 14687 
CLU_2968 3118602190648 15114 
CLU_2968 3118602190818 12409 
CLU_2968 3118602190885 6675 
CLU_2968 3118607053355 11420 
CLU_2968 3118602190192 9977 
CLU_2968 3118602190214 9572 
CLU_2968 3118602190680 10188 
CLU_2968 3118602190753 8639 
CLU_2968 3118602190141 10828 
CLU_2968 3118602220245 7303 
CLU_2968 3118602190788 4369 
CLU_2968 CLU_2943 2731 
CLU_2968 CLU_2961 1148 
CLU_2968 CLU_2970 891 
CLU_2968 CLU_2971 643 
CLU_2968 CLU_3051 7947 
CLU_2968 CLU_3055 6623 
CLU_2968 CLU_3060 6630 
CLU_2968 CLU_3084 10981 
CLU_2968 CLU_3086 14118 
CLU_2968 CLU_3087 14581 
CLU_2968 CLU_3098 13866 
CLU_2968 CLU_3108 8967 
CLU_2968 CLU_3121 6997 
CLU_2968 CLU_3128 9429 
CLU_2968 CLU_3141 10527 
CLU_2968 CLU_3143 9435 
CLU_2968 CLU_3160 9724 
CLU_2968 CLU_3166 8794 
CLU_2968 CLU_3176 8891 
CLU_2968 CLU_3200 6537 
CLU_2968 CLU_3214 4870 
CLU_2968 CLU_7923 6287 
CLU_2969 3118602190990 4094 
CLU_2969 3118602191229 3923 
CLU_2969 3118602190591 3053 
CLU_2969 3118602190567 959 
CLU_2969 3118602190532 0 
CLU_2969 3118602190494 1034 
CLU_2969 3118602190869 1592 
CLU_2969 3118602190605 2572 
CLU_2969 3118602190109 3101 
CLU_2969 3118607116306 2576 
CLU_2969 3118602190931 2257 
CLU_2969 3118602190923 3700 
CLU_2969 3118602190893 4874 
CLU_2969 3118602190486 3058 
CLU_2969 3118602190915 5030 
CLU_2969 3118602190222 3783 
CLU_2969 3118604696077 6416 
CLU_2969 3118602191024 7644 
CLU_2969 3118602190478 8186 
CLU_2969 3118602190389 8606 
CLU_2969 3118607110316 8709 
CLU_2969 3118602220261 6596 
CLU_2969 3118602190397 8093 
CLU_2969 3118602190176 5463 
CLU_2969 3118602191059 6324 
CLU_2969 3118602191040 7700 
CLU_2969 3118602190451 10522 
CLU_2969 3118602190206 10813 
CLU_2969 3118602190966 11800 
CLU_2969 3118602190400 9916 
CLU_2969 3118602190877 10813 
CLU_2969 3118602190826 12843 
CLU_2969 3118602190729 14817 
CLU_2969 3118602190656 14817 
CLU_2969 3118602190834 14704 
CLU_2969 3118602190710 14156 
CLU_2969 3118602190796 14566 
CLU_2969 3118602190648 14988 
CLU_2969 3118602190818 12225 
CLU_2969 3118602190885 6483 
CLU_2969 3118607053355 11136 
CLU_2969 3118602190192 9773 
CLU_2969 3118602190214 9351 
CLU_2969 3118602190680 9937 
CLU_2969 3118602190753 8345 
CLU_2969 3118602190141 10558 
CLU_2969 3118602220245 7044 
CLU_2969 3118602190788 4094 
CLU_2969 CLU_2943 2487 
CLU_2969 CLU_2961 858 
CLU_2969 CLU_2970 903 
CLU_2969 CLU_2971 828 
CLU_2969 CLU_3051 7644 
CLU_2969 CLU_3055 6342 
CLU_2969 CLU_3060 6364 
CLU_2969 CLU_3084 10689 
CLU_2969 CLU_3086 13952 
CLU_2969 CLU_3087 14427 
CLU_2969 CLU_3098 13732 
CLU_2969 CLU_3108 8899 
CLU_2969 CLU_3121 6791 
CLU_2969 CLU_3128 9250 
CLU_2969 CLU_3141 10294 
CLU_2969 CLU_3143 9195 
CLU_2969 CLU_3160 9474 
CLU_2969 CLU_3166 8515 
CLU_2969 CLU_3176 8627 
CLU_2969 CLU_3200 6288 
CLU_2969 CLU_3214 4664 
CLU_2969 CLU_7923 6145 
CLU_2970 3118602190990 4713 
CLU_2970 3118602191229 4613 
CLU_2970 3118602190591 3736 
CLU_2970 3118602190567 1736 
CLU_2970 3118602190532 903 
CLU_2970 3118602190494 1430 
CLU_2970 3118602190869 1525 
CLU_2970 3118602190605 2176 
CLU_2970 3118602190109 2951 
CLU_2970 3118607116306 1897 
CLU_2970 3118602190931 1560 
CLU_2970 3118602190923 2810 
CLU_2970 3118602190893 4087 
CLU_2970 3118602190486 2157 
CLU_2970 3118602190915 4181 
CLU_2970 3118602190222 2998 
CLU_2970 3118604696077 6456 
CLU_2970 3118602191024 7761 
CLU_2970 3118602190478 8300 
CLU_2970 3118602190389 8673 
CLU_2970 3118607110316 8554 
CLU_2970 3118602220261 6727 
CLU_2970 3118602190397 8083 
CLU_2970 3118602190176 5409 
CLU_2970 3118602191059 6518 
CLU_2970 3118602191040 8010 
CLU_2970 3118602190451 10579 
CLU_2970 3118602190206 10834 
CLU_2970 3118602190966 11727 
CLU_2970 3118602190400 9932 
CLU_2970 3118602190877 10834 
CLU_2970 3118602190826 12276 
CLU_2970 3118602190729 14116 
CLU_2970 3118602190656 14116 
CLU_2970 3118602190834 14023 
CLU_2970 3118602190710 13403 
CLU_2970 3118602190796 13833 
CLU_2970 3118602190648 14265 
CLU_2970 3118602190818 11644 
CLU_2970 3118602190885 5940 
CLU_2970 3118607053355 11020 
CLU_2970 3118602190192 10570 
CLU_2970 3118602190214 10114 
CLU_2970 3118602190680 10617 
CLU_2970 3118602190753 8804 
CLU_2970 3118602190141 11160 
CLU_2970 3118602220245 7705 
CLU_2970 3118602190788 4713 
CLU_2970 CLU_2943 3240 
CLU_2970 CLU_2961 1141 
CLU_2970 CLU_2970 0 
CLU_2970 CLU_2971 515 
CLU_2970 CLU_3051 7761 
CLU_2970 CLU_3055 6218 
CLU_2970 CLU_3060 6143 
CLU_2970 CLU_3084 10639 
CLU_2970 CLU_3086 13320 
CLU_2970 CLU_3087 13765 
CLU_2970 CLU_3098 13027 
CLU_2970 CLU_3108 8081 
CLU_2970 CLU_3121 7590 
CLU_2970 CLU_3128 10088 
CLU_2970 CLU_3141 11027 
CLU_2970 CLU_3143 9912 
CLU_2970 CLU_3160 10161 
CLU_2970 CLU_3166 9077 
CLU_2970 CLU_3176 9263 
CLU_2970 CLU_3200 6988 
CLU_2970 CLU_3214 5471 
CLU_2970 CLU_7923 5466 
CLU_2971 3118602190990 4893 
CLU_2971 3118602191229 4741 
CLU_2971 3118602190591 3867 
CLU_2971 3118602190567 1783 
CLU_2971 3118602190532 828 
CLU_2971 3118602190494 957 
CLU_2971 3118602190869 1958 
CLU_2971 3118602190605 2685 
CLU_2971 3118602190109 3428 
CLU_2971 3118607116306 1747 
CLU_2971 3118602190931 1430 
CLU_2971 3118602190923 2975 
CLU_2971 3118602190893 4054 
CLU_2971 3118602190486 2462 
CLU_2971 3118602190915 4240 
CLU_2971 3118602190222 2965 
CLU_2971 3118604696077 6900 
CLU_2971 3118602191024 8184 
CLU_2971 3118602190478 8725 
CLU_2971 3118602190389 9113 
CLU_2971 3118607110316 9045 
CLU_2971 3118602220261 7143 
CLU_2971 3118602190397 8543 
CLU_2971 3118602190176 5875 
CLU_2971 3118602191059 6913 
CLU_2971 3118602191040 8362 
CLU_2971 3118602190451 11023 
CLU_2971 3118602190206 11288 
CLU_2971 3118602190966 12204 
CLU_2971 3118602190400 10387 
CLU_2971 3118602190877 11288 
CLU_2971 3118602190826 12781 
CLU_2971 3118602190729 14586 
CLU_2971 3118602190656 14586 
CLU_2971 3118602190834 14500 
CLU_2971 3118602190710 13850 
CLU_2971 3118602190796 14289 
CLU_2971 3118602190648 14726 
CLU_2971 3118602190818 12147 
CLU_2971 3118602190885 6450 
CLU_2971 3118607053355 11505 
CLU_2971 3118602190192 10599 
CLU_2971 3118602190214 10179 
CLU_2971 3118602190680 10757 
CLU_2971 3118602190753 9086 
CLU_2971 3118602190141 11358 
CLU_2971 3118602220245 7859 
CLU_2971 3118602190788 4893 
CLU_2971 CLU_2943 3314 
CLU_2971 CLU_2961 1423 
CLU_2971 CLU_2970 515 
CLU_2971 CLU_2971 0 
CLU_2971 CLU_3051 8184 
CLU_2971 CLU_3055 6701 
CLU_2971 CLU_3060 6642 
CLU_2971 CLU_3084 11111 
CLU_2971 CLU_3086 13811 
CLU_2971 CLU_3087 14249 
CLU_2971 CLU_3098 13496 
CLU_2971 CLU_3108 8491 
CLU_2971 CLU_3121 7617 
CLU_2971 CLU_3128 10064 
CLU_2971 CLU_3141 11122 
CLU_2971 CLU_3143 10021 
CLU_2971 CLU_3160 10296 
CLU_2971 CLU_3166 9300 
CLU_2971 CLU_3176 9436 
CLU_2971 CLU_3200 7111 
CLU_2971 CLU_3214 5490 
CLU_2971 CLU_7923 5951 
CLU_2972 3118602190990 4952 
CLU_2972 3118602191229 4752 
CLU_2972 3118602190591 3892 
CLU_2972 3118602190567 1803 
CLU_2972 3118602190532 886 
CLU_2972 3118602190494 481 
CLU_2972 3118602190869 2316 
CLU_2972 3118602190605 3131 
CLU_2972 3118602190109 3817 
CLU_2972 3118607116306 1896 
CLU_2972 3118602190931 1622 
CLU_2972 3118602190923 3327 
CLU_2972 3118602190893 4241 
CLU_2972 3118602190486 2898 
CLU_2972 3118602190915 4499 
CLU_2972 3118602190222 3169 
CLU_2972 3118604696077 7234 
CLU_2972 3118602191024 8489 
CLU_2972 3118602190478 9030 
CLU_2972 3118602190389 9437 
CLU_2972 3118607110316 9444 
CLU_2972 3118602220261 7442 
CLU_2972 3118602190397 8895 
CLU_2972 3118602190176 6240 
CLU_2972 3118602191059 7186 
CLU_2972 3118602191040 8583 
CLU_2972 3118602190451 11351 
CLU_2972 3118602190206 11629 
CLU_2972 3118602190966 12579 
CLU_2972 3118602190400 10730 
CLU_2972 3118602190877 11629 
CLU_2972 3118602190826 13267 
CLU_2972 3118602190729 15074 
CLU_2972 3118602190656 15074 
CLU_2972 3118602190834 14989 
CLU_2972 3118602190710 14333 
CLU_2972 3118602190796 14775 
CLU_2972 3118602190648 15213 
CLU_2972 3118602190818 12634 
CLU_2972 3118602190885 6931 
CLU_2972 3118607053355 11893 
CLU_2972 3118602190192 10485 
CLU_2972 3118602190214 10102 
CLU_2972 3118602190680 10750 
CLU_2972 3118602190753 9228 
CLU_2972 3118602190141 11407 
CLU_2972 3118602220245 7873 
CLU_2972 3118602190788 4952 
CLU_2972 CLU_2943 3294 
CLU_2972 CLU_2961 1677 
CLU_2972 CLU_2970 991 
CLU_2972 CLU_2971 490 
CLU_2972 CLU_3051 8489 
CLU_2972 CLU_3055 7089 
CLU_2972 CLU_3060 7058 
CLU_2972 CLU_3084 11477 
CLU_2972 CLU_3086 14301 
CLU_2972 CLU_3087 14739 
CLU_2972 CLU_3098 13984 
CLU_2972 CLU_3108 8961 
CLU_2972 CLU_3121 7512 
CLU_2972 CLU_3128 9904 
CLU_2972 CLU_3141 11070 
CLU_2972 CLU_3143 9986 
CLU_2972 CLU_3160 10285 
CLU_2972 CLU_3166 9379 
CLU_2972 CLU_3176 9465 
CLU_2972 CLU_3200 7098 
CLU_2972 CLU_3214 5388 
CLU_2972 CLU_7923 6441 
CLU_2973 3118602190990 4895 
CLU_2973 3118602191229 4648 
CLU_2973 3118602190591 3814 
CLU_2973 3118602190567 1789 
CLU_2973 3118602190532 1034 
CLU_2973 3118602190494 0 
CLU_2973 3118602190869 2602 
CLU_2973 3118602190605 3502 
CLU_2973 3118602190109 4116 
CLU_2973 3118607116306 2259 
CLU_2973 3118602190931 2018 
CLU_2973 3118602190923 3779 
CLU_2973 3118602190893 4594 
CLU_2973 3118602190486 3378 
CLU_2973 3118602190915 4897 
CLU_2973 3118602190222 3543 
CLU_2973 3118604696077 7449 
CLU_2973 3118602191024 8667 
CLU_2973 3118602190478 9208 
CLU_2973 3118602190389 9635 
CLU_2973 3118607110316 9735 
CLU_2973 3118602220261 7618 
CLU_2973 3118602190397 9127 
CLU_2973 3118602190176 6496 
CLU_2973 3118602191059 7334 
CLU_2973 3118602191040 8669 
CLU_2973 3118602190451 11551 
CLU_2973 3118602190206 11845 
CLU_2973 3118602190966 12834 
CLU_2973 3118602190400 10948 
CLU_2973 3118602190877 11845 
CLU_2973 3118602190826 13698 
CLU_2973 3118602190729 15540 
CLU_2973 3118602190656 15540 
CLU_2973 3118602190834 15451 
CLU_2973 3118602190710 14808 
CLU_2973 3118602190796 15246 
CLU_2973 3118602190648 15683 
CLU_2973 3118602190818 13069 
CLU_2973 3118602190885 7351 
CLU_2973 3118607053355 12167 
CLU_2973 3118602190192 10242 
CLU_2973 3118602190214 9892 
CLU_2973 3118602190680 10604 
CLU_2973 3118602190753 9231 
CLU_2973 3118602190141 11314 
CLU_2973 3118602220245 7755 
CLU_2973 3118602190788 4895 
CLU_2973 CLU_2943 3183 
CLU_2973 CLU_2961 1891 
CLU_2973 CLU_2970 1430 
CLU_2973 CLU_2971 957 
CLU_2973 CLU_3051 8667 
CLU_2973 CLU_3055 7370 
CLU_2973 CLU_3060 7374 
CLU_2973 CLU_3084 11723 
CLU_2973 CLU_3086 14751 
CLU_2973 CLU_3087 15195 
CLU_2973 CLU_3098 14450 
CLU_2973 CLU_3108 9441 
CLU_2973 CLU_3121 7283 
CLU_2973 CLU_3128 9621 
CLU_2973 CLU_3141 10882 
CLU_2973 CLU_3143 9815 
CLU_2973 CLU_3160 10135 
CLU_2973 CLU_3166 9319 
CLU_2973 CLU_3176 9355 
CLU_2973 CLU_3200 6957 
CLU_2973 CLU_3214 5173 
CLU_2973 CLU_7923 6896 
CLU_2974 3118602190990 4412 
CLU_2974 3118602191229 4188 
CLU_2974 3118602190591 3339 
CLU_2974 3118602190567 1280 
CLU_2974 3118602190532 542 
CLU_2974 3118602190494 522 
CLU_2974 3118602190869 2134 
CLU_2974 3118602190605 3094 
CLU_2974 3118602190109 3643 
CLU_2974 3118607116306 2484 
CLU_2974 3118602190931 2199 
CLU_2974 3118602190923 3831 
CLU_2974 3118602190893 4828 
CLU_2974 3118602190486 3304 
CLU_2974 3118602190915 5062 
CLU_2974 3118602190222 3749 
CLU_2974 3118604696077 6936 
CLU_2974 3118602191024 8148 
CLU_2974 3118602190478 8688 
CLU_2974 3118602190389 9118 
CLU_2974 3118607110316 9249 
CLU_2974 3118602220261 7098 
CLU_2974 3118602190397 8619 
CLU_2974 3118602190176 5997 
CLU_2974 3118602191059 6812 
CLU_2974 3118602191040 8149 
CLU_2974 3118602190451 11034 
CLU_2974 3118602190206 11331 
CLU_2974 3118602190966 12332 
CLU_2974 3118602190400 10436 
CLU_2974 3118602190877 11331 
CLU_2974 3118602190826 13347 
CLU_2974 3118602190729 15272 
CLU_2974 3118602190656 15272 
CLU_2974 3118602190834 15168 
CLU_2974 3118602190710 14581 
CLU_2974 3118602190796 15004 
CLU_2974 3118602190648 15431 
CLU_2974 3118602190818 12725 
CLU_2974 3118602190885 6989 
CLU_2974 3118607053355 11672 
CLU_2974 3118602190192 9888 
CLU_2974 3118602190214 9508 
CLU_2974 3118602190680 10173 
CLU_2974 3118602190753 8728 
CLU_2974 3118602190141 10851 
CLU_2974 3118602220245 7305 
CLU_2974 3118602190788 4412 
CLU_2974 CLU_2943 2725 
CLU_2974 CLU_2961 1396 
CLU_2974 CLU_2970 1191 
CLU_2974 CLU_2971 858 
CLU_2974 CLU_3051 8148 
CLU_2974 CLU_3055 6881 
CLU_2974 CLU_3060 6906 
CLU_2974 CLU_3084 11218 
CLU_2974 CLU_3086 14436 
CLU_2974 CLU_3087 14900 
CLU_2974 CLU_3098 14184 
CLU_2974 CLU_3108 9273 
CLU_2974 CLU_3121 6916 
CLU_2974 CLU_3128 9309 
CLU_2974 CLU_3141 10481 
CLU_2974 CLU_3143 9401 
CLU_2974 CLU_3160 9706 
CLU_2974 CLU_3166 8839 
CLU_2974 CLU_3176 8901 
CLU_2974 CLU_3200 6521 
CLU_2974 CLU_3214 4793 
CLU_2974 CLU_7923 6605 
CLU_2975 3118602190990 3869 
CLU_2975 3118602191229 3711 
CLU_2975 3118602190591 2837 
CLU_2975 3118602190567 758 
CLU_2975 3118602190532 240 
CLU_2975 3118602190494 1259 
CLU_2975 3118602190869 1414 
CLU_2975 3118602190605 2437 
CLU_2975 3118602190109 2911 
CLU_2975 3118607116306 2771 
CLU_2975 3118602190931 2446 
CLU_2975 3118602190923 3815 
CLU_2975 3118602190893 5047 
CLU_2975 3118602190486 3126 
CLU_2975 3118602190915 5177 
CLU_2975 3118602190222 3956 
CLU_2975 3118604696077 6190 
CLU_2975 3118602191024 7411 
CLU_2975 3118602190478 7952 
CLU_2975 3118602190389 8376 
CLU_2975 3118607110316 8504 
CLU_2975 3118602220261 6362 
CLU_2975 3118602190397 7871 
CLU_2975 3118602190176 5248 
CLU_2975 3118602191059 6087 
CLU_2975 3118602191040 7460 
CLU_2975 3118602190451 10292 
CLU_2975 3118602190206 10586 
CLU_2975 3118602190966 11583 
CLU_2975 3118602190400 9690 
CLU_2975 3118602190877 10586 
CLU_2975 3118602190826 12719 
CLU_2975 3118602190729 14738 
CLU_2975 3118602190656 14738 
CLU_2975 3118602190834 14618 
CLU_2975 3118602190710 14099 
CLU_2975 3118602190796 14500 
CLU_2975 3118602190648 14917 
CLU_2975 3118602190818 12106 
CLU_2975 3118602190885 6360 
CLU_2975 3118607053355 10924 
CLU_2975 3118602190192 9596 
CLU_2975 3118602190214 9162 
CLU_2975 3118602190680 9727 
CLU_2975 3118602190753 8107 
CLU_2975 3118602190141 10334 
CLU_2975 3118602220245 6829 
CLU_2975 3118602190788 3869 
CLU_2975 CLU_2943 2288 
CLU_2975 CLU_2961 654 
CLU_2975 CLU_2970 1005 
CLU_2975 CLU_2971 1030 
CLU_2975 CLU_3051 7411 
CLU_2975 CLU_3055 6135 
CLU_2975 CLU_3060 6172 
CLU_2975 CLU_3084 10469 
CLU_2975 CLU_3086 13849 
CLU_2975 CLU_3087 14333 
CLU_2975 CLU_3098 13654 
CLU_2975 CLU_3108 8879 
CLU_2975 CLU_3121 6614 
CLU_2975 CLU_3128 9093 
CLU_2975 CLU_3141 10096 
CLU_2975 CLU_3143 8993 
CLU_2975 CLU_3160 9265 
CLU_2975 CLU_3166 8286 
CLU_2975 CLU_3176 8408 
CLU_2975 CLU_3200 6080 
CLU_2975 CLU_3214 4489 
CLU_2975 CLU_7923 6066 
CLU_2976 3118602190990 5591 
CLU_2976 3118602191229 5432 
CLU_2976 3118602190591 4560 
CLU_2976 3118602190567 2469 
CLU_2976 3118602190532 1509 
CLU_2976 3118602190494 1201 
CLU_2976 3118602190869 2567 
CLU_2976 3118602190605 3138 
CLU_2976 3118602190109 3974 
CLU_2976 3118607116306 1104 
CLU_2976 3118602190931 827 
CLU_2976 3118602190923 2590 
CLU_2976 3118602190893 3448 
CLU_2976 3118602190486 2299 
CLU_2976 3118602190915 3707 
CLU_2976 3118602190222 2373 
CLU_2976 3118604696077 7494 
CLU_2976 3118602191024 8802 
CLU_2976 3118602190478 9341 
CLU_2976 3118602190389 9712 
CLU_2976 3118607110316 9548 
CLU_2976 3118602220261 7768 
CLU_2976 3118602190397 9113 
CLU_2976 3118602190176 6437 
CLU_2976 3118602191059 7556 
CLU_2976 3118602191040 9032 
CLU_2976 3118602190451 11616 
CLU_2976 3118602190206 11867 
CLU_2976 3118602190966 12739 
CLU_2976 3118602190400 10964 
CLU_2976 3118602190877 11867 
CLU_2976 3118602190826 12987 
CLU_2976 3118602190729 14644 
CLU_2976 3118602190656 14644 
CLU_2976 3118602190834 14582 
CLU_2976 3118602190710 13844 
CLU_2976 3118602190796 14308 
CLU_2976 3118602190648 14757 
CLU_2976 3118602190818 12342 
CLU_2976 3118602190885 6716 
CLU_2976 3118607053355 12021 
CLU_2976 3118602190192 11247 
CLU_2976 3118602190214 10845 
CLU_2976 3118602190680 11446 
CLU_2976 3118602190753 9780 
CLU_2976 3118602190141 12056 
CLU_2976 3118602220245 8552 
CLU_2976 3118602190788 5591 
CLU_2976 CLU_2943 3995 
CLU_2976 CLU_2961 2106 
CLU_2976 CLU_2970 1041 
CLU_2976 CLU_2971 699 
CLU_2976 CLU_3051 8802 
CLU_2976 CLU_3055 7228 
CLU_2976 CLU_3060 7121 
CLU_2976 CLU_3084 11659 
CLU_2976 CLU_3086 13949 
CLU_2976 CLU_3087 14354 
CLU_2976 CLU_3098 13554 
CLU_2976 CLU_3108 8410 
CLU_2976 CLU_3121 8269 
CLU_2976 CLU_3128 10685 
CLU_2976 CLU_3141 11798 
CLU_2976 CLU_3143 10702 
CLU_2976 CLU_3160 10984 
CLU_2976 CLU_3166 9999 
CLU_2976 CLU_3176 10132 
CLU_2976 CLU_3200 7797 
CLU_2976 CLU_3214 6142 
CLU_2976 CLU_7923 6092 
CLU_2977 3118602190990 5876 
CLU_2977 3118602191229 5756 
CLU_2977 3118602190591 4879 
CLU_2977 3118602190567 2820 
CLU_2977 3118602190532 1878 
CLU_2977 3118602190494 1735 
CLU_2977 3118602190869 2629 
CLU_2977 3118602190605 3009 
CLU_2977 3118602190109 3922 
CLU_2977 3118607116306 725 
CLU_2977 3118602190931 390 
CLU_2977 3118602190923 2049 
CLU_2977 3118602190893 2999 
CLU_2977 3118602190486 1803 
CLU_2977 3118602190915 3205 
CLU_2977 3118602190222 1909 
CLU_2977 3118604696077 7472 
CLU_2977 3118602191024 8811 
CLU_2977 3118602190478 9347 
CLU_2977 3118602190389 9690 
CLU_2977 3118607110316 9407 
CLU_2977 3118602220261 7791 
CLU_2977 3118602190397 9053 
CLU_2977 3118602190176 6378 
CLU_2977 3118602191059 7613 
CLU_2977 3118602191040 9143 
CLU_2977 3118602190451 11581 
CLU_2977 3118602190206 11811 
CLU_2977 3118602190966 12629 
CLU_2977 3118602190400 10909 
CLU_2977 3118602190877 11811 
CLU_2977 3118602190826 12607 
CLU_2977 3118602190729 14188 
CLU_2977 3118602190656 14188 
CLU_2977 3118602190834 14137 
CLU_2977 3118602190710 13363 
CLU_2977 3118602190796 13836 
CLU_2977 3118602190648 14291 
CLU_2977 3118602190818 11957 
CLU_2977 3118602190885 6390 
CLU_2977 3118607053355 11890 
CLU_2977 3118602190192 11651 
CLU_2977 3118602190214 11223 
CLU_2977 3118602190680 11769 
CLU_2977 3118602190753 9971 
CLU_2977 3118602190141 12329 
CLU_2977 3118602220245 8862 
CLU_2977 3118602190788 5876 
CLU_2977 CLU_2943 4349 
CLU_2977 CLU_2961 2313 
CLU_2977 CLU_2970 1172 
CLU_2977 CLU_2971 1055 
CLU_2977 CLU_3051 8811 
CLU_2977 CLU_3055 7123 
CLU_2977 CLU_3060 6966 
CLU_2977 CLU_3084 11566 
CLU_2977 CLU_3086 13532 
CLU_2977 CLU_3087 13920 
CLU_2977 CLU_3098 13099 
CLU_2977 CLU_3108 7909 
CLU_2977 CLU_3121 8669 
CLU_2977 CLU_3128 11120 
CLU_2977 CLU_3141 12156 
CLU_2977 CLU_3143 11049 
CLU_2977 CLU_3160 11311 
CLU_2977 CLU_3166 10250 
CLU_2977 CLU_3176 10427 
CLU_2977 CLU_3200 8131 
CLU_2977 CLU_3214 6542 
CLU_2977 CLU_7923 5694 
CLU_2978 3118602190990 4299 
CLU_2978 3118602191229 4352 
CLU_2978 3118602190591 3532 
CLU_2978 3118602190567 2109 
CLU_2978 3118602190532 1840 
CLU_2978 3118602190494 2714 
CLU_2978 3118602190869 755 
CLU_2978 3118602190605 815 
CLU_2978 3118602190109 1683 
CLU_2978 3118607116306 2872 
CLU_2978 3118602190931 2560 
CLU_2978 3118602190923 3000 
CLU_2978 3118602190893 4637 
CLU_2978 3118602190486 2060 
CLU_2978 3118602190915 4512 
CLU_2978 3118602190222 3635 
CLU_2978 3118604696077 5236 
CLU_2978 3118602191024 6585 
CLU_2978 3118602190478 7118 
CLU_2978 3118602190389 7452 
CLU_2978 3118607110316 7217 
CLU_2978 3118602220261 5576 
CLU_2978 3118602190397 6814 
CLU_2978 3118602190176 4138 
CLU_2978 3118602191059 5431 
CLU_2978 3118602191040 7021 
CLU_2978 3118602190451 9341 
CLU_2978 3118602190206 9572 
CLU_2978 3118602190966 10414 
CLU_2978 3118602190400 8670 
CLU_2978 3118602190877 9572 
CLU_2978 3118602190826 11009 
CLU_2978 3118602190729 12994 
CLU_2978 3118602190656 12994 
CLU_2978 3118602190834 12873 
CLU_2978 3118602190710 12366 
CLU_2978 3118602190796 12761 
CLU_2978 3118602190648 13175 
CLU_2978 3118602190818 10388 
CLU_2978 3118602190885 4651 
CLU_2978 3118607053355 9692 
CLU_2978 3118602190192 10422 
CLU_2978 3118602190214 9872 
CLU_2978 3118602190680 10171 
CLU_2978 3118602190753 7997 
CLU_2978 3118602190141 10555 
CLU_2978 3118602220245 7266 
CLU_2978 3118602190788 4299 
CLU_2978 CLU_2943 3244 
CLU_2978 CLU_2961 1247 
CLU_2978 CLU_2970 1361 
CLU_2978 CLU_2971 1872 
CLU_2978 CLU_3051 6585 
CLU_2978 CLU_3055 4902 
CLU_2978 CLU_3060 4794 
CLU_2978 CLU_3084 9340 
CLU_2978 CLU_3086 12113 
CLU_2978 CLU_3087 12591 
CLU_2978 CLU_3098 11910 
CLU_2978 CLU_3108 7214 
CLU_2978 CLU_3121 7492 
CLU_2978 CLU_3128 10083 
CLU_2978 CLU_3141 10698 
CLU_2978 CLU_3143 9556 
CLU_2978 CLU_3160 9735 
CLU_2978 CLU_3166 8429 
CLU_2978 CLU_3176 8747 
CLU_2978 CLU_3200 6650 
CLU_2978 CLU_3214 5461 
CLU_2978 CLU_7923 4322 
CLU_2979 3118602190990 4623 
CLU_2979 3118602191229 4632 
CLU_2979 3118602190591 3786 
CLU_2979 3118602190567 2129 
CLU_2979 3118602190532 1643 
CLU_2979 3118602190494 2396 
CLU_2979 3118602190869 1070 
CLU_2979 3118602190605 1261 
CLU_2979 3118602190109 2164 
CLU_2979 3118607116306 2392 
CLU_2979 3118602190931 2079 
CLU_2979 3118602190923 2638 
CLU_2979 3118602190893 4216 
CLU_2979 3118602190486 1749 
CLU_2979 3118602190915 4135 
CLU_2979 3118602190222 3192 
CLU_2979 3118604696077 5717 
CLU_2979 3118602191024 7066 
CLU_2979 3118602190478 7599 
CLU_2979 3118602190389 7932 
CLU_2979 3118607110316 7674 
CLU_2979 3118602220261 6056 
CLU_2979 3118602190397 7292 
CLU_2979 3118602190176 4617 
CLU_2979 3118602191059 5905 
CLU_2979 3118602191040 7484 
CLU_2979 3118602190451 9821 
CLU_2979 3118602190206 10050 
CLU_2979 3118602190966 10880 
CLU_2979 3118602190400 9148 
CLU_2979 3118602190877 10050 
CLU_2979 3118602190826 11302 
CLU_2979 3118602190729 13190 
CLU_2979 3118602190656 13190 
CLU_2979 3118602190834 13086 
CLU_2979 3118602190710 12514 
CLU_2979 3118602190796 12928 
CLU_2979 3118602190648 13352 
CLU_2979 3118602190818 10672 
CLU_2979 3118602190885 4961 
CLU_2979 3118607053355 10152 
CLU_2979 3118602190192 10694 
CLU_2979 3118602190214 10170 
CLU_2979 3118602190680 10525 
CLU_2979 3118602190753 8429 
CLU_2979 3118602190141 10947 
CLU_2979 3118602220245 7612 
CLU_2979 3118602190788 4623 
CLU_2979 CLU_2943 3427 
CLU_2979 CLU_2961 1276 
CLU_2979 CLU_2970 979 
CLU_2979 CLU_2971 1492 
CLU_2979 CLU_3051 7066 
CLU_2979 CLU_3055 5370 
CLU_2979 CLU_3060 5243 
CLU_2979 CLU_3084 9811 
CLU_2979 CLU_3086 12362 
CLU_2979 CLU_3087 12819 
CLU_2979 CLU_3098 12102 
CLU_2979 CLU_3108 7270 
CLU_2979 CLU_3121 7742 
CLU_2979 CLU_3128 10311 
CLU_2979 CLU_3141 11021 
CLU_2979 CLU_3143 9885 
CLU_2979 CLU_3160 10083 
CLU_2979 CLU_3166 8829 
CLU_2979 CLU_3176 9115 
CLU_2979 CLU_3200 6966 
CLU_2979 CLU_3214 5674 
CLU_2979 CLU_7923 4523 
CLU_2980 3118602190990 4690 
CLU_2980 3118602191229 4817 
CLU_2980 3118602190591 4053 
CLU_2980 3118602190567 2864 
CLU_2980 3118602190532 2628 
CLU_2980 3118602190494 3467 
CLU_2980 3118602190869 1384 
CLU_2980 3118602190605 517 
CLU_2980 3118602190109 1500 
CLU_2980 3118607116306 3252 
CLU_2980 3118602190931 2979 
CLU_2980 3118602190923 2925 
CLU_2980 3118602190893 4671 
CLU_2980 3118602190486 1946 
CLU_2980 3118602190915 4420 
CLU_2980 3118602190222 3768 
CLU_2980 3118604696077 4936 
CLU_2980 3118602191024 6324 
CLU_2980 3118602190478 6843 
CLU_2980 3118602190389 7123 
CLU_2980 3118607110316 6693 
CLU_2980 3118602220261 5360 
CLU_2980 3118602190397 6425 
CLU_2980 3118602190176 3785 
CLU_2980 3118602191059 5287 
CLU_2980 3118602191040 6948 
CLU_2980 3118602190451 8978 
CLU_2980 3118602190206 9175 
CLU_2980 3118602190966 9930 
CLU_2980 3118602190400 8278 
CLU_2980 3118602190877 9175 
CLU_2980 3118602190826 10235 
CLU_2980 3118602190729 12202 
CLU_2980 3118602190656 12202 
CLU_2980 3118602190834 12081 
CLU_2980 3118602190710 11583 
CLU_2980 3118602190796 11973 
CLU_2980 3118602190648 12385 
CLU_2980 3118602190818 9610 
CLU_2980 3118602190885 3884 
CLU_2980 3118607053355 9179 
CLU_2980 3118602190192 10859 
CLU_2980 3118602190214 10267 
CLU_2980 3118602190680 10453 
CLU_2980 3118602190753 8060 
CLU_2980 3118602190141 10737 
CLU_2980 3118602220245 7580 
CLU_2980 3118602190788 4690 
CLU_2980 CLU_2943 3858 
CLU_2980 CLU_2961 2016 
CLU_2980 CLU_2970 2064 
CLU_2980 CLU_2971 2578 
CLU_2980 CLU_3051 6324 
CLU_2980 CLU_3055 4447 
CLU_2980 CLU_3060 4249 
CLU_2980 CLU_3084 8884 
CLU_2980 CLU_3086 11324 
CLU_2980 CLU_3087 11800 
CLU_2980 CLU_3098 11119 
CLU_2980 CLU_3108 6477 
CLU_2980 CLU_3121 7976 
CLU_2980 CLU_3128 10588 
CLU_2980 CLU_3141 11041 
CLU_2980 CLU_3143 9893 
CLU_2980 CLU_3160 10031 
CLU_2980 CLU_3166 8600 
CLU_2980 CLU_3176 8998 
CLU_2980 CLU_3200 7028 
CLU_2980 CLU_3214 6011 
CLU_2980 CLU_7923 3532 
CLU_2981 3118602190990 6188 
CLU_2981 3118602191229 6112 
CLU_2981 3118602190591 5237 
CLU_2981 3118602190567 3240 
CLU_2981 3118602190532 2343 
CLU_2981 3118602190494 2338 
CLU_2981 3118602190869 2765 
CLU_2981 3118602190605 2911 
CLU_2981 3118602190109 3887 
CLU_2981 3118607116306 731 
CLU_2981 3118602190931 551 
CLU_2981 3118602190923 1440 
CLU_2981 3118602190893 2582 
CLU_2981 3118602190486 1247 
CLU_2981 3118602190915 2686 
CLU_2981 3118602190222 1501 
CLU_2981 3118604696077 7429 
CLU_2981 3118602191024 8795 
CLU_2981 3118602190478 9324 
CLU_2981 3118602190389 9635 
CLU_2981 3118607110316 9219 
CLU_2981 3118602220261 7796 
CLU_2981 3118602190397 8957 
CLU_2981 3118602190176 6300 
CLU_2981 3118602191059 7659 
CLU_2981 3118602191040 9241 
CLU_2981 3118602190451 11505 
CLU_2981 3118602190206 11711 
CLU_2981 3118602190966 12465 
CLU_2981 3118602190400 10813 
CLU_2981 3118602190877 11711 
CLU_2981 3118602190826 12143 
CLU_2981 3118602190729 13642 
CLU_2981 3118602190656 13642 
CLU_2981 3118602190834 13602 
CLU_2981 3118602190710 12793 
CLU_2981 3118602190796 13275 
CLU_2981 3118602190648 13734 
CLU_2981 3118602190818 11487 
CLU_2981 3118602190885 6001 
CLU_2981 3118607053355 11705 
CLU_2981 3118602190192 12080 
CLU_2981 3118602190214 11623 
CLU_2981 3118602190680 12103 
CLU_2981 3118602190753 10158 
CLU_2981 3118602190141 12605 
CLU_2981 3118602220245 9187 
CLU_2981 3118602190788 6188 
CLU_2981 CLU_2943 4750 
CLU_2981 CLU_2961 2614 
CLU_2981 CLU_2970 1509 
CLU_2981 CLU_2971 1565 
CLU_2981 CLU_3051 8795 
CLU_2981 CLU_3055 6987 
CLU_2981 CLU_3060 6774 
CLU_2981 CLU_3084 11424 
CLU_2981 CLU_3086 13026 
CLU_2981 CLU_3087 13396 
CLU_2981 CLU_3098 12554 
CLU_2981 CLU_3108 7321 
CLU_2981 CLU_3121 9099 
CLU_2981 CLU_3128 11587 
CLU_2981 CLU_3141 12530 
CLU_2981 CLU_3143 11411 
CLU_2981 CLU_3160 11650 
CLU_2981 CLU_3166 10504 
CLU_2981 CLU_3176 10731 
CLU_2981 CLU_3200 8486 
CLU_2981 CLU_3214 6978 
CLU_2981 CLU_7923 5225 
CLU_2982 3118602190990 3501 
CLU_2982 3118602191229 3593 
CLU_2982 3118602190591 2812 
CLU_2982 3118602190567 1837 
CLU_2982 3118602190532 1978 
CLU_2982 3118602190494 2989 
CLU_2982 3118602190869 386 
CLU_2982 3118602190605 850 
CLU_2982 3118602190109 1126 
CLU_2982 3118607116306 3613 
CLU_2982 3118602190931 3286 
CLU_2982 3118602190923 3835 
CLU_2982 3118602190893 5469 
CLU_2982 3118602190486 2888 
CLU_2982 3118602190915 5348 
CLU_2982 3118602190222 4454 
CLU_2982 3118604696077 4583 
CLU_2982 3118602191024 5892 
CLU_2982 3118602190478 6431 
CLU_2982 3118602190389 6800 
CLU_2982 3118607110316 6751 
CLU_2982 3118602220261 4864 
CLU_2982 3118602190397 6217 
CLU_2982 3118602190176 3549 
CLU_2982 3118602191059 4679 
CLU_2982 3118602191040 6231 
CLU_2982 3118602190451 8706 
CLU_2982 3118602190206 8964 
CLU_2982 3118602190966 9884 
CLU_2982 3118602190400 8063 
CLU_2982 3118602190877 8964 
CLU_2982 3118602190826 11010 
CLU_2982 3118602190729 13183 
CLU_2982 3118602190656 13183 
CLU_2982 3118602190834 13032 
CLU_2982 3118602190710 12644 
CLU_2982 3118602190796 13003 
CLU_2982 3118602190648 13398 
CLU_2982 3118602190818 10411 
CLU_2982 3118602190885 4676 
CLU_2982 3118607053355 9196 
CLU_2982 3118602190192 9653 
CLU_2982 3118602190214 9083 
CLU_2982 3118602190680 9347 
CLU_2982 3118602190753 7169 
CLU_2982 3118602190141 9719 
CLU_2982 3118602220245 6447 
CLU_2982 3118602190788 3501 
CLU_2982 CLU_2943 2626 
CLU_2982 CLU_2961 1145 
CLU_2982 CLU_2970 1873 
CLU_2982 CLU_2971 2326 
CLU_2982 CLU_3051 5892 
CLU_2982 CLU_3055 4392 
CLU_2982 CLU_3060 4387 
CLU_2982 CLU_3084 8786 
CLU_2982 CLU_3086 12201 
CLU_2982 CLU_3087 12720 
CLU_2982 CLU_3098 12109 
CLU_2982 CLU_3108 7663 
CLU_2982 CLU_3121 6749 
CLU_2982 CLU_3128 9356 
CLU_2982 CLU_3141 9889 
CLU_2982 CLU_3143 8745 
CLU_2982 CLU_3160 8914 
CLU_2982 CLU_3166 7592 
CLU_2982 CLU_3176 7916 
CLU_2982 CLU_3200 5851 
CLU_2982 CLU_3214 4769 
CLU_2982 CLU_7923 4579 
CLU_2983 3118602190990 3970 
CLU_2983 3118602191229 4113 
CLU_2983 3118602190591 3373 
CLU_2983 3118602190567 2440 
CLU_2983 3118602190532 2447 
CLU_2983 3118602190494 3407 
CLU_2983 3118602190869 921 
CLU_2983 3118602190605 237 
CLU_2983 3118602190109 901 
CLU_2983 3118607116306 3654 
CLU_2983 3118602190931 3349 
CLU_2983 3118602190923 3579 
CLU_2983 3118602190893 5290 
CLU_2983 3118602190486 2602 
CLU_2983 3118602190915 5088 
CLU_2983 3118602190222 4333 
CLU_2983 3118604696077 4449 
CLU_2983 3118602191024 5809 
CLU_2983 3118602190478 6339 
CLU_2983 3118602190389 6661 
CLU_2983 3118607110316 6427 
CLU_2983 3118602220261 4812 
CLU_2983 3118602190397 6016 
CLU_2983 3118602190176 3341 
CLU_2983 3118602191059 4693 
CLU_2983 3118602191040 6320 
CLU_2983 3118602190451 8547 
CLU_2983 3118602190206 8774 
CLU_2983 3118602190966 9616 
CLU_2983 3118602190400 7873 
CLU_2983 3118602190877 8774 
CLU_2983 3118602190826 10437 
CLU_2983 3118602190729 12567 
CLU_2983 3118602190656 12567 
CLU_2983 3118602190834 12420 
CLU_2983 3118602190710 12018 
CLU_2983 3118602190796 12380 
CLU_2983 3118602190648 12777 
CLU_2983 3118602190818 9831 
CLU_2983 3118602190885 4087 
CLU_2983 3118607053355 8898 
CLU_2983 3118602190192 10141 
CLU_2983 3118602190214 9543 
CLU_2983 3118602190680 9728 
CLU_2983 3118602190753 7378 
CLU_2983 3118602190141 10025 
CLU_2983 3118602220245 6853 
CLU_2983 3118602190788 3970 
CLU_2983 CLU_2943 3234 
CLU_2983 CLU_2961 1678 
CLU_2983 CLU_2970 2130 
CLU_2983 CLU_2971 2630 
CLU_2983 CLU_3051 5809 
CLU_2983 CLU_3055 4104 
CLU_2983 CLU_3060 4013 
CLU_2983 CLU_3084 8541 
CLU_2983 CLU_3086 11604 
CLU_2983 CLU_3087 12114 
CLU_2983 CLU_3098 11491 
CLU_2983 CLU_3108 7044 
CLU_2983 CLU_3121 7271 
CLU_2983 CLU_3128 9887 
CLU_2983 CLU_3141 10314 
CLU_2983 CLU_3143 9166 
CLU_2983 CLU_3160 9305 
CLU_2983 CLU_3166 7889 
CLU_2983 CLU_3176 8274 
CLU_2983 CLU_3200 6304 
CLU_2983 CLU_3214 5334 
CLU_2983 CLU_7923 3951 
CLU_2984 3118602190990 4200 
CLU_2984 3118602191229 4349 
CLU_2984 3118602190591 3610 
CLU_2984 3118602190567 2632 
CLU_2984 3118602190532 2572 
CLU_2984 3118602190494 3502 
CLU_2984 3118602190869 1106 
CLU_2984 3118602190605 0 
CLU_2984 3118602190109 1010 
CLU_2984 3118607116306 3599 
CLU_2984 3118602190931 3304 
CLU_2984 3118602190923 3419 
CLU_2984 3118602190893 5149 
CLU_2984 3118602190486 2440 
CLU_2984 3118602190915 4922 
CLU_2984 3118602190222 4216 
CLU_2984 3118604696077 4519 
CLU_2984 3118602191024 5892 
CLU_2984 3118602190478 6418 
CLU_2984 3118602190389 6723 
CLU_2984 3118607110316 6412 
CLU_2984 3118602220261 4910 
CLU_2984 3118602190397 6055 
CLU_2984 3118602190176 3390 
CLU_2984 3118602191059 4813 
CLU_2984 3118602191040 6459 
CLU_2984 3118602190451 8597 
CLU_2984 3118602190206 8812 
CLU_2984 3118602190966 9621 
CLU_2984 3118602190400 7912 
CLU_2984 3118602190877 8812 
CLU_2984 3118602190826 10282 
CLU_2984 3118602190729 12374 
CLU_2984 3118602190656 12374 
CLU_2984 3118602190834 12233 
CLU_2984 3118602190710 11810 
CLU_2984 3118602190796 12178 
CLU_2984 3118602190648 12578 
CLU_2984 3118602190818 9671 
CLU_2984 3118602190885 3925 
CLU_2984 3118607053355 8890 
CLU_2984 3118602190192 10372 
CLU_2984 3118602190214 9770 
CLU_2984 3118602190680 9940 
CLU_2984 3118602190753 7550 
CLU_2984 3118602190141 10220 
CLU_2984 3118602220245 7071 
CLU_2984 3118602190788 4200 
CLU_2984 CLU_2943 3468 
CLU_2984 CLU_2961 1841 
CLU_2984 CLU_2970 2176 
CLU_2984 CLU_2971 2685 
CLU_2984 CLU_3051 5892 
CLU_2984 CLU_3055 4114 
CLU_2984 CLU_3060 3983 
CLU_2984 CLU_3084 8556 
CLU_2984 CLU_3086 11430 
CLU_2984 CLU_3087 11932 
CLU_2984 CLU_3098 11296 
CLU_2984 CLU_3108 6814 
CLU_2984 CLU_3121 7506 
CLU_2984 CLU_3128 10122 
CLU_2984 CLU_3141 10534 
CLU_2984 CLU_3143 9386 
CLU_2984 CLU_3160 9520 
CLU_2984 CLU_3166 8083 
CLU_2984 CLU_3176 8482 
CLU_2984 CLU_3200 6530 
CLU_2984 CLU_3214 5571 
CLU_2984 CLU_7923 3742 
CLU_2985 3118602190990 3526 
CLU_2985 3118602191229 3770 
CLU_2985 3118602190591 3163 
CLU_2985 3118602190567 2839 
CLU_2985 3118602190532 3101 
CLU_2985 3118602190494 4116 
CLU_2985 3118602190869 1513 
CLU_2985 3118602190605 1010 
CLU_2985 3118602190109 0 
CLU_2985 3118607116306 4552 
CLU_2985 3118602190931 4243 
CLU_2985 3118602190923 4423 
CLU_2985 3118602190893 6159 
CLU_2985 3118602190486 3444 
CLU_2985 3118602190915 5920 
CLU_2985 3118602190222 5223 
CLU_2985 3118604696077 3552 
CLU_2985 3118602191024 4908 
CLU_2985 3118602190478 5439 
CLU_2985 3118602190389 5768 
CLU_2985 3118607110316 5627 
CLU_2985 3118602220261 3911 
CLU_2985 3118602190397 5141 
CLU_2985 3118602190176 2463 
CLU_2985 3118602191059 3804 
CLU_2985 3118602191040 5451 
CLU_2985 3118602190451 7659 
CLU_2985 3118602190206 7897 
CLU_2985 3118602190966 8777 
CLU_2985 3118602190400 6995 
CLU_2985 3118602190877 7897 
CLU_2985 3118602190826 10045 
CLU_2985 3118602190729 12372 
CLU_2985 3118602190656 12372 
CLU_2985 3118602190834 12191 
CLU_2985 3118602190710 11928 
CLU_2985 3118602190796 12247 
CLU_2985 3118602190648 12619 
CLU_2985 3118602190818 9465 
CLU_2985 3118602190885 3797 
CLU_2985 3118607053355 8078 
CLU_2985 3118602190192 9656 
CLU_2985 3118602190214 9012 
CLU_2985 3118602190680 9078 
CLU_2985 3118602190753 6572 
CLU_2985 3118602190141 9291 
CLU_2985 3118602220245 6254 
CLU_2985 3118602190788 3526 
CLU_2985 CLU_2943 3206 
CLU_2985 CLU_2961 2256 
CLU_2985 CLU_2970 2951 
CLU_2985 CLU_2971 3428 
CLU_2985 CLU_3051 4908 
CLU_2985 CLU_3055 3273 
CLU_2985 CLU_3060 3262 
CLU_2985 CLU_3084 7688 
CLU_2985 CLU_3086 11301 
CLU_2985 CLU_3087 11854 
CLU_2985 CLU_3098 11312 
CLU_2985 CLU_3108 7211 
CLU_2985 CLU_3121 6875 
CLU_2985 CLU_3128 9494 
CLU_2985 CLU_3141 9722 
CLU_2985 CLU_3143 8574 
CLU_2985 CLU_3160 8671 
CLU_2985 CLU_3166 7154 
CLU_2985 CLU_3176 7604 
CLU_2985 CLU_3200 5783 
CLU_2985 CLU_3214 5078 
CLU_2985 CLU_7923 3954 
CLU_2986 3118602190990 4952 
CLU_2986 3118602191229 5077 
CLU_2986 3118602190591 4307 
CLU_2986 3118602190567 3060 
CLU_2986 3118602190532 2758 
CLU_2986 3118602190494 3548 
CLU_2986 3118602190869 1611 
CLU_2986 3118602190605 772 
CLU_2986 3118602190109 1730 
CLU_2986 3118607116306 3158 
CLU_2986 3118602190931 2902 
CLU_2986 3118602190923 2711 
CLU_2986 3118602190893 4470 
CLU_2986 3118602190486 1738 
CLU_2986 3118602190915 4196 
CLU_2986 3118602190222 3596 
CLU_2986 3118604696077 5110 
CLU_2986 3118602191024 6503 
CLU_2986 3118602190478 7018 
CLU_2986 3118602190389 7283 
CLU_2986 3118607110316 6785 
CLU_2986 3118602220261 5553 
CLU_2986 3118602190397 6567 
CLU_2986 3118602190176 3949 
CLU_2986 3118602191059 5496 
CLU_2986 3118602191040 7167 
CLU_2986 3118602190451 9125 
CLU_2986 3118602190206 9310 
CLU_2986 3118602190966 10033 
CLU_2986 3118602190400 8416 
CLU_2986 3118602190877 9310 
CLU_2986 3118602190826 10152 
CLU_2986 3118602190729 12059 
CLU_2986 3118602190656 12059 
CLU_2986 3118602190834 11947 
CLU_2986 3118602190710 11415 
CLU_2986 3118602190796 11815 
CLU_2986 3118602190648 12233 
CLU_2986 3118602190818 9521 
CLU_2986 3118602190885 3819 
CLU_2986 3118607053355 9271 
CLU_2986 3118602190192 11120 
CLU_2986 3118602190214 10529 
CLU_2986 3118602190680 10712 
CLU_2986 3118602190753 8300 
CLU_2986 3118602190141 10988 
CLU_2986 3118602220245 7841 
CLU_2986 3118602190788 4952 
CLU_2986 CLU_2943 4100 
CLU_2986 CLU_2961 2201 
CLU_2986 CLU_2970 2124 
CLU_2986 CLU_2971 2632 
CLU_2986 CLU_3051 6503 
CLU_2986 CLU_3055 4574 
CLU_2986 CLU_3060 4340 
CLU_2986 CLU_3084 8999 
CLU_2986 CLU_3086 11212 
CLU_2986 CLU_3087 11675 
CLU_2986 CLU_3098 10974 
CLU_2986 CLU_3108 6266 
CLU_2986 CLU_3121 8235 
CLU_2986 CLU_3128 10847 
CLU_2986 CLU_3141 11302 
CLU_2986 CLU_3143 10154 
CLU_2986 CLU_3160 10291 
CLU_2986 CLU_3166 8851 
CLU_2986 CLU_3176 9255 
CLU_2986 CLU_3200 7290 
CLU_2986 CLU_3214 6264 
CLU_2986 CLU_7923 3386 
CLU_2987 3118602190990 5401 
CLU_2987 3118602191229 5497 
CLU_2987 3118602190591 4700 
CLU_2987 3118602190567 3270 
CLU_2987 3118602190532 2816 
CLU_2987 3118602190494 3482 
CLU_2987 3118602190869 1939 
CLU_2987 3118602190605 1279 
CLU_2987 3118602190109 2257 
CLU_2987 3118607116306 2773 
CLU_2987 3118602190931 2548 
CLU_2987 3118602190923 2186 
CLU_2987 3118602190893 3951 
CLU_2987 3118602190486 1218 
CLU_2987 3118602190915 3668 
CLU_2987 3118602190222 3102 
CLU_2987 3118604696077 5619 
CLU_2987 3118602191024 7015 
CLU_2987 3118602190478 7526 
CLU_2987 3118602190389 7780 
CLU_2987 3118607110316 7212 
CLU_2987 3118602220261 6073 
CLU_2987 3118602190397 7049 
CLU_2987 3118602190176 4452 
CLU_2987 3118602191059 6022 
CLU_2987 3118602191040 7695 
CLU_2987 3118602190451 9609 
CLU_2987 3118602190206 9784 
CLU_2987 3118602190966 10470 
CLU_2987 3118602190400 8892 
CLU_2987 3118602190877 9784 
CLU_2987 3118602190826 10287 
CLU_2987 3118602190729 12058 
CLU_2987 3118602190656 12058 
CLU_2987 3118602190834 11968 
CLU_2987 3118602190710 11353 
CLU_2987 3118602190796 11777 
CLU_2987 3118602190648 12207 
CLU_2987 3118602190818 9645 
CLU_2987 3118602190885 4021 
CLU_2987 3118607053355 9695 
CLU_2987 3118602190192 11558 
CLU_2987 3118602190214 10983 
CLU_2987 3118602190680 11201 
CLU_2987 3118602190753 8823 
CLU_2987 3118602190141 11499 
CLU_2987 3118602220245 8319 
CLU_2987 3118602190788 5401 
CLU_2987 CLU_2943 4439 
CLU_2987 CLU_2961 2402 
CLU_2987 CLU_2970 2058 
CLU_2987 CLU_2971 2532 
CLU_2987 CLU_3051 7015 
CLU_2987 CLU_3055 5044 
CLU_2987 CLU_3060 4773 
CLU_2987 CLU_3084 9451 
CLU_2987 CLU_3086 11284 
CLU_2987 CLU_3087 11716 
CLU_2987 CLU_3098 10969 
CLU_2987 CLU_3108 6091 
CLU_2987 CLU_3121 8651 
CLU_2987 CLU_3128 11252 
CLU_2987 CLU_3141 11774 
CLU_2987 CLU_3143 10628 
CLU_2987 CLU_3160 10776 
CLU_2987 CLU_3166 9362 
CLU_2987 CLU_3176 9751 
CLU_2987 CLU_3200 7748 
CLU_2987 CLU_3214 6644 
CLU_2987 CLU_7923 3420 
CLU_2988 3118602190990 5160 
CLU_2988 3118602191229 5240 
CLU_2988 3118602190591 4433 
CLU_2988 3118602190567 2971 
CLU_2988 3118602190532 2525 
CLU_2988 3118602190494 3219 
CLU_2988 3118602190869 1662 
CLU_2988 3118602190605 1126 
CLU_2988 3118602190109 2132 
CLU_2988 3118607116306 2672 
CLU_2988 3118602190931 2422 
CLU_2988 3118602190923 2292 
CLU_2988 3118602190893 4029 
CLU_2988 3118602190486 1313 
CLU_2988 3118602190915 3797 
CLU_2988 3118602190222 3126 
CLU_2988 3118604696077 5577 
CLU_2988 3118602191024 6966 
CLU_2988 3118602190478 7484 
CLU_2988 3118602190389 7759 
CLU_2988 3118607110316 7272 
CLU_2988 3118602220261 6004 
CLU_2988 3118602190397 7050 
CLU_2988 3118602190176 4422 
CLU_2988 3118602191059 5928 
CLU_2988 3118602191040 7583 
CLU_2988 3118602190451 9607 
CLU_2988 3118602190206 9796 
CLU_2988 3118602190966 10521 
CLU_2988 3118602190400 8900 
CLU_2988 3118602190877 9796 
CLU_2988 3118602190826 10517 
CLU_2988 3118602190729 12329 
CLU_2988 3118602190656 12329 
CLU_2988 3118602190834 12234 
CLU_2988 3118602190710 11637 
CLU_2988 3118602190796 12056 
CLU_2988 3118602190648 12484 
CLU_2988 3118602190818 9878 
CLU_2988 3118602190885 4219 
CLU_2988 3118607053355 9759 
CLU_2988 3118602190192 11307 
CLU_2988 3118602190214 10742 
CLU_2988 3118602190680 10988 
CLU_2988 3118602190753 8671 
CLU_2988 3118602190141 11313 
CLU_2988 3118602220245 8097 
CLU_2988 3118602190788 5160 
CLU_2988 CLU_2943 4156 
CLU_2988 CLU_2961 2104 
CLU_2988 CLU_2970 1789 
CLU_2988 CLU_2971 2276 
CLU_2988 CLU_3051 6966 
CLU_2988 CLU_3055 5060 
CLU_2988 CLU_3060 4828 
CLU_2988 CLU_3084 9487 
CLU_2988 CLU_3086 11535 
CLU_2988 CLU_3087 11976 
CLU_2988 CLU_3098 11241 
CLU_2988 CLU_3108 6388 
CLU_2988 CLU_3121 8389 
CLU_2988 CLU_3128 10986 
CLU_2988 CLU_3141 11546 
CLU_2988 CLU_3143 10401 
CLU_2988 CLU_3160 10560 
CLU_2988 CLU_3166 9179 
CLU_2988 CLU_3176 9546 
CLU_2988 CLU_3200 7510 
CLU_2988 CLU_3214 6370 
CLU_2988 CLU_7923 3677 
CLU_2989 3118602190990 6978 
CLU_2989 3118602191229 6835 
CLU_2989 3118602190591 5960 
CLU_2989 3118602190567 3875 
CLU_2989 3118602190532 2916 
CLU_2989 3118602190494 2469 
CLU_2989 3118602190869 3755 
CLU_2989 3118602190605 4041 
CLU_2989 3118602190109 4995 
CLU_2989 3118607116306 443 
CLU_2989 3118602190931 762 
CLU_2989 3118602190923 1951 
CLU_2989 3118602190893 2150 
CLU_2989 3118602190486 2250 
CLU_2989 3118602190915 2568 
CLU_2989 3118602190222 1185 
CLU_2989 3118604696077 8546 
CLU_2989 3118602191024 9900 
CLU_2989 3118602190478 10433 
CLU_2989 3118602190389 10759 
CLU_2989 3118607110316 10375 
CLU_2989 3118602220261 8889 
CLU_2989 3118602190397 10096 
CLU_2989 3118602190176 7431 
CLU_2989 3118602191059 8726 
CLU_2989 3118602191040 10270 
CLU_2989 3118602190451 12638 
CLU_2989 3118602190206 12852 
CLU_2989 3118602190966 13619 
CLU_2989 3118602190400 11952 
CLU_2989 3118602190877 12852 
CLU_2989 3118602190826 13157 
CLU_2989 3118602190729 14498 
CLU_2989 3118602190656 14498 
CLU_2989 3118602190834 14485 
CLU_2989 3118602190710 13575 
CLU_2989 3118602190796 14085 
CLU_2989 3118602190648 14558 
CLU_2989 3118602190818 12495 
CLU_2989 3118602190885 7105 
CLU_2989 3118607053355 12862 
CLU_2989 3118602190192 12648 
CLU_2989 3118602190214 12253 
CLU_2989 3118602190680 12851 
CLU_2989 3118602190753 11102 
CLU_2989 3118602190141 13440 
CLU_2989 3118602220245 9951 
CLU_2989 3118602190788 6978 
CLU_2989 CLU_2943 5403 
CLU_2989 CLU_2961 3436 
CLU_2989 CLU_2970 2300 
CLU_2989 CLU_2971 2093 
CLU_2989 CLU_3051 9900 
CLU_2989 CLU_3055 8136 
CLU_2989 CLU_3060 7931 
CLU_2989 CLU_3084 12575 
CLU_2989 CLU_3086 13972 
CLU_2989 CLU_3087 14306 
CLU_2989 CLU_3098 13416 
CLU_2989 CLU_3108 8059 
CLU_2989 CLU_3121 9672 
CLU_2989 CLU_3128 12068 
CLU_2989 CLU_3141 13207 
CLU_2989 CLU_3143 12111 
CLU_2989 CLU_3160 12389 
CLU_2989 CLU_3166 11369 
CLU_2989 CLU_3176 11526 
CLU_2989 CLU_3200 9203 
CLU_2989 CLU_3214 7546 
CLU_2989 CLU_7923 6257 
CLU_2990 3118602190990 6266 
CLU_2990 3118602191229 6145 
CLU_2990 3118602190591 5268 
CLU_2990 3118602190567 3204 
CLU_2990 3118602190532 2257 
CLU_2990 3118602190494 2018 
CLU_2990 3118602190869 2994 
CLU_2990 3118602190605 3304 
CLU_2990 3118602190109 4243 
CLU_2990 3118607116306 337 
CLU_2990 3118602190931 0 
CLU_2990 3118602190923 1846 
CLU_2990 3118602190893 2632 
CLU_2990 3118602190486 1795 
CLU_2990 3118602190915 2881 
CLU_2990 3118602190222 1550 
CLU_2990 3118604696077 7796 
CLU_2990 3118602191024 9145 
CLU_2990 3118602190478 9679 
CLU_2990 3118602190389 10011 
CLU_2990 3118607110316 9673 
CLU_2990 3118602220261 8131 
CLU_2990 3118602190397 9358 
CLU_2990 3118602190176 6688 
CLU_2990 3118602191059 7965 
CLU_2990 3118602191040 9508 
CLU_2990 3118602190451 11895 
CLU_2990 3118602190206 12116 
CLU_2990 3118602190966 12907 
CLU_2990 3118602190400 11215 
CLU_2990 3118602190877 12116 
CLU_2990 3118602190826 12693 
CLU_2990 3118602190729 14185 
CLU_2990 3118602190656 14185 
CLU_2990 3118602190834 14148 
CLU_2990 3118602190710 13325 
CLU_2990 3118602190796 13811 
CLU_2990 3118602190648 14272 
CLU_2990 3118602190818 12038 
CLU_2990 3118602190885 6536 
CLU_2990 3118607053355 12159 
CLU_2990 3118602190192 12029 
CLU_2990 3118602190214 11607 
CLU_2990 3118602190680 12159 
CLU_2990 3118602190753 10352 
CLU_2990 3118602190141 12719 
CLU_2990 3118602220245 9252 
CLU_2990 3118602190788 6266 
CLU_2990 CLU_2943 4735 
CLU_2990 CLU_2961 2702 
CLU_2990 CLU_2970 1560 
CLU_2990 CLU_2971 1430 
CLU_2990 CLU_3051 9145 
CLU_2990 CLU_3055 7411 
CLU_2990 CLU_3060 7229 
CLU_2990 CLU_3084 11853 
CLU_2990 CLU_3086 13576 
CLU_2990 CLU_3087 13945 
CLU_2990 CLU_3098 13097 
CLU_2990 CLU_3108 7842 
CLU_2990 CLU_3121 9047 
CLU_2990 CLU_3128 11488 
CLU_2990 CLU_3141 12542 
CLU_2990 CLU_3143 11437 
CLU_2990 CLU_3160 11700 
CLU_2990 CLU_3166 10638 
CLU_2990 CLU_3176 10817 
CLU_2990 CLU_3200 8519 
CLU_2990 CLU_3214 6920 
CLU_2990 CLU_7923 5775 
CLU_2991 3118602190990 6645 
CLU_2991 3118602191229 6556 
CLU_2991 3118602190591 5679 
CLU_2991 3118602190567 3653 
CLU_2991 3118602190532 2728 
CLU_2991 3118602190494 2574 
CLU_2991 3118602190869 3245 
CLU_2991 3118602190605 3374 
CLU_2991 3118602190109 4358 
CLU_2991 3118607116306 472 
CLU_2991 3118602190931 561 
CLU_2991 3118602190923 1311 
CLU_2991 3118602190893 2150 
CLU_2991 3118602190486 1462 
CLU_2991 3118602190915 2337 
CLU_2991 3118602190222 1058 
CLU_2991 3118604696077 7893 
CLU_2991 3118602191024 9264 
CLU_2991 3118602190478 9792 
CLU_2991 3118602190389 10095 
CLU_2991 3118607110316 9639 
CLU_2991 3118602220261 8269 
CLU_2991 3118602190397 9408 
CLU_2991 3118602190176 6759 
CLU_2991 3118602191059 8136 
CLU_2991 3118602191040 9722 
CLU_2991 3118602190451 11960 
CLU_2991 3118602190206 12160 
CLU_2991 3118602190966 12892 
CLU_2991 3118602190400 11262 
CLU_2991 3118602190877 12160 
CLU_2991 3118602190826 12377 
CLU_2991 3118602190729 13769 
CLU_2991 3118602190656 13769 
CLU_2991 3118602190834 13746 
CLU_2991 3118602190710 12875 
CLU_2991 3118602190796 13374 
CLU_2991 3118602190648 13841 
CLU_2991 3118602190818 11716 
CLU_2991 3118602190885 6317 
CLU_2991 3118607053355 12124 
CLU_2991 3118602190192 12494 
CLU_2991 3118602190214 12052 
CLU_2991 3118602190680 12556 
CLU_2991 3118602190753 10637 
CLU_2991 3118602190141 13073 
CLU_2991 3118602220245 9643 
CLU_2991 3118602190788 6645 
CLU_2991 CLU_2943 5175 
CLU_2991 CLU_2961 3068 
CLU_2991 CLU_2970 1943 
CLU_2991 CLU_2971 1917 
CLU_2991 CLU_3051 9264 
CLU_2991 CLU_3055 7429 
CLU_2991 CLU_3060 7196 
CLU_2991 CLU_3084 11859 
CLU_2991 CLU_3086 13211 
CLU_2991 CLU_3087 13557 
CLU_2991 CLU_3098 12684 
CLU_2991 CLU_3108 7374 
CLU_2991 CLU_3121 9512 
CLU_2991 CLU_3128 11978 
CLU_2991 CLU_3141 12970 
CLU_2991 CLU_3143 11855 
CLU_2991 CLU_3160 12102 
CLU_2991 CLU_3166 10976 
CLU_2991 CLU_3176 11193 
CLU_2991 CLU_3200 8931 
CLU_2991 CLU_3214 7387 
CLU_2991 CLU_7923 5471 
CLU_2992 3118602190990 6044 
CLU_2992 3118602191229 5952 
CLU_2992 3118602190591 5075 
CLU_2992 3118602190567 3052 
CLU_2992 3118602190532 2137 
CLU_2992 3118602190494 2091 
CLU_2992 3118602190869 2680 
CLU_2992 3118602190605 2921 
CLU_2992 3118602190109 3875 
CLU_2992 3118607116306 678 
CLU_2992 3118602190931 401 
CLU_2992 3118602190923 1687 
CLU_2992 3118602190893 2752 
CLU_2992 3118602190486 1459 
CLU_2992 3118602190915 2899 
CLU_2992 3118602190222 1662 
CLU_2992 3118604696077 7426 
CLU_2992 3118602191024 8782 
CLU_2992 3118602190478 9314 
CLU_2992 3118602190389 9637 
CLU_2992 3118607110316 9276 
CLU_2992 3118602220261 7774 
CLU_2992 3118602190397 8976 
CLU_2992 3118602190176 6310 
CLU_2992 3118602191059 7620 
CLU_2992 3118602191040 9182 
CLU_2992 3118602190451 11517 
CLU_2992 3118602190206 11733 
CLU_2992 3118602190966 12513 
CLU_2992 3118602190400 10833 
CLU_2992 3118602190877 11733 
CLU_2992 3118602190826 12319 
CLU_2992 3118602190729 13855 
CLU_2992 3118602190656 13855 
CLU_2992 3118602190834 13809 
CLU_2992 3118602190710 13017 
CLU_2992 3118602190796 13495 
CLU_2992 3118602190648 13952 
CLU_2992 3118602190818 11665 
CLU_2992 3118602190885 6142 
CLU_2992 3118607053355 11762 
CLU_2992 3118602190192 11894 
CLU_2992 3118602190214 11448 
CLU_2992 3118602190680 11953 
CLU_2992 3118602190753 10064 
CLU_2992 3118602190141 12478 
CLU_2992 3118602220245 9040 
CLU_2992 3118602190788 6044 
CLU_2992 CLU_2943 4571 
CLU_2992 CLU_2961 2466 
CLU_2992 CLU_2970 1338 
CLU_2992 CLU_2971 1341 
CLU_2992 CLU_3051 8782 
CLU_2992 CLU_3055 7022 
CLU_2992 CLU_3060 6832 
CLU_2992 CLU_3084 11463 
CLU_2992 CLU_3086 13220 
CLU_2992 CLU_3087 13599 
CLU_2992 CLU_3098 12766 
CLU_2992 CLU_3108 7554 
CLU_2992 CLU_3121 8912 
CLU_2992 CLU_3128 11387 
CLU_2992 CLU_3141 12365 
CLU_2992 CLU_3143 11251 
CLU_2992 CLU_3160 11498 
CLU_2992 CLU_3166 10385 
CLU_2992 CLU_3176 10592 
CLU_2992 CLU_3200 8327 
CLU_2992 CLU_3214 6788 
CLU_2992 CLU_7923 5401 
CLU_2993 3118602190990 6600 
CLU_2993 3118602191229 6475 
CLU_2993 3118602190591 5599 
CLU_2993 3118602190567 3528 
CLU_2993 3118602190532 2576 
CLU_2993 3118602190494 2259 
CLU_2993 3118602190869 3326 
CLU_2993 3118602190605 3599 
CLU_2993 3118602190109 4552 
CLU_2993 3118607116306 0 
CLU_2993 3118602190931 337 
CLU_2993 3118602190923 1771 
CLU_2993 3118602190893 2345 
CLU_2993 3118602190486 1900 
CLU_2993 3118602190915 2650 
CLU_2993 3118602190222 1283 
CLU_2993 3118604696077 8103 
CLU_2993 3118602191024 9458 
CLU_2993 3118602190478 9990 
CLU_2993 3118602190389 10315 
CLU_2993 3118607110316 9941 
CLU_2993 3118602220261 8448 
CLU_2993 3118602190397 9654 
CLU_2993 3118602190176 6988 
CLU_2993 3118602191059 8288 
CLU_2993 3118602191040 9838 
CLU_2993 3118602190451 12195 
CLU_2993 3118602190206 12410 
CLU_2993 3118602190966 13182 
CLU_2993 3118602190400 11510 
CLU_2993 3118602190877 12410 
CLU_2993 3118602190826 12822 
CLU_2993 3118602190729 14239 
CLU_2993 3118602190656 14239 
CLU_2993 3118602190834 14214 
CLU_2993 3118602190710 13348 
CLU_2993 3118602190796 13847 
CLU_2993 3118602190648 14313 
CLU_2993 3118602190818 12163 
CLU_2993 3118602190885 6720 
CLU_2993 3118607053355 12427 
CLU_2993 3118602190192 12341 
CLU_2993 3118602190214 11927 
CLU_2993 3118602190680 12490 
CLU_2993 3118602190753 10689 
CLU_2993 3118602190141 13055 
CLU_2993 3118602220245 9584 
CLU_2993 3118602190788 6600 
CLU_2993 CLU_2943 5059 
CLU_2993 CLU_2961 3039 
CLU_2993 CLU_2970 1897 
CLU_2993 CLU_2971 1747 
CLU_2993 CLU_3051 9458 
CLU_2993 CLU_3055 7696 
CLU_2993 CLU_3060 7496 
CLU_2993 CLU_3084 12136 
CLU_2993 CLU_3086 13671 
CLU_2993 CLU_3087 14022 
CLU_2993 CLU_3098 13154 
CLU_2993 CLU_3108 7846 
CLU_2993 CLU_3121 9361 
CLU_2993 CLU_3128 11788 
CLU_2993 CLU_3141 12867 
CLU_2993 CLU_3143 11764 
CLU_2993 CLU_3160 12031 
CLU_2993 CLU_3166 10975 
CLU_2993 CLU_3176 11151 
CLU_2993 CLU_3200 8848 
CLU_2993 CLU_3214 7233 
CLU_2993 CLU_7923 5910 
CLU_2994 3118602190990 6424 
CLU_2994 3118602191229 6360 
CLU_2994 3118602190591 5486 
CLU_2994 3118602190567 3505 
CLU_2994 3118602190532 2617 
CLU_2994 3118602190494 2609 
CLU_2994 3118602190869 2965 
CLU_2994 3118602190605 3024 
CLU_2994 3118602190109 4017 
CLU_2994 3118607116306 786 
CLU_2994 3118602190931 720 
CLU_2994 3118602190923 1172 
CLU_2994 3118602190893 2339 
CLU_2994 3118602190486 1114 
CLU_2994 3118602190915 2415 
CLU_2994 3118602190222 1274 
CLU_2994 3118604696077 7542 
CLU_2994 3118602191024 8917 
CLU_2994 3118602190478 9443 
CLU_2994 3118602190389 9739 
CLU_2994 3118607110316 9265 
CLU_2994 3118602220261 7928 
CLU_2994 3118602190397 9046 
CLU_2994 3118602190176 6401 
CLU_2994 3118602191059 7806 
CLU_2994 3118602191040 9407 
CLU_2994 3118602190451 11599 
CLU_2994 3118602190206 11795 
CLU_2994 3118602190966 12519 
CLU_2994 3118602190400 10898 
CLU_2994 3118602190877 11795 
CLU_2994 3118602190826 12036 
CLU_2994 3118602190729 13477 
CLU_2994 3118602190656 13477 
CLU_2994 3118602190834 13444 
CLU_2994 3118602190710 12607 
CLU_2994 3118602190796 13096 
CLU_2994 3118602190648 13559 
CLU_2994 3118602190818 11377 
CLU_2994 3118602190885 5949 
CLU_2994 3118607053355 11750 
CLU_2994 3118602190192 12341 
CLU_2994 3118602190214 11878 
CLU_2994 3118602190680 12341 
CLU_2994 3118602190753 10353 
CLU_2994 3118602190141 12827 
CLU_2994 3118602220245 9425 
CLU_2994 3118602190788 6424 
CLU_2994 CLU_2943 5009 
CLU_2994 CLU_2961 2858 
CLU_2994 CLU_2970 1771 
CLU_2994 CLU_2971 1843 
CLU_2994 CLU_3051 8917 
CLU_2994 CLU_3055 7062 
CLU_2994 CLU_3060 6823 
CLU_2994 CLU_3084 11489 
CLU_2994 CLU_3086 12890 
CLU_2994 CLU_3087 13248 
CLU_2994 CLU_3098 12390 
CLU_2994 CLU_3108 7121 
CLU_2994 CLU_3121 9361 
CLU_2994 CLU_3128 11855 
CLU_2994 CLU_3141 12779 
CLU_2994 CLU_3143 11657 
CLU_2994 CLU_3160 11890 
CLU_2994 CLU_3166 10720 
CLU_2994 CLU_3176 10962 
CLU_2994 CLU_3200 8731 
CLU_2994 CLU_3214 7242 
CLU_2994 CLU_7923 5124 
CLU_2995 3118602190990 6883 
CLU_2995 3118602191229 6782 
CLU_2995 3118602190591 5905 
CLU_2995 3118602190567 3860 
CLU_2995 3118602190532 2922 
CLU_2995 3118602190494 2681 
CLU_2995 3118602190869 3509 
CLU_2995 3118602190605 3652 
CLU_2995 3118602190109 4635 
CLU_2995 3118607116306 439 
CLU_2995 3118602190931 678 
CLU_2995 3118602190923 1380 
CLU_2995 3118602190893 1956 
CLU_2995 3118602190486 1682 
CLU_2995 3118602190915 2218 
CLU_2995 3118602190222 871 
CLU_2995 3118604696077 8171 
CLU_2995 3118602191024 9541 
CLU_2995 3118602190478 10069 
CLU_2995 3118602190389 10372 
CLU_2995 3118607110316 9908 
CLU_2995 3118602220261 8546 
CLU_2995 3118602190397 9684 
CLU_2995 3118602190176 7036 
CLU_2995 3118602191059 8412 
CLU_2995 3118602191040 9994 
CLU_2995 3118602190451 12236 
CLU_2995 3118602190206 12435 
CLU_2995 3118602190966 13162 
CLU_2995 3118602190400 11538 
CLU_2995 3118602190877 12435 
CLU_2995 3118602190826 12572 
CLU_2995 3118602190729 13911 
CLU_2995 3118602190656 13911 
CLU_2995 3118602190834 13896 
CLU_2995 3118602190710 12995 
CLU_2995 3118602190796 13503 
CLU_2995 3118602190648 13973 
CLU_2995 3118602190818 11909 
CLU_2995 3118602190885 6550 
CLU_2995 3118607053355 12392 
CLU_2995 3118602190192 12695 
CLU_2995 3118602190214 12264 
CLU_2995 3118602190680 12789 
CLU_2995 3118602190753 10900 
CLU_2995 3118602190141 13320 
CLU_2995 3118602220245 9877 
CLU_2995 3118602190788 6883 
CLU_2995 CLU_2943 5387 
CLU_2995 CLU_2961 3306 
CLU_2995 CLU_2970 2171 
CLU_2995 CLU_2971 2099 
CLU_2995 CLU_3051 9541 
CLU_2995 CLU_3055 7703 
CLU_2995 CLU_3060 7466 
CLU_2995 CLU_3084 12132 
CLU_2995 CLU_3086 13382 
CLU_2995 CLU_3087 13716 
CLU_2995 CLU_3098 12828 
CLU_2995 CLU_3108 7483 
CLU_2995 CLU_3121 9713 
CLU_2995 CLU_3128 12162 
CLU_2995 CLU_3141 13190 
CLU_2995 CLU_3143 12079 
CLU_2995 CLU_3160 12333 
CLU_2995 CLU_3166 11227 
CLU_2995 CLU_3176 11433 
CLU_2995 CLU_3200 9158 
CLU_2995 CLU_3214 7586 
CLU_2995 CLU_7923 5677 
CLU_2996 3118602190990 7261 
CLU_2996 3118602191229 7256 
CLU_2996 3118602190591 6397 
CLU_2996 3118602190567 4528 
CLU_2996 3118602190532 3700 
CLU_2996 3118602190494 3779 
CLU_2996 3118602190869 3704 
CLU_2996 3118602190605 3419 
CLU_2996 3118602190109 4423 
CLU_2996 3118607116306 1771 
CLU_2996 3118602190931 1846 
CLU_2996 3118602190923 0 
CLU_2996 3118602190893 1776 
CLU_2996 3118602190486 979 
CLU_2996 3118602190915 1514 
CLU_2996 3118602190222 1147 
CLU_2996 3118604696077 7792 
CLU_2996 3118602191024 9192 
CLU_2996 3118602190478 9697 
CLU_2996 3118602190389 9930 
CLU_2996 3118607110316 9205 
CLU_2996 3118602220261 8258 
CLU_2996 3118602190397 9171 
CLU_2996 3118602190176 6620 
CLU_2996 3118602191059 8207 
CLU_2996 3118602191040 9873 
CLU_2996 3118602190451 11729 
CLU_2996 3118602190206 11878 
CLU_2996 3118602190966 12470 
CLU_2996 3118602190400 10997 
CLU_2996 3118602190877 11878 
CLU_2996 3118602190826 11336 
CLU_2996 3118602190729 12560 
CLU_2996 3118602190656 12560 
CLU_2996 3118602190834 12557 
CLU_2996 3118602190710 11623 
CLU_2996 3118602190796 12137 
CLU_2996 3118602190648 12611 
CLU_2996 3118602190818 10668 
CLU_2996 3118602190885 5528 
CLU_2996 3118607053355 11666 
CLU_2996 3118602190192 13299 
CLU_2996 3118602190214 12796 
CLU_2996 3118602190680 13161 
CLU_2996 3118602190753 10955 
CLU_2996 3118602190141 13554 
CLU_2996 3118602220245 10249 
CLU_2996 3118602190788 7261 
CLU_2996 CLU_2943 5980 
CLU_2996 CLU_2961 3788 
CLU_2996 CLU_2970 2810 
CLU_2996 CLU_2971 2975 
CLU_2996 CLU_3051 9192 
CLU_2996 CLU_3055 7151 
CLU_2996 CLU_3060 6808 
CLU_2996 CLU_3084 11493 
CLU_2996 CLU_3086 12081 
CLU_2996 CLU_3087 12392 
CLU_2996 CLU_3098 11480 
CLU_2996 CLU_3108 6107 
CLU_2996 CLU_3121 10331 
CLU_2996 CLU_3128 12867 
CLU_2996 CLU_3141 13657 
CLU_2996 CLU_3143 12522 
CLU_2996 CLU_3160 12720 
CLU_2996 CLU_3166 11426 
CLU_2996 CLU_3176 11744 
CLU_2996 CLU_3200 9602 
CLU_2996 CLU_3214 8232 
CLU_2996 CLU_7923 4519 
CLU_2997 3118602190990 7954 
CLU_2997 3118602191229 7923 
CLU_2997 3118602190591 7056 
CLU_2997 3118602190567 5115 
CLU_2997 3118602190532 4234 
CLU_2997 3118602190494 4147 
CLU_2997 3118602190869 4416 
CLU_2997 3118602190605 4190 
CLU_2997 3118602190109 5196 
CLU_2997 3118607116306 1936 
CLU_2997 3118602190931 2131 
CLU_2997 3118602190923 778 
CLU_2997 3118602190893 1009 
CLU_2997 3118602190486 1753 
CLU_2997 3118602190915 804 
CLU_2997 3118602190222 795 
CLU_2997 3118604696077 8569 
CLU_2997 3118602191024 9969 
CLU_2997 3118602190478 10473 
CLU_2997 3118602190389 10702 
CLU_2997 3118607110316 9941 
CLU_2997 3118602220261 9036 
CLU_2997 3118602190397 9937 
CLU_2997 3118602190176 7396 
CLU_2997 3118602191059 8984 
CLU_2997 3118602191040 10647 
CLU_2997 3118602190451 12494 
CLU_2997 3118602190206 12636 
CLU_2997 3118602190966 13204 
CLU_2997 3118602190400 11758 
CLU_2997 3118602190877 12636 
CLU_2997 3118602190826 11802 
CLU_2997 3118602190729 12845 
CLU_2997 3118602190656 12845 
CLU_2997 3118602190834 12870 
CLU_2997 3118602190710 11837 
CLU_2997 3118602190796 12377 
CLU_2997 3118602190648 12863 
CLU_2997 3118602190818 11130 
CLU_2997 3118602190885 6175 
CLU_2997 3118607053355 12392 
CLU_2997 3118602190192 13937 
CLU_2997 3118602190214 13457 
CLU_2997 3118602190680 13866 
CLU_2997 3118602190753 11714 
CLU_2997 3118602190141 14288 
CLU_2997 3118602220245 10950 
CLU_2997 3118602190788 7954 
CLU_2997 CLU_2943 6604 
CLU_2997 CLU_2961 4428 
CLU_2997 CLU_2970 3379 
CLU_2997 CLU_2971 3452 
CLU_2997 CLU_3051 9969 
CLU_2997 CLU_3055 7916 
CLU_2997 CLU_3060 7558 
CLU_2997 CLU_3084 12239 
CLU_2997 CLU_3086 12464 
CLU_2997 CLU_3087 12734 
CLU_2997 CLU_3098 11775 
CLU_2997 CLU_3108 6319 
CLU_2997 CLU_3121 10960 
CLU_2997 CLU_3128 13467 
CLU_2997 CLU_3141 14338 
CLU_2997 CLU_3143 13208 
CLU_2997 CLU_3160 13421 
CLU_2997 CLU_3166 12165 
CLU_2997 CLU_3176 12461 
CLU_2997 CLU_3200 10283 
CLU_2997 CLU_3214 8847 
CLU_2997 CLU_7923 5097 
CLU_2998 3118602190990 8484 
CLU_2998 3118602191229 8479 
CLU_2998 3118602190591 7619 
CLU_2998 3118602190567 5724 
CLU_2998 3118602190532 4866 
CLU_2998 3118602190494 4820 
CLU_2998 3118602190869 4925 
CLU_2998 3118602190605 4578 
CLU_2998 3118602190109 5568 
CLU_2998 3118607116306 2616 
CLU_2998 3118602190931 2806 
CLU_2998 3118602190923 1223 
CLU_2998 3118602190893 1105 
CLU_2998 3118602190486 2160 
CLU_2998 3118602190915 430 
CLU_2998 3118602190222 1433 
CLU_2998 3118604696077 8829 
CLU_2998 3118602191024 10231 
CLU_2998 3118602190478 10723 
CLU_2998 3118602190389 10917 
CLU_2998 3118607110316 10032 
CLU_2998 3118602220261 9331 
CLU_2998 3118602190397 10124 
CLU_2998 3118602190176 7652 
CLU_2998 3118602191059 9314 
CLU_2998 3118602191040 10999 
CLU_2998 3118602190451 12669 
CLU_2998 3118602190206 12785 
CLU_2998 3118602190966 13280 
CLU_2998 3118602190400 11919 
CLU_2998 3118602190877 12785 
CLU_2998 3118602190826 11500 
CLU_2998 3118602190729 12390 
CLU_2998 3118602190656 12390 
CLU_2998 3118602190834 12437 
CLU_2998 3118602190710 11338 
CLU_2998 3118602190796 11894 
CLU_2998 3118602190648 12386 
CLU_2998 3118602190818 10828 
CLU_2998 3118602190885 6120 
CLU_2998 3118607053355 12453 
CLU_2998 3118602190192 14518 
CLU_2998 3118602190214 14019 
CLU_2998 3118602190680 14380 
CLU_2998 3118602190753 12128 
CLU_2998 3118602190141 14759 
CLU_2998 3118602220245 11470 
CLU_2998 3118602190788 8484 
CLU_2998 CLU_2943 7193 
CLU_2998 CLU_2961 5004 
CLU_2998 CLU_2970 3993 
CLU_2998 CLU_2971 4101 
CLU_2998 CLU_3051 10231 
CLU_2998 CLU_3055 8104 
CLU_2998 CLU_3060 7698 
CLU_2998 CLU_3084 12348 
CLU_2998 CLU_3086 12086 
CLU_2998 CLU_3087 12322 
CLU_2998 CLU_3098 11331 
CLU_2998 CLU_3108 5841 
CLU_2998 CLU_3121 11548 
CLU_2998 CLU_3128 14074 
CLU_2998 CLU_3141 14881 
CLU_2998 CLU_3143 13746 
CLU_2998 CLU_3160 13941 
CLU_2998 CLU_3166 12627 
CLU_2998 CLU_3176 12960 
CLU_2998 CLU_3200 10826 
CLU_2998 CLU_3214 9443 
CLU_2998 CLU_7923 4962 
CLU_2999 3118602190990 8751 
CLU_2999 3118602191229 8726 
CLU_2999 3118602190591 7859 
CLU_2999 3118602190567 5917 
CLU_2999 3118602190532 5030 
CLU_2999 3118602190494 4897 
CLU_2999 3118602190869 5205 
CLU_2999 3118602190605 4922 
CLU_2999 3118602190109 5920 
CLU_2999 3118607116306 2650 
CLU_2999 3118602190931 2881 
CLU_2999 3118602190923 1514 
CLU_2999 3118602190893 743 
CLU_2999 3118602190486 2485 
CLU_2999 3118602190915 0 
CLU_2999 3118602190222 1386 
CLU_2999 3118604696077 9222 
CLU_2999 3118602191024 10624 
CLU_2999 3118602190478 11119 
CLU_2999 3118602190389 11322 
CLU_2999 3118607110316 10456 
CLU_2999 3118602220261 9714 
CLU_2999 3118602190397 10534 
CLU_2999 3118602190176 8045 
CLU_2999 3118602191059 9685 
CLU_2999 3118602191040 11363 
CLU_2999 3118602190451 13082 
CLU_2999 3118602190206 13203 
CLU_2999 3118602190966 13706 
CLU_2999 3118602190400 12335 
CLU_2999 3118602190877 13203 
CLU_2999 3118602190826 11893 
CLU_2999 3118602190729 12720 
CLU_2999 3118602190656 12720 
CLU_2999 3118602190834 12777 
CLU_2999 3118602190710 11641 
CLU_2999 3118602190796 12207 
CLU_2999 3118602190648 12702 
CLU_2999 3118602190818 11220 
CLU_2999 3118602190885 6550 
CLU_2999 3118607053355 12880 
CLU_2999 3118602190192 14741 
CLU_2999 3118602190214 14260 
CLU_2999 3118602190680 14660 
CLU_2999 3118602190753 12466 
CLU_2999 3118602190141 15067 
CLU_2999 3118602220245 11746 
CLU_2999 3118602190788 8751 
CLU_2999 CLU_2943 7409 
CLU_2999 CLU_2961 5232 
CLU_2999 CLU_2970 4181 
CLU_2999 CLU_2971 4240 
CLU_2999 CLU_3051 10624 
CLU_2999 CLU_3055 8513 
CLU_2999 CLU_3060 8115 
CLU_2999 CLU_3084 12771 
CLU_2999 CLU_3086 12452 
CLU_2999 CLU_3087 12673 
CLU_2999 CLU_3098 11667 
CLU_2999 CLU_3108 6167 
CLU_2999 CLU_3121 11765 
CLU_2999 CLU_3128 14269 
CLU_2999 CLU_3141 15139 
CLU_2999 CLU_3143 14008 
CLU_2999 CLU_3160 14216 
CLU_2999 CLU_3166 12940 
CLU_2999 CLU_3176 13250 
CLU_2999 CLU_3200 11084 
CLU_2999 CLU_3214 9650 
CLU_2999 CLU_7923 5389 
CLU_3000 3118602190990 6842 
CLU_3000 3118602191229 6822 
CLU_3000 3118602190591 5958 
CLU_3000 3118602190567 4064 
CLU_3000 3118602190532 3228 
CLU_3000 3118602190494 3316 
CLU_3000 3118602190869 3298 
CLU_3000 3118602190605 3111 
CLU_3000 3118602190109 4121 
CLU_3000 3118607116306 1408 
CLU_3000 3118602190931 1428 
CLU_3000 3118602190923 473 
CLU_3000 3118602190893 2038 
CLU_3000 3118602190486 743 
CLU_3000 3118602190915 1909 
CLU_3000 3118602190222 1171 
CLU_3000 3118604696077 7559 
CLU_3000 3118602191024 8953 
CLU_3000 3118602190478 9467 
CLU_3000 3118602190389 9724 
CLU_3000 3118607110316 9093 
CLU_3000 3118602220261 7998 
CLU_3000 3118602190397 8987 
CLU_3000 3118602190176 6395 
CLU_3000 3118602191059 7923 
CLU_3000 3118602191040 9569 
CLU_3000 3118602190451 11548 
CLU_3000 3118602190206 11714 
CLU_3000 3118602190966 12359 
CLU_3000 3118602190400 10826 
CLU_3000 3118602190877 11714 
CLU_3000 3118602190826 11506 
CLU_3000 3118602190729 12840 
CLU_3000 3118602190656 12840 
CLU_3000 3118602190834 12822 
CLU_3000 3118602190710 11940 
CLU_3000 3118602190796 12440 
CLU_3000 3118602190648 12908 
CLU_3000 3118602190818 10842 
CLU_3000 3118602190885 5557 
CLU_3000 3118607053355 11567 
CLU_3000 3118602190192 12853 
CLU_3000 3118602190214 12359 
CLU_3000 3118602190680 12750 
CLU_3000 3118602190753 10608 
CLU_3000 3118602190141 13171 
CLU_3000 3118602220245 9836 
CLU_3000 3118602190788 6842 
CLU_3000 CLU_2943 5527 
CLU_3000 CLU_2961 3339 
CLU_3000 CLU_2970 2341 
CLU_3000 CLU_2971 2503 
CLU_3000 CLU_3051 8953 
CLU_3000 CLU_3055 6976 
CLU_3000 CLU_3060 6672 
CLU_3000 CLU_3084 11360 
CLU_3000 CLU_3086 12305 
CLU_3000 CLU_3087 12640 
CLU_3000 CLU_3098 11756 
CLU_3000 CLU_3108 6438 
CLU_3000 CLU_3121 9882 
CLU_3000 CLU_3128 12410 
CLU_3000 CLU_3141 13231 
CLU_3000 CLU_3143 12099 
CLU_3000 CLU_3160 12307 
CLU_3000 CLU_3166 11048 
CLU_3000 CLU_3176 11344 
CLU_3000 CLU_3200 9176 
CLU_3000 CLU_3214 7778 
CLU_3000 CLU_7923 4629 
CLU_3001 3118602190990 6620 
CLU_3001 3118602191229 6600 
CLU_3001 3118602190591 5737 
CLU_3001 3118602190567 3849 
CLU_3001 3118602190532 3022 
CLU_3001 3118602190494 3147 
CLU_3001 3118602190869 3078 
CLU_3001 3118602190605 2915 
CLU_3001 3118602190109 3925 
CLU_3001 3118607116306 1355 
CLU_3001 3118602190931 1324 
CLU_3001 3118602190923 679 
CLU_3001 3118602190893 2241 
CLU_3001 3118602190486 621 
CLU_3001 3118602190915 2131 
CLU_3001 3118602190222 1325 
CLU_3001 3118604696077 7381 
CLU_3001 3118602191024 8773 
CLU_3001 3118602190478 9289 
CLU_3001 3118602190389 9553 
CLU_3001 3118607110316 8958 
CLU_3001 3118602220261 7812 
CLU_3001 3118602190397 8826 
CLU_3001 3118602190176 6221 
CLU_3001 3118602191059 7728 
CLU_3001 3118602191040 9369 
CLU_3001 3118602190451 11386 
CLU_3001 3118602190206 11559 
CLU_3001 3118602190966 12222 
CLU_3001 3118602190400 10668 
CLU_3001 3118602190877 11559 
CLU_3001 3118602190826 11494 
CLU_3001 3118602190729 12885 
CLU_3001 3118602190656 12885 
CLU_3001 3118602190834 12858 
CLU_3001 3118602190710 12006 
CLU_3001 3118602190796 12499 
CLU_3001 3118602190648 12963 
CLU_3001 3118602190818 10832 
CLU_3001 3118602190885 5486 
CLU_3001 3118607053355 11436 
CLU_3001 3118602190192 12633 
CLU_3001 3118602190214 12138 
CLU_3001 3118602190680 12529 
CLU_3001 3118602190753 10397 
CLU_3001 3118602190141 12953 
CLU_3001 3118602220245 9615 
CLU_3001 3118602190788 6620 
CLU_3001 CLU_2943 5308 
CLU_3001 CLU_2961 3119 
CLU_3001 CLU_2970 2130 
CLU_3001 CLU_2971 2311 
CLU_3001 CLU_3051 8773 
CLU_3001 CLU_3055 6819 
CLU_3001 CLU_3060 6530 
CLU_3001 CLU_3084 11215 
CLU_3001 CLU_3086 12320 
CLU_3001 CLU_3087 12667 
CLU_3001 CLU_3098 11799 
CLU_3001 CLU_3108 6518 
CLU_3001 CLU_3121 9662 
CLU_3001 CLU_3128 12192 
CLU_3001 CLU_3141 13009 
CLU_3001 CLU_3143 11878 
CLU_3001 CLU_3160 12085 
CLU_3001 CLU_3166 10830 
CLU_3001 CLU_3176 11123 
CLU_3001 CLU_3200 8954 
CLU_3001 CLU_3214 7559 
CLU_3001 CLU_7923 4597 
CLU_3002 3118602190990 7212 
CLU_3002 3118602191229 7163 
CLU_3002 3118602190591 6291 
CLU_3002 3118602190567 4324 
CLU_3002 3118602190532 3434 
CLU_3002 3118602190494 3359 
CLU_3002 3118602190869 3707 
CLU_3002 3118602190605 3611 
CLU_3002 3118602190109 4621 
CLU_3002 3118607116306 1206 
CLU_3002 3118602190931 1353 
CLU_3002 3118602190923 632 
CLU_3002 3118602190893 1571 
CLU_3002 3118602190486 1284 
CLU_3002 3118602190915 1595 
CLU_3002 3118602190222 630 
CLU_3002 3118604696077 8084 
CLU_3002 3118602191024 9475 
CLU_3002 3118602190478 9991 
CLU_3002 3118602190389 10254 
CLU_3002 3118607110316 9634 
CLU_3002 3118602220261 8512 
CLU_3002 3118602190397 9523 
CLU_3002 3118602190176 6923 
CLU_3002 3118602191059 8425 
CLU_3002 3118602191040 10059 
CLU_3002 3118602190451 12083 
CLU_3002 3118602190206 12252 
CLU_3002 3118602190966 12900 
CLU_3002 3118602190400 11364 
CLU_3002 3118602190877 12252 
CLU_3002 3118602190826 11951 
CLU_3002 3118602190729 13192 
CLU_3002 3118602190656 13192 
CLU_3002 3118602190834 13190 
CLU_3002 3118602190710 12251 
CLU_3002 3118602190796 12767 
CLU_3002 3118602190648 13242 
CLU_3002 3118602190818 11284 
CLU_3002 3118602190885 6071 
CLU_3002 3118607053355 12108 
CLU_3002 3118602190192 13157 
CLU_3002 3118602190214 12688 
CLU_3002 3118602190680 13129 
CLU_3002 3118602190753 11065 
CLU_3002 3118602190141 13587 
CLU_3002 3118602220245 10213 
CLU_3002 3118602190788 7212 
CLU_3002 CLU_2943 5824 
CLU_3002 CLU_2961 3661 
CLU_3002 CLU_2970 2589 
CLU_3002 CLU_2971 2650 
CLU_3002 CLU_3051 9475 
CLU_3002 CLU_3055 7514 
CLU_3002 CLU_3060 7213 
CLU_3002 CLU_3084 11900 
CLU_3002 CLU_3086 12710 
CLU_3002 CLU_3087 13023 
CLU_3002 CLU_3098 12112 
CLU_3002 CLU_3108 6732 
CLU_3002 CLU_3121 10178 
CLU_3002 CLU_3128 12675 
CLU_3002 CLU_3141 13581 
CLU_3002 CLU_3143 12456 
CLU_3002 CLU_3160 12681 
CLU_3002 CLU_3166 11472 
CLU_3002 CLU_3176 11739 
CLU_3002 CLU_3200 9530 
CLU_3002 CLU_3214 8060 
CLU_3002 CLU_7923 5107 
CLU_3003 3118602190990 7096 
CLU_3003 3118602191229 7021 
CLU_3003 3118602190591 6145 
CLU_3003 3118602190567 4135 
CLU_3003 3118602190532 3217 
CLU_3003 3118602190494 3055 
CLU_3003 3118602190869 3647 
CLU_3003 3118602190605 3666 
CLU_3003 3118602190109 4668 
CLU_3003 3118607116306 845 
CLU_3003 3118602190931 1037 
CLU_3003 3118602190923 1002 
CLU_3003 3118602190893 1674 
CLU_3003 3118602190486 1485 
CLU_3003 3118602190915 1846 
CLU_3003 3118602190222 593 
CLU_3003 3118604696077 8173 
CLU_3003 3118602191024 9555 
CLU_3003 3118602190478 10078 
CLU_3003 3118602190389 10360 
CLU_3003 3118607110316 9812 
CLU_3003 3118602220261 8576 
CLU_3003 3118602190397 9649 
CLU_3003 3118602190176 7022 
CLU_3003 3118602191059 8466 
CLU_3003 3118602191040 10077 
CLU_3003 3118602190451 12207 
CLU_3003 3118602190206 12390 
CLU_3003 3118602190966 13074 
CLU_3003 3118602190400 11496 
CLU_3003 3118602190877 12390 
CLU_3003 3118602190826 12282 
CLU_3003 3118602190729 13560 
CLU_3003 3118602190656 13560 
CLU_3003 3118602190834 13553 
CLU_3003 3118602190710 12626 
CLU_3003 3118602190796 13140 
CLU_3003 3118602190648 13614 
CLU_3003 3118602190818 11617 
CLU_3003 3118602190885 6339 
CLU_3003 3118607053355 12292 
CLU_3003 3118602190192 12977 
CLU_3003 3118602190214 12527 
CLU_3003 3118602190680 13012 
CLU_3003 3118602190753 11034 
CLU_3003 3118602190141 13507 
CLU_3003 3118602220245 10096 
CLU_3003 3118602190788 7096 
CLU_3003 CLU_2943 5652 
CLU_3003 CLU_2961 3523 
CLU_3003 CLU_2970 2413 
CLU_3003 CLU_2971 2409 
CLU_3003 CLU_3051 9555 
CLU_3003 CLU_3055 7650 
CLU_3003 CLU_3060 7379 
CLU_3003 CLU_3084 12060 
CLU_3003 CLU_3086 13061 
CLU_3003 CLU_3087 13382 
CLU_3003 CLU_3098 12479 
CLU_3003 CLU_3108 7109 
CLU_3003 CLU_3121 9995 
CLU_3003 CLU_3128 12468 
CLU_3003 CLU_3141 13438 
CLU_3003 CLU_3143 12320 
CLU_3003 CLU_3160 12559 
CLU_3003 CLU_3166 11402 
CLU_3003 CLU_3176 11638 
CLU_3003 CLU_3200 9395 
CLU_3003 CLU_3214 7871 
CLU_3003 CLU_7923 5414 
CLU_3004 3118602190990 8520 
CLU_3004 3118602191229 8415 
CLU_3004 3118602190591 7538 
CLU_3004 3118602190567 5478 
CLU_3004 3118602190532 4528 
CLU_3004 3118602190494 4133 
CLU_3004 3118602190869 5120 
CLU_3004 3118602190605 5133 
CLU_3004 3118602190109 6139 
CLU_3004 3118607116306 1952 
CLU_3004 3118602190931 2273 
CLU_3004 3118602190923 1956 
CLU_3004 3118602190893 667 
CLU_3004 3118602190486 2814 
CLU_3004 3118602190915 1372 
CLU_3004 3118602190222 917 
CLU_3004 3118604696077 9620 
CLU_3004 3118602191024 11010 
CLU_3004 3118602190478 11528 
CLU_3004 3118602190389 11793 
CLU_3004 3118607110316 11149 
CLU_3004 3118602220261 10041 
CLU_3004 3118602190397 11061 
CLU_3004 3118602190176 8461 
CLU_3004 3118602191059 9941 
CLU_3004 3118602191040 11558 
CLU_3004 3118602190451 13622 
CLU_3004 3118602190206 13788 
CLU_3004 3118602190966 14415 
CLU_3004 3118602190400 12900 
CLU_3004 3118602190877 13788 
CLU_3004 3118602190826 13101 
CLU_3004 3118602190729 14054 
CLU_3004 3118602190656 14054 
CLU_3004 3118602190834 14098 
CLU_3004 3118602190710 12998 
CLU_3004 3118602190796 13557 
CLU_3004 3118602190648 14049 
CLU_3004 3118602190818 12429 
CLU_3004 3118602190885 7468 
CLU_3004 3118607053355 13615 
CLU_3004 3118602190192 14293 
CLU_3004 3118602190214 13879 
CLU_3004 3118602190680 14425 
CLU_3004 3118602190753 12511 
CLU_3004 3118602190141 14956 
CLU_3004 3118602220245 11514 
CLU_3004 3118602190788 8520 
CLU_3004 CLU_2943 7009 
CLU_3004 CLU_2961 4944 
CLU_3004 CLU_2970 3808 
CLU_3004 CLU_2971 3699 
CLU_3004 CLU_3051 11010 
CLU_3004 CLU_3055 9050 
CLU_3004 CLU_3060 8737 
CLU_3004 CLU_3084 13425 
CLU_3004 CLU_3086 13731 
CLU_3004 CLU_3087 13979 
CLU_3004 CLU_3098 12994 
CLU_3004 CLU_3108 7505 
CLU_3004 CLU_3121 11313 
CLU_3004 CLU_3128 13727 
CLU_3004 CLU_3141 14816 
CLU_3004 CLU_3143 13709 
CLU_3004 CLU_3160 13968 
CLU_3004 CLU_3166 12859 
CLU_3004 CLU_3176 13070 
CLU_3004 CLU_3200 10790 
CLU_3004 CLU_3214 9185 
CLU_3004 CLU_7923 6408 
CLU_3005 3118602190990 8440 
CLU_3005 3118602191229 8379 
CLU_3005 3118602190591 7505 
CLU_3005 3118602190567 5504 
CLU_3005 3118602190532 4585 
CLU_3005 3118602190494 4355 
CLU_3005 3118602190869 4941 
CLU_3005 3118602190605 4800 
CLU_3005 3118602190109 5809 
CLU_3005 3118607116306 2096 
CLU_3005 3118602190931 2364 
CLU_3005 3118602190923 1429 
CLU_3005 3118602190893 349 
CLU_3005 3118602190486 2383 
CLU_3005 3118602190915 672 
CLU_3005 3118602190222 814 
CLU_3005 3118604696077 9217 
CLU_3005 3118602191024 10615 
CLU_3005 3118602190478 11123 
CLU_3005 3118602190389 11359 
CLU_3005 3118607110316 10614 
CLU_3005 3118602220261 9673 
CLU_3005 3118602190397 10600 
CLU_3005 3118602190176 8046 
CLU_3005 3118602191059 9608 
CLU_3005 3118602191040 11259 
CLU_3005 3118602190451 13158 
CLU_3005 3118602190206 13304 
CLU_3005 3118602190966 13876 
CLU_3005 3118602190400 12424 
CLU_3005 3118602190877 13304 
CLU_3005 3118602190826 12376 
CLU_3005 3118602190729 13309 
CLU_3005 3118602190656 13309 
CLU_3005 3118602190834 13353 
CLU_3005 3118602190710 12256 
CLU_3005 3118602190796 12813 
CLU_3005 3118602190648 13305 
CLU_3005 3118602190818 11704 
CLU_3005 3118602190885 6833 
CLU_3005 3118607053355 13064 
CLU_3005 3118602190192 14346 
CLU_3005 3118602190214 13894 
CLU_3005 3118602190680 14357 
CLU_3005 3118602190753 12290 
CLU_3005 3118602190141 14821 
CLU_3005 3118602220245 11441 
CLU_3005 3118602190788 8440 
CLU_3005 CLU_2943 7020 
CLU_3005 CLU_2961 4878 
CLU_3005 CLU_2970 3779 
CLU_3005 CLU_2971 3772 
CLU_3005 CLU_3051 10615 
CLU_3005 CLU_3055 8580 
CLU_3005 CLU_3060 8228 
CLU_3005 CLU_3084 12910 
CLU_3005 CLU_3086 12990 
CLU_3005 CLU_3087 13235 
CLU_3005 CLU_3098 12249 
CLU_3005 CLU_3108 6761 
CLU_3005 CLU_3121 11365 
CLU_3005 CLU_3128 13835 
CLU_3005 CLU_3141 14798 
CLU_3005 CLU_3143 13677 
CLU_3005 CLU_3160 13907 
CLU_3005 CLU_3166 12706 
CLU_3005 CLU_3176 12971 
CLU_3005 CLU_3200 10750 
CLU_3005 CLU_3214 9241 
CLU_3005 CLU_7923 5735 
CLU_3006 3118602190990 8764 
CLU_3006 3118602191229 8695 
CLU_3006 3118602190591 7819 
CLU_3006 3118602190567 5803 
CLU_3006 3118602190532 4874 
CLU_3006 3118602190494 4594 
CLU_3006 3118602190869 5277 
CLU_3006 3118602190605 5149 
CLU_3006 3118602190109 6159 
CLU_3006 3118607116306 2345 
CLU_3006 3118602190931 2632 
CLU_3006 3118602190923 1776 
CLU_3006 3118602190893 0 
CLU_3006 3118602190486 2732 
CLU_3006 3118602190915 743 
CLU_3006 3118602190222 1091 
CLU_3006 3118604696077 9566 
CLU_3006 3118602191024 10964 
CLU_3006 3118602190478 11472 
CLU_3006 3118602190389 11706 
CLU_3006 3118607110316 10947 
CLU_3006 3118602220261 10023 
CLU_3006 3118602190397 10945 
CLU_3006 3118602190176 8395 
CLU_3006 3118602191059 9958 
CLU_3006 3118602191040 11607 
CLU_3006 3118602190451 13502 
CLU_3006 3118602190206 13645 
CLU_3006 3118602190966 14208 
CLU_3006 3118602190400 12767 
CLU_3006 3118602190877 13645 
CLU_3006 3118602190826 12605 
CLU_3006 3118602190729 13463 
CLU_3006 3118602190656 13463 
CLU_3006 3118602190834 13519 
CLU_3006 3118602190710 12383 
CLU_3006 3118602190796 12950 
CLU_3006 3118602190648 13446 
CLU_3006 3118602190818 11932 
CLU_3006 3118602190885 7138 
CLU_3006 3118607053355 13394 
CLU_3006 3118602190192 14644 
CLU_3006 3118602190214 14200 
CLU_3006 3118602190680 14681 
CLU_3006 3118602190753 12634 
CLU_3006 3118602190141 15156 
CLU_3006 3118602220245 11764 
CLU_3006 3118602190788 8764 
CLU_3006 CLU_2943 7324 
CLU_3006 CLU_2961 5195 
CLU_3006 CLU_2970 4087 
CLU_3006 CLU_2971 4054 
CLU_3006 CLU_3051 10964 
CLU_3006 CLU_3055 8924 
CLU_3006 CLU_3060 8567 
CLU_3006 CLU_3084 13246 
CLU_3006 CLU_3086 13185 
CLU_3006 CLU_3087 13413 
CLU_3006 CLU_3098 12409 
CLU_3006 CLU_3108 6910 
CLU_3006 CLU_3121 11662 
CLU_3006 CLU_3128 14119 
CLU_3006 CLU_3141 15112 
CLU_3006 CLU_3143 13993 
CLU_3006 CLU_3160 14229 
CLU_3006 CLU_3166 13042 
CLU_3006 CLU_3176 13299 
CLU_3006 CLU_3200 11068 
CLU_3006 CLU_3214 9536 
CLU_3006 CLU_7923 6019 
CLU_3007 3118602190990 9797 
CLU_3007 3118602191229 9725 
CLU_3007 3118602190591 8849 
CLU_3007 3118602190567 6824 
CLU_3007 3118602190532 5888 
CLU_3007 3118602190494 5552 
CLU_3007 3118602190869 6307 
CLU_3007 3118602190605 6143 
CLU_3007 3118602190109 7150 
CLU_3007 3118607116306 3333 
CLU_3007 3118602190931 3635 
CLU_3007 3118602190923 2731 
CLU_3007 3118602190893 1033 
CLU_3007 3118602190486 3707 
CLU_3007 3118602190915 1317 
CLU_3007 3118602190222 2116 
CLU_3007 3118604696077 10509 
CLU_3007 3118602191024 11911 
CLU_3007 3118602190478 12411 
CLU_3007 3118602190389 12625 
CLU_3007 3118607110316 11774 
CLU_3007 3118602220261 10987 
CLU_3007 3118602190397 11844 
CLU_3007 3118602190176 9335 
CLU_3007 3118602191059 10939 
CLU_3007 3118602191040 12601 
CLU_3007 3118602190451 14394 
CLU_3007 3118602190206 14518 
CLU_3007 3118602190966 15022 
CLU_3007 3118602190400 13649 
CLU_3007 3118602190877 14518 
CLU_3007 3118602190826 13002 
CLU_3007 3118602190729 13607 
CLU_3007 3118602190656 13607 
CLU_3007 3118602190834 13700 
CLU_3007 3118602190710 12445 
CLU_3007 3118602190796 13040 
CLU_3007 3118602190648 13546 
CLU_3007 3118602190818 12331 
CLU_3007 3118602190885 7844 
CLU_3007 3118607053355 14195 
CLU_3007 3118602190192 15661 
CLU_3007 3118602190214 15225 
CLU_3007 3118602190680 15714 
CLU_3007 3118602190753 13652 
CLU_3007 3118602190141 16186 
CLU_3007 3118602220245 12797 
CLU_3007 3118602190788 9797 
CLU_3007 CLU_2943 8348 
CLU_3007 CLU_2961 6227 
CLU_3007 CLU_2970 5115 
CLU_3007 CLU_2971 5064 
CLU_3007 CLU_3051 11911 
CLU_3007 CLU_3055 9822 
CLU_3007 CLU_3060 9431 
CLU_3007 CLU_3084 14088 
CLU_3007 CLU_3086 13463 
CLU_3007 CLU_3087 13634 
CLU_3007 CLU_3098 12578 
CLU_3007 CLU_3108 7086 
CLU_3007 CLU_3121 12680 
CLU_3007 CLU_3128 15121 
CLU_3007 CLU_3141 16142 
CLU_3007 CLU_3143 15024 
CLU_3007 CLU_3160 15262 
CLU_3007 CLU_3166 14071 
CLU_3007 CLU_3176 14332 
CLU_3007 CLU_3200 12099 
CLU_3007 CLU_3214 10552 
CLU_3007 CLU_7923 6658 
CLU_3008 3118602190990 8306 
CLU_3008 3118602191229 8214 
CLU_3008 3118602190591 7337 
CLU_3008 3118602190567 5294 
CLU_3008 3118602190532 4352 
CLU_3008 3118602190494 4019 
CLU_3008 3118602190869 4874 
CLU_3008 3118602190605 4852 
CLU_3008 3118602190109 5860 
CLU_3008 3118607116306 1790 
CLU_3008 3118602190931 2096 
CLU_3008 3118602190923 1649 
CLU_3008 3118602190893 601 
CLU_3008 3118602190486 2514 
CLU_3008 3118602190915 1199 
CLU_3008 3118602190222 641 
CLU_3008 3118604696077 9330 
CLU_3008 3118602191024 10722 
CLU_3008 3118602190478 11238 
CLU_3008 3118602190389 11499 
CLU_3008 3118607110316 10843 
CLU_3008 3118602220261 9757 
CLU_3008 3118602190397 10763 
CLU_3008 3118602190176 8169 
CLU_3008 3118602191059 9664 
CLU_3008 3118602191040 11288 
CLU_3008 3118602190451 13324 
CLU_3008 3118602190206 13487 
CLU_3008 3118602190966 14109 
CLU_3008 3118602190400 12601 
CLU_3008 3118602190877 13487 
CLU_3008 3118602190826 12820 
CLU_3008 3118602190729 13811 
CLU_3008 3118602190656 13811 
CLU_3008 3118602190834 13849 
CLU_3008 3118602190710 12771 
CLU_3008 3118602190796 13324 
CLU_3008 3118602190648 13814 
CLU_3008 3118602190818 12148 
CLU_3008 3118602190885 7163 
CLU_3008 3118607053355 13309 
CLU_3008 3118602190192 14125 
CLU_3008 3118602190214 13698 
CLU_3008 3118602190680 14217 
CLU_3008 3118602190753 12260 
CLU_3008 3118602190141 14729 
CLU_3008 3118602220245 11303 
CLU_3008 3118602190788 8306 
CLU_3008 CLU_2943 6822 
CLU_3008 CLU_2961 4729 
CLU_3008 CLU_2970 3601 
CLU_3008 CLU_2971 3526 
CLU_3008 CLU_3051 10722 
CLU_3008 CLU_3055 8751 
CLU_3008 CLU_3060 8434 
CLU_3008 CLU_3084 13122 
CLU_3008 CLU_3086 13466 
CLU_3008 CLU_3087 13723 
CLU_3008 CLU_3098 12747 
CLU_3008 CLU_3108 7268 
CLU_3008 CLU_3121 11143 
CLU_3008 CLU_3128 13579 
CLU_3008 CLU_3141 14624 
CLU_3008 CLU_3143 13512 
CLU_3008 CLU_3160 13762 
CLU_3008 CLU_3166 12626 
CLU_3008 CLU_3176 12853 
CLU_3008 CLU_3200 10590 
CLU_3008 CLU_3214 9016 
CLU_3008 CLU_7923 6108 
CLU_3009 3118602190990 6353 
CLU_3009 3118602191229 6379 
CLU_3009 3118602190591 5535 
CLU_3009 3118602190567 3782 
CLU_3009 3118602190532 3058 
CLU_3009 3118602190494 3378 
CLU_3009 3118602190869 2790 
CLU_3009 3118602190605 2440 
CLU_3009 3118602190109 3444 
CLU_3009 3118607116306 1900 
CLU_3009 3118602190931 1795 
CLU_3009 3118602190923 979 
CLU_3009 3118602190893 2732 
CLU_3009 3118602190486 0 
CLU_3009 3118602190915 2485 
CLU_3009 3118602190222 1914 
CLU_3009 3118604696077 6837 
CLU_3009 3118602191024 8234 
CLU_3009 3118602190478 8744 
CLU_3009 3118602190389 8991 
CLU_3009 3118607110316 8350 
CLU_3009 3118602220261 7290 
CLU_3009 3118602190397 8249 
CLU_3009 3118602190176 5668 
CLU_3009 3118602191059 7232 
CLU_3009 3118602191040 8894 
CLU_3009 3118602190451 10809 
CLU_3009 3118602190206 10973 
CLU_3009 3118602190966 11616 
CLU_3009 3118602190400 10086 
CLU_3009 3118602190877 10973 
CLU_3009 3118602190826 10922 
CLU_3009 3118602190729 12397 
CLU_3009 3118602190656 12397 
CLU_3009 3118602190834 12355 
CLU_3009 3118602190710 11560 
CLU_3009 3118602190796 12036 
CLU_3009 3118602190648 12492 
CLU_3009 3118602190818 10263 
CLU_3009 3118602190885 4870 
CLU_3009 3118607053355 10825 
CLU_3009 3118602190192 12442 
CLU_3009 3118602190214 11914 
CLU_3009 3118602190680 12232 
CLU_3009 3118602190753 9980 
CLU_3009 3118602190141 12598 
CLU_3009 3118602220245 9327 
CLU_3009 3118602190788 6353 
CLU_3009 CLU_2943 5164 
CLU_3009 CLU_2961 2979 
CLU_3009 CLU_2970 2157 
CLU_3009 CLU_2971 2462 
CLU_3009 CLU_3051 8234 
CLU_3009 CLU_3055 6236 
CLU_3009 CLU_3060 5928 
CLU_3009 CLU_3084 10616 
CLU_3009 CLU_3086 11783 
CLU_3009 CLU_3087 12150 
CLU_3009 CLU_3098 11308 
CLU_3009 CLU_3108 6111 
CLU_3009 CLU_3121 9490 
CLU_3009 CLU_3128 12054 
CLU_3009 CLU_3141 12753 
CLU_3009 CLU_3143 11613 
CLU_3009 CLU_3160 11796 
CLU_3009 CLU_3166 10467 
CLU_3009 CLU_3176 10804 
CLU_3009 CLU_3200 8702 
CLU_3009 CLU_3214 7415 
CLU_3009 CLU_7923 4011 
CLU_3010 3118602190990 9094 
CLU_3010 3118602191229 9050 
CLU_3010 3118602190591 8178 
CLU_3010 3118602190567 6199 
CLU_3010 3118602190532 5289 
CLU_3010 3118602190494 5073 
CLU_3010 3118602190869 5567 
CLU_3010 3118602190605 5337 
CLU_3010 3118602190109 6340 
CLU_3010 3118607116306 2814 
CLU_3010 3118602190931 3080 
CLU_3010 3118602190923 1918 
CLU_3010 3118602190893 550 
CLU_3010 3118602190486 2897 
CLU_3010 3118602190915 467 
CLU_3010 3118602190222 1532 
CLU_3010 3118604696077 9670 
CLU_3010 3118602191024 11072 
CLU_3010 3118602190478 11570 
CLU_3010 3118602190389 11778 
CLU_3010 3118607110316 10923 
CLU_3010 3118602220261 10155 
CLU_3010 3118602190397 10994 
CLU_3010 3118602190176 8494 
CLU_3010 3118602191059 10118 
CLU_3010 3118602191040 11789 
CLU_3010 3118602190451 13543 
CLU_3010 3118602190206 13667 
CLU_3010 3118602190966 14173 
CLU_3010 3118602190400 12797 
CLU_3010 3118602190877 13667 
CLU_3010 3118602190826 12297 
CLU_3010 3118602190729 13048 
CLU_3010 3118602190656 13048 
CLU_3010 3118602190834 13118 
CLU_3010 3118602190710 11939 
CLU_3010 3118602190796 12516 
CLU_3010 3118602190648 13015 
CLU_3010 3118602190818 11625 
CLU_3010 3118602190885 7013 
CLU_3010 3118607053355 13347 
CLU_3010 3118602190192 15038 
CLU_3010 3118602190214 14574 
CLU_3010 3118602190680 15010 
CLU_3010 3118602190753 12869 
CLU_3010 3118602190141 15443 
CLU_3010 3118602220245 12093 
CLU_3010 3118602190788 9094 
CLU_3010 CLU_2943 7707 
CLU_3010 CLU_2961 5549 
CLU_3010 CLU_2970 4467 
CLU_3010 CLU_2971 4481 
CLU_3010 CLU_3051 11072 
CLU_3010 CLU_3055 8972 
CLU_3010 CLU_3060 8579 
CLU_3010 CLU_3084 13237 
CLU_3010 CLU_3086 12823 
CLU_3010 CLU_3087 13027 
CLU_3010 CLU_3098 12003 
CLU_3010 CLU_3108 6499 
CLU_3010 CLU_3121 12058 
CLU_3010 CLU_3128 14539 
CLU_3010 CLU_3141 15468 
CLU_3010 CLU_3143 14343 
CLU_3010 CLU_3160 14563 
CLU_3010 CLU_3166 13320 
CLU_3010 CLU_3176 13611 
CLU_3010 CLU_3200 11416 
CLU_3010 CLU_3214 9937 
CLU_3010 CLU_7923 5844 
CLU_3011 3118602190990 8205 
CLU_3011 3118602191229 8154 
CLU_3011 3118602190591 7282 
CLU_3011 3118602190567 5300 
CLU_3011 3118602190532 4393 
CLU_3011 3118602190494 4214 
CLU_3011 3118602190869 4692 
CLU_3011 3118602190605 4527 
CLU_3011 3118602190109 5536 
CLU_3011 3118607116306 1960 
CLU_3011 3118602190931 2204 
CLU_3011 3118602190923 1148 
CLU_3011 3118602190893 628 
CLU_3011 3118602190486 2105 
CLU_3011 3118602190915 695 
CLU_3011 3118602190222 690 
CLU_3011 3118604696077 8937 
CLU_3011 3118602191024 10335 
CLU_3011 3118602190478 10843 
CLU_3011 3118602190389 11078 
CLU_3011 3118607110316 10335 
CLU_3011 3118602220261 9395 
CLU_3011 3118602190397 10319 
CLU_3011 3118602190176 7766 
CLU_3011 3118602191059 9333 
CLU_3011 3118602191040 10987 
CLU_3011 3118602190451 12877 
CLU_3011 3118602190206 13023 
CLU_3011 3118602190966 13598 
CLU_3011 3118602190400 12143 
CLU_3011 3118602190877 13023 
CLU_3011 3118602190826 12162 
CLU_3011 3118602190729 13148 
CLU_3011 3118602190656 13148 
CLU_3011 3118602190834 13184 
CLU_3011 3118602190710 12116 
CLU_3011 3118602190796 12665 
CLU_3011 3118602190648 13155 
CLU_3011 3118602190818 11490 
CLU_3011 3118602190885 6570 
CLU_3011 3118607053355 12788 
CLU_3011 3118602190192 14139 
CLU_3011 3118602190214 13676 
CLU_3011 3118602190680 14122 
CLU_3011 3118602190753 12028 
CLU_3011 3118602190141 14572 
CLU_3011 3118602220245 11205 
CLU_3011 3118602190788 8205 
CLU_3011 CLU_2943 6808 
CLU_3011 CLU_2961 4652 
CLU_3011 CLU_2970 3568 
CLU_3011 CLU_2971 3589 
CLU_3011 CLU_3051 10335 
CLU_3011 CLU_3055 8299 
CLU_3011 CLU_3060 7948 
CLU_3011 CLU_3084 12630 
CLU_3011 CLU_3086 12800 
CLU_3011 CLU_3087 13056 
CLU_3011 CLU_3098 12083 
CLU_3011 CLU_3108 6608 
CLU_3011 CLU_3121 11159 
CLU_3011 CLU_3128 13643 
CLU_3011 CLU_3141 14573 
CLU_3011 CLU_3143 13449 
CLU_3011 CLU_3160 13673 
CLU_3011 CLU_3166 12454 
CLU_3011 CLU_3176 12729 
CLU_3011 CLU_3200 10522 
CLU_3011 CLU_3214 9038 
CLU_3011 CLU_7923 5485 
CLU_3012 3118602190990 7653 
CLU_3012 3118602191229 7573 
CLU_3012 3118602190591 6696 
CLU_3012 3118602190567 4672 
CLU_3012 3118602190532 3742 
CLU_3012 3118602190494 3499 
CLU_3012 3118602190869 4206 
CLU_3012 3118602190605 4194 
CLU_3012 3118602190109 5200 
CLU_3012 3118607116306 1239 
CLU_3012 3118602190931 1507 
CLU_3012 3118602190923 1155 
CLU_3012 3118602190893 1132 
CLU_3012 3118602190486 1904 
CLU_3012 3118602190915 1430 
CLU_3012 3118602190222 44 
CLU_3012 3118604696077 8684 
CLU_3012 3118602191024 10072 
CLU_3012 3118602190478 10591 
CLU_3012 3118602190389 10862 
CLU_3012 3118607110316 10255 
CLU_3012 3118602220261 9102 
CLU_3012 3118602190397 10136 
CLU_3012 3118602190176 7527 
CLU_3012 3118602191059 9002 
CLU_3012 3118602191040 10622 
CLU_3012 3118602190451 12696 
CLU_3012 3118602190206 12869 
CLU_3012 3118602190966 13520 
CLU_3012 3118602190400 11979 
CLU_3012 3118602190877 12869 
CLU_3012 3118602190826 12479 
CLU_3012 3118602190729 13622 
CLU_3012 3118602190656 13622 
CLU_3012 3118602190834 13636 
CLU_3012 3118602190710 12638 
CLU_3012 3118602190796 13170 
CLU_3012 3118602190648 13652 
CLU_3012 3118602190818 11810 
CLU_3012 3118602190885 6669 
CLU_3012 3118607053355 12728 
CLU_3012 3118602190192 13512 
CLU_3012 3118602190214 13071 
CLU_3012 3118602190680 13568 
CLU_3012 3118602190753 11591 
CLU_3012 3118602190141 14067 
CLU_3012 3118602220245 10653 
CLU_3012 3118602190788 7653 
CLU_3012 CLU_2943 6194 
CLU_3012 CLU_2961 4078 
CLU_3012 CLU_2970 2960 
CLU_3012 CLU_2971 2923 
CLU_3012 CLU_3051 10072 
CLU_3012 CLU_3055 8129 
CLU_3012 CLU_3060 7833 
CLU_3012 CLU_3084 12520 
CLU_3012 CLU_3086 13195 
CLU_3012 CLU_3087 13486 
CLU_3012 CLU_3098 12548 
CLU_3012 CLU_3108 7116 
CLU_3012 CLU_3121 10530 
CLU_3012 CLU_3128 12988 
CLU_3012 CLU_3141 13988 
CLU_3012 CLU_3143 12872 
CLU_3012 CLU_3160 13115 
CLU_3012 CLU_3166 11962 
CLU_3012 CLU_3176 12197 
CLU_3012 CLU_3200 9947 
CLU_3012 CLU_3214 8404 
CLU_3012 CLU_7923 5675 
CLU_3013 3118602190990 7689 
CLU_3013 3118602191229 7610 
CLU_3013 3118602190591 6734 
CLU_3013 3118602190567 4711 
CLU_3013 3118602190532 3783 
CLU_3013 3118602190494 3543 
CLU_3013 3118602190869 4238 
CLU_3013 3118602190605 4216 
CLU_3013 3118602190109 5223 
CLU_3013 3118607116306 1283 
CLU_3013 3118602190931 1550 
CLU_3013 3118602190923 1147 
CLU_3013 3118602190893 1091 
CLU_3013 3118602190486 1914 
CLU_3013 3118602190915 1386 
CLU_3013 3118602190222 0 
CLU_3013 3118604696077 8703 
CLU_3013 3118602191024 10092 
CLU_3013 3118602190478 10610 
CLU_3013 3118602190389 10879 
CLU_3013 3118607110316 10264 
CLU_3013 3118602220261 9123 
CLU_3013 3118602190397 10151 
CLU_3013 3118602190176 7545 
CLU_3013 3118602191059 9026 
CLU_3013 3118602191040 10648 
CLU_3013 3118602190451 12711 
CLU_3013 3118602190206 12882 
CLU_3013 3118602190966 13529 
CLU_3013 3118602190400 11993 
CLU_3013 3118602190877 12882 
CLU_3013 3118602190826 12464 
CLU_3013 3118602190729 13597 
CLU_3013 3118602190656 13597 
CLU_3013 3118602190834 13613 
CLU_3013 3118602190710 12610 
CLU_3013 3118602190796 13143 
CLU_3013 3118602190648 13626 
CLU_3013 3118602190818 11795 
CLU_3013 3118602190885 6666 
CLU_3013 3118607053355 12736 
CLU_3013 3118602190192 13552 
CLU_3013 3118602190214 13110 
CLU_3013 3118602190680 13604 
CLU_3013 3118602190753 11621 
CLU_3013 3118602190141 14101 
CLU_3013 3118602220245 10689 
CLU_3013 3118602190788 7689 
CLU_3013 CLU_2943 6233 
CLU_3013 CLU_2961 4115 
CLU_3013 CLU_2970 2998 
CLU_3013 CLU_2971 2965 
CLU_3013 CLU_3051 10092 
CLU_3013 CLU_3055 8143 
CLU_3013 CLU_3060 7843 
CLU_3013 CLU_3084 12531 
CLU_3013 CLU_3086 13175 
CLU_3013 CLU_3087 13464 
CLU_3013 CLU_3098 12524 
CLU_3013 CLU_3108 7088 
CLU_3013 CLU_3121 10570 
CLU_3013 CLU_3128 13030 
CLU_3013 CLU_3141 14026 
CLU_3013 CLU_3143 12909 
CLU_3013 CLU_3160 13151 
CLU_3013 CLU_3166 11995 
CLU_3013 CLU_3176 12232 
CLU_3013 CLU_3200 9984 
CLU_3013 CLU_3214 8444 
CLU_3013 CLU_7923 5666 
CLU_3014 3118602190990 9392 
CLU_3014 3118602191229 9325 
CLU_3014 3118602190591 8450 
CLU_3014 3118602190567 6434 
CLU_3014 3118602190532 5503 
CLU_3014 3118602190494 5200 
CLU_3014 3118602190869 5896 
CLU_3014 3118602190605 5731 
CLU_3014 3118602190109 6739 
CLU_3014 3118607116306 2962 
CLU_3014 3118602190931 3257 
CLU_3014 3118602190923 2322 
CLU_3014 3118602190893 631 
CLU_3014 3118602190486 3297 
CLU_3014 3118602190915 955 
CLU_3014 3118602190222 1722 
CLU_3014 3118604696077 10107 
CLU_3014 3118602191024 11508 
CLU_3014 3118602190478 12010 
CLU_3014 3118602190389 12228 
CLU_3014 3118607110316 11401 
CLU_3014 3118602220261 10580 
CLU_3014 3118602190397 11452 
CLU_3014 3118602190176 8933 
CLU_3014 3118602191059 10529 
CLU_3014 3118602191040 12190 
CLU_3014 3118602190451 14004 
CLU_3014 3118602190206 14133 
CLU_3014 3118602190966 14654 
CLU_3014 3118602190400 13261 
CLU_3014 3118602190877 14133 
CLU_3014 3118602190826 12770 
CLU_3014 3118602190729 13468 
CLU_3014 3118602190656 13468 
CLU_3014 3118602190834 13547 
CLU_3014 3118602190710 12337 
CLU_3014 3118602190796 12921 
CLU_3014 3118602190648 13424 
CLU_3014 3118602190818 12098 
CLU_3014 3118602190885 7505 
CLU_3014 3118607053355 13830 
CLU_3014 3118602190192 15274 
CLU_3014 3118602190214 14832 
CLU_3014 3118602190680 15309 
CLU_3014 3118602190753 13239 
CLU_3014 3118602190141 15777 
CLU_3014 3118602220245 12393 
CLU_3014 3118602190788 9392 
CLU_3014 CLU_2943 7955 
CLU_3014 CLU_2961 5825 
CLU_3014 CLU_2970 4718 
CLU_3014 CLU_2971 4682 
CLU_3014 CLU_3051 11508 
CLU_3014 CLU_3055 9430 
CLU_3014 CLU_3060 9047 
CLU_3014 CLU_3084 13712 
CLU_3014 CLU_3086 13274 
CLU_3014 CLU_3087 13466 
CLU_3014 CLU_3098 12429 
CLU_3014 CLU_3108 6927 
CLU_3014 CLU_3121 12292 
CLU_3014 CLU_3128 14745 
CLU_3014 CLU_3141 15743 
CLU_3014 CLU_3143 14624 
CLU_3014 CLU_3160 14859 
CLU_3014 CLU_3166 13660 
CLU_3014 CLU_3176 13925 
CLU_3014 CLU_3200 11698 
CLU_3014 CLU_3214 10166 
CLU_3014 CLU_7923 6338 
CLU_3015 3118602190990 9361 
CLU_3015 3118602191229 9343 
CLU_3015 3118602190591 8477 
CLU_3015 3118602190567 6541 
CLU_3015 3118602190532 5654 
CLU_3015 3118602190494 5505 
CLU_3015 3118602190869 5809 
CLU_3015 3118602190605 5482 
CLU_3015 3118602190109 6471 
CLU_3015 3118607116306 3250 
CLU_3015 3118602190931 3493 
CLU_3015 3118602190923 2106 
CLU_3015 3118602190893 1081 
CLU_3015 3118602190486 3060 
CLU_3015 3118602190915 624 
CLU_3015 3118602190222 1971 
CLU_3015 3118604696077 9711 
CLU_3015 3118602191024 11112 
CLU_3015 3118602190478 11599 
CLU_3015 3118602190389 11782 
CLU_3015 3118607110316 10836 
CLU_3015 3118602220261 10222 
CLU_3015 3118602190397 10978 
CLU_3015 3118602190176 8534 
CLU_3015 3118602191059 10211 
CLU_3015 3118602191040 11900 
CLU_3015 3118602190451 13514 
CLU_3015 3118602190206 13618 
CLU_3015 3118602190966 14070 
CLU_3015 3118602190400 12759 
CLU_3015 3118602190877 13618 
CLU_3015 3118602190826 11942 
CLU_3015 3118602190729 12599 
CLU_3015 3118602190656 12599 
CLU_3015 3118602190834 12681 
CLU_3015 3118602190710 11468 
CLU_3015 3118602190796 12052 
CLU_3015 3118602190648 12554 
CLU_3015 3118602190818 11271 
CLU_3015 3118602190885 6843 
CLU_3015 3118607053355 13234 
CLU_3015 3118602190192 15363 
CLU_3015 3118602190214 14878 
CLU_3015 3118602190680 15265 
CLU_3015 3118602190753 13032 
CLU_3015 3118602190141 15657 
CLU_3015 3118602220245 12353 
CLU_3015 3118602190788 9361 
CLU_3015 CLU_2943 8031 
CLU_3015 CLU_2961 5852 
CLU_3015 CLU_2970 4805 
CLU_3015 CLU_2971 4862 
CLU_3015 CLU_3051 11112 
CLU_3015 CLU_3055 8961 
CLU_3015 CLU_3060 8534 
CLU_3015 CLU_3084 13159 
CLU_3015 CLU_3086 12419 
CLU_3015 CLU_3087 12603 
CLU_3015 CLU_3098 11561 
CLU_3015 CLU_3108 6061 
CLU_3015 CLU_3121 12387 
CLU_3015 CLU_3128 14893 
CLU_3015 CLU_3141 15753 
CLU_3015 CLU_3143 14620 
CLU_3015 CLU_3160 14824 
CLU_3015 CLU_3166 13527 
CLU_3015 CLU_3176 13850 
CLU_3015 CLU_3200 11697 
CLU_3015 CLU_3214 10274 
CLU_3015 CLU_7923 5633 
CLU_3016 3118602190990 6794 
CLU_3016 3118602191229 6839 
CLU_3016 3118602190591 6003 
CLU_3016 3118602190567 4285 
CLU_3016 3118602190532 3568 
CLU_3016 3118602190494 3865 
CLU_3016 3118602190869 3240 
CLU_3016 3118602190605 2773 
CLU_3016 3118602190109 3754 
CLU_3016 3118607116306 2215 
CLU_3016 3118602190931 2171 
CLU_3016 3118602190923 802 
CLU_3016 3118602190893 2557 
CLU_3016 3118602190486 510 
CLU_3016 3118602190915 2187 
CLU_3016 3118602190222 1920 
CLU_3016 3118604696077 7041 
CLU_3016 3118602191024 8442 
CLU_3016 3118602190478 8942 
CLU_3016 3118602190389 9160 
CLU_3016 3118607110316 8404 
CLU_3016 3118602220261 7527 
CLU_3016 3118602190397 8390 
CLU_3016 3118602190176 5865 
CLU_3016 3118602191059 7500 
CLU_3016 3118602191040 9183 
CLU_3016 3118602190451 10946 
CLU_3016 3118602190206 11088 
CLU_3016 3118602190966 11669 
CLU_3016 3118602190400 10210 
CLU_3016 3118602190877 11088 
CLU_3016 3118602190826 10659 
CLU_3016 3118602190729 12026 
CLU_3016 3118602190656 12026 
CLU_3016 3118602190834 11998 
CLU_3016 3118602190710 11153 
CLU_3016 3118602190796 11642 
CLU_3016 3118602190648 12105 
CLU_3016 3118602190818 9995 
CLU_3016 3118602190885 4748 
CLU_3016 3118607053355 10863 
CLU_3016 3118602190192 12907 
CLU_3016 3118602190214 12367 
CLU_3016 3118602190680 12650 
CLU_3016 3118602190753 10321 
CLU_3016 3118602190141 12982 
CLU_3016 3118602220245 9753 
CLU_3016 3118602190788 6794 
CLU_3016 CLU_2943 5650 
CLU_3016 CLU_2961 3474 
CLU_3016 CLU_2970 2667 
CLU_3016 CLU_2971 2962 
CLU_3016 CLU_3051 8442 
CLU_3016 CLU_3055 6369 
CLU_3016 CLU_3060 6012 
CLU_3016 CLU_3084 10696 
CLU_3016 CLU_3086 11466 
CLU_3016 CLU_3087 11809 
CLU_3016 CLU_3098 10939 
CLU_3016 CLU_3108 5676 
CLU_3016 CLU_3121 9963 
CLU_3016 CLU_3128 12536 
CLU_3016 CLU_3141 13191 
CLU_3016 CLU_3143 12049 
CLU_3016 CLU_3160 12218 
CLU_3016 CLU_3166 10846 
CLU_3016 CLU_3176 11212 
CLU_3016 CLU_3200 9145 
CLU_3016 CLU_3214 7899 
CLU_3016 CLU_7923 3786 
CLU_3017 3118602190990 9378 
CLU_3017 3118602191229 9419 
CLU_3017 3118602190591 8576 
CLU_3017 3118602190567 6773 
CLU_3017 3118602190532 5958 
CLU_3017 3118602190494 5987 
CLU_3017 3118602190869 5823 
CLU_3017 3118602190605 5302 
CLU_3017 3118602190109 6238 
CLU_3017 3118607116306 3810 
CLU_3017 3118602190931 3985 
CLU_3017 3118602190923 2257 
CLU_3017 3118602190893 2029 
CLU_3017 3118602190486 3041 
CLU_3017 3118602190915 1324 
CLU_3017 3118602190222 2627 
CLU_3017 3118604696077 9259 
CLU_3017 3118602191024 10650 
CLU_3017 3118602190478 11115 
CLU_3017 3118602190389 11250 
CLU_3017 3118607110316 10155 
CLU_3017 3118602220261 9816 
CLU_3017 3118602190397 10414 
CLU_3017 3118602190176 8093 
CLU_3017 3118602191059 9858 
CLU_3017 3118602191040 11568 
CLU_3017 3118602190451 12917 
CLU_3017 3118602190206 12988 
CLU_3017 3118602190966 13350 
CLU_3017 3118602190400 12150 
CLU_3017 3118602190877 12988 
CLU_3017 3118602190826 10914 
CLU_3017 3118602190729 11529 
CLU_3017 3118602190656 11529 
CLU_3017 3118602190834 11611 
CLU_3017 3118602190710 10402 
CLU_3017 3118602190796 10984 
CLU_3017 3118602190648 11485 
CLU_3017 3118602190818 10244 
CLU_3017 3118602190885 6058 
CLU_3017 3118607053355 12502 
CLU_3017 3118602190192 15484 
CLU_3017 3118602190214 14950 
CLU_3017 3118602190680 15224 
CLU_3017 3118602190753 12799 
CLU_3017 3118602190141 15520 
CLU_3017 3118602220245 12332 
CLU_3017 3118602190788 9378 
CLU_3017 CLU_2943 8197 
CLU_3017 CLU_2961 6005 
CLU_3017 CLU_2970 5066 
CLU_3017 CLU_2971 5226 
CLU_3017 CLU_3051 10650 
CLU_3017 CLU_3055 8420 
CLU_3017 CLU_3060 7938 
CLU_3017 CLU_3084 12484 
CLU_3017 CLU_3086 11360 
CLU_3017 CLU_3087 11536 
CLU_3017 CLU_3098 10491 
CLU_3017 CLU_3108 4992 
CLU_3017 CLU_3121 12531 
CLU_3017 CLU_3128 15089 
CLU_3017 CLU_3141 15774 
CLU_3017 CLU_3143 14631 
CLU_3017 CLU_3160 14795 
CLU_3017 CLU_3166 13382 
CLU_3017 CLU_3176 13777 
CLU_3017 CLU_3200 11730 
CLU_3017 CLU_3214 10450 
CLU_3017 CLU_7923 4801 
CLU_3018 3118602190990 7740 
CLU_3018 3118602191229 7763 
CLU_3018 3118602190591 6915 
CLU_3018 3118602190567 5102 
CLU_3018 3118602190532 4303 
CLU_3018 3118602190494 4413 
CLU_3018 3118602190869 4177 
CLU_3018 3118602190605 3756 
CLU_3018 3118602190109 4736 
CLU_3018 3118607116306 2383 
CLU_3018 3118602190931 2478 
CLU_3018 3118602190923 636 
CLU_3018 3118602190893 1763 
CLU_3018 3118602190486 1387 
CLU_3018 3118602190915 1251 
CLU_3018 3118602190222 1529 
CLU_3018 3118604696077 7980 
CLU_3018 3118602191024 9381 
CLU_3018 3118602190478 9874 
CLU_3018 3118602190389 10072 
CLU_3018 3118607110316 9217 
CLU_3018 3118602220261 8483 
CLU_3018 3118602190397 9283 
CLU_3018 3118602190176 6803 
CLU_3018 3118602191059 8469 
CLU_3018 3118602191040 10158 
CLU_3018 3118602190451 11830 
CLU_3018 3118602190206 11953 
CLU_3018 3118602190966 12472 
CLU_3018 3118602190400 11084 
CLU_3018 3118602190877 11953 
CLU_3018 3118602190826 10974 
CLU_3018 3118602190729 12069 
CLU_3018 3118602190656 12069 
CLU_3018 3118602190834 12083 
CLU_3018 3118602190710 11094 
CLU_3018 3118602190796 11622 
CLU_3018 3118602190648 12102 
CLU_3018 3118602190818 10303 
CLU_3018 3118602190885 5375 
CLU_3018 3118607053355 11651 
CLU_3018 3118602190192 13823 
CLU_3018 3118602190214 13300 
CLU_3018 3118602190680 13615 
CLU_3018 3118602190753 11305 
CLU_3018 3118602190141 13961 
CLU_3018 3118602220245 10711 
CLU_3018 3118602190788 7740 
CLU_3018 CLU_2943 6526 
CLU_3018 CLU_2961 4334 
CLU_3018 CLU_2970 3405 
CLU_3018 CLU_2971 3598 
CLU_3018 CLU_3051 9381 
CLU_3018 CLU_3055 7261 
CLU_3018 CLU_3060 6866 
CLU_3018 CLU_3084 11527 
CLU_3018 CLU_3086 11653 
CLU_3018 CLU_3087 11936 
CLU_3018 CLU_3098 10995 
CLU_3018 CLU_3108 5572 
CLU_3018 CLU_3121 10865 
CLU_3018 CLU_3128 13419 
CLU_3018 CLU_3141 14140 
CLU_3018 CLU_3143 13000 
CLU_3018 CLU_3160 13180 
CLU_3018 CLU_3166 11826 
CLU_3018 CLU_3176 12182 
CLU_3018 CLU_3200 10089 
CLU_3018 CLU_3214 8780 
CLU_3018 CLU_7923 4273 
CLU_3019 3118602190990 4652 
CLU_3019 3118602191229 5169 
CLU_3019 3118602190591 5367 
CLU_3019 3118602190567 6599 
CLU_3019 3118602190532 7237 
CLU_3019 3118602190494 8265 
CLU_3019 3118602190869 5802 
CLU_3019 3118602190605 5426 
CLU_3019 3118602190109 4449 
CLU_3019 3118607116306 9001 
CLU_3019 3118602190931 8690 
CLU_3019 3118602190923 8711 
CLU_3019 3118602190893 10484 
CLU_3019 3118602190486 7755 
CLU_3019 3118602190915 10139 
CLU_3019 3118602190222 9618 
CLU_3019 3118604696077 918 
CLU_3019 3118602191024 487 
CLU_3019 3118602190478 992 
CLU_3019 3118602190389 1373 
CLU_3019 3118607110316 2523 
CLU_3019 3118602220261 707 
CLU_3019 3118602190397 1158 
CLU_3019 3118602190176 2093 
CLU_3019 3118602191059 1187 
CLU_3019 3118602191040 1989 
CLU_3019 3118602190451 3287 
CLU_3019 3118602190206 3606 
CLU_3019 3118602190966 4781 
CLU_3019 3118602190400 2730 
CLU_3019 3118602190877 3606 
CLU_3019 3118602190826 8943 
CLU_3019 3118602190729 12083 
CLU_3019 3118602190656 12083 
CLU_3019 3118602190834 11744 
CLU_3019 3118602190710 12194 
CLU_3019 3118602190796 12277 
CLU_3019 3118602190648 12498 
CLU_3019 3118602190818 8582 
CLU_3019 3118602190885 4986 
CLU_3019 3118607053355 4304 
CLU_3019 3118602190192 8632 
CLU_3019 3118602190214 7788 
CLU_3019 3118602190680 7049 
CLU_3019 3118602190753 3653 
CLU_3019 3118602190141 6588 
CLU_3019 3118602220245 5194 
CLU_3019 3118602190788 4652 
CLU_3019 CLU_2943 5913 
CLU_3019 CLU_2961 6397 
CLU_3019 CLU_2970 7324 
CLU_3019 CLU_2971 7756 
CLU_3019 CLU_3051 487 
CLU_3019 CLU_3055 1871 
CLU_3019 CLU_3060 2528 
CLU_3019 CLU_3084 3640 
CLU_3019 CLU_3086 10546 
CLU_3019 CLU_3087 11275 
CLU_3019 CLU_3098 11195 
CLU_3019 CLU_3108 9141 
CLU_3019 CLU_3121 6860 
CLU_3019 CLU_3128 9020 
CLU_3019 CLU_3141 8009 
CLU_3019 CLU_3143 7020 
CLU_3019 CLU_3160 6815 
CLU_3019 CLU_3166 4788 
CLU_3019 CLU_3176 5670 
CLU_3019 CLU_3200 5388 
CLU_3019 CLU_3214 6267 
CLU_3019 CLU_7923 6109 
CLU_3020 3118602190990 4806 
CLU_3020 3118602191229 5317 
CLU_3020 3118602190591 5401 
CLU_3020 3118602190567 6425 
CLU_3020 3118602190532 6990 
CLU_3020 3118602190494 8024 
CLU_3020 3118602190869 5492 
CLU_3020 3118602190605 5004 
CLU_3020 3118602190109 4065 
CLU_3020 3118607116306 8601 
CLU_3020 3118602190931 8300 
CLU_3020 3118602190923 8203 
CLU_3020 3118602190893 9979 
CLU_3020 3118602190486 7262 
CLU_3020 3118602190915 9604 
CLU_3020 3118602190222 9149 
CLU_3020 3118604696077 611 
CLU_3020 3118602191024 1144 
CLU_3020 3118602190478 1549 
CLU_3020 3118602190389 1729 
CLU_3020 3118607110316 2153 
CLU_3020 3118602220261 1000 
CLU_3020 3118602190397 1105 
CLU_3020 3118602190176 1614 
CLU_3020 3118602191059 1513 
CLU_3020 3118602191040 2667 
CLU_3020 3118602190451 3595 
CLU_3020 3118602190206 3838 
CLU_3020 3118602190966 4843 
CLU_3020 3118602190400 2936 
CLU_3020 3118602190877 3838 
CLU_3020 3118602190826 8400 
CLU_3020 3118602190729 11482 
CLU_3020 3118602190656 11482 
CLU_3020 3118602190834 11155 
CLU_3020 3118602190710 11551 
CLU_3020 3118602190796 11651 
CLU_3020 3118602190648 11885 
CLU_3020 3118602190818 8011 
CLU_3020 3118602190885 4289 
CLU_3020 3118607053355 4260 
CLU_3020 3118602190192 9196 
CLU_3020 3118602190214 8363 
CLU_3020 3118602190680 7690 
CLU_3020 3118602190753 4323 
CLU_3020 3118602190141 7272 
CLU_3020 3118602220245 5699 
CLU_3020 3118602190788 4806 
CLU_3020 CLU_2943 5897 
CLU_3020 CLU_2961 6136 
CLU_3020 CLU_2970 6996 
CLU_3020 CLU_2971 7450 
CLU_3020 CLU_3051 1144 
CLU_3020 CLU_3055 1194 
CLU_3020 CLU_3060 1832 
CLU_3020 CLU_3084 3714 
CLU_3020 CLU_3086 9979 
CLU_3020 CLU_3087 10695 
CLU_3020 CLU_3098 10575 
CLU_3020 CLU_3108 8440 
CLU_3020 CLU_3121 7278 
CLU_3020 CLU_3128 9530 
CLU_3020 CLU_3141 8632 
CLU_3020 CLU_3143 7619 
CLU_3020 CLU_3160 7439 
CLU_3020 CLU_3166 5430 
CLU_3020 CLU_3176 6286 
CLU_3020 CLU_3200 5812 
CLU_3020 CLU_3214 6500 
CLU_3020 CLU_7923 5426 
CLU_3021 3118602190990 5192 
CLU_3021 3118602191229 5696 
CLU_3021 3118602190591 5719 
CLU_3021 3118602190567 6603 
CLU_3021 3118602190532 7109 
CLU_3021 3118602190494 8142 
CLU_3021 3118602190869 5572 
CLU_3021 3118602190605 4988 
CLU_3021 3118602190109 4099 
CLU_3021 3118607116306 8583 
CLU_3021 3118602190931 8292 
CLU_3021 3118602190923 8080 
CLU_3021 3118602190893 9853 
CLU_3021 3118602190486 7158 
CLU_3021 3118602190915 9445 
CLU_3021 3118602190222 9062 
CLU_3021 3118604696077 983 
CLU_3021 3118602191024 1567 
CLU_3021 3118602190478 1878 
CLU_3021 3118602190389 1907 
CLU_3021 3118607110316 1765 
CLU_3021 3118602220261 1506 
CLU_3021 3118602190397 1091 
CLU_3021 3118602190176 1647 
CLU_3021 3118602191059 2007 
CLU_3021 3118602191040 3169 
CLU_3021 3118602190451 3651 
CLU_3021 3118602190206 3830 
CLU_3021 3118602190966 4692 
CLU_3021 3118602190400 2934 
CLU_3021 3118602190877 3830 
CLU_3021 3118602190826 7892 
CLU_3021 3118602190729 10963 
CLU_3021 3118602190656 10963 
CLU_3021 3118602190834 10638 
CLU_3021 3118602190710 11034 
CLU_3021 3118602190796 11132 
CLU_3021 3118602190648 11366 
CLU_3021 3118602190818 7497 
CLU_3021 3118602190885 3881 
CLU_3021 3118607053355 4042 
CLU_3021 3118602190192 9713 
CLU_3021 3118602190214 8881 
CLU_3021 3118602190680 8206 
CLU_3021 3118602190753 4830 
CLU_3021 3118602190141 7770 
CLU_3021 3118602220245 6208 
CLU_3021 3118602190788 5192 
CLU_3021 CLU_2943 6182 
CLU_3021 CLU_2961 6250 
CLU_3021 CLU_2970 7049 
CLU_3021 CLU_2971 7519 
CLU_3021 CLU_3051 1567 
CLU_3021 CLU_3055 932 
CLU_3021 CLU_3060 1461 
CLU_3021 CLU_3084 3591 
CLU_3021 CLU_3086 9466 
CLU_3021 CLU_3087 10179 
CLU_3021 CLU_3098 10056 
CLU_3021 CLU_3108 8002 
CLU_3021 CLU_3121 7762 
CLU_3021 CLU_3128 10037 
CLU_3021 CLU_3141 9151 
CLU_3021 CLU_3143 8138 
CLU_3021 CLU_3160 7957 
CLU_3021 CLU_3166 5946 
CLU_3021 CLU_3176 6805 
CLU_3021 CLU_3200 6300 
CLU_3021 CLU_3214 6913 
CLU_3021 CLU_7923 5062 
CLU_3022 3118602190990 4138 
CLU_3022 3118602191229 4629 
CLU_3022 3118602190591 4591 
CLU_3022 3118602190567 5453 
CLU_3022 3118602190532 5986 
CLU_3022 3118602190494 7020 
CLU_3022 3118602190869 4476 
CLU_3022 3118602190605 3991 
CLU_3022 3118602190109 3046 
CLU_3022 3118607116306 7586 
CLU_3022 3118602190931 7283 
CLU_3022 3118602190923 7235 
CLU_3022 3118602190893 9009 
CLU_3022 3118602190486 6283 
CLU_3022 3118602190915 8658 
CLU_3022 3118602190222 8158 
CLU_3022 3118604696077 568 
CLU_3022 3118602191024 1967 
CLU_3022 3118602190478 2463 
CLU_3022 3118602190389 2731 
CLU_3022 3118607110316 2900 
CLU_3022 3118602220261 1195 
CLU_3022 3118602190397 2111 
CLU_3022 3118602190176 614 
CLU_3022 3118602191059 1469 
CLU_3022 3118602191040 3087 
CLU_3022 3118602190451 4614 
CLU_3022 3118602190206 4857 
CLU_3022 3118602190966 5821 
CLU_3022 3118602190400 3955 
CLU_3022 3118602190877 4857 
CLU_3022 3118602190826 8691 
CLU_3022 3118602190729 11606 
CLU_3022 3118602190656 11606 
CLU_3022 3118602190834 11315 
CLU_3022 3118602190710 11541 
CLU_3022 3118602190796 11699 
CLU_3022 3118602190648 11972 
CLU_3022 3118602190818 8240 
CLU_3022 3118602190885 3807 
CLU_3022 3118607053355 5193 
CLU_3022 3118602190192 9117 
CLU_3022 3118602190214 8318 
CLU_3022 3118602190680 7838 
CLU_3022 3118602190753 4636 
CLU_3022 3118602190141 7600 
CLU_3022 3118602220245 5543 
CLU_3022 3118602190788 4138 
CLU_3022 CLU_2943 5035 
CLU_3022 CLU_2961 5130 
CLU_3022 CLU_2970 5977 
CLU_3022 CLU_2971 6433 
CLU_3022 CLU_3051 1967 
CLU_3022 CLU_3055 834 
CLU_3022 CLU_3060 1470 
CLU_3022 CLU_3084 4703 
CLU_3022 CLU_3086 10203 
CLU_3022 CLU_3087 10883 
CLU_3022 CLU_3098 10647 
CLU_3022 CLU_3108 7982 
CLU_3022 CLU_3121 6932 
CLU_3022 CLU_3128 9328 
CLU_3022 CLU_3141 8714 
CLU_3022 CLU_3143 7641 
CLU_3022 CLU_3160 7536 
CLU_3022 CLU_3166 5614 
CLU_3022 CLU_3176 6375 
CLU_3022 CLU_3200 5503 
CLU_3022 CLU_3214 5893 
CLU_3022 CLU_7923 4806 
CLU_3023 3118602190990 4219 
CLU_3023 3118602191229 4727 
CLU_3023 3118602190591 4792 
CLU_3023 3118602190567 5830 
CLU_3023 3118602190532 6416 
CLU_3023 3118602190494 7449 
CLU_3023 3118602190869 4942 
CLU_3023 3118602190605 4519 
CLU_3023 3118602190109 3552 
CLU_3023 3118607116306 8103 
CLU_3023 3118602190931 7796 
CLU_3023 3118602190923 7792 
CLU_3023 3118602190893 9566 
CLU_3023 3118602190486 6837 
CLU_3023 3118602190915 9222 
CLU_3023 3118602190222 8703 
CLU_3023 3118604696077 0 
CLU_3023 3118602191024 1402 
CLU_3023 3118602190478 1907 
CLU_3023 3118602190389 2218 
CLU_3023 3118607110316 2728 
CLU_3023 3118602220261 698 
CLU_3023 3118602190397 1703 
CLU_3023 3118602190176 1176 
CLU_3023 3118602191059 1104 
CLU_3023 3118602191040 2584 
CLU_3023 3118602190451 4123 
CLU_3023 3118602190206 4396 
CLU_3023 3118602190966 5445 
CLU_3023 3118602190400 3499 
CLU_3023 3118602190877 4396 
CLU_3023 3118602190826 8823 
CLU_3023 3118602190729 11830 
CLU_3023 3118602190656 11830 
CLU_3023 3118602190834 11521 
CLU_3023 3118602190710 11831 
CLU_3023 3118602190796 11962 
CLU_3023 3118602190648 12215 
CLU_3023 3118602190818 8405 
CLU_3023 3118602190885 4275 
CLU_3023 3118607053355 4871 
CLU_3023 3118602190192 8845 
CLU_3023 3118602190214 8027 
CLU_3023 3118602190680 7458 
CLU_3023 3118602190753 4180 
CLU_3023 3118602190141 7148 
CLU_3023 3118602220245 5301 
CLU_3023 3118602190788 4219 
CLU_3023 CLU_2943 5285 
CLU_3023 CLU_2961 5567 
CLU_3023 CLU_2970 6456 
CLU_3023 CLU_2971 6900 
CLU_3023 CLU_3051 1402 
CLU_3023 CLU_3055 1166 
CLU_3023 CLU_3060 1852 
CLU_3023 CLU_3084 4312 
CLU_3023 CLU_3086 10374 
CLU_3023 CLU_3087 11074 
CLU_3023 CLU_3098 10897 
CLU_3023 CLU_3108 8454 
CLU_3023 CLU_3121 6802 
CLU_3023 CLU_3128 9120 
CLU_3023 CLU_3141 8365 
CLU_3023 CLU_3143 7317 
CLU_3023 CLU_3160 7177 
CLU_3023 CLU_3166 5212 
CLU_3023 CLU_3176 6017 
CLU_3023 CLU_3200 5347 
CLU_3023 CLU_3214 5932 
CLU_3023 CLU_7923 5324 
CLU_3024 3118602190990 4169 
CLU_3024 3118602191229 4646 
CLU_3024 3118602190591 4545 
CLU_3024 3118602190567 5281 
CLU_3024 3118602190532 5775 
CLU_3024 3118602190494 6808 
CLU_3024 3118602190869 4241 
CLU_3024 3118602190605 3705 
CLU_3024 3118602190109 2782 
CLU_3024 3118607116306 7304 
CLU_3024 3118602190931 7005 
CLU_3024 3118602190923 6917 
CLU_3024 3118602190893 8692 
CLU_3024 3118602190486 5969 
CLU_3024 3118602190915 8333 
CLU_3024 3118602190222 7851 
CLU_3024 3118604696077 904 
CLU_3024 3118602191024 2297 
CLU_3024 3118602190478 2785 
CLU_3024 3118602190389 3028 
CLU_3024 3118607110316 3008 
CLU_3024 3118602220261 1524 
CLU_3024 3118602190397 2358 
CLU_3024 3118602190176 318 
CLU_3024 3118602191059 1760 
CLU_3024 3118602191040 3410 
CLU_3024 3118602190451 4891 
CLU_3024 3118602190206 5115 
CLU_3024 3118602190966 6026 
CLU_3024 3118602190400 4213 
CLU_3024 3118602190877 5115 
CLU_3024 3118602190826 8587 
CLU_3024 3118602190729 11445 
CLU_3024 3118602190656 11445 
CLU_3024 3118602190834 11165 
CLU_3024 3118602190710 11342 
CLU_3024 3118602190796 11516 
CLU_3024 3118602190648 11799 
CLU_3024 3118602190818 8117 
CLU_3024 3118602190885 3517 
CLU_3024 3118607053355 5369 
CLU_3024 3118602190192 9327 
CLU_3024 3118602190214 8538 
CLU_3024 3118602190680 8103 
CLU_3024 3118602190753 4938 
CLU_3024 3118602190141 7898 
CLU_3024 3118602220245 5744 
CLU_3024 3118602190788 4169 
CLU_3024 CLU_2943 4953 
CLU_3024 CLU_2961 4916 
CLU_3024 CLU_2970 5727 
CLU_3024 CLU_2971 6192 
CLU_3024 CLU_3051 2297 
CLU_3024 CLU_3055 737 
CLU_3024 CLU_3060 1270 
CLU_3024 CLU_3084 4921 
CLU_3024 CLU_3086 10074 
CLU_3024 CLU_3087 10742 
CLU_3024 CLU_3098 10473 
CLU_3024 CLU_3108 7685 
CLU_3024 CLU_3121 7070 
CLU_3024 CLU_3128 9504 
CLU_3024 CLU_3141 8963 
CLU_3024 CLU_3143 7879 
CLU_3024 CLU_3160 7790 
CLU_3024 CLU_3166 5891 
CLU_3024 CLU_3176 6632 
CLU_3024 CLU_3200 5660 
CLU_3024 CLU_3214 5939 
CLU_3024 CLU_7923 4487 
CLU_3025 3118602190990 3271 
CLU_3025 3118602191229 3775 
CLU_3025 3118602190591 3835 
CLU_3025 3118602190567 4967 
CLU_3025 3118602190532 5614 
CLU_3025 3118602190494 6639 
CLU_3025 3118602190869 4215 
CLU_3025 3118602190605 3962 
CLU_3025 3118602190109 2955 
CLU_3025 3118607116306 7473 
CLU_3025 3118602190931 7154 
CLU_3025 3118602190923 7343 
CLU_3025 3118602190893 9098 
CLU_3025 3118602190486 6369 
CLU_3025 3118602190915 8817 
CLU_3025 3118602190222 8178 
CLU_3025 3118604696077 959 
CLU_3025 3118602191024 2031 
CLU_3025 3118602190478 2572 
CLU_3025 3118602190389 3005 
CLU_3025 3118607110316 3681 
CLU_3025 3118602220261 986 
CLU_3025 3118602190397 2627 
CLU_3025 3118602190176 1138 
CLU_3025 3118602191059 872 
CLU_3025 3118602191040 2585 
CLU_3025 3118602190451 4918 
CLU_3025 3118602190206 5235 
CLU_3025 3118602190966 6360 
CLU_3025 3118602190400 4353 
CLU_3025 3118602190877 5235 
CLU_3025 3118602190826 9622 
CLU_3025 3118602190729 12533 
CLU_3025 3118602190656 12533 
CLU_3025 3118602190834 12245 
CLU_3025 3118602190710 12446 
CLU_3025 3118602190796 12615 
CLU_3025 3118602190648 12894 
CLU_3025 3118602190818 9173 
CLU_3025 3118602190885 4576 
CLU_3025 3118607053355 5813 
CLU_3025 3118602190192 8221 
CLU_3025 3118602190214 7434 
CLU_3025 3118602190680 7033 
CLU_3025 3118602190753 3972 
CLU_3025 3118602190141 6900 
CLU_3025 3118602220245 4638 
CLU_3025 3118602190788 3271 
CLU_3025 CLU_2943 4340 
CLU_3025 CLU_2961 4781 
CLU_3025 CLU_2970 5741 
CLU_3025 CLU_2971 6157 
CLU_3025 CLU_3051 2031 
CLU_3025 CLU_3055 1765 
CLU_3025 CLU_3060 2370 
CLU_3025 CLU_3084 5221 
CLU_3025 CLU_3086 11135 
CLU_3025 CLU_3087 11815 
CLU_3025 CLU_3098 11568 
CLU_3025 CLU_3108 8718 
CLU_3025 CLU_3121 5999 
CLU_3025 CLU_3128 8406 
CLU_3025 CLU_3141 7875 
CLU_3025 CLU_3143 6782 
CLU_3025 CLU_3160 6709 
CLU_3025 CLU_3166 4848 
CLU_3025 CLU_3176 5553 
CLU_3025 CLU_3200 4573 
CLU_3025 CLU_3214 5003 
CLU_3025 CLU_7923 5461 
CLU_3026 3118602190990 2874 
CLU_3026 3118602191229 3377 
CLU_3026 3118602190591 3449 
CLU_3026 3118602190567 4653 
CLU_3026 3118602190532 5335 
CLU_3026 3118602190494 6352 
CLU_3026 3118602190869 3989 
CLU_3026 3118602190605 3832 
CLU_3026 3118602190109 2822 
CLU_3026 3118607116306 7282 
CLU_3026 3118602190931 6958 
CLU_3026 3118602190923 7241 
CLU_3026 3118602190893 8981 
CLU_3026 3118602190486 6263 
CLU_3026 3118602190915 8730 
CLU_3026 3118602190222 8036 
CLU_3026 3118604696077 1354 
CLU_3026 3118602191024 2324 
CLU_3026 3118602190478 2862 
CLU_3026 3118602190389 3329 
CLU_3026 3118607110316 4079 
CLU_3026 3118602220261 1278 
CLU_3026 3118602190397 3002 
CLU_3026 3118602190176 1384 
CLU_3026 3118602191059 1007 
CLU_3026 3118602191040 2632 
CLU_3026 3118602190451 5233 
CLU_3026 3118602190206 5567 
CLU_3026 3118602190966 6724 
CLU_3026 3118602190400 4694 
CLU_3026 3118602190877 5567 
CLU_3026 3118602190826 9989 
CLU_3026 3118602190729 12868 
CLU_3026 3118602190656 12868 
CLU_3026 3118602190834 12587 
CLU_3026 3118602190710 12753 
CLU_3026 3118602190796 12935 
CLU_3026 3118602190648 13221 
CLU_3026 3118602190818 9530 
CLU_3026 3118602190885 4802 
CLU_3026 3118607053355 6193 
CLU_3026 3118602190192 7937 
CLU_3026 3118602190214 7164 
CLU_3026 3118602190680 6835 
CLU_3026 3118602190753 3895 
CLU_3026 3118602190141 6778 
CLU_3026 3118602220245 4351 
CLU_3026 3118602190788 2874 
CLU_3026 CLU_2943 3966 
CLU_3026 CLU_2961 4515 
CLU_3026 CLU_2970 5512 
CLU_3026 CLU_2971 5910 
CLU_3026 CLU_3051 2324 
CLU_3026 CLU_3055 2121 
CLU_3026 CLU_3060 2693 
CLU_3026 CLU_3084 5583 
CLU_3026 CLU_3086 11490 
CLU_3026 CLU_3087 12162 
CLU_3026 CLU_3098 11894 
CLU_3026 CLU_3108 8908 
CLU_3026 CLU_3121 5648 
CLU_3026 CLU_3128 8086 
CLU_3026 CLU_3141 7647 
CLU_3026 CLU_3143 6540 
CLU_3026 CLU_3160 6494 
CLU_3026 CLU_3166 4691 
CLU_3026 CLU_3176 5347 
CLU_3026 CLU_3200 4238 
CLU_3026 CLU_3214 4609 
CLU_3026 CLU_7923 5619 
CLU_3027 3118602190990 3387 
CLU_3027 3118602191229 3903 
CLU_3027 3118602190591 4201 
CLU_3027 3118602190567 5678 
CLU_3027 3118602190532 6421 
CLU_3027 3118602190494 7421 
CLU_3027 3118602190869 5136 
CLU_3027 3118602190605 5006 
CLU_3027 3118602190109 3996 
CLU_3027 3118607116306 8444 
CLU_3027 3118602190931 8118 
CLU_3027 3118602190923 8413 
CLU_3027 3118602190893 10155 
CLU_3027 3118602190486 7435 
CLU_3027 3118602190915 9898 
CLU_3027 3118602190222 9210 
CLU_3027 3118604696077 1387 
CLU_3027 3118602191024 1484 
CLU_3027 3118602190478 1961 
CLU_3027 3118602190389 2520 
CLU_3027 3118607110316 3837 
CLU_3027 3118602220261 754 
CLU_3027 3118602190397 2497 
CLU_3027 3118602190176 2184 
CLU_3027 3118602191059 294 
CLU_3027 3118602191040 1473 
CLU_3027 3118602190451 4333 
CLU_3027 3118602190206 4723 
CLU_3027 3118602190966 6016 
CLU_3027 3118602190400 3904 
CLU_3027 3118602190877 4723 
CLU_3027 3118602190826 10153 
CLU_3027 3118602190729 13204 
CLU_3027 3118602190656 13204 
CLU_3027 3118602190834 12887 
CLU_3027 3118602190710 13219 
CLU_3027 3118602190796 13346 
CLU_3027 3118602190648 13595 
CLU_3027 3118602190818 9755 
CLU_3027 3118602190885 5567 
CLU_3027 3118607053355 5602 
CLU_3027 3118602190192 7466 
CLU_3027 3118602190214 6644 
CLU_3027 3118602190680 6084 
CLU_3027 3118602190753 2890 
CLU_3027 3118602190141 5845 
CLU_3027 3118602220245 3947 
CLU_3027 3118602190788 3387 
CLU_3027 CLU_2943 4794 
CLU_3027 CLU_2961 5623 
CLU_3027 CLU_2970 6651 
CLU_3027 CLU_2971 7033 
CLU_3027 CLU_3051 1484 
CLU_3027 CLU_3055 2532 
CLU_3027 CLU_3060 3209 
CLU_3027 CLU_3084 4884 
CLU_3027 CLU_3086 11724 
CLU_3027 CLU_3087 12434 
CLU_3027 CLU_3098 12278 
CLU_3027 CLU_3108 9738 
CLU_3027 CLU_3121 5542 
CLU_3027 CLU_3128 7777 
CLU_3027 CLU_3141 6980 
CLU_3027 CLU_3143 5929 
CLU_3027 CLU_3160 5794 
CLU_3027 CLU_3166 3851 
CLU_3027 CLU_3176 4633 
CLU_3027 CLU_3200 4072 
CLU_3027 CLU_3214 4946 
CLU_3027 CLU_7923 6524 
CLU_3028 3118602190990 3018 
CLU_3028 3118602191229 3535 
CLU_3028 3118602190591 3813 
CLU_3028 3118602190567 5292 
CLU_3028 3118602190532 6044 
CLU_3028 3118602190494 7040 
CLU_3028 3118602190869 4783 
CLU_3028 3118602190605 4701 
CLU_3028 3118602190109 3693 
CLU_3028 3118607116306 8100 
CLU_3028 3118602190931 7772 
CLU_3028 3118602190923 8117 
CLU_3028 3118602190893 9849 
CLU_3028 3118602190486 7138 
CLU_3028 3118602190915 9610 
CLU_3028 3118602190222 8891 
CLU_3028 3118604696077 1501 
CLU_3028 3118602191024 1852 
CLU_3028 3118602190478 2344 
CLU_3028 3118602190389 2893 
CLU_3028 3118607110316 4097 
CLU_3028 3118602220261 990 
CLU_3028 3118602190397 2808 
CLU_3028 3118602190176 2086 
CLU_3028 3118602191059 470 
CLU_3028 3118602191040 1758 
CLU_3028 3118602190451 4721 
CLU_3028 3118602190206 5106 
CLU_3028 3118602190966 6383 
CLU_3028 3118602190400 4279 
CLU_3028 3118602190877 5106 
CLU_3028 3118602190826 10323 
CLU_3028 3118602190729 13324 
CLU_3028 3118602190656 13324 
CLU_3028 3118602190834 13018 
CLU_3028 3118602190710 13295 
CLU_3028 3118602190796 13441 
CLU_3028 3118602190648 13703 
CLU_3028 3118602190818 9906 
CLU_3028 3118602190885 5517 
CLU_3028 3118607053355 5948 
CLU_3028 3118602190192 7365 
CLU_3028 3118602190214 6559 
CLU_3028 3118602190680 6094 
CLU_3028 3118602190753 3029 
CLU_3028 3118602190141 5946 
CLU_3028 3118602220245 3806 
CLU_3028 3118602190788 3018 
CLU_3028 CLU_2943 4403 
CLU_3028 CLU_2961 5253 
CLU_3028 CLU_2970 6293 
CLU_3028 CLU_2971 6667 
CLU_3028 CLU_3051 1852 
CLU_3028 CLU_3055 2578 
CLU_3028 CLU_3060 3233 
CLU_3028 CLU_3084 5248 
CLU_3028 CLU_3086 11875 
CLU_3028 CLU_3087 12574 
CLU_3028 CLU_3098 12381 
CLU_3028 CLU_3108 9668 
CLU_3028 CLU_3121 5316 
CLU_3028 CLU_3128 7620 
CLU_3028 CLU_3141 6954 
CLU_3028 CLU_3143 5877 
CLU_3028 CLU_3160 5780 
CLU_3028 CLU_3166 3897 
CLU_3028 CLU_3176 4621 
CLU_3028 CLU_3200 3854 
CLU_3028 CLU_3214 4613 
CLU_3028 CLU_7923 6415 
CLU_3029 3118602190990 4368 
CLU_3029 3118602191229 4875 
CLU_3029 3118602190591 5243 
CLU_3029 3118602190567 6762 
CLU_3029 3118602190532 7501 
CLU_3029 3118602190494 8504 
CLU_3029 3118602190869 6190 
CLU_3029 3118602190605 5991 
CLU_3029 3118602190109 4984 
CLU_3029 3118607116306 9482 
CLU_3029 3118602190931 9159 
CLU_3029 3118602190923 9368 
CLU_3029 3118602190893 11126 
CLU_3029 3118602190486 8396 
CLU_3029 3118602190915 10835 
CLU_3029 3118602190222 10207 
CLU_3029 3118604696077 1775 
CLU_3029 3118602191024 817 
CLU_3029 3118602190478 1066 
CLU_3029 3118602190389 1666 
CLU_3029 3118607110316 3440 
CLU_3029 3118602220261 1142 
CLU_3029 3118602190397 1989 
CLU_3029 3118602190176 2880 
CLU_3029 3118602191059 1194 
CLU_3029 3118602191040 914 
CLU_3029 3118602190451 3325 
CLU_3029 3118602190206 3748 
CLU_3029 3118602190966 5122 
CLU_3029 3118602190400 2990 
CLU_3029 3118602190877 3748 
CLU_3029 3118602190826 9936 
CLU_3029 3118602190729 13121 
CLU_3029 3118602190656 13121 
CLU_3029 3118602190834 12772 
CLU_3029 3118602190710 13260 
CLU_3029 3118602190796 13332 
CLU_3029 3118602190648 13544 
CLU_3029 3118602190818 9600 
CLU_3029 3118602190885 6018 
CLU_3029 3118607053355 4807 
CLU_3029 3118602190192 7662 
CLU_3029 3118602190214 6807 
CLU_3029 3118602190680 5995 
CLU_3029 3118602190753 2580 
CLU_3029 3118602190141 5507 
CLU_3029 3118602220245 4331 
CLU_3029 3118602190788 4368 
CLU_3029 CLU_2943 5851 
CLU_3029 CLU_2961 6697 
CLU_3029 CLU_2970 7711 
CLU_3029 CLU_2971 8102 
CLU_3029 CLU_3051 817 
CLU_3029 CLU_3055 2886 
CLU_3029 CLU_3060 3563 
CLU_3029 CLU_3084 4018 
CLU_3029 CLU_3086 11557 
CLU_3029 CLU_3087 12295 
CLU_3029 CLU_3098 12247 
CLU_3029 CLU_3108 10188 
CLU_3029 CLU_3121 6106 
CLU_3029 CLU_3128 8120 
CLU_3029 CLU_3141 6972 
CLU_3029 CLU_3143 6013 
CLU_3029 CLU_3160 5779 
CLU_3029 CLU_3166 3739 
CLU_3029 CLU_3176 4648 
CLU_3029 CLU_3200 4648 
CLU_3029 CLU_3214 5810 
CLU_3029 CLU_7923 7096 
CLU_3030 3118602190990 4175 
CLU_3030 3118602191229 4690 
CLU_3030 3118602190591 4991 
CLU_3030 3118602190567 6418 
CLU_3030 3118602190532 7130 
CLU_3030 3118602190494 8141 
CLU_3030 3118602190869 5785 
CLU_3030 3118602190605 5551 
CLU_3030 3118602190109 4546 
CLU_3030 3118607116306 9061 
CLU_3030 3118602190931 8741 
CLU_3030 3118602190923 8917 
CLU_3030 3118602190893 10678 
CLU_3030 3118602190486 7947 
CLU_3030 3118602190915 10380 
CLU_3030 3118602190222 9767 
CLU_3030 3118604696077 1320 
CLU_3030 3118602191024 718 
CLU_3030 3118602190478 1169 
CLU_3030 3118602190389 1737 
CLU_3030 3118607110316 3252 
CLU_3030 3118602220261 677 
CLU_3030 3118602190397 1834 
CLU_3030 3118602190176 2415 
CLU_3030 3118602191059 807 
CLU_3030 3118602191040 1287 
CLU_3030 3118602190451 3543 
CLU_3030 3118602190206 3931 
CLU_3030 3118602190966 5235 
CLU_3030 3118602190400 3116 
CLU_3030 3118602190877 3931 
CLU_3030 3118602190826 9696 
CLU_3030 3118602190729 12835 
CLU_3030 3118602190656 12835 
CLU_3030 3118602190834 12497 
CLU_3030 3118602190710 12934 
CLU_3030 3118602190796 13023 
CLU_3030 3118602190648 13248 
CLU_3030 3118602190818 9336 
CLU_3030 3118602190885 5582 
CLU_3030 3118607053355 4847 
CLU_3030 3118602190192 7879 
CLU_3030 3118602190214 7034 
CLU_3030 3118602190680 6306 
CLU_3030 3118602190753 2933 
CLU_3030 3118602190141 5888 
CLU_3030 3118602220245 4460 
CLU_3030 3118602190788 4175 
CLU_3030 CLU_2943 5578 
CLU_3030 CLU_2961 6315 
CLU_3030 CLU_2970 7310 
CLU_3030 CLU_2971 7711 
CLU_3030 CLU_3051 718 
CLU_3030 CLU_3055 2452 
CLU_3030 CLU_3060 3135 
CLU_3030 CLU_3084 4107 
CLU_3030 CLU_3086 11300 
CLU_3030 CLU_3087 12029 
CLU_3030 CLU_3098 11943 
CLU_3030 CLU_3108 9758 
CLU_3030 CLU_3121 6163 
CLU_3030 CLU_3128 8280 
CLU_3030 CLU_3141 7259 
CLU_3030 CLU_3143 6266 
CLU_3030 CLU_3160 6065 
CLU_3030 CLU_3166 4045 
CLU_3030 CLU_3176 4919 
CLU_3030 CLU_3200 4694 
CLU_3030 CLU_3214 5704 
CLU_3030 CLU_7923 6645 
CLU_3031 3118602190990 4582 
CLU_3031 3118602191229 5093 
CLU_3031 3118602190591 5426 
CLU_3031 3118602190567 6881 
CLU_3031 3118602190532 7595 
CLU_3031 3118602190494 8607 
CLU_3031 3118602190869 6248 
CLU_3031 3118602190605 5995 
CLU_3031 3118602190109 4994 
CLU_3031 3118607116306 9518 
CLU_3031 3118602190931 9199 
CLU_3031 3118602190923 9348 
CLU_3031 3118602190893 11113 
CLU_3031 3118602190486 8380 
CLU_3031 3118602190915 10803 
CLU_3031 3118602190222 10210 
CLU_3031 3118604696077 1648 
CLU_3031 3118602191024 523 
CLU_3031 3118602190478 789 
CLU_3031 3118602190389 1387 
CLU_3031 3118607110316 3143 
CLU_3031 3118602220261 1089 
CLU_3031 3118602190397 1691 
CLU_3031 3118602190176 2795 
CLU_3031 3118602191059 1272 
CLU_3031 3118602191040 1191 
CLU_3031 3118602190451 3113 
CLU_3031 3118602190206 3518 
CLU_3031 3118602190966 4865 
CLU_3031 3118602190400 2734 
CLU_3031 3118602190877 3518 
CLU_3031 3118602190826 9644 
CLU_3031 3118602190729 12838 
CLU_3031 3118602190656 12838 
CLU_3031 3118602190834 12487 
CLU_3031 3118602190710 12991 
CLU_3031 3118602190796 13057 
CLU_3031 3118602190648 13265 
CLU_3031 3118602190818 9312 
CLU_3031 3118602190885 5834 
CLU_3031 3118607053355 4528 
CLU_3031 3118602190192 7960 
CLU_3031 3118602190214 7104 
CLU_3031 3118602190680 6276 
CLU_3031 3118602190753 2851 
CLU_3031 3118602190141 5757 
CLU_3031 3118602220245 4631 
CLU_3031 3118602190788 4582 
CLU_3031 CLU_2943 6022 
CLU_3031 CLU_2961 6780 
CLU_3031 CLU_2970 7772 
CLU_3031 CLU_2971 8176 
CLU_3031 CLU_3051 523 
CLU_3031 CLU_3055 2709 
CLU_3031 CLU_3060 3375 
CLU_3031 CLU_3084 3751 
CLU_3031 CLU_3086 11267 
CLU_3031 CLU_3087 12008 
CLU_3031 CLU_3098 11970 
CLU_3031 CLU_3108 9994 
CLU_3031 CLU_3121 6399 
CLU_3031 CLU_3128 8421 
CLU_3031 CLU_3141 7259 
CLU_3031 CLU_3143 6308 
CLU_3031 CLU_3160 6067 
CLU_3031 CLU_3166 4024 
CLU_3031 CLU_3176 4940 
CLU_3031 CLU_3200 4938 
CLU_3031 CLU_3214 6061 
CLU_3031 CLU_7923 6939 
CLU_3032 3118602190990 5344 
CLU_3032 3118602191229 5858 
CLU_3032 3118602190591 6155 
CLU_3032 3118602190567 7515 
CLU_3032 3118602190532 8186 
CLU_3032 3118602190494 9208 
CLU_3032 3118602190869 6776 
CLU_3032 3118602190605 6418 
CLU_3032 3118602190109 5439 
CLU_3032 3118607116306 9990 
CLU_3032 3118602190931 9679 
CLU_3032 3118602190923 9697 
CLU_3032 3118602190893 11472 
CLU_3032 3118602190486 8744 
CLU_3032 3118602190915 11119 
CLU_3032 3118602190222 10610 
CLU_3032 3118604696077 1907 
CLU_3032 3118602191024 541 
CLU_3032 3118602190478 0 
CLU_3032 3118602190389 600 
CLU_3032 3118607110316 2551 
CLU_3032 3118602220261 1590 
CLU_3032 3118602190397 1141 
CLU_3032 3118602190176 3077 
CLU_3032 3118602191059 1937 
CLU_3032 3118602191040 1824 
CLU_3032 3118602190451 2386 
CLU_3032 3118602190206 2762 
CLU_3032 3118602190966 4079 
CLU_3032 3118602190400 1952 
CLU_3032 3118602190877 2762 
CLU_3032 3118602190826 9061 
CLU_3032 3118602190729 12316 
CLU_3032 3118602190656 12316 
CLU_3032 3118602190834 11948 
CLU_3032 3118602190710 12543 
CLU_3032 3118602190796 12575 
CLU_3032 3118602190648 12760 
CLU_3032 3118602190818 8765 
CLU_3032 3118602190885 5757 
CLU_3032 3118607053355 3741 
CLU_3032 3118602190192 8625 
CLU_3032 3118602190214 7762 
CLU_3032 3118602190680 6836 
CLU_3032 3118602190753 3400 
CLU_3032 3118602190141 6189 
CLU_3032 3118602220245 5373 
CLU_3032 3118602190788 5344 
CLU_3032 CLU_2943 6734 
CLU_3032 CLU_2961 7353 
CLU_3032 CLU_2970 8300 
CLU_3032 CLU_2971 8725 
CLU_3032 CLU_3051 541 
CLU_3032 CLU_3055 2734 
CLU_3032 CLU_3060 3334 
CLU_3032 CLU_3084 2962 
CLU_3032 CLU_3086 10704 
CLU_3032 CLU_3087 11457 
CLU_3032 CLU_3098 11482 
CLU_3032 CLU_3108 9853 
CLU_3032 CLU_3121 7169 
CLU_3032 CLU_3128 9133 
CLU_3032 CLU_3141 7845 
CLU_3032 CLU_3143 6942 
CLU_3032 CLU_3160 6662 
CLU_3032 CLU_3166 4616 
CLU_3032 CLU_3176 5564 
CLU_3032 CLU_3200 5714 
CLU_3032 CLU_3214 6848 
CLU_3032 CLU_7923 6938 
CLU_3033 3118602190990 5766 
CLU_3033 3118602191229 6271 
CLU_3033 3118602190591 6646 
CLU_3033 3118602190567 8119 
CLU_3033 3118602190532 8824 
CLU_3033 3118602190494 9838 
CLU_3033 3118602190869 7451 
CLU_3033 3118602190605 7136 
CLU_3033 3118602190109 6147 
CLU_3033 3118607116306 10693 
CLU_3033 3118602190931 10378 
CLU_3033 3118602190923 10436 
CLU_3033 3118602190893 12209 
CLU_3033 3118602190486 9479 
CLU_3033 3118602190915 11864 
CLU_3033 3118602190222 11338 
CLU_3033 3118604696077 2644 
CLU_3033 3118602191024 1245 
CLU_3033 3118602190478 752 
CLU_3033 3118602190389 880 
CLU_3033 3118607110316 3000 
CLU_3033 3118602220261 2250 
CLU_3033 3118602190397 1737 
CLU_3033 3118602190176 3818 
CLU_3033 3118602191059 2508 
CLU_3033 3118602191040 1827 
CLU_3033 3118602190451 1948 
CLU_3033 3118602190206 2400 
CLU_3033 3118602190966 3848 
CLU_3033 3118602190400 1757 
CLU_3033 3118602190877 2400 
CLU_3033 3118602190826 9429 
CLU_3033 3118602190729 12743 
CLU_3033 3118602190656 12743 
CLU_3033 3118602190834 12357 
CLU_3033 3118602190710 13040 
CLU_3033 3118602190796 13042 
CLU_3033 3118602190648 13204 
CLU_3033 3118602190818 9177 
CLU_3033 3118602190885 6475 
CLU_3033 3118607053355 3669 
CLU_3033 3118602190192 8469 
CLU_3033 3118602190214 7601 
CLU_3033 3118602190680 6545 
CLU_3033 3118602190753 3167 
CLU_3033 3118602190141 5769 
CLU_3033 3118602220245 5404 
CLU_3033 3118602190788 5766 
CLU_3033 CLU_2943 7250 
CLU_3033 CLU_2961 8002 
CLU_3033 CLU_2970 8977 
CLU_3033 CLU_2971 9390 
CLU_3033 CLU_3051 1245 
CLU_3033 CLU_3055 3482 
CLU_3033 CLU_3060 4070 
CLU_3033 CLU_3084 2807 
CLU_3033 CLU_3086 11089 
CLU_3033 CLU_3087 11855 
CLU_3033 CLU_3098 11945 
CLU_3033 CLU_3108 10540 
CLU_3033 CLU_3121 7268 
CLU_3033 CLU_3128 9064 
CLU_3033 CLU_3141 7580 
CLU_3033 CLU_3143 6751 
CLU_3033 CLU_3160 6419 
CLU_3033 CLU_3166 4399 
CLU_3033 CLU_3176 5374 
CLU_3033 CLU_3200 5848 
CLU_3033 CLU_3214 7163 
CLU_3033 CLU_7923 7671 
CLU_3034 3118602190990 5578 
CLU_3034 3118602191229 6082 
CLU_3034 3118602190591 6460 
CLU_3034 3118602190567 7945 
CLU_3034 3118602190532 8656 
CLU_3034 3118602190494 9669 
CLU_3034 3118602190869 7293 
CLU_3034 3118602190605 6994 
CLU_3034 3118602190109 6003 
CLU_3034 3118607116306 10544 
CLU_3034 3118602190931 10228 
CLU_3034 3118602190923 10308 
CLU_3034 3118602190893 12080 
CLU_3034 3118602190486 9348 
CLU_3034 3118602190915 11742 
CLU_3034 3118602190222 11201 
CLU_3034 3118604696077 2520 
CLU_3034 3118602191024 1119 
CLU_3034 3118602190478 671 
CLU_3034 3118602190389 931 
CLU_3034 3118607110316 3055 
CLU_3034 3118602220261 2096 
CLU_3034 3118602190397 1738 
CLU_3034 3118602190176 3697 
CLU_3034 3118602191059 2335 
CLU_3034 3118602191040 1650 
CLU_3034 3118602190451 2136 
CLU_3034 3118602190206 2586 
CLU_3034 3118602190966 4026 
CLU_3034 3118602190400 1924 
CLU_3034 3118602190877 2586 
CLU_3034 3118602190826 9515 
CLU_3034 3118602190729 12814 
CLU_3034 3118602190656 12814 
CLU_3034 3118602190834 12433 
CLU_3034 3118602190710 13091 
CLU_3034 3118602190796 13102 
CLU_3034 3118602190648 13271 
CLU_3034 3118602190818 9251 
CLU_3034 3118602190885 6426 
CLU_3034 3118607053355 3830 
CLU_3034 3118602190192 8329 
CLU_3034 3118602190214 7461 
CLU_3034 3118602190680 6430 
CLU_3034 3118602190753 3034 
CLU_3034 3118602190141 5686 
CLU_3034 3118602220245 5235 
CLU_3034 3118602190788 5578 
CLU_3034 CLU_2943 7066 
CLU_3034 CLU_2961 7837 
CLU_3034 CLU_2970 8818 
CLU_3034 CLU_2971 9228 
CLU_3034 CLU_3051 1119 
CLU_3034 CLU_3055 3401 
CLU_3034 CLU_3060 4005 
CLU_3034 CLU_3084 2976 
CLU_3034 CLU_3086 11171 
CLU_3034 CLU_3087 11935 
CLU_3034 CLU_3098 12006 
CLU_3034 CLU_3108 10512 
CLU_3034 CLU_3121 7093 
CLU_3034 CLU_3128 8910 
CLU_3034 CLU_3141 7460 
CLU_3034 CLU_3143 6616 
CLU_3034 CLU_3160 6294 
CLU_3034 CLU_3166 4265 
CLU_3034 CLU_3176 5237 
CLU_3034 CLU_3200 5669 
CLU_3034 CLU_3214 6974 
CLU_3034 CLU_7923 7609 
CLU_3035 3118602190990 5937 
CLU_3035 3118602191229 6450 
CLU_3035 3118602190591 6761 
CLU_3035 3118602190567 8124 
CLU_3035 3118602190532 8786 
CLU_3035 3118602190494 9811 
CLU_3035 3118602190869 7364 
CLU_3035 3118602190605 6974 
CLU_3035 3118602190109 6005 
CLU_3035 3118607116306 10557 
CLU_3035 3118602190931 10248 
CLU_3035 3118602190923 10216 
CLU_3035 3118602190893 11992 
CLU_3035 3118602190486 9271 
CLU_3035 3118602190915 11621 
CLU_3035 3118602190222 11149 
CLU_3035 3118604696077 2455 
CLU_3035 3118602191024 1146 
CLU_3035 3118602190478 611 
CLU_3035 3118602190389 373 
CLU_3035 3118607110316 2472 
CLU_3035 3118602220261 2195 
CLU_3035 3118602190397 1272 
CLU_3035 3118602190176 3604 
CLU_3035 3118602191059 2547 
CLU_3035 3118602191040 2215 
CLU_3035 3118602190451 1775 
CLU_3035 3118602190206 2162 
CLU_3035 3118602190966 3522 
CLU_3035 3118602190400 1391 
CLU_3035 3118602190877 2162 
CLU_3035 3118602190826 8900 
CLU_3035 3118602190729 12211 
CLU_3035 3118602190656 12211 
CLU_3035 3118602190834 11826 
CLU_3035 3118602190710 12512 
CLU_3035 3118602190796 12511 
CLU_3035 3118602190648 12673 
CLU_3035 3118602190818 8645 
CLU_3035 3118602190885 6059 
CLU_3035 3118607053355 3255 
CLU_3035 3118602190192 8946 
CLU_3035 3118602190214 8079 
CLU_3035 3118602190680 7055 
CLU_3035 3118602190753 3657 
CLU_3035 3118602190141 6298 
CLU_3035 3118602220245 5805 
CLU_3035 3118602190788 5937 
CLU_3035 CLU_2943 7344 
CLU_3035 CLU_2961 7951 
CLU_3035 CLU_2970 8886 
CLU_3035 CLU_2971 9316 
CLU_3035 CLU_3051 1146 
CLU_3035 CLU_3055 3154 
CLU_3035 CLU_3060 3699 
CLU_3035 CLU_3084 2430 
CLU_3035 CLU_3086 10559 
CLU_3035 CLU_3087 11325 
CLU_3035 CLU_3098 11414 
CLU_3035 CLU_3108 10085 
CLU_3035 CLU_3121 7641 
CLU_3035 CLU_3128 9511 
CLU_3035 CLU_3141 8086 
CLU_3035 CLU_3143 7237 
CLU_3035 CLU_3160 6919 
CLU_3035 CLU_3166 4888 
CLU_3035 CLU_3176 5858 
CLU_3035 CLU_3200 6201 
CLU_3035 CLU_3214 7412 
CLU_3035 CLU_7923 7280 
CLU_3036 3118602190990 6571 
CLU_3036 3118602191229 7086 
CLU_3036 3118602190591 7362 
CLU_3036 3118602190567 8641 
CLU_3036 3118602190532 9264 
CLU_3036 3118602190494 10295 
CLU_3036 3118602190869 7800 
CLU_3036 3118602190605 7332 
CLU_3036 3118602190109 6392 
CLU_3036 3118607116306 10930 
CLU_3036 3118602190931 10629 
CLU_3036 3118602190923 10490 
CLU_3036 3118602190893 12264 
CLU_3036 3118602190486 9562 
CLU_3036 3118602190915 11859 
CLU_3036 3118602190222 11460 
CLU_3036 3118604696077 2857 
CLU_3036 3118602191024 1713 
CLU_3036 3118602190478 1231 
CLU_3036 3118602190389 675 
CLU_3036 3118607110316 2122 
CLU_3036 3118602220261 2729 
CLU_3036 3118602190397 1325 
CLU_3036 3118602190176 3942 
CLU_3036 3118602191059 3136 
CLU_3036 3118602191040 2899 
CLU_3036 3118602190451 1267 
CLU_3036 3118602190206 1564 
CLU_3036 3118602190966 2849 
CLU_3036 3118602190400 720 
CLU_3036 3118602190877 1564 
CLU_3036 3118602190826 8379 
CLU_3036 3118602190729 11727 
CLU_3036 3118602190656 11727 
CLU_3036 3118602190834 11329 
CLU_3036 3118602190710 12092 
CLU_3036 3118602190796 12062 
CLU_3036 3118602190648 12203 
CLU_3036 3118602190818 8159 
CLU_3036 3118602190885 6037 
CLU_3036 3118607053355 2568 
CLU_3036 3118602190192 9598 
CLU_3036 3118602190214 8730 
CLU_3036 3118602190680 7663 
CLU_3036 3118602190753 4297 
CLU_3036 3118602190141 6843 
CLU_3036 3118602220245 6491 
CLU_3036 3118602190788 6571 
CLU_3036 CLU_2943 7929 
CLU_3036 CLU_2961 8419 
CLU_3036 CLU_2970 9312 
CLU_3036 CLU_2971 9758 
CLU_3036 CLU_3051 1713 
CLU_3036 CLU_3055 3346 
CLU_3036 CLU_3060 3800 
CLU_3036 CLU_3084 1745 
CLU_3036 CLU_3086 10046 
CLU_3036 CLU_3087 10820 
CLU_3036 CLU_3098 10964 
CLU_3036 CLU_3108 9949 
CLU_3036 CLU_3121 8329 
CLU_3036 CLU_3128 10183 
CLU_3036 CLU_3141 8702 
CLU_3036 CLU_3143 7881 
CLU_3036 CLU_3160 7546 
CLU_3036 CLU_3166 5528 
CLU_3036 CLU_3176 6504 
CLU_3036 CLU_3200 6888 
CLU_3036 CLU_3214 8077 
CLU_3036 CLU_7923 7296 
CLU_3037 3118602190990 5907 
CLU_3037 3118602191229 6423 
CLU_3037 3118602190591 6688 
CLU_3037 3118602190567 7972 
CLU_3037 3118602190532 8606 
CLU_3037 3118602190494 9635 
CLU_3037 3118602190869 7156 
CLU_3037 3118602190605 6723 
CLU_3037 3118602190109 5768 
CLU_3037 3118607116306 10315 
CLU_3037 3118602190931 10011 
CLU_3037 3118602190923 9930 
CLU_3037 3118602190893 11706 
CLU_3037 3118602190486 8991 
CLU_3037 3118602190915 11322 
CLU_3037 3118602190222 10879 
CLU_3037 3118604696077 2218 
CLU_3037 3118602191024 1041 
CLU_3037 3118602190478 600 
CLU_3037 3118602190389 0 
CLU_3037 3118607110316 2125 
CLU_3037 3118602220261 2054 
CLU_3037 3118602190397 902 
CLU_3037 3118602190176 3338 
CLU_3037 3118602191059 2462 
CLU_3037 3118602191040 2393 
CLU_3037 3118602190451 1915 
CLU_3037 3118602190206 2239 
CLU_3037 3118602190966 3498 
CLU_3037 3118602190400 1386 
CLU_3037 3118602190877 2239 
CLU_3037 3118602190826 8589 
CLU_3037 3118602190729 11882 
CLU_3037 3118602190656 11882 
CLU_3037 3118602190834 11503 
CLU_3037 3118602190710 12164 
CLU_3037 3118602190796 12171 
CLU_3037 3118602190648 12339 
CLU_3037 3118602190818 8320 
CLU_3037 3118602190885 5695 
CLU_3037 3118607053355 3141 
CLU_3037 3118602190192 9176 
CLU_3037 3118602190214 8311 
CLU_3037 3118602190680 7333 
CLU_3037 3118602190753 3913 
CLU_3037 3118602190141 6616 
CLU_3037 3118602220245 5963 
CLU_3037 3118602190788 5907 
CLU_3037 CLU_2943 7254 
CLU_3037 CLU_2961 7764 
CLU_3037 CLU_2970 8673 
CLU_3037 CLU_2971 9113 
CLU_3037 CLU_3051 1041 
CLU_3037 CLU_3055 2829 
CLU_3037 CLU_3060 3352 
CLU_3037 CLU_3084 2372 
CLU_3037 CLU_3086 10243 
CLU_3037 CLU_3087 11005 
CLU_3037 CLU_3098 11075 
CLU_3037 CLU_3108 9713 
CLU_3037 CLU_3121 7767 
CLU_3037 CLU_3128 9708 
CLU_3037 CLU_3141 8355 
CLU_3037 CLU_3143 7480 
CLU_3037 CLU_3160 7180 
CLU_3037 CLU_3166 5140 
CLU_3037 CLU_3176 6100 
CLU_3037 CLU_3200 6313 
CLU_3037 CLU_3214 7435 
CLU_3037 CLU_7923 6922 
CLU_3038 3118602190990 6115 
CLU_3038 3118602191229 6632 
CLU_3038 3118602190591 6874 
CLU_3038 3118602190567 8109 
CLU_3038 3118602190532 8723 
CLU_3038 3118602190494 9754 
CLU_3038 3118602190869 7252 
CLU_3038 3118602190605 6782 
CLU_3038 3118602190109 5842 
CLU_3038 3118607116306 10380 
CLU_3038 3118602190931 10079 
CLU_3038 3118602190923 9949 
CLU_3038 3118602190893 11725 
CLU_3038 3118602190486 9019 
CLU_3038 3118602190915 11326 
CLU_3038 3118602190222 10914 
CLU_3038 3118604696077 2311 
CLU_3038 3118602191024 1248 
CLU_3038 3118602190478 856 
CLU_3038 3118602190389 269 
CLU_3038 3118607110316 1894 
CLU_3038 3118602220261 2220 
CLU_3038 3118602190397 811 
CLU_3038 3118602190176 3392 
CLU_3038 3118602191059 2655 
CLU_3038 3118602191040 2661 
CLU_3038 3118602190451 1817 
CLU_3038 3118602190206 2092 
CLU_3038 3118602190966 3286 
CLU_3038 3118602190400 1209 
CLU_3038 3118602190877 2092 
CLU_3038 3118602190826 8334 
CLU_3038 3118602190729 11637 
CLU_3038 3118602190656 11637 
CLU_3038 3118602190834 11254 
CLU_3038 3118602190710 11934 
CLU_3038 3118602190796 11933 
CLU_3038 3118602190648 12097 
CLU_3038 3118602190818 8072 
CLU_3038 3118602190885 5591 
CLU_3038 3118607053355 2895 
CLU_3038 3118602190192 9445 
CLU_3038 3118602190214 8580 
CLU_3038 3118602190680 7597 
CLU_3038 3118602190753 4179 
CLU_3038 3118602190141 6867 
CLU_3038 3118602220245 6227 
CLU_3038 3118602190788 6115 
CLU_3038 CLU_2943 7430 
CLU_3038 CLU_2961 7876 
CLU_3038 CLU_2970 8764 
CLU_3038 CLU_2971 9211 
CLU_3038 CLU_3051 1248 
CLU_3038 CLU_3055 2814 
CLU_3038 CLU_3060 3297 
CLU_3038 CLU_3084 2151 
CLU_3038 CLU_3086 9990 
CLU_3038 CLU_3087 10754 
CLU_3038 CLU_3098 10837 
CLU_3038 CLU_3108 9569 
CLU_3038 CLU_3121 8025 
CLU_3038 CLU_3128 9976 
CLU_3038 CLU_3141 8621 
CLU_3038 CLU_3143 7748 
CLU_3038 CLU_3160 7447 
CLU_3038 CLU_3166 5407 
CLU_3038 CLU_3176 6368 
CLU_3038 CLU_3200 6569 
CLU_3038 CLU_3214 7664 
CLU_3038 CLU_7923 6834 
CLU_3039 3118602190990 6948 
CLU_3039 3118602191229 7455 
CLU_3039 3118602190591 7483 
CLU_3039 3118602190567 8275 
CLU_3039 3118602190532 8709 
CLU_3039 3118602190494 9735 
CLU_3039 3118602190869 7136 
CLU_3039 3118602190605 6412 
CLU_3039 3118602190109 5627 
CLU_3039 3118607116306 9941 
CLU_3039 3118602190931 9673 
CLU_3039 3118602190923 9205 
CLU_3039 3118602190893 10947 
CLU_3039 3118602190486 8350 
CLU_3039 3118602190915 10456 
CLU_3039 3118602190222 10264 
CLU_3039 3118604696077 2728 
CLU_3039 3118602191024 2623 
CLU_3039 3118602190478 2551 
CLU_3039 3118602190389 2125 
CLU_3039 3118607110316 0 
CLU_3039 3118602220261 3109 
CLU_3039 3118602190397 1452 
CLU_3039 3118602190176 3295 
CLU_3039 3118602191059 3632 
CLU_3039 3118602191040 4320 
CLU_3039 3118602190451 2956 
CLU_3039 3118602190206 2899 
CLU_3039 3118602190966 3266 
CLU_3039 3118602190400 2185 
CLU_3039 3118602190877 2899 
CLU_3039 3118602190826 6515 
CLU_3039 3118602190729 9769 
CLU_3039 3118602190656 9769 
CLU_3039 3118602190834 9397 
CLU_3039 3118602190710 10040 
CLU_3039 3118602190796 10047 
CLU_3039 3118602190648 10220 
CLU_3039 3118602190818 6215 
CLU_3039 3118602190885 4193 
CLU_3039 3118607053355 2486 
CLU_3039 3118602190192 11102 
CLU_3039 3118602190214 10247 
CLU_3039 3118602190680 9381 
CLU_3039 3118602190753 5943 
CLU_3039 3118602190141 8728 
CLU_3039 3118602220245 7712 
CLU_3039 3118602190788 6948 
CLU_3039 CLU_2943 7935 
CLU_3039 CLU_2961 7853 
CLU_3039 CLU_2970 8554 
CLU_3039 CLU_2971 9045 
CLU_3039 CLU_3051 2623 
CLU_3039 CLU_3055 2370 
CLU_3039 CLU_3060 2444 
CLU_3039 CLU_3084 2328 
CLU_3039 CLU_3086 8153 
CLU_3039 CLU_3087 8906 
CLU_3039 CLU_3098 8951 
CLU_3039 CLU_3108 7899 
CLU_3039 CLU_3121 9377 
CLU_3039 CLU_3128 11532 
CLU_3039 CLU_3141 10382 
CLU_3039 CLU_3143 9449 
CLU_3039 CLU_3160 9194 
CLU_3039 CLU_3166 7147 
CLU_3039 CLU_3176 8078 
CLU_3039 CLU_3200 7906 
CLU_3039 CLU_3214 8653 
CLU_3039 CLU_7923 5489 
CLU_3040 3118602190990 6018 
CLU_3040 3118602191229 6491 
CLU_3040 3118602190591 6347 
CLU_3040 3118602190567 6827 
CLU_3040 3118602190532 7165 
CLU_3040 3118602190494 8174 
CLU_3040 3118602190869 5574 
CLU_3040 3118602190605 4767 
CLU_3040 3118602190109 4063 
CLU_3040 3118607116306 8248 
CLU_3040 3118602190931 7988 
CLU_3040 3118602190923 7483 
CLU_3040 3118602190893 9226 
CLU_3040 3118602190486 6631 
CLU_3040 3118602190915 8742 
CLU_3040 3118602190222 8543 
CLU_3040 3118604696077 2127 
CLU_3040 3118602191024 2917 
CLU_3040 3118602190478 3161 
CLU_3040 3118602190389 3038 
CLU_3040 3118607110316 1722 
CLU_3040 3118602220261 2780 
CLU_3040 3118602190397 2136 
CLU_3040 3118602190176 2033 
CLU_3040 3118602191059 3230 
CLU_3040 3118602191040 4529 
CLU_3040 3118602190451 4467 
CLU_3040 3118602190206 4510 
CLU_3040 3118602190966 4988 
CLU_3040 3118602190400 3690 
CLU_3040 3118602190877 4510 
CLU_3040 3118602190826 6757 
CLU_3040 3118602190729 9706 
CLU_3040 3118602190656 9706 
CLU_3040 3118602190834 9403 
CLU_3040 3118602190710 9713 
CLU_3040 3118602190796 9835 
CLU_3040 3118602190648 10088 
CLU_3040 3118602190818 6309 
CLU_3040 3118602190885 2668 
CLU_3040 3118607053355 4195 
CLU_3040 3118602190192 10972 
CLU_3040 3118602190214 10154 
CLU_3040 3118602190680 9542 
CLU_3040 3118602190753 6186 
CLU_3040 3118602190141 9133 
CLU_3040 3118602220245 7423 
CLU_3040 3118602190788 6018 
CLU_3040 CLU_2943 6707 
CLU_3040 CLU_2961 6318 
CLU_3040 CLU_2970 6933 
CLU_3040 CLU_2971 7434 
CLU_3040 CLU_3051 2917 
CLU_3040 CLU_3055 1116 
CLU_3040 CLU_3060 801 
CLU_3040 CLU_3084 4029 
CLU_3040 CLU_3086 8274 
CLU_3040 CLU_3087 8962 
CLU_3040 CLU_3098 8769 
CLU_3040 CLU_3108 6694 
CLU_3040 CLU_3121 8863 
CLU_3040 CLU_3128 11233 
CLU_3040 CLU_3141 10470 
CLU_3040 CLU_3143 9435 
CLU_3040 CLU_3160 9279 
CLU_3040 CLU_3166 7284 
CLU_3040 CLU_3176 8122 
CLU_3040 CLU_3200 7427 
CLU_3040 CLU_3214 7788 
CLU_3040 CLU_7923 3927 
CLU_3041 3118602190990 4911 
CLU_3041 3118602191229 5400 
CLU_3041 3118602190591 5336 
CLU_3041 3118602190567 6070 
CLU_3041 3118602190532 6533 
CLU_3041 3118602190494 7564 
CLU_3041 3118602190869 4978 
CLU_3041 3118602190605 4355 
CLU_3041 3118602190109 3488 
CLU_3041 3118607116306 7945 
CLU_3041 3118602190931 7657 
CLU_3041 3118602190923 7429 
CLU_3041 3118602190893 9203 
CLU_3041 3118602190486 6508 
CLU_3041 3118602190915 8797 
CLU_3041 3118602190222 8413 
CLU_3041 3118604696077 965 
CLU_3041 3118602191024 2052 
CLU_3041 3118602190478 2442 
CLU_3041 3118602190389 2538 
CLU_3041 3118607110316 2209 
CLU_3041 3118602220261 1650 
CLU_3041 3118602190397 1742 
CLU_3041 3118602190176 1086 
CLU_3041 3118602191059 2065 
CLU_3041 3118602191040 3494 
CLU_3041 3118602190451 4301 
CLU_3041 3118602190206 4475 
CLU_3041 3118602190966 5288 
CLU_3041 3118602190400 3581 
CLU_3041 3118602190877 4475 
CLU_3041 3118602190826 7931 
CLU_3041 3118602190729 10888 
CLU_3041 3118602190656 10888 
CLU_3041 3118602190834 10587 
CLU_3041 3118602190710 10870 
CLU_3041 3118602190796 11006 
CLU_3041 3118602190648 11266 
CLU_3041 3118602190818 7491 
CLU_3041 3118602190885 3393 
CLU_3041 3118607053355 4602 
CLU_3041 3118602190192 9798 
CLU_3041 3118602190214 8985 
CLU_3041 3118602190680 8421 
CLU_3041 3118602190753 5120 
CLU_3041 3118602190141 8085 
CLU_3041 3118602220245 6242 
CLU_3041 3118602190788 4911 
CLU_3041 CLU_2943 5754 
CLU_3041 CLU_2961 5674 
CLU_3041 CLU_2970 6438 
CLU_3041 CLU_2971 6915 
CLU_3041 CLU_3051 2052 
CLU_3041 CLU_3055 293 
CLU_3041 CLU_3060 934 
CLU_3041 CLU_3084 4205 
CLU_3041 CLU_3086 9458 
CLU_3041 CLU_3087 10147 
CLU_3041 CLU_3098 9945 
CLU_3041 CLU_3108 7558 
CLU_3041 CLU_3121 7684 
CLU_3041 CLU_3128 10049 
CLU_3041 CLU_3141 9330 
CLU_3041 CLU_3143 8280 
CLU_3041 CLU_3160 8142 
CLU_3041 CLU_3166 6172 
CLU_3041 CLU_3176 6982 
CLU_3041 CLU_3200 6244 
CLU_3041 CLU_3214 6669 
CLU_3041 CLU_7923 4518 
CLU_3042 3118602190990 4860 
CLU_3042 3118602191229 5299 
CLU_3042 3118602190591 5053 
CLU_3042 3118602190567 5409 
CLU_3042 3118602190532 5745 
CLU_3042 3118602190494 6759 
CLU_3042 3118602190869 4156 
CLU_3042 3118602190605 3393 
CLU_3042 3118602190109 2644 
CLU_3042 3118607116306 6938 
CLU_3042 3118602190931 6663 
CLU_3042 3118602190923 6331 
CLU_3042 3118602190893 8101 
CLU_3042 3118602190486 5427 
CLU_3042 3118602190915 7681 
CLU_3042 3118602190222 7339 
CLU_3042 3118604696077 1821 
CLU_3042 3118602191024 3123 
CLU_3042 3118602190478 3550 
CLU_3042 3118602190389 3665 
CLU_3042 3118607110316 3019 
CLU_3042 3118602220261 2495 
CLU_3042 3118602190397 2853 
CLU_3042 3118602190176 956 
CLU_3042 3118602191059 2766 
CLU_3042 3118602191040 4392 
CLU_3042 3118602190451 5402 
CLU_3042 3118602190206 5547 
CLU_3042 3118602190966 6244 
CLU_3042 3118602190400 4665 
CLU_3042 3118602190877 5547 
CLU_3042 3118602190826 7872 
CLU_3042 3118602190729 10598 
CLU_3042 3118602190656 10598 
CLU_3042 3118602190834 10340 
CLU_3042 3118602190710 10428 
CLU_3042 3118602190796 10629 
CLU_3042 3118602190648 10931 
CLU_3042 3118602190818 7363 
CLU_3042 3118602190885 2510 
CLU_3042 3118607053355 5499 
CLU_3042 3118602190192 10279 
CLU_3042 3118602190214 9502 
CLU_3042 3118602190680 9103 
CLU_3042 3118602190753 5941 
CLU_3042 3118602190141 8903 
CLU_3042 3118602220245 6692 
CLU_3042 3118602190788 4860 
CLU_3042 CLU_2943 5361 
CLU_3042 CLU_2961 4897 
CLU_3042 CLU_2970 5541 
CLU_3042 CLU_2971 6037 
CLU_3042 CLU_3051 3123 
CLU_3042 CLU_3055 836 
CLU_3042 CLU_3060 621 
CLU_3042 CLU_3084 5206 
CLU_3042 CLU_3086 9297 
CLU_3042 CLU_3087 9937 
CLU_3042 CLU_3098 9602 
CLU_3042 CLU_3108 6679 
CLU_3042 CLU_3121 7927 
CLU_3042 CLU_3128 10411 
CLU_3042 CLU_3141 9954 
CLU_3042 CLU_3143 8861 
CLU_3042 CLU_3160 8785 
CLU_3042 CLU_3166 6897 
CLU_3042 CLU_3176 7628 
CLU_3042 CLU_3200 6552 
CLU_3042 CLU_3214 6634 
CLU_3042 CLU_7923 3504 
CLU_3043 3118602190990 6970 
CLU_3043 3118602191229 7333 
CLU_3043 3118602190591 6874 
CLU_3043 3118602190567 6514 
CLU_3043 3118602190532 6483 
CLU_3043 3118602190494 7351 
CLU_3043 3118602190869 5007 
CLU_3043 3118602190605 3925 
CLU_3043 3118602190109 3797 
CLU_3043 3118607116306 6720 
CLU_3043 3118602190931 6536 
CLU_3043 3118602190923 5528 
CLU_3043 3118602190893 7138 
CLU_3043 3118602190486 4870 
CLU_3043 3118602190915 6550 
CLU_3043 3118602190222 6666 
CLU_3043 3118604696077 4275 
CLU_3043 3118602191024 5428 
CLU_3043 3118602190478 5757 
CLU_3043 3118602190389 5695 
CLU_3043 3118607110316 4193 
CLU_3043 3118602220261 4969 
CLU_3043 3118602190397 4795 
CLU_3043 3118602190176 3439 
CLU_3043 3118602191059 5274 
CLU_3043 3118602191040 6859 
CLU_3043 3118602190451 7096 
CLU_3043 3118602190206 7087 
CLU_3043 3118602190966 7309 
CLU_3043 3118602190400 6315 
CLU_3043 3118602190877 7087 
CLU_3043 3118602190826 6360 
CLU_3043 3118602190729 8577 
CLU_3043 3118602190656 8577 
CLU_3043 3118602190834 8394 
CLU_3043 3118602190710 8196 
CLU_3043 3118602190796 8479 
CLU_3043 3118602190648 8837 
CLU_3043 3118602190818 5746 
CLU_3043 3118602190885 0 
CLU_3043 3118607053355 6453 
CLU_3043 3118602190192 12711 
CLU_3043 3118602190214 11956 
CLU_3043 3118602190680 11609 
CLU_3043 3118602190753 8441 
CLU_3043 3118602190141 11407 
CLU_3043 3118602220245 9131 
CLU_3043 3118602190788 6970 
CLU_3043 CLU_2943 6993 
CLU_3043 CLU_2961 5763 
CLU_3043 CLU_2970 5940 
CLU_3043 CLU_2971 6450 
CLU_3043 CLU_3051 5428 
CLU_3043 CLU_3055 3131 
CLU_3043 CLU_3060 2459 
CLU_3043 CLU_3084 6500 
CLU_3043 CLU_3086 7526 
CLU_3043 CLU_3087 8061 
CLU_3043 CLU_3098 7523 
CLU_3043 CLU_3108 4179 
CLU_3043 CLU_3121 10217 
CLU_3043 CLU_3128 12768 
CLU_3043 CLU_3141 12446 
CLU_3043 CLU_3143 11342 
CLU_3043 CLU_3160 11285 
CLU_3043 CLU_3166 9408 
CLU_3043 CLU_3176 10130 
CLU_3043 CLU_3200 8911 
CLU_3043 CLU_3214 8685 
CLU_3043 CLU_7923 1297 
CLU_3044 3118602190990 3952 
CLU_3044 3118602191229 4469 
CLU_3044 3118602190591 4660 
CLU_3044 3118602190567 5929 
CLU_3044 3118602190532 6596 
CLU_3044 3118602190494 7618 
CLU_3044 3118602190869 5201 
CLU_3044 3118602190605 4910 
CLU_3044 3118602190109 3911 
CLU_3044 3118607116306 8448 
CLU_3044 3118602190931 8131 
CLU_3044 3118602190923 8258 
CLU_3044 3118602190893 10023 
CLU_3044 3118602190486 7290 
CLU_3044 3118602190915 9714 
CLU_3044 3118602190222 9123 
CLU_3044 3118604696077 698 
CLU_3044 3118602191024 1049 
CLU_3044 3118602190478 1590 
CLU_3044 3118602190389 2054 
CLU_3044 3118607110316 3109 
CLU_3044 3118602220261 0 
CLU_3044 3118602190397 1834 
CLU_3044 3118602190176 1738 
CLU_3044 3118602191059 522 
CLU_3044 3118602191040 1896 
CLU_3044 3118602190451 3955 
CLU_3044 3118602190206 4294 
CLU_3044 3118602190966 5488 
CLU_3044 3118602190400 3428 
CLU_3044 3118602190877 4294 
CLU_3044 3118602190826 9398 
CLU_3044 3118602190729 12459 
CLU_3044 3118602190656 12459 
CLU_3044 3118602190834 12139 
CLU_3044 3118602190710 12493 
CLU_3044 3118602190796 12610 
CLU_3044 3118602190648 12854 
CLU_3044 3118602190818 9003 
CLU_3044 3118602190885 4969 
CLU_3044 3118607053355 5006 
CLU_3044 3118602190192 8212 
CLU_3044 3118602190214 7385 
CLU_3044 3118602190680 6773 
CLU_3044 3118602190753 3482 
CLU_3044 3118602190141 6450 
CLU_3044 3118602220245 4701 
CLU_3044 3118602190788 3952 
CLU_3044 CLU_2943 5209 
CLU_3044 CLU_2961 5765 
CLU_3044 CLU_2970 6727 
CLU_3044 CLU_2971 7143 
CLU_3044 CLU_3051 1049 
CLU_3044 CLU_3055 1863 
CLU_3044 CLU_3060 2550 
CLU_3044 CLU_3084 4347 
CLU_3044 CLU_3086 10972 
CLU_3044 CLU_3087 11683 
CLU_3044 CLU_3098 11539 
CLU_3044 CLU_3108 9148 
CLU_3044 CLU_3121 6284 
CLU_3044 CLU_3128 8531 
CLU_3044 CLU_3141 7691 
CLU_3044 CLU_3143 6656 
CLU_3044 CLU_3160 6501 
CLU_3044 CLU_3166 4522 
CLU_3044 CLU_3176 5343 
CLU_3044 CLU_3200 4816 
CLU_3044 CLU_3214 5590 
CLU_3044 CLU_7923 5999 
CLU_3045 3118602190990 6556 
CLU_3045 3118602191229 7065 
CLU_3045 3118602190591 7405 
CLU_3045 3118602190567 8796 
CLU_3045 3118602190532 9462 
CLU_3045 3118602190494 10486 
CLU_3045 3118602190869 8038 
CLU_3045 3118602190605 7636 
CLU_3045 3118602190109 6672 
CLU_3045 3118607116306 11224 
CLU_3045 3118602190931 10916 
CLU_3045 3118602190923 10857 
CLU_3045 3118602190893 12633 
CLU_3045 3118602190486 9916 
CLU_3045 3118602190915 12249 
CLU_3045 3118602190222 11801 
CLU_3045 3118604696077 3120 
CLU_3045 3118602191024 1819 
CLU_3045 3118602190478 1280 
CLU_3045 3118602190389 926 
CLU_3045 3118607110316 2689 
CLU_3045 3118602220261 2869 
CLU_3045 3118602190397 1770 
CLU_3045 3118602190176 4257 
CLU_3045 3118602191059 3207 
CLU_3045 3118602191040 2655 
CLU_3045 3118602190451 1135 
CLU_3045 3118602190206 1570 
CLU_3045 3118602190966 3020 
CLU_3045 3118602190400 973 
CLU_3045 3118602190877 1570 
CLU_3045 3118602190826 8907 
CLU_3045 3118602190729 12269 
CLU_3045 3118602190656 12269 
CLU_3045 3118602190834 11866 
CLU_3045 3118602190710 12649 
CLU_3045 3118602190796 12613 
CLU_3045 3118602190648 12748 
CLU_3045 3118602190818 8700 
CLU_3045 3118602190885 6546 
CLU_3045 3118607053355 2891 
CLU_3045 3118602190192 9216 
CLU_3045 3118602190214 8348 
CLU_3045 3118602190680 7223 
CLU_3045 3118602190753 3913 
CLU_3045 3118602190141 6350 
CLU_3045 3118602220245 6222 
CLU_3045 3118602190788 6556 
CLU_3045 CLU_2943 7996 
CLU_3045 CLU_2961 8627 
CLU_3045 CLU_2970 9560 
CLU_3045 CLU_2971 9991 
CLU_3045 CLU_3051 1819 
CLU_3045 CLU_3055 3751 
CLU_3045 CLU_3060 4254 
CLU_3045 CLU_3084 2007 
CLU_3045 CLU_3086 10576 
CLU_3045 CLU_3087 11353 
CLU_3045 CLU_3098 11515 
CLU_3045 CLU_3108 10494 
CLU_3045 CLU_3121 8094 
CLU_3045 CLU_3128 9846 
CLU_3045 CLU_3141 8269 
CLU_3045 CLU_3143 7487 
CLU_3045 CLU_3160 7128 
CLU_3045 CLU_3166 5137 
CLU_3045 CLU_3176 6118 
CLU_3045 CLU_3200 6678 
CLU_3045 CLU_3214 7983 
CLU_3045 CLU_7923 7793 
CLU_3046 3118602190990 5784 
CLU_3046 3118602191229 6300 
CLU_3046 3118602190591 6449 
CLU_3046 3118602190567 7530 
CLU_3046 3118602190532 8093 
CLU_3046 3118602190494 9127 
CLU_3046 3118602190869 6587 
CLU_3046 3118602190605 6055 
CLU_3046 3118602190109 5141 
CLU_3046 3118607116306 9654 
CLU_3046 3118602190931 9358 
CLU_3046 3118602190923 9171 
CLU_3046 3118602190893 10945 
CLU_3046 3118602190486 8249 
CLU_3046 3118602190915 10534 
CLU_3046 3118602190222 10151 
CLU_3046 3118604696077 1703 
CLU_3046 3118602191024 1174 
CLU_3046 3118602190478 1141 
CLU_3046 3118602190389 902 
CLU_3046 3118607110316 1452 
CLU_3046 3118602220261 1834 
CLU_3046 3118602190397 0 
CLU_3046 3118602190176 2677 
CLU_3046 3118602191059 2339 
CLU_3046 3118602191040 2868 
CLU_3046 3118602190451 2560 
CLU_3046 3118602190206 2758 
CLU_3046 3118602190966 3742 
CLU_3046 3118602190400 1856 
CLU_3046 3118602190877 2758 
CLU_3046 3118602190826 7962 
CLU_3046 3118602190729 11189 
CLU_3046 3118602190656 11189 
CLU_3046 3118602190834 10827 
CLU_3046 3118602190710 11402 
CLU_3046 3118602190796 11438 
CLU_3046 3118602190648 11628 
CLU_3046 3118602190818 7647 
CLU_3046 3118602190885 4795 
CLU_3046 3118607053355 3191 
CLU_3046 3118602190192 9651 
CLU_3046 3118602190214 8796 
CLU_3046 3118602190680 7938 
CLU_3046 3118602190753 4500 
CLU_3046 3118602190141 7327 
CLU_3046 3118602220245 6287 
CLU_3046 3118602190788 5784 
CLU_3046 CLU_2943 6966 
CLU_3046 CLU_2961 7239 
CLU_3046 CLU_2970 8083 
CLU_3046 CLU_2971 8543 
CLU_3046 CLU_3051 1174 
CLU_3046 CLU_3055 2022 
CLU_3046 CLU_3060 2485 
CLU_3046 CLU_3084 2610 
CLU_3046 CLU_3086 9594 
CLU_3046 CLU_3087 10341 
CLU_3046 CLU_3098 10346 
CLU_3046 CLU_3108 8814 
CLU_3046 CLU_3121 7996 
CLU_3046 CLU_3128 10097 
CLU_3046 CLU_3141 8934 
CLU_3046 CLU_3143 7997 
CLU_3046 CLU_3160 7745 
CLU_3046 CLU_3166 5698 
CLU_3046 CLU_3176 6626 
CLU_3046 CLU_3200 6525 
CLU_3046 CLU_3214 7421 
CLU_3046 CLU_7923 6029 
CLU_3047 3118602190990 3758 
CLU_3047 3118602191229 4252 
CLU_3047 3118602190591 4241 
CLU_3047 3118602190567 5194 
CLU_3047 3118602190532 5770 
CLU_3047 3118602190494 6803 
CLU_3047 3118602190869 4297 
CLU_3047 3118602190605 3901 
CLU_3047 3118602190109 2922 
CLU_3047 3118607116306 7474 
CLU_3047 3118602190931 7164 
CLU_3047 3118602190923 7214 
CLU_3047 3118602190893 8983 
CLU_3047 3118602190486 6250 
CLU_3047 3118602190915 8661 
CLU_3047 3118602190222 8101 
CLU_3047 3118604696077 647 
CLU_3047 3118602191024 1992 
CLU_3047 3118602190478 2518 
CLU_3047 3118602190389 2860 
CLU_3047 3118607110316 3242 
CLU_3047 3118602220261 1063 
CLU_3047 3118602190397 2336 
CLU_3047 3118602190176 696 
CLU_3047 3118602191059 1208 
CLU_3047 3118602191040 2897 
CLU_3047 3118602190451 4769 
CLU_3047 3118602190206 5043 
CLU_3047 3118602190966 6074 
CLU_3047 3118602190400 4145 
CLU_3047 3118602190877 5043 
CLU_3047 3118602190826 9079 
CLU_3047 3118602190729 11983 
CLU_3047 3118602190656 11983 
CLU_3047 3118602190834 11695 
CLU_3047 3118602190710 11902 
CLU_3047 3118602190796 12068 
CLU_3047 3118602190648 12345 
CLU_3047 3118602190818 8625 
CLU_3047 3118602190885 4087 
CLU_3047 3118607053355 5478 
CLU_3047 3118602190192 8760 
CLU_3047 3118602190214 7968 
CLU_3047 3118602190680 7528 
CLU_3047 3118602190753 4386 
CLU_3047 3118602190141 7339 
CLU_3047 3118602220245 5180 
CLU_3047 3118602190788 3758 
CLU_3047 CLU_2943 4704 
CLU_3047 CLU_2961 4920 
CLU_3047 CLU_2970 5813 
CLU_3047 CLU_2971 6254 
CLU_3047 CLU_3051 1992 
CLU_3047 CLU_3055 1216 
CLU_3047 CLU_3060 1825 
CLU_3047 CLU_3084 4946 
CLU_3047 CLU_3086 10587 
CLU_3047 CLU_3087 11265 
CLU_3047 CLU_3098 11019 
CLU_3047 CLU_3108 8249 
CLU_3047 CLU_3121 6547 
CLU_3047 CLU_3128 8955 
CLU_3047 CLU_3141 8388 
CLU_3047 CLU_3143 7304 
CLU_3047 CLU_3160 7215 
CLU_3047 CLU_3166 5320 
CLU_3047 CLU_3176 6056 
CLU_3047 CLU_3200 5123 
CLU_3047 CLU_3214 5509 
CLU_3047 CLU_7923 5029 
CLU_3048 3118602190990 6691 
CLU_3048 3118602191229 7124 
CLU_3048 3118602190591 6835 
CLU_3048 3118602190567 6936 
CLU_3048 3118602190532 7106 
CLU_3048 3118602190494 8064 
CLU_3048 3118602190869 5531 
CLU_3048 3118602190605 4563 
CLU_3048 3118602190109 4097 
CLU_3048 3118607116306 7792 
CLU_3048 3118602190931 7567 
CLU_3048 3118602190923 6797 
CLU_3048 3118602190893 8480 
CLU_3048 3118602190486 6035 
CLU_3048 3118602190915 7933 
CLU_3048 3118602190222 7909 
CLU_3048 3118604696077 3235 
CLU_3048 3118602191024 4173 
CLU_3048 3118602190478 4430 
CLU_3048 3118602190389 4292 
CLU_3048 3118607110316 2683 
CLU_3048 3118602220261 3924 
CLU_3048 3118602190397 3391 
CLU_3048 3118602190176 2751 
CLU_3048 3118602191059 4323 
CLU_3048 3118602191040 5744 
CLU_3048 3118602190451 5599 
CLU_3048 3118602190206 5579 
CLU_3048 3118602190966 5822 
CLU_3048 3118602190400 4818 
CLU_3048 3118602190877 5579 
CLU_3048 3118602190826 6065 
CLU_3048 3118602190729 8771 
CLU_3048 3118602190656 8771 
CLU_3048 3118602190834 8508 
CLU_3048 3118602190710 8649 
CLU_3048 3118602190796 8823 
CLU_3048 3118602190648 9113 
CLU_3048 3118602190818 5539 
CLU_3048 3118602190885 1510 
CLU_3048 3118607053355 4975 
CLU_3048 3118602190192 12012 
CLU_3048 3118602190214 11215 
CLU_3048 3118602190680 10693 
CLU_3048 3118602190753 7386 
CLU_3048 3118602190141 10346 
CLU_3048 3118602220245 8434 
CLU_3048 3118602190788 6691 
CLU_3048 CLU_2943 7092 
CLU_3048 CLU_2961 6302 
CLU_3048 CLU_2970 6721 
CLU_3048 CLU_2971 7235 
CLU_3048 CLU_3051 4173 
CLU_3048 CLU_3055 2084 
CLU_3048 CLU_3060 1428 
CLU_3048 CLU_3084 4991 
CLU_3048 CLU_3086 7465 
CLU_3048 CLU_3087 8103 
CLU_3048 CLU_3098 7785 
CLU_3048 CLU_3108 5427 
CLU_3048 CLU_3121 9742 
CLU_3048 CLU_3128 12197 
CLU_3048 CLU_3141 11594 
CLU_3048 CLU_3143 10531 
CLU_3048 CLU_3160 10409 
CLU_3048 CLU_3166 8446 
CLU_3048 CLU_3176 9248 
CLU_3048 CLU_3200 8348 
CLU_3048 CLU_3214 8463 
CLU_3048 CLU_7923 2807 
CLU_3049 3118602190990 6254 
CLU_3049 3118602191229 6722 
CLU_3049 3118602190591 6553 
CLU_3049 3118602190567 6963 
CLU_3049 3118602190532 7267 
CLU_3049 3118602190494 8268 
CLU_3049 3118602190869 5674 
CLU_3049 3118602190605 4828 
CLU_3049 3118602190109 4170 
CLU_3049 3118607116306 8264 
CLU_3049 3118602190931 8012 
CLU_3049 3118602190923 7441 
CLU_3049 3118602190893 9171 
CLU_3049 3118602190486 6610 
CLU_3049 3118602190915 8670 
CLU_3049 3118602190222 8516 
CLU_3049 3118604696077 2411 
CLU_3049 3118602191024 3192 
CLU_3049 3118602190478 3420 
CLU_3049 3118602190389 3270 
CLU_3049 3118607110316 1792 
CLU_3049 3118602220261 3066 
CLU_3049 3118602190397 2369 
CLU_3049 3118602190176 2256 
CLU_3049 3118602191059 3515 
CLU_3049 3118602191040 4813 
CLU_3049 3118602190451 4627 
CLU_3049 3118602190206 4642 
CLU_3049 3118602190966 5038 
CLU_3049 3118602190400 3847 
CLU_3049 3118602190877 4642 
CLU_3049 3118602190826 6498 
CLU_3049 3118602190729 9426 
CLU_3049 3118602190656 9426 
CLU_3049 3118602190834 9125 
CLU_3049 3118602190710 9426 
CLU_3049 3118602190796 9551 
CLU_3049 3118602190648 9806 
CLU_3049 3118602190818 6041 
CLU_3049 3118602190885 2474 
CLU_3049 3118607053355 4224 
CLU_3049 3118602190192 11255 
CLU_3049 3118602190214 10438 
CLU_3049 3118602190680 9829 
CLU_3049 3118602190753 6472 
CLU_3049 3118602190141 9416 
CLU_3049 3118602220245 7704 
CLU_3049 3118602190788 6254 
CLU_3049 CLU_2943 6895 
CLU_3049 CLU_2961 6426 
CLU_3049 CLU_2970 7001 
CLU_3049 CLU_2971 7507 
CLU_3049 CLU_3051 3192 
CLU_3049 CLU_3055 1370 
CLU_3049 CLU_3060 945 
CLU_3049 CLU_3084 4119 
CLU_3049 CLU_3086 8004 
CLU_3049 CLU_3087 8688 
CLU_3049 CLU_3098 8486 
CLU_3049 CLU_3108 6446 
CLU_3049 CLU_3121 9131 
CLU_3049 CLU_3128 11510 
CLU_3049 CLU_3141 10757 
CLU_3049 CLU_3143 9722 
CLU_3049 CLU_3160 9566 
CLU_3049 CLU_3166 7571 
CLU_3049 CLU_3176 8409 
CLU_3049 CLU_3200 7699 
CLU_3049 CLU_3214 8027 
CLU_3049 CLU_7923 3752 
CLU_3050 3118602190990 6690 
CLU_3050 3118602191229 7191 
CLU_3050 3118602190591 7176 
CLU_3050 3118602190567 7893 
CLU_3050 3118602190532 8303 
CLU_3050 3118602190494 9325 
CLU_3050 3118602190869 6723 
CLU_3050 3118602190605 5978 
CLU_3050 3118602190109 5211 
CLU_3050 3118607116306 9495 
CLU_3050 3118602190931 9229 
CLU_3050 3118602190923 8749 
CLU_3050 3118602190893 10490 
CLU_3050 3118602190486 7896 
CLU_3050 3118602190915 9999 
CLU_3050 3118602190222 9808 
CLU_3050 3118604696077 2488 
CLU_3050 3118602191024 2619 
CLU_3050 3118602190478 2640 
CLU_3050 3118602190389 2299 
CLU_3050 3118607110316 457 
CLU_3050 3118602220261 2950 
CLU_3050 3118602190397 1500 
CLU_3050 3118602190176 2929 
CLU_3050 3118602191059 3469 
CLU_3050 3118602191040 4333 
CLU_3050 3118602190451 3349 
CLU_3050 3118602190206 3324 
CLU_3050 3118602190966 3722 
CLU_3050 3118602190400 2570 
CLU_3050 3118602190877 3324 
CLU_3050 3118602190826 6512 
CLU_3050 3118602190729 9699 
CLU_3050 3118602190656 9699 
CLU_3050 3118602190834 9344 
CLU_3050 3118602190710 9902 
CLU_3050 3118602190796 9939 
CLU_3050 3118602190648 10133 
CLU_3050 3118602190818 6170 
CLU_3050 3118602190885 3762 
CLU_3050 3118607053355 2934 
CLU_3050 3118602190192 11065 
CLU_3050 3118602190214 10218 
CLU_3050 3118602190680 9417 
CLU_3050 3118602190753 5984 
CLU_3050 3118602190141 8827 
CLU_3050 3118602220245 7621 
CLU_3050 3118602190788 6690 
CLU_3050 CLU_2943 7606 
CLU_3050 CLU_2961 7448 
CLU_3050 CLU_2970 8128 
CLU_3050 CLU_2971 8622 
CLU_3050 CLU_3051 2619 
CLU_3050 CLU_3055 1982 
CLU_3050 CLU_3060 2001 
CLU_3050 CLU_3084 2781 
CLU_3050 CLU_3086 8127 
CLU_3050 CLU_3087 8865 
CLU_3050 CLU_3098 8847 
CLU_3050 CLU_3108 7543 
CLU_3050 CLU_3121 9234 
CLU_3050 CLU_3128 11451 
CLU_3050 CLU_3141 10401 
CLU_3050 CLU_3143 9438 
CLU_3050 CLU_3160 9209 
CLU_3050 CLU_3166 7167 
CLU_3050 CLU_3176 8078 
CLU_3050 CLU_3200 7767 
CLU_3050 CLU_3214 8418 
CLU_3050 CLU_7923 5055 
CLU_3051 3118602190990 4869 
CLU_3051 3118602191229 5385 
CLU_3051 3118602190591 5649 
CLU_3051 3118602190567 6978 
CLU_3051 3118602190532 7644 
CLU_3051 3118602190494 8667 
CLU_3051 3118602190869 6236 
CLU_3051 3118602190605 5892 
CLU_3051 3118602190109 4908 
CLU_3051 3118607116306 9458 
CLU_3051 3118602190931 9145 
CLU_3051 3118602190923 9192 
CLU_3051 3118602190893 10964 
CLU_3051 3118602190486 8234 
CLU_3051 3118602190915 10624 
CLU_3051 3118602190222 10092 
CLU_3051 3118604696077 1402 
CLU_3051 3118602191024 0 
CLU_3051 3118602190478 541 
CLU_3051 3118602190389 1041 
CLU_3051 3118607110316 2623 
CLU_3051 3118602220261 1049 
CLU_3051 3118602190397 1174 
CLU_3051 3118602190176 2578 
CLU_3051 3118602191059 1422 
CLU_3051 3118602191040 1714 
CLU_3051 3118602190451 2913 
CLU_3051 3118602190206 3269 
CLU_3051 3118602190966 4532 
CLU_3051 3118602190400 2427 
CLU_3051 3118602190877 3269 
CLU_3051 3118602190826 9120 
CLU_3051 3118602190729 12316 
CLU_3051 3118602190656 12316 
CLU_3051 3118602190834 11963 
CLU_3051 3118602190710 12477 
CLU_3051 3118602190796 12538 
CLU_3051 3118602190648 12744 
CLU_3051 3118602190818 8788 
CLU_3051 3118602190885 5428 
CLU_3051 3118607053355 4130 
CLU_3051 3118602190192 8478 
CLU_3051 3118602190214 7624 
CLU_3051 3118602190680 6799 
CLU_3051 3118602190753 3370 
CLU_3051 3118602190141 6260 
CLU_3051 3118602220245 5122 
CLU_3051 3118602190788 4869 
CLU_3051 CLU_2943 6219 
CLU_3051 CLU_2961 6812 
CLU_3051 CLU_2970 7761 
CLU_3051 CLU_2971 8184 
CLU_3051 CLU_3051 0 
CLU_3051 CLU_3055 2335 
CLU_3051 CLU_3060 2975 
CLU_3051 CLU_3084 3400 
CLU_3051 CLU_3086 10743 
CLU_3051 CLU_3087 11484 
CLU_3051 CLU_3098 11451 
CLU_3051 CLU_3108 9566 
CLU_3051 CLU_3121 6860 
CLU_3051 CLU_3128 8925 
CLU_3051 CLU_3141 7783 
CLU_3051 CLU_3143 6830 
CLU_3051 CLU_3160 6591 
CLU_3051 CLU_3166 4548 
CLU_3051 CLU_3176 5464 
CLU_3051 CLU_3200 5393 
CLU_3051 CLU_3214 6419 
CLU_3051 CLU_7923 6570 
CLU_3052 3118602190990 5453 
CLU_3052 3118602191229 5926 
CLU_3052 3118602190591 5787 
CLU_3052 3118602190567 6321 
CLU_3052 3118602190532 6696 
CLU_3052 3118602190494 7714 
CLU_3052 3118602190869 5112 
CLU_3052 3118602190605 4362 
CLU_3052 3118602190109 3598 
CLU_3052 3118607116306 7898 
CLU_3052 3118602190931 7626 
CLU_3052 3118602190923 7233 
CLU_3052 3118602190893 8994 
CLU_3052 3118602190486 6349 
CLU_3052 3118602190915 8544 
CLU_3052 3118602190222 8264 
CLU_3052 3118604696077 1652 
CLU_3052 3118602191024 2637 
CLU_3052 3118602190478 2962 
CLU_3052 3118602190389 2947 
CLU_3052 3118607110316 2050 
CLU_3052 3118602220261 2335 
CLU_3052 3118602190397 2069 
CLU_3052 3118602190176 1470 
CLU_3052 3118602191059 2751 
CLU_3052 3118602191040 4158 
CLU_3052 3118602190451 4554 
CLU_3052 3118602190206 4658 
CLU_3052 3118602190966 5286 
CLU_3052 3118602190400 3795 
CLU_3052 3118602190877 4658 
CLU_3052 3118602190826 7309 
CLU_3052 3118602190729 10221 
CLU_3052 3118602190656 10221 
CLU_3052 3118602190834 9926 
CLU_3052 3118602190710 10185 
CLU_3052 3118602190796 10327 
CLU_3052 3118602190648 10592 
CLU_3052 3118602190818 6851 
CLU_3052 3118602190885 2796 
CLU_3052 3118607053355 4533 
CLU_3052 3118602190192 10478 
CLU_3052 3118602190214 9668 
CLU_3052 3118602190680 9108 
CLU_3052 3118602190753 5795 
CLU_3052 3118602190141 8757 
CLU_3052 3118602220245 6915 
CLU_3052 3118602190788 5453 
CLU_3052 CLU_2943 6156 
CLU_3052 CLU_2961 5844 
CLU_3052 CLU_2970 6509 
CLU_3052 CLU_2971 7003 
CLU_3052 CLU_3051 2637 
CLU_3052 CLU_3055 559 
CLU_3052 CLU_3060 429 
CLU_3052 CLU_3084 4266 
CLU_3052 CLU_3086 8813 
CLU_3052 CLU_3087 9493 
CLU_3052 CLU_3098 9270 
CLU_3052 CLU_3108 6930 
CLU_3052 CLU_3121 8322 
CLU_3052 CLU_3128 10713 
CLU_3052 CLU_3141 10017 
CLU_3052 CLU_3143 8966 
CLU_3052 CLU_3160 8830 
CLU_3052 CLU_3166 6858 
CLU_3052 CLU_3176 7670 
CLU_3052 CLU_3200 6893 
CLU_3052 CLU_3214 7224 
CLU_3052 CLU_7923 3984 
CLU_3053 3118602190990 5585 
CLU_3053 3118602191229 6090 
CLU_3053 3118602190591 6110 
CLU_3053 3118602190567 6960 
CLU_3053 3118602190532 7444 
CLU_3053 3118602190494 8476 
CLU_3053 3118602190869 5894 
CLU_3053 3118602190605 5266 
CLU_3053 3118602190109 4406 
CLU_3053 3118607116306 8851 
CLU_3053 3118602190931 8566 
CLU_3053 3118602190923 8285 
CLU_3053 3118602190893 10054 
CLU_3053 3118602190486 7379 
CLU_3053 3118602190915 9624 
CLU_3053 3118602190222 9289 
CLU_3053 3118604696077 1373 
CLU_3053 3118602191024 1732 
CLU_3053 3118602190478 1942 
CLU_3053 3118602190389 1847 
CLU_3053 3118607110316 1373 
CLU_3053 3118602220261 1853 
CLU_3053 3118602190397 956 
CLU_3053 3118602190176 1983 
CLU_3053 3118602191059 2366 
CLU_3053 3118602191040 3406 
CLU_3053 3118602190451 3458 
CLU_3053 3118602190206 3594 
CLU_3053 3118602190966 4370 
CLU_3053 3118602190400 2712 
CLU_3053 3118602190877 3594 
CLU_3053 3118602190826 7553 
CLU_3053 3118602190729 10661 
CLU_3053 3118602190656 10661 
CLU_3053 3118602190834 10326 
CLU_3053 3118602190710 10769 
CLU_3053 3118602190796 10850 
CLU_3053 3118602190648 11073 
CLU_3053 3118602190818 7173 
CLU_3053 3118602190885 3851 
CLU_3053 3118607053355 3693 
CLU_3053 3118602190192 10032 
CLU_3053 3118602190214 9194 
CLU_3053 3118602190680 8475 
CLU_3053 3118602190753 5072 
CLU_3053 3118602190141 7988 
CLU_3053 3118602220245 6549 
CLU_3053 3118602190788 5585 
CLU_3053 CLU_2943 6567 
CLU_3053 CLU_2961 6585 
CLU_3053 CLU_2970 7356 
CLU_3053 CLU_2971 7833 
CLU_3053 CLU_3051 1732 
CLU_3053 CLU_3055 1155 
CLU_3053 CLU_3060 1535 
CLU_3053 CLU_3084 3290 
CLU_3053 CLU_3086 9140 
CLU_3053 CLU_3087 9862 
CLU_3053 CLU_3098 9769 
CLU_3053 CLU_3108 7913 
CLU_3053 CLU_3121 8130 
CLU_3053 CLU_3128 10380 
CLU_3053 CLU_3141 9434 
CLU_3053 CLU_3143 8438 
CLU_3053 CLU_3160 8240 
CLU_3053 CLU_3166 6215 
CLU_3053 CLU_3176 7094 
CLU_3053 CLU_3200 6665 
CLU_3053 CLU_3214 7305 
CLU_3053 CLU_7923 5075 
CLU_3054 3118602190990 3666 
CLU_3054 3118602191229 4122 
CLU_3054 3118602190591 3958 
CLU_3054 3118602190567 4643 
CLU_3054 3118602190532 5146 
CLU_3054 3118602190494 6180 
CLU_3054 3118602190869 3627 
CLU_3054 3118602190605 3161 
CLU_3054 3118602190109 2201 
CLU_3054 3118607116306 6748 
CLU_3054 3118602190931 6443 
CLU_3054 3118602190923 6458 
CLU_3054 3118602190893 8228 
CLU_3054 3118602190486 5496 
CLU_3054 3118602190915 7905 
CLU_3054 3118602190222 7352 
CLU_3054 3118604696077 1357 
CLU_3054 3118602191024 2740 
CLU_3054 3118602190478 3259 
CLU_3054 3118602190389 3567 
CLU_3054 3118607110316 3645 
CLU_3054 3118602220261 1812 
CLU_3054 3118602190397 2959 
CLU_3054 3118602190176 361 
CLU_3054 3118602191059 1874 
CLU_3054 3118602191040 3591 
CLU_3054 3118602190451 5459 
CLU_3054 3118602190206 5706 
CLU_3054 3118602190966 6654 
CLU_3054 3118602190400 4804 
CLU_3054 3118602190877 5706 
CLU_3054 3118602190826 9055 
CLU_3054 3118602190729 11820 
CLU_3054 3118602190656 11820 
CLU_3054 3118602190834 11559 
CLU_3054 3118602190710 11646 
CLU_3054 3118602190796 11851 
CLU_3054 3118602190648 12154 
CLU_3054 3118602190818 8561 
CLU_3054 3118602190885 3626 
CLU_3054 3118607053355 6006 
CLU_3054 3118602190192 9093 
CLU_3054 3118602190214 8331 
CLU_3054 3118602190680 8015 
CLU_3054 3118602190753 5003 
CLU_3054 3118602190141 7924 
CLU_3054 3118602220245 5509 
CLU_3054 3118602190788 3666 
CLU_3054 CLU_2943 4340 
CLU_3054 CLU_2961 4289 
CLU_3054 CLU_2970 5127 
CLU_3054 CLU_2971 5584 
CLU_3054 CLU_3051 2740 
CLU_3054 CLU_3055 1323 
CLU_3054 CLU_3060 1698 
CLU_3054 CLU_3084 5543 
CLU_3054 CLU_3086 10503 
CLU_3054 CLU_3087 11151 
CLU_3054 CLU_3098 10825 
CLU_3054 CLU_3108 7727 
CLU_3054 CLU_3121 6704 
CLU_3054 CLU_3128 9199 
CLU_3054 CLU_3141 8828 
CLU_3054 CLU_3143 7718 
CLU_3054 CLU_3160 7676 
CLU_3054 CLU_3166 5857 
CLU_3054 CLU_3176 6528 
CLU_3054 CLU_3200 5337 
CLU_3054 CLU_3214 5442 
CLU_3054 CLU_7923 4446 
CLU_3055 3118602190990 4906 
CLU_3055 3118602191229 5384 
CLU_3055 3118602190591 5272 
CLU_3055 3118602190567 5911 
CLU_3055 3118602190532 6342 
CLU_3055 3118602190494 7370 
CLU_3055 3118602190869 4775 
CLU_3055 3118602190605 4114 
CLU_3055 3118602190109 3273 
CLU_3055 3118607116306 7696 
CLU_3055 3118602190931 7411 
CLU_3055 3118602190923 7151 
CLU_3055 3118602190893 8924 
CLU_3055 3118602190486 6236 
CLU_3055 3118602190915 8513 
CLU_3055 3118602190222 8143 
CLU_3055 3118604696077 1166 
CLU_3055 3118602191024 2335 
CLU_3055 3118602190478 2734 
CLU_3055 3118602190389 2829 
CLU_3055 3118607110316 2370 
CLU_3055 3118602220261 1863 
CLU_3055 3118602190397 2022 
CLU_3055 3118602190176 961 
CLU_3055 3118602191059 2240 
CLU_3055 3118602191040 3735 
CLU_3055 3118602190451 4578 
CLU_3055 3118602190206 4739 
CLU_3055 3118602190966 5511 
CLU_3055 3118602190400 3850 
CLU_3055 3118602190877 4739 
CLU_3055 3118602190826 7868 
CLU_3055 3118602190729 10771 
CLU_3055 3118602190656 10771 
CLU_3055 3118602190834 10480 
CLU_3055 3118602190710 10716 
CLU_3055 3118602190796 10868 
CLU_3055 3118602190648 11139 
CLU_3055 3118602190818 7410 
CLU_3055 3118602190885 3131 
CLU_3055 3118607053355 4805 
CLU_3055 3118602190192 9942 
CLU_3055 3118602190214 9138 
CLU_3055 3118602190680 8615 
CLU_3055 3118602190753 5345 
CLU_3055 3118602190141 8313 
CLU_3055 3118602220245 6373 
CLU_3055 3118602190788 4906 
CLU_3055 CLU_2943 5664 
CLU_3055 CLU_2961 5485 
CLU_3055 CLU_2970 6218 
CLU_3055 CLU_2971 6701 
CLU_3055 CLU_3051 2335 
CLU_3055 CLU_3055 0 
CLU_3055 CLU_3060 686 
CLU_3055 CLU_3084 4442 
CLU_3055 CLU_3086 9371 
CLU_3055 CLU_3087 10049 
CLU_3055 CLU_3098 9814 
CLU_3055 CLU_3108 7305 
CLU_3055 CLU_3121 7764 
CLU_3055 CLU_3128 10163 
CLU_3055 CLU_3141 9510 
CLU_3055 CLU_3143 8448 
CLU_3055 CLU_3160 8326 
CLU_3055 CLU_3166 6374 
CLU_3055 CLU_3176 7165 
CLU_3055 CLU_3200 6338 
CLU_3055 CLU_3214 6674 
CLU_3055 CLU_7923 4237 
CLU_3056 3118602190990 4913 
CLU_3056 3118602191229 5375 
CLU_3056 3118602190591 5198 
CLU_3056 3118602190567 5701 
CLU_3056 3118602190532 6085 
CLU_3056 3118602190494 7106 
CLU_3056 3118602190869 4504 
CLU_3056 3118602190605 3790 
CLU_3056 3118602190109 2993 
CLU_3056 3118607116306 7354 
CLU_3056 3118602190931 7075 
CLU_3056 3118602190923 6771 
CLU_3056 3118602190893 8542 
CLU_3056 3118602190486 5863 
CLU_3056 3118602190915 8123 
CLU_3056 3118602190222 7773 
CLU_3056 3118604696077 1483 
CLU_3056 3118602191024 2721 
CLU_3056 3118602190478 3131 
CLU_3056 3118602190389 3228 
CLU_3056 3118607110316 2635 
CLU_3056 3118602220261 2177 
CLU_3056 3118602190397 2411 
CLU_3056 3118602190176 911 
CLU_3056 3118602191059 2506 
CLU_3056 3118602191040 4068 
CLU_3056 3118602190451 4961 
CLU_3056 3118602190206 5110 
CLU_3056 3118602190966 5833 
CLU_3056 3118602190400 4225 
CLU_3056 3118602190877 5110 
CLU_3056 3118602190826 7812 
CLU_3056 3118602190729 10635 
CLU_3056 3118602190656 10635 
CLU_3056 3118602190834 10359 
CLU_3056 3118602190710 10527 
CLU_3056 3118602190796 10702 
CLU_3056 3118602190648 10987 
CLU_3056 3118602190818 7328 
CLU_3056 3118602190885 2792 
CLU_3056 3118607053355 5103 
CLU_3056 3118602190192 10138 
CLU_3056 3118602190214 9346 
CLU_3056 3118602190680 8879 
CLU_3056 3118602190753 5654 
CLU_3056 3118602190141 8622 
CLU_3056 3118602220245 6557 
CLU_3056 3118602190788 4913 
CLU_3056 CLU_2943 5551 
CLU_3056 CLU_2961 5231 
CLU_3056 CLU_2970 5919 
CLU_3056 CLU_2971 6409 
CLU_3056 CLU_3051 2721 
CLU_3056 CLU_3055 399 
CLU_3056 CLU_3060 460 
CLU_3056 CLU_3084 4782 
CLU_3056 CLU_3086 9279 
CLU_3056 CLU_3087 9940 
CLU_3056 CLU_3098 9659 
CLU_3056 CLU_3108 6971 
CLU_3056 CLU_3121 7877 
CLU_3056 CLU_3128 10318 
CLU_3056 CLU_3141 9754 
CLU_3056 CLU_3143 8678 
CLU_3056 CLU_3160 8577 
CLU_3056 CLU_3166 6651 
CLU_3056 CLU_3176 7416 
CLU_3056 CLU_3200 6472 
CLU_3056 CLU_3214 6689 
CLU_3056 CLU_7923 3861 
CLU_3057 3118602190990 4003 
CLU_3057 3118602191229 4467 
CLU_3057 3118602190591 4318 
CLU_3057 3118602190567 4984 
CLU_3057 3118602190532 5463 
CLU_3057 3118602190494 6496 
CLU_3057 3118602190869 3925 
CLU_3057 3118602190605 3390 
CLU_3057 3118602190109 2463 
CLU_3057 3118607116306 6988 
CLU_3057 3118602190931 6688 
CLU_3057 3118602190923 6620 
CLU_3057 3118602190893 8395 
CLU_3057 3118602190486 5668 
CLU_3057 3118602190915 8045 
CLU_3057 3118602190222 7545 
CLU_3057 3118604696077 1176 
CLU_3057 3118602191024 2578 
CLU_3057 3118602190478 3077 
CLU_3057 3118602190389 3338 
CLU_3057 3118607110316 3295 
CLU_3057 3118602220261 1738 
CLU_3057 3118602190397 2677 
CLU_3057 3118602190176 0 
CLU_3057 3118602191059 1901 
CLU_3057 3118602191040 3593 
CLU_3057 3118602190451 5207 
CLU_3057 3118602190206 5434 
CLU_3057 3118602190966 6340 
CLU_3057 3118602190400 4532 
CLU_3057 3118602190877 5434 
CLU_3057 3118602190826 8722 
CLU_3057 3118602190729 11521 
CLU_3057 3118602190656 11521 
CLU_3057 3118602190834 11253 
CLU_3057 3118602190710 11377 
CLU_3057 3118602190796 11569 
CLU_3057 3118602190648 11864 
CLU_3057 3118602190818 8236 
CLU_3057 3118602190885 3439 
CLU_3057 3118607053355 5676 
CLU_3057 3118602190192 9322 
CLU_3057 3118602190214 8547 
CLU_3057 3118602190680 8171 
CLU_3057 3118602190753 5074 
CLU_3057 3118602190141 8020 
CLU_3057 3118602220245 5736 
CLU_3057 3118602190788 4003 
CLU_3057 CLU_2943 4702 
CLU_3057 CLU_2961 4604 
CLU_3057 CLU_2970 5409 
CLU_3057 CLU_2971 5875 
CLU_3057 CLU_3051 2578 
CLU_3057 CLU_3055 961 
CLU_3057 CLU_3060 1365 
CLU_3057 CLU_3084 5237 
CLU_3057 CLU_3086 10184 
CLU_3057 CLU_3087 10840 
CLU_3057 CLU_3098 10536 
CLU_3057 CLU_3108 7581 
CLU_3057 CLU_3121 6991 
CLU_3057 CLU_3128 9461 
CLU_3057 CLU_3141 9009 
CLU_3057 CLU_3143 7911 
CLU_3057 CLU_3160 7846 
CLU_3057 CLU_3166 5983 
CLU_3057 CLU_3176 6691 
CLU_3057 CLU_3200 5604 
CLU_3057 CLU_3214 5778 
CLU_3057 CLU_7923 4341 
CLU_3058 3118602190990 3470 
CLU_3058 3118602191229 3987 
CLU_3058 3118602190591 4226 
CLU_3058 3118602190567 5611 
CLU_3058 3118602190532 6324 
CLU_3058 3118602190494 7334 
CLU_3058 3118602190869 4996 
CLU_3058 3118602190605 4813 
CLU_3058 3118602190109 3804 
CLU_3058 3118607116306 8288 
CLU_3058 3118602190931 7965 
CLU_3058 3118602190923 8207 
CLU_3058 3118602190893 9958 
CLU_3058 3118602190486 7232 
CLU_3058 3118602190915 9685 
CLU_3058 3118602190222 9026 
CLU_3058 3118604696077 1104 
CLU_3058 3118602191024 1422 
CLU_3058 3118602190478 1937 
CLU_3058 3118602190389 2462 
CLU_3058 3118607110316 3632 
CLU_3058 3118602220261 522 
CLU_3058 3118602190397 2339 
CLU_3058 3118602190176 1901 
CLU_3058 3118602191059 0 
CLU_3058 3118602191040 1718 
CLU_3058 3118602190451 4323 
CLU_3058 3118602190206 4691 
CLU_3058 3118602190966 5939 
CLU_3058 3118602190400 3848 
CLU_3058 3118602190877 4691 
CLU_3058 3118602190826 9897 
CLU_3058 3118602190729 12931 
CLU_3058 3118602190656 12931 
CLU_3058 3118602190834 12618 
CLU_3058 3118602190710 12934 
CLU_3058 3118602190796 13066 
CLU_3058 3118602190648 13318 
CLU_3058 3118602190818 9492 
CLU_3058 3118602190885 5274 
CLU_3058 3118607053355 5488 
CLU_3058 3118602190192 7742 
CLU_3058 3118602190214 6923 
CLU_3058 3118602190680 6377 
CLU_3058 3118602190753 3179 
CLU_3058 3118602190141 6137 
CLU_3058 3118602220245 4208 
CLU_3058 3118602190788 3470 
CLU_3058 CLU_2943 4798 
CLU_3058 CLU_2961 5512 
CLU_3058 CLU_2970 6518 
CLU_3058 CLU_2971 6913 
CLU_3058 CLU_3051 1422 
CLU_3058 CLU_3055 2240 
CLU_3058 CLU_3060 2915 
CLU_3058 CLU_3084 4801 
CLU_3058 CLU_3086 11461 
CLU_3058 CLU_3087 12167 
CLU_3058 CLU_3098 12000 
CLU_3058 CLU_3108 9445 
CLU_3058 CLU_3121 5765 
CLU_3058 CLU_3128 8034 
CLU_3058 CLU_3141 7270 
CLU_3058 CLU_3143 6215 
CLU_3058 CLU_3160 6086 
CLU_3058 CLU_3166 4145 
CLU_3058 CLU_3176 4925 
CLU_3058 CLU_3200 4299 
CLU_3058 CLU_3214 5082 
CLU_3058 CLU_7923 6237 
CLU_3059 3118602190990 5349 
CLU_3059 3118602191229 5843 
CLU_3059 3118602190591 5798 
CLU_3059 3118602190567 6535 
CLU_3059 3118602190532 6985 
CLU_3059 3118602190494 8015 
CLU_3059 3118602190869 5423 
CLU_3059 3118602190605 4764 
CLU_3059 3118602190109 3924 
CLU_3059 3118607116306 8341 
CLU_3059 3118602190931 8058 
CLU_3059 3118602190923 7762 
CLU_3059 3118602190893 9530 
CLU_3059 3118602190486 6857 
CLU_3059 3118602190915 9101 
CLU_3059 3118602190222 8768 
CLU_3059 3118604696077 1253 
CLU_3059 3118602191024 2031 
CLU_3059 3118602190478 2334 
CLU_3059 3118602190389 2320 
CLU_3059 3118607110316 1741 
CLU_3059 3118602220261 1873 
CLU_3059 3118602190397 1455 
CLU_3059 3118602190176 1554 
CLU_3059 3118602191059 2344 
CLU_3059 3118602191040 3612 
CLU_3059 3118602190451 3980 
CLU_3059 3118602190206 4117 
CLU_3059 3118602190966 4860 
CLU_3059 3118602190400 3236 
CLU_3059 3118602190877 4117 
CLU_3059 3118602190826 7570 
CLU_3059 3118602190729 10588 
CLU_3059 3118602190656 10588 
CLU_3059 3118602190834 10273 
CLU_3059 3118602190710 10624 
CLU_3059 3118602190796 10736 
CLU_3059 3118602190648 10981 
CLU_3059 3118602190818 7152 
CLU_3059 3118602190885 3422 
CLU_3059 3118607053355 4155 
CLU_3059 3118602190192 10082 
CLU_3059 3118602190214 9258 
CLU_3059 3118602190680 8624 
CLU_3059 3118602190753 5267 
CLU_3059 3118602190141 8216 
CLU_3059 3118602220245 6551 
CLU_3059 3118602190788 5349 
CLU_3059 CLU_2943 6222 
CLU_3059 CLU_2961 6127 
CLU_3059 CLU_2970 6870 
CLU_3059 CLU_2971 7352 
CLU_3059 CLU_3051 2031 
CLU_3059 CLU_3055 651 
CLU_3059 CLU_3060 1032 
CLU_3059 CLU_3084 3795 
CLU_3059 CLU_3086 9121 
CLU_3059 CLU_3087 9823 
CLU_3059 CLU_3098 9666 
CLU_3059 CLU_3108 7537 
CLU_3059 CLU_3121 8050 
CLU_3059 CLU_3128 10373 
CLU_3059 CLU_3141 9557 
CLU_3059 CLU_3143 8529 
CLU_3059 CLU_3160 8365 
CLU_3059 CLU_3166 6365 
CLU_3059 CLU_3176 7209 
CLU_3059 CLU_3200 6598 
CLU_3059 CLU_3214 7098 
CLU_3059 CLU_7923 4615 
CLU_3060 3118602190990 5364 
CLU_3060 3118602191229 5820 
CLU_3060 3118602190591 5620 
CLU_3060 3118602190567 6030 
CLU_3060 3118602190532 6364 
CLU_3060 3118602190494 7374 
CLU_3060 3118602190869 4773 
CLU_3060 3118602190605 3983 
CLU_3060 3118602190109 3262 
CLU_3060 3118607116306 7496 
CLU_3060 3118602190931 7229 
CLU_3060 3118602190923 6808 
CLU_3060 3118602190893 8567 
CLU_3060 3118602190486 5928 
CLU_3060 3118602190915 8115 
CLU_3060 3118602190222 7843 
CLU_3060 3118604696077 1852 
CLU_3060 3118602191024 2975 
CLU_3060 3118602190478 3334 
CLU_3060 3118602190389 3352 
CLU_3060 3118607110316 2444 
CLU_3060 3118602220261 2550 
CLU_3060 3118602190397 2485 
CLU_3060 3118602190176 1365 
CLU_3060 3118602191059 2915 
CLU_3060 3118602191040 4420 
CLU_3060 3118602190451 4983 
CLU_3060 3118602190206 5087 
CLU_3060 3118602190966 5696 
CLU_3060 3118602190400 4225 
CLU_3060 3118602190877 5087 
CLU_3060 3118602190826 7358 
CLU_3060 3118602190729 10175 
CLU_3060 3118602190656 10175 
CLU_3060 3118602190834 9899 
CLU_3060 3118602190710 10077 
CLU_3060 3118602190796 10246 
CLU_3060 3118602190648 10529 
CLU_3060 3118602190818 6870 
CLU_3060 3118602190885 2459 
CLU_3060 3118607053355 4931 
CLU_3060 3118602190192 10584 
CLU_3060 3118602190214 9788 
CLU_3060 3118602190680 9293 
CLU_3060 3118602190753 6032 
CLU_3060 3118602190141 9000 
CLU_3060 3118602220245 7006 
CLU_3060 3118602190788 5364 
CLU_3060 CLU_2943 5952 
CLU_3060 CLU_2961 5517 
CLU_3060 CLU_2970 6143 
CLU_3060 CLU_2971 6642 
CLU_3060 CLU_3051 2975 
CLU_3060 CLU_3055 686 
CLU_3060 CLU_3060 0 
CLU_3060 CLU_3084 4688 
CLU_3060 CLU_3086 8820 
CLU_3060 CLU_3087 9480 
CLU_3060 CLU_3098 9202 
CLU_3060 CLU_3108 6624 
CLU_3060 CLU_3121 8337 
CLU_3060 CLU_3128 10774 
CLU_3060 CLU_3141 10180 
CLU_3060 CLU_3143 9110 
CLU_3060 CLU_3160 8999 
CLU_3060 CLU_3166 7056 
CLU_3060 CLU_3176 7838 
CLU_3060 CLU_3200 6931 
CLU_3060 CLU_3214 7140 
CLU_3060 CLU_7923 3604 
CLU_3061 3118602190990 4186 
CLU_3061 3118602191229 4664 
CLU_3061 3118602190591 5169 
CLU_3061 3118602190567 6891 
CLU_3061 3118602190532 7700 
CLU_3061 3118602190494 8669 
CLU_3061 3118602190869 6514 
CLU_3061 3118602190605 6459 
CLU_3061 3118602190109 5451 
CLU_3061 3118607116306 9838 
CLU_3061 3118602190931 9508 
CLU_3061 3118602190923 9873 
CLU_3061 3118602190893 11607 
CLU_3061 3118602190486 8894 
CLU_3061 3118602190915 11363 
CLU_3061 3118602190222 10648 
CLU_3061 3118604696077 2584 
CLU_3061 3118602191024 1714 
CLU_3061 3118602190478 1824 
CLU_3061 3118602190389 2393 
CLU_3061 3118607110316 4320 
CLU_3061 3118602220261 1896 
CLU_3061 3118602190397 2868 
CLU_3061 3118602190176 3593 
CLU_3061 3118602191059 1718 
CLU_3061 3118602191040 0 
CLU_3061 3118602190451 3743 
CLU_3061 3118602190206 4214 
CLU_3061 3118602190966 5675 
CLU_3061 3118602190400 3573 
CLU_3061 3118602190877 4214 
CLU_3061 3118602190826 10830 
CLU_3061 3118602190729 14030 
CLU_3061 3118602190656 14030 
CLU_3061 3118602190834 13678 
CLU_3061 3118602190710 14175 
CLU_3061 3118602190796 14246 
CLU_3061 3118602190648 14456 
CLU_3061 3118602190818 10503 
CLU_3061 3118602190885 6859 
CLU_3061 3118607053355 5468 
CLU_3061 3118602190192 6803 
CLU_3061 3118602190214 5942 
CLU_3061 3118602190680 5085 
CLU_3061 3118602190753 1666 
CLU_3061 3118602190141 4604 
CLU_3061 3118602220245 3591 
CLU_3061 3118602190788 4186 
CLU_3061 CLU_2943 5812 
CLU_3061 CLU_2961 6940 
CLU_3061 CLU_2970 8010 
CLU_3061 CLU_2971 8362 
CLU_3061 CLU_3051 1714 
CLU_3061 CLU_3055 3735 
CLU_3061 CLU_3060 4420 
CLU_3061 CLU_3084 4624 
CLU_3061 CLU_3086 12457 
CLU_3061 CLU_3087 13199 
CLU_3061 CLU_3098 13160 
CLU_3061 CLU_3108 11037 
CLU_3061 CLU_3121 5442 
CLU_3061 CLU_3128 7315 
CLU_3061 CLU_3141 6069 
CLU_3061 CLU_3143 5131 
CLU_3061 CLU_3160 4878 
CLU_3061 CLU_3166 2833 
CLU_3061 CLU_3176 3758 
CLU_3061 CLU_3200 4023 
CLU_3061 CLU_3214 5423 
CLU_3061 CLU_7923 7894 
CLU_3062 3118602190990 4808 
CLU_3062 3118602191229 5304 
CLU_3062 3118602190591 5730 
CLU_3062 3118602190567 7315 
CLU_3062 3118602190532 8071 
CLU_3062 3118602190494 9068 
CLU_3062 3118602190869 6780 
CLU_3062 3118602190605 6591 
CLU_3062 3118602190109 5584 
CLU_3062 3118607116306 10077 
CLU_3062 3118602190931 9753 
CLU_3062 3118602190923 9968 
CLU_3062 3118602190893 11726 
CLU_3062 3118602190486 8996 
CLU_3062 3118602190915 11433 
CLU_3062 3118602190222 10807 
CLU_3062 3118604696077 2323 
CLU_3062 3118602191024 1109 
CLU_3062 3118602190478 1050 
CLU_3062 3118602190389 1587 
CLU_3062 3118607110316 3596 
CLU_3062 3118602220261 1727 
CLU_3062 3118602190397 2163 
CLU_3062 3118602190176 3457 
CLU_3062 3118602191059 1789 
CLU_3062 3118602191040 824 
CLU_3062 3118602190451 2962 
CLU_3062 3118602190206 3419 
CLU_3062 3118602190966 4862 
CLU_3062 3118602190400 2752 
CLU_3062 3118602190877 3419 
CLU_3062 3118602190826 10109 
CLU_3062 3118602190729 13352 
CLU_3062 3118602190656 13352 
CLU_3062 3118602190834 12988 
CLU_3062 3118602190710 13553 
CLU_3062 3118602190796 13599 
CLU_3062 3118602190648 13792 
CLU_3062 3118602190818 9807 
CLU_3062 3118602190885 6506 
CLU_3062 3118607053355 4643 
CLU_3062 3118602190192 7589 
CLU_3062 3118602190214 6725 
CLU_3062 3118602190680 5786 
CLU_3062 3118602190753 2350 
CLU_3062 3118602190141 5173 
CLU_3062 3118602220245 4415 
CLU_3062 3118602190788 4808 
CLU_3062 CLU_2943 6352 
CLU_3062 CLU_2961 7275 
CLU_3062 CLU_2970 8299 
CLU_3062 CLU_2971 8684 
CLU_3062 CLU_3051 1109 
CLU_3062 CLU_3055 3385 
CLU_3062 CLU_3060 4047 
CLU_3062 CLU_3084 3802 
CLU_3062 CLU_3086 11750 
CLU_3062 CLU_3087 12501 
CLU_3062 CLU_3098 12507 
CLU_3062 CLU_3108 10660 
CLU_3062 CLU_3121 6262 
CLU_3062 CLU_3128 8127 
CLU_3062 CLU_3141 6795 
CLU_3062 CLU_3143 5898 
CLU_3062 CLU_3160 5612 
CLU_3062 CLU_3166 3566 
CLU_3062 CLU_3176 4519 
CLU_3062 CLU_3200 4833 
CLU_3062 CLU_3214 6155 
CLU_3062 CLU_7923 7618 
CLU_3063 3118602190990 5327 
CLU_3063 3118602191229 5829 
CLU_3063 3118602190591 6221 
CLU_3063 3118602190567 7735 
CLU_3063 3118602190532 8461 
CLU_3063 3118602190494 9469 
CLU_3063 3118602190869 7118 
CLU_3063 3118602190605 6853 
CLU_3063 3118602190109 5855 
CLU_3063 3118607116306 10386 
CLU_3063 3118602190931 10067 
CLU_3063 3118602190923 10189 
CLU_3063 3118602190893 11958 
CLU_3063 3118602190486 9225 
CLU_3063 3118602190915 11634 
CLU_3063 3118602190222 11066 
CLU_3063 3118604696077 2424 
CLU_3063 3118602191024 1041 
CLU_3063 3118602190478 709 
CLU_3063 3118602190389 1114 
CLU_3063 3118607110316 3213 
CLU_3063 3118602220261 1943 
CLU_3063 3118602190397 1841 
CLU_3063 3118602190176 3597 
CLU_3063 3118602191059 2136 
CLU_3063 3118602191040 1383 
CLU_3063 3118602190451 2402 
CLU_3063 3118602190206 2854 
CLU_3063 3118602190966 4295 
CLU_3063 3118602190400 2190 
CLU_3063 3118602190877 2854 
CLU_3063 3118602190826 9700 
CLU_3063 3118602190729 12981 
CLU_3063 3118602190656 12981 
CLU_3063 3118602190834 12606 
CLU_3063 3118602190710 13233 
CLU_3063 3118602190796 13255 
CLU_3063 3118602190648 13433 
CLU_3063 3118602190818 9423 
CLU_3063 3118602190885 6437 
CLU_3063 3118607053355 4090 
CLU_3063 3118602190192 8090 
CLU_3063 3118602190214 7223 
CLU_3063 3118602190680 6220 
CLU_3063 3118602190753 2806 
CLU_3063 3118602190141 5515 
CLU_3063 3118602220245 4971 
CLU_3063 3118602190788 5327 
CLU_3063 CLU_2943 6832 
CLU_3063 CLU_2961 7648 
CLU_3063 CLU_2970 8643 
CLU_3063 CLU_2971 9045 
CLU_3063 CLU_3051 1041 
CLU_3063 CLU_3055 3370 
CLU_3063 CLU_3060 3996 
CLU_3063 CLU_3084 3241 
CLU_3063 CLU_3086 11352 
CLU_3063 CLU_3087 12111 
CLU_3063 CLU_3098 12161 
CLU_3063 CLU_3108 10549 
CLU_3063 CLU_3121 6825 
CLU_3063 CLU_3128 8658 
CLU_3063 CLU_3141 7244 
CLU_3063 CLU_3143 6383 
CLU_3063 CLU_3160 6072 
CLU_3063 CLU_3166 4036 
CLU_3063 CLU_3176 5004 
CLU_3063 CLU_3200 5400 
CLU_3063 CLU_3214 6709 
CLU_3063 CLU_7923 7599 
CLU_3064 3118602190990 5121 
CLU_3064 3118602191229 5611 
CLU_3064 3118602190591 6063 
CLU_3064 3118602190567 7676 
CLU_3064 3118602190532 8439 
CLU_3064 3118602190494 9433 
CLU_3064 3118602190869 7154 
CLU_3064 3118602190605 6965 
CLU_3064 3118602190109 5958 
CLU_3064 3118607116306 10452 
CLU_3064 3118602190931 10128 
CLU_3064 3118602190923 10339 
CLU_3064 3118602190893 12099 
CLU_3064 3118602190486 9367 
CLU_3064 3118602190915 11802 
CLU_3064 3118602190222 11181 
CLU_3064 3118604696077 2663 
CLU_3064 3118602191024 1373 
CLU_3064 3118602190478 1170 
CLU_3064 3118602190389 1613 
CLU_3064 3118607110316 3705 
CLU_3064 3118602220261 2090 
CLU_3064 3118602190397 2312 
CLU_3064 3118602190176 3811 
CLU_3064 3118602191059 2164 
CLU_3064 3118602191040 1003 
CLU_3064 3118602190451 2744 
CLU_3064 3118602190206 3220 
CLU_3064 3118602190966 4697 
CLU_3064 3118602190400 2626 
CLU_3064 3118602190877 3220 
CLU_3064 3118602190826 10198 
CLU_3064 3118602190729 13474 
CLU_3064 3118602190656 13474 
CLU_3064 3118602190834 13101 
CLU_3064 3118602190710 13713 
CLU_3064 3118602190796 13742 
CLU_3064 3118602190648 13923 
CLU_3064 3118602190818 9918 
CLU_3064 3118602190885 6800 
CLU_3064 3118607053355 4541 
CLU_3064 3118602190192 7605 
CLU_3064 3118602190214 6738 
CLU_3064 3118602190680 5721 
CLU_3064 3118602190753 2312 
CLU_3064 3118602190141 5024 
CLU_3064 3118602220245 4543 
CLU_3064 3118602190788 5121 
CLU_3064 CLU_2943 6691 
CLU_3064 CLU_2961 7645 
CLU_3064 CLU_2970 8673 
CLU_3064 CLU_2971 9056 
CLU_3064 CLU_3051 1373 
CLU_3064 CLU_3055 3694 
CLU_3064 CLU_3060 4344 
CLU_3064 CLU_3084 3675 
CLU_3064 CLU_3086 11848 
CLU_3064 CLU_3087 12607 
CLU_3064 CLU_3098 12648 
CLU_3064 CLU_3108 10938 
CLU_3064 CLU_3121 6420 
CLU_3064 CLU_3128 8192 
CLU_3064 CLU_3141 6746 
CLU_3064 CLU_3143 5893 
CLU_3064 CLU_3160 5576 
CLU_3064 CLU_3166 3544 
CLU_3064 CLU_3176 4515 
CLU_3064 CLU_3200 5015 
CLU_3064 CLU_3214 6417 
CLU_3064 CLU_7923 7931 
CLU_3065 3118602190990 3574 
CLU_3065 3118602191229 4053 
CLU_3065 3118602190591 4559 
CLU_3065 3118602190567 6305 
CLU_3065 3118602190532 7128 
CLU_3065 3118602190494 8087 
CLU_3065 3118602190869 5984 
CLU_3065 3118602190605 5991 
CLU_3065 3118602190109 4989 
CLU_3065 3118607116306 9310 
CLU_3065 3118602190931 8978 
CLU_3065 3118602190923 9410 
CLU_3065 3118602190893 11129 
CLU_3065 3118602190486 8431 
CLU_3065 3118602190915 10910 
CLU_3065 3118602190222 10152 
CLU_3065 3118604696077 2458 
CLU_3065 3118602191024 1933 
CLU_3065 3118602190478 2186 
CLU_3065 3118602190389 2783 
CLU_3065 3118607110316 4548 
CLU_3065 3118602220261 1764 
CLU_3065 3118602190397 3106 
CLU_3065 3118602190176 3329 
CLU_3065 3118602191059 1432 
CLU_3065 3118602191040 612 
CLU_3065 3118602190451 4286 
CLU_3065 3118602190206 4743 
CLU_3065 3118602190966 6175 
CLU_3065 3118602190400 4052 
CLU_3065 3118602190877 4743 
CLU_3065 3118602190826 11013 
CLU_3065 3118602190729 14151 
CLU_3065 3118602190656 14151 
CLU_3065 3118602190834 13815 
CLU_3065 3118602190710 14231 
CLU_3065 3118602190796 14331 
CLU_3065 3118602190648 14560 
CLU_3065 3118602190818 10655 
CLU_3065 3118602190885 6700 
CLU_3065 3118607053355 5912 
CLU_3065 3118602190192 6563 
CLU_3065 3118602190214 5716 
CLU_3065 3118602190680 5015 
CLU_3065 3118602190753 1746 
CLU_3065 3118602190141 4707 
CLU_3065 3118602220245 3196 
CLU_3065 3118602190788 3574 
CLU_3065 CLU_2943 5204 
CLU_3065 CLU_2961 6381 
CLU_3065 CLU_2970 7465 
CLU_3065 CLU_2971 7805 
CLU_3065 CLU_3051 1933 
CLU_3065 CLU_3055 3624 
CLU_3065 CLU_3060 4309 
CLU_3065 CLU_3084 5096 
CLU_3065 CLU_3086 12619 
CLU_3065 CLU_3087 13347 
CLU_3065 CLU_3098 13253 
CLU_3065 CLU_3108 10875 
CLU_3065 CLU_3121 4984 
CLU_3065 CLU_3128 6991 
CLU_3065 CLU_3141 5952 
CLU_3065 CLU_3143 4948 
CLU_3065 CLU_3160 4758 
CLU_3065 CLU_3166 2759 
CLU_3065 CLU_3176 3606 
CLU_3065 CLU_3200 3536 
CLU_3065 CLU_3214 4840 
CLU_3065 CLU_7923 7669 
CLU_3066 3118602190990 7691 
CLU_3066 3118602191229 8200 
CLU_3066 3118602190591 8534 
CLU_3066 3118602190567 9883 
CLU_3066 3118602190532 10522 
CLU_3066 3118602190494 11551 
CLU_3066 3118602190869 9066 
CLU_3066 3118602190605 8597 
CLU_3066 3118602190109 7659 
CLU_3066 3118607116306 12195 
CLU_3066 3118602190931 11895 
CLU_3066 3118602190923 11729 
CLU_3066 3118602190893 13502 
CLU_3066 3118602190486 10809 
CLU_3066 3118602190915 13082 
CLU_3066 3118602190222 12711 
CLU_3066 3118604696077 4123 
CLU_3066 3118602191024 2913 
CLU_3066 3118602190478 2386 
CLU_3066 3118602190389 1915 
CLU_3066 3118607110316 2956 
CLU_3066 3118602220261 3955 
CLU_3066 3118602190397 2560 
CLU_3066 3118602190176 5207 
CLU_3066 3118602191059 4323 
CLU_3066 3118602191040 3743 
CLU_3066 3118602190451 0 
CLU_3066 3118602190206 503 
CLU_3066 3118602190966 2019 
CLU_3066 3118602190400 780 
CLU_3066 3118602190877 503 
CLU_3066 3118602190826 8569 
CLU_3066 3118602190729 11984 
CLU_3066 3118602190656 11984 
CLU_3066 3118602190834 11554 
CLU_3066 3118602190710 12496 
CLU_3066 3118602190796 12399 
CLU_3066 3118602190648 12490 
CLU_3066 3118602190818 8445 
CLU_3066 3118602190885 7096 
CLU_3066 3118607053355 2137 
CLU_3066 3118602190192 10102 
CLU_3066 3118602190214 9238 
CLU_3066 3118602190680 8007 
CLU_3066 3118602190753 4845 
CLU_3066 3118602190141 7002 
CLU_3066 3118602220245 7260 
CLU_3066 3118602190788 7691 
CLU_3066 CLU_2943 9119 
CLU_3066 CLU_2961 9679 
CLU_3066 CLU_2970 10579 
CLU_3066 CLU_2971 11023 
CLU_3066 CLU_3051 2913 
CLU_3066 CLU_3055 4578 
CLU_3066 CLU_3060 4983 
CLU_3066 CLU_3084 1255 
CLU_3066 CLU_3086 10239 
CLU_3066 CLU_3087 11028 
CLU_3066 CLU_3098 11308 
CLU_3066 CLU_3108 10847 
CLU_3066 CLU_3121 9154 
CLU_3066 CLU_3128 10796 
CLU_3066 CLU_3141 9062 
CLU_3066 CLU_3143 8362 
CLU_3066 CLU_3160 7961 
CLU_3066 CLU_3166 6037 
CLU_3066 CLU_3176 7017 
CLU_3066 CLU_3200 7759 
CLU_3066 CLU_3214 9111 
CLU_3066 CLU_7923 8379 
CLU_3067 3118602190990 8243 
CLU_3067 3118602191229 8750 
CLU_3067 3118602190591 9101 
CLU_3067 3118602190567 10468 
CLU_3067 3118602190532 11111 
CLU_3067 3118602190494 12139 
CLU_3067 3118602190869 9654 
CLU_3067 3118602190605 9180 
CLU_3067 3118602190109 8246 
CLU_3067 3118607116306 12779 
CLU_3067 3118602190931 12480 
CLU_3067 3118602190923 12296 
CLU_3067 3118602190893 14068 
CLU_3067 3118602190486 11381 
CLU_3067 3118602190915 13639 
CLU_3067 3118602190222 13285 
CLU_3067 3118604696077 4711 
CLU_3067 3118602191024 3494 
CLU_3067 3118602190478 2963 
CLU_3067 3118602190389 2504 
CLU_3067 3118607110316 3408 
CLU_3067 3118602220261 4539 
CLU_3067 3118602190397 3135 
CLU_3067 3118602190176 5791 
CLU_3067 3118602191059 4899 
CLU_3067 3118602191040 4234 
CLU_3067 3118602190451 588 
CLU_3067 3118602190206 534 
CLU_3067 3118602190966 1769 
CLU_3067 3118602190400 1305 
CLU_3067 3118602190877 534 
CLU_3067 3118602190826 8673 
CLU_3067 3118602190729 12100 
CLU_3067 3118602190656 12100 
CLU_3067 3118602190834 11658 
CLU_3067 3118602190710 12678 
CLU_3067 3118602190796 12551 
CLU_3067 3118602190648 12619 
CLU_3067 3118602190818 8594 
CLU_3067 3118602190885 7585 
CLU_3067 3118607053355 2125 
CLU_3067 3118602190192 10420 
CLU_3067 3118602190214 9561 
CLU_3067 3118602190680 8270 
CLU_3067 3118602190753 5221 
CLU_3067 3118602190141 7197 
CLU_3067 3118602220245 7694 
CLU_3067 3118602190788 8243 
CLU_3067 CLU_2943 9691 
CLU_3067 CLU_2961 10268 
CLU_3067 CLU_2970 11167 
CLU_3067 CLU_2971 11612 
CLU_3067 CLU_3051 3494 
CLU_3067 CLU_3055 5146 
CLU_3067 CLU_3060 5530 
CLU_3067 CLU_3084 1366 
CLU_3067 CLU_3086 10334 
CLU_3067 CLU_3087 11126 
CLU_3067 CLU_3098 11467 
CLU_3067 CLU_3108 11256 
CLU_3067 CLU_3121 9601 
CLU_3067 CLU_3128 11155 
CLU_3067 CLU_3141 9326 
CLU_3067 CLU_3143 8679 
CLU_3067 CLU_3160 8255 
CLU_3067 CLU_3166 6383 
CLU_3067 CLU_3176 7356 
CLU_3067 CLU_3200 8227 
CLU_3067 CLU_3214 9633 
CLU_3067 CLU_7923 8876 
CLU_3068 3118602190990 7775 
CLU_3068 3118602191229 8276 
CLU_3068 3118602190591 8659 
CLU_3068 3118602190567 10094 
CLU_3068 3118602190532 10766 
CLU_3068 3118602190494 11789 
CLU_3068 3118602190869 9341 
CLU_3068 3118602190605 8922 
CLU_3068 3118602190109 7966 
CLU_3068 3118607116306 12515 
CLU_3068 3118602190931 12209 
CLU_3068 3118602190923 12106 
CLU_3068 3118602190893 13881 
CLU_3068 3118602190486 11175 
CLU_3068 3118602190915 13477 
CLU_3068 3118602190222 13069 
CLU_3068 3118604696077 4414 
CLU_3068 3118602191024 3122 
CLU_3068 3118602190478 2581 
CLU_3068 3118602190389 2199 
CLU_3068 3118607110316 3465 
CLU_3068 3118602220261 4171 
CLU_3068 3118602190397 2943 
CLU_3068 3118602190176 5535 
CLU_3068 3118602191059 4493 
CLU_3068 3118602191040 3708 
CLU_3068 3118602190451 532 
CLU_3068 3118602190206 896 
CLU_3068 3118602190966 2324 
CLU_3068 3118602190400 1279 
CLU_3068 3118602190877 896 
CLU_3068 3118602190826 9071 
CLU_3068 3118602190729 12491 
CLU_3068 3118602190656 12491 
CLU_3068 3118602190834 12057 
CLU_3068 3118602190710 13018 
CLU_3068 3118602190796 12915 
CLU_3068 3118602190648 13000 
CLU_3068 3118602190818 8959 
CLU_3068 3118602190885 7574 
CLU_3068 3118607053355 2581 
CLU_3068 3118602190192 9842 
CLU_3068 3118602190214 8983 
CLU_3068 3118602190680 7697 
CLU_3068 3118602190753 4647 
CLU_3068 3118602190141 6638 
CLU_3068 3118602220245 7133 
CLU_3068 3118602190788 7775 
CLU_3068 CLU_2943 9262 
CLU_3068 CLU_2961 9931 
CLU_3068 CLU_2970 10862 
CLU_3068 CLU_2971 11295 
CLU_3068 CLU_3051 3122 
CLU_3068 CLU_3055 4964 
CLU_3068 CLU_3060 5407 
CLU_3068 CLU_3084 1735 
CLU_3068 CLU_3086 10739 
CLU_3068 CLU_3087 11529 
CLU_3068 CLU_3098 11825 
CLU_3068 CLU_3108 11362 
CLU_3068 CLU_3121 9043 
CLU_3068 CLU_3128 10578 
CLU_3068 CLU_3141 8753 
CLU_3068 CLU_3143 8101 
CLU_3068 CLU_3160 7678 
CLU_3068 CLU_3166 5805 
CLU_3068 CLU_3176 6778 
CLU_3068 CLU_3200 7680 
CLU_3068 CLU_3214 9124 
CLU_3068 CLU_7923 8851 
CLU_3069 3118602190990 8733 
CLU_3069 3118602191229 9240 
CLU_3069 3118602190591 9582 
CLU_3069 3118602190567 10922 
CLU_3069 3118602190532 11550 
CLU_3069 3118602190494 12581 
CLU_3069 3118602190869 10079 
CLU_3069 3118602190605 9576 
CLU_3069 3118602190109 8654 
CLU_3069 3118607116306 13174 
CLU_3069 3118602190931 12879 
CLU_3069 3118602190923 12648 
CLU_3069 3118602190893 14415 
CLU_3069 3118602190486 11743 
CLU_3069 3118602190915 13971 
CLU_3069 3118602190222 13652 
CLU_3069 3118604696077 5139 
CLU_3069 3118602191024 3959 
CLU_3069 3118602190478 3434 
CLU_3069 3118602190389 2950 
CLU_3069 3118607110316 3630 
CLU_3069 3118602220261 4998 
CLU_3069 3118602190397 3520 
CLU_3069 3118602190176 6193 
CLU_3069 3118602191059 5371 
CLU_3069 3118602191040 4732 
CLU_3069 3118602190451 1048 
CLU_3069 3118602190206 769 
CLU_3069 3118602190966 1441 
CLU_3069 3118602190400 1664 
CLU_3069 3118602190877 769 
CLU_3069 3118602190826 8526 
CLU_3069 3118602190729 11956 
CLU_3069 3118602190656 11956 
CLU_3069 3118602190834 11504 
CLU_3069 3118602190710 12589 
CLU_3069 3118602190796 12436 
CLU_3069 3118602190648 12484 
CLU_3069 3118602190818 8485 
CLU_3069 3118602190885 7823 
CLU_3069 3118607053355 1976 
CLU_3069 3118602190192 10874 
CLU_3069 3118602190214 10017 
CLU_3069 3118602190680 8702 
CLU_3069 3118602190753 5700 
CLU_3069 3118602190141 7597 
CLU_3069 3118602220245 8185 
CLU_3069 3118602190788 8733 
CLU_3069 CLU_2943 10168 
CLU_3069 CLU_2961 10704 
CLU_3069 CLU_2970 11587 
CLU_3069 CLU_2971 12037 
CLU_3069 CLU_3051 3959 
CLU_3069 CLU_3055 5509 
CLU_3069 CLU_3060 5855 
CLU_3069 CLU_3084 1393 
CLU_3069 CLU_3086 10176 
CLU_3069 CLU_3087 10969 
CLU_3069 CLU_3098 11360 
CLU_3069 CLU_3108 11390 
CLU_3069 CLU_3121 10094 
CLU_3069 CLU_3128 11624 
CLU_3069 CLU_3141 9757 
CLU_3069 CLU_3143 9134 
CLU_3069 CLU_3160 8700 
CLU_3069 CLU_3166 6851 
CLU_3069 CLU_3176 7820 
CLU_3069 CLU_3200 8724 
CLU_3069 CLU_3214 10130 
CLU_3069 CLU_7923 9118 
CLU_3070 3118602190990 9118 
CLU_3070 3118602191229 9632 
CLU_3070 3118602190591 9898 
CLU_3070 3118602190567 11090 
CLU_3070 3118602190532 11655 
CLU_3070 3118602190494 12689 
CLU_3070 3118602190869 10136 
CLU_3070 3118602190605 9540 
CLU_3070 3118602190109 8667 
CLU_3070 3118607116306 13120 
CLU_3070 3118602190931 12838 
CLU_3070 3118602190923 12471 
CLU_3070 3118602190893 14221 
CLU_3070 3118602190486 11598 
CLU_3070 3118602190915 13739 
CLU_3070 3118602190222 13513 
CLU_3070 3118604696077 5259 
CLU_3070 3118602191024 4255 
CLU_3070 3118602190478 3775 
CLU_3070 3118602190389 3213 
CLU_3070 3118607110316 3284 
CLU_3070 3118602220261 5244 
CLU_3070 3118602190397 3564 
CLU_3070 3118602190176 6212 
CLU_3070 3118602191059 5674 
CLU_3070 3118602191040 5298 
CLU_3070 3118602190451 1586 
CLU_3070 3118602190206 1091 
CLU_3070 3118602190966 492 
CLU_3070 3118602190400 1827 
CLU_3070 3118602190877 1091 
CLU_3070 3118602190826 7616 
CLU_3070 3118602190729 11044 
CLU_3070 3118602190656 11044 
CLU_3070 3118602190834 10587 
CLU_3070 3118602190710 11714 
CLU_3070 3118602190796 11542 
CLU_3070 3118602190648 11577 
CLU_3070 3118602190818 7601 
CLU_3070 3118602190885 7417 
CLU_3070 3118607053355 1139 
CLU_3070 3118602190192 11671 
CLU_3070 3118602190214 10809 
CLU_3070 3118602190680 9543 
CLU_3070 3118602190753 6429 
CLU_3070 3118602190141 8481 
CLU_3070 3118602220245 8840 
CLU_3070 3118602190788 9118 
CLU_3070 CLU_2943 10454 
CLU_3070 CLU_2961 10800 
CLU_3070 CLU_2970 11618 
CLU_3070 CLU_2971 12087 
CLU_3070 CLU_3051 4255 
CLU_3070 CLU_3055 5426 
CLU_3070 CLU_3060 5669 
CLU_3070 CLU_3084 984 
CLU_3070 CLU_3086 9257 
CLU_3070 CLU_3087 10049 
CLU_3070 CLU_3098 10473 
CLU_3070 CLU_3108 10781 
CLU_3070 CLU_3121 10728 
CLU_3070 CLU_3128 12379 
CLU_3070 CLU_3141 10600 
CLU_3070 CLU_3143 9930 
CLU_3070 CLU_3160 9517 
CLU_3070 CLU_3166 7615 
CLU_3070 CLU_3176 8593 
CLU_3070 CLU_3200 9321 
CLU_3070 CLU_3214 10606 
CLU_3070 CLU_7923 8713 
CLU_3071 3118602190990 9784 
CLU_3071 3118602191229 10298 
CLU_3071 3118602190591 10565 
CLU_3071 3118602190567 11746 
CLU_3071 3118602190532 12301 
CLU_3071 3118602190494 13335 
CLU_3071 3118602190869 10775 
CLU_3071 3118602190605 10158 
CLU_3071 3118602190109 9298 
CLU_3071 3118607116306 13730 
CLU_3071 3118602190931 13451 
CLU_3071 3118602190923 13041 
CLU_3071 3118602190893 14783 
CLU_3071 3118602190486 12180 
CLU_3071 3118602190915 14286 
CLU_3071 3118602190222 14095 
CLU_3071 3118604696077 5915 
CLU_3071 3118602191024 4922 
CLU_3071 3118602190478 4440 
CLU_3071 3118602190389 3880 
CLU_3071 3118607110316 3836 
CLU_3071 3118602220261 5910 
CLU_3071 3118602190397 4216 
CLU_3071 3118602190176 6850 
CLU_3071 3118602191059 6341 
CLU_3071 3118602191040 5939 
CLU_3071 3118602190451 2202 
CLU_3071 3118602190206 1725 
CLU_3071 3118602190966 592 
CLU_3071 3118602190400 2494 
CLU_3071 3118602190877 1725 
CLU_3071 3118602190826 7582 
CLU_3071 3118602190729 10990 
CLU_3071 3118602190656 10990 
CLU_3071 3118602190834 10521 
CLU_3071 3118602190710 11740 
CLU_3071 3118602190796 11531 
CLU_3071 3118602190648 11535 
CLU_3071 3118602190818 7626 
CLU_3071 3118602190885 7900 
CLU_3071 3118607053355 1460 
CLU_3071 3118602190192 12226 
CLU_3071 3118602190214 11367 
CLU_3071 3118602190680 10064 
CLU_3071 3118602190753 7019 
CLU_3071 3118602190141 8958 
CLU_3071 3118602220245 9461 
CLU_3071 3118602190788 9784 
CLU_3071 CLU_2943 11120 
CLU_3071 CLU_2961 11445 
CLU_3071 CLU_2970 12250 
CLU_3071 CLU_2971 12722 
CLU_3071 CLU_3051 4922 
CLU_3071 CLU_3055 6044 
CLU_3071 CLU_3060 6255 
CLU_3071 CLU_3084 1612 
CLU_3071 CLU_3086 9191 
CLU_3071 CLU_3087 9980 
CLU_3071 CLU_3098 10478 
CLU_3071 CLU_3108 11116 
CLU_3071 CLU_3121 11356 
CLU_3071 CLU_3128 12959 
CLU_3071 CLU_3141 11119 
CLU_3071 CLU_3143 10485 
CLU_3071 CLU_3160 10057 
CLU_3071 CLU_3166 8188 
CLU_3071 CLU_3176 9162 
CLU_3071 CLU_3200 9959 
CLU_3071 CLU_3214 11266 
CLU_3071 CLU_7923 9190 
CLU_3072 3118602190990 8436 
CLU_3072 3118602191229 8954 
CLU_3072 3118602190591 9158 
CLU_3072 3118602190567 10249 
CLU_3072 3118602190532 10780 
CLU_3072 3118602190494 11814 
CLU_3072 3118602190869 9243 
CLU_3072 3118602190605 8611 
CLU_3072 3118602190109 7759 
CLU_3072 3118607116306 12179 
CLU_3072 3118602190931 11901 
CLU_3072 3118602190923 11501 
CLU_3072 3118602190893 13248 
CLU_3072 3118602190486 10634 
CLU_3072 3118602190915 12761 
CLU_3072 3118602190222 12549 
CLU_3072 3118604696077 4432 
CLU_3072 3118602191024 3579 
CLU_3072 3118602190478 3159 
CLU_3072 3118602190389 2564 
CLU_3072 3118607110316 2304 
CLU_3072 3118602220261 4502 
CLU_3072 3118602190397 2730 
CLU_3072 3118602190176 5319 
CLU_3072 3118602191059 4967 
CLU_3072 3118602191040 4850 
CLU_3072 3118602190451 1513 
CLU_3072 3118602190206 1096 
CLU_3072 3118602190966 1020 
CLU_3072 3118602190400 1284 
CLU_3072 3118602190877 1096 
CLU_3072 3118602190826 7095 
CLU_3072 3118602190729 10519 
CLU_3072 3118602190656 10519 
CLU_3072 3118602190834 10081 
CLU_3072 3118602190710 11090 
CLU_3072 3118602190796 10963 
CLU_3072 3118602190648 11035 
CLU_3072 3118602190818 7006 
CLU_3072 3118602190885 6439 
CLU_3072 3118607053355 646 
CLU_3072 3118602190192 11463 
CLU_3072 3118602190214 10596 
CLU_3072 3118602190680 9434 
CLU_3072 3118602190753 6163 
CLU_3072 3118602190141 8482 
CLU_3072 3118602220245 8439 
CLU_3072 3118602190788 8436 
CLU_3072 CLU_2943 9690 
CLU_3072 CLU_2961 9922 
CLU_3072 CLU_2970 10710 
CLU_3072 CLU_2971 11186 
CLU_3072 CLU_3051 3579 
CLU_3072 CLU_3055 4498 
CLU_3072 CLU_3060 4707 
CLU_3072 CLU_3084 260 
CLU_3072 CLU_3086 8760 
CLU_3072 CLU_3087 9551 
CLU_3072 CLU_3098 9878 
CLU_3072 CLU_3108 9868 
CLU_3072 CLU_3121 10286 
CLU_3072 CLU_3128 12095 
CLU_3072 CLU_3141 10486 
CLU_3072 CLU_3143 9731 
CLU_3072 CLU_3160 9360 
CLU_3072 CLU_3166 7383 
CLU_3072 CLU_3176 8366 
CLU_3072 CLU_3200 8846 
CLU_3072 CLU_3214 9996 
CLU_3072 CLU_7923 7735 
CLU_3073 3118602190990 8888 
CLU_3073 3118602191229 9403 
CLU_3073 3118602190591 9664 
CLU_3073 3118602190567 10853 
CLU_3073 3118602190532 11419 
CLU_3073 3118602190494 12453 
CLU_3073 3118602190869 9901 
CLU_3073 3118602190605 9309 
CLU_3073 3118602190109 8434 
CLU_3073 3118607116306 12891 
CLU_3073 3118602190931 12608 
CLU_3073 3118602190923 12251 
CLU_3073 3118602190893 14004 
CLU_3073 3118602190486 11375 
CLU_3073 3118602190915 13525 
CLU_3073 3118602190222 13290 
CLU_3073 3118604696077 5022 
CLU_3073 3118602191024 4022 
CLU_3073 3118602190478 3546 
CLU_3073 3118602190389 2981 
CLU_3073 3118607110316 3074 
CLU_3073 3118602220261 5009 
CLU_3073 3118602190397 3327 
CLU_3073 3118602190176 5977 
CLU_3073 3118602191059 5441 
CLU_3073 3118602191040 5090 
CLU_3073 3118602190451 1405 
CLU_3073 3118602190206 902 
CLU_3073 3118602190966 616 
CLU_3073 3118602190400 1596 
CLU_3073 3118602190877 902 
CLU_3073 3118602190826 7599 
CLU_3073 3118602190729 11029 
CLU_3073 3118602190656 11029 
CLU_3073 3118602190834 10577 
CLU_3073 3118602190710 11671 
CLU_3073 3118602190796 11513 
CLU_3073 3118602190648 11558 
CLU_3073 3118602190818 7564 
CLU_3073 3118602190885 7225 
CLU_3073 3118607053355 1060 
CLU_3073 3118602190192 11505 
CLU_3073 3118602190214 10641 
CLU_3073 3118602190680 9394 
CLU_3073 3118602190753 6249 
CLU_3073 3118602190141 8352 
CLU_3073 3118602220245 8642 
CLU_3073 3118602190788 8888 
CLU_3073 CLU_2943 10219 
CLU_3073 CLU_2961 10564 
CLU_3073 CLU_2970 11384 
CLU_3073 CLU_2971 11853 
CLU_3073 CLU_3051 4022 
CLU_3073 CLU_3055 5196 
CLU_3073 CLU_3060 5446 
CLU_3073 CLU_3084 758 
CLU_3073 CLU_3086 9249 
CLU_3073 CLU_3087 10041 
CLU_3073 CLU_3098 10438 
CLU_3073 CLU_3108 10633 
CLU_3073 CLU_3121 10525 
CLU_3073 CLU_3128 12200 
CLU_3073 CLU_3141 10450 
CLU_3073 CLU_3143 9764 
CLU_3073 CLU_3160 9359 
CLU_3073 CLU_3166 7442 
CLU_3073 CLU_3176 8421 
CLU_3073 CLU_3200 9113 
CLU_3073 CLU_3214 10383 
CLU_3073 CLU_7923 8522 
CLU_3074 3118602190990 8538 
CLU_3074 3118602191229 9053 
CLU_3074 3118602190591 9319 
CLU_3074 3118602190567 10526 
CLU_3074 3118602190532 11102 
CLU_3074 3118602190494 12136 
CLU_3074 3118602190869 9591 
CLU_3074 3118602190605 9017 
CLU_3074 3118602190109 8131 
CLU_3074 3118607116306 12605 
CLU_3074 3118602190931 12319 
CLU_3074 3118602190923 11995 
CLU_3074 3118602190893 13753 
CLU_3074 3118602190486 11110 
CLU_3074 3118602190915 13285 
CLU_3074 3118602190222 13024 
CLU_3074 3118604696077 4696 
CLU_3074 3118602191024 3675 
CLU_3074 3118602190478 3195 
CLU_3074 3118602190389 2634 
CLU_3074 3118607110316 2859 
CLU_3074 3118602220261 4667 
CLU_3074 3118602190397 3008 
CLU_3074 3118602190176 5671 
CLU_3074 3118602191059 5095 
CLU_3074 3118602191040 4741 
CLU_3074 3118602190451 1087 
CLU_3074 3118602190206 586 
CLU_3074 3118602190966 942 
CLU_3074 3118602190400 1247 
CLU_3074 3118602190877 586 
CLU_3074 3118602190826 7713 
CLU_3074 3118602190729 11142 
CLU_3074 3118602190656 11142 
CLU_3074 3118602190834 10698 
CLU_3074 3118602190710 11743 
CLU_3074 3118602190796 11604 
CLU_3074 3118602190648 11664 
CLU_3074 3118602190818 7648 
CLU_3074 3118602190885 7038 
CLU_3074 3118607053355 1159 
CLU_3074 3118602190192 11187 
CLU_3074 3118602190214 10322 
CLU_3074 3118602190680 9093 
CLU_3074 3118602190753 5919 
CLU_3074 3118602190141 8074 
CLU_3074 3118602220245 8299 
CLU_3074 3118602190788 8538 
CLU_3074 CLU_2943 9877 
CLU_3074 CLU_2961 10247 
CLU_3074 CLU_2970 11080 
CLU_3074 CLU_2971 11545 
CLU_3074 CLU_3051 3675 
CLU_3074 CLU_3055 4909 
CLU_3074 CLU_3060 5187 
CLU_3074 CLU_3084 541 
CLU_3074 CLU_3086 9372 
CLU_3074 CLU_3087 10165 
CLU_3074 CLU_3098 10523 
CLU_3074 CLU_3108 10534 
CLU_3074 CLU_3121 10178 
CLU_3074 CLU_3128 11871 
CLU_3074 CLU_3141 10149 
CLU_3074 CLU_3143 9447 
CLU_3074 CLU_3160 9049 
CLU_3074 CLU_3166 7118 
CLU_3074 CLU_3176 8099 
CLU_3074 CLU_3200 8764 
CLU_3074 CLU_3214 10030 
CLU_3074 CLU_7923 8336 
CLU_3075 3118602190990 7649 
CLU_3075 3118602191229 8166 
CLU_3075 3118602190591 8390 
CLU_3075 3118602190567 9540 
CLU_3075 3118602190532 10102 
CLU_3075 3118602190494 11136 
CLU_3075 3118602190869 8585 
CLU_3075 3118602190605 8007 
CLU_3075 3118602190109 7122 
CLU_3075 3118607116306 11596 
CLU_3075 3118602190931 11309 
CLU_3075 3118602190923 11003 
CLU_3075 3118602190893 12764 
CLU_3075 3118602190486 10111 
CLU_3075 3118602190915 12306 
CLU_3075 3118602190222 12024 
CLU_3075 3118604696077 3709 
CLU_3075 3118602191024 2784 
CLU_3075 3118602190478 2356 
CLU_3075 3118602190389 1761 
CLU_3075 3118607110316 1951 
CLU_3075 3118602220261 3730 
CLU_3075 3118602190397 2011 
CLU_3075 3118602190176 4663 
CLU_3075 3118602191059 4183 
CLU_3075 3118602191040 4056 
CLU_3075 3118602190451 1101 
CLU_3075 3118602190206 949 
CLU_3075 3118602190966 1758 
CLU_3075 3118602190400 539 
CLU_3075 3118602190877 949 
CLU_3075 3118602190826 7537 
CLU_3075 3118602190729 10937 
CLU_3075 3118602190656 10937 
CLU_3075 3118602190834 10517 
CLU_3075 3118602190710 11415 
CLU_3075 3118602190796 11332 
CLU_3075 3118602190648 11436 
CLU_3075 3118602190818 7385 
CLU_3075 3118602190885 6141 
CLU_3075 3118607053355 1411 
CLU_3075 3118602190192 10715 
CLU_3075 3118602190214 9847 
CLU_3075 3118602190680 8726 
CLU_3075 3118602190753 5410 
CLU_3075 3118602190141 7827 
CLU_3075 3118602220245 7648 
CLU_3075 3118602190788 7649 
CLU_3075 CLU_2943 8932 
CLU_3075 CLU_2961 9246 
CLU_3075 CLU_2970 10071 
CLU_3075 CLU_2971 10538 
CLU_3075 CLU_3051 2784 
CLU_3075 CLU_3055 3901 
CLU_3075 CLU_3060 4196 
CLU_3075 CLU_3084 618 
CLU_3075 CLU_3086 9210 
CLU_3075 CLU_3087 9995 
CLU_3075 CLU_3098 10238 
CLU_3075 CLU_3108 9791 
CLU_3075 CLU_3121 9487 
CLU_3075 CLU_3128 11324 
CLU_3075 CLU_3141 9774 
CLU_3075 CLU_3143 8989 
CLU_3075 CLU_3160 8633 
CLU_3075 CLU_3166 6637 
CLU_3075 CLU_3176 7617 
CLU_3075 CLU_3200 8045 
CLU_3075 CLU_3214 9196 
CLU_3075 CLU_7923 7436 
CLU_3076 3118602190990 7291 
CLU_3076 3118602191229 7806 
CLU_3076 3118602190591 8074 
CLU_3076 3118602190567 9315 
CLU_3076 3118602190532 9916 
CLU_3076 3118602190494 10948 
CLU_3076 3118602190869 8429 
CLU_3076 3118602190605 7912 
CLU_3076 3118602190109 6995 
CLU_3076 3118607116306 11510 
CLU_3076 3118602190931 11215 
CLU_3076 3118602190923 10997 
CLU_3076 3118602190893 12767 
CLU_3076 3118602190486 10086 
CLU_3076 3118602190915 12335 
CLU_3076 3118602190222 11993 
CLU_3076 3118604696077 3499 
CLU_3076 3118602191024 2427 
CLU_3076 3118602190478 1952 
CLU_3076 3118602190389 1386 
CLU_3076 3118607110316 2185 
CLU_3076 3118602220261 3428 
CLU_3076 3118602190397 1856 
CLU_3076 3118602190176 4532 
CLU_3076 3118602191059 3848 
CLU_3076 3118602191040 3573 
CLU_3076 3118602190451 780 
CLU_3076 3118602190206 902 
CLU_3076 3118602190966 2132 
CLU_3076 3118602190400 0 
CLU_3076 3118602190877 902 
CLU_3076 3118602190826 8048 
CLU_3076 3118602190729 11438 
CLU_3076 3118602190656 11438 
CLU_3076 3118602190834 11023 
CLU_3076 3118602190710 11887 
CLU_3076 3118602190796 11818 
CLU_3076 3118602190648 11931 
CLU_3076 3118602190818 7879 
CLU_3076 3118602190885 6315 
CLU_3076 3118607053355 1920 
CLU_3076 3118602190192 10189 
CLU_3076 3118602190214 9321 
CLU_3076 3118602190680 8190 
CLU_3076 3118602190753 4886 
CLU_3076 3118602190141 7289 
CLU_3076 3118602220245 7160 
CLU_3076 3118602190788 7291 
CLU_3076 CLU_2943 8635 
CLU_3076 CLU_2961 9066 
CLU_3076 CLU_2970 9932 
CLU_3076 CLU_2971 10387 
CLU_3076 CLU_3051 2427 
CLU_3076 CLU_3055 3850 
CLU_3076 CLU_3060 4225 
CLU_3076 CLU_3084 1051 
CLU_3076 CLU_3086 9720 
CLU_3076 CLU_3087 10503 
CLU_3076 CLU_3098 10723 
CLU_3076 CLU_3108 10083 
CLU_3076 CLU_3121 9014 
CLU_3076 CLU_3128 10812 
CLU_3076 CLU_3141 9238 
CLU_3076 CLU_3143 8460 
CLU_3076 CLU_3160 8100 
CLU_3076 CLU_3166 6110 
CLU_3076 CLU_3176 7091 
CLU_3076 CLU_3200 7582 
CLU_3076 CLU_3214 8796 
CLU_3076 CLU_7923 7599 
CLU_3077 3118602190990 8909 
CLU_3077 3118602191229 9426 
CLU_3077 3118602190591 9631 
CLU_3077 3118602190567 10711 
CLU_3077 3118602190532 11233 
CLU_3077 3118602190494 12267 
CLU_3077 3118602190869 9690 
CLU_3077 3118602190605 9041 
CLU_3077 3118602190109 8201 
CLU_3077 3118607116306 12600 
CLU_3077 3118602190931 12325 
CLU_3077 3118602190923 11888 
CLU_3077 3118602190893 13627 
CLU_3077 3118602190486 11032 
CLU_3077 3118602190915 13128 
CLU_3077 3118602190222 12946 
CLU_3077 3118604696077 4900 
CLU_3077 3118602191024 4049 
CLU_3077 3118602190478 3622 
CLU_3077 3118602190389 3029 
CLU_3077 3118607110316 2683 
CLU_3077 3118602220261 4975 
CLU_3077 3118602190397 3200 
CLU_3077 3118602190176 5771 
CLU_3077 3118602191059 5440 
CLU_3077 3118602191040 5290 
CLU_3077 3118602190451 1801 
CLU_3077 3118602190206 1323 
CLU_3077 3118602190966 583 
CLU_3077 3118602190400 1716 
CLU_3077 3118602190877 1323 
CLU_3077 3118602190826 6976 
CLU_3077 3118602190729 10406 
CLU_3077 3118602190656 10406 
CLU_3077 3118602190834 9957 
CLU_3077 3118602190710 11037 
CLU_3077 3118602190796 10882 
CLU_3077 3118602190648 10932 
CLU_3077 3118602190818 6931 
CLU_3077 3118602190885 6749 
CLU_3077 3118607053355 424 
CLU_3077 3118602190192 11854 
CLU_3077 3118602190214 10987 
CLU_3077 3118602190680 9794 
CLU_3077 3118602190753 6563 
CLU_3077 3118602190141 8804 
CLU_3077 3118602220245 8875 
CLU_3077 3118602190788 8909 
CLU_3077 CLU_2943 10161 
CLU_3077 CLU_2961 10375 
CLU_3077 CLU_2970 11150 
CLU_3077 CLU_2971 11629 
CLU_3077 CLU_3051 4049 
CLU_3077 CLU_3055 4933 
CLU_3077 CLU_3060 5113 
CLU_3077 CLU_3084 666 
CLU_3077 CLU_3086 8630 
CLU_3077 CLU_3087 9422 
CLU_3077 CLU_3098 9806 
CLU_3077 CLU_3108 10056 
CLU_3077 CLU_3121 10730 
CLU_3077 CLU_3128 12506 
CLU_3077 CLU_3141 10849 
CLU_3077 CLU_3143 10118 
CLU_3077 CLU_3160 9734 
CLU_3077 CLU_3166 7776 
CLU_3077 CLU_3176 8759 
CLU_3077 CLU_3200 9296 
CLU_3077 CLU_3214 10464 
CLU_3077 CLU_7923 8042 
CLU_3078 3118602190990 9401 
CLU_3078 3118602191229 9918 
CLU_3078 3118602190591 10148 
CLU_3078 3118602190567 11267 
CLU_3078 3118602190532 11800 
CLU_3078 3118602190494 12834 
CLU_3078 3118602190869 10262 
CLU_3078 3118602190605 9621 
CLU_3078 3118602190109 8777 
CLU_3078 3118607116306 13182 
CLU_3078 3118602190931 12907 
CLU_3078 3118602190923 12470 
CLU_3078 3118602190893 14208 
CLU_3078 3118602190486 11616 
CLU_3078 3118602190915 13706 
CLU_3078 3118602190222 13529 
CLU_3078 3118604696077 5445 
CLU_3078 3118602191024 4532 
CLU_3078 3118602190478 4079 
CLU_3078 3118602190389 3498 
CLU_3078 3118607110316 3266 
CLU_3078 3118602220261 5488 
CLU_3078 3118602190397 3742 
CLU_3078 3118602190176 6340 
CLU_3078 3118602191059 5939 
CLU_3078 3118602191040 5675 
CLU_3078 3118602190451 2019 
CLU_3078 3118602190206 1516 
CLU_3078 3118602190966 0 
CLU_3078 3118602190400 2132 
CLU_3078 3118602190877 1516 
CLU_3078 3118602190826 7174 
CLU_3078 3118602190729 10598 
CLU_3078 3118602190656 10598 
CLU_3078 3118602190834 10136 
CLU_3078 3118602190710 11297 
CLU_3078 3118602190796 11111 
CLU_3078 3118602190648 11135 
CLU_3078 3118602190818 7181 
CLU_3078 3118602190885 7309 
CLU_3078 3118607053355 869 
CLU_3078 3118602190192 12121 
CLU_3078 3118602190214 11257 
CLU_3078 3118602190680 10010 
CLU_3078 3118602190753 6861 
CLU_3078 3118602190141 8961 
CLU_3078 3118602220245 9239 
CLU_3078 3118602190788 9401 
CLU_3078 CLU_2943 10689 
CLU_3078 CLU_2961 10942 
CLU_3078 CLU_2970 11727 
CLU_3078 CLU_2971 12204 
CLU_3078 CLU_3051 4532 
CLU_3078 CLU_3055 5511 
CLU_3078 CLU_3060 5696 
CLU_3078 CLU_3084 1141 
CLU_3078 CLU_3086 8806 
CLU_3078 CLU_3087 9598 
CLU_3078 CLU_3098 10047 
CLU_3078 CLU_3108 10539 
CLU_3078 CLU_3121 11115 
CLU_3078 CLU_3128 12812 
CLU_3078 CLU_3141 11066 
CLU_3078 CLU_3143 10380 
CLU_3078 CLU_3160 9975 
CLU_3078 CLU_3166 8056 
CLU_3078 CLU_3176 9036 
CLU_3078 CLU_3200 9696 
CLU_3078 CLU_3214 10926 
CLU_3078 CLU_7923 8599 
CLU_3079 3118602190990 8765 
CLU_3079 3118602191229 9282 
CLU_3079 3118602190591 9494 
CLU_3079 3118602190567 10591 
CLU_3079 3118602190532 11121 
CLU_3079 3118602190494 12155 
CLU_3079 3118602190869 9583 
CLU_3079 3118602190605 8946 
CLU_3079 3118602190109 8098 
CLU_3079 3118607116306 12511 
CLU_3079 3118602190931 12234 
CLU_3079 3118602190923 11818 
CLU_3079 3118602190893 13561 
CLU_3079 3118602190486 10956 
CLU_3079 3118602190915 13068 
CLU_3079 3118602190222 12871 
CLU_3079 3118604696077 4773 
CLU_3079 3118602191024 3902 
CLU_3079 3118602190478 3470 
CLU_3079 3118602190389 2878 
CLU_3079 3118607110316 2614 
CLU_3079 3118602220261 4836 
CLU_3079 3118602190397 3071 
CLU_3079 3118602190176 5660 
CLU_3079 3118602191059 5297 
CLU_3079 3118602191040 5130 
CLU_3079 3118602190451 1648 
CLU_3079 3118602190206 1175 
CLU_3079 3118602190966 679 
CLU_3079 3118602190400 1557 
CLU_3079 3118602190877 1175 
CLU_3079 3118602190826 7085 
CLU_3079 3118602190729 10514 
CLU_3079 3118602190656 10514 
CLU_3079 3118602190834 10068 
CLU_3079 3118602190710 11129 
CLU_3079 3118602190796 10982 
CLU_3079 3118602190648 11038 
CLU_3079 3118602190818 7028 
CLU_3079 3118602190885 6714 
CLU_3079 3118607053355 526 
CLU_3079 3118602190192 11693 
CLU_3079 3118602190214 10826 
CLU_3079 3118602190680 9636 
CLU_3079 3118602190753 6402 
CLU_3079 3118602190141 8650 
CLU_3079 3118602220245 8715 
CLU_3079 3118602190788 8765 
CLU_3079 CLU_2943 10028 
CLU_3079 CLU_2961 10263 
CLU_3079 CLU_2970 11048 
CLU_3079 CLU_2971 11525 
CLU_3079 CLU_3051 3902 
CLU_3079 CLU_3055 4834 
CLU_3079 CLU_3060 5031 
CLU_3079 CLU_3084 509 
CLU_3079 CLU_3086 8742 
CLU_3079 CLU_3087 9534 
CLU_3079 CLU_3098 9903 
CLU_3079 CLU_3108 10071 
CLU_3079 CLU_3121 10572 
CLU_3079 CLU_3128 12345 
CLU_3079 CLU_3141 10690 
CLU_3079 CLU_3143 9957 
CLU_3079 CLU_3160 9575 
CLU_3079 CLU_3166 7615 
CLU_3079 CLU_3176 8598 
CLU_3079 CLU_3200 9138 
CLU_3079 CLU_3214 10314 
CLU_3079 CLU_7923 8009 
CLU_3080 3118602190990 7936 
CLU_3080 3118602191229 8451 
CLU_3080 3118602190591 8550 
CLU_3080 3118602190567 9450 
CLU_3080 3118602190532 9910 
CLU_3080 3118602190494 10939 
CLU_3080 3118602190869 8343 
CLU_3080 3118602190605 7633 
CLU_3080 3118602190109 6838 
CLU_3080 3118607116306 11162 
CLU_3080 3118602190931 10895 
CLU_3080 3118602190923 10403 
CLU_3080 3118602190893 12135 
CLU_3080 3118602190486 9559 
CLU_3080 3118602190915 11630 
CLU_3080 3118602190222 11470 
CLU_3080 3118604696077 3758 
CLU_3080 3118602191024 3262 
CLU_3080 3118602190478 2992 
CLU_3080 3118602190389 2421 
CLU_3080 3118607110316 1222 
CLU_3080 3118602220261 3999 
CLU_3080 3118602190397 2169 
CLU_3080 3118602190176 4467 
CLU_3080 3118602191059 4508 
CLU_3080 3118602191040 4812 
CLU_3080 3118602190451 2325 
CLU_3080 3118602190206 2083 
CLU_3080 3118602190966 2077 
CLU_3080 3118602190400 1703 
CLU_3080 3118602190877 2083 
CLU_3080 3118602190826 6355 
CLU_3080 3118602190729 9737 
CLU_3080 3118602190656 9737 
CLU_3080 3118602190834 9325 
CLU_3080 3118602190710 10190 
CLU_3080 3118602190796 10116 
CLU_3080 3118602190648 10229 
CLU_3080 3118602190818 6176 
CLU_3080 3118602190885 5252 
CLU_3080 3118607053355 1267 
CLU_3080 3118602190192 11596 
CLU_3080 3118602190214 10730 
CLU_3080 3118602190680 9710 
CLU_3080 3118602190753 6316 
CLU_3080 3118602190141 8898 
CLU_3080 3118602220245 8359 
CLU_3080 3118602190788 7936 
CLU_3080 CLU_2943 9035 
CLU_3080 CLU_2961 9052 
CLU_3080 CLU_2970 9771 
CLU_3080 CLU_2971 10260 
CLU_3080 CLU_3051 3262 
CLU_3080 CLU_3055 3569 
CLU_3080 CLU_3060 3666 
CLU_3080 CLU_3084 1313 
CLU_3080 CLU_3086 8027 
CLU_3080 CLU_3087 8808 
CLU_3080 CLU_3098 9020 
CLU_3080 CLU_3108 8686 
CLU_3080 CLU_3121 10123 
CLU_3080 CLU_3128 12125 
CLU_3080 CLU_3141 10744 
CLU_3080 CLU_3143 9894 
CLU_3080 CLU_3160 9579 
CLU_3080 CLU_3166 7547 
CLU_3080 CLU_3176 8514 
CLU_3080 CLU_3200 8656 
CLU_3080 CLU_3214 9589 
CLU_3080 CLU_7923 6547 
CLU_3081 3118602190990 8956 
CLU_3081 3118602191229 9474 
CLU_3081 3118602190591 9640 
CLU_3081 3118602190567 10645 
CLU_3081 3118602190532 11136 
CLU_3081 3118602190494 12167 
CLU_3081 3118602190869 9578 
CLU_3081 3118602190605 8890 
CLU_3081 3118602190109 8078 
CLU_3081 3118607116306 12427 
CLU_3081 3118602190931 12159 
CLU_3081 3118602190923 11666 
CLU_3081 3118602190893 13394 
CLU_3081 3118602190486 10825 
CLU_3081 3118602190915 12880 
CLU_3081 3118602190222 12736 
CLU_3081 3118604696077 4871 
CLU_3081 3118602191024 4130 
CLU_3081 3118602190478 3741 
CLU_3081 3118602190389 3141 
CLU_3081 3118607110316 2486 
CLU_3081 3118602220261 5006 
CLU_3081 3118602190397 3191 
CLU_3081 3118602190176 5676 
CLU_3081 3118602191059 5488 
CLU_3081 3118602191040 5468 
CLU_3081 3118602190451 2137 
CLU_3081 3118602190206 1684 
CLU_3081 3118602190966 869 
CLU_3081 3118602190400 1920 
CLU_3081 3118602190877 1684 
CLU_3081 3118602190826 6559 
CLU_3081 3118602190729 9989 
CLU_3081 3118602190656 9989 
CLU_3081 3118602190834 9541 
CLU_3081 3118602190710 10613 
CLU_3081 3118602190796 10460 
CLU_3081 3118602190648 10513 
CLU_3081 3118602190818 6508 
CLU_3081 3118602190885 6453 
CLU_3081 3118607053355 0 
CLU_3081 3118602190192 12107 
CLU_3081 3118602190214 11239 
CLU_3081 3118602190680 10081 
CLU_3081 3118602190753 6805 
CLU_3081 3118602190141 9124 
CLU_3081 3118602220245 9059 
CLU_3081 3118602190788 8956 
CLU_3081 CLU_2943 10153 
CLU_3081 CLU_2961 10277 
CLU_3081 CLU_2970 11020 
CLU_3081 CLU_2971 11505 
CLU_3081 CLU_3051 4130 
CLU_3081 CLU_3055 4805 
CLU_3081 CLU_3060 4931 
CLU_3081 CLU_3084 903 
CLU_3081 CLU_3086 8215 
CLU_3081 CLU_3087 9008 
CLU_3081 CLU_3098 9383 
CLU_3081 CLU_3108 9678 
CLU_3081 CLU_3121 10894 
CLU_3081 CLU_3128 12731 
CLU_3081 CLU_3141 11133 
CLU_3081 CLU_3143 10375 
CLU_3081 CLU_3160 10006 
CLU_3081 CLU_3166 8027 
CLU_3081 CLU_3176 9009 
CLU_3081 CLU_3200 9448 
CLU_3081 CLU_3214 10547 
CLU_3081 CLU_7923 7740 
CLU_3082 3118602190990 9249 
CLU_3082 3118602191229 9766 
CLU_3082 3118602190591 9960 
CLU_3082 3118602190567 11012 
CLU_3082 3118602190532 11519 
CLU_3082 3118602190494 12552 
CLU_3082 3118602190869 9969 
CLU_3082 3118602190605 9297 
CLU_3082 3118602190109 8474 
CLU_3082 3118607116306 12843 
CLU_3082 3118602190931 12572 
CLU_3082 3118602190923 12095 
CLU_3082 3118602190893 13825 
CLU_3082 3118602190486 11251 
CLU_3082 3118602190915 13314 
CLU_3082 3118602190222 13163 
CLU_3082 3118604696077 5214 
CLU_3082 3118602191024 4394 
CLU_3082 3118602190478 3974 
CLU_3082 3118602190389 3379 
CLU_3082 3118607110316 2904 
CLU_3082 3118602220261 5309 
CLU_3082 3118602190397 3519 
CLU_3082 3118602190176 6057 
CLU_3082 3118602191059 5779 
CLU_3082 3118602191040 5646 
CLU_3082 3118602190451 2129 
CLU_3082 3118602190206 1638 
CLU_3082 3118602190966 454 
CLU_3082 3118602190400 2072 
CLU_3082 3118602190877 1638 
CLU_3082 3118602190826 6786 
CLU_3082 3118602190729 10214 
CLU_3082 3118602190656 10214 
CLU_3082 3118602190834 9758 
CLU_3082 3118602190710 10886 
CLU_3082 3118602190796 10712 
CLU_3082 3118602190648 10746 
CLU_3082 3118602190818 6772 
CLU_3082 3118602190885 6889 
CLU_3082 3118607053355 436 
CLU_3082 3118602190192 12202 
CLU_3082 3118602190214 11335 
CLU_3082 3118602190680 10132 
CLU_3082 3118602190753 6914 
CLU_3082 3118602190141 9128 
CLU_3082 3118602220245 9231 
CLU_3082 3118602190788 9249 
CLU_3082 CLU_2943 10485 
CLU_3082 CLU_2961 10661 
CLU_3082 CLU_2970 11419 
CLU_3082 CLU_2971 11902 
CLU_3082 CLU_3051 4394 
CLU_3082 CLU_3055 5200 
CLU_3082 CLU_3060 5347 
CLU_3082 CLU_3084 1022 
CLU_3082 CLU_3086 8429 
CLU_3082 CLU_3087 9221 
CLU_3082 CLU_3098 9642 
CLU_3082 CLU_3108 10086 
CLU_3082 CLU_3121 11086 
CLU_3082 CLU_3128 12858 
CLU_3082 CLU_3141 11187 
CLU_3082 CLU_3143 10464 
CLU_3082 CLU_3160 10077 
CLU_3082 CLU_3166 8125 
CLU_3082 CLU_3176 9107 
CLU_3082 CLU_3200 9652 
CLU_3082 CLU_3214 10812 
CLU_3082 CLU_7923 8175 
CLU_3083 3118602190990 8099 
CLU_3083 3118602191229 8611 
CLU_3083 3118602190591 8915 
CLU_3083 3118602190567 10201 
CLU_3083 3118602190532 10813 
CLU_3083 3118602190494 11845 
CLU_3083 3118602190869 9330 
CLU_3083 3118602190605 8812 
CLU_3083 3118602190109 7897 
CLU_3083 3118607116306 12410 
CLU_3083 3118602190931 12116 
CLU_3083 3118602190923 11878 
CLU_3083 3118602190893 13645 
CLU_3083 3118602190486 10973 
CLU_3083 3118602190915 13203 
CLU_3083 3118602190222 12882 
CLU_3083 3118604696077 4396 
CLU_3083 3118602191024 3269 
CLU_3083 3118602190478 2762 
CLU_3083 3118602190389 2239 
CLU_3083 3118607110316 2899 
CLU_3083 3118602220261 4294 
CLU_3083 3118602190397 2758 
CLU_3083 3118602190176 5434 
CLU_3083 3118602191059 4691 
CLU_3083 3118602191040 4214 
CLU_3083 3118602190451 503 
CLU_3083 3118602190206 0 
CLU_3083 3118602190966 1516 
CLU_3083 3118602190400 902 
CLU_3083 3118602190877 0 
CLU_3083 3118602190826 8191 
CLU_3083 3118602190729 11614 
CLU_3083 3118602190656 11614 
CLU_3083 3118602190834 11177 
CLU_3083 3118602190710 12170 
CLU_3083 3118602190796 12052 
CLU_3083 3118602190648 12128 
CLU_3083 3118602190818 8095 
CLU_3083 3118602190885 7087 
CLU_3083 3118607053355 1684 
CLU_3083 3118602190192 10606 
CLU_3083 3118602190214 9741 
CLU_3083 3118602190680 8506 
CLU_3083 3118602190753 5346 
CLU_3083 3118602190141 7490 
CLU_3083 3118602220245 7749 
CLU_3083 3118602190788 8099 
CLU_3083 CLU_2943 9489 
CLU_3083 CLU_2961 9964 
CLU_3083 CLU_2970 10834 
CLU_3083 CLU_2971 11288 
CLU_3083 CLU_3051 3269 
CLU_3083 CLU_3055 4739 
CLU_3083 CLU_3060 5087 
CLU_3083 CLU_3084 856 
CLU_3083 CLU_3086 9857 
CLU_3083 CLU_3087 10647 
CLU_3083 CLU_3098 10965 
CLU_3083 CLU_3108 10727 
CLU_3083 CLU_3121 9638 
CLU_3083 CLU_3128 11298 
CLU_3083 CLU_3141 9562 
CLU_3083 CLU_3143 8865 
CLU_3083 CLU_3160 8464 
CLU_3083 CLU_3166 6540 
CLU_3083 CLU_3176 7520 
CLU_3083 CLU_3200 8235 
CLU_3083 CLU_3214 9552 
CLU_3083 CLU_7923 8380 
CLU_3084 3118602190990 8266 
CLU_3084 3118602191229 8783 
CLU_3084 3118602190591 9007 
CLU_3084 3118602190567 10140 
CLU_3084 3118602190532 10689 
CLU_3084 3118602190494 11723 
CLU_3084 3118602190869 9162 
CLU_3084 3118602190605 8556 
CLU_3084 3118602190109 7688 
CLU_3084 3118607116306 12136 
CLU_3084 3118602190931 11853 
CLU_3084 3118602190923 11493 
CLU_3084 3118602190893 13246 
CLU_3084 3118602190486 10616 
CLU_3084 3118602190915 12771 
CLU_3084 3118602190222 12531 
CLU_3084 3118604696077 4312 
CLU_3084 3118602191024 3400 
CLU_3084 3118602190478 2962 
CLU_3084 3118602190389 2372 
CLU_3084 3118607110316 2328 
CLU_3084 3118602220261 4347 
CLU_3084 3118602190397 2610 
CLU_3084 3118602190176 5237 
CLU_3084 3118602191059 4801 
CLU_3084 3118602191040 4624 
CLU_3084 3118602190451 1255 
CLU_3084 3118602190206 856 
CLU_3084 3118602190966 1141 
CLU_3084 3118602190400 1051 
CLU_3084 3118602190877 856 
CLU_3084 3118602190826 7337 
CLU_3084 3118602190729 10760 
CLU_3084 3118602190656 10760 
CLU_3084 3118602190834 10324 
CLU_3084 3118602190710 11315 
CLU_3084 3118602190796 11196 
CLU_3084 3118602190648 11273 
CLU_3084 3118602190818 7238 
CLU_3084 3118602190885 6500 
CLU_3084 3118607053355 903 
CLU_3084 3118602190192 11214 
CLU_3084 3118602190214 10347 
CLU_3084 3118602190680 9178 
CLU_3084 3118602190753 5916 
CLU_3084 3118602190141 8222 
CLU_3084 3118602220245 8211 
CLU_3084 3118602190788 8266 
CLU_3084 CLU_2943 9548 
CLU_3084 CLU_2961 9832 
CLU_3084 CLU_2970 10639 
CLU_3084 CLU_2971 11111 
CLU_3084 CLU_3051 3400 
CLU_3084 CLU_3055 4442 
CLU_3084 CLU_3060 4688 
CLU_3084 CLU_3084 0 
CLU_3084 CLU_3086 9005 
CLU_3084 CLU_3087 9795 
CLU_3084 CLU_3098 10110 
CLU_3084 CLU_3108 10000 
CLU_3084 CLU_3121 10064 
CLU_3084 CLU_3128 11853 
CLU_3084 CLU_3141 10231 
CLU_3084 CLU_3143 9481 
CLU_3084 CLU_3160 9106 
CLU_3084 CLU_3166 7135 
CLU_3084 CLU_3176 8117 
CLU_3084 CLU_3200 8630 
CLU_3084 CLU_3214 9808 
CLU_3084 CLU_7923 7798 
CLU_3085 3118602190990 12721 
CLU_3085 3118602191229 13170 
CLU_3085 3118602190591 12901 
CLU_3085 3118602190567 12842 
CLU_3085 3118602190532 12843 
CLU_3085 3118602190494 13698 
CLU_3085 3118602190869 11354 
CLU_3085 3118602190605 10282 
CLU_3085 3118602190109 10045 
CLU_3085 3118607116306 12822 
CLU_3085 3118602190931 12693 
CLU_3085 3118602190923 11336 
CLU_3085 3118602190893 12605 
CLU_3085 3118602190486 10922 
CLU_3085 3118602190915 11893 
CLU_3085 3118602190222 12464 
CLU_3085 3118604696077 8823 
CLU_3085 3118602191024 9120 
CLU_3085 3118602190478 9061 
CLU_3085 3118602190389 8589 
CLU_3085 3118607110316 6515 
CLU_3085 3118602220261 9398 
CLU_3085 3118602190397 7962 
CLU_3085 3118602190176 8722 
CLU_3085 3118602191059 9897 
CLU_3085 3118602191040 10830 
CLU_3085 3118602190451 8569 
CLU_3085 3118602190206 8191 
CLU_3085 3118602190966 7174 
CLU_3085 3118602190400 8048 
CLU_3085 3118602190877 8191 
CLU_3085 3118602190826 0 
CLU_3085 3118602190729 3429 
CLU_3085 3118602190656 3429 
CLU_3085 3118602190834 2986 
CLU_3085 3118602190710 4217 
CLU_3085 3118602190796 3953 
CLU_3085 3118602190648 3960 
CLU_3085 3118602190818 672 
CLU_3085 3118602190885 6360 
CLU_3085 3118607053355 6559 
CLU_3085 3118602190192 17575 
CLU_3085 3118602190214 16730 
CLU_3085 3118602190680 15896 
CLU_3085 3118602190753 12458 
CLU_3085 3118602190141 15199 
CLU_3085 3118602220245 14100 
CLU_3085 3118602190788 12721 
CLU_3085 CLU_2943 13142 
CLU_3085 CLU_2961 12116 
CLU_3085 CLU_2970 12276 
CLU_3085 CLU_2971 12781 
CLU_3085 CLU_3051 9120 
CLU_3085 CLU_3055 7868 
CLU_3085 CLU_3060 7358 
CLU_3085 CLU_3084 7337 
CLU_3085 CLU_3086 1672 
CLU_3085 CLU_3087 2459 
CLU_3085 CLU_3098 2927 
CLU_3085 CLU_3108 6183 
CLU_3085 CLU_3121 15614 
CLU_3085 CLU_3128 17930 
CLU_3085 CLU_3141 16897 
CLU_3085 CLU_3143 15949 
CLU_3085 CLU_3160 15707 
CLU_3085 CLU_3166 13661 
CLU_3085 CLU_3176 14585 
CLU_3085 CLU_3200 14168 
CLU_3085 CLU_3214 14497 
CLU_3085 CLU_7923 6918 
CLU_3086 3118602190990 14157 
CLU_3086 3118602191229 14589 
CLU_3086 3118602190591 14263 
CLU_3086 3118602190567 14038 
CLU_3086 3118602190532 13952 
CLU_3086 3118602190494 14751 
CLU_3086 3118602190869 12525 
CLU_3086 3118602190605 11430 
CLU_3086 3118602190109 11301 
CLU_3086 3118607116306 13671 
CLU_3086 3118602190931 13576 
CLU_3086 3118602190923 12081 
CLU_3086 3118602190893 13185 
CLU_3086 3118602190486 11783 
CLU_3086 3118602190915 12452 
CLU_3086 3118602190222 13175 
CLU_3086 3118604696077 10374 
CLU_3086 3118602191024 10743 
CLU_3086 3118602190478 10704 
CLU_3086 3118602190389 10243 
CLU_3086 3118607110316 8153 
CLU_3086 3118602220261 10972 
CLU_3086 3118602190397 9594 
CLU_3086 3118602190176 10184 
CLU_3086 3118602191059 11461 
CLU_3086 3118602191040 12457 
CLU_3086 3118602190451 10239 
CLU_3086 3118602190206 9857 
CLU_3086 3118602190966 8806 
CLU_3086 3118602190400 9720 
CLU_3086 3118602190877 9857 
CLU_3086 3118602190826 1672 
CLU_3086 3118602190729 1803 
CLU_3086 3118602190656 1803 
CLU_3086 3118602190834 1330 
CLU_3086 3118602190710 2880 
CLU_3086 3118602190796 2460 
CLU_3086 3118602190648 2363 
CLU_3086 3118602190818 1969 
CLU_3086 3118602190885 7526 
CLU_3086 3118607053355 8215 
CLU_3086 3118602190192 19173 
CLU_3086 3118602190214 18333 
CLU_3086 3118602190680 17532 
CLU_3086 3118602190753 14095 
CLU_3086 3118602190141 16857 
CLU_3086 3118602220245 15670 
CLU_3086 3118602190788 14157 
CLU_3086 CLU_2943 14459 
CLU_3086 CLU_2961 13272 
CLU_3086 CLU_2970 13320 
CLU_3086 CLU_2971 13811 
CLU_3086 CLU_3051 10743 
CLU_3086 CLU_3055 9371 
CLU_3086 CLU_3060 8820 
CLU_3086 CLU_3084 9005 
CLU_3086 CLU_3086 0 
CLU_3086 CLU_3087 792 
CLU_3086 CLU_3098 1632 
CLU_3086 CLU_3108 6409 
CLU_3086 CLU_3121 17135 
CLU_3086 CLU_3128 19494 
CLU_3086 CLU_3141 18526 
CLU_3086 CLU_3143 17564 
CLU_3086 CLU_3160 17335 
CLU_3086 CLU_3166 15290 
CLU_3086 CLU_3176 16205 
CLU_3086 CLU_3200 15702 
CLU_3086 CLU_3214 15929 
CLU_3086 CLU_7923 7864 
CLU_3087 3118602190990 14791 
CLU_3087 3118602191229 15213 
CLU_3087 3118602190591 14860 
CLU_3087 3118602190567 14554 
CLU_3087 3118602190532 14427 
CLU_3087 3118602190494 15195 
CLU_3087 3118602190869 13034 
CLU_3087 3118602190605 11932 
CLU_3087 3118602190109 11854 
CLU_3087 3118607116306 14022 
CLU_3087 3118602190931 13945 
CLU_3087 3118602190923 12392 
CLU_3087 3118602190893 13413 
CLU_3087 3118602190486 12150 
CLU_3087 3118602190915 12673 
CLU_3087 3118602190222 13464 
CLU_3087 3118604696077 11074 
CLU_3087 3118602191024 11484 
CLU_3087 3118602190478 11457 
CLU_3087 3118602190389 11005 
CLU_3087 3118607110316 8906 
CLU_3087 3118602220261 11683 
CLU_3087 3118602190397 10341 
CLU_3087 3118602190176 10840 
CLU_3087 3118602191059 12167 
CLU_3087 3118602191040 13199 
CLU_3087 3118602190451 11028 
CLU_3087 3118602190206 10647 
CLU_3087 3118602190966 9598 
CLU_3087 3118602190400 10503 
CLU_3087 3118602190877 10647 
CLU_3087 3118602190826 2459 
CLU_3087 3118602190729 1032 
CLU_3087 3118602190656 1032 
CLU_3087 3118602190834 540 
CLU_3087 3118602190710 2301 
CLU_3087 3118602190796 1781 
CLU_3087 3118602190648 1604 
CLU_3087 3118602190818 2695 
CLU_3087 3118602190885 8061 
CLU_3087 3118607053355 9008 
CLU_3087 3118602190192 19892 
CLU_3087 3118602190214 19056 
CLU_3087 3118602190680 18279 
CLU_3087 3118602190753 14842 
CLU_3087 3118602190141 17621 
CLU_3087 3118602220245 16375 
CLU_3087 3118602190788 14791 
CLU_3087 CLU_2943 15033 
CLU_3087 CLU_2961 13771 
CLU_3087 CLU_2970 13765 
CLU_3087 CLU_2971 14249 
CLU_3087 CLU_3051 11484 
CLU_3087 CLU_3055 10049 
CLU_3087 CLU_3060 9480 
CLU_3087 CLU_3084 9795 
CLU_3087 CLU_3086 792 
CLU_3087 CLU_3087 0 
CLU_3087 CLU_3098 1230 
CLU_3087 CLU_3108 6548 
CLU_3087 CLU_3121 17811 
CLU_3087 CLU_3128 20194 
CLU_3087 CLU_3141 19267 
CLU_3087 CLU_3143 18295 
CLU_3087 CLU_3160 18075 
CLU_3087 CLU_3166 16032 
CLU_3087 CLU_3176 16940 
CLU_3087 CLU_3200 16387 
CLU_3087 CLU_3214 16559 
CLU_3087 CLU_7923 8299 
CLU_3088 3118602190990 14929 
CLU_3088 3118602191229 15337 
CLU_3088 3118602190591 14948 
CLU_3088 3118602190567 14545 
CLU_3088 3118602190532 14372 
CLU_3088 3118602190494 15107 
CLU_3088 3118602190869 13020 
CLU_3088 3118602190605 11914 
CLU_3088 3118602190109 11895 
CLU_3088 3118607116306 13845 
CLU_3088 3118602190931 13783 
CLU_3088 3118602190923 12181 
CLU_3088 3118602190893 13127 
CLU_3088 3118602190486 11991 
CLU_3088 3118602190915 12384 
CLU_3088 3118602190222 13230 
CLU_3088 3118604696077 11320 
CLU_3088 3118602191024 11804 
CLU_3088 3118602190478 11806 
CLU_3088 3118602190389 11374 
CLU_3088 3118607110316 9260 
CLU_3088 3118602220261 11948 
CLU_3088 3118602190397 10678 
CLU_3088 3118602190176 11018 
CLU_3088 3118602191059 12420 
CLU_3088 3118602191040 13518 
CLU_3088 3118602190451 11492 
CLU_3088 3118602190206 11127 
CLU_3088 3118602190966 10129 
CLU_3088 3118602190400 10941 
CLU_3088 3118602190877 11127 
CLU_3088 3118602190826 2955 
CLU_3088 3118602190729 511 
CLU_3088 3118602190656 511 
CLU_3088 3118602190834 407 
CLU_3088 3118602190710 1610 
CLU_3088 3118602190796 1094 
CLU_3088 3118602190648 1005 
CLU_3088 3118602190818 3065 
CLU_3088 3118602190885 8098 
CLU_3088 3118607053355 9509 
CLU_3088 3118602190192 20160 
CLU_3088 3118602190214 19333 
CLU_3088 3118602190680 18603 
CLU_3088 3118602190753 15172 
CLU_3088 3118602190141 17988 
CLU_3088 3118602220245 16620 
CLU_3088 3118602190788 14929 
CLU_3088 CLU_2943 15091 
CLU_3088 CLU_2961 13744 
CLU_3088 CLU_2970 13681 
CLU_3088 CLU_2971 14155 
CLU_3088 CLU_3051 11804 
CLU_3088 CLU_3055 10263 
CLU_3088 CLU_3060 9670 
CLU_3088 CLU_3084 10272 
CLU_3088 CLU_3086 1380 
CLU_3088 CLU_3087 695 
CLU_3088 CLU_3098 723 
CLU_3088 CLU_3108 6224 
CLU_3088 CLU_3121 18006 
CLU_3088 CLU_3128 20426 
CLU_3088 CLU_3141 19579 
CLU_3088 CLU_3143 18587 
CLU_3088 CLU_3160 18385 
CLU_3088 CLU_3166 16349 
CLU_3088 CLU_3176 17242 
CLU_3088 CLU_3200 16597 
CLU_3088 CLU_3214 16688 
CLU_3088 CLU_7923 8227 
CLU_3089 3118602190990 15203 
CLU_3089 3118602191229 15597 
CLU_3089 3118602190591 15171 
CLU_3089 3118602190567 14667 
CLU_3089 3118602190532 14446 
CLU_3089 3118602190494 15143 
CLU_3089 3118602190869 13142 
CLU_3089 3118602190605 12035 
CLU_3089 3118602190109 12078 
CLU_3089 3118607116306 13785 
CLU_3089 3118602190931 13742 
CLU_3089 3118602190923 12089 
CLU_3089 3118602190893 12945 
CLU_3089 3118602190486 11959 
CLU_3089 3118602190915 12201 
CLU_3089 3118602190222 13109 
CLU_3089 3118604696077 11711 
CLU_3089 3118602191024 12264 
CLU_3089 3118602190478 12291 
CLU_3089 3118602190389 11880 
CLU_3089 3118607110316 9757 
CLU_3089 3118602220261 12354 
CLU_3089 3118602190397 11156 
CLU_3089 3118602190176 11343 
CLU_3089 3118602191059 12815 
CLU_3089 3118602191040 13973 
CLU_3089 3118602190451 12082 
CLU_3089 3118602190206 11731 
CLU_3089 3118602190966 10777 
CLU_3089 3118602190400 11508 
CLU_3089 3118602190877 11731 
CLU_3089 3118602190826 3613 
CLU_3089 3118602190729 628 
CLU_3089 3118602190656 628 
CLU_3089 3118602190834 1026 
CLU_3089 3118602190710 906 
CLU_3089 3118602190796 348 
CLU_3089 3118602190648 542 
CLU_3089 3118602190818 3637 
CLU_3089 3118602190885 8298 
CLU_3089 3118607053355 10133 
CLU_3089 3118602190192 20556 
CLU_3089 3118602190214 19737 
CLU_3089 3118602190680 19055 
CLU_3089 3118602190753 15634 
CLU_3089 3118602190141 18481 
CLU_3089 3118602220245 16998 
CLU_3089 3118602190788 15203 
CLU_3089 CLU_2943 15283 
CLU_3089 CLU_2961 13849 
CLU_3089 CLU_2970 13725 
CLU_3089 CLU_2971 14187 
CLU_3089 CLU_3051 12264 
CLU_3089 CLU_3055 10627 
CLU_3089 CLU_3060 10012 
CLU_3089 CLU_3084 10875 
CLU_3089 CLU_3086 2112 
CLU_3089 CLU_3087 1443 
CLU_3089 CLU_3098 815 
CLU_3089 CLU_3108 6038 
CLU_3089 CLU_3121 18333 
CLU_3089 CLU_3128 20786 
CLU_3089 CLU_3141 20018 
CLU_3089 CLU_3143 19008 
CLU_3089 CLU_3160 18823 
CLU_3089 CLU_3166 16797 
CLU_3089 CLU_3176 17675 
CLU_3089 CLU_3200 16941 
CLU_3089 CLU_3214 16950 
CLU_3089 CLU_7923 8310 
CLU_3090 3118602190990 15185 
CLU_3090 3118602191229 15600 
CLU_3090 3118602190591 15226 
CLU_3090 3118602190567 14861 
CLU_3090 3118602190532 14704 
CLU_3090 3118602190494 15451 
CLU_3090 3118602190869 13338 
CLU_3090 3118602190605 12233 
CLU_3090 3118602190109 12191 
CLU_3090 3118607116306 14214 
CLU_3090 3118602190931 14148 
CLU_3090 3118602190923 12557 
CLU_3090 3118602190893 13519 
CLU_3090 3118602190486 12355 
CLU_3090 3118602190915 12777 
CLU_3090 3118602190222 13613 
CLU_3090 3118604696077 11521 
CLU_3090 3118602191024 11963 
CLU_3090 3118602190478 11948 
CLU_3090 3118602190389 11503 
CLU_3090 3118607110316 9397 
CLU_3090 3118602220261 12139 
CLU_3090 3118602190397 10827 
CLU_3090 3118602190176 11253 
CLU_3090 3118602191059 12618 
CLU_3090 3118602191040 13678 
CLU_3090 3118602190451 11554 
CLU_3090 3118602190206 11177 
CLU_3090 3118602190966 10136 
CLU_3090 3118602190400 11023 
CLU_3090 3118602190877 11177 
CLU_3090 3118602190826 2986 
CLU_3090 3118602190729 507 
CLU_3090 3118602190656 507 
CLU_3090 3118602190834 0 
CLU_3090 3118602190710 1928 
CLU_3090 3118602190796 1334 
CLU_3090 3118602190648 1083 
CLU_3090 3118602190818 3183 
CLU_3090 3118602190885 8394 
CLU_3090 3118607053355 9541 
CLU_3090 3118602190192 20351 
CLU_3090 3118602190214 19519 
CLU_3090 3118602190680 18761 
CLU_3090 3118602190753 15326 
CLU_3090 3118602190141 18119 
CLU_3090 3118602220245 16823 
CLU_3090 3118602190788 15185 
CLU_3090 CLU_2943 15381 
CLU_3090 CLU_2961 14066 
CLU_3090 CLU_2970 14023 
CLU_3090 CLU_2971 14500 
CLU_3090 CLU_3051 11963 
CLU_3090 CLU_3055 10480 
CLU_3090 CLU_3060 9899 
CLU_3090 CLU_3084 10324 
CLU_3090 CLU_3086 1330 
CLU_3090 CLU_3087 540 
CLU_3090 CLU_3098 1128 
CLU_3090 CLU_3108 6620 
CLU_3090 CLU_3121 18235 
CLU_3090 CLU_3128 20636 
CLU_3090 CLU_3141 19744 
CLU_3090 CLU_3143 18764 
CLU_3090 CLU_3160 18551 
CLU_3090 CLU_3166 16511 
CLU_3090 CLU_3176 17413 
CLU_3090 CLU_3200 16818 
CLU_3090 CLU_3214 16948 
CLU_3090 CLU_7923 8563 
CLU_3091 3118602190990 15411 
CLU_3091 3118602191229 15825 
CLU_3091 3118602190591 15450 
CLU_3091 3118602190567 15078 
CLU_3091 3118602190532 14917 
CLU_3091 3118602190494 15659 
CLU_3091 3118602190869 13555 
CLU_3091 3118602190605 12450 
CLU_3091 3118602190109 12413 
CLU_3091 3118607116306 14409 
CLU_3091 3118602190931 14346 
CLU_3091 3118602190923 12747 
CLU_3091 3118602190893 13694 
CLU_3091 3118602190486 12554 
CLU_3091 3118602190915 12951 
CLU_3091 3118602190222 13798 
CLU_3091 3118604696077 11748 
CLU_3091 3118602191024 12187 
CLU_3091 3118602190478 12169 
CLU_3091 3118602190389 11722 
CLU_3091 3118607110316 9619 
CLU_3091 3118602220261 12365 
CLU_3091 3118602190397 11049 
CLU_3091 3118602190176 11480 
CLU_3091 3118602191059 12844 
CLU_3091 3118602191040 13902 
CLU_3091 3118602190451 11761 
CLU_3091 3118602190206 11382 
CLU_3091 3118602190966 10330 
CLU_3091 3118602190400 11234 
CLU_3091 3118602190877 11382 
CLU_3091 3118602190826 3192 
CLU_3091 3118602190729 429 
CLU_3091 3118602190656 429 
CLU_3091 3118602190834 227 
CLU_3091 3118602190710 1938 
CLU_3091 3118602190796 1304 
CLU_3091 3118602190648 974 
CLU_3091 3118602190818 3404 
CLU_3091 3118602190885 8615 
CLU_3091 3118607053355 9742 
CLU_3091 3118602190192 20577 
CLU_3091 3118602190214 19744 
CLU_3091 3118602190680 18985 
CLU_3091 3118602190753 15549 
CLU_3091 3118602190141 18339 
CLU_3091 3118602220245 17050 
CLU_3091 3118602190788 15411 
CLU_3091 CLU_2943 15604 
CLU_3091 CLU_2961 14282 
CLU_3091 CLU_2970 14232 
CLU_3091 CLU_2971 14708 
CLU_3091 CLU_3051 12187 
CLU_3091 CLU_3055 10708 
CLU_3091 CLU_3060 10126 
CLU_3091 CLU_3084 10529 
CLU_3091 CLU_3086 1526 
CLU_3091 CLU_3087 734 
CLU_3091 CLU_3098 1286 
CLU_3091 CLU_3108 6789 
CLU_3091 CLU_3121 18462 
CLU_3091 CLU_3128 20863 
CLU_3091 CLU_3141 19968 
CLU_3091 CLU_3143 18989 
CLU_3091 CLU_3160 18775 
CLU_3091 CLU_3166 16735 
CLU_3091 CLU_3176 17638 
CLU_3091 CLU_3200 17045 
CLU_3091 CLU_3214 17174 
CLU_3091 CLU_7923 8774 
CLU_3092 3118602190990 15592 
CLU_3092 3118602191229 16002 
CLU_3092 3118602190591 15616 
CLU_3092 3118602190567 15213 
CLU_3092 3118602190532 15037 
CLU_3092 3118602190494 15767 
CLU_3092 3118602190869 13689 
CLU_3092 3118602190605 12583 
CLU_3092 3118602190109 12565 
CLU_3092 3118607116306 14485 
CLU_3092 3118602190931 14428 
CLU_3092 3118602190923 12811 
CLU_3092 3118602190893 13727 
CLU_3092 3118602190486 12638 
CLU_3092 3118602190915 12984 
CLU_3092 3118602190222 13853 
CLU_3092 3118604696077 11959 
CLU_3092 3118602191024 12416 
CLU_3092 3118602190478 12405 
CLU_3092 3118602190389 11962 
CLU_3092 3118607110316 9855 
CLU_3092 3118602220261 12581 
CLU_3092 3118602190397 11282 
CLU_3092 3118602190176 11673 
CLU_3092 3118602191059 13057 
CLU_3092 3118602191040 14131 
CLU_3092 3118602190451 12020 
CLU_3092 3118602190206 11643 
CLU_3092 3118602190966 10598 
CLU_3092 3118602190400 11488 
CLU_3092 3118602190877 11643 
CLU_3092 3118602190826 3452 
CLU_3092 3118602190729 279 
CLU_3092 3118602190656 279 
CLU_3092 3118602190834 465 
CLU_3092 3118602190710 1782 
CLU_3092 3118602190796 1120 
CLU_3092 3118602190648 729 
CLU_3092 3118602190818 3642 
CLU_3092 3118602190885 8768 
CLU_3092 3118607053355 10006 
CLU_3092 3118602190192 20793 
CLU_3092 3118602190214 19963 
CLU_3092 3118602190680 19215 
CLU_3092 3118602190753 15781 
CLU_3092 3118602190141 18579 
CLU_3092 3118602220245 17260 
CLU_3092 3118602190788 15592 
CLU_3092 CLU_2943 15761 
CLU_3092 CLU_2961 14411 
CLU_3092 CLU_2970 14342 
CLU_3092 CLU_2971 14814 
CLU_3092 CLU_3051 12416 
CLU_3092 CLU_3055 10910 
CLU_3092 CLU_3060 10322 
CLU_3092 CLU_3084 10790 
CLU_3092 CLU_3086 1792 
CLU_3092 CLU_3087 1000 
CLU_3092 CLU_3098 1331 
CLU_3092 CLU_3108 6817 
CLU_3092 CLU_3121 18659 
CLU_3092 CLU_3128 21070 
CLU_3092 CLU_3141 20196 
CLU_3092 CLU_3143 19211 
CLU_3092 CLU_3160 19002 
CLU_3092 CLU_3166 16963 
CLU_3092 CLU_3176 17863 
CLU_3092 CLU_3200 17247 
CLU_3092 CLU_3214 17352 
CLU_3092 CLU_7923 8892 
CLU_3093 3118602190990 15426 
CLU_3093 3118602191229 15832 
CLU_3093 3118602190591 15435 
CLU_3093 3118602190567 15005 
CLU_3093 3118602190532 14817 
CLU_3093 3118602190494 15540 
CLU_3093 3118602190869 13480 
CLU_3093 3118602190605 12374 
CLU_3093 3118602190109 12372 
CLU_3093 3118607116306 14239 
CLU_3093 3118602190931 14185 
CLU_3093 3118602190923 12560 
CLU_3093 3118602190893 13463 
CLU_3093 3118602190486 12397 
CLU_3093 3118602190915 12720 
CLU_3093 3118602190222 13597 
CLU_3093 3118604696077 11830 
CLU_3093 3118602191024 12316 
CLU_3093 3118602190478 12316 
CLU_3093 3118602190389 11882 
CLU_3093 3118607110316 9769 
CLU_3093 3118602220261 12459 
CLU_3093 3118602190397 11189 
CLU_3093 3118602190176 11521 
CLU_3093 3118602191059 12931 
CLU_3093 3118602191040 14030 
CLU_3093 3118602190451 11984 
CLU_3093 3118602190206 11614 
CLU_3093 3118602190966 10598 
CLU_3093 3118602190400 11438 
CLU_3093 3118602190877 11614 
CLU_3093 3118602190826 3429 
CLU_3093 3118602190729 0 
CLU_3093 3118602190656 0 
CLU_3093 3118602190834 507 
CLU_3093 3118602190710 1522 
CLU_3093 3118602190796 877 
CLU_3093 3118602190648 576 
CLU_3093 3118602190818 3569 
CLU_3093 3118602190885 8577 
CLU_3093 3118607053355 9989 
CLU_3093 3118602190192 20671 
CLU_3093 3118602190214 19844 
CLU_3093 3118602190680 19115 
CLU_3093 3118602190753 15683 
CLU_3093 3118602190141 18497 
CLU_3093 3118602220245 17130 
CLU_3093 3118602190788 15426 
CLU_3093 CLU_2943 15571 
CLU_3093 CLU_2961 14199 
CLU_3093 CLU_2970 14116 
CLU_3093 CLU_2971 14586 
CLU_3093 CLU_3051 12316 
CLU_3093 CLU_3055 10771 
CLU_3093 CLU_3060 10175 
CLU_3093 CLU_3084 10760 
CLU_3093 CLU_3086 1803 
CLU_3093 CLU_3087 1032 
CLU_3093 CLU_3098 1090 
CLU_3093 CLU_3108 6553 
CLU_3093 CLU_3121 18511 
CLU_3093 CLU_3128 20934 
CLU_3093 CLU_3141 20090 
CLU_3093 CLU_3143 19098 
CLU_3093 CLU_3160 18896 
CLU_3093 CLU_3166 16861 
CLU_3093 CLU_3176 17754 
CLU_3093 CLU_3200 17104 
CLU_3093 CLU_3214 17183 
CLU_3093 CLU_7923 8673 
CLU_3094 3118602190990 15822 
CLU_3094 3118602191229 16228 
CLU_3094 3118602190591 15832 
CLU_3094 3118602190567 15399 
CLU_3094 3118602190532 15207 
CLU_3094 3118602190494 15925 
CLU_3094 3118602190869 13874 
CLU_3094 3118602190605 12767 
CLU_3094 3118602190109 12768 
CLU_3094 3118607116306 14610 
CLU_3094 3118602190931 14559 
CLU_3094 3118602190923 12925 
CLU_3094 3118602190893 13807 
CLU_3094 3118602190486 12772 
CLU_3094 3118602190915 13063 
CLU_3094 3118602190222 13955 
CLU_3094 3118604696077 12217 
CLU_3094 3118602191024 12691 
CLU_3094 3118602190478 12685 
CLU_3094 3118602190389 12246 
CLU_3094 3118607110316 10136 
CLU_3094 3118602220261 12844 
CLU_3094 3118602190397 11560 
CLU_3094 3118602190176 11915 
CLU_3094 3118602191059 13317 
CLU_3094 3118602191040 14405 
CLU_3094 3118602190451 12318 
CLU_3094 3118602190206 11943 
CLU_3094 3118602190966 10902 
CLU_3094 3118602190400 11783 
CLU_3094 3118602190877 11943 
CLU_3094 3118602190826 3752 
CLU_3094 3118602190729 397 
CLU_3094 3118602190656 397 
CLU_3094 3118602190834 766 
CLU_3094 3118602190710 1681 
CLU_3094 3118602190796 1004 
CLU_3094 3118602190648 526 
CLU_3094 3118602190818 3927 
CLU_3094 3118602190885 8974 
CLU_3094 3118607053355 10308 
CLU_3094 3118602190192 21056 
CLU_3094 3118602190214 20228 
CLU_3094 3118602190680 19490 
CLU_3094 3118602190753 16057 
CLU_3094 3118602190141 18862 
CLU_3094 3118602220245 17518 
CLU_3094 3118602190788 15822 
CLU_3094 CLU_2943 15968 
CLU_3094 CLU_2961 14592 
CLU_3094 CLU_2970 14502 
CLU_3094 CLU_2971 14970 
CLU_3094 CLU_3051 12691 
CLU_3094 CLU_3055 11162 
CLU_3094 CLU_3060 10568 
CLU_3094 CLU_3084 11089 
CLU_3094 CLU_3086 2095 
CLU_3094 CLU_3087 1304 
CLU_3094 CLU_3098 1475 
CLU_3094 CLU_3108 6897 
CLU_3094 CLU_3121 18905 
CLU_3094 CLU_3128 21324 
CLU_3094 CLU_3141 20468 
CLU_3094 CLU_3143 19480 
CLU_3094 CLU_3160 19274 
CLU_3094 CLU_3166 17237 
CLU_3094 CLU_3176 18133 
CLU_3094 CLU_3200 17496 
CLU_3094 CLU_3214 17580 
CLU_3094 CLU_7923 9063 
CLU_3095 3118602190990 15624 
CLU_3095 3118602191229 16028 
CLU_3095 3118602190591 15627 
CLU_3095 3118602190567 15183 
CLU_3095 3118602190532 14987 
CLU_3095 3118602190494 15703 
CLU_3095 3118602190869 13658 
CLU_3095 3118602190605 12551 
CLU_3095 3118602190109 12558 
CLU_3095 3118607116306 14385 
CLU_3095 3118602190931 14334 
CLU_3095 3118602190923 12699 
CLU_3095 3118602190893 13582 
CLU_3095 3118602190486 12547 
CLU_3095 3118602190915 12839 
CLU_3095 3118602190222 13730 
CLU_3095 3118604696077 12039 
CLU_3095 3118602191024 12527 
CLU_3095 3118602190478 12528 
CLU_3095 3118602190389 12096 
CLU_3095 3118607110316 9982 
CLU_3095 3118602220261 12668 
CLU_3095 3118602190397 11401 
CLU_3095 3118602190176 11724 
CLU_3095 3118602191059 13139 
CLU_3095 3118602191040 14241 
CLU_3095 3118602190451 12195 
CLU_3095 3118602190206 11825 
CLU_3095 3118602190966 10804 
CLU_3095 3118602190400 11651 
CLU_3095 3118602190877 11825 
CLU_3095 3118602190826 3638 
CLU_3095 3118602190729 213 
CLU_3095 3118602190656 213 
CLU_3095 3118602190834 686 
CLU_3095 3118602190710 1503 
CLU_3095 3118602190796 831 
CLU_3095 3118602190648 423 
CLU_3095 3118602190818 3782 
CLU_3095 3118602190885 8765 
CLU_3095 3118607053355 10198 
CLU_3095 3118602190192 20880 
CLU_3095 3118602190214 20053 
CLU_3095 3118602190680 19326 
CLU_3095 3118602190753 15895 
CLU_3095 3118602190141 18710 
CLU_3095 3118602220245 17337 
CLU_3095 3118602190788 15624 
CLU_3095 CLU_2943 15758 
CLU_3095 CLU_2961 14374 
CLU_3095 CLU_2970 14280 
CLU_3095 CLU_2971 14748 
CLU_3095 CLU_3051 12527 
CLU_3095 CLU_3055 10977 
CLU_3095 CLU_3060 10379 
CLU_3095 CLU_3084 10971 
CLU_3095 CLU_3086 2004 
CLU_3095 CLU_3087 1223 
CLU_3095 CLU_3098 1256 
CLU_3095 CLU_3108 6672 
CLU_3095 CLU_3121 18715 
CLU_3095 CLU_3128 21140 
CLU_3095 CLU_3141 20302 
CLU_3095 CLU_3143 19309 
CLU_3095 CLU_3160 19107 
CLU_3095 CLU_3166 17072 
CLU_3095 CLU_3176 17965 
CLU_3095 CLU_3200 17309 
CLU_3095 CLU_3214 17379 
CLU_3095 CLU_7923 8844 
CLU_3096 3118602190990 15407 
CLU_3096 3118602191229 15794 
CLU_3096 3118602190591 15354 
CLU_3096 3118602190567 14808 
CLU_3096 3118602190532 14566 
CLU_3096 3118602190494 15246 
CLU_3096 3118602190869 13284 
CLU_3096 3118602190605 12178 
CLU_3096 3118602190109 12247 
CLU_3096 3118607116306 13847 
CLU_3096 3118602190931 13811 
CLU_3096 3118602190923 12137 
CLU_3096 3118602190893 12950 
CLU_3096 3118602190486 12036 
CLU_3096 3118602190915 12207 
CLU_3096 3118602190222 13143 
CLU_3096 3118604696077 11962 
CLU_3096 3118602191024 12538 
CLU_3096 3118602190478 12575 
CLU_3096 3118602190389 12171 
CLU_3096 3118607110316 10047 
CLU_3096 3118602220261 12610 
CLU_3096 3118602190397 11438 
CLU_3096 3118602190176 11569 
CLU_3096 3118602191059 13066 
CLU_3096 3118602191040 14246 
CLU_3096 3118602190451 12399 
CLU_3096 3118602190206 12052 
CLU_3096 3118602190966 11111 
CLU_3096 3118602190400 11818 
CLU_3096 3118602190877 12052 
CLU_3096 3118602190826 3953 
CLU_3096 3118602190729 877 
CLU_3096 3118602190656 877 
CLU_3096 3118602190834 1334 
CLU_3096 3118602190710 677 
CLU_3096 3118602190796 0 
CLU_3096 3118602190648 516 
CLU_3096 3118602190818 3957 
CLU_3096 3118602190885 8479 
CLU_3096 3118607053355 10460 
CLU_3096 3118602190192 20805 
CLU_3096 3118602190214 19989 
CLU_3096 3118602190680 19325 
CLU_3096 3118602190753 15908 
CLU_3096 3118602190141 18765 
CLU_3096 3118602220245 17241 
CLU_3096 3118602190788 15407 
CLU_3096 CLU_2943 15453 
CLU_3096 CLU_2961 13984 
CLU_3096 CLU_2970 13833 
CLU_3096 CLU_2971 14289 
CLU_3096 CLU_3051 12538 
CLU_3096 CLU_3055 10868 
CLU_3096 CLU_3060 10246 
CLU_3096 CLU_3084 11196 
CLU_3096 CLU_3086 2460 
CLU_3096 CLU_3087 1781 
CLU_3096 CLU_3098 1097 
CLU_3096 CLU_3108 6058 
CLU_3096 CLU_3121 18556 
CLU_3096 CLU_3128 21020 
CLU_3096 CLU_3141 20282 
CLU_3096 CLU_3143 19266 
CLU_3096 CLU_3160 19088 
CLU_3096 CLU_3166 17065 
CLU_3096 CLU_3176 17937 
CLU_3096 CLU_3200 17171 
CLU_3096 CLU_3214 17147 
CLU_3096 CLU_7923 8444 
CLU_3097 3118602190990 15139 
CLU_3097 3118602191229 15523 
CLU_3097 3118602190591 15079 
CLU_3097 3118602190567 14524 
CLU_3097 3118602190532 14280 
CLU_3097 3118602190494 14959 
CLU_3097 3118602190869 13000 
CLU_3097 3118602190605 11895 
CLU_3097 3118602190109 11969 
CLU_3097 3118607116306 13560 
CLU_3097 3118602190931 13524 
CLU_3097 3118602190923 11852 
CLU_3097 3118602190893 12671 
CLU_3097 3118602190486 11748 
CLU_3097 3118602190915 11928 
CLU_3097 3118602190222 12860 
CLU_3097 3118604696077 11717 
CLU_3097 3118602191024 12310 
CLU_3097 3118602190478 12355 
CLU_3097 3118602190389 11958 
CLU_3097 3118607110316 9833 
CLU_3097 3118602220261 12368 
CLU_3097 3118602190397 11217 
CLU_3097 3118602190176 11311 
CLU_3097 3118602191059 12821 
CLU_3097 3118602191040 14016 
CLU_3097 3118602190451 12218 
CLU_3097 3118602190206 11879 
CLU_3097 3118602190966 10962 
CLU_3097 3118602190400 11628 
CLU_3097 3118602190877 11879 
CLU_3097 3118602190826 3828 
CLU_3097 3118602190729 1014 
CLU_3097 3118602190656 1014 
CLU_3097 3118602190834 1407 
CLU_3097 3118602190710 520 
CLU_3097 3118602190796 287 
CLU_3097 3118602190648 778 
CLU_3097 3118602190818 3790 
CLU_3097 3118602190885 8205 
CLU_3097 3118607053355 10299 
CLU_3097 3118602190192 20558 
CLU_3097 3118602190214 19744 
CLU_3097 3118602190680 19092 
CLU_3097 3118602190753 15680 
CLU_3097 3118602190141 18544 
CLU_3097 3118602220245 16991 
CLU_3097 3118602190788 15139 
CLU_3097 CLU_2943 15175 
CLU_3097 CLU_2961 13700 
CLU_3097 CLU_2970 13546 
CLU_3097 CLU_2971 14002 
CLU_3097 CLU_3051 12310 
CLU_3097 CLU_3055 10618 
CLU_3097 CLU_3060 9992 
CLU_3097 CLU_3084 11023 
CLU_3097 CLU_3086 2408 
CLU_3097 CLU_3087 1792 
CLU_3097 CLU_3098 915 
CLU_3097 CLU_3108 5776 
CLU_3097 CLU_3121 18295 
CLU_3097 CLU_3128 20766 
CLU_3097 CLU_3141 20046 
CLU_3097 CLU_3143 19025 
CLU_3097 CLU_3160 18852 
CLU_3097 CLU_3166 16832 
CLU_3097 CLU_3176 17700 
CLU_3097 CLU_3200 16914 
CLU_3097 CLU_3214 16877 
CLU_3097 CLU_7923 8160 
CLU_3098 3118602190990 14408 
CLU_3098 3118602191229 14806 
CLU_3098 3118602190591 14392 
CLU_3098 3118602190567 13928 
CLU_3098 3118602190532 13732 
CLU_3098 3118602190494 14450 
CLU_3098 3118602190869 12403 
CLU_3098 3118602190605 11296 
CLU_3098 3118602190109 11312 
CLU_3098 3118607116306 13154 
CLU_3098 3118602190931 13097 
CLU_3098 3118602190923 11480 
CLU_3098 3118602190893 12409 
CLU_3098 3118602190486 11308 
CLU_3098 3118602190915 11667 
CLU_3098 3118602190222 12524 
CLU_3098 3118604696077 10897 
CLU_3098 3118602191024 11451 
CLU_3098 3118602190478 11482 
CLU_3098 3118602190389 11075 
CLU_3098 3118607110316 8951 
CLU_3098 3118602220261 11539 
CLU_3098 3118602190397 10346 
CLU_3098 3118602190176 10536 
CLU_3098 3118602191059 12000 
CLU_3098 3118602191040 13160 
CLU_3098 3118602190451 11308 
CLU_3098 3118602190206 10965 
CLU_3098 3118602190966 10047 
CLU_3098 3118602190400 10723 
CLU_3098 3118602190877 10965 
CLU_3098 3118602190826 2927 
CLU_3098 3118602190729 1090 
CLU_3098 3118602190656 1090 
CLU_3098 3118602190834 1128 
CLU_3098 3118602190710 1296 
CLU_3098 3118602190796 1097 
CLU_3098 3118602190648 1328 
CLU_3098 3118602190818 2875 
CLU_3098 3118602190885 7523 
CLU_3098 3118607053355 9383 
CLU_3098 3118602190192 19742 
CLU_3098 3118602190214 18923 
CLU_3098 3118602190680 18241 
CLU_3098 3118602190753 14821 
CLU_3098 3118602190141 17671 
CLU_3098 3118602220245 16185 
CLU_3098 3118602190788 14408 
CLU_3098 CLU_2943 14515 
CLU_3098 CLU_2961 13118 
CLU_3098 CLU_2970 13027 
CLU_3098 CLU_2971 13496 
CLU_3098 CLU_3051 11451 
CLU_3098 CLU_3055 9814 
CLU_3098 CLU_3060 9202 
CLU_3098 CLU_3084 10110 
CLU_3098 CLU_3086 1632 
CLU_3098 CLU_3087 1230 
CLU_3098 CLU_3098 0 
CLU_3098 CLU_3108 5503 
CLU_3098 CLU_3121 17527 
CLU_3098 CLU_3128 19975 
CLU_3098 CLU_3141 19203 
CLU_3098 CLU_3143 18193 
CLU_3098 CLU_3160 18008 
CLU_3098 CLU_3166 15982 
CLU_3098 CLU_3176 16860 
CLU_3098 CLU_3200 16132 
CLU_3098 CLU_3214 16158 
CLU_3098 CLU_7923 7588 
CLU_3099 3118602190990 15513 
CLU_3099 3118602191229 15882 
CLU_3099 3118602190591 15403 
CLU_3099 3118602190567 14748 
CLU_3099 3118602190532 14455 
CLU_3099 3118602190494 15092 
CLU_3099 3118602190869 13230 
CLU_3099 3118602190605 12130 
CLU_3099 3118602190109 12266 
CLU_3099 3118607116306 13597 
CLU_3099 3118602190931 13581 
CLU_3099 3118602190923 11862 
CLU_3099 3118602190893 12578 
CLU_3099 3118602190486 11824 
CLU_3099 3118602190915 11837 
CLU_3099 3118602190222 12833 
CLU_3099 3118604696077 12216 
CLU_3099 3118602191024 12871 
CLU_3099 3118602190478 12939 
CLU_3099 3118602190389 12561 
CLU_3099 3118607110316 10437 
CLU_3099 3118602220261 12880 
CLU_3099 3118602190397 11798 
CLU_3099 3118602190176 11751 
CLU_3099 3118602191059 13319 
CLU_3099 3118602191040 14567 
CLU_3099 3118602190451 12893 
CLU_3099 3118602190206 12566 
CLU_3099 3118602190966 11687 
CLU_3099 3118602190400 12285 
CLU_3099 3118602190877 12566 
CLU_3099 3118602190826 4590 
CLU_3099 3118602190729 1693 
CLU_3099 3118602190656 1693 
CLU_3099 3118602190834 2150 
CLU_3099 3118602190710 398 
CLU_3099 3118602190796 818 
CLU_3099 3118602190648 1241 
CLU_3099 3118602190818 4506 
CLU_3099 3118602190885 8549 
CLU_3099 3118607053355 11006 
CLU_3099 3118602190192 21039 
CLU_3099 3118602190214 20236 
CLU_3099 3118602190680 19630 
CLU_3099 3118602190753 16233 
CLU_3099 3118602190141 19121 
CLU_3099 3118602220245 17462 
CLU_3099 3118602190788 15513 
CLU_3099 CLU_2943 15467 
CLU_3099 CLU_2961 13910 
CLU_3099 CLU_2970 13693 
CLU_3099 CLU_2971 14135 
CLU_3099 CLU_3051 12871 
CLU_3099 CLU_3055 11098 
CLU_3099 CLU_3060 10456 
CLU_3099 CLU_3084 11712 
CLU_3099 CLU_3086 3203 
CLU_3099 CLU_3087 2574 
CLU_3099 CLU_3098 1663 
CLU_3099 CLU_3108 5755 
CLU_3099 CLU_3121 18713 
CLU_3099 CLU_3128 21212 
CLU_3099 CLU_3141 20569 
CLU_3099 CLU_3143 19533 
CLU_3099 CLU_3160 19377 
CLU_3099 CLU_3166 17369 
CLU_3099 CLU_3176 18221 
CLU_3099 CLU_3200 17353 
CLU_3099 CLU_3214 17234 
CLU_3099 CLU_7923 8388 
CLU_3100 3118602190990 15938 
CLU_3100 3118602191229 16303 
CLU_3100 3118602190591 15818 
CLU_3100 3118602190567 15140 
CLU_3100 3118602190532 14834 
CLU_3100 3118602190494 15458 
CLU_3100 3118602190869 13625 
CLU_3100 3118602190605 12527 
CLU_3100 3118602190109 12677 
CLU_3100 3118607116306 13932 
CLU_3100 3118602190931 13923 
CLU_3100 3118602190923 12190 
CLU_3100 3118602190893 12864 
CLU_3100 3118602190486 12175 
CLU_3100 3118602190915 12125 
CLU_3100 3118602190222 13145 
CLU_3100 3118604696077 12655 
CLU_3100 3118602191024 13311 
CLU_3100 3118602190478 13379 
CLU_3100 3118602190389 13000 
CLU_3100 3118607110316 10876 
CLU_3100 3118602220261 13319 
CLU_3100 3118602190397 12238 
CLU_3100 3118602190176 12185 
CLU_3100 3118602191059 13758 
CLU_3100 3118602191040 15007 
CLU_3100 3118602190451 13322 
CLU_3100 3118602190206 12991 
CLU_3100 3118602190966 12098 
CLU_3100 3118602190400 12717 
CLU_3100 3118602190877 12991 
CLU_3100 3118602190826 4978 
CLU_3100 3118602190729 1903 
CLU_3100 3118602190656 1903 
CLU_3100 3118602190834 2392 
CLU_3100 3118602190710 835 
CLU_3100 3118602190796 1080 
CLU_3100 3118602190648 1372 
CLU_3100 3118602190818 4919 
CLU_3100 3118602190885 8970 
CLU_3100 3118607053355 11425 
CLU_3100 3118602190192 21476 
CLU_3100 3118602190214 20674 
CLU_3100 3118602190680 20070 
CLU_3100 3118602190753 16673 
CLU_3100 3118602190141 19561 
CLU_3100 3118602220245 17898 
CLU_3100 3118602190788 15938 
CLU_3100 CLU_2943 15876 
CLU_3100 CLU_2961 14299 
CLU_3100 CLU_2970 14064 
CLU_3100 CLU_2971 14501 
CLU_3100 CLU_3051 13311 
CLU_3100 CLU_3055 11536 
CLU_3100 CLU_3060 10892 
CLU_3100 CLU_3084 12136 
CLU_3100 CLU_3086 3535 
CLU_3100 CLU_3087 2860 
CLU_3100 CLU_3098 2056 
CLU_3100 CLU_3108 6085 
CLU_3100 CLU_3121 19143 
CLU_3100 CLU_3128 21645 
CLU_3100 CLU_3141 21009 
CLU_3100 CLU_3143 19972 
CLU_3100 CLU_3160 19817 
CLU_3100 CLU_3166 17810 
CLU_3100 CLU_3176 18661 
CLU_3100 CLU_3200 17786 
CLU_3100 CLU_3214 17655 
CLU_3100 CLU_7923 8786 
CLU_3101 3118602190990 12222 
CLU_3101 3118602191229 12662 
CLU_3101 3118602190591 12365 
CLU_3101 3118602190567 12246 
CLU_3101 3118602190532 12225 
CLU_3101 3118602190494 13069 
CLU_3101 3118602190869 10750 
CLU_3101 3118602190605 9671 
CLU_3101 3118602190109 9465 
CLU_3101 3118607116306 12163 
CLU_3101 3118602190931 12038 
CLU_3101 3118602190923 10668 
CLU_3101 3118602190893 11932 
CLU_3101 3118602190486 10263 
CLU_3101 3118602190915 11220 
CLU_3101 3118602190222 11795 
CLU_3101 3118604696077 8405 
CLU_3101 3118602191024 8788 
CLU_3101 3118602190478 8765 
CLU_3101 3118602190389 8320 
CLU_3101 3118607110316 6215 
CLU_3101 3118602220261 9003 
CLU_3101 3118602190397 7647 
CLU_3101 3118602190176 8236 
CLU_3101 3118602191059 9492 
CLU_3101 3118602191040 10503 
CLU_3101 3118602190451 8445 
CLU_3101 3118602190206 8095 
CLU_3101 3118602190966 7181 
CLU_3101 3118602190400 7879 
CLU_3101 3118602190877 8095 
CLU_3101 3118602190826 672 
CLU_3101 3118602190729 3569 
CLU_3101 3118602190656 3569 
CLU_3101 3118602190834 3183 
CLU_3101 3118602190710 4116 
CLU_3101 3118602190796 3957 
CLU_3101 3118602190648 4052 
CLU_3101 3118602190818 0 
CLU_3101 3118602190885 5746 
CLU_3101 3118607053355 6508 
CLU_3101 3118602190192 17205 
CLU_3101 3118602190214 16367 
CLU_3101 3118602190680 15584 
CLU_3101 3118602190753 12147 
CLU_3101 3118602190141 14937 
CLU_3101 3118602220245 13700 
CLU_3101 3118602190788 12222 
CLU_3101 CLU_2943 12587 
CLU_3101 CLU_2961 11508 
CLU_3101 CLU_2970 11644 
CLU_3101 CLU_2971 12147 
CLU_3101 CLU_3051 8788 
CLU_3101 CLU_3055 7410 
CLU_3101 CLU_3060 6870 
CLU_3101 CLU_3084 7238 
CLU_3101 CLU_3086 1969 
CLU_3101 CLU_3087 2695 
CLU_3101 CLU_3098 2875 
CLU_3101 CLU_3108 5540 
CLU_3101 CLU_3121 15172 
CLU_3101 CLU_3128 17525 
CLU_3101 CLU_3141 16572 
CLU_3101 CLU_3143 15602 
CLU_3101 CLU_3160 15379 
CLU_3101 CLU_3166 13337 
CLU_3101 CLU_3176 14246 
CLU_3101 CLU_3200 13736 
CLU_3101 CLU_3214 13997 
CLU_3101 CLU_7923 6264 
CLU_3102 3118602190990 15224 
CLU_3102 3118602191229 15625 
CLU_3102 3118602190591 15216 
CLU_3102 3118602190567 14757 
CLU_3102 3118602190532 14557 
CLU_3102 3118602190494 15271 
CLU_3102 3118602190869 13232 
CLU_3102 3118602190605 12125 
CLU_3102 3118602190109 12140 
CLU_3102 3118607116306 13951 
CLU_3102 3118602190931 13901 
CLU_3102 3118602190923 12267 
CLU_3102 3118602190893 13157 
CLU_3102 3118602190486 12114 
CLU_3102 3118602190915 12414 
CLU_3102 3118602190222 13300 
CLU_3102 3118604696077 11672 
CLU_3102 3118602191024 12188 
CLU_3102 3118602190478 12201 
CLU_3102 3118602190389 11779 
CLU_3102 3118607110316 9660 
CLU_3102 3118602220261 12307 
CLU_3102 3118602190397 11070 
CLU_3102 3118602190176 11337 
CLU_3102 3118602191059 12774 
CLU_3102 3118602191040 13901 
CLU_3102 3118602190451 11929 
CLU_3102 3118602190206 11569 
CLU_3102 3118602190966 10585 
CLU_3102 3118602190400 11369 
CLU_3102 3118602190877 11569 
CLU_3102 3118602190826 3410 
CLU_3102 3118602190729 317 
CLU_3102 3118602190656 317 
CLU_3102 3118602190834 687 
CLU_3102 3118602190710 1247 
CLU_3102 3118602190796 652 
CLU_3102 3118602190648 562 
CLU_3102 3118602190818 3490 
CLU_3102 3118602190885 8350 
CLU_3102 3118607053355 9957 
CLU_3102 3118602190192 20516 
CLU_3102 3118602190214 19693 
CLU_3102 3118602190680 18985 
CLU_3102 3118602190753 15558 
CLU_3102 3118602190141 18388 
CLU_3102 3118602220245 16967 
CLU_3102 3118602190788 15224 
CLU_3102 CLU_2943 15342 
CLU_3102 CLU_2961 13947 
CLU_3102 CLU_2970 13849 
CLU_3102 CLU_2971 14316 
CLU_3102 CLU_3051 12188 
CLU_3102 CLU_3055 10602 
CLU_3102 CLU_3060 9997 
CLU_3102 CLU_3084 10714 
CLU_3102 CLU_3086 1847 
CLU_3102 CLU_3087 1134 
CLU_3102 CLU_3098 829 
CLU_3102 CLU_3108 6247 
CLU_3102 CLU_3121 18329 
CLU_3102 CLU_3128 20765 
CLU_3102 CLU_3141 19955 
CLU_3102 CLU_3143 18955 
CLU_3102 CLU_3160 18761 
CLU_3102 CLU_3166 16729 
CLU_3102 CLU_3176 17615 
CLU_3102 CLU_3200 16928 
CLU_3102 CLU_3214 16977 
CLU_3102 CLU_7923 8414 
CLU_3103 3118602190990 11486 
CLU_3103 3118602191229 11926 
CLU_3103 3118602190591 11630 
CLU_3103 3118602190567 11532 
CLU_3103 3118602190532 11527 
CLU_3103 3118602190494 12383 
CLU_3103 3118602190869 10041 
CLU_3103 3118602190605 8967 
CLU_3103 3118602190109 8742 
CLU_3103 3118607116306 11533 
CLU_3103 3118602190931 11398 
CLU_3103 3118602190923 10074 
CLU_3103 3118602190893 11390 
CLU_3103 3118602190486 9633 
CLU_3103 3118602190915 10688 
CLU_3103 3118602190222 11208 
CLU_3103 3118604696077 7685 
CLU_3103 3118602191024 8103 
CLU_3103 3118602190478 8098 
CLU_3103 3118602190389 7669 
CLU_3103 3118607110316 5552 
CLU_3103 3118602220261 8290 
CLU_3103 3118602190397 6971 
CLU_3103 3118602190176 7502 
CLU_3103 3118602191059 8775 
CLU_3103 3118602191040 9817 
CLU_3103 3118602190451 7893 
CLU_3103 3118602190206 7566 
CLU_3103 3118602190966 6746 
CLU_3103 3118602190400 7296 
CLU_3103 3118602190877 7566 
CLU_3103 3118602190826 1315 
CLU_3103 3118602190729 4217 
CLU_3103 3118602190656 4217 
CLU_3103 3118602190834 3861 
CLU_3103 3118602190710 4604 
CLU_3103 3118602190796 4525 
CLU_3103 3118602190648 4670 
CLU_3103 3118602190818 735 
CLU_3103 3118602190885 5044 
CLU_3103 3118607053355 6027 
CLU_3103 3118602190192 16498 
CLU_3103 3118602190214 15663 
CLU_3103 3118602190680 14902 
CLU_3103 3118602190753 11468 
CLU_3103 3118602190141 14281 
CLU_3103 3118602220245 12984 
CLU_3103 3118602190788 11486 
CLU_3103 CLU_2943 11856 
CLU_3103 CLU_2961 10802 
CLU_3103 CLU_2970 10962 
CLU_3103 CLU_2971 11467 
CLU_3103 CLU_3051 8103 
CLU_3103 CLU_3055 6680 
CLU_3103 CLU_3060 6136 
CLU_3103 CLU_3084 6712 
CLU_3103 CLU_3086 2692 
CLU_3103 CLU_3087 3394 
CLU_3103 CLU_3098 3428 
CLU_3103 CLU_3108 5210 
CLU_3103 CLU_3121 14443 
CLU_3103 CLU_3128 16806 
CLU_3103 CLU_3141 15883 
CLU_3103 CLU_3143 14904 
CLU_3103 CLU_3160 14690 
CLU_3103 CLU_3166 12650 
CLU_3103 CLU_3176 13552 
CLU_3103 CLU_3200 13010 
CLU_3103 CLU_3214 13261 
CLU_3103 CLU_7923 5623 
CLU_3104 3118602190990 15155 
CLU_3104 3118602191229 15528 
CLU_3104 3118602190591 15058 
CLU_3104 3118602190567 14433 
CLU_3104 3118602190532 14156 
CLU_3104 3118602190494 14808 
CLU_3104 3118602190869 12913 
CLU_3104 3118602190605 11810 
CLU_3104 3118602190109 11928 
CLU_3104 3118607116306 13348 
CLU_3104 3118602190931 13325 
CLU_3104 3118602190923 11623 
CLU_3104 3118602190893 12383 
CLU_3104 3118602190486 11560 
CLU_3104 3118602190915 11641 
CLU_3104 3118602190222 12610 
CLU_3104 3118604696077 11831 
CLU_3104 3118602191024 12477 
CLU_3104 3118602190478 12543 
CLU_3104 3118602190389 12164 
CLU_3104 3118607110316 10040 
CLU_3104 3118602220261 12493 
CLU_3104 3118602190397 11402 
CLU_3104 3118602190176 11377 
CLU_3104 3118602191059 12934 
CLU_3104 3118602191040 14175 
CLU_3104 3118602190451 12496 
CLU_3104 3118602190206 12170 
CLU_3104 3118602190966 11297 
CLU_3104 3118602190400 11887 
CLU_3104 3118602190877 12170 
CLU_3104 3118602190826 4217 
CLU_3104 3118602190729 1522 
CLU_3104 3118602190656 1522 
CLU_3104 3118602190834 1928 
CLU_3104 3118602190710 0 
CLU_3104 3118602190796 677 
CLU_3104 3118602190648 1183 
CLU_3104 3118602190818 4116 
CLU_3104 3118602190885 8196 
CLU_3104 3118607053355 10613 
CLU_3104 3118602190192 20658 
CLU_3104 3118602190214 19853 
CLU_3104 3118602190680 19240 
CLU_3104 3118602190753 15840 
CLU_3104 3118602190141 18726 
CLU_3104 3118602220245 17083 
CLU_3104 3118602190788 15155 
CLU_3104 CLU_2943 15131 
CLU_3104 CLU_2961 13599 
CLU_3104 CLU_2970 13403 
CLU_3104 CLU_2971 13850 
CLU_3104 CLU_3051 12477 
CLU_3104 CLU_3055 10716 
CLU_3104 CLU_3060 10077 
CLU_3104 CLU_3084 11315 
CLU_3104 CLU_3086 2880 
CLU_3104 CLU_3087 2301 
CLU_3104 CLU_3098 1296 
CLU_3104 CLU_3108 5522 
CLU_3104 CLU_3121 18345 
CLU_3104 CLU_3128 20838 
CLU_3104 CLU_3141 20181 
CLU_3104 CLU_3143 19147 
CLU_3104 CLU_3160 18989 
CLU_3104 CLU_3166 16979 
CLU_3104 CLU_3176 17833 
CLU_3104 CLU_3200 16980 
CLU_3104 CLU_3214 16880 
CLU_3104 CLU_7923 8068 
CLU_3105 3118602190990 13823 
CLU_3105 3118602191229 14241 
CLU_3105 3118602190591 13878 
CLU_3105 3118602190567 13559 
CLU_3105 3118602190532 13433 
CLU_3105 3118602190494 14205 
CLU_3105 3118602190869 12039 
CLU_3105 3118602190605 10937 
CLU_3105 3118602190109 10862 
CLU_3105 3118607116306 13055 
CLU_3105 3118602190931 12972 
CLU_3105 3118602190923 11439 
CLU_3105 3118602190893 12500 
CLU_3105 3118602190486 11177 
CLU_3105 3118602190915 11764 
CLU_3105 3118602190222 12521 
CLU_3105 3118604696077 10158 
CLU_3105 3118602191024 10623 
CLU_3105 3118602190478 10622 
CLU_3105 3118602190389 10190 
CLU_3105 3118607110316 8076 
CLU_3105 3118602220261 10780 
CLU_3105 3118602190397 9495 
CLU_3105 3118602190176 9887 
CLU_3105 3118602191059 11256 
CLU_3105 3118602191040 12338 
CLU_3105 3118602190451 10329 
CLU_3105 3118602190206 9972 
CLU_3105 3118602190966 9012 
CLU_3105 3118602190400 9768 
CLU_3105 3118602190877 9972 
CLU_3105 3118602190826 1860 
CLU_3105 3118602190729 1693 
CLU_3105 3118602190656 1693 
CLU_3105 3118602190834 1366 
CLU_3105 3118602190710 2370 
CLU_3105 3118602190796 2099 
CLU_3105 3118602190648 2163 
CLU_3105 3118602190818 1888 
CLU_3105 3118602190885 7068 
CLU_3105 3118607053355 8368 
CLU_3105 3118602190192 18993 
CLU_3105 3118602190214 18162 
CLU_3105 3118602190680 17422 
CLU_3105 3118602190753 13990 
CLU_3105 3118602190141 16803 
CLU_3105 3118602220245 15460 
CLU_3105 3118602190788 13823 
CLU_3105 CLU_2943 14044 
CLU_3105 CLU_2961 12775 
CLU_3105 CLU_2970 12775 
CLU_3105 CLU_2971 13259 
CLU_3105 CLU_3051 10623 
CLU_3105 CLU_3055 9114 
CLU_3105 CLU_3060 8532 
CLU_3105 CLU_3084 9116 
CLU_3105 CLU_3086 764 
CLU_3105 CLU_3087 995 
CLU_3105 CLU_3098 1073 
CLU_3105 CLU_3108 5683 
CLU_3105 CLU_3121 16868 
CLU_3105 CLU_3128 19271 
CLU_3105 CLU_3141 18400 
CLU_3105 CLU_3143 17412 
CLU_3105 CLU_3160 17206 
CLU_3105 CLU_3166 15169 
CLU_3105 CLU_3176 16065 
CLU_3105 CLU_3200 15452 
CLU_3105 CLU_3214 15589 
CLU_3105 CLU_7923 7309 
CLU_3106 3118602190990 10326 
CLU_3106 3118602191229 10830 
CLU_3106 3118602190591 10815 
CLU_3106 3118602190567 11406 
CLU_3106 3118602190532 11713 
CLU_3106 3118602190494 12707 
CLU_3106 3118602190869 10120 
CLU_3106 3118602190605 9235 
CLU_3106 3118602190109 8620 
CLU_3106 3118607116306 12524 
CLU_3106 3118602190931 12302 
CLU_3106 3118602190923 11453 
CLU_3106 3118602190893 13066 
CLU_3106 3118602190486 10743 
CLU_3106 3118602190915 12461 
CLU_3106 3118602190222 12584 
CLU_3106 3118604696077 6109 
CLU_3106 3118602191024 5861 
CLU_3106 3118602190478 5627 
CLU_3106 3118602190389 5061 
CLU_3106 3118607110316 3385 
CLU_3106 3118602220261 6483 
CLU_3106 3118602190397 4715 
CLU_3106 3118602190176 6529 
CLU_3106 3118602191059 7004 
CLU_3106 3118602191040 7449 
CLU_3106 3118602190451 4563 
CLU_3106 3118602190206 4138 
CLU_3106 3118602190966 3037 
CLU_3106 3118602190400 4172 
CLU_3106 3118602190877 4138 
CLU_3106 3118602190826 4137 
CLU_3106 3118602190729 7562 
CLU_3106 3118602190656 7562 
CLU_3106 3118602190834 7104 
CLU_3106 3118602190710 8278 
CLU_3106 3118602190796 8076 
CLU_3106 3118602190648 8098 
CLU_3106 3118602190818 4164 
CLU_3106 3118602190885 5931 
CLU_3106 3118607053355 2462 
CLU_3106 3118602190192 14235 
CLU_3106 3118602190214 13369 
CLU_3106 3118602190680 12327 
CLU_3106 3118602190753 8950 
CLU_3106 3118602190141 11461 
CLU_3106 3118602220245 10980 
CLU_3106 3118602190788 10326 
CLU_3106 CLU_2943 11229 
CLU_3106 CLU_2961 10876 
CLU_3106 CLU_2970 11410 
CLU_3106 CLU_2971 11921 
CLU_3106 CLU_3051 5861 
CLU_3106 CLU_3055 5567 
CLU_3106 CLU_3060 5376 
CLU_3106 CLU_3084 3308 
CLU_3106 CLU_3086 5775 
CLU_3106 CLU_3087 6567 
CLU_3106 CLU_3098 7018 
CLU_3106 CLU_3108 8215 
CLU_3106 CLU_3121 12711 
CLU_3106 CLU_3128 14760 
CLU_3106 CLU_3141 13367 
CLU_3106 CLU_3143 12530 
CLU_3106 CLU_3160 12208 
CLU_3106 CLU_3166 10181 
CLU_3106 CLU_3176 11151 
CLU_3106 CLU_3200 11240 
CLU_3106 CLU_3214 12038 
CLU_3106 CLU_7923 7080 
CLU_3107 3118602190990 8920 
CLU_3107 3118602191229 9427 
CLU_3107 3118602190591 9439 
CLU_3107 3118602190567 10127 
CLU_3107 3118602190532 10489 
CLU_3107 3118602190494 11500 
CLU_3107 3118602190869 8899 
CLU_3107 3118602190605 8074 
CLU_3107 3118602190109 7387 
CLU_3107 3118607116306 11480 
CLU_3107 3118602190931 11237 
CLU_3107 3118602190923 10540 
CLU_3107 3118602190893 12216 
CLU_3107 3118602190486 9766 
CLU_3107 3118602190915 11654 
CLU_3107 3118602190222 11649 
CLU_3107 3118604696077 4700 
CLU_3107 3118602191024 4444 
CLU_3107 3118602190478 4232 
CLU_3107 3118602190389 3682 
CLU_3107 3118607110316 1971 
CLU_3107 3118602220261 5059 
CLU_3107 3118602190397 3292 
CLU_3107 3118602190176 5189 
CLU_3107 3118602191059 5580 
CLU_3107 3118602191040 6057 
CLU_3107 3118602190451 3486 
CLU_3107 3118602190206 3145 
CLU_3107 3118602190966 2512 
CLU_3107 3118602190400 2955 
CLU_3107 3118602190877 3145 
CLU_3107 3118602190826 5096 
CLU_3107 3118602190729 8500 
CLU_3107 3118602190656 8500 
CLU_3107 3118602190834 8076 
CLU_3107 3118602190710 9024 
CLU_3107 3118602190796 8914 
CLU_3107 3118602190648 9004 
CLU_3107 3118602190818 4958 
CLU_3107 3118602190885 5117 
CLU_3107 3118607053355 1683 
CLU_3107 3118602190192 12855 
CLU_3107 3118602190214 11991 
CLU_3107 3118602190680 10995 
CLU_3107 3118602190753 7591 
CLU_3107 3118602190141 10189 
CLU_3107 3118602220245 9566 
CLU_3107 3118602190788 8920 
CLU_3107 CLU_2943 9874 
CLU_3107 CLU_2961 9641 
CLU_3107 CLU_2970 10247 
CLU_3107 CLU_2971 10752 
CLU_3107 CLU_3051 4444 
CLU_3107 CLU_3055 4233 
CLU_3107 CLU_3060 4125 
CLU_3107 CLU_3084 2291 
CLU_3107 CLU_3086 6769 
CLU_3107 CLU_3087 7554 
CLU_3107 CLU_3098 7824 
CLU_3107 CLU_3108 8049 
CLU_3107 CLU_3121 11288 
CLU_3107 CLU_3128 13357 
CLU_3107 CLU_3141 12026 
CLU_3107 CLU_3143 11162 
CLU_3107 CLU_3160 10857 
CLU_3107 CLU_3166 8820 
CLU_3107 CLU_3176 9783 
CLU_3107 CLU_3200 9817 
CLU_3107 CLU_3214 10623 
CLU_3107 CLU_7923 6362 
CLU_3108 3118602190990 10707 
CLU_3108 3118602191229 10980 
CLU_3108 3118602190591 10350 
CLU_3108 3118602190567 9324 
CLU_3108 3118602190532 8899 
CLU_3108 3118602190494 9441 
CLU_3108 3118602190869 7860 
CLU_3108 3118602190605 6814 
CLU_3108 3118602190109 7211 
CLU_3108 3118607116306 7846 
CLU_3108 3118602190931 7842 
CLU_3108 3118602190923 6107 
CLU_3108 3118602190893 6910 
CLU_3108 3118602190486 6111 
CLU_3108 3118602190915 6167 
CLU_3108 3118602190222 7088 
CLU_3108 3118604696077 8454 
CLU_3108 3118602191024 9566 
CLU_3108 3118602190478 9853 
CLU_3108 3118602190389 9713 
CLU_3108 3118607110316 7899 
CLU_3108 3118602220261 9148 
CLU_3108 3118602190397 8814 
CLU_3108 3118602190176 7581 
CLU_3108 3118602191059 9445 
CLU_3108 3118602191040 11037 
CLU_3108 3118602190451 10847 
CLU_3108 3118602190206 10727 
CLU_3108 3118602190966 10539 
CLU_3108 3118602190400 10083 
CLU_3108 3118602190877 10727 
CLU_3108 3118602190826 6183 
CLU_3108 3118602190729 6553 
CLU_3108 3118602190656 6553 
CLU_3108 3118602190834 6620 
CLU_3108 3118602190710 5522 
CLU_3108 3118602190796 6058 
CLU_3108 3118602190648 6546 
CLU_3108 3118602190818 5540 
CLU_3108 3118602190885 4179 
CLU_3108 3118607053355 9678 
CLU_3108 3118602190192 16706 
CLU_3108 3118602190214 15988 
CLU_3108 3118602190680 15742 
CLU_3108 3118602190753 12618 
CLU_3108 3118602190141 15582 
CLU_3108 3118602220245 13162 
CLU_3108 3118602190788 10707 
CLU_3108 CLU_2943 10276 
CLU_3108 CLU_2961 8460 
CLU_3108 CLU_2970 8081 
CLU_3108 CLU_2971 8491 
CLU_3108 CLU_3051 9566 
CLU_3108 CLU_3055 7305 
CLU_3108 CLU_3060 6624 
CLU_3108 CLU_3084 10000 
CLU_3108 CLU_3086 6409 
CLU_3108 CLU_3087 6548 
CLU_3108 CLU_3098 5503 
CLU_3108 CLU_3108 0 
CLU_3108 CLU_3121 14047 
CLU_3108 CLU_3128 16653 
CLU_3108 CLU_3141 16545 
CLU_3108 CLU_3143 15423 
CLU_3108 CLU_3160 15401 
CLU_3108 CLU_3166 13565 
CLU_3108 CLU_3176 14255 
CLU_3108 CLU_3200 12845 
CLU_3108 CLU_3214 12287 
CLU_3108 CLU_7923 3330 
CLU_3109 3118602190990 8460 
CLU_3109 3118602191229 8974 
CLU_3109 3118602190591 9067 
CLU_3109 3118602190567 9938 
CLU_3109 3118602190532 10380 
CLU_3109 3118602190494 11406 
CLU_3109 3118602190869 8806 
CLU_3109 3118602190605 8069 
CLU_3109 3118602190109 7296 
CLU_3109 3118607116306 11572 
CLU_3109 3118602190931 11311 
CLU_3109 3118602190923 10762 
CLU_3109 3118602190893 12480 
CLU_3109 3118602190486 9937 
CLU_3109 3118602190915 11956 
CLU_3109 3118602190222 11843 
CLU_3109 3118604696077 4275 
CLU_3109 3118602191024 3777 
CLU_3109 3118602190478 3489 
CLU_3109 3118602190389 2907 
CLU_3109 3118607110316 1670 
CLU_3109 3118602220261 4523 
CLU_3109 3118602190397 2693 
CLU_3109 3118602190176 4954 
CLU_3109 3118602191059 5032 
CLU_3109 3118602191040 5300 
CLU_3109 3118602190451 2538 
CLU_3109 3118602190206 2206 
CLU_3109 3118602190966 1818 
CLU_3109 3118602190400 2028 
CLU_3109 3118602190877 2206 
CLU_3109 3118602190826 6039 
CLU_3109 3118602190729 9447 
CLU_3109 3118602190656 9447 
CLU_3109 3118602190834 9021 
CLU_3109 3118602190710 9967 
CLU_3109 3118602190796 9861 
CLU_3109 3118602190648 9951 
CLU_3109 3118602190818 5906 
CLU_3109 3118602190885 5506 
CLU_3109 3118607053355 950 
CLU_3109 3118602190192 12068 
CLU_3109 3118602190214 11201 
CLU_3109 3118602190680 10150 
CLU_3109 3118602190753 6776 
CLU_3109 3118602190141 9300 
CLU_3109 3118602220245 8861 
CLU_3109 3118602190788 8460 
CLU_3109 CLU_2943 9546 
CLU_3109 CLU_2961 9523 
CLU_3109 CLU_2970 10219 
CLU_3109 CLU_2971 10712 
CLU_3109 CLU_3051 3777 
CLU_3109 CLU_3055 4039 
CLU_3109 CLU_3060 4088 
CLU_3109 CLU_3084 1359 
CLU_3109 CLU_3086 7711 
CLU_3109 CLU_3087 8497 
CLU_3109 CLU_3098 8771 
CLU_3109 CLU_3108 8759 
CLU_3109 CLU_3121 10635 
CLU_3109 CLU_3128 12615 
CLU_3109 CLU_3141 11189 
CLU_3109 CLU_3143 10358 
CLU_3109 CLU_3160 10031 
CLU_3109 CLU_3166 8008 
CLU_3109 CLU_3176 8979 
CLU_3109 CLU_3200 9170 
CLU_3109 CLU_3214 10113 
CLU_3109 CLU_7923 6791 
CLU_3110 3118602190990 15701 
CLU_3110 3118602191229 16052 
CLU_3110 3118602190591 15538 
CLU_3110 3118602190567 14782 
CLU_3110 3118602190532 14441 
CLU_3110 3118602190494 15034 
CLU_3110 3118602190869 13275 
CLU_3110 3118602190605 12184 
CLU_3110 3118602190109 12384 
CLU_3110 3118607116306 13449 
CLU_3110 3118602190931 13452 
CLU_3110 3118602190923 11696 
CLU_3110 3118602190893 12310 
CLU_3110 3118602190486 11722 
CLU_3110 3118602190915 11574 
CLU_3110 3118602190222 12627 
CLU_3110 3118604696077 12548 
CLU_3110 3118602191024 13268 
CLU_3110 3118602190478 13363 
CLU_3110 3118602190389 13009 
CLU_3110 3118607110316 10892 
CLU_3110 3118602220261 13222 
CLU_3110 3118602190397 12222 
CLU_3110 3118602190176 12019 
CLU_3110 3118602191059 13646 
CLU_3110 3118602191040 14950 
CLU_3110 3118602190451 13429 
CLU_3110 3118602190206 13118 
CLU_3110 3118602190966 12291 
CLU_3110 3118602190400 12799 
CLU_3110 3118602190877 13118 
CLU_3110 3118602190826 5267 
CLU_3110 3118602190729 2468 
CLU_3110 3118602190656 2468 
CLU_3110 3118602190834 2928 
CLU_3110 3118602190710 1071 
CLU_3110 3118602190796 1596 
CLU_3110 3118602190648 1988 
CLU_3110 3118602190818 5123 
CLU_3110 3118602190885 8734 
CLU_3110 3118607053355 11588 
CLU_3110 3118602190192 21334 
CLU_3110 3118602190214 20543 
CLU_3110 3118602190680 19990 
CLU_3110 3118602190753 16616 
CLU_3110 3118602190141 19528 
CLU_3110 3118602220245 17750 
CLU_3110 3118602190788 15701 
CLU_3110 CLU_2943 15570 
CLU_3110 CLU_2961 13933 
CLU_3110 CLU_2970 13653 
CLU_3110 CLU_2971 14079 
CLU_3110 CLU_3051 13268 
CLU_3110 CLU_3055 11411 
CLU_3110 CLU_3060 10755 
CLU_3110 CLU_3084 12267 
CLU_3110 CLU_3086 3951 
CLU_3110 CLU_3087 3346 
CLU_3110 CLU_3098 2362 
CLU_3110 CLU_3108 5612 
CLU_3110 CLU_3121 18941 
CLU_3110 CLU_3128 21467 
CLU_3110 CLU_3141 20912 
CLU_3110 CLU_3143 19860 
CLU_3110 CLU_3160 19723 
CLU_3110 CLU_3166 17732 
CLU_3110 CLU_3176 18564 
CLU_3110 CLU_3200 17605 
CLU_3110 CLU_3214 17400 
CLU_3110 CLU_7923 8458 
CLU_3111 3118602190990 9494 
CLU_3111 3118602191229 9968 
CLU_3111 3118602190591 9801 
CLU_3111 3118602190567 10069 
CLU_3111 3118602190532 10249 
CLU_3111 3118602190494 11200 
CLU_3111 3118602190869 8676 
CLU_3111 3118602190605 7698 
CLU_3111 3118602190109 7231 
CLU_3111 3118607116306 10786 
CLU_3111 3118602190931 10588 
CLU_3111 3118602190923 9597 
CLU_3111 3118602190893 11155 
CLU_3111 3118602190486 8950 
CLU_3111 3118602190915 10527 
CLU_3111 3118602190222 10740 
CLU_3111 3118604696077 5449 
CLU_3111 3118602191024 5685 
CLU_3111 3118602190478 5637 
CLU_3111 3118602190389 5185 
CLU_3111 3118607110316 3086 
CLU_3111 3118602220261 5992 
CLU_3111 3118602190397 4529 
CLU_3111 3118602190176 5506 
CLU_3111 3118602191059 6500 
CLU_3111 3118602191040 7395 
CLU_3111 3118602190451 5433 
CLU_3111 3118602190206 5139 
CLU_3111 3118602190966 4517 
CLU_3111 3118602190400 4809 
CLU_3111 3118602190877 5139 
CLU_3111 3118602190826 3435 
CLU_3111 3118602190729 6700 
CLU_3111 3118602190656 6700 
CLU_3111 3118602190834 6317 
CLU_3111 3118602190710 7078 
CLU_3111 3118602190796 7025 
CLU_3111 3118602190648 7167 
CLU_3111 3118602190818 3134 
CLU_3111 3118602190885 4081 
CLU_3111 3118607053355 3714 
CLU_3111 3118602190192 14144 
CLU_3111 3118602190214 13297 
CLU_3111 3118602190680 12466 
CLU_3111 3118602190753 9028 
CLU_3111 3118602190141 11802 
CLU_3111 3118602220245 10687 
CLU_3111 3118602190788 9494 
CLU_3111 CLU_2943 10125 
CLU_3111 CLU_2961 9446 
CLU_3111 CLU_2970 9841 
CLU_3111 CLU_2971 10356 
CLU_3111 CLU_3051 5685 
CLU_3111 CLU_3055 4588 
CLU_3111 CLU_3060 4180 
CLU_3111 CLU_3084 4297 
CLU_3111 CLU_3086 5067 
CLU_3111 CLU_3087 5821 
CLU_3111 CLU_3098 5927 
CLU_3111 CLU_3108 6211 
CLU_3111 CLU_3121 12250 
CLU_3111 CLU_3128 14519 
CLU_3111 CLU_3141 13463 
CLU_3111 CLU_3143 12514 
CLU_3111 CLU_3160 12273 
CLU_3111 CLU_3166 10227 
CLU_3111 CLU_3176 11149 
CLU_3111 CLU_3200 10792 
CLU_3111 CLU_3214 11262 
CLU_3111 CLU_7923 5138 
CLU_3112 3118602190990 8569 
CLU_3112 3118602191229 9048 
CLU_3112 3118602190591 8907 
CLU_3112 3118602190567 9267 
CLU_3112 3118602190532 9500 
CLU_3112 3118602190494 10473 
CLU_3112 3118602190869 7914 
CLU_3112 3118602190605 6978 
CLU_3112 3118602190109 6440 
CLU_3112 3118607116306 10202 
CLU_3112 3118602190931 9985 
CLU_3112 3118602190923 9122 
CLU_3112 3118602190893 10746 
CLU_3112 3118602190486 8412 
CLU_3112 3118602190915 10151 
CLU_3112 3118602190222 10252 
CLU_3112 3118604696077 4499 
CLU_3112 3118602191024 4754 
CLU_3112 3118602190478 4731 
CLU_3112 3118602190389 4307 
CLU_3112 3118607110316 2186 
CLU_3112 3118602220261 5040 
CLU_3112 3118602190397 3609 
CLU_3112 3118602190176 4596 
CLU_3112 3118602191059 5548 
CLU_3112 3118602191040 6467 
CLU_3112 3118602190451 4759 
CLU_3112 3118602190206 4525 
CLU_3112 3118602190966 4159 
CLU_3112 3118602190400 4077 
CLU_3112 3118602190877 4525 
CLU_3112 3118602190826 4375 
CLU_3112 3118602190729 7584 
CLU_3112 3118602190656 7584 
CLU_3112 3118602190834 7218 
CLU_3112 3118602190710 7873 
CLU_3112 3118602190796 7864 
CLU_3112 3118602190648 8033 
CLU_3112 3118602190818 4037 
CLU_3112 3118602190885 3607 
CLU_3112 3118607053355 3301 
CLU_3112 3118602190192 13200 
CLU_3112 3118602190214 12355 
CLU_3112 3118602190680 11546 
CLU_3112 3118602190753 8109 
CLU_3112 3118602190141 10914 
CLU_3112 3118602220245 9737 
CLU_3112 3118602190788 8569 
CLU_3112 CLU_2943 9252 
CLU_3112 CLU_2961 8679 
CLU_3112 CLU_2970 9144 
CLU_3112 CLU_2971 9658 
CLU_3112 CLU_3051 4754 
CLU_3112 CLU_3055 3664 
CLU_3112 CLU_3060 3299 
CLU_3112 CLU_3084 3721 
CLU_3112 CLU_3086 5989 
CLU_3112 CLU_3087 6733 
CLU_3112 CLU_3098 6767 
CLU_3112 CLU_3108 6381 
CLU_3112 CLU_3121 11300 
CLU_3112 CLU_3128 13568 
CLU_3112 CLU_3141 12536 
CLU_3112 CLU_3143 11577 
CLU_3112 CLU_3160 11345 
CLU_3112 CLU_3166 9301 
CLU_3112 CLU_3176 10216 
CLU_3112 CLU_3200 9841 
CLU_3112 CLU_3214 10333 
CLU_3112 CLU_7923 4791 
CLU_3113 3118602190990 9466 
CLU_3113 3118602191229 9833 
CLU_3113 3118602190591 9365 
CLU_3113 3118602190567 8863 
CLU_3113 3118602190532 8706 
CLU_3113 3118602190494 9477 
CLU_3113 3118602190869 7339 
CLU_3113 3118602190605 6233 
CLU_3113 3118602190109 6253 
CLU_3113 3118607116306 8427 
CLU_3113 3118602190931 8316 
CLU_3113 3118602190923 6911 
CLU_3113 3118602190893 8206 
CLU_3113 3118602190486 6530 
CLU_3113 3118602190915 7507 
CLU_3113 3118602190222 8038 
CLU_3113 3118604696077 6433 
CLU_3113 3118602191024 7353 
CLU_3113 3118602190478 7561 
CLU_3113 3118602190389 7338 
CLU_3113 3118607110316 5392 
CLU_3113 3118602220261 7126 
CLU_3113 3118602190397 6462 
CLU_3113 3118602190176 5795 
CLU_3113 3118602191059 7508 
CLU_3113 3118602191040 8951 
CLU_3113 3118602190451 8304 
CLU_3113 3118602190206 8151 
CLU_3113 3118602190966 7902 
CLU_3113 3118602190400 7556 
CLU_3113 3118602190877 8151 
CLU_3113 3118602190826 4425 
CLU_3113 3118602190729 6143 
CLU_3113 3118602190656 6143 
CLU_3113 3118602190834 6003 
CLU_3113 3118602190710 5696 
CLU_3113 3118602190796 5994 
CLU_3113 3118602190648 6368 
CLU_3113 3118602190818 3756 
CLU_3113 3118602190885 2499 
CLU_3113 3118607053355 7044 
CLU_3113 3118602190192 15118 
CLU_3113 3118602190214 14341 
CLU_3113 3118602190680 13885 
CLU_3113 3118602190753 10594 
CLU_3113 3118602190141 13554 
CLU_3113 3118602220245 11531 
CLU_3113 3118602190788 9466 
CLU_3113 CLU_2943 9459 
CLU_3113 CLU_2961 8063 
CLU_3113 CLU_2970 8047 
CLU_3113 CLU_2971 8534 
CLU_3113 CLU_3051 7353 
CLU_3113 CLU_3055 5271 
CLU_3113 CLU_3060 4592 
CLU_3113 CLU_3084 7398 
CLU_3113 CLU_3086 5281 
CLU_3113 CLU_3087 5722 
CLU_3113 CLU_3098 5070 
CLU_3113 CLU_3108 2642 
CLU_3113 CLU_3121 12692 
CLU_3113 CLU_3128 15223 
CLU_3113 CLU_3141 14768 
CLU_3113 CLU_3143 13688 
CLU_3113 CLU_3160 13589 
CLU_3113 CLU_3166 11645 
CLU_3113 CLU_3176 12428 
CLU_3113 CLU_3200 11360 
CLU_3113 CLU_3214 11184 
CLU_3113 CLU_7923 2583 
CLU_3116 3118602190990 4095 
CLU_3116 3118602191229 3946 
CLU_3116 3118602190591 4767 
CLU_3116 3118602190567 6686 
CLU_3116 3118602190532 7618 
CLU_3116 3118602190494 8106 
CLU_3116 3118602190869 7538 
CLU_3116 3118602190605 8281 
CLU_3116 3118602190109 7616 
CLU_3116 3118607116306 10188 
CLU_3116 3118602190931 9874 
CLU_3116 3118602190923 11149 
CLU_3116 3118602190893 12488 
CLU_3116 3118602190486 10301 
CLU_3116 3118602190915 12587 
CLU_3116 3118602190222 11396 
CLU_3116 3118604696077 7275 
CLU_3116 3118602191024 7190 
CLU_3116 3118602190478 7449 
CLU_3116 3118602190389 8038 
CLU_3116 3118607110316 9764 
CLU_3116 3118602220261 6712 
CLU_3116 3118602190397 8349 
CLU_3116 3118602190176 7567 
CLU_3116 3118602191059 6204 
CLU_3116 3118602191040 5663 
CLU_3116 3118602190451 9295 
CLU_3116 3118602190206 9790 
CLU_3116 3118602190966 11289 
CLU_3116 3118602190400 9224 
CLU_3116 3118602190877 9790 
CLU_3116 3118602190826 16098 
CLU_3116 3118602190729 19062 
CLU_3116 3118602190656 19062 
CLU_3116 3118602190834 18771 
CLU_3116 3118602190710 18943 
CLU_3116 3118602190796 19134 
CLU_3116 3118602190648 19420 
CLU_3116 3118602190818 15677 
CLU_3116 3118602190885 10862 
CLU_3116 3118607053355 11129 
CLU_3116 3118602190192 2156 
CLU_3116 3118602190214 1833 
CLU_3116 3118602190680 3055 
CLU_3116 3118602190753 4506 
CLU_3116 3118602190141 4315 
CLU_3116 3118602220245 2075 
CLU_3116 3118602190788 4095 
CLU_3116 CLU_2943 5178 
CLU_3116 CLU_2961 7362 
CLU_3116 CLU_2970 8414 
CLU_3116 CLU_2971 8444 
CLU_3116 CLU_3051 7190 
CLU_3116 CLU_3055 8291 
CLU_3116 CLU_3060 8891 
CLU_3116 CLU_3084 10275 
CLU_3116 CLU_3086 17645 
CLU_3116 CLU_3087 18336 
CLU_3116 CLU_3098 18093 
CLU_3116 CLU_3108 14754 
CLU_3116 CLU_3121 827 
CLU_3116 CLU_3128 1906 
CLU_3116 CLU_3141 2915 
CLU_3116 CLU_3143 2096 
CLU_3116 CLU_3160 2624 
CLU_3116 CLU_3166 3479 
CLU_3116 CLU_3176 2672 
CLU_3116 CLU_3200 1963 
CLU_3116 CLU_3214 2954 
CLU_3116 CLU_7923 11430 
CLU_3117 3118602190990 4230 
CLU_3117 3118602191229 4141 
CLU_3117 3118602190591 4990 
CLU_3117 3118602190567 6969 
CLU_3117 3118602190532 7914 
CLU_3117 3118602190494 8448 
CLU_3117 3118602190869 7740 
CLU_3117 3118602190605 8430 
CLU_3117 3118602190109 7719 
CLU_3117 3118607116306 10489 
CLU_3117 3118602190931 10171 
CLU_3117 3118602190923 11388 
CLU_3117 3118602190893 12770 
CLU_3117 3118602190486 10519 
CLU_3117 3118602190915 12843 
CLU_3117 3118602190222 11679 
CLU_3117 3118604696077 7131 
CLU_3117 3118602191024 6951 
CLU_3117 3118602190478 7179 
CLU_3117 3118602190389 7761 
CLU_3117 3118607110316 9549 
CLU_3117 3118602220261 6540 
CLU_3117 3118602190397 8120 
CLU_3117 3118602190176 7501 
CLU_3117 3118602191059 6043 
CLU_3117 3118602191040 5372 
CLU_3117 3118602190451 8946 
CLU_3117 3118602190206 9444 
CLU_3117 3118602190966 10951 
CLU_3117 3118602190400 8909 
CLU_3117 3118602190877 9444 
CLU_3117 3118602190826 15939 
CLU_3117 3118602190729 18951 
CLU_3117 3118602190656 18951 
CLU_3117 3118602190834 18650 
CLU_3117 3118602190710 18874 
CLU_3117 3118602190796 19047 
CLU_3117 3118602190648 19321 
CLU_3117 3118602190818 15535 
CLU_3117 3118602190885 10847 
CLU_3117 3118607053355 10823 
CLU_3117 3118602190192 1941 
CLU_3117 3118602190214 1443 
CLU_3117 3118602190680 2542 
CLU_3117 3118602190753 4122 
CLU_3117 3118602190141 3794 
CLU_3117 3118602220245 1841 
CLU_3117 3118602190788 4230 
CLU_3117 CLU_2943 5446 
CLU_3117 CLU_2961 7610 
CLU_3117 CLU_2970 8686 
CLU_3117 CLU_2971 8742 
CLU_3117 CLU_3051 6951 
CLU_3117 CLU_3055 8182 
CLU_3117 CLU_3060 8801 
CLU_3117 CLU_3084 9957 
CLU_3117 CLU_3086 17504 
CLU_3117 CLU_3087 18205 
CLU_3117 CLU_3098 17997 
CLU_3117 CLU_3108 14799 
CLU_3117 CLU_3121 1201 
CLU_3117 CLU_3128 1991 
CLU_3117 CLU_3141 2475 
CLU_3117 CLU_3143 1587 
CLU_3117 CLU_3160 2105 
CLU_3117 CLU_3166 3040 
CLU_3117 CLU_3176 2189 
CLU_3117 CLU_3200 1953 
CLU_3117 CLU_3214 3275 
CLU_3117 CLU_7923 11469 
CLU_3118 3118602190990 4478 
CLU_3118 3118602191229 4269 
CLU_3118 3118602190591 5046 
CLU_3118 3118602190567 6870 
CLU_3118 3118602190532 7780 
CLU_3118 3118602190494 8196 
CLU_3118 3118602190869 7822 
CLU_3118 3118602190605 8618 
CLU_3118 3118602190109 8002 
CLU_3118 3118607116306 10333 
CLU_3118 3118602190931 10027 
CLU_3118 3118602190923 11375 
CLU_3118 3118602190893 12654 
CLU_3118 3118602190486 10554 
CLU_3118 3118602190915 12787 
CLU_3118 3118602190222 11563 
CLU_3118 3118604696077 7842 
CLU_3118 3118602191024 7796 
CLU_3118 3118602190478 8063 
CLU_3118 3118602190389 8654 
CLU_3118 3118607110316 10359 
CLU_3118 3118602220261 7293 
CLU_3118 3118602190397 8951 
CLU_3118 3118602190176 8088 
CLU_3118 3118602191059 6781 
CLU_3118 3118602191040 6283 
CLU_3118 3118602190451 9921 
CLU_3118 3118602190206 10416 
CLU_3118 3118602190966 11914 
CLU_3118 3118602190400 9847 
CLU_3118 3118602190877 10416 
CLU_3118 3118602190826 16665 
CLU_3118 3118602190729 19599 
CLU_3118 3118602190656 19599 
CLU_3118 3118602190834 19316 
CLU_3118 3118602190710 19454 
CLU_3118 3118602190796 19657 
CLU_3118 3118602190648 19950 
CLU_3118 3118602190818 16235 
CLU_3118 3118602190885 11340 
CLU_3118 3118607053355 11750 
CLU_3118 3118602190192 2084 
CLU_3118 3118602190214 2023 
CLU_3118 3118602190680 3451 
CLU_3118 3118602190753 5130 
CLU_3118 3118602190141 4780 
CLU_3118 3118602220245 2692 
CLU_3118 3118602190788 4478 
CLU_3118 CLU_2943 5396 
CLU_3118 CLU_2961 7589 
CLU_3118 CLU_2970 8606 
CLU_3118 CLU_2971 8599 
CLU_3118 CLU_3051 7796 
CLU_3118 CLU_3055 8836 
CLU_3118 CLU_3060 9424 
CLU_3118 CLU_3084 10898 
CLU_3118 CLU_3086 18201 
CLU_3118 CLU_3087 18886 
CLU_3118 CLU_3098 18623 
CLU_3118 CLU_3108 15179 
CLU_3118 CLU_3121 1131 
CLU_3118 CLU_3128 1506 
CLU_3118 CLU_3141 3133 
CLU_3118 CLU_3143 2497 
CLU_3118 CLU_3160 3056 
CLU_3118 CLU_3166 4086 
CLU_3118 CLU_3176 3247 
CLU_3118 CLU_3200 2499 
CLU_3118 CLU_3214 3142 
CLU_3118 CLU_7923 11863 
CLU_3119 3118602190990 4740 
CLU_3119 3118602191229 4541 
CLU_3119 3118602190591 5325 
CLU_3119 3118602190567 7156 
CLU_3119 3118602190532 8067 
CLU_3119 3118602190494 8482 
CLU_3119 3118602190869 8101 
CLU_3119 3118602190605 8891 
CLU_3119 3118602190109 8266 
CLU_3119 3118607116306 10619 
CLU_3119 3118602190931 10313 
CLU_3119 3118602190923 11660 
CLU_3119 3118602190893 12941 
CLU_3119 3118602190486 10837 
CLU_3119 3118602190915 13074 
CLU_3119 3118602190222 11850 
CLU_3119 3118604696077 8030 
CLU_3119 3118602191024 7944 
CLU_3119 3118602190478 8196 
CLU_3119 3118602190389 8784 
CLU_3119 3118607110316 10521 
CLU_3119 3118602220261 7470 
CLU_3119 3118602190397 9105 
CLU_3119 3118602190176 8305 
CLU_3119 3118602191059 6961 
CLU_3119 3118602191040 6403 
CLU_3119 3118602190451 10010 
CLU_3119 3118602190206 10506 
CLU_3119 3118602190966 12010 
CLU_3119 3118602190400 9957 
CLU_3119 3118602190877 10506 
CLU_3119 3118602190826 16854 
CLU_3119 3118602190729 19808 
CLU_3119 3118602190656 19808 
CLU_3119 3118602190834 19521 
CLU_3119 3118602190710 19678 
CLU_3119 3118602190796 19874 
CLU_3119 3118602190648 20164 
CLU_3119 3118602190818 16431 
CLU_3119 3118602190885 11577 
CLU_3119 3118607053355 11865 
CLU_3119 3118602190192 1814 
CLU_3119 3118602190214 1822 
CLU_3119 3118602190680 3315 
CLU_3119 3118602190753 5194 
CLU_3119 3118602190141 4675 
CLU_3119 3118602220245 2824 
CLU_3119 3118602190788 4740 
CLU_3119 CLU_2943 5680 
CLU_3119 CLU_2961 7873 
CLU_3119 CLU_2970 8892 
CLU_3119 CLU_2971 8886 
CLU_3119 CLU_3051 7944 
CLU_3119 CLU_3055 9040 
CLU_3119 CLU_3060 9635 
CLU_3119 CLU_3084 11006 
CLU_3119 CLU_3086 18398 
CLU_3119 CLU_3087 19087 
CLU_3119 CLU_3098 18836 
CLU_3119 CLU_3108 15434 
CLU_3119 CLU_3121 1390 
CLU_3119 CLU_3128 1231 
CLU_3119 CLU_3141 2926 
CLU_3119 CLU_3143 2374 
CLU_3119 CLU_3160 2942 
CLU_3119 CLU_3166 4112 
CLU_3119 CLU_3176 3236 
CLU_3119 CLU_3200 2704 
CLU_3119 CLU_3214 3427 
CLU_3119 CLU_7923 12115 
CLU_3120 3118602190990 5472 
CLU_3120 3118602191229 5318 
CLU_3120 3118602190591 6128 
CLU_3120 3118602190567 8003 
CLU_3120 3118602190532 8922 
CLU_3120 3118602190494 9354 
CLU_3120 3118602190869 8903 
CLU_3120 3118602190605 9657 
CLU_3120 3118602190109 8992 
CLU_3120 3118607116306 11481 
CLU_3120 3118602190931 11173 
CLU_3120 3118602190923 12493 
CLU_3120 3118602190893 13797 
CLU_3120 3118602190486 11657 
CLU_3120 3118602190915 13917 
CLU_3120 3118602190222 12705 
CLU_3120 3118604696077 8489 
CLU_3120 3118602191024 8268 
CLU_3120 3118602190478 8471 
CLU_3120 3118602190389 9045 
CLU_3120 3118607110316 10878 
CLU_3120 3118602220261 7891 
CLU_3120 3118602190397 9441 
CLU_3120 3118602190176 8860 
CLU_3120 3118602191059 7398 
CLU_3120 3118602191040 6652 
CLU_3120 3118602190451 10132 
CLU_3120 3118602190206 10634 
CLU_3120 3118602190966 12148 
CLU_3120 3118602190400 10146 
CLU_3120 3118602190877 10634 
CLU_3120 3118602190826 17290 
CLU_3120 3118602190729 20312 
CLU_3120 3118602190656 20312 
CLU_3120 3118602190834 20009 
CLU_3120 3118602190710 20235 
CLU_3120 3118602190796 20409 
CLU_3120 3118602190648 20683 
CLU_3120 3118602190818 16891 
CLU_3120 3118602190885 12194 
CLU_3120 3118607053355 12065 
CLU_3120 3118602190192 950 
CLU_3120 3118602190214 1216 
CLU_3120 3118602190680 2841 
CLU_3120 3118602190753 5287 
CLU_3120 3118602190141 4257 
CLU_3120 3118602220245 3190 
CLU_3120 3118602190788 5472 
CLU_3120 CLU_2943 6513 
CLU_3120 CLU_2961 8704 
CLU_3120 CLU_2970 9738 
CLU_3120 CLU_2971 9744 
CLU_3120 CLU_3051 8268 
CLU_3120 CLU_3055 9544 
CLU_3120 CLU_3060 10163 
CLU_3120 CLU_3084 11188 
CLU_3120 CLU_3086 18860 
CLU_3120 CLU_3087 19563 
CLU_3120 CLU_3098 19359 
CLU_3120 CLU_3108 16117 
CLU_3120 CLU_3121 2167 
CLU_3120 CLU_3128 665 
CLU_3120 CLU_3141 2235 
CLU_3120 CLU_3143 1997 
CLU_3120 CLU_3160 2557 
CLU_3120 CLU_3166 4114 
CLU_3120 CLU_3176 3156 
CLU_3120 CLU_3200 3284 
CLU_3120 CLU_3214 4267 
CLU_3120 CLU_7923 12789 
CLU_3121 3118602190990 3349 
CLU_3121 3118602191229 3158 
CLU_3121 3118602190591 3961 
CLU_3121 3118602190567 5860 
CLU_3121 3118602190532 6791 
CLU_3121 3118602190494 7283 
CLU_3121 3118602190869 6737 
CLU_3121 3118602190605 7506 
CLU_3121 3118602190109 6875 
CLU_3121 3118607116306 9361 
CLU_3121 3118602190931 9047 
CLU_3121 3118602190923 10331 
CLU_3121 3118602190893 11662 
CLU_3121 3118602190486 9490 
CLU_3121 3118602190915 11765 
CLU_3121 3118602190222 10570 
CLU_3121 3118604696077 6802 
CLU_3121 3118602191024 6860 
CLU_3121 3118602190478 7169 
CLU_3121 3118602190389 7767 
CLU_3121 3118607110316 9377 
CLU_3121 3118602220261 6284 
CLU_3121 3118602190397 7996 
CLU_3121 3118602190176 6991 
CLU_3121 3118602191059 5765 
CLU_3121 3118602191040 5442 
CLU_3121 3118602190451 9154 
CLU_3121 3118602190206 9638 
CLU_3121 3118602190966 11115 
CLU_3121 3118602190400 9014 
CLU_3121 3118602190877 9638 
CLU_3121 3118602190826 15614 
CLU_3121 3118602190729 18511 
CLU_3121 3118602190656 18511 
CLU_3121 3118602190834 18235 
CLU_3121 3118602190710 18345 
CLU_3121 3118602190796 18556 
CLU_3121 3118602190648 18855 
CLU_3121 3118602190818 15172 
CLU_3121 3118602190885 10217 
CLU_3121 3118607053355 10894 
CLU_3121 3118602190192 2982 
CLU_3121 3118602190214 2626 
CLU_3121 3118602190680 3676 
CLU_3121 3118602190753 4497 
CLU_3121 3118602190141 4820 
CLU_3121 3118602220245 1920 
CLU_3121 3118602190788 3349 
CLU_3121 CLU_2943 4356 
CLU_3121 CLU_2961 6543 
CLU_3121 CLU_2970 7590 
CLU_3121 CLU_2971 7617 
CLU_3121 CLU_3051 6860 
CLU_3121 CLU_3055 7764 
CLU_3121 CLU_3060 8337 
CLU_3121 CLU_3084 10064 
CLU_3121 CLU_3086 17135 
CLU_3121 CLU_3087 17811 
CLU_3121 CLU_3098 17527 
CLU_3121 CLU_3108 14047 
CLU_3121 CLU_3121 0 
CLU_3121 CLU_3128 2620 
CLU_3121 CLU_3141 3676 
CLU_3121 CLU_3143 2746 
CLU_3121 CLU_3160 3217 
CLU_3121 CLU_3166 3630 
CLU_3121 CLU_3176 2989 
CLU_3121 CLU_3200 1471 
CLU_3121 CLU_3214 2127 
CLU_3121 CLU_7923 10732 
CLU_3122 3118602190990 3112 
CLU_3122 3118602191229 2917 
CLU_3122 3118602190591 3721 
CLU_3122 3118602190567 5627 
CLU_3122 3118602190532 6561 
CLU_3122 3118602190494 7064 
CLU_3122 3118602190869 6496 
CLU_3122 3118602190605 7265 
CLU_3122 3118602190109 6637 
CLU_3122 3118607116306 9133 
CLU_3122 3118602190931 8818 
CLU_3122 3118602190923 10094 
CLU_3122 3118602190893 11430 
CLU_3122 3118602190486 9251 
CLU_3122 3118602190915 11529 
CLU_3122 3118602190222 10338 
CLU_3122 3118604696077 6617 
CLU_3122 3118602191024 6712 
CLU_3122 3118602190478 7033 
CLU_3122 3118602190389 7632 
CLU_3122 3118607110316 9211 
CLU_3122 3118602220261 6112 
CLU_3122 3118602190397 7839 
CLU_3122 3118602190176 6783 
CLU_3122 3118602191059 5591 
CLU_3122 3118602191040 5327 
CLU_3122 3118602190451 9051 
CLU_3122 3118602190206 9533 
CLU_3122 3118602190966 11002 
CLU_3122 3118602190400 8894 
CLU_3122 3118602190877 9533 
CLU_3122 3118602190826 15423 
CLU_3122 3118602190729 18305 
CLU_3122 3118602190656 18305 
CLU_3122 3118602190834 18032 
CLU_3122 3118602190710 18129 
CLU_3122 3118602190796 18344 
CLU_3122 3118602190648 18646 
CLU_3122 3118602190818 14975 
CLU_3122 3118602190885 9993 
CLU_3122 3118607053355 10765 
CLU_3122 3118602190192 3214 
CLU_3122 3118602190214 2833 
CLU_3122 3118602190680 3818 
CLU_3122 3118602190753 4446 
CLU_3122 3118602190141 4919 
CLU_3122 3118602220245 1862 
CLU_3122 3118602190788 3112 
CLU_3122 CLU_2943 4120 
CLU_3122 CLU_2961 6306 
CLU_3122 CLU_2970 7356 
CLU_3122 CLU_2971 7388 
CLU_3122 CLU_3051 6712 
CLU_3122 CLU_3055 7566 
CLU_3122 CLU_3060 8132 
CLU_3122 CLU_3084 9943 
CLU_3122 CLU_3086 16937 
CLU_3122 CLU_3087 17610 
CLU_3122 CLU_3098 17317 
CLU_3122 CLU_3108 13813 
CLU_3122 CLU_3121 240 
CLU_3122 CLU_3128 2860 
CLU_3122 CLU_3141 3867 
CLU_3122 CLU_3143 2904 
CLU_3122 CLU_3160 3353 
CLU_3122 CLU_3166 3633 
CLU_3122 CLU_3176 3046 
CLU_3122 CLU_3200 1319 
CLU_3122 CLU_3214 1900 
CLU_3122 CLU_7923 10499 
CLU_3123 3118602190990 5119 
CLU_3123 3118602191229 4803 
CLU_3123 3118602190591 5462 
CLU_3123 3118602190567 7039 
CLU_3123 3118602190532 7884 
CLU_3123 3118602190494 8147 
CLU_3123 3118602190869 8174 
CLU_3123 3118602190605 9072 
CLU_3123 3118602190109 8570 
CLU_3123 3118607116306 10363 
CLU_3123 3118602190931 10078 
CLU_3123 3118602190923 11564 
CLU_3123 3118602190893 12708 
CLU_3123 3118602190486 10808 
CLU_3123 3118602190915 12913 
CLU_3123 3118602190222 11628 
CLU_3123 3118604696077 8828 
CLU_3123 3118602191024 8901 
CLU_3123 3118602190478 9200 
CLU_3123 3118602190389 9796 
CLU_3123 3118607110316 11419 
CLU_3123 3118602220261 8323 
CLU_3123 3118602190397 10038 
CLU_3123 3118602190176 8956 
CLU_3123 3118602191059 7803 
CLU_3123 3118602191040 7450 
CLU_3123 3118602190451 11128 
CLU_3123 3118602190206 11619 
CLU_3123 3118602190966 13109 
CLU_3123 3118602190400 11023 
CLU_3123 3118602190877 11619 
CLU_3123 3118602190826 17625 
CLU_3123 3118602190729 20474 
CLU_3123 3118602190656 20474 
CLU_3123 3118602190834 20210 
CLU_3123 3118602190710 20258 
CLU_3123 3118602190796 20491 
CLU_3123 3118602190648 20804 
CLU_3123 3118602190818 17171 
CLU_3123 3118602190885 12085 
CLU_3123 3118607053355 12914 
CLU_3123 3118602190192 2767 
CLU_3123 3118602190214 3033 
CLU_3123 3118602190680 4592 
CLU_3123 3118602190753 6368 
CLU_3123 3118602190141 5967 
CLU_3123 3118602220245 3869 
CLU_3123 3118602190788 5119 
CLU_3123 CLU_2943 5677 
CLU_3123 CLU_2961 7830 
CLU_3123 CLU_2970 8756 
CLU_3123 CLU_2971 8675 
CLU_3123 CLU_3051 8901 
CLU_3123 CLU_3055 9761 
CLU_3123 CLU_3060 10314 
CLU_3123 CLU_3084 12074 
CLU_3123 CLU_3086 19130 
CLU_3123 CLU_3087 19795 
CLU_3123 CLU_3098 19476 
CLU_3123 CLU_3108 15781 
CLU_3123 CLU_3121 2042 
CLU_3123 CLU_3128 1717 
CLU_3123 CLU_3141 4098 
CLU_3123 CLU_3143 3664 
CLU_3123 CLU_3160 4234 
CLU_3123 CLU_3166 5345 
CLU_3123 CLU_3176 4507 
CLU_3123 CLU_3200 3514 
CLU_3123 CLU_3214 3503 
CLU_3123 CLU_7923 12501 
CLU_3124 3118602190990 5873 
CLU_3124 3118602191229 5642 
CLU_3124 3118602190591 6390 
CLU_3124 3118602190567 8123 
CLU_3124 3118602190532 9005 
CLU_3124 3118602190494 9335 
CLU_3124 3118602190869 9154 
CLU_3124 3118602190605 9984 
CLU_3124 3118602190109 9393 
CLU_3124 3118607116306 11524 
CLU_3124 3118602190931 11229 
CLU_3124 3118602190923 12649 
CLU_3124 3118602190893 13861 
CLU_3124 3118602190486 11855 
CLU_3124 3118602190915 14032 
CLU_3124 3118602190222 12775 
CLU_3124 3118604696077 9198 
CLU_3124 3118602191024 9073 
CLU_3124 3118602190478 9305 
CLU_3124 3118602190389 9886 
CLU_3124 3118607110316 11664 
CLU_3124 3118602220261 8629 
CLU_3124 3118602190397 10239 
CLU_3124 3118602190176 9481 
CLU_3124 3118602191059 8124 
CLU_3124 3118602191040 7496 
CLU_3124 3118602190451 11037 
CLU_3124 3118602190206 11538 
CLU_3124 3118602190966 13049 
CLU_3124 3118602190400 11024 
CLU_3124 3118602190877 11538 
CLU_3124 3118602190826 18020 
CLU_3124 3118602190729 20984 
CLU_3124 3118602190656 20984 
CLU_3124 3118602190834 20695 
CLU_3124 3118602190710 20853 
CLU_3124 3118602190796 21050 
CLU_3124 3118602190648 21340 
CLU_3124 3118602190818 17601 
CLU_3124 3118602190885 12746 
CLU_3124 3118607053355 12940 
CLU_3124 3118602190192 1625 
CLU_3124 3118602190214 2154 
CLU_3124 3118602190680 3785 
CLU_3124 3118602190753 6195 
CLU_3124 3118602190141 5206 
CLU_3124 3118602220245 3952 
CLU_3124 3118602190788 5873 
CLU_3124 CLU_2943 6691 
CLU_3124 CLU_2961 8878 
CLU_3124 CLU_2970 9856 
CLU_3124 CLU_2971 9812 
CLU_3124 CLU_3051 9073 
CLU_3124 CLU_3055 10214 
CLU_3124 CLU_3060 10811 
CLU_3124 CLU_3084 12070 
CLU_3124 CLU_3086 19569 
CLU_3124 CLU_3087 20260 
CLU_3124 CLU_3098 20013 
CLU_3124 CLU_3108 16579 
CLU_3124 CLU_3121 2535 
CLU_3124 CLU_3128 469 
CLU_3124 CLU_3141 3083 
CLU_3124 CLU_3143 2963 
CLU_3124 CLU_3160 3519 
CLU_3124 CLU_3166 5045 
CLU_3124 CLU_3176 4102 
CLU_3124 CLU_3200 3880 
CLU_3124 CLU_3214 4448 
CLU_3124 CLU_7923 13266 
CLU_3125 3118602190990 6187 
CLU_3125 3118602191229 6044 
CLU_3125 3118602190591 6859 
CLU_3125 3118602190567 8737 
CLU_3125 3118602190532 9654 
CLU_3125 3118602190494 10077 
CLU_3125 3118602190869 9633 
CLU_3125 3118602190605 10378 
CLU_3125 3118602190109 9700 
CLU_3125 3118607116306 12211 
CLU_3125 3118602190931 11904 
CLU_3125 3118602190923 13226 
CLU_3125 3118602190893 14529 
CLU_3125 3118602190486 12389 
CLU_3125 3118602190915 14651 
CLU_3125 3118602190222 13437 
CLU_3125 3118604696077 9072 
CLU_3125 3118602191024 8773 
CLU_3125 3118602190478 8944 
CLU_3125 3118602190389 9505 
CLU_3125 3118607110316 11394 
CLU_3125 3118602220261 8456 
CLU_3125 3118602190397 9948 
CLU_3125 3118602190176 9494 
CLU_3125 3118602191059 7973 
CLU_3125 3118602191040 7120 
CLU_3125 3118602190451 10492 
CLU_3125 3118602190206 10996 
CLU_3125 3118602190966 12512 
CLU_3125 3118602190400 10554 
CLU_3125 3118602190877 10996 
CLU_3125 3118602190826 17843 
CLU_3125 3118602190729 20903 
CLU_3125 3118602190656 20903 
CLU_3125 3118602190834 20592 
CLU_3125 3118602190710 20856 
CLU_3125 3118602190796 21018 
CLU_3125 3118602190648 21283 
CLU_3125 3118602190818 17459 
CLU_3125 3118602190885 12853 
CLU_3125 3118607053355 12473 
CLU_3125 3118602190192 510 
CLU_3125 3118602190214 1275 
CLU_3125 3118602190680 2829 
CLU_3125 3118602190753 5669 
CLU_3125 3118602190141 4242 
CLU_3125 3118602220245 3776 
CLU_3125 3118602190788 6187 
CLU_3125 CLU_2943 7247 
CLU_3125 CLU_2961 9438 
CLU_3125 CLU_2970 10471 
CLU_3125 CLU_2971 10475 
CLU_3125 CLU_3051 8773 
CLU_3125 CLU_3055 10149 
CLU_3125 CLU_3060 10779 
CLU_3125 CLU_3084 11586 
CLU_3125 CLU_3086 19427 
CLU_3125 CLU_3087 20139 
CLU_3125 CLU_3098 19961 
CLU_3125 CLU_3108 16804 
CLU_3125 CLU_3121 2899 
CLU_3125 CLU_3128 680 
CLU_3125 CLU_3141 1997 
CLU_3125 CLU_3143 2160 
CLU_3125 CLU_3160 2657 
CLU_3125 CLU_3166 4456 
CLU_3125 CLU_3176 3475 
CLU_3125 CLU_3200 3959 
CLU_3125 CLU_3214 5000 
CLU_3125 CLU_7923 13475 
CLU_3126 3118602190990 6024 
CLU_3126 3118602191229 5887 
CLU_3126 3118602190591 6707 
CLU_3126 3118602190567 8596 
CLU_3126 3118602190532 9517 
CLU_3126 3118602190494 9952 
CLU_3126 3118602190869 9479 
CLU_3126 3118602190605 10217 
CLU_3126 3118602190109 9534 
CLU_3126 3118607116306 12077 
CLU_3126 3118602190931 11768 
CLU_3126 3118602190923 13080 
CLU_3126 3118602190893 14391 
CLU_3126 3118602190486 12239 
CLU_3126 3118602190915 14508 
CLU_3126 3118602190222 13300 
CLU_3126 3118604696077 8894 
CLU_3126 3118602191024 8598 
CLU_3126 3118602190478 8771 
CLU_3126 3118602190389 9333 
CLU_3126 3118607110316 11218 
CLU_3126 3118602220261 8278 
CLU_3126 3118602190397 9772 
CLU_3126 3118602190176 9317 
CLU_3126 3118602191059 7796 
CLU_3126 3118602191040 6947 
CLU_3126 3118602190451 10330 
CLU_3126 3118602190206 10833 
CLU_3126 3118602190966 12349 
CLU_3126 3118602190400 10386 
CLU_3126 3118602190877 10833 
CLU_3126 3118602190826 17665 
CLU_3126 3118602190729 20725 
CLU_3126 3118602190656 20725 
CLU_3126 3118602190834 20414 
CLU_3126 3118602190710 20679 
CLU_3126 3118602190796 20840 
CLU_3126 3118602190648 21105 
CLU_3126 3118602190818 17281 
CLU_3126 3118602190885 12678 
CLU_3126 3118607053355 12306 
CLU_3126 3118602190192 457 
CLU_3126 3118602190214 1131 
CLU_3126 3118602190680 2714 
CLU_3126 3118602190753 5502 
CLU_3126 3118602190141 4132 
CLU_3126 3118602220245 3598 
CLU_3126 3118602190788 6024 
CLU_3126 CLU_2943 7102 
CLU_3126 CLU_2961 9291 
CLU_3126 CLU_2970 10330 
CLU_3126 CLU_2971 10339 
CLU_3126 CLU_3051 8598 
CLU_3126 CLU_3055 9971 
CLU_3126 CLU_3060 10602 
CLU_3126 CLU_3084 11419 
CLU_3126 CLU_3086 19250 
CLU_3126 CLU_3087 19962 
CLU_3126 CLU_3098 19784 
CLU_3126 CLU_3108 16633 
CLU_3126 CLU_3121 2749 
CLU_3126 CLU_3128 707 
CLU_3126 CLU_3141 1926 
CLU_3126 CLU_3143 2012 
CLU_3126 CLU_3160 2521 
CLU_3126 CLU_3166 4293 
CLU_3126 CLU_3176 3313 
CLU_3126 CLU_3200 3787 
CLU_3126 CLU_3214 4859 
CLU_3126 CLU_7923 13303 
CLU_3127 3118602190990 5813 
CLU_3127 3118602191229 5659 
CLU_3127 3118602190591 6468 
CLU_3127 3118602190567 8336 
CLU_3127 3118602190532 9252 
CLU_3127 3118602190494 9674 
CLU_3127 3118602190869 9244 
CLU_3127 3118602190605 9999 
CLU_3127 3118602190109 9332 
CLU_3127 3118607116306 11809 
CLU_3127 3118602190931 11502 
CLU_3127 3118602190923 12829 
CLU_3127 3118602190893 14127 
CLU_3127 3118602190486 11995 
CLU_3127 3118602190915 14252 
CLU_3127 3118602190222 13036 
CLU_3127 3118604696077 8792 
CLU_3127 3118602191024 8541 
CLU_3127 3118602190478 8732 
CLU_3127 3118602190389 9300 
CLU_3127 3118607110316 11156 
CLU_3127 3118602220261 8187 
CLU_3127 3118602190397 9715 
CLU_3127 3118602190176 9181 
CLU_3127 3118602191059 7697 
CLU_3127 3118602191040 6909 
CLU_3127 3118602190451 10347 
CLU_3127 3118602190206 10850 
CLU_3127 3118602190966 12366 
CLU_3127 3118602190400 10381 
CLU_3127 3118602190877 10850 
CLU_3127 3118602190826 17583 
CLU_3127 3118602190729 20619 
CLU_3127 3118602190656 20619 
CLU_3127 3118602190834 20313 
CLU_3127 3118602190710 20552 
CLU_3127 3118602190796 20722 
CLU_3127 3118602190648 20993 
CLU_3127 3118602190818 17189 
CLU_3127 3118602190885 12523 
CLU_3127 3118607053355 12301 
CLU_3127 3118602190192 737 
CLU_3127 3118602190214 1252 
CLU_3127 3118602190680 2875 
CLU_3127 3118602190753 5507 
CLU_3127 3118602190141 4297 
CLU_3127 3118602220245 3490 
CLU_3127 3118602190788 5813 
CLU_3127 CLU_2943 6849 
CLU_3127 CLU_2961 9041 
CLU_3127 CLU_2970 10072 
CLU_3127 CLU_2971 10073 
CLU_3127 CLU_3051 8541 
CLU_3127 CLU_3055 9855 
CLU_3127 CLU_3060 10478 
CLU_3127 CLU_3084 11419 
CLU_3127 CLU_3086 19158 
CLU_3127 CLU_3087 19865 
CLU_3127 CLU_3098 19669 
CLU_3127 CLU_3108 16453 
CLU_3127 CLU_3121 2507 
CLU_3127 CLU_3128 501 
CLU_3127 CLU_3141 2158 
CLU_3127 CLU_3143 2103 
CLU_3127 CLU_3160 2640 
CLU_3127 CLU_3166 4314 
CLU_3127 CLU_3176 3343 
CLU_3127 CLU_3200 3615 
CLU_3127 CLU_3214 4601 
CLU_3127 CLU_7923 13125 
CLU_3128 3118602190990 5968 
CLU_3128 3118602191229 5773 
CLU_3128 3118602190591 6553 
CLU_3128 3118602190567 8352 
CLU_3128 3118602190532 9250 
CLU_3128 3118602190494 9621 
CLU_3128 3118602190869 9327 
CLU_3128 3118602190605 10122 
CLU_3128 3118602190109 9494 
CLU_3128 3118607116306 11788 
CLU_3128 3118602190931 11488 
CLU_3128 3118602190923 12867 
CLU_3128 3118602190893 14119 
CLU_3128 3118602190486 12054 
CLU_3128 3118602190915 14269 
CLU_3128 3118602190222 13030 
CLU_3128 3118604696077 9120 
CLU_3128 3118602191024 8925 
CLU_3128 3118602190478 9133 
CLU_3128 3118602190389 9708 
CLU_3128 3118607110316 11532 
CLU_3128 3118602220261 8531 
CLU_3128 3118602190397 10097 
CLU_3128 3118602190176 9461 
CLU_3128 3118602191059 8034 
CLU_3128 3118602191040 7315 
CLU_3128 3118602190451 10796 
CLU_3128 3118602190206 11298 
CLU_3128 3118602190966 12812 
CLU_3128 3118602190400 10812 
CLU_3128 3118602190877 11298 
CLU_3128 3118602190826 17930 
CLU_3128 3118602190729 20934 
CLU_3128 3118602190656 20934 
CLU_3128 3118602190834 20636 
CLU_3128 3118602190710 20838 
CLU_3128 3118602190796 21020 
CLU_3128 3118602190648 21300 
CLU_3128 3118602190818 17525 
CLU_3128 3118602190885 12768 
CLU_3128 3118607053355 12731 
CLU_3128 3118602190192 1160 
CLU_3128 3118602190214 1753 
CLU_3128 3118602190680 3376 
CLU_3128 3118602190753 5951 
CLU_3128 3118602190141 4798 
CLU_3128 3118602220245 3831 
CLU_3128 3118602190788 5968 
CLU_3128 CLU_2943 6892 
CLU_3128 CLU_2961 9085 
CLU_3128 CLU_2970 10088 
CLU_3128 CLU_2971 10064 
CLU_3128 CLU_3051 8925 
CLU_3128 CLU_3055 10163 
CLU_3128 CLU_3060 10774 
CLU_3128 CLU_3084 11853 
CLU_3128 CLU_3086 19494 
CLU_3128 CLU_3087 20194 
CLU_3128 CLU_3098 19975 
CLU_3128 CLU_3108 16653 
CLU_3128 CLU_3121 2620 
CLU_3128 CLU_3128 0 
CLU_3128 CLU_3141 2631 
CLU_3128 CLU_3143 2598 
CLU_3128 CLU_3160 3140 
CLU_3128 CLU_3166 4773 
CLU_3128 CLU_3176 3809 
CLU_3128 CLU_3200 3862 
CLU_3128 CLU_3214 4639 
CLU_3128 CLU_7923 13331 
CLU_3129 3118602190990 5459 
CLU_3129 3118602191229 5202 
CLU_3129 3118602190591 5928 
CLU_3129 3118602190567 7625 
CLU_3129 3118602190532 8499 
CLU_3129 3118602190494 8818 
CLU_3129 3118602190869 8683 
CLU_3129 3118602190605 9531 
CLU_3129 3118602190109 8966 
CLU_3129 3118607116306 11012 
CLU_3129 3118602190931 10718 
CLU_3129 3118602190923 12153 
CLU_3129 3118602190893 13351 
CLU_3129 3118602190486 11368 
CLU_3129 3118602190915 13529 
CLU_3129 3118602190222 12266 
CLU_3129 3118604696077 8919 
CLU_3129 3118602191024 8866 
CLU_3129 3118602190478 9124 
CLU_3129 3118602190389 9713 
CLU_3129 3118607110316 11435 
CLU_3129 3118602220261 8372 
CLU_3129 3118602190397 10025 
CLU_3129 3118602190176 9150 
CLU_3129 3118602191059 7860 
CLU_3129 3118602191040 7333 
CLU_3129 3118602190451 10937 
CLU_3129 3118602190206 11434 
CLU_3129 3118602190966 12939 
CLU_3129 3118602190400 10888 
CLU_3129 3118602190877 11434 
CLU_3129 3118602190826 17742 
CLU_3129 3118602190729 20667 
CLU_3129 3118602190656 20667 
CLU_3129 3118602190834 20386 
CLU_3129 3118602190710 20507 
CLU_3129 3118602190796 20716 
CLU_3129 3118602190648 21014 
CLU_3129 3118602190818 17311 
CLU_3129 3118602190885 12373 
CLU_3129 3118607053355 12796 
CLU_3129 3118602190192 1998 
CLU_3129 3118602190214 2368 
CLU_3129 3118602190680 3979 
CLU_3129 3118602190753 6114 
CLU_3129 3118602190141 5385 
CLU_3129 3118602220245 3751 
CLU_3129 3118602190788 5459 
CLU_3129 CLU_2943 6208 
CLU_3129 CLU_2961 8389 
CLU_3129 CLU_2970 9356 
CLU_3129 CLU_2971 9304 
CLU_3129 CLU_3051 8866 
CLU_3129 CLU_3055 9908 
CLU_3129 CLU_3060 10491 
CLU_3129 CLU_3084 11937 
CLU_3129 CLU_3086 19276 
CLU_3129 CLU_3087 19958 
CLU_3129 CLU_3098 19686 
CLU_3129 CLU_3108 16165 
CLU_3129 CLU_3121 2161 
CLU_3129 CLU_3128 920 
CLU_3129 CLU_3141 3386 
CLU_3129 CLU_3143 3094 
CLU_3129 CLU_3160 3664 
CLU_3129 CLU_3166 5011 
CLU_3129 CLU_3176 4106 
CLU_3129 CLU_3200 3574 
CLU_3129 CLU_3214 3975 
CLU_3129 CLU_7923 12860 
CLU_3130 3118602190990 6265 
CLU_3130 3118602191229 6067 
CLU_3130 3118602190591 6843 
CLU_3130 3118602190567 8631 
CLU_3130 3118602190532 9525 
CLU_3130 3118602190494 9883 
CLU_3130 3118602190869 9617 
CLU_3130 3118602190605 10416 
CLU_3130 3118602190109 9791 
CLU_3130 3118607116306 12058 
CLU_3130 3118602190931 11759 
CLU_3130 3118602190923 13149 
CLU_3130 3118602190893 14391 
CLU_3130 3118602190486 12340 
CLU_3130 3118602190915 14547 
CLU_3130 3118602190222 13302 
CLU_3130 3118604696077 9404 
CLU_3130 3118602191024 9191 
CLU_3130 3118602190478 9392 
CLU_3130 3118602190389 9963 
CLU_3130 3118607110316 11801 
CLU_3130 3118602220261 8810 
CLU_3130 3118602190397 10364 
CLU_3130 3118602190176 9753 
CLU_3130 3118602191059 8315 
CLU_3130 3118602191040 7571 
CLU_3130 3118602190451 11025 
CLU_3130 3118602190206 11528 
CLU_3130 3118602190966 13043 
CLU_3130 3118602190400 11054 
CLU_3130 3118602190877 11528 
CLU_3130 3118602190826 18209 
CLU_3130 3118602190729 21221 
CLU_3130 3118602190656 21221 
CLU_3130 3118602190834 20921 
CLU_3130 3118602190710 21130 
CLU_3130 3118602190796 21310 
CLU_3130 3118602190648 21589 
CLU_3130 3118602190818 17807 
CLU_3130 3118602190885 13064 
CLU_3130 3118607053355 12974 
CLU_3130 3118602190192 1194 
CLU_3130 3118602190214 1898 
CLU_3130 3118602190680 3494 
CLU_3130 3118602190753 6184 
CLU_3130 3118602190141 4912 
CLU_3130 3118602220245 4109 
CLU_3130 3118602190788 6265 
CLU_3130 CLU_2943 7177 
CLU_3130 CLU_2961 9369 
CLU_3130 CLU_2970 10367 
CLU_3130 CLU_2971 10337 
CLU_3130 CLU_3051 9191 
CLU_3130 CLU_3055 10450 
CLU_3130 CLU_3060 11064 
CLU_3130 CLU_3084 12093 
CLU_3130 CLU_3086 19776 
CLU_3130 CLU_3087 20478 
CLU_3130 CLU_3098 20263 
CLU_3130 CLU_3108 16950 
CLU_3130 CLU_3121 2917 
CLU_3130 CLU_3128 297 
CLU_3130 CLU_3141 2682 
CLU_3130 CLU_3143 2768 
CLU_3130 CLU_3160 3291 
CLU_3130 CLU_3166 4993 
CLU_3130 CLU_3176 4022 
CLU_3130 CLU_3200 4156 
CLU_3130 CLU_3214 4924 
CLU_3130 CLU_7923 13628 
CLU_3131 3118602190990 5890 
CLU_3131 3118602191229 5776 
CLU_3131 3118602190591 6610 
CLU_3131 3118602190567 8533 
CLU_3131 3118602190532 9462 
CLU_3131 3118602190494 9925 
CLU_3131 3118602190869 9375 
CLU_3131 3118602190605 10089 
CLU_3131 3118602190109 9386 
CLU_3131 3118607116306 12029 
CLU_3131 3118602190931 11717 
CLU_3131 3118602190923 12997 
CLU_3131 3118602190893 14334 
CLU_3131 3118602190486 12145 
CLU_3131 3118602190915 14436 
CLU_3131 3118602190222 13242 
CLU_3131 3118604696077 8658 
CLU_3131 3118602191024 8335 
CLU_3131 3118602190478 8499 
CLU_3131 3118602190389 9058 
CLU_3131 3118607110316 10957 
CLU_3131 3118602220261 8035 
CLU_3131 3118602190397 9509 
CLU_3131 3118602190176 9105 
CLU_3131 3118602191059 7557 
CLU_3131 3118602191040 6675 
CLU_3131 3118602190451 10037 
CLU_3131 3118602190206 10541 
CLU_3131 3118602190966 12057 
CLU_3131 3118602190400 10101 
CLU_3131 3118602190877 10541 
CLU_3131 3118602190826 17414 
CLU_3131 3118602190729 20488 
CLU_3131 3118602190656 20488 
CLU_3131 3118602190834 20174 
CLU_3131 3118602190710 20457 
CLU_3131 3118602190796 20611 
CLU_3131 3118602190648 20873 
CLU_3131 3118602190818 17035 
CLU_3131 3118602190885 12481 
CLU_3131 3118607053355 12020 
CLU_3131 3118602190192 320 
CLU_3131 3118602190214 828 
CLU_3131 3118602190680 2419 
CLU_3131 3118602190753 5215 
CLU_3131 3118602190141 3840 
CLU_3131 3118602220245 3374 
CLU_3131 3118602190788 5890 
CLU_3131 CLU_2943 7027 
CLU_3131 CLU_2961 9210 
CLU_3131 CLU_2970 10263 
CLU_3131 CLU_2971 10287 
CLU_3131 CLU_3051 8335 
CLU_3131 CLU_3055 9744 
CLU_3131 CLU_3060 10380 
CLU_3131 CLU_3084 11132 
CLU_3131 CLU_3086 19004 
CLU_3131 CLU_3087 19719 
CLU_3131 CLU_3098 19552 
CLU_3131 CLU_3108 16457 
CLU_3131 CLU_3121 2672 
CLU_3131 CLU_3128 969 
CLU_3131 CLU_3141 1671 
CLU_3131 CLU_3143 1710 
CLU_3131 CLU_3160 2219 
CLU_3131 CLU_3166 4001 
CLU_3131 CLU_3176 3020 
CLU_3131 CLU_3200 3616 
CLU_3131 CLU_3214 4798 
CLU_3131 CLU_7923 13126 
CLU_3132 3118602190990 6171 
CLU_3132 3118602191229 6070 
CLU_3132 3118602190591 6908 
CLU_3132 3118602190567 8842 
CLU_3132 3118602190532 9773 
CLU_3132 3118602190494 10242 
CLU_3132 3118602190869 9669 
CLU_3132 3118602190605 10372 
CLU_3132 3118602190109 9656 
CLU_3132 3118607116306 12341 
CLU_3132 3118602190931 12029 
CLU_3132 3118602190923 13299 
CLU_3132 3118602190893 14644 
CLU_3132 3118602190486 12442 
CLU_3132 3118602190915 14741 
CLU_3132 3118602190222 13552 
CLU_3132 3118604696077 8845 
CLU_3132 3118602191024 8478 
CLU_3132 3118602190478 8625 
CLU_3132 3118602190389 9176 
CLU_3132 3118607110316 11102 
CLU_3132 3118602220261 8212 
CLU_3132 3118602190397 9651 
CLU_3132 3118602190176 9322 
CLU_3132 3118602191059 7742 
CLU_3132 3118602191040 6803 
CLU_3132 3118602190451 10102 
CLU_3132 3118602190206 10606 
CLU_3132 3118602190966 12121 
CLU_3132 3118602190400 10189 
CLU_3132 3118602190877 10606 
CLU_3132 3118602190826 17575 
CLU_3132 3118602190729 20671 
CLU_3132 3118602190656 20671 
CLU_3132 3118602190834 20351 
CLU_3132 3118602190710 20658 
CLU_3132 3118602190796 20805 
CLU_3132 3118602190648 21061 
CLU_3132 3118602190818 17205 
CLU_3132 3118602190885 12711 
CLU_3132 3118607053355 12107 
CLU_3132 3118602190192 0 
CLU_3132 3118602190214 868 
CLU_3132 3118602190680 2339 
CLU_3132 3118602190753 5305 
CLU_3132 3118602190141 3744 
CLU_3132 3118602220245 3586 
CLU_3132 3118602190788 6171 
CLU_3132 CLU_2943 7333 
CLU_3132 CLU_2961 9514 
CLU_3132 CLU_2970 10570 
CLU_3132 CLU_2971 10599 
CLU_3132 CLU_3051 8478 
CLU_3132 CLU_3055 9942 
CLU_3132 CLU_3060 10584 
CLU_3132 CLU_3084 11214 
CLU_3132 CLU_3086 19173 
CLU_3132 CLU_3087 19892 
CLU_3132 CLU_3098 19742 
CLU_3132 CLU_3108 16706 
CLU_3132 CLU_3121 2982 
CLU_3132 CLU_3128 1160 
CLU_3132 CLU_3141 1487 
CLU_3132 CLU_3143 1741 
CLU_3132 CLU_3160 2200 
CLU_3132 CLU_3166 4079 
CLU_3132 CLU_3176 3098 
CLU_3132 CLU_3200 3877 
CLU_3132 CLU_3214 5109 
CLU_3132 CLU_7923 13375 
CLU_3133 3118602190990 5598 
CLU_3133 3118602191229 5513 
CLU_3133 3118602190591 6360 
CLU_3133 3118602190567 8322 
CLU_3133 3118602190532 9260 
CLU_3133 3118602190494 9760 
CLU_3133 3118602190869 9113 
CLU_3133 3118602190605 9798 
CLU_3133 3118602190109 9072 
CLU_3133 3118607116306 11833 
CLU_3133 3118602190931 11517 
CLU_3133 3118602190923 12757 
CLU_3133 3118602190893 14125 
CLU_3133 3118602190486 11891 
CLU_3133 3118602190915 14208 
CLU_3133 3118602190222 13033 
CLU_3133 3118604696077 8257 
CLU_3133 3118602191024 7916 
CLU_3133 3118602190478 8076 
CLU_3133 3118602190389 8633 
CLU_3133 3118607110316 10538 
CLU_3133 3118602220261 7629 
CLU_3133 3118602190397 9089 
CLU_3133 3118602190176 8726 
CLU_3133 3118602191059 7155 
CLU_3133 3118602191040 6252 
CLU_3133 3118602190451 9612 
CLU_3133 3118602190206 10116 
CLU_3133 3118602190966 11632 
CLU_3133 3118602190400 9674 
CLU_3133 3118602190877 10116 
CLU_3133 3118602190826 17002 
CLU_3133 3118602190729 20086 
CLU_3133 3118602190656 20086 
CLU_3133 3118602190834 19768 
CLU_3133 3118602190710 20066 
CLU_3133 3118602190796 20215 
CLU_3133 3118602190648 20473 
CLU_3133 3118602190818 16626 
CLU_3133 3118602190885 12113 
CLU_3133 3118607053355 11594 
CLU_3133 3118602190192 597 
CLU_3133 3118602190214 448 
CLU_3133 3118602190680 2078 
CLU_3133 3118602190753 4789 
CLU_3133 3118602190141 3499 
CLU_3133 3118602220245 2990 
CLU_3133 3118602190788 5598 
CLU_3133 CLU_2943 6804 
CLU_3133 CLU_2961 8976 
CLU_3133 CLU_2970 10044 
CLU_3133 CLU_2971 10088 
CLU_3133 CLU_3051 7916 
CLU_3133 CLU_3055 9350 
CLU_3133 CLU_3060 9991 
CLU_3133 CLU_3084 10706 
CLU_3133 CLU_3086 18594 
CLU_3133 CLU_3087 19311 
CLU_3133 CLU_3098 19153 
CLU_3133 CLU_3108 16110 
CLU_3133 CLU_3121 2478 
CLU_3133 CLU_3128 1306 
CLU_3133 CLU_3141 1468 
CLU_3133 CLU_3143 1304 
CLU_3133 CLU_3160 1834 
CLU_3133 CLU_3166 3576 
CLU_3133 CLU_3176 2595 
CLU_3133 CLU_3200 3289 
CLU_3133 CLU_3214 4602 
CLU_3133 CLU_7923 12780 
CLU_3134 3118602190990 5051 
CLU_3134 3118602191229 4987 
CLU_3134 3118602190591 5843 
CLU_3134 3118602190567 7833 
CLU_3134 3118602190532 8778 
CLU_3134 3118602190494 9310 
CLU_3134 3118602190869 8582 
CLU_3134 3118602190605 9249 
CLU_3134 3118602190109 8511 
CLU_3134 3118607116306 11353 
CLU_3134 3118602190931 11034 
CLU_3134 3118602190923 12241 
CLU_3134 3118602190893 13632 
CLU_3134 3118602190486 11366 
CLU_3134 3118602190915 13700 
CLU_3134 3118602190222 12542 
CLU_3134 3118604696077 7691 
CLU_3134 3118602191024 7377 
CLU_3134 3118602190478 7552 
CLU_3134 3118602190389 8116 
CLU_3134 3118607110316 9997 
CLU_3134 3118602220261 7068 
CLU_3134 3118602190397 8551 
CLU_3134 3118602190176 8151 
CLU_3134 3118602191059 6590 
CLU_3134 3118602191040 5728 
CLU_3134 3118602190451 9150 
CLU_3134 3118602190206 9653 
CLU_3134 3118602190966 11169 
CLU_3134 3118602190400 9186 
CLU_3134 3118602190877 9653 
CLU_3134 3118602190826 16449 
CLU_3134 3118602190729 19522 
CLU_3134 3118602190656 19522 
CLU_3134 3118602190834 19207 
CLU_3134 3118602190710 19494 
CLU_3134 3118602190796 19646 
CLU_3134 3118602190648 19907 
CLU_3134 3118602190818 16069 
CLU_3134 3118602190885 11538 
CLU_3134 3118607053355 11106 
CLU_3134 3118602190192 1173 
CLU_3134 3118602190214 583 
CLU_3134 3118602190680 1966 
CLU_3134 3118602190753 4310 
CLU_3134 3118602190141 3345 
CLU_3134 3118602220245 2415 
CLU_3134 3118602190788 5051 
CLU_3134 CLU_2943 6308 
CLU_3134 CLU_2961 8467 
CLU_3134 CLU_2970 9547 
CLU_3134 CLU_2971 9606 
CLU_3134 CLU_3051 7377 
CLU_3134 CLU_3055 8780 
CLU_3134 CLU_3060 9418 
CLU_3134 CLU_3084 10223 
CLU_3134 CLU_3086 18037 
CLU_3134 CLU_3087 18752 
CLU_3134 CLU_3098 18586 
CLU_3134 CLU_3108 15537 
CLU_3134 CLU_3121 2042 
CLU_3134 CLU_3128 1654 
CLU_3134 CLU_3141 1663 
CLU_3134 CLU_3143 1043 
CLU_3134 CLU_3160 1615 
CLU_3134 CLU_3166 3120 
CLU_3134 CLU_3176 2155 
CLU_3134 CLU_3200 2728 
CLU_3134 CLU_3214 4138 
CLU_3134 CLU_7923 12207 
CLU_3135 3118602190990 5582 
CLU_3135 3118602191229 5539 
CLU_3135 3118602190591 6401 
CLU_3135 3118602190567 8404 
CLU_3135 3118602190532 9351 
CLU_3135 3118602190494 9892 
CLU_3135 3118602190869 9127 
CLU_3135 3118602190605 9770 
CLU_3135 3118602190109 9012 
CLU_3135 3118607116306 11927 
CLU_3135 3118602190931 11607 
CLU_3135 3118602190923 12796 
CLU_3135 3118602190893 14200 
CLU_3135 3118602190486 11914 
CLU_3135 3118602190915 14260 
CLU_3135 3118602190222 13110 
CLU_3135 3118604696077 8027 
CLU_3135 3118602191024 7624 
CLU_3135 3118602190478 7762 
CLU_3135 3118602190389 8311 
CLU_3135 3118607110316 10247 
CLU_3135 3118602220261 7385 
CLU_3135 3118602190397 8796 
CLU_3135 3118602190176 8547 
CLU_3135 3118602191059 6923 
CLU_3135 3118602191040 5942 
CLU_3135 3118602190451 9238 
CLU_3135 3118602190206 9741 
CLU_3135 3118602190966 11257 
CLU_3135 3118602190400 9321 
CLU_3135 3118602190877 9741 
CLU_3135 3118602190826 16730 
CLU_3135 3118602190729 19844 
CLU_3135 3118602190656 19844 
CLU_3135 3118602190834 19519 
CLU_3135 3118602190710 19853 
CLU_3135 3118602190796 19989 
CLU_3135 3118602190648 20239 
CLU_3135 3118602190818 16367 
CLU_3135 3118602190885 11956 
CLU_3135 3118607053355 11239 
CLU_3135 3118602190192 868 
CLU_3135 3118602190214 0 
CLU_3135 3118602190680 1630 
CLU_3135 3118602190753 4436 
CLU_3135 3118602190141 3051 
CLU_3135 3118602220245 2828 
CLU_3135 3118602190788 5582 
CLU_3135 CLU_2943 6877 
CLU_3135 CLU_2961 9028 
CLU_3135 CLU_2970 10114 
CLU_3135 CLU_2971 10179 
CLU_3135 CLU_3051 7624 
CLU_3135 CLU_3055 9138 
CLU_3135 CLU_3060 9788 
CLU_3135 CLU_3084 10347 
CLU_3135 CLU_3086 18333 
CLU_3135 CLU_3087 19056 
CLU_3135 CLU_3098 18923 
CLU_3135 CLU_3108 15988 
CLU_3135 CLU_3121 2626 
CLU_3135 CLU_3128 1753 
CLU_3135 CLU_3141 1109 
CLU_3135 CLU_3143 886 
CLU_3135 CLU_3160 1393 
CLU_3135 CLU_3166 3212 
CLU_3135 CLU_3176 2230 
CLU_3135 CLU_3200 3240 
CLU_3135 CLU_3214 4718 
CLU_3135 CLU_7923 12660 
CLU_3136 3118602190990 6104 
CLU_3136 3118602191229 6039 
CLU_3136 3118602190591 6893 
CLU_3136 3118602190567 8869 
CLU_3136 3118602190532 9809 
CLU_3136 3118602190494 10318 
CLU_3136 3118602190869 9635 
CLU_3136 3118602190605 10300 
CLU_3136 3118602190109 9555 
CLU_3136 3118607116306 12384 
CLU_3136 3118602190931 12067 
CLU_3136 3118602190923 13291 
CLU_3136 3118602190893 14671 
CLU_3136 3118602190486 12418 
CLU_3136 3118602190915 14747 
CLU_3136 3118602190222 13580 
CLU_3136 3118604696077 8595 
CLU_3136 3118602191024 8175 
CLU_3136 3118602190478 8303 
CLU_3136 3118602190389 8846 
CLU_3136 3118607110316 10798 
CLU_3136 3118602220261 7950 
CLU_3136 3118602190397 9345 
CLU_3136 3118602190176 9116 
CLU_3136 3118602191059 7490 
CLU_3136 3118602191040 6486 
CLU_3136 3118602190451 9727 
CLU_3136 3118602190206 10230 
CLU_3136 3118602190966 11745 
CLU_3136 3118602190400 9832 
CLU_3136 3118602190877 10230 
CLU_3136 3118602190826 17287 
CLU_3136 3118602190729 20408 
CLU_3136 3118602190656 20408 
CLU_3136 3118602190834 20081 
CLU_3136 3118602190710 20421 
CLU_3136 3118602190796 20556 
CLU_3136 3118602190648 20804 
CLU_3136 3118602190818 16927 
CLU_3136 3118602190885 12523 
CLU_3136 3118607053355 11747 
CLU_3136 3118602190192 434 
CLU_3136 3118602190214 569 
CLU_3136 3118602190680 1908 
CLU_3136 3118602190753 4955 
CLU_3136 3118602190141 3310 
CLU_3136 3118602220245 3394 
CLU_3136 3118602190788 6104 
CLU_3136 CLU_2943 7348 
CLU_3136 CLU_2961 9514 
CLU_3136 CLU_2970 10588 
CLU_3136 CLU_2971 10638 
CLU_3136 CLU_3051 8175 
CLU_3136 CLU_3055 9706 
CLU_3136 CLU_3060 10357 
CLU_3136 CLU_3084 10852 
CLU_3136 CLU_3086 18892 
CLU_3136 CLU_3087 19618 
CLU_3136 CLU_3098 19489 
CLU_3136 CLU_3108 16550 
CLU_3136 CLU_3121 3035 
CLU_3136 CLU_3128 1562 
CLU_3136 CLU_3141 1068 
CLU_3136 CLU_3143 1372 
CLU_3136 CLU_3160 1791 
CLU_3136 CLU_3166 3724 
CLU_3136 CLU_3176 2749 
CLU_3136 CLU_3200 3774 
CLU_3136 CLU_3214 5155 
CLU_3136 CLU_7923 13221 
CLU_3137 3118602190990 6123 
CLU_3137 3118602191229 6097 
CLU_3137 3118602190591 6963 
CLU_3137 3118602190567 8976 
CLU_3137 3118602190532 9925 
CLU_3137 3118602190494 10472 
CLU_3137 3118602190869 9677 
CLU_3137 3118602190605 10300 
CLU_3137 3118602190109 9524 
CLU_3137 3118607116306 12501 
CLU_3137 3118602190931 12180 
CLU_3137 3118602190923 13353 
CLU_3137 3118602190893 14769 
CLU_3137 3118602190486 12466 
CLU_3137 3118602190915 14822 
CLU_3137 3118602190222 13680 
CLU_3137 3118604696077 8395 
CLU_3137 3118602191024 7911 
CLU_3137 3118602190478 8015 
CLU_3137 3118602190389 8546 
CLU_3137 3118607110316 10529 
CLU_3137 3118602220261 7738 
CLU_3137 3118602190397 9076 
CLU_3137 3118602190176 8967 
CLU_3137 3118602191059 7292 
CLU_3137 3118602191040 6209 
CLU_3137 3118602190451 9367 
CLU_3137 3118602190206 9869 
CLU_3137 3118602190966 11381 
CLU_3137 3118602190400 9497 
CLU_3137 3118602190877 9869 
CLU_3137 3118602190826 17031 
CLU_3137 3118602190729 20182 
CLU_3137 3118602190656 20182 
CLU_3137 3118602190834 19848 
CLU_3137 3118602190710 20226 
CLU_3137 3118602190796 20348 
CLU_3137 3118602190648 20587 
CLU_3137 3118602190818 16685 
CLU_3137 3118602190885 12391 
CLU_3137 3118607053355 11406 
CLU_3137 3118602190192 894 
CLU_3137 3118602190214 582 
CLU_3137 3118602190680 1466 
CLU_3137 3118602190753 4639 
CLU_3137 3118602190141 2855 
CLU_3137 3118602220245 3296 
CLU_3137 3118602190788 6123 
CLU_3137 CLU_2943 7447 
CLU_3137 CLU_2961 9592 
CLU_3137 CLU_2970 10683 
CLU_3137 CLU_2971 10753 
CLU_3137 CLU_3051 7911 
CLU_3137 CLU_3055 9522 
CLU_3137 CLU_3060 10181 
CLU_3137 CLU_3084 10508 
CLU_3137 CLU_3086 18647 
CLU_3137 CLU_3087 19379 
CLU_3137 CLU_3098 19275 
CLU_3137 CLU_3108 16451 
CLU_3137 CLU_3121 3209 
CLU_3137 CLU_3128 2016 
CLU_3137 CLU_3141 621 
CLU_3137 CLU_3143 1083 
CLU_3137 CLU_3160 1405 
CLU_3137 CLU_3166 3408 
CLU_3137 CLU_3176 2451 
CLU_3137 CLU_3200 3774 
CLU_3137 CLU_3214 5298 
CLU_3137 CLU_7923 13127 
CLU_3138 3118602190990 6468 
CLU_3138 3118602191229 6398 
CLU_3138 3118602190591 7249 
CLU_3138 3118602190567 9215 
CLU_3138 3118602190532 10153 
CLU_3138 3118602190494 10649 
CLU_3138 3118602190869 9995 
CLU_3138 3118602190605 10665 
CLU_3138 3118602190109 9922 
CLU_3138 3118607116306 12727 
CLU_3138 3118602190931 12411 
CLU_3138 3118602190923 13646 
CLU_3138 3118602190893 15018 
CLU_3138 3118602190486 12777 
CLU_3138 3118602190915 15099 
CLU_3138 3118602190222 13927 
CLU_3138 3118604696077 8942 
CLU_3138 3118602191024 8500 
CLU_3138 3118602190478 8616 
CLU_3138 3118602190389 9153 
CLU_3138 3118607110316 11121 
CLU_3138 3118602220261 8294 
CLU_3138 3118602190397 9668 
CLU_3138 3118602190176 9475 
CLU_3138 3118602191059 7838 
CLU_3138 3118602191040 6804 
CLU_3138 3118602190451 9993 
CLU_3138 3118602190206 10496 
CLU_3138 3118602190966 12008 
CLU_3138 3118602190400 10117 
CLU_3138 3118602190877 10496 
CLU_3138 3118602190826 17616 
CLU_3138 3118602190729 20748 
CLU_3138 3118602190656 20748 
CLU_3138 3118602190834 20419 
CLU_3138 3118602190710 20771 
CLU_3138 3118602190796 20902 
CLU_3138 3118602190648 21148 
CLU_3138 3118602190818 17262 
CLU_3138 3118602190885 12885 
CLU_3138 3118607053355 12028 
CLU_3138 3118602190192 492 
CLU_3138 3118602190214 929 
CLU_3138 3118602190680 2077 
CLU_3138 3118602190753 5251 
CLU_3138 3118602190141 3436 
CLU_3138 3118602220245 3757 
CLU_3138 3118602190788 6468 
CLU_3138 CLU_2943 7697 
CLU_3138 CLU_2961 9867 
CLU_3138 CLU_2970 10937 
CLU_3138 CLU_2971 10981 
CLU_3138 CLU_3051 8500 
CLU_3138 CLU_3055 10058 
CLU_3138 CLU_3060 10711 
CLU_3138 CLU_3084 11131 
CLU_3138 CLU_3086 19226 
CLU_3138 CLU_3087 19954 
CLU_3138 CLU_3098 19833 
CLU_3138 CLU_3108 16916 
CLU_3138 CLU_3121 3369 
CLU_3138 CLU_3128 1632 
CLU_3138 CLU_3141 1109 
CLU_3138 CLU_3143 1674 
CLU_3138 CLU_3160 2033 
CLU_3138 CLU_3166 4020 
CLU_3138 CLU_3176 3053 
CLU_3138 CLU_3200 4140 
CLU_3138 CLU_3214 5494 
CLU_3138 CLU_7923 13587 
CLU_3139 3118602190990 6924 
CLU_3139 3118602191229 6889 
CLU_3139 3118602190591 7751 
CLU_3139 3118602190567 9750 
CLU_3139 3118602190532 10695 
CLU_3139 3118602190494 11221 
CLU_3139 3118602190869 10474 
CLU_3139 3118602190605 11104 
CLU_3139 3118602190109 10329 
CLU_3139 3118607116306 13271 
CLU_3139 3118602190931 12952 
CLU_3139 3118602190923 14146 
CLU_3139 3118602190893 15549 
CLU_3139 3118602190486 13262 
CLU_3139 3118602190915 15610 
CLU_3139 3118602190222 14458 
CLU_3139 3118604696077 9144 
CLU_3139 3118602191024 8606 
CLU_3139 3118602190478 8682 
CLU_3139 3118602190389 9198 
CLU_3139 3118607110316 11213 
CLU_3139 3118602220261 8478 
CLU_3139 3118602190397 9763 
CLU_3139 3118602190176 9744 
CLU_3139 3118602191059 8043 
CLU_3139 3118602191040 6895 
CLU_3139 3118602190451 9917 
CLU_3139 3118602190206 10417 
CLU_3139 3118602190966 11920 
CLU_3139 3118602190400 10092 
CLU_3139 3118602190877 10417 
CLU_3139 3118602190826 17725 
CLU_3139 3118602190729 20902 
CLU_3139 3118602190656 20902 
CLU_3139 3118602190834 20561 
CLU_3139 3118602190710 20971 
CLU_3139 3118602190796 21082 
CLU_3139 3118602190648 21314 
CLU_3139 3118602190818 17392 
CLU_3139 3118602190885 13173 
CLU_3139 3118607053355 11988 
CLU_3139 3118602190192 1149 
CLU_3139 3118602190214 1350 
CLU_3139 3118602190680 1910 
CLU_3139 3118602190753 5285 
CLU_3139 3118602190141 3130 
CLU_3139 3118602220245 4096 
CLU_3139 3118602190788 6924 
CLU_3139 CLU_2943 8225 
CLU_3139 CLU_2961 10378 
CLU_3139 CLU_2970 11463 
CLU_3139 CLU_2971 11524 
CLU_3139 CLU_3051 8606 
CLU_3139 CLU_3055 10279 
CLU_3139 CLU_3060 10943 
CLU_3139 CLU_3084 11086 
CLU_3139 CLU_3086 19350 
CLU_3139 CLU_3087 20087 
CLU_3139 CLU_3098 20006 
CLU_3139 CLU_3108 17244 
CLU_3139 CLU_3121 3939 
CLU_3139 CLU_3128 2269 
CLU_3139 CLU_3141 855 
CLU_3139 CLU_3143 1834 
CLU_3139 CLU_3160 2019 
CLU_3139 CLU_3166 4066 
CLU_3139 CLU_3176 3148 
CLU_3139 CLU_3200 4576 
CLU_3139 CLU_3214 6052 
CLU_3139 CLU_7923 13922 
CLU_3140 3118602190990 6928 
CLU_3140 3118602191229 6875 
CLU_3140 3118602190591 7732 
CLU_3140 3118602190567 9713 
CLU_3140 3118602190532 10654 
CLU_3140 3118602190494 11160 
CLU_3140 3118602190869 10468 
CLU_3140 3118602190605 11118 
CLU_3140 3118602190109 10357 
CLU_3140 3118607116306 13229 
CLU_3140 3118602190931 12912 
CLU_3140 3118602190923 14130 
CLU_3140 3118602190893 15515 
CLU_3140 3118602190486 13254 
CLU_3140 3118602190915 15588 
CLU_3140 3118602190222 14424 
CLU_3140 3118604696077 9251 
CLU_3140 3118602191024 8744 
CLU_3140 3118602190478 8831 
CLU_3140 3118602190389 9353 
CLU_3140 3118607110316 11356 
CLU_3140 3118602220261 8591 
CLU_3140 3118602190397 9904 
CLU_3140 3118602190176 9828 
CLU_3140 3118602191059 8149 
CLU_3140 3118602191040 7036 
CLU_3140 3118602190451 10104 
CLU_3140 3118602190206 10604 
CLU_3140 3118602190966 12110 
CLU_3140 3118602190400 10266 
CLU_3140 3118602190877 10604 
CLU_3140 3118602190826 17865 
CLU_3140 3118602190729 21029 
CLU_3140 3118602190656 21029 
CLU_3140 3118602190834 20691 
CLU_3140 3118602190710 21082 
CLU_3140 3118602190796 21200 
CLU_3140 3118602190648 21436 
CLU_3140 3118602190818 17525 
CLU_3140 3118602190885 13252 
CLU_3140 3118607053355 12167 
CLU_3140 3118602190192 993 
CLU_3140 3118602190214 1347 
CLU_3140 3118602190680 2102 
CLU_3140 3118602190753 5440 
CLU_3140 3118602190141 3353 
CLU_3140 3118602220245 4148 
CLU_3140 3118602190788 6928 
CLU_3140 CLU_2943 8191 
CLU_3140 CLU_2961 10355 
CLU_3140 CLU_2970 11432 
CLU_3140 CLU_2971 11482 
CLU_3140 CLU_3051 8744 
CLU_3140 CLU_3055 10381 
CLU_3140 CLU_3060 11041 
CLU_3140 CLU_3084 11265 
CLU_3140 CLU_3086 19485 
CLU_3140 CLU_3087 20220 
CLU_3140 CLU_3098 20126 
CLU_3140 CLU_3108 17308 
CLU_3140 CLU_3121 3877 
CLU_3140 CLU_3128 2074 
CLU_3140 CLU_3141 1048 
CLU_3140 CLU_3143 1935 
CLU_3140 CLU_3160 2174 
CLU_3140 CLU_3166 4215 
CLU_3140 CLU_3176 3280 
CLU_3140 CLU_3200 4587 
CLU_3140 CLU_3214 5999 
CLU_3140 CLU_7923 13982 
CLU_3141 3118602190990 6400 
CLU_3141 3118602191229 6419 
CLU_3141 3118602190591 7293 
CLU_3141 3118602190567 9339 
CLU_3141 3118602190532 10294 
CLU_3141 3118602190494 10882 
CLU_3141 3118602190869 9963 
CLU_3141 3118602190605 10534 
CLU_3141 3118602190109 9722 
CLU_3141 3118607116306 12867 
CLU_3141 3118602190931 12542 
CLU_3141 3118602190923 13657 
CLU_3141 3118602190893 15112 
CLU_3141 3118602190486 12753 
CLU_3141 3118602190915 15139 
CLU_3141 3118602190222 14026 
CLU_3141 3118604696077 8365 
CLU_3141 3118602191024 7783 
CLU_3141 3118602190478 7845 
CLU_3141 3118602190389 8355 
CLU_3141 3118607110316 10382 
CLU_3141 3118602220261 7691 
CLU_3141 3118602190397 8934 
CLU_3141 3118602190176 9009 
CLU_3141 3118602191059 7270 
CLU_3141 3118602191040 6069 
CLU_3141 3118602190451 9062 
CLU_3141 3118602190206 9562 
CLU_3141 3118602190966 11066 
CLU_3141 3118602190400 9238 
CLU_3141 3118602190877 9562 
CLU_3141 3118602190826 16897 
CLU_3141 3118602190729 20090 
CLU_3141 3118602190656 20090 
CLU_3141 3118602190834 19744 
CLU_3141 3118602190710 20181 
CLU_3141 3118602190796 20282 
CLU_3141 3118602190648 20507 
CLU_3141 3118602190818 16572 
CLU_3141 3118602190885 12446 
CLU_3141 3118607053355 11133 
CLU_3141 3118602190192 1487 
CLU_3141 3118602190214 1109 
CLU_3141 3118602190680 1056 
CLU_3141 3118602190753 4446 
CLU_3141 3118602190141 2338 
CLU_3141 3118602220245 3468 
CLU_3141 3118602190788 6400 
CLU_3141 CLU_2943 7808 
CLU_3141 CLU_2961 9921 
CLU_3141 CLU_2970 11027 
CLU_3141 CLU_2971 11122 
CLU_3141 CLU_3051 7783 
CLU_3141 CLU_3055 9510 
CLU_3141 CLU_3060 10180 
CLU_3141 CLU_3084 10231 
CLU_3141 CLU_3086 18526 
CLU_3141 CLU_3087 19267 
CLU_3141 CLU_3098 19203 
CLU_3141 CLU_3108 16545 
CLU_3141 CLU_3121 3676 
CLU_3141 CLU_3128 2631 
CLU_3141 CLU_3141 0 
CLU_3141 CLU_3143 1148 
CLU_3141 CLU_3160 1194 
CLU_3141 CLU_3166 3235 
CLU_3141 CLU_3176 2348 
CLU_3141 CLU_3200 4055 
CLU_3141 CLU_3214 5715 
CLU_3141 CLU_7923 13232 
CLU_3142 3118602190990 5990 
CLU_3142 3118602191229 5981 
CLU_3142 3118602190591 6851 
CLU_3142 3118602190567 8879 
CLU_3142 3118602190532 9831 
CLU_3142 3118602190494 10398 
CLU_3142 3118602190869 9549 
CLU_3142 3118602190605 10154 
CLU_3142 3118602190109 9365 
CLU_3142 3118607116306 12407 
CLU_3142 3118602190931 12084 
CLU_3142 3118602190923 13233 
CLU_3142 3118602190893 14665 
CLU_3142 3118602190486 12339 
CLU_3142 3118602190915 14707 
CLU_3142 3118602190222 13577 
CLU_3142 3118604696077 8180 
CLU_3142 3118602191024 7681 
CLU_3142 3118602190478 7781 
CLU_3142 3118602190389 8310 
CLU_3142 3118607110316 10297 
CLU_3142 3118602220261 7520 
CLU_3142 3118602190397 8845 
CLU_3142 3118602190176 8767 
CLU_3142 3118602191059 7078 
CLU_3142 3118602191040 5977 
CLU_3142 3118602190451 9126 
CLU_3142 3118602190206 9628 
CLU_3142 3118602190966 11140 
CLU_3142 3118602190400 9257 
CLU_3142 3118602190877 9628 
CLU_3142 3118602190826 16802 
CLU_3142 3118602190729 19959 
CLU_3142 3118602190656 19959 
CLU_3142 3118602190834 19623 
CLU_3142 3118602190710 20011 
CLU_3142 3118602190796 20129 
CLU_3142 3118602190648 20366 
CLU_3142 3118602190818 16459 
CLU_3142 3118602190885 12194 
CLU_3142 3118607053355 11165 
CLU_3142 3118602190192 1099 
CLU_3142 3118602190214 573 
CLU_3142 3118602190680 1242 
CLU_3142 3118602190753 4401 
CLU_3142 3118602190141 2645 
CLU_3142 3118602220245 3122 
CLU_3142 3118602190788 5990 
CLU_3142 CLU_2943 7349 
CLU_3142 CLU_2961 9481 
CLU_3142 CLU_2970 10578 
CLU_3142 CLU_2971 10660 
CLU_3142 CLU_3051 7681 
CLU_3142 CLU_3055 9311 
CLU_3142 CLU_3060 9972 
CLU_3142 CLU_3084 10267 
CLU_3142 CLU_3086 18420 
CLU_3142 CLU_3087 19153 
CLU_3142 CLU_3098 19055 
CLU_3142 CLU_3108 16265 
CLU_3142 CLU_3121 3162 
CLU_3142 CLU_3128 2183 
CLU_3142 CLU_3141 536 
CLU_3142 CLU_3143 863 
CLU_3142 CLU_3160 1164 
CLU_3142 CLU_3166 3171 
CLU_3142 CLU_3176 2219 
CLU_3142 CLU_3200 3638 
CLU_3142 CLU_3214 5226 
CLU_3142 CLU_7923 12943 
CLU_3143 3118602190990 5261 
CLU_3143 3118602191229 5299 
CLU_3143 3118602190591 6175 
CLU_3143 3118602190567 8237 
CLU_3143 3118602190532 9195 
CLU_3143 3118602190494 9815 
CLU_3143 3118602190869 8825 
CLU_3143 3118602190605 9386 
CLU_3143 3118602190109 8574 
CLU_3143 3118607116306 11764 
CLU_3143 3118602190931 11437 
CLU_3143 3118602190923 12522 
CLU_3143 3118602190893 13993 
CLU_3143 3118602190486 11613 
CLU_3143 3118602190915 14008 
CLU_3143 3118602190222 12909 
CLU_3143 3118604696077 7317 
CLU_3143 3118602191024 6830 
CLU_3143 3118602190478 6942 
CLU_3143 3118602190389 7480 
CLU_3143 3118607110316 9449 
CLU_3143 3118602220261 6656 
CLU_3143 3118602190397 7997 
CLU_3143 3118602190176 7911 
CLU_3143 3118602191059 6215 
CLU_3143 3118602191040 5131 
CLU_3143 3118602190451 8362 
CLU_3143 3118602190206 8865 
CLU_3143 3118602190966 10380 
CLU_3143 3118602190400 8460 
CLU_3143 3118602190877 8865 
CLU_3143 3118602190826 15949 
CLU_3143 3118602190729 19098 
CLU_3143 3118602190656 19098 
CLU_3143 3118602190834 18764 
CLU_3143 3118602190710 19147 
CLU_3143 3118602190796 19266 
CLU_3143 3118602190648 19504 
CLU_3143 3118602190818 15602 
CLU_3143 3118602190885 11342 
CLU_3143 3118607053355 10375 
CLU_3143 3118602190192 1741 
CLU_3143 3118602190214 886 
CLU_3143 3118602190680 960 
CLU_3143 3118602190753 3583 
CLU_3143 3118602190141 2304 
CLU_3143 3118602220245 2320 
CLU_3143 3118602190788 5261 
CLU_3143 CLU_2943 6708 
CLU_3143 CLU_2961 8799 
CLU_3143 CLU_2970 9912 
CLU_3143 CLU_2971 10021 
CLU_3143 CLU_3051 6830 
CLU_3143 CLU_3055 8448 
CLU_3143 CLU_3060 9110 
CLU_3143 CLU_3084 9481 
CLU_3143 CLU_3086 17564 
CLU_3143 CLU_3087 18295 
CLU_3143 CLU_3098 18193 
CLU_3143 CLU_3108 15423 
CLU_3143 CLU_3121 2746 
CLU_3143 CLU_3128 2598 
CLU_3143 CLU_3141 1148 
CLU_3143 CLU_3143 0 
CLU_3143 CLU_3160 572 
CLU_3143 CLU_3166 2352 
CLU_3143 CLU_3176 1379 
CLU_3143 CLU_3200 2926 
CLU_3143 CLU_3214 4676 
CLU_3143 CLU_7923 12106 
CLU_3144 3118602190990 5357 
CLU_3144 3118602191229 5253 
CLU_3144 3118602190591 6093 
CLU_3144 3118602190567 8037 
CLU_3144 3118602190532 8971 
CLU_3144 3118602190494 9459 
CLU_3144 3118602190869 8853 
CLU_3144 3118602190605 9557 
CLU_3144 3118602190109 8848 
CLU_3144 3118607116306 11543 
CLU_3144 3118602190931 11228 
CLU_3144 3118602190923 12486 
CLU_3144 3118602190893 13840 
CLU_3144 3118602190486 11627 
CLU_3144 3118602190915 13931 
CLU_3144 3118602190222 12748 
CLU_3144 3118604696077 8143 
CLU_3144 3118602191024 7854 
CLU_3144 3118602190478 8035 
CLU_3144 3118602190389 8600 
CLU_3144 3118607110316 10473 
CLU_3144 3118602220261 7527 
CLU_3144 3118602190397 9028 
CLU_3144 3118602190176 8574 
CLU_3144 3118602191059 7044 
CLU_3144 3118602191040 6211 
CLU_3144 3118602190451 9637 
CLU_3144 3118602190206 10140 
CLU_3144 3118602190966 11655 
CLU_3144 3118602190400 9673 
CLU_3144 3118602190877 10140 
CLU_3144 3118602190826 16915 
CLU_3144 3118602190729 19974 
CLU_3144 3118602190656 19974 
CLU_3144 3118602190834 19663 
CLU_3144 3118602190710 19931 
CLU_3144 3118602190796 20090 
CLU_3144 3118602190648 20355 
CLU_3144 3118602190818 16530 
CLU_3144 3118602190885 11944 
CLU_3144 3118607053355 11593 
CLU_3144 3118602190192 816 
CLU_3144 3118602190214 688 
CLU_3144 3118602190680 2292 
CLU_3144 3118602190753 4797 
CLU_3144 3118602190141 3704 
CLU_3144 3118602220245 2849 
CLU_3144 3118602190788 5357 
CLU_3144 CLU_2943 6524 
CLU_3144 CLU_2961 8702 
CLU_3144 CLU_2970 9763 
CLU_3144 CLU_2971 9798 
CLU_3144 CLU_3051 7854 
CLU_3144 CLU_3055 9222 
CLU_3144 CLU_3060 9854 
CLU_3144 CLU_3084 10710 
CLU_3144 CLU_3086 18499 
CLU_3144 CLU_3087 19210 
CLU_3144 CLU_3098 19033 
CLU_3144 CLU_3108 15917 
CLU_3144 CLU_3121 2182 
CLU_3144 CLU_3128 1178 
CLU_3144 CLU_3141 1769 
CLU_3144 CLU_3143 1440 
CLU_3144 CLU_3160 2000 
CLU_3144 CLU_3166 3605 
CLU_3144 CLU_3176 2635 
CLU_3144 CLU_3200 3076 
CLU_3144 CLU_3214 4309 
CLU_3144 CLU_7923 12587 
CLU_3145 3118602190990 6141 
CLU_3145 3118602191229 6169 
CLU_3145 3118602190591 7044 
CLU_3145 3118602190567 9097 
CLU_3145 3118602190532 10053 
CLU_3145 3118602190494 10653 
CLU_3145 3118602190869 9704 
CLU_3145 3118602190605 10268 
CLU_3145 3118602190109 9451 
CLU_3145 3118607116306 12625 
CLU_3145 3118602190931 12299 
CLU_3145 3118602190923 13401 
CLU_3145 3118602190893 14863 
CLU_3145 3118602190486 12494 
CLU_3145 3118602190915 14884 
CLU_3145 3118602190222 13778 
CLU_3145 3118604696077 8093 
CLU_3145 3118602191024 7521 
CLU_3145 3118602190478 7591 
CLU_3145 3118602190389 8105 
CLU_3145 3118607110316 10125 
CLU_3145 3118602220261 7420 
CLU_3145 3118602190397 8675 
CLU_3145 3118602190176 8733 
CLU_3145 3118602191059 6997 
CLU_3145 3118602191040 5809 
CLU_3145 3118602190451 8842 
CLU_3145 3118602190206 9343 
CLU_3145 3118602190966 10850 
CLU_3145 3118602190400 9004 
CLU_3145 3118602190877 9343 
CLU_3145 3118602190826 16638 
CLU_3145 3118602190729 19826 
CLU_3145 3118602190656 19826 
CLU_3145 3118602190834 19481 
CLU_3145 3118602190710 19911 
CLU_3145 3118602190796 20014 
CLU_3145 3118602190648 20241 
CLU_3145 3118602190818 16310 
CLU_3145 3118602190885 12170 
CLU_3145 3118607053355 10904 
CLU_3145 3118602190192 1534 
CLU_3145 3118602190214 996 
CLU_3145 3118602190680 857 
CLU_3145 3118602190753 4193 
CLU_3145 3118602190141 2218 
CLU_3145 3118602220245 3199 
CLU_3145 3118602190788 6141 
CLU_3145 CLU_2943 7566 
CLU_3145 CLU_2961 9670 
CLU_3145 CLU_2970 10780 
CLU_3145 CLU_2971 10880 
CLU_3145 CLU_3051 7521 
CLU_3145 CLU_3055 9237 
CLU_3145 CLU_3060 9906 
CLU_3145 CLU_3084 10003 
CLU_3145 CLU_3086 18265 
CLU_3145 CLU_3087 19005 
CLU_3145 CLU_3098 18936 
CLU_3145 CLU_3108 16269 
CLU_3145 CLU_3121 3480 
CLU_3145 CLU_3128 2639 
CLU_3145 CLU_3141 276 
CLU_3145 CLU_3143 881 
CLU_3145 CLU_3160 930 
CLU_3145 CLU_3166 2977 
CLU_3145 CLU_3176 2078 
CLU_3145 CLU_3200 3800 
CLU_3145 CLU_3214 5493 
CLU_3145 CLU_7923 12957 
CLU_3146 3118602190990 6846 
CLU_3146 3118602191229 6834 
CLU_3146 3118602190591 7702 
CLU_3146 3118602190567 9722 
CLU_3146 3118602190532 10672 
CLU_3146 3118602190494 11222 
CLU_3146 3118602190869 10405 
CLU_3146 3118602190605 11009 
CLU_3146 3118602190109 10217 
CLU_3146 3118607116306 13248 
CLU_3146 3118602190931 12926 
CLU_3146 3118602190923 14088 
CLU_3146 3118602190893 15513 
CLU_3146 3118602190486 13195 
CLU_3146 3118602190915 15560 
CLU_3146 3118602190222 14424 
CLU_3146 3118604696077 8941 
CLU_3146 3118602191024 8371 
CLU_3146 3118602190478 8435 
CLU_3146 3118602190389 8945 
CLU_3146 3118607110316 10972 
CLU_3146 3118602220261 8270 
CLU_3146 3118602190397 9524 
CLU_3146 3118602190176 9567 
CLU_3146 3118602191059 7844 
CLU_3146 3118602191040 6658 
CLU_3146 3118602190451 9636 
CLU_3146 3118602190206 10135 
CLU_3146 3118602190966 11635 
CLU_3146 3118602190400 9821 
CLU_3146 3118602190877 10135 
CLU_3146 3118602190826 17486 
CLU_3146 3118602190729 20677 
CLU_3146 3118602190656 20677 
CLU_3146 3118602190834 20332 
CLU_3146 3118602190710 20762 
CLU_3146 3118602190796 20866 
CLU_3146 3118602190648 21093 
CLU_3146 3118602190818 17160 
CLU_3146 3118602190885 13002 
CLU_3146 3118607053355 11713 
CLU_3146 3118602190192 1328 
CLU_3146 3118602190214 1331 
CLU_3146 3118602190680 1631 
CLU_3146 3118602190753 5036 
CLU_3146 3118602190141 2823 
CLU_3146 3118602220245 3968 
CLU_3146 3118602190788 6846 
CLU_3146 CLU_2943 8193 
CLU_3146 CLU_2961 10332 
CLU_3146 CLU_2970 11426 
CLU_3146 CLU_2971 11501 
CLU_3146 CLU_3051 8371 
CLU_3146 CLU_3055 10082 
CLU_3146 CLU_3060 10750 
CLU_3146 CLU_3084 10810 
CLU_3146 CLU_3086 19115 
CLU_3146 CLU_3087 19856 
CLU_3146 CLU_3098 19787 
CLU_3146 CLU_3108 17088 
CLU_3146 CLU_3121 3956 
CLU_3146 CLU_3128 2480 
CLU_3146 CLU_3141 589 
CLU_3146 CLU_3143 1665 
CLU_3146 CLU_3160 1781 
CLU_3146 CLU_3166 3825 
CLU_3146 CLU_3176 2929 
CLU_3146 CLU_3200 4495 
CLU_3146 CLU_3214 6048 
CLU_3146 CLU_7923 13771 
CLU_3147 3118602190990 4622 
CLU_3147 3118602191229 4713 
CLU_3147 3118602190591 5589 
CLU_3147 3118602190567 7675 
CLU_3147 3118602190532 8635 
CLU_3147 3118602190494 9307 
CLU_3147 3118602190869 8172 
CLU_3147 3118602190605 8686 
CLU_3147 3118602190109 7848 
CLU_3147 3118607116306 11188 
CLU_3147 3118602190931 10857 
CLU_3147 3118602190923 11876 
CLU_3147 3118602190893 13384 
CLU_3147 3118602190486 10953 
CLU_3147 3118602190915 13371 
CLU_3147 3118602190222 12306 
CLU_3147 3118604696077 6513 
CLU_3147 3118602191024 6042 
CLU_3147 3118602190478 6170 
CLU_3147 3118602190389 6716 
CLU_3147 3118607110316 8664 
CLU_3147 3118602220261 5853 
CLU_3147 3118602190397 7212 
CLU_3147 3118602190176 7116 
CLU_3147 3118602191059 5411 
CLU_3147 3118602191040 4352 
CLU_3147 3118602190451 7673 
CLU_3147 3118602190206 8176 
CLU_3147 3118602190966 9692 
CLU_3147 3118602190400 7735 
CLU_3147 3118602190877 8176 
CLU_3147 3118602190826 15158 
CLU_3147 3118602190729 18298 
CLU_3147 3118602190656 18298 
CLU_3147 3118602190834 17966 
CLU_3147 3118602190710 18344 
CLU_3147 3118602190796 18463 
CLU_3147 3118602190648 18702 
CLU_3147 3118602190818 14806 
CLU_3147 3118602190885 10549 
CLU_3147 3118607053355 9654 
CLU_3147 3118602190192 2461 
CLU_3147 3118602190214 1594 
CLU_3147 3118602190680 1302 
CLU_3147 3118602190753 2849 
CLU_3147 3118602190141 2259 
CLU_3147 3118602220245 1626 
CLU_3147 3118602190788 4622 
CLU_3147 CLU_2943 6155 
CLU_3147 CLU_2961 8191 
CLU_3147 CLU_2970 9317 
CLU_3147 CLU_2971 9455 
CLU_3147 CLU_3051 6042 
CLU_3147 CLU_3055 7645 
CLU_3147 CLU_3060 8309 
CLU_3147 CLU_3084 8765 
CLU_3147 CLU_3086 16769 
CLU_3147 CLU_3087 17498 
CLU_3147 CLU_3098 17391 
CLU_3147 CLU_3108 14642 
CLU_3147 CLU_3121 2561 
CLU_3147 CLU_3128 3148 
CLU_3147 CLU_3141 1903 
CLU_3147 CLU_3143 803 
CLU_3147 CLU_3160 845 
CLU_3147 CLU_3166 1636 
CLU_3147 CLU_3176 661 
CLU_3147 CLU_3200 2351 
CLU_3147 CLU_3214 4254 
CLU_3147 CLU_7923 11329 
CLU_3148 3118602190990 4739 
CLU_3148 3118602191229 4709 
CLU_3148 3118602190591 5576 
CLU_3148 3118602190567 7597 
CLU_3148 3118602190532 8549 
CLU_3148 3118602190494 9119 
CLU_3148 3118602190869 8289 
CLU_3148 3118602190605 8924 
CLU_3148 3118602190109 8166 
CLU_3148 3118607116306 11125 
CLU_3148 3118602190931 10802 
CLU_3148 3118602190923 11965 
CLU_3148 3118602190893 13386 
CLU_3148 3118602190486 11078 
CLU_3148 3118602190915 13434 
CLU_3148 3118602190222 12297 
CLU_3148 3118604696077 7266 
CLU_3148 3118602191024 6942 
CLU_3148 3118602190478 7118 
CLU_3148 3118602190389 7683 
CLU_3148 3118607110316 9563 
CLU_3148 3118602220261 6639 
CLU_3148 3118602190397 8117 
CLU_3148 3118602190176 7743 
CLU_3148 3118602191059 6164 
CLU_3148 3118602191040 5294 
CLU_3148 3118602190451 8731 
CLU_3148 3118602190206 9233 
CLU_3148 3118602190966 10748 
CLU_3148 3118602190400 8757 
CLU_3148 3118602190877 9233 
CLU_3148 3118602190826 16017 
CLU_3148 3118602190729 19095 
CLU_3148 3118602190656 19095 
CLU_3148 3118602190834 18778 
CLU_3148 3118602190710 19076 
CLU_3148 3118602190796 19224 
CLU_3148 3118602190648 19482 
CLU_3148 3118602190818 15639 
CLU_3148 3118602190885 11139 
CLU_3148 3118607053355 10678 
CLU_3148 3118602190192 1582 
CLU_3148 3118602190214 846 
CLU_3148 3118602190680 1818 
CLU_3148 3118602190753 3887 
CLU_3148 3118602190141 3124 
CLU_3148 3118602220245 2008 
CLU_3148 3118602190788 4739 
CLU_3148 CLU_2943 6067 
CLU_3148 CLU_2961 8205 
CLU_3148 CLU_2970 9299 
CLU_3148 CLU_2971 9377 
CLU_3148 CLU_3051 6942 
CLU_3148 CLU_3055 8360 
CLU_3148 CLU_3060 9002 
CLU_3148 CLU_3084 9796 
CLU_3148 CLU_3086 17607 
CLU_3148 CLU_3087 18322 
CLU_3148 CLU_3098 18163 
CLU_3148 CLU_3108 15156 
CLU_3148 CLU_3121 1929 
CLU_3148 CLU_3128 2065 
CLU_3148 CLU_3141 1766 
CLU_3148 CLU_3143 858 
CLU_3148 CLU_3160 1403 
CLU_3148 CLU_3166 2709 
CLU_3148 CLU_3176 1759 
CLU_3148 CLU_3200 2394 
CLU_3148 CLU_3214 3949 
CLU_3148 CLU_7923 11826 
CLU_3149 3118602190990 3766 
CLU_3149 3118602191229 3815 
CLU_3149 3118602190591 4693 
CLU_3149 3118602190567 6767 
CLU_3149 3118602190532 7727 
CLU_3149 3118602190494 8379 
CLU_3149 3118602190869 7329 
CLU_3149 3118602190605 7900 
CLU_3149 3118602190109 7105 
CLU_3149 3118607116306 10289 
CLU_3149 3118602190931 9960 
CLU_3149 3118602190923 11027 
CLU_3149 3118602190893 12506 
CLU_3149 3118602190486 10118 
CLU_3149 3118602190915 12514 
CLU_3149 3118602190222 11424 
CLU_3149 3118604696077 6134 
CLU_3149 3118602191024 5862 
CLU_3149 3118602190478 6069 
CLU_3149 3118602190389 6646 
CLU_3149 3118607110316 8474 
CLU_3149 3118602220261 5515 
CLU_3149 3118602190397 7035 
CLU_3149 3118602190176 6604 
CLU_3149 3118602191059 5034 
CLU_3149 3118602191040 4253 
CLU_3149 3118602190451 7811 
CLU_3149 3118602190206 8309 
CLU_3149 3118602190966 9816 
CLU_3149 3118602190400 7778 
CLU_3149 3118602190877 8309 
CLU_3149 3118602190826 14904 
CLU_3149 3118602190729 17965 
CLU_3149 3118602190656 17965 
CLU_3149 3118602190834 17651 
CLU_3149 3118602190710 17938 
CLU_3149 3118602190796 18088 
CLU_3149 3118602190648 18349 
CLU_3149 3118602190818 14517 
CLU_3149 3118602190885 10006 
CLU_3149 3118607053355 9693 
CLU_3149 3118602190192 2721 
CLU_3149 3118602190214 1951 
CLU_3149 3118602190680 2226 
CLU_3149 3118602190753 2992 
CLU_3149 3118602190141 3159 
CLU_3149 3118602220245 876 
CLU_3149 3118602190788 3766 
CLU_3149 CLU_2943 5242 
CLU_3149 CLU_2961 7310 
CLU_3149 CLU_2970 8428 
CLU_3149 CLU_2971 8550 
CLU_3149 CLU_3051 5862 
CLU_3149 CLU_3055 7222 
CLU_3149 CLU_3060 7863 
CLU_3149 CLU_3084 8826 
CLU_3149 CLU_3086 16486 
CLU_3149 CLU_3087 17198 
CLU_3149 CLU_3098 17028 
CLU_3149 CLU_3108 14038 
CLU_3149 CLU_3121 1732 
CLU_3149 CLU_3128 3065 
CLU_3149 CLU_3141 2637 
CLU_3149 CLU_3143 1495 
CLU_3149 CLU_3160 1756 
CLU_3149 CLU_3166 1961 
CLU_3149 CLU_3176 1259 
CLU_3149 CLU_3200 1440 
CLU_3149 CLU_3214 3311 
CLU_3149 CLU_7923 10711 
CLU_3150 3118602190990 3942 
CLU_3150 3118602191229 3962 
CLU_3150 3118602190591 4838 
CLU_3150 3118602190567 6899 
CLU_3150 3118602190532 7857 
CLU_3150 3118602190494 8485 
CLU_3150 3118602190869 7505 
CLU_3150 3118602190605 8100 
CLU_3150 3118602190109 7319 
CLU_3150 3118607116306 10425 
CLU_3150 3118602190931 10098 
CLU_3150 3118602190923 11197 
CLU_3150 3118602190893 12657 
CLU_3150 3118602190486 10295 
CLU_3150 3118602190915 12679 
CLU_3150 3118602190222 11573 
CLU_3150 3118604696077 6402 
CLU_3150 3118602191024 6132 
CLU_3150 3118602190478 6336 
CLU_3150 3118602190389 6912 
CLU_3150 3118607110316 8745 
CLU_3150 3118602220261 5785 
CLU_3150 3118602190397 7305 
CLU_3150 3118602190176 6862 
CLU_3150 3118602191059 5302 
CLU_3150 3118602191040 4519 
CLU_3150 3118602190451 8061 
CLU_3150 3118602190206 8560 
CLU_3150 3118602190966 10068 
CLU_3150 3118602190400 8037 
CLU_3150 3118602190877 8560 
CLU_3150 3118602190826 15175 
CLU_3150 3118602190729 18233 
CLU_3150 3118602190656 18233 
CLU_3150 3118602190834 17920 
CLU_3150 3118602190710 18202 
CLU_3150 3118602190796 18355 
CLU_3150 3118602190648 18616 
CLU_3150 3118602190818 14788 
CLU_3150 3118602190885 10258 
CLU_3150 3118607053355 9954 
CLU_3150 3118602190192 2460 
CLU_3150 3118602190214 1709 
CLU_3150 3118602190680 2148 
CLU_3150 3118602190753 3232 
CLU_3150 3118602190141 3186 
CLU_3150 3118602220245 1127 
CLU_3150 3118602190788 3942 
CLU_3150 CLU_2943 5369 
CLU_3150 CLU_2961 7464 
CLU_3150 CLU_2970 8575 
CLU_3150 CLU_2971 8683 
CLU_3150 CLU_3051 6132 
CLU_3150 CLU_3055 7488 
CLU_3150 CLU_3060 8126 
CLU_3150 CLU_3084 9084 
CLU_3150 CLU_3086 16756 
CLU_3150 CLU_3087 17468 
CLU_3150 CLU_3098 17295 
CLU_3150 CLU_3108 14280 
CLU_3150 CLU_3121 1641 
CLU_3150 CLU_3128 2797 
CLU_3150 CLU_3141 2460 
CLU_3150 CLU_3143 1338 
CLU_3150 CLU_3160 1675 
CLU_3150 CLU_3166 2161 
CLU_3150 CLU_3176 1374 
CLU_3150 CLU_3200 1595 
CLU_3150 CLU_3214 3372 
CLU_3150 CLU_7923 10951 
CLU_3151 3118602190990 4017 
CLU_3151 3118602191229 4092 
CLU_3151 3118602190591 4968 
CLU_3151 3118602190567 7051 
CLU_3151 3118602190532 8011 
CLU_3151 3118602190494 8677 
CLU_3151 3118602190869 7575 
CLU_3151 3118602190605 8117 
CLU_3151 3118602190109 7301 
CLU_3151 3118607116306 10567 
CLU_3151 3118602190931 10237 
CLU_3151 3118602190923 11277 
CLU_3151 3118602190893 12772 
CLU_3151 3118602190486 10361 
CLU_3151 3118602190915 12769 
CLU_3151 3118602190222 11692 
CLU_3151 3118604696077 6176 
CLU_3151 3118602191024 5829 
CLU_3151 3118602190478 6008 
CLU_3151 3118602190389 6576 
CLU_3151 3118607110316 8449 
CLU_3151 3118602220261 5539 
CLU_3151 3118602190397 7003 
CLU_3151 3118602190176 6700 
CLU_3151 3118602191059 5072 
CLU_3151 3118602191040 4185 
CLU_3151 3118602190451 7674 
CLU_3151 3118602190206 8175 
CLU_3151 3118602190966 9686 
CLU_3151 3118602190400 7672 
CLU_3151 3118602190877 8175 
CLU_3151 3118602190826 14907 
CLU_3151 3118602190729 17999 
CLU_3151 3118602190656 17999 
CLU_3151 3118602190834 17678 
CLU_3151 3118602190710 17999 
CLU_3151 3118602190796 18138 
CLU_3151 3118602190648 18390 
CLU_3151 3118602190818 14533 
CLU_3151 3118602190885 10118 
CLU_3151 3118607053355 9591 
CLU_3151 3118602190192 2673 
CLU_3151 3118602190214 1854 
CLU_3151 3118602190680 1928 
CLU_3151 3118602190753 2834 
CLU_3151 3118602190141 2832 
CLU_3151 3118602220245 1047 
CLU_3151 3118602190788 4017 
CLU_3151 CLU_2943 5529 
CLU_3151 CLU_2961 7577 
CLU_3151 CLU_2970 8700 
CLU_3151 CLU_2971 8832 
CLU_3151 CLU_3051 5829 
CLU_3151 CLU_3055 7283 
CLU_3151 CLU_3060 7933 
CLU_3151 CLU_3084 8715 
CLU_3151 CLU_3086 16501 
CLU_3151 CLU_3087 17219 
CLU_3151 CLU_3098 17073 
CLU_3151 CLU_3108 14177 
CLU_3151 CLU_3121 2040 
CLU_3151 CLU_3128 3140 
CLU_3151 CLU_3141 2421 
CLU_3151 CLU_3143 1272 
CLU_3151 CLU_3160 1463 
CLU_3151 CLU_3166 1732 
CLU_3151 CLU_3176 950 
CLU_3151 CLU_3200 1724 
CLU_3151 CLU_3214 3630 
CLU_3151 CLU_7923 10854 
CLU_3152 3118602190990 3802 
CLU_3152 3118602191229 3865 
CLU_3152 3118602190591 4742 
CLU_3152 3118602190567 6822 
CLU_3152 3118602190532 7781 
CLU_3152 3118602190494 8443 
CLU_3152 3118602190869 7363 
CLU_3152 3118602190605 7921 
CLU_3152 3118602190109 7116 
CLU_3152 3118607116306 10340 
CLU_3152 3118602190931 10011 
CLU_3152 3118602190923 11063 
CLU_3152 3118602190893 12551 
CLU_3152 3118602190486 10151 
CLU_3152 3118602190915 12553 
CLU_3152 3118602190222 11470 
CLU_3152 3118604696077 6089 
CLU_3152 3118602191024 5795 
CLU_3152 3118602190478 5995 
CLU_3152 3118602190389 6569 
CLU_3152 3118607110316 8410 
CLU_3152 3118602220261 5464 
CLU_3152 3118602190397 6968 
CLU_3152 3118602190176 6577 
CLU_3152 3118602191059 4987 
CLU_3152 3118602191040 4176 
CLU_3152 3118602190451 7719 
CLU_3152 3118602190206 8218 
CLU_3152 3118602190966 9726 
CLU_3152 3118602190400 7694 
CLU_3152 3118602190877 8218 
CLU_3152 3118602190826 14848 
CLU_3152 3118602190729 17918 
CLU_3152 3118602190656 17918 
CLU_3152 3118602190834 17603 
CLU_3152 3118602190710 17900 
CLU_3152 3118602190796 18047 
CLU_3152 3118602190648 18305 
CLU_3152 3118602190818 14466 
CLU_3152 3118602190885 9985 
CLU_3152 3118607053355 9610 
CLU_3152 3118602190192 2758 
CLU_3152 3118602190214 1971 
CLU_3152 3118602190680 2161 
CLU_3152 3118602190753 2895 
CLU_3152 3118602190141 3064 
CLU_3152 3118602220245 869 
CLU_3152 3118602190788 3802 
CLU_3152 CLU_2943 5298 
CLU_3152 CLU_2961 7355 
CLU_3152 CLU_2970 8476 
CLU_3152 CLU_2971 8604 
CLU_3152 CLU_3051 5795 
CLU_3152 CLU_3055 7184 
CLU_3152 CLU_3060 7827 
CLU_3152 CLU_3084 8740 
CLU_3152 CLU_3086 16434 
CLU_3152 CLU_3087 17148 
CLU_3152 CLU_3098 16985 
CLU_3152 CLU_3108 14027 
CLU_3152 CLU_3121 1841 
CLU_3152 CLU_3128 3138 
CLU_3152 CLU_3141 2613 
CLU_3152 CLU_3143 1466 
CLU_3152 CLU_3160 1694 
CLU_3152 CLU_3166 1853 
CLU_3152 CLU_3176 1151 
CLU_3152 CLU_3200 1493 
CLU_3152 CLU_3214 3392 
CLU_3152 CLU_7923 10701 
CLU_3153 3118602190990 4530 
CLU_3153 3118602191229 4545 
CLU_3153 3118602190591 5421 
CLU_3153 3118602190567 7475 
CLU_3153 3118602190532 8431 
CLU_3153 3118602190494 9044 
CLU_3153 3118602190869 8093 
CLU_3153 3118602190605 8685 
CLU_3153 3118602190109 7897 
CLU_3153 3118607116306 11002 
CLU_3153 3118602190931 10676 
CLU_3153 3118602190923 11784 
CLU_3153 3118602190893 13240 
CLU_3153 3118602190486 10883 
CLU_3153 3118602190915 13265 
CLU_3153 3118602190222 12155 
CLU_3153 3118604696077 6865 
CLU_3153 3118602191024 6508 
CLU_3153 3118602190478 6676 
CLU_3153 3118602190389 7238 
CLU_3153 3118607110316 9131 
CLU_3153 3118602220261 6229 
CLU_3153 3118602190397 7683 
CLU_3153 3118602190176 7376 
CLU_3153 3118602191059 5761 
CLU_3153 3118602191040 4851 
CLU_3153 3118602190451 8280 
CLU_3153 3118602190206 8782 
CLU_3153 3118602190966 10297 
CLU_3153 3118602190400 8307 
CLU_3153 3118602190877 8782 
CLU_3153 3118602190826 15595 
CLU_3153 3118602190729 18688 
CLU_3153 3118602190656 18688 
CLU_3153 3118602190834 18368 
CLU_3153 3118602190710 18686 
CLU_3153 3118602190796 18827 
CLU_3153 3118602190648 19080 
CLU_3153 3118602190818 15222 
CLU_3153 3118602190885 10787 
CLU_3153 3118607053355 10227 
CLU_3153 3118602190192 1983 
CLU_3153 3118602190214 1171 
CLU_3153 3118602190680 1659 
CLU_3153 3118602190753 3436 
CLU_3153 3118602190141 2848 
CLU_3153 3118602220245 1668 
CLU_3153 3118602190788 4530 
CLU_3153 CLU_2943 5944 
CLU_3153 CLU_2961 8047 
CLU_3153 CLU_2970 9156 
CLU_3153 CLU_2971 9258 
CLU_3153 CLU_3051 6508 
CLU_3153 CLU_3055 7970 
CLU_3153 CLU_3060 8618 
CLU_3153 CLU_3084 9345 
CLU_3153 CLU_3086 17190 
CLU_3153 CLU_3087 17909 
CLU_3153 CLU_3098 17762 
CLU_3153 CLU_3108 14829 
CLU_3153 CLU_3121 2019 
CLU_3153 CLU_3128 2516 
CLU_3153 CLU_3141 1873 
CLU_3153 CLU_3143 771 
CLU_3153 CLU_3160 1197 
CLU_3153 CLU_3166 2262 
CLU_3153 CLU_3176 1323 
CLU_3153 CLU_3200 2182 
CLU_3153 CLU_3214 3905 
CLU_3153 CLU_7923 11503 
CLU_3154 3118602190990 3760 
CLU_3154 3118602191229 3721 
CLU_3154 3118602190591 4588 
CLU_3154 3118602190567 6615 
CLU_3154 3118602190532 7568 
CLU_3154 3118602190494 8156 
CLU_3154 3118602190869 7304 
CLU_3154 3118602190605 7953 
CLU_3154 3118602190109 7213 
CLU_3154 3118607116306 10143 
CLU_3154 3118602190931 9819 
CLU_3154 3118602190923 10977 
CLU_3154 3118602190893 12400 
CLU_3154 3118602190486 10092 
CLU_3154 3118602190915 12446 
CLU_3154 3118602190222 11311 
CLU_3154 3118604696077 6544 
CLU_3154 3118602191024 6372 
CLU_3154 3118602190478 6609 
CLU_3154 3118602190389 7194 
CLU_3154 3118607110316 8966 
CLU_3154 3118602220261 5953 
CLU_3154 3118602190397 7539 
CLU_3154 3118602190176 6925 
CLU_3154 3118602191059 5456 
CLU_3154 3118602191040 4808 
CLU_3154 3118602190451 8416 
CLU_3154 3118602190206 8912 
CLU_3154 3118602190966 10414 
CLU_3154 3118602190400 8359 
CLU_3154 3118602190877 8912 
CLU_3154 3118602190826 15351 
CLU_3154 3118602190729 18365 
CLU_3154 3118602190656 18365 
CLU_3154 3118602190834 18063 
CLU_3154 3118602190710 18294 
CLU_3154 3118602190796 18464 
CLU_3154 3118602190648 18737 
CLU_3154 3118602190818 14947 
CLU_3154 3118602190885 10284 
CLU_3154 3118607053355 10268 
CLU_3154 3118602190192 2452 
CLU_3154 3118602190214 1823 
CLU_3154 3118602190680 2561 
CLU_3154 3118602190753 3619 
CLU_3154 3118602190141 3663 
CLU_3154 3118602220245 1255 
CLU_3154 3118602190788 3760 
CLU_3154 CLU_2943 5084 
CLU_3154 CLU_2961 7217 
CLU_3154 CLU_2970 8312 
CLU_3154 CLU_2971 8396 
CLU_3154 CLU_3051 6372 
CLU_3154 CLU_3055 7598 
CLU_3154 CLU_3060 8220 
CLU_3154 CLU_3084 9408 
CLU_3154 CLU_3086 16917 
CLU_3154 CLU_3087 17618 
CLU_3154 CLU_3098 17413 
CLU_3154 CLU_3108 14256 
CLU_3154 CLU_3121 1157 
CLU_3154 CLU_3128 2578 
CLU_3154 CLU_3141 2728 
CLU_3154 CLU_3143 1676 
CLU_3154 CLU_3160 2092 
CLU_3154 CLU_3166 2606 
CLU_3154 CLU_3176 1861 
CLU_3154 CLU_3200 1429 
CLU_3154 CLU_3214 3002 
CLU_3154 CLU_7923 10925 
CLU_3155 3118602190990 5277 
CLU_3155 3118602191229 5290 
CLU_3155 3118602190591 6164 
CLU_3155 3118602190567 8211 
CLU_3155 3118602190532 9167 
CLU_3155 3118602190494 9765 
CLU_3155 3118602190869 8840 
CLU_3155 3118602190605 9427 
CLU_3155 3118602190109 8632 
CLU_3155 3118607116306 11740 
CLU_3155 3118602190931 11414 
CLU_3155 3118602190923 12531 
CLU_3155 3118602190893 13983 
CLU_3155 3118602190486 11630 
CLU_3155 3118602190915 14011 
CLU_3155 3118602190222 12897 
CLU_3155 3118604696077 7470 
CLU_3155 3118602191024 7017 
CLU_3155 3118602190478 7142 
CLU_3155 3118602190389 7685 
CLU_3155 3118607110316 9639 
CLU_3155 3118602220261 6816 
CLU_3155 3118602190397 8187 
CLU_3155 3118602190176 8036 
CLU_3155 3118602191059 6366 
CLU_3155 3118602191040 5326 
CLU_3155 3118602190451 8593 
CLU_3155 3118602190206 9096 
CLU_3155 3118602190966 10612 
CLU_3155 3118602190400 8681 
CLU_3155 3118602190877 9096 
CLU_3155 3118602190826 16133 
CLU_3155 3118602190729 19267 
CLU_3155 3118602190656 19267 
CLU_3155 3118602190834 18937 
CLU_3155 3118602190710 19301 
CLU_3155 3118602190796 19427 
CLU_3155 3118602190648 19669 
CLU_3155 3118602190818 15779 
CLU_3155 3118602190885 11461 
CLU_3155 3118607053355 10598 
CLU_3155 3118602190192 1510 
CLU_3155 3118602190214 645 
CLU_3155 3118602190680 1161 
CLU_3155 3118602190753 3799 
CLU_3155 3118602190141 2537 
CLU_3155 3118602220245 2384 
CLU_3155 3118602190788 5277 
CLU_3155 CLU_2943 6680 
CLU_3155 CLU_2961 8792 
CLU_3155 CLU_2970 9898 
CLU_3155 CLU_2971 9995 
CLU_3155 CLU_3051 7017 
CLU_3155 CLU_3055 8594 
CLU_3155 CLU_3060 9252 
CLU_3155 CLU_3084 9705 
CLU_3155 CLU_3086 17742 
CLU_3155 CLU_3087 18470 
CLU_3155 CLU_3098 18356 
CLU_3155 CLU_3108 15526 
CLU_3155 CLU_3121 2623 
CLU_3155 CLU_3128 2346 
CLU_3155 CLU_3141 1129 
CLU_3155 CLU_3143 251 
CLU_3155 CLU_3160 812 
CLU_3155 CLU_3166 2571 
CLU_3155 CLU_3176 1591 
CLU_3155 CLU_3200 2929 
CLU_3155 CLU_3214 4607 
CLU_3155 CLU_7923 12204 
CLU_3156 3118602190990 5837 
CLU_3156 3118602191229 5970 
CLU_3156 3118602190591 6840 
CLU_3156 3118602190567 8934 
CLU_3156 3118602190532 9893 
CLU_3156 3118602190494 10591 
CLU_3156 3118602190869 9349 
CLU_3156 3118602190605 9791 
CLU_3156 3118602190109 8909 
CLU_3156 3118607116306 12431 
CLU_3156 3118602190931 12098 
CLU_3156 3118602190923 13050 
CLU_3156 3118602190893 14596 
CLU_3156 3118602190486 12112 
CLU_3156 3118602190915 14554 
CLU_3156 3118602190222 13525 
CLU_3156 3118604696077 7160 
CLU_3156 3118602191024 6456 
CLU_3156 3118602190478 6475 
CLU_3156 3118602190389 6963 
CLU_3156 3118607110316 9024 
CLU_3156 3118602220261 6470 
CLU_3156 3118602190397 7586 
CLU_3156 3118602190176 7909 
CLU_3156 3118602191059 6090 
CLU_3156 3118602191040 4745 
CLU_3156 3118602190451 7605 
CLU_3156 3118602190206 8104 
CLU_3156 3118602190966 9605 
CLU_3156 3118602190400 7798 
CLU_3156 3118602190877 8104 
CLU_3156 3118602190826 15537 
CLU_3156 3118602190729 18770 
CLU_3156 3118602190656 18770 
CLU_3156 3118602190834 18412 
CLU_3156 3118602190710 18914 
CLU_3156 3118602190796 18991 
CLU_3156 3118602190648 19200 
CLU_3156 3118602190818 15233 
CLU_3156 3118602190885 11342 
CLU_3156 3118607053355 9685 
CLU_3156 3118602190192 2733 
CLU_3156 3118602190214 1988 
CLU_3156 3118602190680 410 
CLU_3156 3118602190753 3086 
CLU_3156 3118602190141 1084 
CLU_3156 3118602220245 2848 
CLU_3156 3118602190788 5837 
CLU_3156 CLU_2943 7425 
CLU_3156 CLU_2961 9414 
CLU_3156 CLU_2970 10549 
CLU_3156 CLU_2971 10707 
CLU_3156 CLU_3051 6456 
CLU_3156 CLU_3055 8321 
CLU_3156 CLU_3060 9003 
CLU_3156 CLU_3084 8781 
CLU_3156 CLU_3086 17178 
CLU_3156 CLU_3087 17927 
CLU_3156 CLU_3098 17905 
CLU_3156 CLU_3108 15489 
CLU_3156 CLU_3121 3821 
CLU_3156 CLU_3128 3741 
CLU_3156 CLU_3141 1463 
CLU_3156 CLU_3143 1220 
CLU_3156 CLU_3160 651 
CLU_3156 CLU_3166 1947 
CLU_3156 CLU_3176 1309 
CLU_3156 CLU_3200 3636 
CLU_3156 CLU_3214 5565 
CLU_3156 CLU_7923 12210 
CLU_3157 3118602190990 5599 
CLU_3157 3118602191229 5746 
CLU_3157 3118602190591 6613 
CLU_3157 3118602190567 8708 
CLU_3157 3118602190532 9666 
CLU_3157 3118602190494 10377 
CLU_3157 3118602190869 9100 
CLU_3157 3118602190605 9530 
CLU_3157 3118602190109 8643 
CLU_3157 3118607116306 12198 
CLU_3157 3118602190931 11864 
CLU_3157 3118602190923 12798 
CLU_3157 3118602190893 14353 
CLU_3157 3118602190486 11858 
CLU_3157 3118602190915 14305 
CLU_3157 3118602190222 13284 
CLU_3157 3118604696077 6882 
CLU_3157 3118602191024 6187 
CLU_3157 3118602190478 6214 
CLU_3157 3118602190389 6708 
CLU_3157 3118607110316 8761 
CLU_3157 3118602220261 6193 
CLU_3157 3118602190397 7320 
CLU_3157 3118602190176 7630 
CLU_3157 3118602191059 5811 
CLU_3157 3118602191040 4474 
CLU_3157 3118602190451 7385 
CLU_3157 3118602190206 7885 
CLU_3157 3118602190966 9391 
CLU_3157 3118602190400 7562 
CLU_3157 3118602190877 7885 
CLU_3157 3118602190826 15275 
CLU_3157 3118602190729 18502 
CLU_3157 3118602190656 18502 
CLU_3157 3118602190834 18146 
CLU_3157 3118602190710 18641 
CLU_3157 3118602190796 18720 
CLU_3157 3118602190648 18931 
CLU_3157 3118602190818 14967 
CLU_3157 3118602190885 11063 
CLU_3157 3118607053355 9455 
CLU_3157 3118602190192 2861 
CLU_3157 3118602190214 2072 
CLU_3157 3118602190680 628 
CLU_3157 3118602190753 2820 
CLU_3157 3118602190141 1120 
CLU_3157 3118602220245 2624 
CLU_3157 3118602190788 5599 
CLU_3157 CLU_2943 7205 
CLU_3157 CLU_2961 9176 
CLU_3157 CLU_2970 10312 
CLU_3157 CLU_2971 10478 
CLU_3157 CLU_3051 6187 
CLU_3157 CLU_3055 8043 
CLU_3157 CLU_3060 8724 
CLU_3157 CLU_3084 8552 
CLU_3157 CLU_3086 16914 
CLU_3157 CLU_3087 17662 
CLU_3157 CLU_3098 17635 
CLU_3157 CLU_3108 15210 
CLU_3157 CLU_3121 3707 
CLU_3157 CLU_3128 3820 
CLU_3157 CLU_3141 1678 
CLU_3157 CLU_3143 1240 
CLU_3157 CLU_3160 680 
CLU_3157 CLU_3166 1670 
CLU_3157 CLU_3176 1054 
CLU_3157 CLU_3200 3432 
CLU_3157 CLU_3214 5385 
CLU_3157 CLU_7923 11932 
CLU_3158 3118602190990 5561 
CLU_3158 3118602191229 5656 
CLU_3158 3118602190591 6532 
CLU_3158 3118602190567 8618 
CLU_3158 3118602190532 9577 
CLU_3158 3118602190494 10244 
CLU_3158 3118602190869 9104 
CLU_3158 3118602190605 9597 
CLU_3158 3118602190109 8742 
CLU_3158 3118607116306 12131 
CLU_3158 3118602190931 11800 
CLU_3158 3118602190923 12808 
CLU_3158 3118602190893 14324 
CLU_3158 3118602190486 11882 
CLU_3158 3118602190915 14306 
CLU_3158 3118602190222 13247 
CLU_3158 3118604696077 7198 
CLU_3158 3118602191024 6588 
CLU_3158 3118602190478 6649 
CLU_3158 3118602190389 7161 
CLU_3158 3118607110316 9185 
CLU_3158 3118602220261 6519 
CLU_3158 3118602190397 7737 
CLU_3158 3118602190176 7883 
CLU_3158 3118602191059 6110 
CLU_3158 3118602191040 4873 
CLU_3158 3118602190451 7912 
CLU_3158 3118602190206 8414 
CLU_3158 3118602190966 9924 
CLU_3158 3118602190400 8063 
CLU_3158 3118602190877 8414 
CLU_3158 3118602190826 15700 
CLU_3158 3118602190729 18898 
CLU_3158 3118602190656 18898 
CLU_3158 3118602190834 18550 
CLU_3158 3118602190710 19001 
CLU_3158 3118602190796 19096 
CLU_3158 3118602190648 19318 
CLU_3158 3118602190818 15376 
CLU_3158 3118602190885 11322 
CLU_3158 3118607053355 9965 
CLU_3158 3118602190192 2282 
CLU_3158 3118602190214 1494 
CLU_3158 3118602190680 360 
CLU_3158 3118602190753 3249 
CLU_3158 3118602190141 1607 
CLU_3158 3118602220245 2561 
CLU_3158 3118602190788 5561 
CLU_3158 CLU_2943 7097 
CLU_3158 CLU_2961 9132 
CLU_3158 CLU_2970 10259 
CLU_3158 CLU_2971 10398 
CLU_3158 CLU_3051 6588 
CLU_3158 CLU_3055 8350 
CLU_3158 CLU_3060 9025 
CLU_3158 CLU_3084 9065 
CLU_3158 CLU_3086 17330 
CLU_3158 CLU_3087 18072 
CLU_3158 CLU_3098 18015 
CLU_3158 CLU_3108 15445 
CLU_3158 CLU_3121 3346 
CLU_3158 CLU_3128 3245 
CLU_3158 CLU_3141 1196 
CLU_3158 CLU_3143 696 
CLU_3158 CLU_3160 131 
CLU_3158 CLU_3166 2039 
CLU_3158 CLU_3176 1192 
CLU_3158 CLU_3200 3292 
CLU_3158 CLU_3214 5164 
CLU_3158 CLU_7923 12147 
CLU_3159 3118602190990 5917 
CLU_3159 3118602191229 6016 
CLU_3159 3118602190591 6891 
CLU_3159 3118602190567 8977 
CLU_3159 3118602190532 9937 
CLU_3159 3118602190494 10604 
CLU_3159 3118602190869 9457 
CLU_3159 3118602190605 9940 
CLU_3159 3118602190109 9078 
CLU_3159 3118607116306 12490 
CLU_3159 3118602190931 12159 
CLU_3159 3118602190923 13161 
CLU_3159 3118602190893 14681 
CLU_3159 3118602190486 12232 
CLU_3159 3118602190915 14660 
CLU_3159 3118602190222 13604 
CLU_3159 3118604696077 7458 
CLU_3159 3118602191024 6799 
CLU_3159 3118602190478 6836 
CLU_3159 3118602190389 7333 
CLU_3159 3118607110316 9381 
CLU_3159 3118602220261 6773 
CLU_3159 3118602190397 7938 
CLU_3159 3118602190176 8171 
CLU_3159 3118602191059 6377 
CLU_3159 3118602191040 5085 
CLU_3159 3118602190451 8007 
CLU_3159 3118602190206 8506 
CLU_3159 3118602190966 10010 
CLU_3159 3118602190400 8190 
CLU_3159 3118602190877 8506 
CLU_3159 3118602190826 15896 
CLU_3159 3118602190729 19115 
CLU_3159 3118602190656 19115 
CLU_3159 3118602190834 18761 
CLU_3159 3118602190710 19240 
CLU_3159 3118602190796 19325 
CLU_3159 3118602190648 19540 
CLU_3159 3118602190818 15584 
CLU_3159 3118602190885 11609 
CLU_3159 3118607053355 10081 
CLU_3159 3118602190192 2339 
CLU_3159 3118602190214 1630 
CLU_3159 3118602190680 0 
CLU_3159 3118602190753 3438 
CLU_3159 3118602190141 1422 
CLU_3159 3118602220245 2916 
CLU_3159 3118602190788 5917 
CLU_3159 CLU_2943 7457 
CLU_3159 CLU_2961 9489 
CLU_3159 CLU_2970 10617 
CLU_3159 CLU_2971 10757 
CLU_3159 CLU_3051 6799 
CLU_3159 CLU_3055 8615 
CLU_3159 CLU_3060 9293 
CLU_3159 CLU_3084 9178 
CLU_3159 CLU_3086 17532 
CLU_3159 CLU_3087 18279 
CLU_3159 CLU_3098 18241 
CLU_3159 CLU_3108 15742 
CLU_3159 CLU_3121 3676 
CLU_3159 CLU_3128 3376 
CLU_3159 CLU_3141 1056 
CLU_3159 CLU_3143 960 
CLU_3159 CLU_3160 473 
CLU_3159 CLU_3166 2260 
CLU_3159 CLU_3176 1493 
CLU_3159 CLU_3200 3652 
CLU_3159 CLU_3214 5520 
CLU_3159 CLU_7923 12451 
CLU_3160 3118602190990 5468 
CLU_3160 3118602191229 5555 
CLU_3160 3118602190591 6431 
CLU_3160 3118602190567 8515 
CLU_3160 3118602190532 9474 
CLU_3160 3118602190494 10135 
CLU_3160 3118602190869 9016 
CLU_3160 3118602190605 9520 
CLU_3160 3118602190109 8671 
CLU_3160 3118607116306 12031 
CLU_3160 3118602190931 11700 
CLU_3160 3118602190923 12720 
CLU_3160 3118602190893 14229 
CLU_3160 3118602190486 11796 
CLU_3160 3118602190915 14216 
CLU_3160 3118602190222 13151 
CLU_3160 3118604696077 7177 
CLU_3160 3118602191024 6591 
CLU_3160 3118602190478 6662 
CLU_3160 3118602190389 7180 
CLU_3160 3118607110316 9194 
CLU_3160 3118602220261 6501 
CLU_3160 3118602190397 7745 
CLU_3160 3118602190176 7846 
CLU_3160 3118602191059 6086 
CLU_3160 3118602191040 4878 
CLU_3160 3118602190451 7961 
CLU_3160 3118602190206 8464 
CLU_3160 3118602190966 9975 
CLU_3160 3118602190400 8100 
CLU_3160 3118602190877 8464 
CLU_3160 3118602190826 15707 
CLU_3160 3118602190729 18896 
CLU_3160 3118602190656 18896 
CLU_3160 3118602190834 18551 
CLU_3160 3118602190710 18989 
CLU_3160 3118602190796 19088 
CLU_3160 3118602190648 19313 
CLU_3160 3118602190818 15379 
CLU_3160 3118602190885 11285 
CLU_3160 3118607053355 10006 
CLU_3160 3118602190192 2200 
CLU_3160 3118602190214 1393 
CLU_3160 3118602190680 473 
CLU_3160 3118602190753 3267 
CLU_3160 3118602190141 1733 
CLU_3160 3118602220245 2470 
CLU_3160 3118602190788 5468 
CLU_3160 CLU_2943 6992 
CLU_3160 CLU_2961 9036 
CLU_3160 CLU_2970 10161 
CLU_3160 CLU_2971 10296 
CLU_3160 CLU_3051 6591 
CLU_3160 CLU_3055 8326 
CLU_3160 CLU_3060 8999 
CLU_3160 CLU_3084 9106 
CLU_3160 CLU_3086 17335 
CLU_3160 CLU_3087 18075 
CLU_3160 CLU_3098 18008 
CLU_3160 CLU_3108 15401 
CLU_3160 CLU_3121 3217 
CLU_3160 CLU_3128 3140 
CLU_3160 CLU_3141 1194 
CLU_3160 CLU_3143 572 
CLU_3160 CLU_3160 0 
CLU_3160 CLU_3166 2047 
CLU_3160 CLU_3176 1160 
CLU_3160 CLU_3200 3187 
CLU_3160 CLU_3214 5046 
CLU_3160 CLU_7923 12098 
CLU_3161 3118602190990 5898 
CLU_3161 3118602191229 5956 
CLU_3161 3118602190591 6834 
CLU_3161 3118602190567 8904 
CLU_3161 3118602190532 9863 
CLU_3161 3118602190494 10493 
CLU_3161 3118602190869 9457 
CLU_3161 3118602190605 9988 
CLU_3161 3118602190109 9153 
CLU_3161 3118607116306 12428 
CLU_3161 3118602190931 12100 
CLU_3161 3118602190923 13159 
CLU_3161 3118602190893 14647 
CLU_3161 3118602190486 12242 
CLU_3161 3118602190915 14650 
CLU_3161 3118602190222 13565 
CLU_3161 3118604696077 7704 
CLU_3161 3118602191024 7111 
CLU_3161 3118602190478 7174 
CLU_3161 3118602190389 7686 
CLU_3161 3118607110316 9710 
CLU_3161 3118602220261 7028 
CLU_3161 3118602190397 8262 
CLU_3161 3118602190176 8367 
CLU_3161 3118602191059 6612 
CLU_3161 3118602191040 5397 
CLU_3161 3118602190451 8421 
CLU_3161 3118602190206 8923 
CLU_3161 3118602190966 10430 
CLU_3161 3118602190400 8582 
CLU_3161 3118602190877 8923 
CLU_3161 3118602190826 16224 
CLU_3161 3118602190729 19419 
CLU_3161 3118602190656 19419 
CLU_3161 3118602190834 19073 
CLU_3161 3118602190710 19515 
CLU_3161 3118602190796 19613 
CLU_3161 3118602190648 19837 
CLU_3161 3118602190818 15900 
CLU_3161 3118602190885 11806 
CLU_3161 3118607053355 10482 
CLU_3161 3118602190192 1866 
CLU_3161 3118602190214 1180 
CLU_3161 3118602190680 472 
CLU_3161 3118602190753 3775 
CLU_3161 3118602190141 1887 
CLU_3161 3118602220245 2919 
CLU_3161 3118602190788 5898 
CLU_3161 CLU_2943 7376 
CLU_3161 CLU_2961 9451 
CLU_3161 CLU_2970 10570 
CLU_3161 CLU_2971 10688 
CLU_3161 CLU_3051 7111 
CLU_3161 CLU_3055 8852 
CLU_3161 CLU_3060 9525 
CLU_3161 CLU_3084 9580 
CLU_3161 CLU_3086 17854 
CLU_3161 CLU_3087 18595 
CLU_3161 CLU_3098 18533 
CLU_3161 CLU_3108 15917 
CLU_3161 CLU_3121 3423 
CLU_3161 CLU_3128 2913 
CLU_3161 CLU_3141 672 
CLU_3161 CLU_3143 686 
CLU_3161 CLU_3160 526 
CLU_3161 CLU_3166 2563 
CLU_3161 CLU_3176 1687 
CLU_3161 CLU_3200 3581 
CLU_3161 CLU_3214 5361 
CLU_3161 CLU_7923 12611 
CLU_3162 3118602190990 4043 
CLU_3162 3118602191229 4333 
CLU_3162 3118602190591 5127 
CLU_3162 3118602190567 7183 
CLU_3162 3118602190532 8116 
CLU_3162 3118602190494 8938 
CLU_3162 3118602190869 7330 
CLU_3162 3118602190605 7630 
CLU_3162 3118602190109 6696 
CLU_3162 3118607116306 10558 
CLU_3162 3118602190931 10221 
CLU_3162 3118602190923 10982 
CLU_3162 3118602190893 12607 
CLU_3162 3118602190486 10021 
CLU_3162 3118602190915 12496 
CLU_3162 3118602190222 11564 
CLU_3162 3118604696077 4776 
CLU_3162 3118602191024 4169 
CLU_3162 3118602190478 4272 
CLU_3162 3118602190389 4815 
CLU_3162 3118607110316 6783 
CLU_3162 3118602220261 4090 
CLU_3162 3118602190397 5331 
CLU_3162 3118602190176 5527 
CLU_3162 3118602191059 3700 
CLU_3162 3118602191040 2463 
CLU_3162 3118602190451 5827 
CLU_3162 3118602190206 6328 
CLU_3162 3118602190966 7841 
CLU_3162 3118602190400 5848 
CLU_3162 3118602190877 6328 
CLU_3162 3118602190826 13290 
CLU_3162 3118602190729 16467 
CLU_3162 3118602190656 16467 
CLU_3162 3118602190834 16124 
CLU_3162 3118602190710 16565 
CLU_3162 3118602190796 16660 
CLU_3162 3118602190648 16884 
CLU_3162 3118602190818 12954 
CLU_3162 3118602190885 8955 
CLU_3162 3118607053355 7768 
CLU_3162 3118602190192 4363 
CLU_3162 3118602190214 3496 
CLU_3162 3118602190680 2682 
CLU_3162 3118602190753 984 
CLU_3162 3118602190141 2594 
CLU_3162 3118602220245 1705 
CLU_3162 3118602190788 4043 
CLU_3162 CLU_2943 5774 
CLU_3162 CLU_2961 7520 
CLU_3162 CLU_2970 8660 
CLU_3162 CLU_2971 8893 
CLU_3162 CLU_3051 4169 
CLU_3162 CLU_3055 5935 
CLU_3162 CLU_3060 6615 
CLU_3162 CLU_3084 6885 
CLU_3162 CLU_3086 14912 
CLU_3162 CLU_3087 15649 
CLU_3162 CLU_3098 15580 
CLU_3162 CLU_3108 13108 
CLU_3162 CLU_3121 3580 
CLU_3162 CLU_3128 4972 
CLU_3162 CLU_3141 3623 
CLU_3162 CLU_3143 2670 
CLU_3162 CLU_3160 2429 
CLU_3162 CLU_3166 463 
CLU_3162 CLU_3176 1295 
CLU_3162 CLU_3200 2502 
CLU_3162 CLU_3214 4448 
CLU_3162 CLU_7923 9843 
CLU_3163 3118602190990 4121 
CLU_3163 3118602191229 4453 
CLU_3163 3118602190591 5210 
CLU_3163 3118602190567 7233 
CLU_3163 3118602190532 8151 
CLU_3163 3118602190494 9004 
CLU_3163 3118602190869 7288 
CLU_3163 3118602190605 7526 
CLU_3163 3118602190109 6571 
CLU_3163 3118607116306 10552 
CLU_3163 3118602190931 10214 
CLU_3163 3118602190923 10906 
CLU_3163 3118602190893 12556 
CLU_3163 3118602190486 9938 
CLU_3163 3118602190915 12420 
CLU_3163 3118602190222 11526 
CLU_3163 3118604696077 4455 
CLU_3163 3118602191024 3777 
CLU_3163 3118602190478 3858 
CLU_3163 3118602190389 4393 
CLU_3163 3118607110316 6381 
CLU_3163 3118602220261 3762 
CLU_3163 3118602190397 4931 
CLU_3163 3118602190176 5263 
CLU_3163 3118602191059 3402 
CLU_3163 3118602191040 2064 
CLU_3163 3118602190451 5392 
CLU_3163 3118602190206 5893 
CLU_3163 3118602190966 7406 
CLU_3163 3118602190400 5413 
CLU_3163 3118602190877 5893 
CLU_3163 3118602190826 12893 
CLU_3163 3118602190729 16088 
CLU_3163 3118602190656 16088 
CLU_3163 3118602190834 15740 
CLU_3163 3118602190710 16207 
CLU_3163 3118602190796 16292 
CLU_3163 3118602190648 16510 
CLU_3163 3118602190818 12566 
CLU_3163 3118602190885 8674 
CLU_3163 3118607053355 7333 
CLU_3163 3118602190192 4790 
CLU_3163 3118602190214 3923 
CLU_3163 3118602190680 3033 
CLU_3163 3118602190753 554 
CLU_3163 3118602190141 2771 
CLU_3163 3118602220245 2056 
CLU_3163 3118602190788 4121 
CLU_3163 CLU_2943 5866 
CLU_3163 CLU_2961 7521 
CLU_3163 CLU_2970 8657 
CLU_3163 CLU_2971 8913 
CLU_3163 CLU_3051 3777 
CLU_3163 CLU_3055 5620 
CLU_3163 CLU_3060 6304 
CLU_3163 CLU_3084 6450 
CLU_3163 CLU_3086 14521 
CLU_3163 CLU_3087 15262 
CLU_3163 CLU_3098 15209 
CLU_3163 CLU_3108 12840 
CLU_3163 CLU_3121 3959 
CLU_3163 CLU_3128 5408 
CLU_3163 CLU_3141 4005 
CLU_3163 CLU_3143 3086 
CLU_3163 CLU_3160 2814 
CLU_3163 CLU_3166 772 
CLU_3163 CLU_3176 1706 
CLU_3163 CLU_3200 2800 
CLU_3163 CLU_3214 4687 
CLU_3163 CLU_7923 9597 
CLU_3164 3118602190990 3701 
CLU_3164 3118602191229 4010 
CLU_3164 3118602190591 4789 
CLU_3164 3118602190567 6834 
CLU_3164 3118602190532 7762 
CLU_3164 3118602190494 8595 
CLU_3164 3118602190869 6959 
CLU_3164 3118602190605 7254 
CLU_3164 3118602190109 6321 
CLU_3164 3118607116306 10194 
CLU_3164 3118602190931 9857 
CLU_3164 3118602190923 10608 
CLU_3164 3118602190893 12236 
CLU_3164 3118602190486 9646 
CLU_3164 3118602190915 12122 
CLU_3164 3118602190222 11194 
CLU_3164 3118604696077 4465 
CLU_3164 3118602191024 3933 
CLU_3164 3118602190478 4076 
CLU_3164 3118602190389 4636 
CLU_3164 3118607110316 6556 
CLU_3164 3118602220261 3787 
CLU_3164 3118602190397 5104 
CLU_3164 3118602190176 5182 
CLU_3164 3118602191059 3378 
CLU_3164 3118602191040 2252 
CLU_3164 3118602190451 5755 
CLU_3164 3118602190206 6253 
CLU_3164 3118602190966 7759 
CLU_3164 3118602190400 5728 
CLU_3164 3118602190877 6253 
CLU_3164 3118602190826 13049 
CLU_3164 3118602190729 16202 
CLU_3164 3118602190656 16202 
CLU_3164 3118602190834 15864 
CLU_3164 3118602190710 16276 
CLU_3164 3118602190796 16381 
CLU_3164 3118602190648 16612 
CLU_3164 3118602190818 12700 
CLU_3164 3118602190885 8615 
CLU_3164 3118607053355 7645 
CLU_3164 3118602190192 4551 
CLU_3164 3118602190214 3693 
CLU_3164 3118602190680 3000 
CLU_3164 3118602190753 995 
CLU_3164 3118602190141 2970 
CLU_3164 3118602220245 1588 
CLU_3164 3118602190788 3701 
CLU_3164 CLU_2943 5440 
CLU_3164 CLU_2961 7157 
CLU_3164 CLU_2970 8297 
CLU_3164 CLU_2971 8536 
CLU_3164 CLU_3051 3933 
CLU_3164 CLU_3055 5617 
CLU_3164 CLU_3060 6294 
CLU_3164 CLU_3084 6773 
CLU_3164 CLU_3086 14662 
CLU_3164 CLU_3087 15394 
CLU_3164 CLU_3098 15304 
CLU_3164 CLU_3108 12762 
CLU_3164 CLU_3121 3503 
CLU_3164 CLU_3128 5087 
CLU_3164 CLU_3141 3905 
CLU_3164 CLU_3143 2901 
CLU_3164 CLU_3160 2714 
CLU_3164 CLU_3166 835 
CLU_3164 CLU_3176 1557 
CLU_3164 CLU_3200 2313 
CLU_3164 CLU_3214 4202 
CLU_3164 CLU_7923 9489 
CLU_3165 3118602190990 4162 
CLU_3165 3118602191229 4438 
CLU_3165 3118602190591 5243 
CLU_3165 3118602190567 7307 
CLU_3165 3118602190532 8243 
CLU_3165 3118602190494 9056 
CLU_3165 3118602190869 7478 
CLU_3165 3118602190605 7791 
CLU_3165 3118602190109 6861 
CLU_3165 3118607116306 10696 
CLU_3165 3118602190931 10359 
CLU_3165 3118602190923 11136 
CLU_3165 3118602190893 12755 
CLU_3165 3118602190486 10176 
CLU_3165 3118602190915 12650 
CLU_3165 3118602190222 11710 
CLU_3165 3118604696077 4953 
CLU_3165 3118602191024 4333 
CLU_3165 3118602190478 4427 
CLU_3165 3118602190389 4964 
CLU_3165 3118607110316 6944 
CLU_3165 3118602220261 4267 
CLU_3165 3118602190397 5492 
CLU_3165 3118602190176 5705 
CLU_3165 3118602191059 3879 
CLU_3165 3118602191040 2624 
CLU_3165 3118602190451 5939 
CLU_3165 3118602190206 6441 
CLU_3165 3118602190966 7956 
CLU_3165 3118602190400 5978 
CLU_3165 3118602190877 6441 
CLU_3165 3118602190826 13453 
CLU_3165 3118602190729 16636 
CLU_3165 3118602190656 16636 
CLU_3165 3118602190834 16291 
CLU_3165 3118602190710 16739 
CLU_3165 3118602190796 16832 
CLU_3165 3118602190648 17054 
CLU_3165 3118602190818 13120 
CLU_3165 3118602190885 9134 
CLU_3165 3118607053355 7897 
CLU_3165 3118602190192 4220 
CLU_3165 3118602190214 3353 
CLU_3165 3118602190680 2506 
CLU_3165 3118602190753 1096 
CLU_3165 3118602190141 2430 
CLU_3165 3118602220245 1711 
CLU_3165 3118602190788 4162 
CLU_3165 CLU_2943 5886 
CLU_3165 CLU_2961 7657 
CLU_3165 CLU_2970 8798 
CLU_3165 CLU_2971 9025 
CLU_3165 CLU_3051 4333 
CLU_3165 CLU_3055 6112 
CLU_3165 CLU_3060 6793 
CLU_3165 CLU_3084 7011 
CLU_3165 CLU_3086 15077 
CLU_3165 CLU_3087 15816 
CLU_3165 CLU_3098 15751 
CLU_3165 CLU_3108 13287 
CLU_3165 CLU_3121 3551 
CLU_3165 CLU_3128 4856 
CLU_3165 CLU_3141 3453 
CLU_3165 CLU_3143 2516 
CLU_3165 CLU_3160 2259 
CLU_3165 CLU_3166 292 
CLU_3165 CLU_3176 1137 
CLU_3165 CLU_3200 2534 
CLU_3165 CLU_3214 4505 
CLU_3165 CLU_7923 10021 
CLU_3166 3118602190990 4428 
CLU_3166 3118602191229 4690 
CLU_3166 3118602190591 5504 
CLU_3166 3118602190567 7576 
CLU_3166 3118602190532 8515 
CLU_3166 3118602190494 9319 
CLU_3166 3118602190869 7764 
CLU_3166 3118602190605 8083 
CLU_3166 3118602190109 7154 
CLU_3166 3118607116306 10975 
CLU_3166 3118602190931 10638 
CLU_3166 3118602190923 11426 
CLU_3166 3118602190893 13042 
CLU_3166 3118602190486 10467 
CLU_3166 3118602190915 12940 
CLU_3166 3118602190222 11995 
CLU_3166 3118604696077 5212 
CLU_3166 3118602191024 4548 
CLU_3166 3118602190478 4616 
CLU_3166 3118602190389 5140 
CLU_3166 3118607110316 7147 
CLU_3166 3118602220261 4522 
CLU_3166 3118602190397 5698 
CLU_3166 3118602190176 5983 
CLU_3166 3118602191059 4145 
CLU_3166 3118602191040 2833 
CLU_3166 3118602190451 6037 
CLU_3166 3118602190206 6540 
CLU_3166 3118602190966 8056 
CLU_3166 3118602190400 6110 
CLU_3166 3118602190877 6540 
CLU_3166 3118602190826 13661 
CLU_3166 3118602190729 16861 
CLU_3166 3118602190656 16861 
CLU_3166 3118602190834 16511 
CLU_3166 3118602190710 16979 
CLU_3166 3118602190796 17065 
CLU_3166 3118602190648 17283 
CLU_3166 3118602190818 13337 
CLU_3166 3118602190885 9408 
CLU_3166 3118607053355 8027 
CLU_3166 3118602190192 4079 
CLU_3166 3118602190214 3212 
CLU_3166 3118602190680 2260 
CLU_3166 3118602190753 1231 
CLU_3166 3118602190141 2137 
CLU_3166 3118602220245 1860 
CLU_3166 3118602190788 4428 
CLU_3166 CLU_2943 6143 
CLU_3166 CLU_2961 7936 
CLU_3166 CLU_2970 9077 
CLU_3166 CLU_2971 9300 
CLU_3166 CLU_3051 4548 
CLU_3166 CLU_3055 6374 
CLU_3166 CLU_3060 7056 
CLU_3166 CLU_3084 7135 
CLU_3166 CLU_3086 15290 
CLU_3166 CLU_3087 16032 
CLU_3166 CLU_3098 15982 
CLU_3166 CLU_3108 13565 
CLU_3166 CLU_3121 3630 
CLU_3166 CLU_3128 4773 
CLU_3166 CLU_3141 3235 
CLU_3166 CLU_3143 2352 
CLU_3166 CLU_3160 2047 
CLU_3166 CLU_3166 0 
CLU_3166 CLU_3176 982 
CLU_3166 CLU_3200 2709 
CLU_3166 CLU_3214 4703 
CLU_3166 CLU_7923 10304 
CLU_3167 3118602190990 4665 
CLU_3167 3118602191229 4908 
CLU_3167 3118602190591 5735 
CLU_3167 3118602190567 7815 
CLU_3167 3118602190532 8758 
CLU_3167 3118602190494 9548 
CLU_3167 3118602190869 8035 
CLU_3167 3118602190605 8370 
CLU_3167 3118602190109 7446 
CLU_3167 3118607116306 11232 
CLU_3167 3118602190931 10895 
CLU_3167 3118602190923 11705 
CLU_3167 3118602190893 13313 
CLU_3167 3118602190486 10748 
CLU_3167 3118602190915 13218 
CLU_3167 3118602190222 12262 
CLU_3167 3118604696077 5513 
CLU_3167 3118602191024 4826 
CLU_3167 3118602190478 4878 
CLU_3167 3118602190389 5392 
CLU_3167 3118607110316 7417 
CLU_3167 3118602220261 4822 
CLU_3167 3118602190397 5970 
CLU_3167 3118602190176 6289 
CLU_3167 3118602191059 4449 
CLU_3167 3118602191040 3112 
CLU_3167 3118602190451 6225 
CLU_3167 3118602190206 6729 
CLU_3167 3118602190966 8245 
CLU_3167 3118602190400 6327 
CLU_3167 3118602190877 6729 
CLU_3167 3118602190826 13932 
CLU_3167 3118602190729 17142 
CLU_3167 3118602190656 17142 
CLU_3167 3118602190834 16790 
CLU_3167 3118602190710 17270 
CLU_3167 3118602190796 17352 
CLU_3167 3118602190648 17566 
CLU_3167 3118602190818 13613 
CLU_3167 3118602190885 9713 
CLU_3167 3118607053355 8240 
CLU_3167 3118602190192 3876 
CLU_3167 3118602190214 3012 
CLU_3167 3118602190680 1973 
CLU_3167 3118602190753 1479 
CLU_3167 3118602190141 1850 
CLU_3167 3118602220245 1978 
CLU_3167 3118602190788 4665 
CLU_3167 CLU_2943 6367 
CLU_3167 CLU_2961 8193 
CLU_3167 CLU_2970 9335 
CLU_3167 CLU_2971 9548 
CLU_3167 CLU_3051 4826 
CLU_3167 CLU_3055 6676 
CLU_3167 CLU_3060 7358 
CLU_3167 CLU_3084 7344 
CLU_3167 CLU_3086 15564 
CLU_3167 CLU_3087 16309 
CLU_3167 CLU_3098 16268 
CLU_3167 CLU_3108 13871 
CLU_3167 CLU_3121 3653 
CLU_3167 CLU_3128 4622 
CLU_3167 CLU_3141 2967 
CLU_3167 CLU_3143 2137 
CLU_3167 CLU_3160 1788 
CLU_3167 CLU_3166 306 
CLU_3167 CLU_3176 813 
CLU_3167 CLU_3200 2842 
CLU_3167 CLU_3214 4852 
CLU_3167 CLU_7923 10610 
CLU_3168 3118602190990 4260 
CLU_3168 3118602191229 4402 
CLU_3168 3118602190591 5269 
CLU_3168 3118602190567 7364 
CLU_3168 3118602190532 8322 
CLU_3168 3118602190494 9036 
CLU_3168 3118602190869 7777 
CLU_3168 3118602190605 8244 
CLU_3168 3118602190109 7383 
CLU_3168 3118607116306 10855 
CLU_3168 3118602190931 10522 
CLU_3168 3118602190923 11479 
CLU_3168 3118602190893 13019 
CLU_3168 3118602190486 10546 
CLU_3168 3118602190915 12982 
CLU_3168 3118602190222 11948 
CLU_3168 3118604696077 5949 
CLU_3168 3118602191024 5475 
CLU_3168 3118602190478 5609 
CLU_3168 3118602190389 6160 
CLU_3168 3118607110316 8097 
CLU_3168 3118602220261 5286 
CLU_3168 3118602190397 6645 
CLU_3168 3118602190176 6570 
CLU_3168 3118602191059 4848 
CLU_3168 3118602191040 3788 
CLU_3168 3118602190451 7161 
CLU_3168 3118602190206 7663 
CLU_3168 3118602190966 9178 
CLU_3168 3118602190400 7199 
CLU_3168 3118602190877 7663 
CLU_3168 3118602190826 14589 
CLU_3168 3118602190729 17729 
CLU_3168 3118602190656 17729 
CLU_3168 3118602190834 17396 
CLU_3168 3118602190710 17778 
CLU_3168 3118602190796 17896 
CLU_3168 3118602190648 18134 
CLU_3168 3118602190818 14236 
CLU_3168 3118602190885 10007 
CLU_3168 3118607053355 9119 
CLU_3168 3118602190192 3016 
CLU_3168 3118602190214 2153 
CLU_3168 3118602190680 1696 
CLU_3168 3118602190753 2319 
CLU_3168 3118602190141 2325 
CLU_3168 3118602220245 1281 
CLU_3168 3118602190788 4260 
CLU_3168 CLU_2943 5862 
CLU_3168 CLU_2961 7837 
CLU_3168 CLU_2970 8972 
CLU_3168 CLU_2971 9135 
CLU_3168 CLU_3051 5475 
CLU_3168 CLU_3055 7084 
CLU_3168 CLU_3060 7750 
CLU_3168 CLU_3084 8234 
CLU_3168 CLU_3086 16199 
CLU_3168 CLU_3087 16928 
CLU_3168 CLU_3098 16822 
CLU_3168 CLU_3108 14112 
CLU_3168 CLU_3121 2651 
CLU_3168 CLU_3128 3636 
CLU_3168 CLU_3141 2439 
CLU_3168 CLU_3143 1370 
CLU_3168 CLU_3160 1298 
CLU_3168 CLU_3166 1147 
CLU_3168 CLU_3176 350 
CLU_3168 CLU_3200 2108 
CLU_3168 CLU_3214 4097 
CLU_3168 CLU_7923 10805 
CLU_3169 3118602190990 4052 
CLU_3169 3118602191229 4174 
CLU_3169 3118602190591 5045 
CLU_3169 3118602190567 7138 
CLU_3169 3118602190532 8097 
CLU_3169 3118602190494 8798 
CLU_3169 3118602190869 7588 
CLU_3169 3118602190605 8082 
CLU_3169 3118602190109 7238 
CLU_3169 3118607116306 10639 
CLU_3169 3118602190931 10306 
CLU_3169 3118602190923 11292 
CLU_3169 3118602190893 12816 
CLU_3169 3118602190486 10364 
CLU_3169 3118602190915 12791 
CLU_3169 3118602190222 11742 
CLU_3169 3118604696077 5937 
CLU_3169 3118602191024 5528 
CLU_3169 3118602190478 5688 
CLU_3169 3118602190389 6249 
CLU_3169 3118607110316 8151 
CLU_3169 3118602220261 5287 
CLU_3169 3118602190397 6702 
CLU_3169 3118602190176 6513 
CLU_3169 3118602191059 4833 
CLU_3169 3118602191040 3863 
CLU_3169 3118602190451 7311 
CLU_3169 3118602190206 7812 
CLU_3169 3118602190966 9325 
CLU_3169 3118602190400 7323 
CLU_3169 3118602190877 7812 
CLU_3169 3118602190826 14627 
CLU_3169 3118602190729 17743 
CLU_3169 3118602190656 17743 
CLU_3169 3118602190834 17416 
CLU_3169 3118602190710 17768 
CLU_3169 3118602190796 17896 
CLU_3169 3118602190648 18141 
CLU_3169 3118602190818 14263 
CLU_3169 3118602190885 9944 
CLU_3169 3118607053355 9243 
CLU_3169 3118602190192 2950 
CLU_3169 3118602190214 2104 
CLU_3169 3118602190680 1868 
CLU_3169 3118602190753 2466 
CLU_3169 3118602190141 2593 
CLU_3169 3118602220245 1054 
CLU_3169 3118602190788 4052 
CLU_3169 CLU_2943 5629 
CLU_3169 CLU_2961 7628 
CLU_3169 CLU_2970 8760 
CLU_3169 CLU_2971 8913 
CLU_3169 CLU_3051 5528 
CLU_3169 CLU_3055 7060 
CLU_3169 CLU_3060 7719 
CLU_3169 CLU_3084 8363 
CLU_3169 CLU_3086 16229 
CLU_3169 CLU_3087 16953 
CLU_3169 CLU_3098 16826 
CLU_3169 CLU_3108 14030 
CLU_3169 CLU_3121 2376 
CLU_3169 CLU_3128 3490 
CLU_3169 CLU_3141 2517 
CLU_3169 CLU_3143 1398 
CLU_3169 CLU_3160 1437 
CLU_3169 CLU_3166 1350 
CLU_3169 CLU_3176 630 
CLU_3169 CLU_3200 1853 
CLU_3169 CLU_3214 3829 
CLU_3169 CLU_7923 10715 
CLU_3170 3118602190990 3773 
CLU_3170 3118602191229 3912 
CLU_3170 3118602190591 4778 
CLU_3170 3118602190567 6874 
CLU_3170 3118602190532 7832 
CLU_3170 3118602190494 8547 
CLU_3170 3118602190869 7298 
CLU_3170 3118602190605 7783 
CLU_3170 3118602190109 6935 
CLU_3170 3118607116306 10366 
CLU_3170 3118602190931 10033 
CLU_3170 3118602190923 11002 
CLU_3170 3118602190893 12534 
CLU_3170 3118602190486 10071 
CLU_3170 3118602190915 12503 
CLU_3170 3118602190222 11462 
CLU_3170 3118604696077 5657 
CLU_3170 3118602191024 5285 
CLU_3170 3118602190478 5463 
CLU_3170 3118602190389 6031 
CLU_3170 3118607110316 7906 
CLU_3170 3118602220261 5012 
CLU_3170 3118602190397 6459 
CLU_3170 3118602190176 6216 
CLU_3170 3118602191059 4552 
CLU_3170 3118602191040 3639 
CLU_3170 3118602190451 7149 
CLU_3170 3118602190206 7648 
CLU_3170 3118602190966 9158 
CLU_3170 3118602190400 7134 
CLU_3170 3118602190877 7648 
CLU_3170 3118602190826 14370 
CLU_3170 3118602190729 17471 
CLU_3170 3118602190656 17471 
CLU_3170 3118602190834 17148 
CLU_3170 3118602190710 17486 
CLU_3170 3118602190796 17618 
CLU_3170 3118602190648 17866 
CLU_3170 3118602190818 13999 
CLU_3170 3118602190885 9645 
CLU_3170 3118607053355 9052 
CLU_3170 3118602190192 3206 
CLU_3170 3118602190214 2372 
CLU_3170 3118602190680 2161 
CLU_3170 3118602190753 2320 
CLU_3170 3118602190141 2798 
CLU_3170 3118602220245 792 
CLU_3170 3118602190788 3773 
CLU_3170 CLU_2943 5371 
CLU_3170 CLU_2961 7350 
CLU_3170 CLU_2970 8484 
CLU_3170 CLU_2971 8645 
CLU_3170 CLU_3051 5285 
CLU_3170 CLU_3055 6774 
CLU_3170 CLU_3060 7430 
CLU_3170 CLU_3084 8179 
CLU_3170 CLU_3086 15966 
CLU_3170 CLU_3087 16687 
CLU_3170 CLU_3098 16550 
CLU_3170 CLU_3108 13727 
CLU_3170 CLU_3121 2333 
CLU_3170 CLU_3128 3681 
CLU_3170 CLU_3141 2822 
CLU_3170 CLU_3143 1697 
CLU_3170 CLU_3160 1737 
CLU_3170 CLU_3166 1303 
CLU_3170 CLU_3176 815 
CLU_3170 CLU_3200 1631 
CLU_3170 CLU_3214 3634 
CLU_3170 CLU_7923 10412 
CLU_3171 3118602190990 4173 
CLU_3171 3118602191229 4387 
CLU_3171 3118602190591 5228 
CLU_3171 3118602190567 7318 
CLU_3171 3118602190532 8267 
CLU_3171 3118602190494 9035 
CLU_3171 3118602190869 7607 
CLU_3171 3118602190605 7997 
CLU_3171 3118602190109 7098 
CLU_3171 3118607116306 10764 
CLU_3171 3118602190931 10428 
CLU_3171 3118602190923 11295 
CLU_3171 3118602190893 12877 
CLU_3171 3118602190486 10346 
CLU_3171 3118602190915 12805 
CLU_3171 3118602190222 11818 
CLU_3171 3118604696077 5426 
CLU_3171 3118602191024 4881 
CLU_3171 3118602190478 4995 
CLU_3171 3118602190389 5540 
CLU_3171 3118607110316 7499 
CLU_3171 3118602220261 4750 
CLU_3171 3118602190397 6046 
CLU_3171 3118602190176 6112 
CLU_3171 3118602191059 4334 
CLU_3171 3118602191040 3181 
CLU_3171 3118602190451 6526 
CLU_3171 3118602190206 7029 
CLU_3171 3118602190966 8544 
CLU_3171 3118602190400 6566 
CLU_3171 3118602190877 7029 
CLU_3171 3118602190826 14001 
CLU_3171 3118602190729 17164 
CLU_3171 3118602190656 17164 
CLU_3171 3118602190834 16825 
CLU_3171 3118602190710 17241 
CLU_3171 3118602190796 17345 
CLU_3171 3118602190648 17575 
CLU_3171 3118602190818 13658 
CLU_3171 3118602190885 9550 
CLU_3171 3118607053355 8486 
CLU_3171 3118602190192 3638 
CLU_3171 3118602190214 2771 
CLU_3171 3118602190680 2060 
CLU_3171 3118602190753 1685 
CLU_3171 3118602190141 2291 
CLU_3171 3118602220245 1399 
CLU_3171 3118602190788 4173 
CLU_3171 CLU_2943 5851 
CLU_3171 CLU_2961 7729 
CLU_3171 CLU_2970 8870 
CLU_3171 CLU_2971 9066 
CLU_3171 CLU_3051 4881 
CLU_3171 CLU_3055 6575 
CLU_3171 CLU_3060 7249 
CLU_3171 CLU_3084 7600 
CLU_3171 CLU_3086 15619 
CLU_3171 CLU_3087 16353 
CLU_3171 CLU_3098 16268 
CLU_3171 CLU_3108 13683 
CLU_3171 CLU_3121 3096 
CLU_3171 CLU_3128 4269 
CLU_3171 CLU_3141 2941 
CLU_3171 CLU_3143 1950 
CLU_3171 CLU_3160 1751 
CLU_3171 CLU_3166 547 
CLU_3171 CLU_3176 592 
CLU_3171 CLU_3200 2266 
CLU_3171 CLU_3214 4278 
CLU_3171 CLU_7923 10394 
CLU_3172 3118602190990 3482 
CLU_3172 3118602191229 3724 
CLU_3172 3118602190591 4550 
CLU_3172 3118602190567 6631 
CLU_3172 3118602190532 7576 
CLU_3172 3118602190494 8363 
CLU_3172 3118602190869 6890 
CLU_3172 3118602190605 7278 
CLU_3172 3118602190109 6383 
CLU_3172 3118607116306 10060 
CLU_3172 3118602190931 9724 
CLU_3172 3118602190923 10576 
CLU_3172 3118602190893 12162 
CLU_3172 3118602190486 9626 
CLU_3172 3118602190915 12086 
CLU_3172 3118602190222 11105 
CLU_3172 3118604696077 4856 
CLU_3172 3118602191024 4450 
CLU_3172 3118602190478 4630 
CLU_3172 3118602190389 5202 
CLU_3172 3118607110316 7072 
CLU_3172 3118602220261 4201 
CLU_3172 3118602190397 5624 
CLU_3172 3118602190176 5473 
CLU_3172 3118602191059 3754 
CLU_3172 3118602191040 2809 
CLU_3172 3118602190451 6370 
CLU_3172 3118602190206 6866 
CLU_3172 3118602190966 8369 
CLU_3172 3118602190400 6326 
CLU_3172 3118602190877 6866 
CLU_3172 3118602190826 13540 
CLU_3172 3118602190729 16655 
CLU_3172 3118602190656 16655 
CLU_3172 3118602190834 16327 
CLU_3172 3118602190710 16688 
CLU_3172 3118602190796 16811 
CLU_3172 3118602190648 17054 
CLU_3172 3118602190818 13175 
CLU_3172 3118602190885 8911 
CLU_3172 3118607053355 8241 
CLU_3172 3118602190192 4035 
CLU_3172 3118602190214 3192 
CLU_3172 3118602190680 2732 
CLU_3172 3118602190753 1605 
CLU_3172 3118602190141 2996 
CLU_3172 3118602220245 991 
CLU_3172 3118602190788 3482 
CLU_3172 CLU_2943 5182 
CLU_3172 CLU_2961 7023 
CLU_3172 CLU_2970 8164 
CLU_3172 CLU_2971 8370 
CLU_3172 CLU_3051 4450 
CLU_3172 CLU_3055 5987 
CLU_3172 CLU_3060 6652 
CLU_3172 CLU_3084 7373 
CLU_3172 CLU_3086 15141 
CLU_3172 CLU_3087 15864 
CLU_3172 CLU_3098 15740 
CLU_3172 CLU_3108 13025 
CLU_3172 CLU_3121 2893 
CLU_3172 CLU_3128 4506 
CLU_3172 CLU_3141 3536 
CLU_3172 CLU_3143 2460 
CLU_3172 CLU_3160 2376 
CLU_3172 CLU_3166 974 
CLU_3172 CLU_3176 1238 
CLU_3172 CLU_3200 1782 
CLU_3172 CLU_3214 3746 
CLU_3172 CLU_7923 9724 
CLU_3173 3118602190990 3735 
CLU_3173 3118602191229 3935 
CLU_3173 3118602190591 4782 
CLU_3173 3118602190567 6874 
CLU_3173 3118602190532 7826 
CLU_3173 3118602190494 8584 
CLU_3173 3118602190869 7198 
CLU_3173 3118602190605 7621 
CLU_3173 3118602190109 6741 
CLU_3173 3118607116306 10333 
CLU_3173 3118602190931 9997 
CLU_3173 3118602190923 10893 
CLU_3173 3118602190893 12461 
CLU_3173 3118602190486 9950 
CLU_3173 3118602190915 12401 
CLU_3173 3118602190222 11398 
CLU_3173 3118604696077 5264 
CLU_3173 3118602191024 4835 
CLU_3173 3118602190478 4999 
CLU_3173 3118602190389 5563 
CLU_3173 3118607110316 7458 
CLU_3173 3118602220261 4607 
CLU_3173 3118602190397 6009 
CLU_3173 3118602190176 5878 
CLU_3173 3118602191059 4162 
CLU_3173 3118602191040 3174 
CLU_3173 3118602190451 6670 
CLU_3173 3118602190206 7169 
CLU_3173 3118602190966 8678 
CLU_3173 3118602190400 6657 
CLU_3173 3118602190877 7169 
CLU_3173 3118602190826 13936 
CLU_3173 3118602190729 17058 
CLU_3173 3118602190656 17058 
CLU_3173 3118602190834 16729 
CLU_3173 3118602190710 17095 
CLU_3173 3118602190796 17217 
CLU_3173 3118602190648 17459 
CLU_3173 3118602190818 13574 
CLU_3173 3118602190885 9316 
CLU_3173 3118607053355 8575 
CLU_3173 3118602190192 3643 
CLU_3173 3118602190214 2794 
CLU_3173 3118602190680 2348 
CLU_3173 3118602190753 1845 
CLU_3173 3118602190141 2732 
CLU_3173 3118602220245 949 
CLU_3173 3118602190788 3735 
CLU_3173 CLU_2943 5400 
CLU_3173 CLU_2961 7300 
CLU_3173 CLU_2970 8440 
CLU_3173 CLU_2971 8628 
CLU_3173 CLU_3051 4835 
CLU_3173 CLU_3055 6396 
CLU_3173 CLU_3060 7060 
CLU_3173 CLU_3084 7701 
CLU_3173 CLU_3086 15539 
CLU_3173 CLU_3087 16265 
CLU_3173 CLU_3098 16146 
CLU_3173 CLU_3108 13424 
CLU_3173 CLU_3121 2732 
CLU_3173 CLU_3128 4156 
CLU_3173 CLU_3141 3130 
CLU_3173 CLU_3143 2052 
CLU_3173 CLU_3160 1977 
CLU_3173 CLU_3166 920 
CLU_3173 CLU_3176 863 
CLU_3173 CLU_3200 1811 
CLU_3173 CLU_3214 3821 
CLU_3173 CLU_7923 10121 
CLU_3174 3118602190990 3432 
CLU_3174 3118602191229 3586 
CLU_3174 3118602190591 4448 
CLU_3174 3118602190567 6544 
CLU_3174 3118602190532 7501 
CLU_3174 3118602190494 8229 
CLU_3174 3118602190869 6949 
CLU_3174 3118602190605 7430 
CLU_3174 3118602190109 6583 
CLU_3174 3118607116306 10029 
CLU_3174 3118602190931 9696 
CLU_3174 3118602190923 10652 
CLU_3174 3118602190893 12190 
CLU_3174 3118602190486 9721 
CLU_3174 3118602190915 12154 
CLU_3174 3118602190222 11119 
CLU_3174 3118604696077 5369 
CLU_3174 3118602191024 5058 
CLU_3174 3118602190478 5263 
CLU_3174 3118602190389 5840 
CLU_3174 3118607110316 7672 
CLU_3174 3118602220261 4736 
CLU_3174 3118602190397 6231 
CLU_3174 3118602190176 5896 
CLU_3174 3118602191059 4265 
CLU_3174 3118602191040 3448 
CLU_3174 3118602190451 7033 
CLU_3174 3118602190206 7529 
CLU_3174 3118602190966 9031 
CLU_3174 3118602190400 6982 
CLU_3174 3118602190877 7529 
CLU_3174 3118602190826 14114 
CLU_3174 3118602190729 17194 
CLU_3174 3118602190656 17194 
CLU_3174 3118602190834 16876 
CLU_3174 3118602190710 17191 
CLU_3174 3118602190796 17330 
CLU_3174 3118602190648 17584 
CLU_3174 3118602190818 13735 
CLU_3174 3118602190885 9320 
CLU_3174 3118607053355 8895 
CLU_3174 3118602190192 3476 
CLU_3174 3118602190214 2662 
CLU_3174 3118602190680 2512 
CLU_3174 3118602190753 2254 
CLU_3174 3118602190141 3094 
CLU_3174 3118602220245 497 
CLU_3174 3118602190788 3432 
CLU_3174 CLU_2943 5049 
CLU_3174 CLU_2961 7009 
CLU_3174 CLU_2970 8144 
CLU_3174 CLU_2971 8311 
CLU_3174 CLU_3051 5058 
CLU_3174 CLU_3055 6475 
CLU_3174 CLU_3060 7125 
CLU_3174 CLU_3084 8031 
CLU_3174 CLU_3086 15703 
CLU_3174 CLU_3087 16419 
CLU_3174 CLU_3098 16266 
CLU_3174 CLU_3108 13392 
CLU_3174 CLU_3121 2269 
CLU_3174 CLU_3128 3871 
CLU_3174 CLU_3141 3165 
CLU_3174 CLU_3143 2031 
CLU_3174 CLU_3160 2090 
CLU_3174 CLU_3166 1396 
CLU_3174 CLU_3176 1127 
CLU_3174 CLU_3200 1364 
CLU_3174 CLU_3214 3378 
CLU_3174 CLU_7923 10074 
CLU_3175 3118602190990 4474 
CLU_3175 3118602191229 4799 
CLU_3175 3118602190591 5563 
CLU_3175 3118602190567 7590 
CLU_3175 3118602190532 8509 
CLU_3175 3118602190494 9360 
CLU_3175 3118602190869 7645 
CLU_3175 3118602190605 7875 
CLU_3175 3118602190109 6915 
CLU_3175 3118607116306 10911 
CLU_3175 3118602190931 10573 
CLU_3175 3118602190923 11259 
CLU_3175 3118602190893 12912 
CLU_3175 3118602190486 10290 
CLU_3175 3118602190915 12773 
CLU_3175 3118602190222 11883 
CLU_3175 3118604696077 4705 
CLU_3175 3118602191024 3943 
CLU_3175 3118602190478 3978 
CLU_3175 3118602190389 4489 
CLU_3175 3118607110316 6521 
CLU_3175 3118602220261 4008 
CLU_3175 3118602190397 5077 
CLU_3175 3118602190176 5552 
CLU_3175 3118602191059 3673 
CLU_3175 3118602191040 2232 
CLU_3175 3118602190451 5366 
CLU_3175 3118602190206 5869 
CLU_3175 3118602190966 7385 
CLU_3175 3118602190400 5439 
CLU_3175 3118602190877 5869 
CLU_3175 3118602190826 13036 
CLU_3175 3118602190729 16258 
CLU_3175 3118602190656 16258 
CLU_3175 3118602190834 15902 
CLU_3175 3118602190710 16406 
CLU_3175 3118602190796 16479 
CLU_3175 3118602190648 16687 
CLU_3175 3118602190818 12724 
CLU_3175 3118602190885 8947 
CLU_3175 3118607053355 7355 
CLU_3175 3118602190192 4751 
CLU_3175 3118602190214 3884 
CLU_3175 3118602190680 2860 
CLU_3175 3118602190753 578 
CLU_3175 3118602190141 2467 
CLU_3175 3118602220245 2281 
CLU_3175 3118602190788 4474 
CLU_3175 CLU_2943 6218 
CLU_3175 CLU_2961 7881 
CLU_3175 CLU_2970 9016 
CLU_3175 CLU_2971 9272 
CLU_3175 CLU_3051 3943 
CLU_3175 CLU_3055 5871 
CLU_3175 CLU_3060 6557 
CLU_3175 CLU_3084 6462 
CLU_3175 CLU_3086 14672 
CLU_3175 CLU_3087 15419 
CLU_3175 CLU_3098 15392 
CLU_3175 CLU_3108 13119 
CLU_3175 CLU_3121 4151 
CLU_3175 CLU_3128 5437 
CLU_3175 CLU_3141 3867 
CLU_3175 CLU_3143 3021 
CLU_3175 CLU_3160 2691 
CLU_3175 CLU_3166 672 
CLU_3175 CLU_3176 1654 
CLU_3175 CLU_3200 3068 
CLU_3175 CLU_3214 4991 
CLU_3175 CLU_7923 9891 
CLU_3176 3118602190990 4551 
CLU_3176 3118602191229 4713 
CLU_3176 3118602190591 5575 
CLU_3176 3118602190567 7671 
CLU_3176 3118602190532 8627 
CLU_3176 3118602190494 9355 
CLU_3176 3118602190869 8045 
CLU_3176 3118602190605 8482 
CLU_3176 3118602190109 7604 
CLU_3176 3118607116306 11151 
CLU_3176 3118602190931 10817 
CLU_3176 3118602190923 11744 
CLU_3176 3118602190893 13299 
CLU_3176 3118602190486 10804 
CLU_3176 3118602190915 13250 
CLU_3176 3118602190222 12232 
CLU_3176 3118604696077 6017 
CLU_3176 3118602191024 5464 
CLU_3176 3118602190478 5564 
CLU_3176 3118602190389 6100 
CLU_3176 3118607110316 8078 
CLU_3176 3118602220261 5343 
CLU_3176 3118602190397 6626 
CLU_3176 3118602190176 6691 
CLU_3176 3118602191059 4925 
CLU_3176 3118602191040 3758 
CLU_3176 3118602190451 7017 
CLU_3176 3118602190206 7520 
CLU_3176 3118602190966 9036 
CLU_3176 3118602190400 7091 
CLU_3176 3118602190877 7520 
CLU_3176 3118602190826 14585 
CLU_3176 3118602190729 17754 
CLU_3176 3118602190656 17754 
CLU_3176 3118602190834 17413 
CLU_3176 3118602190710 17833 
CLU_3176 3118602190796 17937 
CLU_3176 3118602190648 18166 
CLU_3176 3118602190818 14246 
CLU_3176 3118602190885 10130 
CLU_3176 3118607053355 9009 
CLU_3176 3118602190192 3098 
CLU_3176 3118602190214 2230 
CLU_3176 3118602190680 1493 
CLU_3176 3118602190753 2207 
CLU_3176 3118602190141 1983 
CLU_3176 3118602220245 1604 
CLU_3176 3118602190788 4551 
CLU_3176 CLU_2943 6176 
CLU_3176 CLU_2961 8126 
CLU_3176 CLU_2970 9263 
CLU_3176 CLU_2971 9436 
CLU_3176 CLU_3051 5464 
CLU_3176 CLU_3055 7165 
CLU_3176 CLU_3060 7838 
CLU_3176 CLU_3084 8117 
CLU_3176 CLU_3086 16205 
CLU_3176 CLU_3087 16940 
CLU_3176 CLU_3098 16860 
CLU_3176 CLU_3108 14255 
CLU_3176 CLU_3121 2989 
CLU_3176 CLU_3128 3809 
CLU_3176 CLU_3141 2348 
CLU_3176 CLU_3143 1379 
CLU_3176 CLU_3160 1160 
CLU_3176 CLU_3166 982 
CLU_3176 CLU_3176 0 
CLU_3176 CLU_3200 2446 
CLU_3176 CLU_3214 4442 
CLU_3176 CLU_7923 10959 
CLU_3177 3118602190990 3893 
CLU_3177 3118602191229 4035 
CLU_3177 3118602190591 4901 
CLU_3177 3118602190567 6997 
CLU_3177 3118602190532 7954 
CLU_3177 3118602190494 8671 
CLU_3177 3118602190869 7415 
CLU_3177 3118602190605 7893 
CLU_3177 3118602190109 7040 
CLU_3177 3118607116306 10488 
CLU_3177 3118602190931 10155 
CLU_3177 3118602190923 11118 
CLU_3177 3118602190893 12654 
CLU_3177 3118602190486 10186 
CLU_3177 3118602190915 12620 
CLU_3177 3118602190222 11582 
CLU_3177 3118604696077 5715 
CLU_3177 3118602191024 5315 
CLU_3177 3118602190478 5481 
CLU_3177 3118602190389 6045 
CLU_3177 3118607110316 7937 
CLU_3177 3118602220261 5065 
CLU_3177 3118602190397 6488 
CLU_3177 3118602190176 6292 
CLU_3177 3118602191059 4611 
CLU_3177 3118602191040 3656 
CLU_3177 3118602190451 7134 
CLU_3177 3118602190206 7634 
CLU_3177 3118602190966 9145 
CLU_3177 3118602190400 7132 
CLU_3177 3118602190877 7634 
CLU_3177 3118602190826 14410 
CLU_3177 3118602190729 17522 
CLU_3177 3118602190656 17522 
CLU_3177 3118602190834 17196 
CLU_3177 3118602190710 17546 
CLU_3177 3118602190796 17674 
CLU_3177 3118602190648 17920 
CLU_3177 3118602190818 14044 
CLU_3177 3118602190885 9724 
CLU_3177 3118607053355 9051 
CLU_3177 3118602190192 3166 
CLU_3177 3118602190214 2323 
CLU_3177 3118602190680 2048 
CLU_3177 3118602190753 2295 
CLU_3177 3118602190141 2675 
CLU_3177 3118602220245 916 
CLU_3177 3118602190788 3893 
CLU_3177 CLU_2943 5495 
CLU_3177 CLU_2961 7470 
CLU_3177 CLU_2970 8605 
CLU_3177 CLU_2971 8767 
CLU_3177 CLU_3051 5315 
CLU_3177 CLU_3055 6838 
CLU_3177 CLU_3060 7497 
CLU_3177 CLU_3084 8175 
CLU_3177 CLU_3086 16010 
CLU_3177 CLU_3087 16733 
CLU_3177 CLU_3098 16605 
CLU_3177 CLU_3108 13813 
CLU_3177 CLU_3121 2420 
CLU_3177 CLU_3128 3679 
CLU_3177 CLU_3141 2732 
CLU_3177 CLU_3143 1618 
CLU_3177 CLU_3160 1630 
CLU_3177 CLU_3166 1233 
CLU_3177 CLU_3176 692 
CLU_3177 CLU_3200 1754 
CLU_3177 CLU_3214 3755 
CLU_3177 CLU_7923 10500 
CLU_3178 3118602190990 6907 
CLU_3178 3118602191229 7096 
CLU_3178 3118602190591 7950 
CLU_3178 3118602190567 10045 
CLU_3178 3118602190532 10997 
CLU_3178 3118602190494 11743 
CLU_3178 3118602190869 10337 
CLU_3178 3118602190605 10684 
CLU_3178 3118602190109 9756 
CLU_3178 3118607116306 13502 
CLU_3178 3118602190931 13166 
CLU_3178 3118602190923 14014 
CLU_3178 3118602190893 15611 
CLU_3178 3118602190486 13059 
CLU_3178 3118602190915 15527 
CLU_3178 3118602190222 14554 
CLU_3178 3118604696077 7596 
CLU_3178 3118602191024 6682 
CLU_3178 3118602190478 6593 
CLU_3178 3118602190389 7004 
CLU_3178 3118607110316 9123 
CLU_3178 3118602220261 6898 
CLU_3178 3118602190397 7734 
CLU_3178 3118602190176 8478 
CLU_3178 3118602191059 6592 
CLU_3178 3118602191040 5041 
CLU_3178 3118602190451 7307 
CLU_3178 3118602190206 7788 
CLU_3178 3118602190966 9242 
CLU_3178 3118602190400 7627 
CLU_3178 3118602190877 7788 
CLU_3178 3118602190826 15575 
CLU_3178 3118602190729 18887 
CLU_3178 3118602190656 18887 
CLU_3178 3118602190834 18505 
CLU_3178 3118602190710 19136 
CLU_3178 3118602190796 19166 
CLU_3178 3118602190648 19343 
CLU_3178 3118602190818 15324 
CLU_3178 3118602190885 11859 
CLU_3178 3118607053355 9438 
CLU_3178 3118602190192 3793 
CLU_3178 3118602190214 3176 
CLU_3178 3118602190680 1569 
CLU_3178 3118602190753 3418 
CLU_3178 3118602190141 466 
CLU_3178 3118602220245 3996 
CLU_3178 3118602190788 6907 
CLU_3178 CLU_2943 8561 
CLU_3178 CLU_2961 10467 
CLU_3178 CLU_2970 11608 
CLU_3178 CLU_2971 11800 
CLU_3178 CLU_3051 6682 
CLU_3178 CLU_3055 8759 
CLU_3178 CLU_3060 9446 
CLU_3178 CLU_3084 8539 
CLU_3178 CLU_3086 17237 
CLU_3178 CLU_3087 18004 
CLU_3178 CLU_3098 18072 
CLU_3178 CLU_3108 16036 
CLU_3178 CLU_3121 5136 
CLU_3178 CLU_3128 4893 
CLU_3178 CLU_3141 2328 
CLU_3178 CLU_3143 2514 
CLU_3178 CLU_3160 1960 
CLU_3178 CLU_3166 2602 
CLU_3178 CLU_3176 2392 
CLU_3178 CLU_3200 4833 
CLU_3178 CLU_3214 6809 
CLU_3178 CLU_7923 12819 
CLU_3179 3118602190990 6464 
CLU_3179 3118602191229 6665 
CLU_3179 3118602190591 7515 
CLU_3179 3118602190567 9607 
CLU_3179 3118602190532 10558 
CLU_3179 3118602190494 11314 
CLU_3179 3118602190869 9880 
CLU_3179 3118602190605 10220 
CLU_3179 3118602190109 9291 
CLU_3179 3118607116306 13055 
CLU_3179 3118602190931 12719 
CLU_3179 3118602190923 13554 
CLU_3179 3118602190893 15156 
CLU_3179 3118602190486 12598 
CLU_3179 3118602190915 15067 
CLU_3179 3118602190222 14101 
CLU_3179 3118604696077 7148 
CLU_3179 3118602191024 6260 
CLU_3179 3118602190478 6189 
CLU_3179 3118602190389 6616 
CLU_3179 3118607110316 8728 
CLU_3179 3118602220261 6450 
CLU_3179 3118602190397 7327 
CLU_3179 3118602190176 8020 
CLU_3179 3118602191059 6137 
CLU_3179 3118602191040 4604 
CLU_3179 3118602190451 7002 
CLU_3179 3118602190206 7490 
CLU_3179 3118602190966 8961 
CLU_3179 3118602190400 7289 
CLU_3179 3118602190877 7490 
CLU_3179 3118602190826 15199 
CLU_3179 3118602190729 18497 
CLU_3179 3118602190656 18497 
CLU_3179 3118602190834 18119 
CLU_3179 3118602190710 18726 
CLU_3179 3118602190796 18765 
CLU_3179 3118602190648 18947 
CLU_3179 3118602190818 14937 
CLU_3179 3118602190885 11407 
CLU_3179 3118607053355 9124 
CLU_3179 3118602190192 3744 
CLU_3179 3118602190214 3051 
CLU_3179 3118602190680 1422 
CLU_3179 3118602190753 2968 
CLU_3179 3118602190141 0 
CLU_3179 3118602220245 3582 
CLU_3179 3118602190788 6464 
CLU_3179 CLU_2943 8130 
CLU_3179 CLU_2961 10018 
CLU_3179 CLU_2970 11160 
CLU_3179 CLU_2971 11358 
CLU_3179 CLU_3051 6260 
CLU_3179 CLU_3055 8313 
CLU_3179 CLU_3060 9000 
CLU_3179 CLU_3084 8222 
CLU_3179 CLU_3086 16857 
CLU_3179 CLU_3087 17621 
CLU_3179 CLU_3098 17671 
CLU_3179 CLU_3108 15582 
CLU_3179 CLU_3121 4820 
CLU_3179 CLU_3128 4798 
CLU_3179 CLU_3141 2338 
CLU_3179 CLU_3143 2304 
CLU_3179 CLU_3160 1733 
CLU_3179 CLU_3166 2137 
CLU_3179 CLU_3176 1983 
CLU_3179 CLU_3200 4429 
CLU_3179 CLU_3214 6422 
CLU_3179 CLU_7923 12359 
CLU_3180 3118602190990 5166 
CLU_3180 3118602191229 5357 
CLU_3180 3118602190591 6209 
CLU_3180 3118602190567 8303 
CLU_3180 3118602190532 9256 
CLU_3180 3118602190494 10006 
CLU_3180 3118602190869 8614 
CLU_3180 3118602190605 8998 
CLU_3180 3118602190109 8092 
CLU_3180 3118607116306 11763 
CLU_3180 3118602190931 11427 
CLU_3180 3118602190923 12301 
CLU_3180 3118602190893 13883 
CLU_3180 3118602190486 11352 
CLU_3180 3118602190915 13812 
CLU_3180 3118602190222 12822 
CLU_3180 3118604696077 6238 
CLU_3180 3118602191024 5537 
CLU_3180 3118602190478 5569 
CLU_3180 3118602190389 6069 
CLU_3180 3118607110316 8115 
CLU_3180 3118602220261 5547 
CLU_3180 3118602190397 6672 
CLU_3180 3118602190176 7004 
CLU_3180 3118602191059 5172 
CLU_3180 3118602191040 3824 
CLU_3180 3118602190451 6803 
CLU_3180 3118602190206 7305 
CLU_3180 3118602190966 8816 
CLU_3180 3118602190400 6952 
CLU_3180 3118602190877 7305 
CLU_3180 3118602190826 14630 
CLU_3180 3118602190729 17852 
CLU_3180 3118602190656 17852 
CLU_3180 3118602190834 17497 
CLU_3180 3118602190710 17990 
CLU_3180 3118602190796 18069 
CLU_3180 3118602190648 18280 
CLU_3180 3118602190818 14319 
CLU_3180 3118602190885 10432 
CLU_3180 3118607053355 8853 
CLU_3180 3118602190192 3340 
CLU_3180 3118602190214 2499 
CLU_3180 3118602190680 1266 
CLU_3180 3118602190753 2172 
CLU_3180 3118602190141 1308 
CLU_3180 3118602220245 2277 
CLU_3180 3118602190788 5166 
CLU_3180 CLU_2943 6822 
CLU_3180 CLU_2961 8729 
CLU_3180 CLU_2970 9870 
CLU_3180 CLU_2971 10059 
CLU_3180 CLU_3051 5537 
CLU_3180 CLU_3055 7400 
CLU_3180 CLU_3060 8082 
CLU_3180 CLU_3084 7953 
CLU_3180 CLU_3086 16267 
CLU_3180 CLU_3087 17014 
CLU_3180 CLU_3098 16984 
CLU_3180 CLU_3108 14586 
CLU_3180 CLU_3121 3662 
CLU_3180 CLU_3128 4199 
CLU_3180 CLU_3141 2291 
CLU_3180 CLU_3143 1615 
CLU_3180 CLU_3160 1159 
CLU_3180 CLU_3166 1026 
CLU_3180 CLU_3176 698 
CLU_3180 CLU_3200 3132 
CLU_3180 CLU_3214 5135 
CLU_3180 CLU_7923 11317 
CLU_3181 3118602190990 5987 
CLU_3181 3118602191229 6178 
CLU_3181 3118602190591 7031 
CLU_3181 3118602190567 9125 
CLU_3181 3118602190532 10077 
CLU_3181 3118602190494 10826 
CLU_3181 3118602190869 9424 
CLU_3181 3118602190605 9788 
CLU_3181 3118602190109 8870 
CLU_3181 3118607116306 12583 
CLU_3181 3118602190931 12247 
CLU_3181 3118602190923 13106 
CLU_3181 3118602190893 14696 
CLU_3181 3118602190486 12154 
CLU_3181 3118602190915 14618 
CLU_3181 3118602190222 13638 
CLU_3181 3118604696077 6850 
CLU_3181 3118602191024 6033 
CLU_3181 3118602190478 6002 
CLU_3181 3118602190389 6459 
CLU_3181 3118607110316 8552 
CLU_3181 3118602220261 6153 
CLU_3181 3118602190397 7131 
CLU_3181 3118602190176 7679 
CLU_3181 3118602191059 5813 
CLU_3181 3118602191040 4346 
CLU_3181 3118602190451 6981 
CLU_3181 3118602190206 7476 
CLU_3181 3118602190966 8967 
CLU_3181 3118602190400 7216 
CLU_3181 3118602190877 7476 
CLU_3181 3118602190826 15049 
CLU_3181 3118602190729 18318 
CLU_3181 3118602190656 18318 
CLU_3181 3118602190834 17950 
CLU_3181 3118602190710 18511 
CLU_3181 3118602190796 18566 
CLU_3181 3118602190648 18760 
CLU_3181 3118602190818 14767 
CLU_3181 3118602190885 11087 
CLU_3181 3118607053355 9082 
CLU_3181 3118602190192 3464 
CLU_3181 3118602190214 2713 
CLU_3181 3118602190680 1130 
CLU_3181 3118602190753 2684 
CLU_3181 3118602190141 498 
CLU_3181 3118602220245 3087 
CLU_3181 3118602190788 5987 
CLU_3181 CLU_2943 7643 
CLU_3181 CLU_2961 9548 
CLU_3181 CLU_2970 10689 
CLU_3181 CLU_2971 10880 
CLU_3181 CLU_3051 6033 
CLU_3181 CLU_3055 8016 
CLU_3181 CLU_3060 8702 
CLU_3181 CLU_3084 8178 
CLU_3181 CLU_3086 16700 
CLU_3181 CLU_3087 17457 
CLU_3181 CLU_3098 17475 
CLU_3181 CLU_3108 15256 
CLU_3181 CLU_3121 4339 
CLU_3181 CLU_3128 4466 
CLU_3181 CLU_3141 2150 
CLU_3181 CLU_3143 1908 
CLU_3181 CLU_3160 1339 
CLU_3181 CLU_3166 1726 
CLU_3181 CLU_3176 1486 
CLU_3181 CLU_3200 3932 
CLU_3181 CLU_3214 5923 
CLU_3181 CLU_7923 12012 
CLU_3182 3118602190990 6137 
CLU_3182 3118602191229 6296 
CLU_3182 3118602190591 7160 
CLU_3182 3118602190567 9256 
CLU_3182 3118602190532 10212 
CLU_3182 3118602190494 10932 
CLU_3182 3118602190869 9619 
CLU_3182 3118602190605 10023 
CLU_3182 3118602190109 9121 
CLU_3182 3118607116306 12738 
CLU_3182 3118602190931 12403 
CLU_3182 3118602190923 13313 
CLU_3182 3118602190893 14880 
CLU_3182 3118602190486 12367 
CLU_3182 3118602190915 14821 
CLU_3182 3118602190222 13815 
CLU_3182 3118604696077 7213 
CLU_3182 3118602191024 6431 
CLU_3182 3118602190478 6414 
CLU_3182 3118602190389 6879 
CLU_3182 3118607110316 8965 
CLU_3182 3118602220261 6518 
CLU_3182 3118602190397 7539 
CLU_3182 3118602190176 8013 
CLU_3182 3118602191059 6163 
CLU_3182 3118602191040 4735 
CLU_3182 3118602190451 7414 
CLU_3182 3118602190206 7909 
CLU_3182 3118602190966 9399 
CLU_3182 3118602190400 7647 
CLU_3182 3118602190877 7909 
CLU_3182 3118602190826 15466 
CLU_3182 3118602190729 18728 
CLU_3182 3118602190656 18728 
CLU_3182 3118602190834 18362 
CLU_3182 3118602190710 18908 
CLU_3182 3118602190796 18969 
CLU_3182 3118602190648 19167 
CLU_3182 3118602190818 15180 
CLU_3182 3118602190885 11433 
CLU_3182 3118607053355 9515 
CLU_3182 3118602190192 3105 
CLU_3182 3118602190214 2398 
CLU_3182 3118602190680 771 
CLU_3182 3118602190753 3069 
CLU_3182 3118602190141 653 
CLU_3182 3118602220245 3177 
CLU_3182 3118602190788 6137 
CLU_3182 CLU_2943 7757 
CLU_3182 CLU_2961 9711 
CLU_3182 CLU_2970 10849 
CLU_3182 CLU_2971 11023 
CLU_3182 CLU_3051 6431 
CLU_3182 CLU_3055 8378 
CLU_3182 CLU_3060 9063 
CLU_3182 CLU_3084 8611 
CLU_3182 CLU_3086 17115 
CLU_3182 CLU_3087 17871 
CLU_3182 CLU_3098 17879 
CLU_3182 CLU_3108 15595 
CLU_3182 CLU_3121 4248 
CLU_3182 CLU_3128 4146 
CLU_3182 CLU_3141 1741 
CLU_3182 CLU_3143 1659 
CLU_3182 CLU_3160 1092 
CLU_3182 CLU_3166 2031 
CLU_3182 CLU_3176 1586 
CLU_3182 CLU_3200 3992 
CLU_3182 CLU_3214 5948 
CLU_3182 CLU_7923 12336 
CLU_3183 3118602190990 6351 
CLU_3183 3118602191229 6501 
CLU_3183 3118602190591 7367 
CLU_3183 3118602190567 9463 
CLU_3183 3118602190532 10420 
CLU_3183 3118602190494 11131 
CLU_3183 3118602190869 9842 
CLU_3183 3118602190605 10254 
CLU_3183 3118602190109 9355 
CLU_3183 3118607116306 12951 
CLU_3183 3118602190931 12617 
CLU_3183 3118602190923 13538 
CLU_3183 3118602190893 15100 
CLU_3183 3118602190486 12594 
CLU_3183 3118602190915 15046 
CLU_3183 3118602190222 14033 
CLU_3183 3118604696077 7450 
CLU_3183 3118602191024 6659 
CLU_3183 3118602190478 6635 
CLU_3183 3118602190389 7094 
CLU_3183 3118607110316 9185 
CLU_3183 3118602220261 6754 
CLU_3183 3118602190397 7762 
CLU_3183 3118602190176 8253 
CLU_3183 3118602191059 6401 
CLU_3183 3118602191040 4966 
CLU_3183 3118602190451 7596 
CLU_3183 3118602190206 8089 
CLU_3183 3118602190966 9574 
CLU_3183 3118602190400 7843 
CLU_3183 3118602190877 8089 
CLU_3183 3118602190826 15683 
CLU_3183 3118602190729 18951 
CLU_3183 3118602190656 18951 
CLU_3183 3118602190834 18583 
CLU_3183 3118602190710 19137 
CLU_3183 3118602190796 19195 
CLU_3183 3118602190648 19391 
CLU_3183 3118602190818 15400 
CLU_3183 3118602190885 11672 
CLU_3183 3118607053355 9703 
CLU_3183 3118602190192 3059 
CLU_3183 3118602190214 2399 
CLU_3183 3118602190680 778 
CLU_3183 3118602190753 3301 
CLU_3183 3118602190141 695 
CLU_3183 3118602220245 3379 
CLU_3183 3118602190788 6351 
CLU_3183 CLU_2943 7959 
CLU_3183 CLU_2961 9927 
CLU_3183 CLU_2970 11064 
CLU_3183 CLU_2971 11232 
CLU_3183 CLU_3051 6659 
CLU_3183 CLU_3055 8616 
CLU_3183 CLU_3060 9301 
CLU_3183 CLU_3084 8800 
CLU_3183 CLU_3086 17334 
CLU_3183 CLU_3087 18091 
CLU_3183 CLU_3098 18105 
CLU_3183 CLU_3108 15834 
CLU_3183 CLU_3121 4378 
CLU_3183 CLU_3128 4132 
CLU_3183 CLU_3141 1643 
CLU_3183 CLU_3143 1723 
CLU_3183 CLU_3160 1176 
CLU_3183 CLU_3166 2271 
CLU_3183 CLU_3176 1801 
CLU_3183 CLU_3200 4183 
CLU_3183 CLU_3214 6123 
CLU_3183 CLU_7923 12575 
CLU_3184 3118602190990 5768 
CLU_3184 3118602191229 5943 
CLU_3184 3118602190591 6802 
CLU_3184 3118602190567 8897 
CLU_3184 3118602190532 9852 
CLU_3184 3118602190494 10587 
CLU_3184 3118602190869 9231 
CLU_3184 3118602190605 9621 
CLU_3184 3118602190109 8715 
CLU_3184 3118607116306 12368 
CLU_3184 3118602190931 12033 
CLU_3184 3118602190923 12921 
CLU_3184 3118602190893 14497 
CLU_3184 3118602190486 11973 
CLU_3184 3118602190915 14431 
CLU_3184 3118602190222 13435 
CLU_3184 3118604696077 6802 
CLU_3184 3118602191024 6039 
CLU_3184 3118602190478 6036 
CLU_3184 3118602190389 6511 
CLU_3184 3118607110316 8587 
CLU_3184 3118602220261 6108 
CLU_3184 3118602190397 7155 
CLU_3184 3118602190176 7597 
CLU_3184 3118602191059 5749 
CLU_3184 3118602191040 4337 
CLU_3184 3118602190451 7109 
CLU_3184 3118602190206 7607 
CLU_3184 3118602190966 9107 
CLU_3184 3118602190400 7315 
CLU_3184 3118602190877 7607 
CLU_3184 3118602190826 15094 
CLU_3184 3118602190729 18344 
CLU_3184 3118602190656 18344 
CLU_3184 3118602190834 17982 
CLU_3184 3118602190710 18512 
CLU_3184 3118602190796 18578 
CLU_3184 3118602190648 18780 
CLU_3184 3118602190818 14800 
CLU_3184 3118602190885 11018 
CLU_3184 3118607053355 9196 
CLU_3184 3118602190192 3221 
CLU_3184 3118602190214 2447 
CLU_3184 3118602190680 916 
CLU_3184 3118602190753 2671 
CLU_3184 3118602190141 780 
CLU_3184 3118602220245 2836 
CLU_3184 3118602190788 5768 
CLU_3184 CLU_2943 7407 
CLU_3184 CLU_2961 9337 
CLU_3184 CLU_2970 10476 
CLU_3184 CLU_2971 10658 
CLU_3184 CLU_3051 6039 
CLU_3184 CLU_3055 7967 
CLU_3184 CLU_3060 8652 
CLU_3184 CLU_3084 8292 
CLU_3184 CLU_3086 16740 
CLU_3184 CLU_3087 17493 
CLU_3184 CLU_3098 17490 
CLU_3184 CLU_3108 15179 
CLU_3184 CLU_3121 4043 
CLU_3184 CLU_3128 4198 
CLU_3184 CLU_3141 1967 
CLU_3184 CLU_3143 1623 
CLU_3184 CLU_3160 1060 
CLU_3184 CLU_3166 1615 
CLU_3184 CLU_3176 1232 
CLU_3184 CLU_3200 3671 
CLU_3184 CLU_3214 5653 
CLU_3184 CLU_7923 11919 
CLU_3185 3118602190990 6191 
CLU_3185 3118602191229 6371 
CLU_3185 3118602190591 7228 
CLU_3185 3118602190567 9323 
CLU_3185 3118602190532 10278 
CLU_3185 3118602190494 11015 
CLU_3185 3118602190869 9643 
CLU_3185 3118602190605 10018 
CLU_3185 3118602190109 9104 
CLU_3185 3118607116306 12790 
CLU_3185 3118602190931 12455 
CLU_3185 3118602190923 13330 
CLU_3185 3118602190893 14913 
CLU_3185 3118602190486 12379 
CLU_3185 3118602190915 14840 
CLU_3185 3118602190222 13852 
CLU_3185 3118604696077 7097 
CLU_3185 3118602191024 6275 
CLU_3185 3118602190478 6238 
CLU_3185 3118602190389 6690 
CLU_3185 3118607110316 8787 
CLU_3185 3118602220261 6400 
CLU_3185 3118602190397 7369 
CLU_3185 3118602190176 7926 
CLU_3185 3118602191059 6061 
CLU_3185 3118602191040 4590 
CLU_3185 3118602190451 7179 
CLU_3185 3118602190206 7672 
CLU_3185 3118602190966 9158 
CLU_3185 3118602190400 7428 
CLU_3185 3118602190877 7672 
CLU_3185 3118602190826 15280 
CLU_3185 3118602190729 18554 
CLU_3185 3118602190656 18554 
CLU_3185 3118602190834 18184 
CLU_3185 3118602190710 18752 
CLU_3185 3118602190796 18805 
CLU_3185 3118602190648 18997 
CLU_3185 3118602190818 15001 
CLU_3185 3118602190885 11335 
CLU_3185 3118607053355 9287 
CLU_3185 3118602190192 3381 
CLU_3185 3118602190214 2667 
CLU_3185 3118602190680 1045 
CLU_3185 3118602190753 2930 
CLU_3185 3118602190141 398 
CLU_3185 3118602220245 3266 
CLU_3185 3118602190788 6191 
CLU_3185 CLU_2943 7835 
CLU_3185 CLU_2961 9758 
CLU_3185 CLU_2970 10898 
CLU_3185 CLU_2971 11083 
CLU_3185 CLU_3051 6275 
CLU_3185 CLU_3055 8263 
CLU_3185 CLU_3060 8949 
CLU_3185 CLU_3084 8383 
CLU_3185 CLU_3086 16932 
CLU_3185 CLU_3087 17691 
CLU_3185 CLU_3098 17714 
CLU_3185 CLU_3108 15503 
CLU_3185 CLU_3121 4436 
CLU_3185 CLU_3128 4417 
CLU_3185 CLU_3141 2014 
CLU_3185 CLU_3143 1906 
CLU_3185 CLU_3160 1335 
CLU_3185 CLU_3166 1967 
CLU_3185 CLU_3176 1661 
CLU_3185 CLU_3200 4100 
CLU_3185 CLU_3214 6078 
CLU_3185 CLU_7923 12258 
CLU_3186 3118602190990 3081 
CLU_3186 3118602191229 3383 
CLU_3186 3118602190591 4167 
CLU_3186 3118602190567 6221 
CLU_3186 3118602190532 7154 
CLU_3186 3118602190494 7976 
CLU_3186 3118602190869 6393 
CLU_3186 3118602190605 6738 
CLU_3186 3118602190109 5828 
CLU_3186 3118607116306 9604 
CLU_3186 3118602190931 9267 
CLU_3186 3118602190923 10062 
CLU_3186 3118602190893 11671 
CLU_3186 3118602190486 9106 
CLU_3186 3118602190915 11575 
CLU_3186 3118602190222 10622 
CLU_3186 3118604696077 4286 
CLU_3186 3118602191024 3955 
CLU_3186 3118602190478 4176 
CLU_3186 3118602190389 4761 
CLU_3186 3118607110316 6566 
CLU_3186 3118602220261 3641 
CLU_3186 3118602190397 5127 
CLU_3186 3118602190176 4883 
CLU_3186 3118602191059 3182 
CLU_3186 3118602191040 2379 
CLU_3186 3118602190451 6048 
CLU_3186 3118602190206 6536 
CLU_3186 3118602190966 8023 
CLU_3186 3118602190400 5944 
CLU_3186 3118602190877 6536 
CLU_3186 3118602190826 13009 
CLU_3186 3118602190729 16100 
CLU_3186 3118602190656 16100 
CLU_3186 3118602190834 15778 
CLU_3186 3118602190710 16117 
CLU_3186 3118602190796 16247 
CLU_3186 3118602190648 16495 
CLU_3186 3118602190818 12633 
CLU_3186 3118602190885 8320 
CLU_3186 3118607053355 7846 
CLU_3186 3118602190192 4573 
CLU_3186 3118602190214 3744 
CLU_3186 3118602190680 3318 
CLU_3186 3118602190753 1515 
CLU_3186 3118602190141 3492 
CLU_3186 3118602220245 1216 
CLU_3186 3118602190788 3081 
CLU_3186 CLU_2943 4816 
CLU_3186 CLU_2961 6565 
CLU_3186 CLU_2970 7706 
CLU_3186 CLU_2971 7934 
CLU_3186 CLU_3051 3955 
CLU_3186 CLU_3055 5409 
CLU_3186 CLU_3060 6070 
CLU_3186 CLU_3084 6995 
CLU_3186 CLU_3086 14600 
CLU_3186 CLU_3087 15319 
CLU_3186 CLU_3098 15179 
CLU_3186 CLU_3108 12433 
CLU_3186 CLU_3121 3110 
CLU_3186 CLU_3128 4970 
CLU_3186 CLU_3141 4126 
CLU_3186 CLU_3143 3040 
CLU_3186 CLU_3160 2967 
CLU_3186 CLU_3166 1373 
CLU_3186 CLU_3176 1825 
CLU_3186 CLU_3200 1794 
CLU_3186 CLU_3214 3605 
CLU_3186 CLU_7923 9134 
CLU_3187 3118602190990 3385 
CLU_3187 3118602191229 3610 
CLU_3187 3118602190591 4444 
CLU_3187 3118602190567 6532 
CLU_3187 3118602190532 7480 
CLU_3187 3118602190494 8254 
CLU_3187 3118602190869 6825 
CLU_3187 3118602190605 7236 
CLU_3187 3118602190109 6354 
CLU_3187 3118607116306 9975 
CLU_3187 3118602190931 9639 
CLU_3187 3118602190923 10516 
CLU_3187 3118602190893 12092 
CLU_3187 3118602190486 9571 
CLU_3187 3118602190915 12025 
CLU_3187 3118602190222 11031 
CLU_3187 3118604696077 4926 
CLU_3187 3118602191024 4562 
CLU_3187 3118602190478 4756 
CLU_3187 3118602190389 5332 
CLU_3187 3118607110316 7181 
CLU_3187 3118602220261 4279 
CLU_3187 3118602190397 5736 
CLU_3187 3118602190176 5511 
CLU_3187 3118602191059 3822 
CLU_3187 3118602191040 2939 
CLU_3187 3118602190451 6525 
CLU_3187 3118602190206 7020 
CLU_3187 3118602190966 8521 
CLU_3187 3118602190400 6470 
CLU_3187 3118602190877 7020 
CLU_3187 3118602190826 13638 
CLU_3187 3118602190729 16738 
CLU_3187 3118602190656 16738 
CLU_3187 3118602190834 16414 
CLU_3187 3118602190710 16757 
CLU_3187 3118602190796 16886 
CLU_3187 3118602190648 17134 
CLU_3187 3118602190818 13266 
CLU_3187 3118602190885 8946 
CLU_3187 3118607053355 8383 
CLU_3187 3118602190192 3939 
CLU_3187 3118602190214 3105 
CLU_3187 3118602190680 2735 
CLU_3187 3118602190753 1776 
CLU_3187 3118602190141 3080 
CLU_3187 3118602220245 818 
CLU_3187 3118602190788 3385 
CLU_3187 CLU_2943 5072 
CLU_3187 CLU_2961 6940 
CLU_3187 CLU_2970 8081 
CLU_3187 CLU_2971 8278 
CLU_3187 CLU_3051 4562 
CLU_3187 CLU_3055 6048 
CLU_3187 CLU_3060 6708 
CLU_3187 CLU_3084 7519 
CLU_3187 CLU_3086 15233 
CLU_3187 CLU_3087 15953 
CLU_3187 CLU_3098 15818 
CLU_3187 CLU_3108 13047 
CLU_3187 CLU_3121 2721 
CLU_3187 CLU_3128 4377 
CLU_3187 CLU_3141 3500 
CLU_3187 CLU_3143 2403 
CLU_3187 CLU_3160 2359 
CLU_3187 CLU_3166 1114 
CLU_3187 CLU_3176 1250 
CLU_3187 CLU_3200 1617 
CLU_3187 CLU_3214 3592 
CLU_3187 CLU_7923 9740 
CLU_3188 3118602190990 3361 
CLU_3188 3118602191229 3649 
CLU_3188 3118602190591 4444 
CLU_3188 3118602190567 6504 
CLU_3188 3118602190532 7440 
CLU_3188 3118602190494 8256 
CLU_3188 3118602190869 6687 
CLU_3188 3118602190605 7029 
CLU_3188 3118602190109 6116 
CLU_3188 3118607116306 9895 
CLU_3188 3118602190931 9558 
CLU_3188 3118602190923 10356 
CLU_3188 3118602190893 11964 
CLU_3188 3118602190486 9400 
CLU_3188 3118602190915 11869 
CLU_3188 3118602190222 10915 
CLU_3188 3118604696077 4485 
CLU_3188 3118602191024 4074 
CLU_3188 3118602190478 4262 
CLU_3188 3118602190389 4837 
CLU_3188 3118607110316 6695 
CLU_3188 3118602220261 3826 
CLU_3188 3118602190397 5248 
CLU_3188 3118602190176 5123 
CLU_3188 3118602191059 3384 
CLU_3188 3118602191040 2444 
CLU_3188 3118602190451 6046 
CLU_3188 3118602190206 6539 
CLU_3188 3118602190966 8037 
CLU_3188 3118602190400 5980 
CLU_3188 3118602190877 6539 
CLU_3188 3118602190826 13162 
CLU_3188 3118602190729 16278 
CLU_3188 3118602190656 16278 
CLU_3188 3118602190834 15950 
CLU_3188 3118602190710 16315 
CLU_3188 3118602190796 16436 
CLU_3188 3118602190648 16678 
CLU_3188 3118602190818 12796 
CLU_3188 3118602190885 8562 
CLU_3188 3118607053355 7891 
CLU_3188 3118602190192 4413 
CLU_3188 3118602190214 3570 
CLU_3188 3118602190680 3058 
CLU_3188 3118602190753 1369 
CLU_3188 3118602190141 3198 
CLU_3188 3118602220245 1233 
CLU_3188 3118602190788 3361 
CLU_3188 CLU_2943 5089 
CLU_3188 CLU_2961 6855 
CLU_3188 CLU_2970 7997 
CLU_3188 CLU_2971 8222 
CLU_3188 CLU_3051 4074 
CLU_3188 CLU_3055 5620 
CLU_3188 CLU_3060 6287 
CLU_3188 CLU_3084 7029 
CLU_3188 CLU_3086 14762 
CLU_3188 CLU_3087 15486 
CLU_3188 CLU_3098 15365 
CLU_3188 CLU_3108 12686 
CLU_3188 CLU_3121 3153 
CLU_3188 CLU_3128 4871 
CLU_3188 CLU_3141 3894 
CLU_3188 CLU_3143 2832 
CLU_3188 CLU_3160 2723 
CLU_3188 CLU_3166 1080 
CLU_3188 CLU_3176 1569 
CLU_3188 CLU_3200 1923 
CLU_3188 CLU_3214 3807 
CLU_3188 CLU_7923 9393 
CLU_3189 3118602190990 2947 
CLU_3189 3118602191229 3189 
CLU_3189 3118602190591 4013 
CLU_3189 3118602190567 6096 
CLU_3189 3118602190532 7042 
CLU_3189 3118602190494 7826 
CLU_3189 3118602190869 6378 
CLU_3189 3118602190605 6796 
CLU_3189 3118602190109 5920 
CLU_3189 3118607116306 9532 
CLU_3189 3118602190931 9196 
CLU_3189 3118602190923 10071 
CLU_3189 3118602190893 11645 
CLU_3189 3118602190486 9126 
CLU_3189 3118602190915 11579 
CLU_3189 3118602190222 10585 
CLU_3189 3118604696077 4633 
CLU_3189 3118602191024 4380 
CLU_3189 3118602190478 4620 
CLU_3189 3118602190389 5208 
CLU_3189 3118607110316 6981 
CLU_3189 3118602220261 4009 
CLU_3189 3118602190397 5549 
CLU_3189 3118602190176 5155 
CLU_3189 3118602191059 3531 
CLU_3189 3118602191040 2833 
CLU_3189 3118602190451 6510 
CLU_3189 3118602190206 6998 
CLU_3189 3118602190966 8484 
CLU_3189 3118602190400 6402 
CLU_3189 3118602190877 6998 
CLU_3189 3118602190826 13398 
CLU_3189 3118602190729 16462 
CLU_3189 3118602190656 16462 
CLU_3189 3118602190834 16147 
CLU_3189 3118602190710 16450 
CLU_3189 3118602190796 16593 
CLU_3189 3118602190648 16849 
CLU_3189 3118602190818 13011 
CLU_3189 3118602190885 8581 
CLU_3189 3118607053355 8301 
CLU_3189 3118602190192 4212 
CLU_3189 3118602190214 3404 
CLU_3189 3118602190680 3160 
CLU_3189 3118602190753 1921 
CLU_3189 3118602190141 3522 
CLU_3189 3118602220245 757 
CLU_3189 3118602190788 2947 
CLU_3189 CLU_2943 4646 
CLU_3189 CLU_2961 6496 
CLU_3189 CLU_2970 7637 
CLU_3189 CLU_2971 7837 
CLU_3189 CLU_3051 4380 
CLU_3189 CLU_3055 5734 
CLU_3189 CLU_3060 6383 
CLU_3189 CLU_3084 7453 
CLU_3189 CLU_3086 14980 
CLU_3189 CLU_3087 15693 
CLU_3189 CLU_3098 15530 
CLU_3189 CLU_3108 12663 
CLU_3189 CLU_3121 2649 
CLU_3189 CLU_3128 4550 
CLU_3189 CLU_3141 3883 
CLU_3189 CLU_3143 2762 
CLU_3189 CLU_3160 2768 
CLU_3189 CLU_3166 1504 
CLU_3189 CLU_3176 1686 
CLU_3189 CLU_3200 1367 
CLU_3189 CLU_3214 3262 
CLU_3189 CLU_7923 9349 
CLU_3190 3118602190990 2899 
CLU_3190 3118602191229 3069 
CLU_3190 3118602190591 3925 
CLU_3190 3118602190567 6021 
CLU_3190 3118602190532 6976 
CLU_3190 3118602190494 7717 
CLU_3190 3118602190869 6413 
CLU_3190 3118602190605 6900 
CLU_3190 3118602190109 6061 
CLU_3190 3118607116306 9499 
CLU_3190 3118602190931 9165 
CLU_3190 3118602190923 10116 
CLU_3190 3118602190893 11655 
CLU_3190 3118602190486 9185 
CLU_3190 3118602190915 11618 
CLU_3190 3118602190222 10585 
CLU_3190 3118604696077 5008 
CLU_3190 3118602191024 4817 
CLU_3190 3118602190478 5070 
CLU_3190 3118602190389 5660 
CLU_3190 3118607110316 7407 
CLU_3190 3118602220261 4402 
CLU_3190 3118602190397 5982 
CLU_3190 3118602190176 5465 
CLU_3190 3118602191059 3912 
CLU_3190 3118602191040 3292 
CLU_3190 3118602190451 6972 
CLU_3190 3118602190206 7460 
CLU_3190 3118602190966 8946 
CLU_3190 3118602190400 6862 
CLU_3190 3118602190877 7460 
CLU_3190 3118602190826 13800 
CLU_3190 3118602190729 16838 
CLU_3190 3118602190656 16838 
CLU_3190 3118602190834 16529 
CLU_3190 3118602190710 16800 
CLU_3190 3118602190796 16954 
CLU_3190 3118602190648 17218 
CLU_3190 3118602190818 13403 
CLU_3190 3118602190885 8871 
CLU_3190 3118607053355 8759 
CLU_3190 3118602190192 3861 
CLU_3190 3118602190214 3085 
CLU_3190 3118602190680 3047 
CLU_3190 3118602190753 2342 
CLU_3190 3118602190141 3597 
CLU_3190 3118602220245 304 
CLU_3190 3118602190788 2899 
CLU_3190 CLU_2943 4534 
CLU_3190 CLU_2961 6476 
CLU_3190 CLU_2970 7612 
CLU_3190 CLU_2971 7784 
CLU_3190 CLU_3051 4817 
CLU_3190 CLU_3055 6086 
CLU_3190 CLU_3060 6724 
CLU_3190 CLU_3084 7913 
CLU_3190 CLU_3086 15373 
CLU_3190 CLU_3087 16080 
CLU_3190 CLU_3098 15896 
CLU_3190 CLU_3108 12918 
CLU_3190 CLU_3121 2190 
CLU_3190 CLU_3128 4132 
CLU_3190 CLU_3141 3668 
CLU_3190 CLU_3143 2524 
CLU_3190 CLU_3160 2619 
CLU_3190 CLU_3166 1738 
CLU_3190 CLU_3176 1652 
CLU_3190 CLU_3200 984 
CLU_3190 CLU_3214 2965 
CLU_3190 CLU_7923 9595 
CLU_3191 3118602190990 3000 
CLU_3191 3118602191229 3122 
CLU_3191 3118602190591 3991 
CLU_3191 3118602190567 6085 
CLU_3191 3118602190532 7044 
CLU_3191 3118602190494 7755 
CLU_3191 3118602190869 6545 
CLU_3191 3118602190605 7071 
CLU_3191 3118602190109 6254 
CLU_3191 3118607116306 9584 
CLU_3191 3118602190931 9252 
CLU_3191 3118602190923 10249 
CLU_3191 3118602190893 11764 
CLU_3191 3118602190486 9327 
CLU_3191 3118602190915 11746 
CLU_3191 3118602190222 10689 
CLU_3191 3118604696077 5301 
CLU_3191 3118602191024 5122 
CLU_3191 3118602190478 5373 
CLU_3191 3118602190389 5963 
CLU_3191 3118607110316 7712 
CLU_3191 3118602220261 4701 
CLU_3191 3118602190397 6287 
CLU_3191 3118602190176 5736 
CLU_3191 3118602191059 4208 
CLU_3191 3118602191040 3591 
CLU_3191 3118602190451 7260 
CLU_3191 3118602190206 7749 
CLU_3191 3118602190966 9239 
CLU_3191 3118602190400 7160 
CLU_3191 3118602190877 7749 
CLU_3191 3118602190826 14100 
CLU_3191 3118602190729 17130 
CLU_3191 3118602190656 17130 
CLU_3191 3118602190834 16823 
CLU_3191 3118602190710 17083 
CLU_3191 3118602190796 17241 
CLU_3191 3118602190648 17508 
CLU_3191 3118602190818 13700 
CLU_3191 3118602190885 9131 
CLU_3191 3118607053355 9059 
CLU_3191 3118602190192 3586 
CLU_3191 3118602190214 2828 
CLU_3191 3118602190680 2916 
CLU_3191 3118602190753 2583 
CLU_3191 3118602190141 3582 
CLU_3191 3118602220245 0 
CLU_3191 3118602190788 3000 
CLU_3191 CLU_2943 4580 
CLU_3191 CLU_2961 6574 
CLU_3191 CLU_2970 7705 
CLU_3191 CLU_2971 7859 
CLU_3191 CLU_3051 5122 
CLU_3191 CLU_3055 6373 
CLU_3191 CLU_3060 7006 
CLU_3191 CLU_3084 8211 
CLU_3191 CLU_3086 15670 
CLU_3191 CLU_3087 16375 
CLU_3191 CLU_3098 16185 
CLU_3191 CLU_3108 13162 
CLU_3191 CLU_3121 1920 
CLU_3191 CLU_3128 3831 
CLU_3191 CLU_3141 3468 
CLU_3191 CLU_3143 2320 
CLU_3191 CLU_3160 2470 
CLU_3191 CLU_3166 1860 
CLU_3191 CLU_3176 1604 
CLU_3191 CLU_3200 867 
CLU_3191 CLU_3214 2881 
CLU_3191 CLU_7923 9835 
CLU_3192 3118602190990 3303 
CLU_3192 3118602191229 3368 
CLU_3192 3118602190591 4245 
CLU_3192 3118602190567 6327 
CLU_3192 3118602190532 7287 
CLU_3192 3118602190494 7958 
CLU_3192 3118602190869 6864 
CLU_3192 3118602190605 7430 
CLU_3192 3118602190109 6635 
CLU_3192 3118607116306 9844 
CLU_3192 3118602190931 9513 
CLU_3192 3118602190923 10564 
CLU_3192 3118602190893 12051 
CLU_3192 3118602190486 9652 
CLU_3192 3118602190915 12053 
CLU_3192 3118602190222 10971 
CLU_3192 3118604696077 5749 
CLU_3192 3118602191024 5551 
CLU_3192 3118602190478 5789 
CLU_3192 3118602190389 6375 
CLU_3192 3118607110316 8147 
CLU_3192 3118602220261 5146 
CLU_3192 3118602190397 6718 
CLU_3192 3118602190176 6178 
CLU_3192 3118602191059 4654 
CLU_3192 3118602191040 3992 
CLU_3192 3118602190451 7626 
CLU_3192 3118602190206 8119 
CLU_3192 3118602190966 9616 
CLU_3192 3118602190400 7551 
CLU_3192 3118602190877 8119 
CLU_3192 3118602190826 14544 
CLU_3192 3118602190729 17577 
CLU_3192 3118602190656 17577 
CLU_3192 3118602190834 17270 
CLU_3192 3118602190710 17529 
CLU_3192 3118602190796 17688 
CLU_3192 3118602190648 17955 
CLU_3192 3118602190818 14146 
CLU_3192 3118602190885 9566 
CLU_3192 3118607053355 9457 
CLU_3192 3118602190192 3146 
CLU_3192 3118602190214 2404 
CLU_3192 3118602190680 2651 
CLU_3192 3118602190753 2875 
CLU_3192 3118602190141 3473 
CLU_3192 3118602220245 447 
CLU_3192 3118602190788 3303 
CLU_3192 CLU_2943 4806 
CLU_3192 CLU_2961 6856 
CLU_3192 CLU_2970 7978 
CLU_3192 CLU_2971 8108 
CLU_3192 CLU_3051 5551 
CLU_3192 CLU_3055 6820 
CLU_3192 CLU_3060 7452 
CLU_3192 CLU_3084 8601 
CLU_3192 CLU_3086 16116 
CLU_3192 CLU_3087 16822 
CLU_3192 CLU_3098 16632 
CLU_3192 CLU_3108 13584 
CLU_3192 CLU_3121 1646 
CLU_3192 CLU_3128 3389 
CLU_3192 CLU_3141 3106 
CLU_3192 CLU_3143 1961 
CLU_3192 CLU_3160 2187 
CLU_3192 CLU_3166 1993 
CLU_3192 CLU_3176 1502 
CLU_3192 CLU_3200 1001 
CLU_3192 CLU_3214 2949 
CLU_3192 CLU_7923 10256 
CLU_3193 3118602190990 2979 
CLU_3193 3118602191229 3052 
CLU_3193 3118602190591 3929 
CLU_3193 3118602190567 6014 
CLU_3193 3118602190532 6974 
CLU_3193 3118602190494 7656 
CLU_3193 3118602190869 6541 
CLU_3193 3118602190605 7108 
CLU_3193 3118602190109 6317 
CLU_3193 3118607116306 9528 
CLU_3193 3118602190931 9197 
CLU_3193 3118602190923 10241 
CLU_3193 3118602190893 11731 
CLU_3193 3118602190486 9329 
CLU_3193 3118602190915 11731 
CLU_3193 3118602190222 10651 
CLU_3193 3118604696077 5515 
CLU_3193 3118602191024 5381 
CLU_3193 3118602190478 5643 
CLU_3193 3118602190389 6234 
CLU_3193 3118607110316 7960 
CLU_3193 3118602220261 4929 
CLU_3193 3118602190397 6541 
CLU_3193 3118602190176 5906 
CLU_3193 3118602191059 4429 
CLU_3193 3118602191040 3870 
CLU_3193 3118602190451 7548 
CLU_3193 3118602190206 8037 
CLU_3193 3118602190966 9525 
CLU_3193 3118602190400 7441 
CLU_3193 3118602190877 8037 
CLU_3193 3118602190826 14326 
CLU_3193 3118602190729 17336 
CLU_3193 3118602190656 17336 
CLU_3193 3118602190834 17034 
CLU_3193 3118602190710 17269 
CLU_3193 3118602190796 17436 
CLU_3193 3118602190648 17708 
CLU_3193 3118602190818 13919 
CLU_3193 3118602190885 9281 
CLU_3193 3118607053355 9338 
CLU_3193 3118602190192 3430 
CLU_3193 3118602190214 2710 
CLU_3193 3118602190680 2963 
CLU_3193 3118602190753 2874 
CLU_3193 3118602190141 3732 
CLU_3193 3118602220245 293 
CLU_3193 3118602190788 2979 
CLU_3193 CLU_2943 4496 
CLU_3193 CLU_2961 6536 
CLU_3193 CLU_2970 7659 
CLU_3193 CLU_2971 7794 
CLU_3193 CLU_3051 5381 
CLU_3193 CLU_3055 6569 
CLU_3193 CLU_3060 7193 
CLU_3193 CLU_3084 8492 
CLU_3193 CLU_3086 15889 
CLU_3193 CLU_3087 16589 
CLU_3193 CLU_3098 16384 
CLU_3193 CLU_3108 13285 
CLU_3193 CLU_3121 1627 
CLU_3193 CLU_3128 3605 
CLU_3193 CLU_3141 3430 
CLU_3193 CLU_3143 2285 
CLU_3193 CLU_3160 2502 
CLU_3193 CLU_3166 2113 
CLU_3193 CLU_3176 1749 
CLU_3193 CLU_3200 703 
CLU_3193 CLU_3214 2694 
CLU_3193 CLU_7923 9955 
CLU_3194 3118602190990 3305 
CLU_3194 3118602191229 3257 
CLU_3194 3118602190591 4124 
CLU_3194 3118602190567 6152 
CLU_3194 3118602190532 7106 
CLU_3194 3118602190494 7702 
CLU_3194 3118602190869 6843 
CLU_3194 3118602190605 7502 
CLU_3194 3118602190109 6774 
CLU_3194 3118607116306 9681 
CLU_3194 3118602190931 9357 
CLU_3194 3118602190923 10514 
CLU_3194 3118602190893 11936 
CLU_3194 3118602190486 9630 
CLU_3194 3118602190915 11982 
CLU_3194 3118602190222 10847 
CLU_3194 3118604696077 6242 
CLU_3194 3118602191024 6154 
CLU_3194 3118602190478 6422 
CLU_3194 3118602190389 7015 
CLU_3194 3118607110316 8724 
CLU_3194 3118602220261 5674 
CLU_3194 3118602190397 7312 
CLU_3194 3118602190176 6568 
CLU_3194 3118602191059 5167 
CLU_3194 3118602191040 4650 
CLU_3194 3118602190451 8320 
CLU_3194 3118602190206 8810 
CLU_3194 3118602190966 10301 
CLU_3194 3118602190400 8221 
CLU_3194 3118602190877 8810 
CLU_3194 3118602190826 15063 
CLU_3194 3118602190729 18042 
CLU_3194 3118602190656 18042 
CLU_3194 3118602190834 17747 
CLU_3194 3118602190710 17944 
CLU_3194 3118602190796 18125 
CLU_3194 3118602190648 18406 
CLU_3194 3118602190818 14646 
CLU_3194 3118602190885 9899 
CLU_3194 3118607053355 10118 
CLU_3194 3118602190192 2882 
CLU_3194 3118602190214 2284 
CLU_3194 3118602190680 2967 
CLU_3194 3118602190753 3597 
CLU_3194 3118602190141 3986 
CLU_3194 3118602220245 1061 
CLU_3194 3118602190788 3305 
CLU_3194 CLU_2943 4621 
CLU_3194 CLU_2961 6753 
CLU_3194 CLU_2970 7849 
CLU_3194 CLU_2971 7935 
CLU_3194 CLU_3051 6154 
CLU_3194 CLU_3055 7270 
CLU_3194 CLU_3060 7879 
CLU_3194 CLU_3084 9272 
CLU_3194 CLU_3086 16615 
CLU_3194 CLU_3087 17309 
CLU_3194 CLU_3098 17080 
CLU_3194 CLU_3108 13845 
CLU_3194 CLU_3121 930 
CLU_3194 CLU_3128 2895 
CLU_3194 CLU_3141 3188 
CLU_3194 CLU_3143 2116 
CLU_3194 CLU_3160 2494 
CLU_3194 CLU_3166 2700 
CLU_3194 CLU_3176 2089 
CLU_3194 CLU_3200 999 
CLU_3194 CLU_3214 2562 
CLU_3194 CLU_7923 10515 
CLU_3195 3118602190990 3159 
CLU_3195 3118602191229 3091 
CLU_3195 3118602190591 3953 
CLU_3195 3118602190567 5971 
CLU_3195 3118602190532 6924 
CLU_3195 3118602190494 7511 
CLU_3195 3118602190869 6684 
CLU_3195 3118602190605 7359 
CLU_3195 3118602190109 6646 
CLU_3195 3118607116306 9499 
CLU_3195 3118602190931 9176 
CLU_3195 3118602190923 10347 
CLU_3195 3118602190893 11759 
CLU_3195 3118602190486 9469 
CLU_3195 3118602190915 11812 
CLU_3195 3118602190222 10670 
CLU_3195 3118604696077 6214 
CLU_3195 3118602191024 6172 
CLU_3195 3118602190478 6454 
CLU_3195 3118602190389 7049 
CLU_3195 3118607110316 8726 
CLU_3195 3118602220261 5659 
CLU_3195 3118602190397 7322 
CLU_3195 3118602190176 6505 
CLU_3195 3118602191059 5148 
CLU_3195 3118602191040 4699 
CLU_3195 3118602190451 8389 
CLU_3195 3118602190206 8877 
CLU_3195 3118602190966 10362 
CLU_3195 3118602190400 8272 
CLU_3195 3118602190877 8877 
CLU_3195 3118602190826 15037 
CLU_3195 3118602190729 17996 
CLU_3195 3118602190656 17996 
CLU_3195 3118602190834 17706 
CLU_3195 3118602190710 17882 
CLU_3195 3118602190796 18070 
CLU_3195 3118602190648 18355 
CLU_3195 3118602190818 14614 
CLU_3195 3118602190885 9816 
CLU_3195 3118607053355 10163 
CLU_3195 3118602190192 3014 
CLU_3195 3118602190214 2448 
CLU_3195 3118602190680 3167 
CLU_3195 3118602190753 3704 
CLU_3195 3118602190141 4182 
CLU_3195 3118602220245 1134 
CLU_3195 3118602190788 3159 
CLU_3195 CLU_2943 4441 
CLU_3195 CLU_2961 6581 
CLU_3195 CLU_2970 7672 
CLU_3195 CLU_2971 7752 
CLU_3195 CLU_3051 6172 
CLU_3195 CLU_3055 7225 
CLU_3195 CLU_3060 7826 
CLU_3195 CLU_3084 9323 
CLU_3195 CLU_3086 16581 
CLU_3195 CLU_3087 17271 
CLU_3195 CLU_3098 17028 
CLU_3195 CLU_3108 13740 
CLU_3195 CLU_3121 794 
CLU_3195 CLU_3128 2958 
CLU_3195 CLU_3141 3374 
CLU_3195 CLU_3143 2311 
CLU_3195 CLU_3160 2694 
CLU_3195 CLU_3166 2849 
CLU_3195 CLU_3176 2273 
CLU_3195 CLU_3200 905 
CLU_3195 CLU_3214 2365 
CLU_3195 CLU_7923 10411 
CLU_3196 3118602190990 2961 
CLU_3196 3118602191229 2954 
CLU_3196 3118602190591 3829 
CLU_3196 3118602190567 5886 
CLU_3196 3118602190532 6844 
CLU_3196 3118602190494 7477 
CLU_3196 3118602190869 6517 
CLU_3196 3118602190605 7147 
CLU_3196 3118602190109 6402 
CLU_3196 3118607116306 9412 
CLU_3196 3118602190931 9085 
CLU_3196 3118602190923 10201 
CLU_3196 3118602190893 11648 
CLU_3196 3118602190486 9307 
CLU_3196 3118602190915 11677 
CLU_3196 3118602190222 10563 
CLU_3196 3118604696077 5841 
CLU_3196 3118602191024 5779 
CLU_3196 3118602190478 6060 
CLU_3196 3118602190389 6654 
CLU_3196 3118607110316 8337 
CLU_3196 3118602220261 5278 
CLU_3196 3118602190397 6931 
CLU_3196 3118602190176 6162 
CLU_3196 3118602191059 4769 
CLU_3196 3118602191040 4305 
CLU_3196 3118602190451 8000 
CLU_3196 3118602190206 8487 
CLU_3196 3118602190966 9970 
CLU_3196 3118602190400 7879 
CLU_3196 3118602190877 8487 
CLU_3196 3118602190826 14663 
CLU_3196 3118602190729 17637 
CLU_3196 3118602190656 17637 
CLU_3196 3118602190834 17343 
CLU_3196 3118602190710 17538 
CLU_3196 3118602190796 17719 
CLU_3196 3118602190648 18000 
CLU_3196 3118602190818 14244 
CLU_3196 3118602190885 9497 
CLU_3196 3118607053355 9769 
CLU_3196 3118602190192 3262 
CLU_3196 3118602190214 2623 
CLU_3196 3118602190680 3134 
CLU_3196 3118602190753 3342 
CLU_3196 3118602190141 4037 
CLU_3196 3118602220245 759 
CLU_3196 3118602190788 2961 
CLU_3196 CLU_2943 4356 
CLU_3196 CLU_2961 6457 
CLU_3196 CLU_2970 7564 
CLU_3196 CLU_2971 7670 
CLU_3196 CLU_3051 5779 
CLU_3196 CLU_3055 6865 
CLU_3196 CLU_3060 7473 
CLU_3196 CLU_3084 8929 
CLU_3196 CLU_3086 16212 
CLU_3196 CLU_3087 16905 
CLU_3196 CLU_3098 16674 
CLU_3196 CLU_3108 13452 
CLU_3196 CLU_3121 1162 
CLU_3196 CLU_3128 3301 
CLU_3196 CLU_3141 3464 
CLU_3196 CLU_3143 2351 
CLU_3196 CLU_3160 2662 
CLU_3196 CLU_3166 2549 
CLU_3196 CLU_3176 2077 
CLU_3196 CLU_3200 618 
CLU_3196 CLU_3214 2402 
CLU_3196 CLU_7923 10121 
CLU_3197 3118602190990 2686 
CLU_3197 3118602191229 2545 
CLU_3197 3118602190591 3384 
CLU_3197 3118602190567 5362 
CLU_3197 3118602190532 6310 
CLU_3197 3118602190494 6873 
CLU_3197 3118602190869 6144 
CLU_3197 3118602190605 6872 
CLU_3197 3118602190109 6210 
CLU_3197 3118607116306 8886 
CLU_3197 3118602190931 8566 
CLU_3197 3118602190923 9780 
CLU_3197 3118602190893 11161 
CLU_3197 3118602190486 8918 
CLU_3197 3118602190915 11233 
CLU_3197 3118602190222 10071 
CLU_3197 3118604696077 6112 
CLU_3197 3118602191024 6219 
CLU_3197 3118602190478 6548 
CLU_3197 3118602190389 7147 
CLU_3197 3118607110316 8709 
CLU_3197 3118602220261 5608 
CLU_3197 3118602190397 7341 
CLU_3197 3118602190176 6286 
CLU_3197 3118602191059 5087 
CLU_3197 3118602191040 4861 
CLU_3197 3118602190451 8595 
CLU_3197 3118602190206 9073 
CLU_3197 3118602190966 10534 
CLU_3197 3118602190400 8421 
CLU_3197 3118602190877 9073 
CLU_3197 3118602190826 14918 
CLU_3197 3118602190729 17807 
CLU_3197 3118602190656 17807 
CLU_3197 3118602190834 17532 
CLU_3197 3118602190710 17640 
CLU_3197 3118602190796 17850 
CLU_3197 3118602190648 18150 
CLU_3197 3118602190818 14472 
CLU_3197 3118602190885 9516 
CLU_3197 3118607053355 10284 
CLU_3197 3118602190192 3525 
CLU_3197 3118602190214 3041 
CLU_3197 3118602190680 3824 
CLU_3197 3118602190753 4062 
CLU_3197 3118602190141 4813 
CLU_3197 3118602220245 1504 
CLU_3197 3118602190788 2686 
CLU_3197 CLU_2943 3837 
CLU_3197 CLU_2961 6000 
CLU_3197 CLU_2970 7076 
CLU_3197 CLU_2971 7139 
CLU_3197 CLU_3051 6219 
CLU_3197 CLU_3055 7063 
CLU_3197 CLU_3060 7633 
CLU_3197 CLU_3084 9468 
CLU_3197 CLU_3086 16434 
CLU_3197 CLU_3087 17109 
CLU_3197 CLU_3098 16822 
CLU_3197 CLU_3108 13365 
CLU_3197 CLU_3121 705 
CLU_3197 CLU_3128 3289 
CLU_3197 CLU_3141 4008 
CLU_3197 CLU_3143 2964 
CLU_3197 CLU_3160 3351 
CLU_3197 CLU_3166 3343 
CLU_3197 CLU_3176 2872 
CLU_3197 CLU_3200 838 
CLU_3197 CLU_3214 1712 
CLU_3197 CLU_7923 10045 
CLU_3198 3118602190990 2507 
CLU_3198 3118602191229 2389 
CLU_3198 3118602190591 3239 
CLU_3198 3118602190567 5241 
CLU_3198 3118602190532 6192 
CLU_3198 3118602190494 6779 
CLU_3198 3118602190869 5988 
CLU_3198 3118602190605 6700 
CLU_3198 3118602190109 6026 
CLU_3198 3118607116306 8768 
CLU_3198 3118602190931 8446 
CLU_3198 3118602190923 9636 
CLU_3198 3118602190893 11034 
CLU_3198 3118602190486 8767 
CLU_3198 3118602190915 11095 
CLU_3198 3118602190222 9944 
CLU_3198 3118604696077 5910 
CLU_3198 3118602191024 6029 
CLU_3198 3118602190478 6363 
CLU_3198 3118602190389 6963 
CLU_3198 3118607110316 8512 
CLU_3198 3118602220261 5409 
CLU_3198 3118602190397 7148 
CLU_3198 3118602190176 6082 
CLU_3198 3118602191059 4888 
CLU_3198 3118602191040 4689 
CLU_3198 3118602190451 8427 
CLU_3198 3118602190206 8903 
CLU_3198 3118602190966 10360 
CLU_3198 3118602190400 8243 
CLU_3198 3118602190877 8903 
CLU_3198 3118602190826 14715 
CLU_3198 3118602190729 17603 
CLU_3198 3118602190656 17603 
CLU_3198 3118602190834 17327 
CLU_3198 3118602190710 17437 
CLU_3198 3118602190796 17647 
CLU_3198 3118602190648 17946 
CLU_3198 3118602190818 14268 
CLU_3198 3118602190885 9316 
CLU_3198 3118607053355 10101 
CLU_3198 3118602190192 3682 
CLU_3198 3118602190214 3167 
CLU_3198 3118602190680 3873 
CLU_3198 3118602190753 3936 
CLU_3198 3118602190141 4813 
CLU_3198 3118602220245 1410 
CLU_3198 3118602190788 2507 
CLU_3198 CLU_2943 3712 
CLU_3198 CLU_2961 5862 
CLU_3198 CLU_2970 6947 
CLU_3198 CLU_2971 7021 
CLU_3198 CLU_3051 6029 
CLU_3198 CLU_3055 6859 
CLU_3198 CLU_3060 7429 
CLU_3198 CLU_3084 9289 
CLU_3198 CLU_3086 16230 
CLU_3198 CLU_3087 16904 
CLU_3198 CLU_3098 16618 
CLU_3198 CLU_3108 13173 
CLU_3198 CLU_3121 909 
CLU_3198 CLU_3128 3480 
CLU_3198 CLU_3141 4107 
CLU_3198 CLU_3143 3039 
CLU_3198 CLU_3160 3400 
CLU_3198 CLU_3166 3267 
CLU_3198 CLU_3176 2852 
CLU_3198 CLU_3200 670 
CLU_3198 CLU_3214 1646 
CLU_3198 CLU_7923 9851 
CLU_3199 3118602190990 2330 
CLU_3199 3118602191229 2269 
CLU_3199 3118602190591 3137 
CLU_3199 3118602190567 5179 
CLU_3199 3118602190532 6136 
CLU_3199 3118602190494 6762 
CLU_3199 3118602190869 5856 
CLU_3199 3118602190605 6531 
CLU_3199 3118602190109 5828 
CLU_3199 3118607116306 8707 
CLU_3199 3118602190931 8382 
CLU_3199 3118602190923 9525 
CLU_3199 3118602190893 10953 
CLU_3199 3118602190486 8642 
CLU_3199 3118602190915 10995 
CLU_3199 3118602190222 9866 
CLU_3199 3118604696077 5612 
CLU_3199 3118602191024 5722 
CLU_3199 3118602190478 6056 
CLU_3199 3118602190389 6656 
CLU_3199 3118607110316 8207 
CLU_3199 3118602220261 5106 
CLU_3199 3118602190397 6841 
CLU_3199 3118602190176 5806 
CLU_3199 3118602191059 4585 
CLU_3199 3118602191040 4388 
CLU_3199 3118602190451 8128 
CLU_3199 3118602190206 8602 
CLU_3199 3118602190966 10056 
CLU_3199 3118602190400 7939 
CLU_3199 3118602190877 8602 
CLU_3199 3118602190826 14422 
CLU_3199 3118602190729 17323 
CLU_3199 3118602190656 17323 
CLU_3199 3118602190834 17045 
CLU_3199 3118602190710 17169 
CLU_3199 3118602190796 17374 
CLU_3199 3118602190648 17670 
CLU_3199 3118602190818 13979 
CLU_3199 3118602190885 9063 
CLU_3199 3118607053355 9795 
CLU_3199 3118602190192 3841 
CLU_3199 3118602190214 3271 
CLU_3199 3118602190680 3848 
CLU_3199 3118602190753 3676 
CLU_3199 3118602190141 4711 
CLU_3199 3118602220245 1208 
CLU_3199 3118602190788 2330 
CLU_3199 CLU_2943 3649 
CLU_3199 CLU_2961 5767 
CLU_3199 CLU_2970 6867 
CLU_3199 CLU_2971 6963 
CLU_3199 CLU_3051 5722 
CLU_3199 CLU_3055 6571 
CLU_3199 CLU_3060 7147 
CLU_3199 CLU_3084 8984 
CLU_3199 CLU_3086 15943 
CLU_3199 CLU_3087 16619 
CLU_3199 CLU_3098 16342 
CLU_3199 CLU_3108 12948 
CLU_3199 CLU_3121 1192 
CLU_3199 CLU_3128 3712 
CLU_3199 CLU_3141 4161 
CLU_3199 CLU_3143 3060 
CLU_3199 CLU_3160 3377 
CLU_3199 CLU_3166 3067 
CLU_3199 CLU_3176 2733 
CLU_3199 CLU_3200 387 
CLU_3199 CLU_3214 1710 
CLU_3199 CLU_7923 9622 
CLU_3200 3118602190990 2351 
CLU_3200 3118602191229 2375 
CLU_3200 3118602190591 3252 
CLU_3200 3118602190567 5328 
CLU_3200 3118602190532 6288 
CLU_3200 3118602190494 6957 
CLU_3200 3118602190869 5911 
CLU_3200 3118602190605 6530 
CLU_3200 3118602190109 5783 
CLU_3200 3118607116306 8848 
CLU_3200 3118602190931 8519 
CLU_3200 3118602190923 9602 
CLU_3200 3118602190893 11068 
CLU_3200 3118602190486 8702 
CLU_3200 3118602190915 11084 
CLU_3200 3118602190222 9984 
CLU_3200 3118604696077 5347 
CLU_3200 3118602191024 5393 
CLU_3200 3118602190478 5714 
CLU_3200 3118602190389 6313 
CLU_3200 3118607110316 7906 
CLU_3200 3118602220261 4816 
CLU_3200 3118602190397 6525 
CLU_3200 3118602190176 5604 
CLU_3200 3118602191059 4299 
CLU_3200 3118602191040 4023 
CLU_3200 3118602190451 7759 
CLU_3200 3118602190206 8235 
CLU_3200 3118602190966 9696 
CLU_3200 3118602190400 7582 
CLU_3200 3118602190877 8235 
CLU_3200 3118602190826 14168 
CLU_3200 3118602190729 17104 
CLU_3200 3118602190656 17104 
CLU_3200 3118602190834 16818 
CLU_3200 3118602190710 16980 
CLU_3200 3118602190796 17171 
CLU_3200 3118602190648 17460 
CLU_3200 3118602190818 13736 
CLU_3200 3118602190885 8911 
CLU_3200 3118607053355 9448 
CLU_3200 3118602190192 3877 
CLU_3200 3118602190214 3240 
CLU_3200 3118602190680 3652 
CLU_3200 3118602190753 3289 
CLU_3200 3118602190141 4429 
CLU_3200 3118602220245 867 
CLU_3200 3118602190788 2351 
CLU_3200 CLU_2943 3805 
CLU_3200 CLU_2961 5872 
CLU_3200 CLU_2970 6988 
CLU_3200 CLU_2971 7111 
CLU_3200 CLU_3051 5393 
CLU_3200 CLU_3055 6338 
CLU_3200 CLU_3060 6931 
CLU_3200 CLU_3084 8630 
CLU_3200 CLU_3086 15702 
CLU_3200 CLU_3087 16387 
CLU_3200 CLU_3098 16132 
CLU_3200 CLU_3108 12845 
CLU_3200 CLU_3121 1471 
CLU_3200 CLU_3128 3862 
CLU_3200 CLU_3141 4055 
CLU_3200 CLU_3143 2926 
CLU_3200 CLU_3160 3187 
CLU_3200 CLU_3166 2709 
CLU_3200 CLU_3176 2446 
CLU_3200 CLU_3200 0 
CLU_3200 CLU_3214 2014 
CLU_3200 CLU_7923 9515 
CLU_3201 3118602190990 2215 
CLU_3201 3118602191229 2248 
CLU_3201 3118602190591 3125 
CLU_3201 3118602190567 5205 
CLU_3201 3118602190532 6164 
CLU_3201 3118602190494 6841 
CLU_3201 3118602190869 5777 
CLU_3201 3118602190605 6393 
CLU_3201 3118602190109 5647 
CLU_3201 3118607116306 8723 
CLU_3201 3118602190931 8393 
CLU_3201 3118602190923 9469 
CLU_3201 3118602190893 10938 
CLU_3201 3118602190486 8567 
CLU_3201 3118602190915 10952 
CLU_3201 3118602190222 9856 
CLU_3201 3118604696077 5245 
CLU_3201 3118602191024 5318 
CLU_3201 3118602190478 5647 
CLU_3201 3118602190389 6247 
CLU_3201 3118607110316 7817 
CLU_3201 3118602220261 4722 
CLU_3201 3118602190397 6443 
CLU_3201 3118602190176 5485 
CLU_3201 3118602191059 4204 
CLU_3201 3118602191040 3975 
CLU_3201 3118602190451 7716 
CLU_3201 3118602190206 8189 
CLU_3201 3118602190966 9644 
CLU_3201 3118602190400 7527 
CLU_3201 3118602190877 8189 
CLU_3201 3118602190826 14063 
CLU_3201 3118602190729 16990 
CLU_3201 3118602190656 16990 
CLU_3201 3118602190834 16706 
CLU_3201 3118602190710 16859 
CLU_3201 3118602190796 17053 
CLU_3201 3118602190648 17343 
CLU_3201 3118602190818 13628 
CLU_3201 3118602190885 8783 
CLU_3201 3118607053355 9385 
CLU_3201 3118602190192 4013 
CLU_3201 3118602190214 3376 
CLU_3201 3118602190680 3773 
CLU_3201 3118602190753 3297 
CLU_3201 3118602190141 4527 
CLU_3201 3118602220245 949 
CLU_3201 3118602190788 2215 
CLU_3201 CLU_2943 3684 
CLU_3201 CLU_2961 5742 
CLU_3201 CLU_2970 6860 
CLU_3201 CLU_2971 6986 
CLU_3201 CLU_3051 5318 
CLU_3201 CLU_3055 6226 
CLU_3201 CLU_3060 6815 
CLU_3201 CLU_3084 8572 
CLU_3201 CLU_3086 15593 
CLU_3201 CLU_3087 16276 
CLU_3201 CLU_3098 16016 
CLU_3201 CLU_3108 12712 
CLU_3201 CLU_3121 1561 
CLU_3201 CLU_3128 3987 
CLU_3201 CLU_3141 4188 
CLU_3201 CLU_3143 3057 
CLU_3201 CLU_3160 3309 
CLU_3201 CLU_3166 2766 
CLU_3201 CLU_3176 2544 
CLU_3201 CLU_3200 136 
CLU_3201 CLU_3214 1940 
CLU_3201 CLU_7923 9383 
CLU_3202 3118602190990 1824 
CLU_3202 3118602191229 1896 
CLU_3202 3118602190591 2770 
CLU_3202 3118602190567 4860 
CLU_3202 3118602190532 5820 
CLU_3202 3118602190494 6525 
CLU_3202 3118602190869 5388 
CLU_3202 3118602190605 5991 
CLU_3202 3118602190109 5241 
CLU_3202 3118607116306 8368 
CLU_3202 3118602190931 8037 
CLU_3202 3118602190923 9084 
CLU_3202 3118602190893 10568 
CLU_3202 3118602190486 8178 
CLU_3202 3118602190915 10571 
CLU_3202 3118602190222 9488 
CLU_3202 3118604696077 4927 
CLU_3202 3118602191024 5081 
CLU_3202 3118602190478 5437 
CLU_3202 3118602190389 6036 
CLU_3202 3118607110316 7538 
CLU_3202 3118602220261 4432 
CLU_3202 3118602190397 6185 
CLU_3202 3118602190176 5119 
CLU_3202 3118602191059 3910 
CLU_3202 3118602191040 3826 
CLU_3202 3118602190451 7568 
CLU_3202 3118602190206 8033 
CLU_3202 3118602190966 9468 
CLU_3202 3118602190400 7342 
CLU_3202 3118602190877 8033 
CLU_3202 3118602190826 13733 
CLU_3202 3118602190729 16635 
CLU_3202 3118602190656 16635 
CLU_3202 3118602190834 16355 
CLU_3202 3118602190710 16488 
CLU_3202 3118602190796 16688 
CLU_3202 3118602190648 16983 
CLU_3202 3118602190818 13290 
CLU_3202 3118602190885 8396 
CLU_3202 3118607053355 9178 
CLU_3202 3118602190192 4418 
CLU_3202 3118602190214 3779 
CLU_3202 3118602190680 4121 
CLU_3202 3118602190753 3322 
CLU_3202 3118602190141 4802 
CLU_3202 3118602220245 1230 
CLU_3202 3118602190788 1824 
CLU_3202 CLU_2943 3351 
CLU_3202 CLU_2961 5373 
CLU_3202 CLU_2970 6497 
CLU_3202 CLU_2971 6637 
CLU_3202 CLU_3051 5081 
CLU_3202 CLU_3055 5881 
CLU_3202 CLU_3060 6459 
CLU_3202 CLU_3084 8382 
CLU_3202 CLU_3086 15253 
CLU_3202 CLU_3087 15930 
CLU_3202 CLU_3098 15655 
CLU_3202 CLU_3108 12312 
CLU_3202 CLU_3121 1882 
CLU_3202 CLU_3128 4372 
CLU_3202 CLU_3141 4575 
CLU_3202 CLU_3143 3437 
CLU_3202 CLU_3160 3664 
CLU_3202 CLU_3166 2937 
CLU_3202 CLU_3176 2831 
CLU_3202 CLU_3200 542 
CLU_3202 CLU_3214 1799 
CLU_3202 CLU_7923 8983 
CLU_3203 3118602190990 1835 
CLU_3203 3118602191229 1896 
CLU_3203 3118602190591 2771 
CLU_3203 3118602190567 4860 
CLU_3203 3118602190532 5820 
CLU_3203 3118602190494 6520 
CLU_3203 3118602190869 5399 
CLU_3203 3118602190605 6008 
CLU_3203 3118602190109 5262 
CLU_3203 3118607116306 8370 
CLU_3203 3118602190931 8039 
CLU_3203 3118602190923 9094 
CLU_3203 3118602190893 10574 
CLU_3203 3118602190486 8189 
CLU_3203 3118602190915 10580 
CLU_3203 3118602190222 9493 
CLU_3203 3118604696077 4965 
CLU_3203 3118602191024 5120 
CLU_3203 3118602190478 5476 
CLU_3203 3118602190389 6076 
CLU_3203 3118607110316 7577 
CLU_3203 3118602220261 4471 
CLU_3203 3118602190397 6225 
CLU_3203 3118602190176 5153 
CLU_3203 3118602191059 3949 
CLU_3203 3118602191040 3865 
CLU_3203 3118602190451 7607 
CLU_3203 3118602190206 8072 
CLU_3203 3118602190966 9507 
CLU_3203 3118602190400 7381 
CLU_3203 3118602190877 8072 
CLU_3203 3118602190826 13770 
CLU_3203 3118602190729 16669 
CLU_3203 3118602190656 16669 
CLU_3203 3118602190834 16391 
CLU_3203 3118602190710 16521 
CLU_3203 3118602190796 16722 
CLU_3203 3118602190648 17017 
CLU_3203 3118602190818 13326 
CLU_3203 3118602190885 8426 
CLU_3203 3118607053355 9218 
CLU_3203 3118602190192 4396 
CLU_3203 3118602190214 3762 
CLU_3203 3118602190680 4119 
CLU_3203 3118602190753 3353 
CLU_3203 3118602190141 4811 
CLU_3203 3118602220245 1235 
CLU_3203 3118602190788 1835 
CLU_3203 CLU_2943 3348 
CLU_3203 CLU_2961 5378 
CLU_3203 CLU_2970 6501 
CLU_3203 CLU_2971 6638 
CLU_3203 CLU_3051 5120 
CLU_3203 CLU_3055 5918 
CLU_3203 CLU_3060 6494 
CLU_3203 CLU_3084 8421 
CLU_3203 CLU_3086 15289 
CLU_3203 CLU_3087 15966 
CLU_3203 CLU_3098 15689 
CLU_3203 CLU_3108 12339 
CLU_3203 CLU_3121 1846 
CLU_3203 CLU_3128 4342 
CLU_3203 CLU_3141 4564 
CLU_3203 CLU_3143 3428 
CLU_3203 CLU_3160 3661 
CLU_3203 CLU_3166 2957 
CLU_3203 CLU_3176 2838 
CLU_3203 CLU_3200 522 
CLU_3203 CLU_3214 1772 
CLU_3203 CLU_7923 9010 
CLU_3204 3118602190990 2304 
CLU_3204 3118602191229 2488 
CLU_3204 3118602190591 3337 
CLU_3204 3118602190567 5431 
CLU_3204 3118602190532 6385 
CLU_3204 3118602190494 7137 
CLU_3204 3118602190869 5820 
CLU_3204 3118602190605 6324 
CLU_3204 3118602190109 5502 
CLU_3204 3118607116306 8904 
CLU_3204 3118602190931 8570 
CLU_3204 3118602190923 9524 
CLU_3204 3118602190893 11059 
CLU_3204 3118602190486 8595 
CLU_3204 3118602190915 11025 
CLU_3204 3118602190222 9989 
CLU_3204 3118604696077 4693 
CLU_3204 3118602191024 4661 
CLU_3204 3118602190478 4969 
CLU_3204 3118602190389 5568 
CLU_3204 3118607110316 7199 
CLU_3204 3118602220261 4131 
CLU_3204 3118602190397 5803 
CLU_3204 3118602190176 5047 
CLU_3204 3118602191059 3621 
CLU_3204 3118602191040 3269 
CLU_3204 3118602190451 7006 
CLU_3204 3118602190206 7482 
CLU_3204 3118602190966 8943 
CLU_3204 3118602190400 6831 
CLU_3204 3118602190877 7482 
CLU_3204 3118602190826 13515 
CLU_3204 3118602190729 16497 
CLU_3204 3118602190656 16497 
CLU_3204 3118602190834 16200 
CLU_3204 3118602190710 16416 
CLU_3204 3118602190796 16588 
CLU_3204 3118602190648 16865 
CLU_3204 3118602190818 13097 
CLU_3204 3118602190885 8418 
CLU_3204 3118607053355 8699 
CLU_3204 3118602190192 4292 
CLU_3204 3118602190214 3561 
CLU_3204 3118602190680 3636 
CLU_3204 3118602190753 2617 
CLU_3204 3118602190141 4178 
CLU_3204 3118602220245 751 
CLU_3204 3118602190788 2304 
CLU_3204 CLU_2943 3953 
CLU_3204 CLU_2961 5880 
CLU_3204 CLU_2970 7017 
CLU_3204 CLU_2971 7191 
CLU_3204 CLU_3051 4661 
CLU_3204 CLU_3055 5726 
CLU_3204 CLU_3060 6343 
CLU_3204 CLU_3084 7878 
CLU_3204 CLU_3086 15066 
CLU_3204 CLU_3087 15760 
CLU_3204 CLU_3098 15540 
CLU_3204 CLU_3108 12427 
CLU_3204 CLU_3121 2200 
CLU_3204 CLU_3128 4436 
CLU_3204 CLU_3141 4219 
CLU_3204 CLU_3143 3071 
CLU_3204 CLU_3160 3202 
CLU_3204 CLU_3166 2238 
CLU_3204 CLU_3176 2247 
CLU_3204 CLU_3200 753 
CLU_3204 CLU_3214 2517 
CLU_3204 CLU_7923 9099 
CLU_3205 3118602190990 1739 
CLU_3205 3118602191229 1948 
CLU_3205 3118602190591 2783 
CLU_3205 3118602190567 4874 
CLU_3205 3118602190532 5826 
CLU_3205 3118602190494 6591 
CLU_3205 3118602190869 5257 
CLU_3205 3118602190605 5778 
CLU_3205 3118602190109 4975 
CLU_3205 3118607116306 8340 
CLU_3205 3118602190931 8005 
CLU_3205 3118602190923 8961 
CLU_3205 3118602190893 10493 
CLU_3205 3118602190486 8034 
CLU_3205 3118602190915 10460 
CLU_3205 3118602190222 9422 
CLU_3205 3118604696077 4438 
CLU_3205 3118602191024 4571 
CLU_3205 3118602190478 4929 
CLU_3205 3118602190389 5528 
CLU_3205 3118607110316 7033 
CLU_3205 3118602220261 3929 
CLU_3205 3118602190397 5676 
CLU_3205 3118602190176 4678 
CLU_3205 3118602191059 3408 
CLU_3205 3118602191040 3338 
CLU_3205 3118602190451 7075 
CLU_3205 3118602190206 7537 
CLU_3205 3118602190966 8966 
CLU_3205 3118602190400 6838 
CLU_3205 3118602190877 7537 
CLU_3205 3118602190826 13253 
CLU_3205 3118602190729 16178 
CLU_3205 3118602190656 16178 
CLU_3205 3118602190834 15893 
CLU_3205 3118602190710 16055 
CLU_3205 3118602190796 16245 
CLU_3205 3118602190648 16533 
CLU_3205 3118602190818 12816 
CLU_3205 3118602190885 7999 
CLU_3205 3118607053355 8670 
CLU_3205 3118602190192 4742 
CLU_3205 3118602190214 4049 
CLU_3205 3118602190680 4199 
CLU_3205 3118602190753 2960 
CLU_3205 3118602190141 4733 
CLU_3205 3118602220245 1295 
CLU_3205 3118602190788 1739 
CLU_3205 CLU_2943 3408 
CLU_3205 CLU_2961 5314 
CLU_3205 CLU_2970 6451 
CLU_3205 CLU_2971 6629 
CLU_3205 CLU_3051 4571 
CLU_3205 CLU_3055 5414 
CLU_3205 CLU_3060 6004 
CLU_3205 CLU_3084 7876 
CLU_3205 CLU_3086 14781 
CLU_3205 CLU_3087 15463 
CLU_3205 CLU_3098 15206 
CLU_3205 CLU_3108 11964 
CLU_3205 CLU_3121 2364 
CLU_3205 CLU_3128 4784 
CLU_3205 CLU_3141 4757 
CLU_3205 CLU_3143 3608 
CLU_3205 CLU_3160 3761 
CLU_3205 CLU_3166 2745 
CLU_3205 CLU_3176 2812 
CLU_3205 CLU_3200 926 
CLU_3205 CLU_3214 2168 
CLU_3205 CLU_7923 8633 
CLU_3206 3118602190990 2896 
CLU_3206 3118602191229 2781 
CLU_3206 3118602190591 3629 
CLU_3206 3118602190567 5620 
CLU_3206 3118602190532 6569 
CLU_3206 3118602190494 7138 
CLU_3206 3118602190869 6381 
CLU_3206 3118602190605 7091 
CLU_3206 3118602190109 6411 
CLU_3206 3118607116306 9145 
CLU_3206 3118602190931 8824 
CLU_3206 3118602190923 10027 
CLU_3206 3118602190893 11417 
CLU_3206 3118602190486 9159 
CLU_3206 3118602190915 11483 
CLU_3206 3118602190222 10327 
CLU_3206 3118604696077 6185 
CLU_3206 3118602191024 6232 
CLU_3206 3118602190478 6543 
CLU_3206 3118602190389 7141 
CLU_3206 3118607110316 8751 
CLU_3206 3118602220261 5660 
CLU_3206 3118602190397 7368 
CLU_3206 3118602190176 6405 
CLU_3206 3118602191059 5142 
CLU_3206 3118602191040 4826 
CLU_3206 3118602190451 8546 
CLU_3206 3118602190206 9028 
CLU_3206 3118602190966 10500 
CLU_3206 3118602190400 8395 
CLU_3206 3118602190877 9028 
CLU_3206 3118602190826 15003 
CLU_3206 3118602190729 17919 
CLU_3206 3118602190656 17919 
CLU_3206 3118602190834 17638 
CLU_3206 3118602190710 17772 
CLU_3206 3118602190796 17974 
CLU_3206 3118602190648 18268 
CLU_3206 3118602190818 14566 
CLU_3206 3118602190885 9668 
CLU_3206 3118607053355 10271 
CLU_3206 3118602190192 3289 
CLU_3206 3118602190214 2783 
CLU_3206 3118602190680 3562 
CLU_3206 3118602190753 3943 
CLU_3206 3118602190141 4571 
CLU_3206 3118602220245 1362 
CLU_3206 3118602190788 2896 
CLU_3206 CLU_2943 4093 
CLU_3206 CLU_2961 6250 
CLU_3206 CLU_2970 7331 
CLU_3206 CLU_2971 7398 
CLU_3206 CLU_3051 6232 
CLU_3206 CLU_3055 7161 
CLU_3206 CLU_3060 7743 
CLU_3206 CLU_3084 9445 
CLU_3206 CLU_3086 16530 
CLU_3206 CLU_3087 17210 
CLU_3206 CLU_3098 16940 
CLU_3206 CLU_3108 13546 
CLU_3206 CLU_3121 628 
CLU_3206 CLU_3128 3109 
CLU_3206 CLU_3141 3743 
CLU_3206 CLU_3143 2698 
CLU_3206 CLU_3160 3090 
CLU_3206 CLU_3166 3165 
CLU_3206 CLU_3176 2645 
CLU_3206 CLU_3200 844 
CLU_3206 CLU_3214 1978 
CLU_3206 CLU_7923 10222 
CLU_3207 3118602190990 1773 
CLU_3207 3118602191229 1898 
CLU_3207 3118602190591 2761 
CLU_3207 3118602190567 4857 
CLU_3207 3118602190532 5814 
CLU_3207 3118602190494 6543 
CLU_3207 3118602190869 5331 
CLU_3207 3118602190605 5904 
CLU_3207 3118602190109 5134 
CLU_3207 3118607116306 8352 
CLU_3207 3118602190931 8019 
CLU_3207 3118602190923 9032 
CLU_3207 3118602190893 10535 
CLU_3207 3118602190486 8118 
CLU_3207 3118602190915 10524 
CLU_3207 3118602190222 9458 
CLU_3207 3118604696077 4740 
CLU_3207 3118602191024 4887 
CLU_3207 3118602190478 5244 
CLU_3207 3118602190389 5844 
CLU_3207 3118607110316 7346 
CLU_3207 3118602220261 4241 
CLU_3207 3118602190397 5992 
CLU_3207 3118602190176 4949 
CLU_3207 3118602191059 3719 
CLU_3207 3118602191040 3641 
CLU_3207 3118602190451 7381 
CLU_3207 3118602190206 7845 
CLU_3207 3118602190966 9278 
CLU_3207 3118602190400 7151 
CLU_3207 3118602190877 7845 
CLU_3207 3118602190826 13550 
CLU_3207 3118602190729 16460 
CLU_3207 3118602190656 16460 
CLU_3207 3118602190834 16179 
CLU_3207 3118602190710 16322 
CLU_3207 3118602190796 16519 
CLU_3207 3118602190648 16811 
CLU_3207 3118602190818 13109 
CLU_3207 3118602190885 8242 
CLU_3207 3118607053355 8985 
CLU_3207 3118602190192 4539 
CLU_3207 3118602190214 3878 
CLU_3207 3118602190680 4146 
CLU_3207 3118602190753 3181 
CLU_3207 3118602190141 4771 
CLU_3207 3118602220245 1232 
CLU_3207 3118602190788 1773 
CLU_3207 CLU_2943 3361 
CLU_3207 CLU_2961 5343 
CLU_3207 CLU_2970 6473 
CLU_3207 CLU_2971 6628 
CLU_3207 CLU_3051 4887 
CLU_3207 CLU_3055 5702 
CLU_3207 CLU_3060 6284 
CLU_3207 CLU_3084 8190 
CLU_3207 CLU_3086 15073 
CLU_3207 CLU_3087 15752 
CLU_3207 CLU_3098 15483 
CLU_3207 CLU_3108 12177 
CLU_3207 CLU_3121 2064 
CLU_3207 CLU_3128 4527 
CLU_3207 CLU_3141 4640 
CLU_3207 CLU_3143 3496 
CLU_3207 CLU_3160 3695 
CLU_3207 CLU_3166 2857 
CLU_3207 CLU_3176 2815 
CLU_3207 CLU_3200 669 
CLU_3207 CLU_3214 1930 
CLU_3207 CLU_7923 8847 
CLU_3208 3118602190990 1189 
CLU_3208 3118602191229 1240 
CLU_3208 3118602190591 2112 
CLU_3208 3118602190567 4204 
CLU_3208 3118602190532 5163 
CLU_3208 3118602190494 5879 
CLU_3208 3118602190869 4747 
CLU_3208 3118602190605 5384 
CLU_3208 3118602190109 4673 
CLU_3208 3118607116306 7710 
CLU_3208 3118602190931 7379 
CLU_3208 3118602190923 8437 
CLU_3208 3118602190893 9912 
CLU_3208 3118602190486 7537 
CLU_3208 3118602190915 9921 
CLU_3208 3118602190222 8832 
CLU_3208 3118604696077 4733 
CLU_3208 3118602191024 5068 
CLU_3208 3118602190478 5472 
CLU_3208 3118602190389 6066 
CLU_3208 3118607110316 7414 
CLU_3208 3118602220261 4311 
CLU_3208 3118602190397 6118 
CLU_3208 3118602190176 4781 
CLU_3208 3118602191059 3791 
CLU_3208 3118602191040 3998 
CLU_3208 3118602190451 7701 
CLU_3208 3118602190206 8148 
CLU_3208 3118602190966 9543 
CLU_3208 3118602190400 7411 
CLU_3208 3118602190877 8148 
CLU_3208 3118602190826 13472 
CLU_3208 3118602190729 16299 
CLU_3208 3118602190656 16299 
CLU_3208 3118602190834 16035 
CLU_3208 3118602190710 16101 
CLU_3208 3118602190796 16323 
CLU_3208 3118602190648 16631 
CLU_3208 3118602190818 13006 
CLU_3208 3118602190885 7959 
CLU_3208 3118607053355 9196 
CLU_3208 3118602190192 4992 
CLU_3208 3118602190214 4392 
CLU_3208 3118602190680 4780 
CLU_3208 3118602190753 3748 
CLU_3208 3118602190141 5437 
CLU_3208 3118602220245 1881 
CLU_3208 3118602190788 1189 
CLU_3208 CLU_2943 2700 
CLU_3208 CLU_2961 4717 
CLU_3208 CLU_2970 5839 
CLU_3208 CLU_2971 5980 
CLU_3208 CLU_3051 5068 
CLU_3208 CLU_3055 5603 
CLU_3208 CLU_3060 6141 
CLU_3208 CLU_3084 8434 
CLU_3208 CLU_3086 14960 
CLU_3208 CLU_3087 15621 
CLU_3208 CLU_3098 15303 
CLU_3208 CLU_3108 11804 
CLU_3208 CLU_3121 2258 
CLU_3208 CLU_3128 4848 
CLU_3208 CLU_3141 5219 
CLU_3208 CLU_3143 4087 
CLU_3208 CLU_3160 4322 
CLU_3208 CLU_3166 3511 
CLU_3208 CLU_3176 3476 
CLU_3208 CLU_3200 1164 
CLU_3208 CLU_3214 1428 
CLU_3208 CLU_7923 8483 
CLU_3209 3118602190990 1778 
CLU_3209 3118602191229 1621 
CLU_3209 3118602190591 2469 
CLU_3209 3118602190567 4483 
CLU_3209 3118602190532 5438 
CLU_3209 3118602190494 6052 
CLU_3209 3118602190869 5221 
CLU_3209 3118602190605 5949 
CLU_3209 3118602190109 5304 
CLU_3209 3118607116306 8012 
CLU_3209 3118602190931 7688 
CLU_3209 3118602190923 8867 
CLU_3209 3118602190893 10270 
CLU_3209 3118602190486 7998 
CLU_3209 3118602190915 10326 
CLU_3209 3118602190222 9181 
CLU_3209 3118604696077 5486 
CLU_3209 3118602191024 5770 
CLU_3209 3118602190478 6153 
CLU_3209 3118602190389 6751 
CLU_3209 3118607110316 8155 
CLU_3209 3118602220261 5048 
CLU_3209 3118602190397 6842 
CLU_3209 3118602190176 5537 
CLU_3209 3118602191059 4526 
CLU_3209 3118602191040 4597 
CLU_3209 3118602190451 8331 
CLU_3209 3118602190206 8790 
CLU_3209 3118602190966 10209 
CLU_3209 3118602190400 8078 
CLU_3209 3118602190877 8790 
CLU_3209 3118602190826 14231 
CLU_3209 3118602190729 17051 
CLU_3209 3118602190656 17051 
CLU_3209 3118602190834 16789 
CLU_3209 3118602190710 16840 
CLU_3209 3118602190796 17068 
CLU_3209 3118602190648 17380 
CLU_3209 3118602190818 13764 
CLU_3209 3118602190885 8683 
CLU_3209 3118607053355 9889 
CLU_3209 3118602190192 4448 
CLU_3209 3118602190214 3934 
CLU_3209 3118602190680 4559 
CLU_3209 3118602190753 4119 
CLU_3209 3118602190141 5396 
CLU_3209 3118602220245 1838 
CLU_3209 3118602190788 1778 
CLU_3209 CLU_2943 2952 
CLU_3209 CLU_2961 5094 
CLU_3209 CLU_2970 6182 
CLU_3209 CLU_2971 6266 
CLU_3209 CLU_3051 5770 
CLU_3209 CLU_3055 6362 
CLU_3209 CLU_3060 6898 
CLU_3209 CLU_3084 9110 
CLU_3209 CLU_3086 15718 
CLU_3209 CLU_3087 16377 
CLU_3209 CLU_3098 16052 
CLU_3209 CLU_3108 12480 
CLU_3209 CLU_3121 1571 
CLU_3209 CLU_3128 4190 
CLU_3209 CLU_3141 4856 
CLU_3209 CLU_3143 3766 
CLU_3209 CLU_3160 4088 
CLU_3209 CLU_3166 3658 
CLU_3209 CLU_3176 3413 
CLU_3209 CLU_3200 971 
CLU_3209 CLU_3214 1046 
CLU_3209 CLU_7923 9168 
CLU_3210 3118602190990 1425 
CLU_3210 3118602191229 1156 
CLU_3210 3118602190591 1964 
CLU_3210 3118602190567 3947 
CLU_3210 3118602190532 4900 
CLU_3210 3118602190494 5508 
CLU_3210 3118602190869 4735 
CLU_3210 3118602190605 5505 
CLU_3210 3118602190109 4911 
CLU_3210 3118607116306 7475 
CLU_3210 3118602190931 7152 
CLU_3210 3118602190923 8356 
CLU_3210 3118602190893 9740 
CLU_3210 3118602190486 7499 
CLU_3210 3118602190915 9808 
CLU_3210 3118602190222 8650 
CLU_3210 3118604696077 5419 
CLU_3210 3118602191024 5834 
CLU_3210 3118602190478 6250 
CLU_3210 3118602190389 6841 
CLU_3210 3118607110316 8125 
CLU_3210 3118602220261 5039 
CLU_3210 3118602190397 6861 
CLU_3210 3118602190176 5356 
CLU_3210 3118602191059 4524 
CLU_3210 3118602191040 4793 
CLU_3210 3118602190451 8493 
CLU_3210 3118602190206 8939 
CLU_3210 3118602190966 10326 
CLU_3210 3118602190400 8194 
CLU_3210 3118602190877 8939 
CLU_3210 3118602190826 14076 
CLU_3210 3118602190729 16830 
CLU_3210 3118602190656 16830 
CLU_3210 3118602190834 16581 
CLU_3210 3118602190710 16576 
CLU_3210 3118602190796 16822 
CLU_3210 3118602190648 17145 
CLU_3210 3118602190818 13592 
CLU_3210 3118602190885 8394 
CLU_3210 3118607053355 9964 
CLU_3210 3118602190192 4944 
CLU_3210 3118602190214 4459 
CLU_3210 3118602190680 5102 
CLU_3210 3118602190753 4483 
CLU_3210 3118602190141 5916 
CLU_3210 3118602220245 2341 
CLU_3210 3118602190788 1425 
CLU_3210 CLU_2943 2418 
CLU_3210 CLU_2961 4575 
CLU_3210 CLU_2970 5654 
CLU_3210 CLU_2971 5728 
CLU_3210 CLU_3051 5834 
CLU_3210 CLU_3055 6221 
CLU_3210 CLU_3060 6721 
CLU_3210 CLU_3084 9212 
CLU_3210 CLU_3086 15536 
CLU_3210 CLU_3087 16181 
CLU_3210 CLU_3098 15818 
CLU_3210 CLU_3108 12113 
CLU_3210 CLU_3121 2005 
CLU_3210 CLU_3128 4617 
CLU_3210 CLU_3141 5395 
CLU_3210 CLU_3143 4309 
CLU_3210 CLU_3160 4631 
CLU_3210 CLU_3166 4121 
CLU_3210 CLU_3176 3933 
CLU_3210 CLU_3200 1487 
CLU_3210 CLU_3214 638 
CLU_3210 CLU_7923 8817 
CLU_3211 3118602190990 1078 
CLU_3211 3118602191229 914 
CLU_3211 3118602190591 1780 
CLU_3211 3118602190567 3836 
CLU_3211 3118602190532 4795 
CLU_3211 3118602190494 5464 
CLU_3211 3118602190869 4512 
CLU_3211 3118602190605 5233 
CLU_3211 3118602190109 4597 
CLU_3211 3118607116306 7361 
CLU_3211 3118602190931 7033 
CLU_3211 3118602190923 8170 
CLU_3211 3118602190893 9597 
CLU_3211 3118602190486 7293 
CLU_3211 3118602190915 9637 
CLU_3211 3118602190222 8511 
CLU_3211 3118604696077 5029 
CLU_3211 3118602191024 5463 
CLU_3211 3118602190478 5887 
CLU_3211 3118602190389 6476 
CLU_3211 3118607110316 7737 
CLU_3211 3118602220261 4655 
CLU_3211 3118602190397 6480 
CLU_3211 3118602190176 4968 
CLU_3211 3118602191059 4141 
CLU_3211 3118602191040 4469 
CLU_3211 3118602190451 8149 
CLU_3211 3118602190206 8589 
CLU_3211 3118602190966 9965 
CLU_3211 3118602190400 7834 
CLU_3211 3118602190877 8589 
CLU_3211 3118602190826 13687 
CLU_3211 3118602190729 16451 
CLU_3211 3118602190656 16451 
CLU_3211 3118602190834 16200 
CLU_3211 3118602190710 16207 
CLU_3211 3118602190796 16449 
CLU_3211 3118602190648 16769 
CLU_3211 3118602190818 13204 
CLU_3211 3118602190885 8032 
CLU_3211 3118607053355 9593 
CLU_3211 3118602190192 5160 
CLU_3211 3118602190214 4625 
CLU_3211 3118602190680 5148 
CLU_3211 3118602190753 4260 
CLU_3211 3118602190141 5878 
CLU_3211 3118602220245 2299 
CLU_3211 3118602190788 1078 
CLU_3211 CLU_2943 2310 
CLU_3211 CLU_2961 4409 
CLU_3211 CLU_2970 5512 
CLU_3211 CLU_2971 5619 
CLU_3211 CLU_3051 5463 
CLU_3211 CLU_3055 5831 
CLU_3211 CLU_3060 6334 
CLU_3211 CLU_3084 8848 
CLU_3211 CLU_3086 15150 
CLU_3211 CLU_3087 15797 
CLU_3211 CLU_3098 15442 
CLU_3211 CLU_3108 11785 
CLU_3211 CLU_3121 2280 
CLU_3211 CLU_3128 4901 
CLU_3211 CLU_3141 5515 
CLU_3211 CLU_3143 4403 
CLU_3211 CLU_3160 4683 
CLU_3211 CLU_3166 3997 
CLU_3211 CLU_3176 3903 
CLU_3211 CLU_3200 1496 
CLU_3211 CLU_3214 962 
CLU_3211 CLU_7923 8480 
CLU_3212 3118602190990 958 
CLU_3212 3118602191229 447 
CLU_3212 3118602190591 815 
CLU_3212 3118602190567 2770 
CLU_3212 3118602190532 3726 
CLU_3212 3118602190494 4380 
CLU_3212 3118602190869 3587 
CLU_3212 3118602190605 4423 
CLU_3212 3118602190109 3934 
CLU_3212 3118607116306 6298 
CLU_3212 3118602190931 5974 
CLU_3212 3118602190923 7178 
CLU_3212 3118602190893 8557 
CLU_3212 3118602190486 6331 
CLU_3212 3118602190915 8625 
CLU_3212 3118602190222 7467 
CLU_3212 3118604696077 5139 
CLU_3212 3118602191024 5827 
CLU_3212 3118602190478 6302 
CLU_3212 3118602190389 6866 
CLU_3212 3118607110316 7865 
CLU_3212 3118602220261 4902 
CLU_3212 3118602190397 6730 
CLU_3212 3118602190176 4826 
CLU_3212 3118602191059 4424 
CLU_3212 3118602191040 5107 
CLU_3212 3118602190451 8647 
CLU_3212 3118602190206 9057 
CLU_3212 3118602190966 10359 
CLU_3212 3118602190400 8249 
CLU_3212 3118602190877 9057 
CLU_3212 3118602190826 13503 
CLU_3212 3118602190729 16116 
CLU_3212 3118602190656 16116 
CLU_3212 3118602190834 15894 
CLU_3212 3118602190710 15779 
CLU_3212 3118602190796 16059 
CLU_3212 3118602190648 16404 
CLU_3212 3118602190818 12985 
CLU_3212 3118602190885 7584 
CLU_3212 3118607053355 9908 
CLU_3212 3118602190192 6120 
CLU_3212 3118602190214 5643 
CLU_3212 3118602190680 6230 
CLU_3212 3118602190753 5161 
CLU_3212 3118602190141 6951 
CLU_3212 3118602220245 3378 
CLU_3212 3118602190788 958 
CLU_3212 CLU_2943 1239 
CLU_3212 CLU_2961 3394 
CLU_3212 CLU_2970 4470 
CLU_3212 CLU_2971 4553 
CLU_3212 CLU_3051 5827 
CLU_3212 CLU_3055 5757 
CLU_3212 CLU_3060 6169 
CLU_3212 CLU_3084 9223 
CLU_3212 CLU_3086 14902 
CLU_3212 CLU_3087 15516 
CLU_3212 CLU_3098 15083 
CLU_3212 CLU_3108 11138 
CLU_3212 CLU_3121 3159 
CLU_3212 CLU_3128 5740 
CLU_3212 CLU_3141 6569 
CLU_3212 CLU_3143 5470 
CLU_3212 CLU_3160 5763 
CLU_3212 CLU_3166 5025 
CLU_3212 CLU_3176 4981 
CLU_3212 CLU_3200 2578 
CLU_3212 CLU_3214 1151 
CLU_3212 CLU_7923 7885 
CLU_3213 3118602190990 1081 
CLU_3213 3118602191229 674 
CLU_3213 3118602190591 1413 
CLU_3213 3118602190567 3387 
CLU_3213 3118602190532 4341 
CLU_3213 3118602190494 4967 
CLU_3213 3118602190869 4189 
CLU_3213 3118602190605 4989 
CLU_3213 3118602190109 4439 
CLU_3213 3118607116306 6915 
CLU_3213 3118602190931 6591 
CLU_3213 3118602190923 7798 
CLU_3213 3118602190893 9178 
CLU_3213 3118602190486 6945 
CLU_3213 3118602190915 9247 
CLU_3213 3118602190222 8088 
CLU_3213 3118604696077 5263 
CLU_3213 3118602191024 5809 
CLU_3213 3118602190478 6256 
CLU_3213 3118602190389 6836 
CLU_3213 3118607110316 7989 
CLU_3213 3118602220261 4948 
CLU_3213 3118602190397 6782 
CLU_3213 3118602190176 5084 
CLU_3213 3118602191059 4446 
CLU_3213 3118602191040 4917 
CLU_3213 3118602190451 8555 
CLU_3213 3118602190206 8984 
CLU_3213 3118602190966 10333 
CLU_3213 3118602190400 8207 
CLU_3213 3118602190877 8984 
CLU_3213 3118602190826 13802 
CLU_3213 3118602190729 16491 
CLU_3213 3118602190656 16491 
CLU_3213 3118602190834 16255 
CLU_3213 3118602190710 16198 
CLU_3213 3118602190796 16460 
CLU_3213 3118602190648 16794 
CLU_3213 3118602190818 13301 
CLU_3213 3118602190885 8004 
CLU_3213 3118607053355 9928 
CLU_3213 3118602190192 5501 
CLU_3213 3118602190214 5022 
CLU_3213 3118602190680 5637 
CLU_3213 3118602190753 4787 
CLU_3213 3118602190141 6405 
CLU_3213 3118602220245 2823 
CLU_3213 3118602190788 1081 
CLU_3213 CLU_2943 1856 
CLU_3213 CLU_2961 4015 
CLU_3213 CLU_2970 5092 
CLU_3213 CLU_2971 5169 
CLU_3213 CLU_3051 5809 
CLU_3213 CLU_3055 5984 
CLU_3213 CLU_3060 6445 
CLU_3213 CLU_3084 9207 
CLU_3213 CLU_3086 15234 
CLU_3213 CLU_3087 15865 
CLU_3213 CLU_3098 15469 
CLU_3213 CLU_3108 11650 
CLU_3213 CLU_3121 2547 
CLU_3213 CLU_3128 5144 
CLU_3213 CLU_3141 5953 
CLU_3213 CLU_3143 4861 
CLU_3213 CLU_3160 5168 
CLU_3213 CLU_3166 4540 
CLU_3213 CLU_3176 4426 
CLU_3213 CLU_3200 1995 
CLU_3213 CLU_3214 695 
CLU_3213 CLU_7923 8372 
CLU_3214 3118602190990 1776 
CLU_3214 3118602191229 1353 
CLU_3214 3118602190591 1960 
CLU_3214 3118602190567 3737 
CLU_3214 3118602190532 4664 
CLU_3214 3118602190494 5173 
CLU_3214 3118602190869 4708 
CLU_3214 3118602190605 5571 
CLU_3214 3118602190109 5078 
CLU_3214 3118607116306 7233 
CLU_3214 3118602190931 6920 
CLU_3214 3118602190923 8232 
CLU_3214 3118602190893 9536 
CLU_3214 3118602190486 7415 
CLU_3214 3118602190915 9650 
CLU_3214 3118602190222 8444 
CLU_3214 3118604696077 5932 
CLU_3214 3118602191024 6419 
CLU_3214 3118602190478 6848 
CLU_3214 3118602190389 7435 
CLU_3214 3118607110316 8653 
CLU_3214 3118602220261 5590 
CLU_3214 3118602190397 7421 
CLU_3214 3118602190176 5778 
CLU_3214 3118602191059 5082 
CLU_3214 3118602191040 5423 
CLU_3214 3118602190451 9111 
CLU_3214 3118602190206 9552 
CLU_3214 3118602190966 10926 
CLU_3214 3118602190400 8796 
CLU_3214 3118602190877 9552 
CLU_3214 3118602190826 14497 
CLU_3214 3118602190729 17183 
CLU_3214 3118602190656 17183 
CLU_3214 3118602190834 16948 
CLU_3214 3118602190710 16880 
CLU_3214 3118602190796 17147 
CLU_3214 3118602190648 17483 
CLU_3214 3118602190818 13997 
CLU_3214 3118602190885 8685 
CLU_3214 3118607053355 10547 
CLU_3214 3118602190192 5109 
CLU_3214 3118602190214 4718 
CLU_3214 3118602190680 5520 
CLU_3214 3118602190753 5112 
CLU_3214 3118602190141 6422 
CLU_3214 3118602220245 2881 
CLU_3214 3118602190788 1776 
CLU_3214 CLU_2943 2253 
CLU_3214 CLU_2961 4447 
CLU_3214 CLU_2970 5471 
CLU_3214 CLU_2971 5490 
CLU_3214 CLU_3051 6419 
CLU_3214 CLU_3055 6674 
CLU_3214 CLU_3060 7140 
CLU_3214 CLU_3084 9808 
CLU_3214 CLU_3086 15929 
CLU_3214 CLU_3087 16559 
CLU_3214 CLU_3098 16158 
CLU_3214 CLU_3108 12287 
CLU_3214 CLU_3121 2127 
CLU_3214 CLU_3128 4639 
CLU_3214 CLU_3141 5715 
CLU_3214 CLU_3143 4676 
CLU_3214 CLU_3160 5046 
CLU_3214 CLU_3166 4703 
CLU_3214 CLU_3176 4442 
CLU_3214 CLU_3200 2014 
CLU_3214 CLU_3214 0 
CLU_3214 CLU_7923 9024 
CLU_3215 3118602190990 1697 
CLU_3215 3118602191229 1357 
CLU_3215 3118602190591 2089 
CLU_3215 3118602190567 3981 
CLU_3215 3118602190532 4921 
CLU_3215 3118602190494 5474 
CLU_3215 3118602190869 4863 
CLU_3215 3118602190605 5679 
CLU_3215 3118602190109 5127 
CLU_3215 3118607116306 7497 
CLU_3215 3118602190931 7179 
CLU_3215 3118602190923 8442 
CLU_3215 3118602190893 9784 
CLU_3215 3118602190486 7604 
CLU_3215 3118602190915 9877 
CLU_3215 3118602190222 8693 
CLU_3215 3118604696077 5749 
CLU_3215 3118602191024 6170 
CLU_3215 3118602190478 6585 
CLU_3215 3118602190389 7177 
CLU_3215 3118607110316 8458 
CLU_3215 3118602220261 5374 
CLU_3215 3118602190397 7197 
CLU_3215 3118602190176 5664 
CLU_3215 3118602191059 4860 
CLU_3215 3118602191040 5116 
CLU_3215 3118602190451 8823 
CLU_3215 3118602190206 9270 
CLU_3215 3118602190966 10660 
CLU_3215 3118602190400 8528 
CLU_3215 3118602190877 9270 
CLU_3215 3118602190826 14387 
CLU_3215 3118602190729 17121 
CLU_3215 3118602190656 17121 
CLU_3215 3118602190834 16877 
CLU_3215 3118602190710 16851 
CLU_3215 3118602190796 17104 
CLU_3215 3118602190648 17432 
CLU_3215 3118602190818 13898 
CLU_3215 3118602190885 8662 
CLU_3215 3118607053355 10300 
CLU_3215 3118602190192 4865 
CLU_3215 3118602190214 4433 
CLU_3215 3118602190680 5178 
CLU_3215 3118602190753 4755 
CLU_3215 3118602190141 6058 
CLU_3215 3118602220245 2511 
CLU_3215 3118602190788 1697 
CLU_3215 CLU_2943 2468 
CLU_3215 CLU_2961 4653 
CLU_3215 CLU_2970 5706 
CLU_3215 CLU_2971 5750 
CLU_3215 CLU_3051 6170 
CLU_3215 CLU_3055 6538 
CLU_3215 CLU_3060 7030 
CLU_3215 CLU_3084 9547 
CLU_3215 CLU_3086 15839 
CLU_3215 CLU_3087 16479 
CLU_3215 CLU_3098 16105 
CLU_3215 CLU_3108 12337 
CLU_3215 CLU_3121 1889 
CLU_3215 CLU_3128 4464 
CLU_3215 CLU_3141 5407 
CLU_3215 CLU_3143 4350 
CLU_3215 CLU_3160 4705 
CLU_3215 CLU_3166 4332 
CLU_3215 CLU_3176 4077 
CLU_3215 CLU_3200 1644 
CLU_3215 CLU_3214 371 
CLU_3215 CLU_7923 9054 
CLU_3216 3118602190990 2172 
CLU_3216 3118602191229 1869 
CLU_3216 3118602190591 2610 
CLU_3216 3118602190567 4470 
CLU_3216 3118602190532 5402 
CLU_3216 3118602190494 5916 
CLU_3216 3118602190869 5383 
CLU_3216 3118602190605 6200 
CLU_3216 3118602190109 5639 
CLU_3216 3118607116306 7974 
CLU_3216 3118602190931 7659 
CLU_3216 3118602190923 8949 
CLU_3216 3118602190893 10273 
CLU_3216 3118602190486 8118 
CLU_3216 3118602190915 10377 
CLU_3216 3118602190222 9181 
CLU_3216 3118604696077 6101 
CLU_3216 3118602191024 6429 
CLU_3216 3118602190478 6818 
CLU_3216 3118602190389 7415 
CLU_3216 3118607110316 8788 
CLU_3216 3118602220261 5686 
CLU_3216 3118602190397 7491 
CLU_3216 3118602190176 6086 
CLU_3216 3118602191059 5165 
CLU_3216 3118602191040 5265 
CLU_3216 3118602190451 9000 
CLU_3216 3118602190206 9459 
CLU_3216 3118602190966 10876 
CLU_3216 3118602190400 8745 
CLU_3216 3118602190877 9459 
CLU_3216 3118602190826 14801 
CLU_3216 3118602190729 17572 
CLU_3216 3118602190656 17572 
CLU_3216 3118602190834 17321 
CLU_3216 3118602190710 17323 
CLU_3216 3118602190796 17568 
CLU_3216 3118602190648 17890 
CLU_3216 3118602190818 14322 
CLU_3216 3118602190885 9142 
CLU_3216 3118607053355 10552 
CLU_3216 3118602190192 4371 
CLU_3216 3118602190214 3976 
CLU_3216 3118602190680 4821 
CLU_3216 3118602190753 4736 
CLU_3216 3118602190141 5783 
CLU_3216 3118602220245 2325 
CLU_3216 3118602190788 2172 
CLU_3216 CLU_2943 2970 
CLU_3216 CLU_2961 5161 
CLU_3216 CLU_2970 6201 
CLU_3216 CLU_2971 6229 
CLU_3216 CLU_3051 6429 
CLU_3216 CLU_3055 6938 
CLU_3216 CLU_3060 7451 
CLU_3216 CLU_3084 9776 
CLU_3216 CLU_3086 16269 
CLU_3216 CLU_3087 16918 
CLU_3216 CLU_3098 16563 
CLU_3216 CLU_3108 12847 
CLU_3216 CLU_3121 1389 
CLU_3216 CLU_3128 3944 
CLU_3216 CLU_3141 4980 
CLU_3216 CLU_3143 3956 
CLU_3216 CLU_3160 4348 
CLU_3216 CLU_3166 4184 
CLU_3216 CLU_3176 3820 
CLU_3216 CLU_3200 1480 
CLU_3216 CLU_3214 743 
CLU_3216 CLU_7923 9557 
CLU_3217 3118602190990 2030 
CLU_3217 3118602191229 1800 
CLU_3217 3118602190591 2605 
CLU_3217 3118602190567 4552 
CLU_3217 3118602190532 5497 
CLU_3217 3118602190494 6060 
CLU_3217 3118602190869 5379 
CLU_3217 3118602190605 6150 
CLU_3217 3118602190109 5542 
CLU_3217 3118607116306 8073 
CLU_3217 3118602190931 7754 
CLU_3217 3118602190923 8990 
CLU_3217 3118602190893 10353 
CLU_3217 3118602190486 8138 
CLU_3217 3118602190915 10434 
CLU_3217 3118602190222 9262 
CLU_3217 3118604696077 5831 
CLU_3217 3118602191024 6119 
CLU_3217 3118602190478 6500 
CLU_3217 3118602190389 7098 
CLU_3217 3118607110316 8503 
CLU_3217 3118602220261 5397 
CLU_3217 3118602190397 7192 
CLU_3217 3118602190176 5862 
CLU_3217 3118602191059 4875 
CLU_3217 3118602191040 4930 
CLU_3217 3118602190451 8668 
CLU_3217 3118602190206 9129 
CLU_3217 3118602190966 10552 
CLU_3217 3118602190400 8422 
CLU_3217 3118602190877 9129 
CLU_3217 3118602190826 14564 
CLU_3217 3118602190729 17368 
CLU_3217 3118602190656 17368 
CLU_3217 3118602190834 17110 
CLU_3217 3118602190710 17144 
CLU_3217 3118602190796 17378 
CLU_3217 3118602190648 17693 
CLU_3217 3118602190818 14093 
CLU_3217 3118602190885 8976 
CLU_3217 3118607053355 10237 
CLU_3217 3118602190192 4309 
CLU_3217 3118602190214 3853 
CLU_3217 3118602190680 4601 
CLU_3217 3118602190753 4396 
CLU_3217 3118602190141 5514 
CLU_3217 3118602220245 2013 
CLU_3217 3118602190788 2030 
CLU_3217 CLU_2943 3030 
CLU_3217 CLU_2961 5204 
CLU_3217 CLU_2970 6271 
CLU_3217 CLU_2971 6326 
CLU_3217 CLU_3051 6119 
CLU_3217 CLU_3055 6696 
CLU_3217 CLU_3060 7225 
CLU_3217 CLU_3084 9456 
CLU_3217 CLU_3086 16046 
CLU_3217 CLU_3087 16701 
CLU_3217 CLU_3098 16365 
CLU_3217 CLU_3108 12736 
CLU_3217 CLU_3121 1359 
CLU_3217 CLU_3128 3972 
CLU_3217 CLU_3141 4821 
CLU_3217 CLU_3143 3765 
CLU_3217 CLU_3160 4127 
CLU_3217 CLU_3166 3865 
CLU_3217 CLU_3176 3540 
CLU_3217 CLU_3200 1155 
CLU_3217 CLU_3214 920 
CLU_3217 CLU_7923 9432 
CLU_3711 3118602190990 14485 
CLU_3711 3118602191229 14922 
CLU_3711 3118602190591 14612 
CLU_3711 3118602190567 14420 
CLU_3711 3118602190532 14347 
CLU_3711 3118602190494 15153 
CLU_3711 3118602190869 12911 
CLU_3711 3118602190605 11818 
CLU_3711 3118602190109 11671 
CLU_3711 3118607116306 14092 
CLU_3711 3118602190931 13995 
CLU_3711 3118602190923 12507 
CLU_3711 3118602190893 13617 
CLU_3711 3118602190486 12202 
CLU_3711 3118602190915 12884 
CLU_3711 3118602190222 13603 
CLU_3711 3118604696077 10656 
CLU_3711 3118602191024 10982 
CLU_3711 3118602190478 10924 
CLU_3711 3118602190389 10449 
CLU_3711 3118607110316 8377 
CLU_3711 3118602220261 11243 
CLU_3711 3118602190397 9825 
CLU_3711 3118602190176 10501 
CLU_3711 3118602191059 11738 
CLU_3711 3118602191040 12692 
CLU_3711 3118602190451 10372 
CLU_3711 3118602190206 9976 
CLU_3711 3118602190966 8877 
CLU_3711 3118602190400 9877 
CLU_3711 3118602190877 9976 
CLU_3711 3118602190826 1862 
CLU_3711 3118602190729 1849 
CLU_3711 3118602190656 1849 
CLU_3711 3118602190834 1344 
CLU_3711 3118602190710 3098 
CLU_3711 3118602190796 2607 
CLU_3711 3118602190648 2425 
CLU_3711 3118602190818 2265 
CLU_3711 3118602190885 7906 
CLU_3711 3118607053355 8319 
CLU_3711 3118602190192 19431 
CLU_3711 3118602190214 18587 
CLU_3711 3118602190680 17759 
CLU_3711 3118602190753 14321 
CLU_3711 3118602190141 17056 
CLU_3711 3118602220245 15944 
CLU_3711 3118602190788 14485 
CLU_3711 CLU_2943 14818 
CLU_3711 CLU_2961 13660 
CLU_3711 CLU_2970 13723 
CLU_3711 CLU_2971 14216 
CLU_3711 CLU_3051 10982 
CLU_3711 CLU_3055 9673 
CLU_3711 CLU_3060 9136 
CLU_3711 CLU_3084 9129 
CLU_3711 CLU_3086 433 
CLU_3711 CLU_3087 829 
CLU_3711 CLU_3098 1918 
CLU_3711 CLU_3108 6842 
CLU_3711 CLU_3121 17433 
CLU_3711 CLU_3128 19772 
CLU_3711 CLU_3141 18759 
CLU_3711 CLU_3143 17810 
CLU_3711 CLU_3160 17570 
CLU_3711 CLU_3166 15523 
CLU_3711 CLU_3176 16446 
CLU_3711 CLU_3200 15994 
CLU_3711 CLU_3214 16259 
CLU_3711 CLU_7923 8272 
CLU_3731 3118602190990 15735 
CLU_3731 3118602191229 16130 
CLU_3731 3118602190591 15709 
CLU_3731 3118602190567 15210 
CLU_3731 3118602190532 14988 
CLU_3731 3118602190494 15683 
CLU_3731 3118602190869 13685 
CLU_3731 3118602190605 12578 
CLU_3731 3118602190109 12619 
CLU_3731 3118607116306 14313 
CLU_3731 3118602190931 14272 
CLU_3731 3118602190923 12611 
CLU_3731 3118602190893 13446 
CLU_3731 3118602190486 12492 
CLU_3731 3118602190915 12702 
CLU_3731 3118602190222 13626 
CLU_3731 3118604696077 12215 
CLU_3731 3118602191024 12744 
CLU_3731 3118602190478 12760 
CLU_3731 3118602190389 12339 
CLU_3731 3118607110316 10220 
CLU_3731 3118602220261 12854 
CLU_3731 3118602190397 11628 
CLU_3731 3118602190176 11864 
CLU_3731 3118602191059 13318 
CLU_3731 3118602191040 14456 
CLU_3731 3118602190451 12490 
CLU_3731 3118602190206 12128 
CLU_3731 3118602190966 11135 
CLU_3731 3118602190400 11931 
CLU_3731 3118602190877 12128 
CLU_3731 3118602190826 3960 
CLU_3731 3118602190729 576 
CLU_3731 3118602190656 576 
CLU_3731 3118602190834 1083 
CLU_3731 3118602190710 1183 
CLU_3731 3118602190796 516 
CLU_3731 3118602190648 0 
CLU_3731 3118602190818 4052 
CLU_3731 3118602190885 8837 
CLU_3731 3118607053355 10513 
CLU_3731 3118602190192 21061 
CLU_3731 3118602190214 20239 
CLU_3731 3118602190680 19540 
CLU_3731 3118602190753 16114 
CLU_3731 3118602190141 18947 
CLU_3731 3118602220245 17508 
CLU_3731 3118602190788 15735 
CLU_3731 CLU_2943 15823 
CLU_3731 CLU_2961 14392 
CLU_3731 CLU_2970 14265 
CLU_3731 CLU_2971 14726 
CLU_3731 CLU_3051 12744 
CLU_3731 CLU_3055 11139 
CLU_3731 CLU_3060 10529 
CLU_3731 CLU_3084 11273 
CLU_3731 CLU_3086 2363 
CLU_3731 CLU_3087 1604 
CLU_3731 CLU_3098 1328 
CLU_3731 CLU_3108 6546 
CLU_3731 CLU_3121 18855 
CLU_3731 CLU_3128 21300 
CLU_3731 CLU_3141 20507 
CLU_3731 CLU_3143 19504 
CLU_3731 CLU_3160 19313 
CLU_3731 CLU_3166 17283 
CLU_3731 CLU_3176 18166 
CLU_3731 CLU_3200 17460 
CLU_3731 CLU_3214 17483 
CLU_3731 CLU_7923 8853 
CLU_3732 3118602190990 15126 
CLU_3732 3118602191229 15544 
CLU_3732 3118602190591 15181 
CLU_3732 3118602190567 14843 
CLU_3732 3118602190532 14699 
CLU_3732 3118602190494 15455 
CLU_3732 3118602190869 13321 
CLU_3732 3118602190605 12217 
CLU_3732 3118602190109 12159 
CLU_3732 3118607116306 14244 
CLU_3732 3118602190931 14173 
CLU_3732 3118602190923 12597 
CLU_3732 3118602190893 13580 
CLU_3732 3118602190486 12379 
CLU_3732 3118602190915 12839 
CLU_3732 3118602190222 13658 
CLU_3732 3118604696077 11433 
CLU_3732 3118602191024 11855 
CLU_3732 3118602190478 11832 
CLU_3732 3118602190389 11381 
CLU_3732 3118607110316 9281 
CLU_3732 3118602220261 12046 
CLU_3732 3118602190397 10715 
CLU_3732 3118602190176 11183 
CLU_3732 3118602191059 12528 
CLU_3732 3118602191040 13570 
CLU_3732 3118602190451 11408 
CLU_3732 3118602190206 11027 
CLU_3732 3118602190966 9973 
CLU_3732 3118602190400 10884 
CLU_3732 3118602190877 11027 
CLU_3732 3118602190826 2839 
CLU_3732 3118602190729 705 
CLU_3732 3118602190656 705 
CLU_3732 3118602190834 200 
CLU_3732 3118602190710 2115 
CLU_3732 3118602190796 1531 
CLU_3732 3118602190648 1280 
CLU_3732 3118602190818 3067 
CLU_3732 3118602190885 8363 
CLU_3732 3118607053355 9386 
CLU_3732 3118602190192 20256 
CLU_3732 3118602190214 19422 
CLU_3732 3118602190680 18651 
CLU_3732 3118602190753 15215 
CLU_3732 3118602190141 17998 
CLU_3732 3118602220245 16734 
CLU_3732 3118602190788 15126 
CLU_3732 CLU_2943 15344 
CLU_3732 CLU_2961 14053 
CLU_3732 CLU_2970 14026 
CLU_3732 CLU_2971 14506 
CLU_3732 CLU_3051 11855 
CLU_3732 CLU_3055 10401 
CLU_3732 CLU_3060 9826 
CLU_3732 CLU_3084 10175 
CLU_3732 CLU_3086 1171 
CLU_3732 CLU_3087 380 
CLU_3732 CLU_3098 1234 
CLU_3732 CLU_3108 6691 
CLU_3732 CLU_3121 18160 
CLU_3732 CLU_3128 20551 
CLU_3732 CLU_3141 19638 
CLU_3732 CLU_3143 18663 
CLU_3732 CLU_3160 18445 
CLU_3732 CLU_3166 16404 
CLU_3732 CLU_3176 17309 
CLU_3732 CLU_3200 16739 
CLU_3732 CLU_3214 16892 
CLU_3732 CLU_7923 8562 
CLU_4344 3118602190990 6902 
CLU_4344 3118602191229 7108 
CLU_4344 3118602190591 7955 
CLU_4344 3118602190567 10047 
CLU_4344 3118602190532 10996 
CLU_4344 3118602190494 11756 
CLU_4344 3118602190869 10304 
CLU_4344 3118602190605 10627 
CLU_4344 3118602190109 9691 
CLU_4344 3118607116306 13489 
CLU_4344 3118602190931 13153 
CLU_4344 3118602190923 13972 
CLU_4344 3118602190893 15581 
CLU_4344 3118602190486 13013 
CLU_4344 3118602190915 15486 
CLU_4344 3118602190222 14529 
CLU_4344 3118604696077 7461 
CLU_4344 3118602191024 6519 
CLU_4344 3118602190478 6417 
CLU_4344 3118602190389 6818 
CLU_4344 3118607110316 8940 
CLU_4344 3118602220261 6763 
CLU_4344 3118602190397 7559 
CLU_4344 3118602190176 8363 
CLU_4344 3118602191059 6470 
CLU_4344 3118602191040 4895 
CLU_4344 3118602190451 7089 
CLU_4344 3118602190206 7568 
CLU_4344 3118602190966 9018 
CLU_4344 3118602190400 7419 
CLU_4344 3118602190877 7568 
CLU_4344 3118602190826 15381 
CLU_4344 3118602190729 18700 
CLU_4344 3118602190656 18700 
CLU_4344 3118602190834 18316 
CLU_4344 3118602190710 18961 
CLU_4344 3118602190796 18986 
CLU_4344 3118602190648 19158 
CLU_4344 3118602190818 15135 
CLU_4344 3118602190885 11730 
CLU_4344 3118607053355 9222 
CLU_4344 3118602190192 4001 
CLU_4344 3118602190214 3362 
CLU_4344 3118602190680 1740 
CLU_4344 3118602190753 3291 
CLU_4344 3118602190141 445 
CLU_4344 3118602220245 4028 
CLU_4344 3118602190788 6902 
CLU_4344 CLU_2943 8573 
CLU_4344 CLU_2961 10451 
CLU_4344 CLU_2970 11593 
CLU_4344 CLU_2971 11795 
CLU_4344 CLU_3051 6519 
CLU_4344 CLU_3055 8622 
CLU_4344 CLU_3060 9308 
CLU_4344 CLU_3084 8324 
CLU_4344 CLU_3086 17044 
CLU_4344 CLU_3087 17813 
CLU_4344 CLU_3098 17891 
CLU_4344 CLU_3108 15908 
CLU_4344 CLU_3121 5242 
CLU_4344 CLU_3128 5090 
CLU_4344 CLU_3141 2546 
CLU_4344 CLU_3143 2668 
CLU_4344 CLU_3160 2104 
CLU_4344 CLU_3166 2546 
CLU_4344 CLU_3176 2429 
CLU_4344 CLU_3200 4875 
CLU_4344 CLU_3214 6866 
CLU_4344 CLU_7923 12704 
CLU_7797 3118602190990 11288 
CLU_7797 3118602191229 11570 
CLU_7797 3118602190591 10952 
CLU_7797 3118602190567 9952 
CLU_7797 3118602190532 9532 
CLU_7797 3118602190494 10073 
CLU_7797 3118602190869 8483 
CLU_7797 3118602190605 7431 
CLU_7797 3118602190109 7805 
CLU_7797 3118607116306 8462 
CLU_7797 3118602190931 8463 
CLU_7797 3118602190923 6716 
CLU_7797 3118602190893 7462 
CLU_7797 3118602190486 6739 
CLU_7797 3118602190915 6718 
CLU_7797 3118602190222 7679 
CLU_7797 3118604696077 8908 
CLU_7797 3118602191024 9976 
CLU_7797 3118602190478 10239 
CLU_7797 3118602190389 10069 
CLU_7797 3118607110316 8191 
CLU_7797 3118602220261 9605 
CLU_7797 3118602190397 9177 
CLU_7797 3118602190176 8077 
CLU_7797 3118602191059 9921 
CLU_7797 3118602191040 11485 
CLU_7797 3118602190451 11121 
CLU_7797 3118602190206 10975 
CLU_7797 3118602190966 10704 
CLU_7797 3118602190400 10367 
CLU_7797 3118602190877 10975 
CLU_7797 3118602190826 5914 
CLU_7797 3118602190729 6019 
CLU_7797 3118602190656 6019 
CLU_7797 3118602190834 6115 
CLU_7797 3118602190710 4934 
CLU_7797 3118602190796 5488 
CLU_7797 3118602190648 5984 
CLU_7797 3118602190818 5294 
CLU_7797 3118602190885 4648 
CLU_7797 3118607053355 9852 
CLU_7797 3118602190192 17256 
CLU_7797 3118602190214 16529 
CLU_7797 3118602190680 16247 
CLU_7797 3118602190753 13084 
CLU_7797 3118602190141 16051 
CLU_7797 3118602220245 13701 
CLU_7797 3118602190788 11288 
CLU_7797 CLU_2943 10889 
CLU_7797 CLU_2961 9088 
CLU_7797 CLU_2970 8714 
CLU_7797 CLU_2971 9123 
CLU_7797 CLU_3051 9976 
CLU_7797 CLU_3055 7750 
CLU_7797 CLU_3060 7065 
CLU_7797 CLU_3084 10224 
CLU_7797 CLU_3086 5996 
CLU_7797 CLU_3087 6077 
CLU_7797 CLU_3098 4990 
CLU_7797 CLU_3108 632 
CLU_7797 CLU_3121 14623 
CLU_7797 CLU_3128 17223 
CLU_7797 CLU_3141 17065 
CLU_7797 CLU_3143 15949 
CLU_7797 CLU_3160 15914 
CLU_7797 CLU_3166 14055 
CLU_7797 CLU_3176 14763 
CLU_7797 CLU_3200 13404 
CLU_7797 CLU_3214 12883 
CLU_7797 CLU_7923 3892 
CLU_7876 3118602190990 9858 
CLU_7876 3118602191229 9763 
CLU_7876 3118602190591 8886 
CLU_7876 3118602190567 6832 
CLU_7876 3118602190532 5884 
CLU_7876 3118602190494 5470 
CLU_7876 3118602190869 6415 
CLU_7876 3118602190605 6327 
CLU_7876 3118602190109 7337 
CLU_7876 3118607116306 3308 
CLU_7876 3118602190931 3628 
CLU_7876 3118602190923 2955 
CLU_7876 3118602190893 1182 
CLU_7876 3118602190486 3915 
CLU_7876 3118602190915 1657 
CLU_7876 3118602190222 2179 
CLU_7876 3118604696077 10747 
CLU_7876 3118602191024 12146 
CLU_7876 3118602190478 12652 
CLU_7876 3118602190389 12883 
CLU_7876 3118607110316 12089 
CLU_7876 3118602220261 11205 
CLU_7876 3118602190397 12116 
CLU_7876 3118602190176 9575 
CLU_7876 3118602191059 11138 
CLU_7876 3118602191040 12784 
CLU_7876 3118602190451 14672 
CLU_7876 3118602190206 14808 
CLU_7876 3118602190966 15345 
CLU_7876 3118602190400 13933 
CLU_7876 3118602190877 14808 
CLU_7876 3118602190826 13441 
CLU_7876 3118602190729 14065 
CLU_7876 3118602190656 14065 
CLU_7876 3118602190834 14158 
CLU_7876 3118602190710 12904 
CLU_7876 3118602190796 13499 
CLU_7876 3118602190648 14005 
CLU_7876 3118602190818 12769 
CLU_7876 3118602190885 8208 
CLU_7876 3118607053355 14523 
CLU_7876 3118602190192 15648 
CLU_7876 3118602190214 15235 
CLU_7876 3118602190680 15769 
CLU_7876 3118602190753 13792 
CLU_7876 3118602190141 16279 
CLU_7876 3118602220245 12855 
CLU_7876 3118602190788 9858 
CLU_7876 CLU_2943 8362 
CLU_7876 CLU_2961 6281 
CLU_7876 CLU_2970 5151 
CLU_7876 CLU_2971 5055 
CLU_7876 CLU_3051 12146 
CLU_7876 CLU_3055 10094 
CLU_7876 CLU_3060 9725 
CLU_7876 CLU_3084 14396 
CLU_7876 CLU_3086 13915 
CLU_7876 CLU_3087 14089 
CLU_7876 CLU_3098 13035 
CLU_7876 CLU_3108 7542 
CLU_7876 CLU_3121 12669 
CLU_7876 CLU_3128 15077 
CLU_7876 CLU_3141 16169 
CLU_7876 CLU_3143 15060 
CLU_7876 CLU_3160 15313 
CLU_7876 CLU_3166 14174 
CLU_7876 CLU_3176 14405 
CLU_7876 CLU_3200 12138 
CLU_7876 CLU_3214 10541 
CLU_7876 CLU_7923 7041 
CLU_7904 3118602190990 9107 
CLU_7904 3118602191229 9131 
CLU_7904 3118602190591 8282 
CLU_7904 3118602190567 6443 
CLU_7904 3118602190532 5612 
CLU_7904 3118602190494 5611 
CLU_7904 3118602190869 5544 
CLU_7904 3118602190605 5080 
CLU_7904 3118602190109 6037 
CLU_7904 3118607116306 3420 
CLU_7904 3118602190931 3603 
CLU_7904 3118602190923 1916 
CLU_7904 3118602190893 1660 
CLU_7904 3118602190486 2754 
CLU_7904 3118602190915 937 
CLU_7904 3118602190222 2228 
CLU_7904 3118604696077 9146 
CLU_7904 3118602191024 10543 
CLU_7904 3118602190478 11018 
CLU_7904 3118602190389 11173 
CLU_7904 3118607110316 10147 
CLU_7904 3118602220261 9686 
CLU_7904 3118602190397 10351 
CLU_7904 3118602190176 7975 
CLU_7904 3118602191059 9707 
CLU_7904 3118602191040 11412 
CLU_7904 3118602190451 12870 
CLU_7904 3118602190206 12956 
CLU_7904 3118602190966 13363 
CLU_7904 3118602190400 12108 
CLU_7904 3118602190877 12956 
CLU_7904 3118602190826 11139 
CLU_7904 3118602190729 11841 
CLU_7904 3118602190656 11841 
CLU_7904 3118602190834 11912 
CLU_7904 3118602190710 10736 
CLU_7904 3118602190796 11310 
CLU_7904 3118602190648 11809 
CLU_7904 3118602190818 10468 
CLU_7904 3118602190885 6101 
CLU_7904 3118607053355 12521 
CLU_7904 3118602190192 15190 
CLU_7904 3118602190214 14668 
CLU_7904 3118602190680 14974 
CLU_7904 3118602190753 12609 
CLU_7904 3118602190141 15299 
CLU_7904 3118602220245 12074 
CLU_7904 3118602190788 9107 
CLU_7904 CLU_2943 7885 
CLU_7904 CLU_2961 5692 
CLU_7904 CLU_2970 4725 
CLU_7904 CLU_2971 4866 
CLU_7904 CLU_3051 10543 
CLU_7904 CLU_3055 8344 
CLU_7904 CLU_3060 7887 
CLU_7904 CLU_3084 12474 
CLU_7904 CLU_3086 11630 
CLU_7904 CLU_3087 11825 
CLU_7904 CLU_3098 10796 
CLU_7904 CLU_3108 5293 
CLU_7904 CLU_3121 12229 
CLU_7904 CLU_3128 14776 
CLU_7904 CLU_3141 15506 
CLU_7904 CLU_3143 14366 
CLU_7904 CLU_3160 14541 
CLU_7904 CLU_3166 13163 
CLU_7904 CLU_3176 13536 
CLU_7904 CLU_3200 11456 
CLU_7904 CLU_3214 10139 
CLU_7904 CLU_7923 4870 
CLU_7923 3118602190990 7402 
CLU_7923 3118602191229 7698 
CLU_7923 3118602190591 7117 
CLU_7923 3118602190567 6366 
CLU_7923 3118602190532 6145 
CLU_7923 3118602190494 6896 
CLU_7923 3118602190869 4844 
CLU_7923 3118602190605 3742 
CLU_7923 3118602190109 3954 
CLU_7923 3118607116306 5910 
CLU_7923 3118602190931 5775 
CLU_7923 3118602190923 4519 
CLU_7923 3118602190893 6019 
CLU_7923 3118602190486 4011 
CLU_7923 3118602190915 5389 
CLU_7923 3118602190222 5666 
CLU_7923 3118604696077 5324 
CLU_7923 3118602191024 6570 
CLU_7923 3118602190478 6938 
CLU_7923 3118602190389 6922 
CLU_7923 3118607110316 5489 
CLU_7923 3118602220261 5999 
CLU_7923 3118602190397 6029 
CLU_7923 3118602190176 4341 
CLU_7923 3118602191059 6237 
CLU_7923 3118602191040 7894 
CLU_7923 3118602190451 8379 
CLU_7923 3118602190206 8380 
CLU_7923 3118602190966 8599 
CLU_7923 3118602190400 7599 
CLU_7923 3118602190877 8380 
CLU_7923 3118602190826 6918 
CLU_7923 3118602190729 8673 
CLU_7923 3118602190656 8673 
CLU_7923 3118602190834 8563 
CLU_7923 3118602190710 8068 
CLU_7923 3118602190796 8444 
CLU_7923 3118602190648 8853 
CLU_7923 3118602190818 6264 
CLU_7923 3118602190885 1297 
CLU_7923 3118607053355 7740 
CLU_7923 3118602190192 13375 
CLU_7923 3118602190214 12660 
CLU_7923 3118602190680 12451 
CLU_7923 3118602190753 9414 
CLU_7923 3118602190141 12359 
CLU_7923 3118602220245 9835 
CLU_7923 3118602190788 7402 
CLU_7923 CLU_2943 7115 
CLU_7923 CLU_2961 5540 
CLU_7923 CLU_2970 5466 
CLU_7923 CLU_2971 5951 
CLU_7923 CLU_3051 6570 
CLU_7923 CLU_3055 4237 
CLU_7923 CLU_3060 3604 
CLU_7923 CLU_3084 7798 
CLU_7923 CLU_3086 7864 
CLU_7923 CLU_3087 8299 
CLU_7923 CLU_3098 7588 
CLU_7923 CLU_3108 3330 
CLU_7923 CLU_3121 10732 
CLU_7923 CLU_3128 13331 
CLU_7923 CLU_3141 13232 
CLU_7923 CLU_3143 12106 
CLU_7923 CLU_3160 12098 
CLU_7923 CLU_3166 10304 
CLU_7923 CLU_3176 10959 
CLU_7923 CLU_3200 9515 
CLU_7923 CLU_3214 9024 
CLU_7923 CLU_7923 0 
CLU_7924 3118602190990 4530 
CLU_7924 3118602191229 4990 
CLU_7924 3118602190591 5544 
CLU_7924 3118602190567 7319 
CLU_7924 3118602190532 8144 
CLU_7924 3118602190494 9103 
CLU_7924 3118602190869 6985 
CLU_7924 3118602190605 6948 
CLU_7924 3118602190109 5941 
CLU_7924 3118607116306 10311 
CLU_7924 3118602190931 9980 
CLU_7924 3118602190923 10364 
CLU_7924 3118602190893 12096 
CLU_7924 3118602190486 9385 
CLU_7924 3118602190915 11855 
CLU_7924 3118602190222 11132 
CLU_7924 3118604696077 3041 
CLU_7924 3118602191024 2040 
CLU_7924 3118602190478 2032 
CLU_7924 3118602190389 2548 
CLU_7924 3118607110316 4578 
CLU_7924 3118602220261 2363 
CLU_7924 3118602190397 3142 
CLU_7924 3118602190176 4076 
CLU_7924 3118602191059 2210 
CLU_7924 3118602191040 494 
CLU_7924 3118602190451 3659 
CLU_7924 3118602190206 4149 
CLU_7924 3118602190966 5643 
CLU_7924 3118602190400 3594 
CLU_7924 3118602190877 4149 
CLU_7924 3118602190826 11092 
CLU_7924 3118602190729 14331 
CLU_7924 3118602190656 14331 
CLU_7924 3118602190834 13969 
CLU_7924 3118602190710 14516 
CLU_7924 3118602190796 14570 
CLU_7924 3118602190648 14767 
CLU_7924 3118602190818 10788 
CLU_7924 3118602190885 7308 
CLU_7924 3118607053355 5512 
CLU_7924 3118602190192 6638 
CLU_7924 3118602190214 5772 
CLU_7924 3118602190680 4804 
CLU_7924 3118602190753 1368 
CLU_7924 3118602190141 4220 
CLU_7924 3118602220245 3600 
CLU_7924 3118602190788 4530 
CLU_7924 CLU_2943 6195 
CLU_7924 CLU_2961 7395 
CLU_7924 CLU_2970 8474 
CLU_7924 CLU_2971 8818 
CLU_7924 CLU_3051 2040 
CLU_7924 CLU_3055 4178 
CLU_7924 CLU_3060 4859 
CLU_7924 CLU_3084 4640 
CLU_7924 CLU_3086 12732 
CLU_7924 CLU_3087 13482 
CLU_7924 CLU_3098 13480 
CLU_7924 CLU_3108 11483 
CLU_7924 CLU_3121 5497 
CLU_7924 CLU_3128 7220 
CLU_7924 CLU_3141 5815 
CLU_7924 CLU_3143 4933 
CLU_7924 CLU_3160 4635 
CLU_7924 CLU_3166 2592 
CLU_7924 CLU_3176 3554 
CLU_7924 CLU_3200 4125 
CLU_7924 CLU_3214 5660 
CLU_7924 CLU_7923 8362 
CLU_7925 3118602190990 3443 
CLU_7925 3118602191229 3870 
CLU_7925 3118602190591 4502 
CLU_7925 3118602190567 6402 
CLU_7925 3118602190532 7277 
CLU_7925 3118602190494 8191 
CLU_7925 3118602190869 6271 
CLU_7925 3118602190605 6408 
CLU_7925 3118602190109 5430 
CLU_7925 3118607116306 9579 
CLU_7925 3118602190931 9243 
CLU_7925 3118602190923 9816 
CLU_7925 3118602190893 11500 
CLU_7925 3118602190486 8840 
CLU_7925 3118602190915 11326 
CLU_7925 3118602190222 10493 
CLU_7925 3118604696077 3234 
CLU_7925 3118602191024 2721 
CLU_7925 3118602190478 2921 
CLU_7925 3118602190389 3504 
CLU_7925 3118607110316 5343 
CLU_7925 3118602220261 2549 
CLU_7925 3118602190397 3896 
CLU_7925 3118602190176 4019 
CLU_7925 3118602191059 2163 
CLU_7925 3118602191040 1127 
CLU_7925 3118602190451 4843 
CLU_7925 3118602190206 5322 
CLU_7925 3118602190966 6795 
CLU_7925 3118602190400 4700 
CLU_7925 3118602190877 5322 
CLU_7925 3118602190826 11820 
CLU_7925 3118602190729 14960 
CLU_7925 3118602190656 14960 
CLU_7925 3118602190834 14624 
CLU_7925 3118602190710 15033 
CLU_7925 3118602190796 15137 
CLU_7925 3118602190648 15368 
CLU_7925 3118602190818 11464 
CLU_7925 3118602190885 7431 
CLU_7925 3118607053355 6595 
CLU_7925 3118602190192 5760 
CLU_7925 3118602190214 4910 
CLU_7925 3118602190680 4224 
CLU_7925 3118602190753 1142 
CLU_7925 3118602190141 4007 
CLU_7925 3118602220245 2464 
CLU_7925 3118602190788 3443 
CLU_7925 CLU_2943 5162 
CLU_7925 CLU_2961 6585 
CLU_7925 CLU_2970 7701 
CLU_7925 CLU_2971 8000 
CLU_7925 CLU_3051 2721 
CLU_7925 CLU_3055 4393 
CLU_7925 CLU_3060 5074 
CLU_7925 CLU_3084 5751 
CLU_7925 CLU_3086 13427 
CLU_7925 CLU_3087 14156 
CLU_7925 CLU_3098 14060 
CLU_7925 CLU_3108 11596 
CLU_7925 CLU_3121 4319 
CLU_7925 CLU_3128 6216 
CLU_7925 CLU_3141 5148 
CLU_7925 CLU_3143 4139 
CLU_7925 CLU_3160 3955 
CLU_7925 CLU_3166 1982 
CLU_7925 CLU_3176 2800 
CLU_7925 CLU_3200 2916 
CLU_7925 CLU_3214 4451 
CLU_7925 CLU_7923 8354 
CLU_7926 3118602190990 5613 
CLU_7926 3118602191229 5544 
CLU_7926 3118602190591 4670 
CLU_7926 3118602190567 2701 
CLU_7926 3118602190532 1842 
CLU_7926 3118602190494 2031 
CLU_7926 3118602190869 2197 
CLU_7926 3118602190605 2437 
CLU_7926 3118602190109 3382 
CLU_7926 3118607116306 1169 
CLU_7926 3118602190931 866 
CLU_7926 3118602190923 1859 
CLU_7926 3118602190893 3152 
CLU_7926 3118602190486 1347 
CLU_7926 3118602190915 3216 
CLU_7926 3118602190222 2076 
CLU_7926 3118604696077 6934 
CLU_7926 3118602191024 8288 
CLU_7926 3118602190478 8821 
CLU_7926 3118602190389 9147 
CLU_7926 3118607110316 8814 
CLU_7926 3118602220261 7279 
CLU_7926 3118602190397 8492 
CLU_7926 3118602190176 5823 
CLU_7926 3118602191059 7125 
CLU_7926 3118602191040 8692 
CLU_7926 3118602190451 11030 
CLU_7926 3118602190206 11249 
CLU_7926 3118602190966 12044 
CLU_7926 3118602190400 10349 
CLU_7926 3118602190877 11249 
CLU_7926 3118602190826 12017 
CLU_7926 3118602190729 13653 
CLU_7926 3118602190656 13653 
CLU_7926 3118602190834 13591 
CLU_7926 3118602190710 12859 
CLU_7926 3118602190796 13320 
CLU_7926 3118602190648 13768 
CLU_7926 3118602190818 11369 
CLU_7926 3118602190885 5781 
CLU_7926 3118607053355 11299 
CLU_7926 3118602190192 11529 
CLU_7926 3118602190214 11062 
CLU_7926 3118602190680 11529 
CLU_7926 3118602190753 9588 
CLU_7926 3118602190141 12028 
CLU_7926 3118602220245 8613 
CLU_7926 3118602190788 5613 
CLU_7926 CLU_2943 4196 
CLU_7926 CLU_2961 2043 
CLU_7926 CLU_2970 966 
CLU_7926 CLU_2971 1139 
CLU_7926 CLU_3051 8288 
CLU_7926 CLU_3055 6545 
CLU_7926 CLU_3060 6371 
CLU_7926 CLU_3084 10988 
CLU_7926 CLU_3086 12964 
CLU_7926 CLU_3087 13364 
CLU_7926 CLU_3098 12563 
CLU_7926 CLU_3108 7441 
CLU_7926 CLU_3121 8550 
CLU_7926 CLU_3128 11054 
CLU_7926 CLU_3141 11963 
CLU_7926 CLU_3143 10842 
CLU_7926 CLU_3160 11077 
CLU_7926 CLU_3166 9928 
CLU_7926 CLU_3176 10155 
CLU_7926 CLU_3200 7916 
CLU_7926 CLU_3214 6434 
CLU_7926 CLU_7923 5112 
CLU_7927 3118602190990 4588 
CLU_7927 3118602191229 4636 
CLU_7927 3118602190591 3812 
CLU_7927 3118602190567 2316 
CLU_7927 3118602190532 1939 
CLU_7927 3118602190494 2738 
CLU_7927 3118602190869 1037 
CLU_7927 3118602190605 934 
CLU_7927 3118602190109 1885 
CLU_7927 3118607116306 2673 
CLU_7927 3118602190931 2372 
CLU_7927 3118602190923 2715 
CLU_7927 3118602190893 4367 
CLU_7927 3118602190486 1772 
CLU_7927 3118602190915 4228 
CLU_7927 3118602190222 3377 
CLU_7927 3118604696077 5432 
CLU_7927 3118602191024 6793 
CLU_7927 3118602190478 7323 
CLU_7927 3118602190389 7642 
CLU_7927 3118607110316 7339 
CLU_7927 3118602220261 5794 
CLU_7927 3118602190397 6986 
CLU_7927 3118602190176 4316 
CLU_7927 3118602191059 5664 
CLU_7927 3118602191040 7271 
CLU_7927 3118602190451 9523 
CLU_7927 3118602190206 9743 
CLU_7927 3118602190966 10554 
CLU_7927 3118602190400 8842 
CLU_7927 3118602190877 9743 
CLU_7927 3118602190826 10960 
CLU_7927 3118602190729 12879 
CLU_7927 3118602190656 12879 
CLU_7927 3118602190834 12768 
CLU_7927 3118602190710 12223 
CLU_7927 3118602190796 12629 
CLU_7927 3118602190648 13049 
CLU_7927 3118602190818 10332 
CLU_7927 3118602190885 4614 
CLU_7927 3118607053355 9820 
CLU_7927 3118602190192 10706 
CLU_7927 3118602190214 10160 
CLU_7927 3118602190680 10460 
CLU_7927 3118602190753 8268 
CLU_7927 3118602190141 10838 
CLU_7927 3118602220245 7555 
CLU_7927 3118602190788 4588 
CLU_7927 CLU_2943 3509 
CLU_7927 CLU_2961 1448 
CLU_7927 CLU_2970 1331 
CLU_7927 CLU_2971 1845 
CLU_7927 CLU_3051 6793 
CLU_7927 CLU_3055 5048 
CLU_7927 CLU_3060 4904 
CLU_7927 CLU_3084 9490 
CLU_7927 CLU_3086 12032 
CLU_7927 CLU_3087 12496 
CLU_7927 CLU_3098 11793 
CLU_7927 CLU_3108 7023 
CLU_7927 CLU_3121 7773 
CLU_7927 CLU_3128 10361 
CLU_7927 CLU_3141 10986 
CLU_7927 CLU_3143 9845 
CLU_7927 CLU_3160 10024 
CLU_7927 CLU_3166 8711 
CLU_7927 CLU_3176 9034 
CLU_7927 CLU_3200 6938 
CLU_7927 CLU_3214 5735 
CLU_7927 CLU_7923 4207 
CLU_7928 3118602190990 5082 
CLU_7928 3118602191229 5207 
CLU_7928 3118602190591 4437 
CLU_7928 3118602190567 3169 
CLU_7928 3118602190532 2840 
CLU_7928 3118602190494 3606 
CLU_7928 3118602190869 1733 
CLU_7928 3118602190605 899 
CLU_7928 3118602190109 1842 
CLU_7928 3118607116306 3130 
CLU_7928 3118602190931 2884 
CLU_7928 3118602190923 2617 
CLU_7928 3118602190893 4381 
CLU_7928 3118602190486 1649 
CLU_7928 3118602190915 4093 
CLU_7928 3118602190222 3524 
CLU_7928 3118604696077 5189 
CLU_7928 3118602191024 6585 
CLU_7928 3118602190478 7097 
CLU_7928 3118602190389 7354 
CLU_7928 3118607110316 6821 
CLU_7928 3118602220261 5642 
CLU_7928 3118602190397 6629 
CLU_7928 3118602190176 4024 
CLU_7928 3118602191059 5594 
CLU_7928 3118602191040 7270 
CLU_7928 3118602190451 9189 
CLU_7928 3118602190206 9368 
CLU_7928 3118602190966 10074 
CLU_7928 3118602190400 8476 
CLU_7928 3118602190877 9368 
CLU_7928 3118602190826 10100 
CLU_7928 3118602190729 11979 
CLU_7928 3118602190656 11979 
CLU_7928 3118602190834 11871 
CLU_7928 3118602190710 11323 
CLU_7928 3118602190796 11727 
CLU_7928 3118602190648 12147 
CLU_7928 3118602190818 9467 
CLU_7928 3118602190885 3780 
CLU_7928 3118607053355 9307 
CLU_7928 3118602190192 11251 
CLU_7928 3118602190214 10659 
CLU_7928 3118602190680 10839 
CLU_7928 3118602190753 8414 
CLU_7928 3118602190141 11110 
CLU_7928 3118602220245 7969 
CLU_7928 3118602190788 5082 
CLU_7928 CLU_2943 4226 
CLU_7928 CLU_2961 2307 
CLU_7928 CLU_2970 2178 
CLU_7928 CLU_2971 2680 
CLU_7928 CLU_3051 6585 
CLU_7928 CLU_3055 4629 
CLU_7928 CLU_3060 4379 
CLU_7928 CLU_3084 9047 
CLU_7928 CLU_3086 11147 
CLU_7928 CLU_3087 11602 
CLU_7928 CLU_3098 10892 
CLU_7928 CLU_3108 6155 
CLU_7928 CLU_3121 8366 
CLU_7928 CLU_3128 10977 
CLU_7928 CLU_3141 11431 
CLU_7928 CLU_3143 10283 
CLU_7928 CLU_3160 10419 
CLU_7928 CLU_3166 8972 
CLU_7928 CLU_3176 9381 
CLU_7928 CLU_3200 7420 
CLU_7928 CLU_3214 6393 
CLU_7928 CLU_7923 3308 
CLU_7929 3118602190990 4992 
CLU_7929 3118602191229 5097 
CLU_7929 3118602190591 4311 
CLU_7929 3118602190567 2975 
CLU_7929 3118602190532 2622 
CLU_7929 3118602190494 3383 
CLU_7929 3118602190869 1573 
CLU_7929 3118602190605 869 
CLU_7929 3118602190109 1861 
CLU_7929 3118607116306 2962 
CLU_7929 3118602190931 2704 
CLU_7929 3118602190923 2564 
CLU_7929 3118602190893 4312 
CLU_7929 3118602190486 1586 
CLU_7929 3118602190915 4060 
CLU_7929 3118602190222 3421 
CLU_7929 3118604696077 5282 
CLU_7929 3118602191024 6672 
CLU_7929 3118602190478 7189 
CLU_7929 3118602190389 7461 
CLU_7929 3118607110316 6980 
CLU_7929 3118602220261 5714 
CLU_7929 3118602190397 6751 
CLU_7929 3118602190176 4125 
CLU_7929 3118602191059 5646 
CLU_7929 3118602191040 7309 
CLU_7929 3118602190451 9308 
CLU_7929 3118602190206 9497 
CLU_7929 3118602190966 10226 
CLU_7929 3118602190400 8602 
CLU_7929 3118602190877 9497 
CLU_7929 3118602190826 10322 
CLU_7929 3118602190729 12199 
CLU_7929 3118602190656 12199 
CLU_7929 3118602190834 12092 
CLU_7929 3118602190710 11537 
CLU_7929 3118602190796 11944 
CLU_7929 3118602190648 12365 
CLU_7929 3118602190818 9689 
CLU_7929 3118602190885 3998 
CLU_7929 3118607053355 9466 
CLU_7929 3118602190192 11154 
CLU_7929 3118602190214 10574 
CLU_7929 3118602190680 10785 
CLU_7929 3118602190753 8418 
CLU_7929 3118602190141 11084 
CLU_7929 3118602220245 7904 
CLU_7929 3118602190788 4992 
CLU_7929 CLU_2943 4075 
CLU_7929 CLU_2961 2110 
CLU_7929 CLU_2970 1955 
CLU_7929 CLU_2971 2458 
CLU_7929 CLU_3051 6672 
CLU_7929 CLU_3055 4762 
CLU_7929 CLU_3060 4535 
CLU_7929 CLU_3084 9190 
CLU_7929 CLU_3086 11369 
CLU_7929 CLU_3087 11825 
CLU_7929 CLU_3098 11112 
CLU_7929 CLU_3108 6350 
CLU_7929 CLU_3121 8254 
CLU_7929 CLU_3128 10860 
CLU_7929 CLU_3141 11361 
CLU_7929 CLU_3143 10214 
CLU_7929 CLU_3160 10361 
CLU_7929 CLU_3166 8948 
CLU_7929 CLU_3176 9335 
CLU_7929 CLU_3200 7337 
CLU_7929 CLU_3214 6261 
CLU_7929 CLU_7923 3529 
CLU_7930 3118602190990 5891 
CLU_7930 3118602191229 5797 
CLU_7930 3118602190591 4920 
CLU_7930 3118602190567 2897 
CLU_7930 3118602190532 1984 
CLU_7930 3118602190494 1970 
CLU_7930 3118602190869 2542 
CLU_7930 3118602190605 2822 
CLU_7930 3118602190109 3764 
CLU_7930 3118607116306 792 
CLU_7930 3118602190931 481 
CLU_7930 3118602190923 1811 
CLU_7930 3118602190893 2907 
CLU_7930 3118602190486 1509 
CLU_7930 3118602190915 3049 
CLU_7930 3118602190222 1817 
CLU_7930 3118604696077 7316 
CLU_7930 3118602191024 8667 
CLU_7930 3118602190478 9201 
CLU_7930 3118602190389 9530 
CLU_7930 3118607110316 9197 
CLU_7930 3118602220261 7656 
CLU_7930 3118602190397 8877 
CLU_7930 3118602190176 6207 
CLU_7930 3118602191059 7496 
CLU_7930 3118602191040 9051 
CLU_7930 3118602190451 11414 
CLU_7930 3118602190206 11634 
CLU_7930 3118602190966 12428 
CLU_7930 3118602190400 10734 
CLU_7930 3118602190877 11634 
CLU_7930 3118602190826 12320 
CLU_7930 3118602190729 13892 
CLU_7930 3118602190656 13892 
CLU_7930 3118602190834 13841 
CLU_7930 3118602190710 13068 
CLU_7930 3118602190796 13541 
CLU_7930 3118602190648 13995 
CLU_7930 3118602190818 11669 
CLU_7930 3118602190885 6117 
CLU_7930 3118607053355 11682 
CLU_7930 3118602190192 11739 
CLU_7930 3118602190214 11293 
CLU_7930 3118602190680 11800 
CLU_7930 3118602190753 9922 
CLU_7930 3118602190141 12327 
CLU_7930 3118602220245 8886 
CLU_7930 3118602190788 5891 
CLU_7930 CLU_2943 4416 
CLU_7930 CLU_2961 2313 
CLU_7930 CLU_2970 1183 
CLU_7930 CLU_2971 1193 
CLU_7930 CLU_3051 8667 
CLU_7930 CLU_3055 6931 
CLU_7930 CLU_3060 6753 
CLU_7930 CLU_3084 11373 
CLU_7930 CLU_3086 13239 
CLU_7930 CLU_3087 13625 
CLU_7930 CLU_3098 12803 
CLU_7930 CLU_3108 7617 
CLU_7930 CLU_3121 8757 
CLU_7930 CLU_3128 11233 
CLU_7930 CLU_3141 12210 
CLU_7930 CLU_3143 11096 
CLU_7930 CLU_3160 11344 
CLU_7930 CLU_3166 10236 
CLU_7930 CLU_3176 10440 
CLU_7930 CLU_3200 8172 
CLU_7930 CLU_3214 6633 
CLU_7930 CLU_7923 5405 
CLU_7931 3118602190990 9034 
CLU_7931 3118602191229 9074 
CLU_7931 3118602190591 8232 
CLU_7931 3118602190567 6434 
CLU_7931 3118602190532 5626 
CLU_7931 3118602190494 5676 
CLU_7931 3118602190869 5478 
CLU_7931 3118602190605 4963 
CLU_7931 3118602190109 5905 
CLU_7931 3118607116306 3523 
CLU_7931 3118602190931 3684 
CLU_7931 3118602190923 1927 
CLU_7931 3118602190893 1903 
CLU_7931 3118602190486 2697 
CLU_7931 3118602190915 1165 
CLU_7931 3118602190222 2378 
CLU_7931 3118604696077 8958 
CLU_7931 3118602191024 10351 
CLU_7931 3118602190478 10821 
CLU_7931 3118602190389 10966 
CLU_7931 3118607110316 9909 
CLU_7931 3118602220261 9508 
CLU_7931 3118602190397 10137 
CLU_7931 3118602190176 7789 
CLU_7931 3118602191059 9541 
CLU_7931 3118602191040 11250 
CLU_7931 3118602190451 12649 
CLU_7931 3118602190206 12729 
CLU_7931 3118602190966 13118 
CLU_7931 3118602190400 11885 
CLU_7931 3118602190877 12729 
CLU_7931 3118602190826 10857 
CLU_7931 3118602190729 11576 
CLU_7931 3118602190656 11576 
CLU_7931 3118602190834 11643 
CLU_7931 3118602190710 10481 
CLU_7931 3118602190796 11051 
CLU_7931 3118602190648 11549 
CLU_7931 3118602190818 10186 
CLU_7931 3118602190885 5845 
CLU_7931 3118607053355 12274 
CLU_7931 3118602190192 15140 
CLU_7931 3118602190214 14605 
CLU_7931 3118602190680 14881 
CLU_7931 3118602190753 12470 
CLU_7931 3118602190141 15183 
CLU_7931 3118602220245 11989 
CLU_7931 3118602190788 9034 
CLU_7931 CLU_2943 7854 
CLU_7931 CLU_2961 5663 
CLU_7931 CLU_2970 4731 
CLU_7931 CLU_2971 4901 
CLU_7931 CLU_3051 10351 
CLU_7931 CLU_3055 8136 
CLU_7931 CLU_3060 7667 
CLU_7931 CLU_3084 12237 
CLU_7931 CLU_3086 11353 
CLU_7931 CLU_3087 11552 
CLU_7931 CLU_3098 10528 
CLU_7931 CLU_3108 5025 
CLU_7931 CLU_3121 12187 
CLU_7931 CLU_3128 14746 
CLU_7931 CLU_3141 15430 
CLU_7931 CLU_3143 14287 
CLU_7931 CLU_3160 14452 
CLU_7931 CLU_3166 13045 
CLU_7931 CLU_3176 13436 
CLU_7931 CLU_3200 11385 
CLU_7931 CLU_3214 10107 
CLU_7931 CLU_7923 4606 
CLU_7932 3118602190990 8417 
CLU_7932 3118602191229 8475 
CLU_7932 3118602190591 7643 
CLU_7932 3118602190567 5906 
CLU_7932 3118602190532 5140 
CLU_7932 3118602190494 5289 
CLU_7932 3118602190869 4875 
CLU_7932 3118602190605 4312 
CLU_7932 3118602190109 5241 
CLU_7932 3118607116306 3249 
CLU_7932 3118602190931 3355 
CLU_7932 3118602190923 1515 
CLU_7932 3118602190893 2119 
CLU_7932 3118602190486 2129 
CLU_7932 3118602190915 1405 
CLU_7932 3118602190222 2268 
CLU_7932 3118604696077 8283 
CLU_7932 3118602191024 9677 
CLU_7932 3118602190478 10148 
CLU_7932 3118602190389 10298 
CLU_7932 3118607110316 9273 
CLU_7932 3118602220261 8831 
CLU_7932 3118602190397 9474 
CLU_7932 3118602190176 7113 
CLU_7932 3118602191059 8865 
CLU_7932 3118602191040 10574 
CLU_7932 3118602190451 11992 
CLU_7932 3118602190206 12079 
CLU_7932 3118602190966 12495 
CLU_7932 3118602190400 11231 
CLU_7932 3118602190877 12079 
CLU_7932 3118602190826 10489 
CLU_7932 3118602190729 11393 
CLU_7932 3118602190656 11393 
CLU_7932 3118602190834 11432 
CLU_7932 3118602190710 10364 
CLU_7932 3118602190796 10911 
CLU_7932 3118602190648 11399 
CLU_7932 3118602190818 9816 
CLU_7932 3118602190885 5251 
CLU_7932 3118607053355 11655 
CLU_7932 3118602190192 14544 
CLU_7932 3118602190214 13996 
CLU_7932 3118602190680 14243 
CLU_7932 3118602190753 11801 
CLU_7932 3118602190141 14526 
CLU_7932 3118602220245 11357 
CLU_7932 3118602190788 8417 
CLU_7932 CLU_2943 7290 
CLU_7932 CLU_2961 5108 
CLU_7932 CLU_2970 4238 
CLU_7932 CLU_2971 4458 
CLU_7932 CLU_3051 9677 
CLU_7932 CLU_3055 7469 
CLU_7932 CLU_3060 7009 
CLU_7932 CLU_3084 11600 
CLU_7932 CLU_3086 11071 
CLU_7932 CLU_3087 11312 
CLU_7932 CLU_3098 10330 
CLU_7932 CLU_3108 4853 
CLU_7932 CLU_3121 11604 
CLU_7932 CLU_3128 14177 
CLU_7932 CLU_3141 14807 
CLU_7932 CLU_3143 13662 
CLU_7932 CLU_3160 13817 
CLU_7932 CLU_3166 12388 
CLU_7932 CLU_3176 12792 
CLU_7932 CLU_3200 10768 
CLU_7932 CLU_3214 9539 
CLU_7932 CLU_7923 4043 
CLU_7933 3118602190990 5732 
CLU_7933 3118602191229 6207 
CLU_7933 3118602190591 6072 
CLU_7933 3118602190567 6594 
CLU_7933 3118602190532 6955 
CLU_7933 3118602190494 7970 
CLU_7933 3118602190869 5367 
CLU_7933 3118602190605 4593 
CLU_7933 3118602190109 3854 
CLU_7933 3118607116306 8108 
CLU_7933 3118602190931 7841 
CLU_7933 3118602190923 7398 
CLU_7933 3118602190893 9151 
CLU_7933 3118602190486 6528 
CLU_7933 3118602190915 8685 
CLU_7933 3118602190222 8442 
CLU_7933 3118604696077 1855 
CLU_7933 3118602191024 2722 
CLU_7933 3118602190478 3003 
CLU_7933 3118602190389 2930 
CLU_7933 3118607110316 1833 
CLU_7933 3118602220261 2519 
CLU_7933 3118602190397 2034 
CLU_7933 3118602190176 1755 
CLU_7933 3118602191059 2959 
CLU_7933 3118602191040 4299 
CLU_7933 3118602190451 4453 
CLU_7933 3118602190206 4528 
CLU_7933 3118602190966 5090 
CLU_7933 3118602190400 3684 
CLU_7933 3118602190877 4528 
CLU_7933 3118602190826 7046 
CLU_7933 3118602190729 9986 
CLU_7933 3118602190656 9986 
CLU_7933 3118602190834 9685 
CLU_7933 3118602190710 9977 
CLU_7933 3118602190796 10107 
CLU_7933 3118602190648 10364 
CLU_7933 3118602190818 6596 
CLU_7933 3118602190885 2768 
CLU_7933 3118607053355 4319 
CLU_7933 3118602190192 10698 
CLU_7933 3118602190214 9882 
CLU_7933 3118602190680 9289 
CLU_7933 3118602190753 5950 
CLU_7933 3118602190141 8904 
CLU_7933 3118602220245 7144 
CLU_7933 3118602190788 5732 
CLU_7933 CLU_2943 6440 
CLU_7933 CLU_2961 6104 
CLU_7933 CLU_2970 6750 
CLU_7933 CLU_2971 7247 
CLU_7933 CLU_3051 2722 
CLU_7933 CLU_3055 827 
CLU_7933 CLU_3060 612 
CLU_7933 CLU_3084 4095 
CLU_7933 CLU_3086 8560 
CLU_7933 CLU_3087 9247 
CLU_7933 CLU_3098 9044 
CLU_7933 CLU_3108 6853 
CLU_7933 CLU_3121 8576 
CLU_7933 CLU_3128 10951 
CLU_7933 CLU_3141 10211 
CLU_7933 CLU_3143 9170 
CLU_7933 CLU_3160 9021 
CLU_7933 CLU_3166 7034 
CLU_7933 CLU_3176 7862 
CLU_7933 CLU_3200 7141 
CLU_7933 CLU_3214 7501 
CLU_7933 CLU_7923 3995 
CLU_7934 3118602190990 2752 
CLU_7934 3118602191229 3240 
CLU_7934 3118602190591 3234 
CLU_7934 3118602190567 4341 
CLU_7934 3118602190532 5006 
CLU_7934 3118602190494 6026 
CLU_7934 3118602190869 3646 
CLU_7934 3118602190605 3493 
CLU_7934 3118602190109 2483 
CLU_7934 3118607116306 6937 
CLU_7934 3118602190931 6613 
CLU_7934 3118602190923 6905 
CLU_7934 3118602190893 8642 
CLU_7934 3118602190486 5927 
CLU_7934 3118602190915 8397 
CLU_7934 3118602190222 7693 
CLU_7934 3118604696077 1565 
CLU_7934 3118602191024 2642 
CLU_7934 3118602190478 3182 
CLU_7934 3118602190389 3631 
CLU_7934 3118607110316 4253 
CLU_7934 3118602220261 1592 
CLU_7934 3118602190397 3253 
CLU_7934 3118602190176 1314 
CLU_7934 3118602191059 1351 
CLU_7934 3118602191040 2967 
CLU_7934 3118602190451 5542 
CLU_7934 3118602190206 5864 
CLU_7934 3118602190966 6989 
CLU_7934 3118602190400 4984 
CLU_7934 3118602190877 5864 
CLU_7934 3118602190826 10015 
CLU_7934 3118602190729 12836 
CLU_7934 3118602190656 12836 
CLU_7934 3118602190834 12567 
CLU_7934 3118602190710 12681 
CLU_7934 3118602190796 12880 
CLU_7934 3118602190648 13178 
CLU_7934 3118602190818 9540 
CLU_7934 3118602190885 4653 
CLU_7934 3118607053355 6434 
CLU_7934 3118602190192 8059 
CLU_7934 3118602190214 7303 
CLU_7934 3118602190680 7042 
CLU_7934 3118602190753 4183 
CLU_7934 3118602190141 7036 
CLU_7934 3118602220245 4477 
CLU_7934 3118602190788 2752 
CLU_7934 CLU_2943 3720 
CLU_7934 CLU_2961 4181 
CLU_7934 CLU_2970 5170 
CLU_7934 CLU_2971 5571 
CLU_7934 CLU_3051 2642 
CLU_7934 CLU_3055 2160 
CLU_7934 CLU_3060 2672 
CLU_7934 CLU_3084 5851 
CLU_7934 CLU_3086 11492 
CLU_7934 CLU_3087 12152 
CLU_7934 CLU_3098 11850 
CLU_7934 CLU_3108 8718 
CLU_7934 CLU_3121 5677 
CLU_7934 CLU_3128 8160 
CLU_7934 CLU_3141 7826 
CLU_7934 CLU_3143 6707 
CLU_7934 CLU_3160 6687 
CLU_7934 CLU_3166 4932 
CLU_7934 CLU_3176 5549 
CLU_7934 CLU_3200 4299 
CLU_7934 CLU_3214 4515 
CLU_7934 CLU_7923 5411 
CLU_7935 3118602190990 2732 
CLU_7935 3118602191229 3249 
CLU_7935 3118602190591 3530 
CLU_7935 3118602190567 5042 
CLU_7935 3118602190532 5810 
CLU_7935 3118602190494 6799 
CLU_7935 3118602190869 4585 
CLU_7935 3118602190605 4557 
CLU_7935 3118602190109 3556 
CLU_7935 3118607116306 7908 
CLU_7935 3118602190931 7578 
CLU_7935 3118602190923 7977 
CLU_7935 3118602190893 9698 
CLU_7935 3118602190486 6998 
CLU_7935 3118602190915 9476 
CLU_7935 3118602190222 8726 
CLU_7935 3118604696077 1706 
CLU_7935 3118602191024 2139 
CLU_7935 3118602190478 2628 
CLU_7935 3118602190389 3179 
CLU_7935 3118607110316 4351 
CLU_7935 3118602220261 1255 
CLU_7935 3118602190397 3083 
CLU_7935 3118602190176 2148 
CLU_7935 3118602191059 745 
CLU_7935 3118602191040 1930 
CLU_7935 3118602190451 5003 
CLU_7935 3118602190206 5391 
CLU_7935 3118602190966 6669 
CLU_7935 3118602190400 4565 
CLU_7935 3118602190877 5391 
CLU_7935 3118602190826 10526 
CLU_7935 3118602190729 13496 
CLU_7935 3118602190656 13496 
CLU_7935 3118602190834 13198 
CLU_7935 3118602190710 13440 
CLU_7935 3118602190796 13598 
CLU_7935 3118602190648 13868 
CLU_7935 3118602190818 10099 
CLU_7935 3118602190885 5586 
CLU_7935 3118607053355 6231 
CLU_7935 3118602190192 7219 
CLU_7935 3118602190214 6425 
CLU_7935 3118602190680 6027 
CLU_7935 3118602190753 3073 
CLU_7935 3118602190141 5947 
CLU_7935 3118602220245 3643 
CLU_7935 3118602190788 2732 
CLU_7935 CLU_2943 4125 
CLU_7935 CLU_2961 5030 
CLU_7935 CLU_2970 6085 
CLU_7935 CLU_2971 6448 
CLU_7935 CLU_3051 2139 
CLU_7935 CLU_3055 2729 
CLU_7935 CLU_3060 3365 
CLU_7935 CLU_3084 5534 
CLU_7935 CLU_3086 12066 
CLU_7935 CLU_3087 12759 
CLU_7935 CLU_3098 12544 
CLU_7935 CLU_3108 9716 
CLU_7935 CLU_3121 5095 
CLU_7935 CLU_3128 7438 
CLU_7935 CLU_3141 6861 
CLU_7935 CLU_3143 5768 
CLU_7935 CLU_3160 5698 
CLU_7935 CLU_3166 3865 
CLU_7935 CLU_3176 4544 
CLU_7935 CLU_3200 3642 
CLU_7935 CLU_3214 4337 
CLU_7935 CLU_7923 6440 
CLU_7936 3118602190990 11474 
CLU_7936 3118602191229 11953 
CLU_7936 3118602190591 11798 
CLU_7936 3118602190567 12043 
CLU_7936 3118602190532 12189 
CLU_7936 3118602190494 13122 
CLU_7936 3118602190869 10628 
CLU_7936 3118602190605 9625 
CLU_7936 3118602190109 9203 
CLU_7936 3118607116306 12574 
CLU_7936 3118602190931 12397 
CLU_7936 3118602190923 11271 
CLU_7936 3118602190893 12732 
CLU_7936 3118602190486 10702 
CLU_7936 3118602190915 12064 
CLU_7936 3118602190222 12418 
CLU_7936 3118604696077 7374 
CLU_7936 3118602191024 7450 
CLU_7936 3118602190478 7319 
CLU_7936 3118602190389 6803 
CLU_7936 3118607110316 4830 
CLU_7936 3118602220261 7876 
CLU_7936 3118602190397 6276 
CLU_7936 3118602190176 7496 
CLU_7936 3118602191059 8393 
CLU_7936 3118602191040 9128 
CLU_7936 3118602190451 6595 
CLU_7936 3118602190206 6198 
CLU_7936 3118602190966 5141 
CLU_7936 3118602190400 6122 
CLU_7936 3118602190877 6198 
CLU_7936 3118602190826 2034 
CLU_7936 3118602190729 5457 
CLU_7936 3118602190656 5457 
CLU_7936 3118602190834 5001 
CLU_7936 3118602190710 6213 
CLU_7936 3118602190796 5983 
CLU_7936 3118602190648 5994 
CLU_7936 3118602190818 2137 
CLU_7936 3118602190885 5861 
CLU_7936 3118607053355 4545 
CLU_7936 3118602190192 15926 
CLU_7936 3118602190214 15069 
CLU_7936 3118602190680 14136 
CLU_7936 3118602190753 10712 
CLU_7936 3118602190141 13361 
CLU_7936 3118602220245 12536 
CLU_7936 3118602190788 11474 
CLU_7936 CLU_2943 12122 
CLU_7936 CLU_2961 11399 
CLU_7936 CLU_2970 11742 
CLU_7936 CLU_2971 12257 
CLU_7936 CLU_3051 7450 
CLU_7936 CLU_3055 6569 
CLU_7936 CLU_3060 6178 
CLU_7936 CLU_3084 5350 
CLU_7936 CLU_3086 3672 
CLU_7936 CLU_3087 4465 
CLU_7936 CLU_3098 4937 
CLU_7936 CLU_3108 7010 
CLU_7936 CLU_3121 14158 
CLU_7936 CLU_3128 16361 
CLU_7936 CLU_3141 15158 
CLU_7936 CLU_3143 14259 
CLU_7936 CLU_3160 13979 
CLU_7936 CLU_3166 11934 
CLU_7936 CLU_3176 12882 
CLU_7936 CLU_3200 12692 
CLU_7936 CLU_3214 13238 
CLU_7936 CLU_7923 6752 
CLU_7937 3118602190990 7424 
CLU_7937 3118602191229 7717 
CLU_7937 3118602190591 7130 
CLU_7937 3118602190567 6360 
CLU_7937 3118602190532 6129 
CLU_7937 3118602190494 6873 
CLU_7937 3118602190869 4839 
CLU_7937 3118602190605 3739 
CLU_7937 3118602190109 3968 
CLU_7937 3118607116306 5869 
CLU_7937 3118602190931 5737 
CLU_7937 3118602190923 4469 
CLU_7937 3118602190893 5962 
CLU_7937 3118602190486 3969 
CLU_7937 3118602190915 5330 
CLU_7937 3118602190222 5615 
CLU_7937 3118604696077 5376 
CLU_7937 3118602191024 6626 
CLU_7937 3118602190478 6996 
CLU_7937 3118602190389 6982 
CLU_7937 3118607110316 5553 
CLU_7937 3118602220261 6050 
CLU_7937 3118602190397 6090 
CLU_7937 3118602190176 4388 
CLU_7937 3118602191059 6285 
CLU_7937 3118602191040 7944 
CLU_7937 3118602190451 8443 
CLU_7937 3118602190206 8444 
CLU_7937 3118602190966 8664 
CLU_7937 3118602190400 7662 
CLU_7937 3118602190877 8444 
CLU_7937 3118602190826 6956 
CLU_7937 3118602190729 8688 
CLU_7937 3118602190656 8688 
CLU_7937 3118602190834 8582 
CLU_7937 3118602190710 8073 
CLU_7937 3118602190796 8453 
CLU_7937 3118602190648 8864 
CLU_7937 3118602190818 6300 
CLU_7937 3118602190885 1362 
CLU_7937 3118607053355 7805 
CLU_7937 3118602190192 13406 
CLU_7937 3118602190214 12693 
CLU_7937 3118602190680 12491 
CLU_7937 3118602190753 9462 
CLU_7937 3118602190141 12405 
CLU_7937 3118602220245 9869 
CLU_7937 3118602190788 7424 
CLU_7937 CLU_2943 7122 
CLU_7937 CLU_2961 5531 
CLU_7937 CLU_2970 5444 
CLU_7937 CLU_2971 5927 
CLU_7937 CLU_3051 6626 
CLU_7937 CLU_3055 4293 
CLU_7937 CLU_3060 3662 
CLU_7937 CLU_3084 7863 
CLU_7937 CLU_3086 7891 
CLU_7937 CLU_3087 8322 
CLU_7937 CLU_3098 7602 
CLU_7937 CLU_3108 3300 
CLU_7937 CLU_3121 10756 
CLU_7937 CLU_3128 13356 
CLU_7937 CLU_3141 13270 
CLU_7937 CLU_3143 12142 
CLU_7937 CLU_3160 12137 
CLU_7937 CLU_3166 10347 
CLU_7937 CLU_3176 10999 
CLU_7937 CLU_3200 9545 
CLU_7937 CLU_3214 9041 
CLU_7937 CLU_7923 65 
CLU_7938 3118602190990 9450 
CLU_7938 3118602191229 9736 
CLU_7938 3118602190591 9128 
CLU_7938 3118602190567 8207 
CLU_7938 3118602190532 7853 
CLU_7938 3118602190494 8474 
CLU_7938 3118602190869 6715 
CLU_7938 3118602190605 5642 
CLU_7938 3118602190109 5974 
CLU_7938 3118607116306 7074 
CLU_7938 3118602190931 7023 
CLU_7938 3118602190923 5411 
CLU_7938 3118602190893 6494 
CLU_7938 3118602190486 5241 
CLU_7938 3118602190915 5768 
CLU_7938 3118602190222 6482 
CLU_7938 3118604696077 7193 
CLU_7938 3118602191024 8337 
CLU_7938 3118602190478 8643 
CLU_7938 3118602190389 8534 
CLU_7938 3118607110316 6805 
CLU_7938 3118602220261 7885 
CLU_7938 3118602190397 7632 
CLU_7938 3118602190176 6302 
CLU_7938 3118602191059 8172 
CLU_7938 3118602191040 9778 
CLU_7938 3118602190451 9761 
CLU_7938 3118602190206 9676 
CLU_7938 3118602190966 9610 
CLU_7938 3118602190400 8988 
CLU_7938 3118602190877 9676 
CLU_7938 3118602190826 6150 
CLU_7938 3118602190729 7165 
CLU_7938 3118602190656 7165 
CLU_7938 3118602190834 7147 
CLU_7938 3118602190710 6336 
CLU_7938 3118602190796 6796 
CLU_7938 3118602190648 7251 
CLU_7938 3118602190818 5480 
CLU_7938 3118602190885 2920 
CLU_7938 3118607053355 8741 
CLU_7938 3118602190192 15426 
CLU_7938 3118602190214 14706 
CLU_7938 3118602190680 14459 
CLU_7938 3118602190753 11348 
CLU_7938 3118602190141 14310 
CLU_7938 3118602220245 11879 
CLU_7938 3118602190788 9450 
CLU_7938 CLU_2943 9085 
CLU_7938 CLU_2961 7352 
CLU_7938 CLU_2970 7076 
CLU_7938 CLU_2971 7517 
CLU_7938 CLU_3051 8337 
CLU_7938 CLU_3055 6052 
CLU_7938 CLU_3060 5377 
CLU_7938 CLU_3084 8986 
CLU_7938 CLU_3086 6703 
CLU_7938 CLU_3087 6983 
CLU_7938 CLU_3098 6079 
CLU_7938 CLU_3108 1284 
CLU_7938 CLU_3121 12785 
CLU_7938 CLU_3128 15385 
CLU_7938 CLU_3141 15260 
CLU_7938 CLU_3143 14139 
CLU_7938 CLU_3160 14117 
CLU_7938 CLU_3166 12285 
CLU_7938 CLU_3176 12971 
CLU_7938 CLU_3200 11570 
CLU_7938 CLU_3214 11053 
CLU_7938 CLU_7923 2055 
CLU_7939 3118602190990 11482 
CLU_7939 3118602191229 11971 
CLU_7939 3118602190591 11862 
CLU_7939 3118602190567 12214 
CLU_7939 3118602190532 12407 
CLU_7939 3118602190494 13359 
CLU_7939 3118602190869 10832 
CLU_7939 3118602190605 9857 
CLU_7939 3118602190109 9379 
CLU_7939 3118607116306 12906 
CLU_7939 3118602190931 12717 
CLU_7939 3118602190923 11656 
CLU_7939 3118602190893 13156 
CLU_7939 3118602190486 11051 
CLU_7939 3118602190915 12501 
CLU_7939 3118602190222 12803 
CLU_7939 3118604696077 7324 
CLU_7939 3118602191024 7281 
CLU_7939 3118602190478 7107 
CLU_7939 3118602190389 6567 
CLU_7939 3118607110316 4690 
CLU_7939 3118602220261 7783 
CLU_7939 3118602190397 6110 
CLU_7939 3118602190176 7544 
CLU_7939 3118602191059 8305 
CLU_7939 3118602191040 8929 
CLU_7939 3118602190451 6202 
CLU_7939 3118602190206 5781 
CLU_7939 3118602190966 4641 
CLU_7939 3118602190400 5782 
CLU_7939 3118602190877 5781 
CLU_7939 3118602190826 2586 
CLU_7939 3118602190729 5974 
CLU_7939 3118602190656 5974 
CLU_7939 3118602190834 5504 
CLU_7939 3118602190710 6795 
CLU_7939 3118602190796 6537 
CLU_7939 3118602190648 6522 
CLU_7939 3118602190818 2752 
CLU_7939 3118602190885 6186 
CLU_7939 3118607053355 4105 
CLU_7939 3118602190192 15732 
CLU_7939 3118602190214 14870 
CLU_7939 3118602190680 13884 
CLU_7939 3118602190753 10479 
CLU_7939 3118602190141 13059 
CLU_7939 3118602220245 12396 
CLU_7939 3118602190788 11482 
CLU_7939 CLU_2943 12216 
CLU_7939 CLU_2961 11601 
CLU_7939 CLU_2970 11998 
CLU_7939 CLU_2971 12513 
CLU_7939 CLU_3051 7281 
CLU_7939 CLU_3055 6598 
CLU_7939 CLU_3060 6264 
CLU_7939 CLU_3084 4948 
CLU_7939 CLU_3086 4174 
CLU_7939 CLU_3087 4964 
CLU_7939 CLU_3098 5510 
CLU_7939 CLU_3108 7586 
CLU_7939 CLU_3121 14064 
CLU_7939 CLU_3128 16207 
CLU_7939 CLU_3141 14915 
CLU_7939 CLU_3143 14046 
CLU_7939 CLU_3160 13745 
CLU_7939 CLU_3166 11707 
CLU_7939 CLU_3176 12666 
CLU_7939 CLU_3200 12593 
CLU_7939 CLU_3214 13233 
CLU_7939 CLU_7923 7149 
CLU_7940 3118602190990 7303 
CLU_7940 3118602191229 7701 
CLU_7940 3118602190591 7316 
CLU_7940 3118602190567 7135 
CLU_7940 3118602190532 7171 
CLU_7940 3118602190494 8069 
CLU_7940 3118602190869 5654 
CLU_7940 3118602190605 4599 
CLU_7940 3118602190109 4347 
CLU_7940 3118607116306 7515 
CLU_7940 3118602190931 7324 
CLU_7940 3118602190923 6335 
CLU_7940 3118602190893 7938 
CLU_7940 3118602190486 5672 
CLU_7940 3118602190915 7342 
CLU_7940 3118602190222 7474 
CLU_7940 3118604696077 4165 
CLU_7940 3118602191024 5170 
CLU_7940 3118602190478 5436 
CLU_7940 3118602190389 5298 
CLU_7940 3118607110316 3603 
CLU_7940 3118602220261 4862 
CLU_7940 3118602190397 4397 
CLU_7940 3118602190176 3521 
CLU_7940 3118602191059 5230 
CLU_7940 3118602191040 6712 
CLU_7940 3118602190451 6551 
CLU_7940 3118602190206 6500 
CLU_7940 3118602190966 6615 
CLU_7940 3118602190400 5773 
CLU_7940 3118602190877 6500 
CLU_7940 3118602190826 5706 
CLU_7940 3118602190729 8131 
CLU_7940 3118602190656 8131 
CLU_7940 3118602190834 7911 
CLU_7940 3118602190710 7879 
CLU_7940 3118602190796 8106 
CLU_7940 3118602190648 8431 
CLU_7940 3118602190818 5118 
CLU_7940 3118602190885 807 
CLU_7940 3118607053355 5751 
CLU_7940 3118602190192 12842 
CLU_7940 3118602190214 12061 
CLU_7940 3118602190680 11607 
CLU_7940 3118602190753 8340 
CLU_7940 3118602190141 11306 
CLU_7940 3118602220245 9256 
CLU_7940 3118602190788 7303 
CLU_7940 CLU_2943 7494 
CLU_7940 CLU_2961 6420 
CLU_7940 CLU_2970 6671 
CLU_7940 CLU_2971 7184 
CLU_7940 CLU_3051 5170 
CLU_7940 CLU_3055 3000 
CLU_7940 CLU_3060 2316 
CLU_7940 CLU_3084 5864 
CLU_7940 CLU_3086 6965 
CLU_7940 CLU_3087 7545 
CLU_7940 CLU_3098 7105 
CLU_7940 CLU_3108 4419 
CLU_7940 CLU_3121 10466 
CLU_7940 CLU_3128 12971 
CLU_7940 CLU_3141 12485 
CLU_7940 CLU_3143 11405 
CLU_7940 CLU_3160 11307 
CLU_7940 CLU_3166 9372 
CLU_7940 CLU_3176 10147 
CLU_7940 CLU_3200 9109 
CLU_7940 CLU_3214 9053 
CLU_7940 CLU_7923 2008 
CLU_7941 3118602190990 11360 
CLU_7941 3118602191229 11849 
CLU_7941 3118602190591 11738 
CLU_7941 3118602190567 12088 
CLU_7941 3118602190532 12282 
CLU_7941 3118602190494 13235 
CLU_7941 3118602190869 10707 
CLU_7941 3118602190605 9732 
CLU_7941 3118602190109 9253 
CLU_7941 3118607116306 12786 
CLU_7941 3118602190931 12596 
CLU_7941 3118602190923 11541 
CLU_7941 3118602190893 13045 
CLU_7941 3118602190486 10932 
CLU_7941 3118602190915 12391 
CLU_7941 3118602190222 12687 
CLU_7941 3118604696077 7204 
CLU_7941 3118602191024 7172 
CLU_7941 3118602190478 7002 
CLU_7941 3118602190389 6465 
CLU_7941 3118607110316 4577 
CLU_7941 3118602220261 7667 
CLU_7941 3118602190397 6000 
CLU_7941 3118602190176 7421 
CLU_7941 3118602191059 8188 
CLU_7941 3118602191040 8823 
CLU_7941 3118602190451 6126 
CLU_7941 3118602190206 5710 
CLU_7941 3118602190966 4591 
CLU_7941 3118602190400 5696 
CLU_7941 3118602190877 5710 
CLU_7941 3118602190826 2609 
CLU_7941 3118602190729 6012 
CLU_7941 3118602190656 6012 
CLU_7941 3118602190834 5546 
CLU_7941 3118602190710 6808 
CLU_7941 3118602190796 6563 
CLU_7941 3118602190648 6557 
CLU_7941 3118602190818 2745 
CLU_7941 3118602190885 6066 
CLU_7941 3118607053355 4038 
CLU_7941 3118602190192 15626 
CLU_7941 3118602190214 14765 
CLU_7941 3118602190680 13786 
CLU_7941 3118602190753 10378 
CLU_7941 3118602190141 12968 
CLU_7941 3118602220245 12285 
CLU_7941 3118602190788 11360 
CLU_7941 CLU_2943 12091 
CLU_7941 CLU_2961 11476 
CLU_7941 CLU_2970 11874 
CLU_7941 CLU_2971 12389 
CLU_7941 CLU_3051 7172 
CLU_7941 CLU_3055 6475 
CLU_7941 CLU_3060 6139 
CLU_7941 CLU_3084 4873 
CLU_7941 CLU_3086 4216 
CLU_7941 CLU_3087 5007 
CLU_7941 CLU_3098 5528 
CLU_7941 CLU_3108 7507 
CLU_7941 CLU_3121 13949 
CLU_7941 CLU_3128 16097 
CLU_7941 CLU_3141 14816 
CLU_7941 CLU_3143 13943 
CLU_7941 CLU_3160 13645 
CLU_7941 CLU_3166 11605 
CLU_7941 CLU_3176 12563 
CLU_7941 CLU_3200 12478 
CLU_7941 CLU_3214 13111 
CLU_7941 CLU_7923 7036 
CLU_7942 3118602190990 10572 
CLU_7942 3118602191229 11088 
CLU_7942 3118602190591 11210 
CLU_7942 3118602190567 12087 
CLU_7942 3118602190532 12511 
CLU_7942 3118602190494 13533 
CLU_7942 3118602190869 10930 
CLU_7942 3118602190605 10154 
CLU_7942 3118602190109 9417 
CLU_7942 3118607116306 13602 
CLU_7942 3118602190931 13353 
CLU_7942 3118602190923 12682 
CLU_7942 3118602190893 14358 
CLU_7942 3118602190486 11904 
CLU_7942 3118602190915 13792 
CLU_7942 3118602190222 13790 
CLU_7942 3118604696077 6418 
CLU_7942 3118602191024 5787 
CLU_7942 3118602190478 5416 
CLU_7942 3118602190389 4816 
CLU_7942 3118607110316 3812 
CLU_7942 3118602220261 6620 
CLU_7942 3118602190397 4787 
CLU_7942 3118602190176 7105 
CLU_7942 3118602191059 7116 
CLU_7942 3118602191040 7149 
CLU_7942 3118602190451 3686 
CLU_7942 3118602190206 3191 
CLU_7942 3118602190966 1741 
CLU_7942 3118602190400 3590 
CLU_7942 3118602190877 3191 
CLU_7942 3118602190826 5715 
CLU_7942 3118602190729 9091 
CLU_7942 3118602190656 9091 
CLU_7942 3118602190834 8613 
CLU_7942 3118602190710 9915 
CLU_7942 3118602190796 9667 
CLU_7942 3118602190648 9645 
CLU_7942 3118602190818 5828 
CLU_7942 3118602190885 7248 
CLU_7942 3118607053355 1681 
CLU_7942 3118602190192 13756 
CLU_7942 3118602190214 12889 
CLU_7942 3118602190680 11691 
CLU_7942 3118602190753 8462 
CLU_7942 3118602190141 10678 
CLU_7942 3118602220245 10740 
CLU_7942 3118602190788 10572 
CLU_7942 CLU_2943 11697 
CLU_7942 CLU_2961 11656 
CLU_7942 CLU_2970 12318 
CLU_7942 CLU_2971 12817 
CLU_7942 CLU_3051 5787 
CLU_7942 CLU_3055 6180 
CLU_7942 CLU_3060 6175 
CLU_7942 CLU_3084 2546 
CLU_7942 CLU_3086 7288 
CLU_7942 CLU_3087 8072 
CLU_7942 CLU_3098 8636 
CLU_7942 CLU_3108 9894 
CLU_7942 CLU_3121 12575 
CLU_7942 CLU_3128 14400 
CLU_7942 CLU_3141 12746 
CLU_7942 CLU_3143 12020 
CLU_7942 CLU_3160 11636 
CLU_7942 CLU_3166 9678 
CLU_7942 CLU_3176 10660 
CLU_7942 CLU_3200 11127 
CLU_7942 CLU_3214 12192 
CLU_7942 CLU_7923 8475 
CLU_7943 3118602190990 12211 
CLU_7943 3118602191229 12592 
CLU_7943 3118602190591 12147 
CLU_7943 3118602190567 11635 
CLU_7943 3118602190532 11436 
CLU_7943 3118602190494 12161 
CLU_7943 3118602190869 10110 
CLU_7943 3118602190605 9003 
CLU_7943 3118602190109 9043 
CLU_7943 3118607116306 10915 
CLU_7943 3118602190931 10846 
CLU_7943 3118602190923 9274 
CLU_7943 3118602190893 10311 
CLU_7943 3118602190486 9052 
CLU_7943 3118602190915 9574 
CLU_7943 3118602190222 10346 
CLU_7943 3118604696077 8894 
CLU_7943 3118602191024 9602 
CLU_7943 3118602190478 9705 
CLU_7943 3118602190389 9365 
CLU_7943 3118607110316 7259 
CLU_7943 3118602220261 9564 
CLU_7943 3118602190397 8564 
CLU_7943 3118602190176 8418 
CLU_7943 3118602191059 9995 
CLU_7943 3118602191040 11283 
CLU_7943 3118602190451 9902 
CLU_7943 3118602190206 9630 
CLU_7943 3118602190966 8967 
CLU_7943 3118602190400 9236 
CLU_7943 3118602190877 9630 
CLU_7943 3118602190826 2870 
CLU_7943 3118602190729 3382 
CLU_7943 3118602190656 3382 
CLU_7943 3118602190834 3303 
CLU_7943 3118602190710 2958 
CLU_7943 3118602190796 3207 
CLU_7943 3118602190648 3579 
CLU_7943 3118602190818 2330 
CLU_7943 3118602190885 5272 
CLU_7943 3118607053355 8197 
CLU_7943 3118602190192 17708 
CLU_7943 3118602190214 16907 
CLU_7943 3118602190680 16327 
CLU_7943 3118602190753 12948 
CLU_7943 3118602190141 15861 
CLU_7943 3118602220245 14129 
CLU_7943 3118602190788 12211 
CLU_7943 CLU_2943 12249 
CLU_7943 CLU_2961 10823 
CLU_7943 CLU_2970 10736 
CLU_7943 CLU_2971 11208 
CLU_7943 CLU_3051 9602 
CLU_7943 CLU_3055 7769 
CLU_7943 CLU_3060 7123 
CLU_7943 CLU_3084 8794 
CLU_7943 CLU_3086 2895 
CLU_7943 CLU_3087 3118 
CLU_7943 CLU_3098 2296 
CLU_7943 CLU_3108 3519 
CLU_7943 CLU_3121 15388 
CLU_7943 CLU_3128 17879 
CLU_7943 CLU_3141 17255 
CLU_7943 CLU_3143 16211 
CLU_7943 CLU_3160 16065 
CLU_7943 CLU_3166 14068 
CLU_7943 CLU_3176 14907 
CLU_7943 CLU_3200 14021 
CLU_7943 CLU_3214 13945 
CLU_7943 CLU_7923 5291 
CLU_7944 3118602190990 11859 
CLU_7944 3118602191229 12181 
CLU_7944 3118602190591 11622 
CLU_7944 3118602190567 10791 
CLU_7944 3118602190532 10447 
CLU_7944 3118602190494 11054 
CLU_7944 3118602190869 9290 
CLU_7944 3118602190605 8205 
CLU_7944 3118602190109 8459 
CLU_7944 3118607116306 9555 
CLU_7944 3118602190931 9534 
CLU_7944 3118602190923 7833 
CLU_7944 3118602190893 8664 
CLU_7944 3118602190486 7775 
CLU_7944 3118602190915 7921 
CLU_7944 3118602190222 8834 
CLU_7944 3118604696077 9095 
CLU_7944 3118602191024 10037 
CLU_7944 3118602190478 10240 
CLU_7944 3118602190389 10002 
CLU_7944 3118607110316 8006 
CLU_7944 3118602220261 9791 
CLU_7944 3118602190397 9133 
CLU_7944 3118602190176 8389 
CLU_7944 3118602191059 10156 
CLU_7944 3118602191040 11629 
CLU_7944 3118602190451 10860 
CLU_7944 3118602190206 10662 
CLU_7944 3118602190966 10229 
CLU_7944 3118602190400 10134 
CLU_7944 3118602190877 10662 
CLU_7944 3118602190826 4823 
CLU_7944 3118602190729 4800 
CLU_7944 3118602190656 4800 
CLU_7944 3118602190834 4883 
CLU_7944 3118602190710 3792 
CLU_7944 3118602190796 4309 
CLU_7944 3118602190648 4793 
CLU_7944 3118602190818 4239 
CLU_7944 3118602190885 4972 
CLU_7944 3118607053355 9402 
CLU_7944 3118602190192 17683 
CLU_7944 3118602190214 16926 
CLU_7944 3118602190680 16530 
CLU_7944 3118602190753 13266 
CLU_7944 3118602190141 16230 
CLU_7944 3118602220245 14103 
CLU_7944 3118602190788 11859 
CLU_7944 CLU_2943 11619 
CLU_7944 CLU_2961 9940 
CLU_7944 CLU_2970 9664 
CLU_7944 CLU_2971 10098 
CLU_7944 CLU_3051 10037 
CLU_7944 CLU_3055 7929 
CLU_7944 CLU_3060 7245 
CLU_7944 CLU_3084 9869 
CLU_7944 CLU_3086 4779 
CLU_7944 CLU_3087 4842 
CLU_7944 CLU_3098 3760 
CLU_7944 CLU_3108 1754 
CLU_7944 CLU_3121 15156 
CLU_7944 CLU_3128 17727 
CLU_7944 CLU_3141 17394 
CLU_7944 CLU_3143 16300 
CLU_7944 CLU_3160 16222 
CLU_7944 CLU_3166 14301 
CLU_7944 CLU_3176 15063 
CLU_7944 CLU_3200 13875 
CLU_7944 CLU_3214 13517 
CLU_7944 CLU_7923 4507 
CLU_7945 3118602190990 8260 
CLU_7945 3118602191229 8652 
CLU_7945 3118602190591 8249 
CLU_7945 3118602190567 7969 
CLU_7945 3118602190532 7937 
CLU_7945 3118602190494 8793 
CLU_7945 3118602190869 6465 
CLU_7945 3118602190605 5382 
CLU_7945 3118602190109 5227 
CLU_7945 3118607116306 8046 
CLU_7945 3118602190931 7885 
CLU_7945 3118602190923 6717 
CLU_7945 3118602190893 8213 
CLU_7945 3118602190486 6161 
CLU_7945 3118602190915 7568 
CLU_7945 3118602190222 7865 
CLU_7945 3118604696077 5065 
CLU_7945 3118602191024 5983 
CLU_7945 3118602190478 6203 
CLU_7945 3118602190389 6002 
CLU_7945 3118607110316 4126 
CLU_7945 3118602220261 5757 
CLU_7945 3118602190397 5115 
CLU_7945 3118602190176 4475 
CLU_7945 3118602191059 6146 
CLU_7945 3118602191040 7577 
CLU_7945 3118602190451 7074 
CLU_7945 3118602190206 6962 
CLU_7945 3118602190966 6876 
CLU_7945 3118602190400 6310 
CLU_7945 3118602190877 6962 
CLU_7945 3118602190826 4907 
CLU_7945 3118602190729 7187 
CLU_7945 3118602190656 7187 
CLU_7945 3118602190834 6980 
CLU_7945 3118602190710 6917 
CLU_7945 3118602190796 7147 
CLU_7945 3118602190648 7477 
CLU_7945 3118602190818 4288 
CLU_7945 3118602190885 1458 
CLU_7945 3118607053355 6007 
CLU_7945 3118602190192 13792 
CLU_7945 3118602190214 13006 
CLU_7945 3118602190680 12521 
CLU_7945 3118602190753 9221 
CLU_7945 3118602190141 12180 
CLU_7945 3118602220245 10207 
CLU_7945 3118602190788 8260 
CLU_7945 CLU_2943 8404 
CLU_7945 CLU_2961 7221 
CLU_7945 CLU_2970 7375 
CLU_7945 CLU_2971 7882 
CLU_7945 CLU_3051 5983 
CLU_7945 CLU_3055 3906 
CLU_7945 CLU_3060 3232 
CLU_7945 CLU_3084 6255 
CLU_7945 CLU_3086 6076 
CLU_7945 CLU_3087 6629 
CLU_7945 CLU_3098 6153 
CLU_7945 CLU_3108 3773 
CLU_7945 CLU_3121 11428 
CLU_7945 CLU_3128 13931 
CLU_7945 CLU_3141 13412 
CLU_7945 CLU_3143 12340 
CLU_7945 CLU_3160 12231 
CLU_7945 CLU_3166 10278 
CLU_7945 CLU_3176 11070 
CLU_7945 CLU_3200 10069 
CLU_7945 CLU_3214 10005 
CLU_7945 CLU_7923 2202 
CLU_7946 3118602190990 4785 
CLU_7946 3118602191229 4620 
CLU_7946 3118602190591 5428 
CLU_7946 3118602190567 7307 
CLU_7946 3118602190532 8228 
CLU_7946 3118602190494 8674 
CLU_7946 3118602190869 8203 
CLU_7946 3118602190605 8963 
CLU_7946 3118602190109 8309 
CLU_7946 3118607116306 10790 
CLU_7946 3118602190931 10481 
CLU_7946 3118602190923 11793 
CLU_7946 3118602190893 13103 
CLU_7946 3118602190486 10956 
CLU_7946 3118602190915 13219 
CLU_7946 3118602190222 12011 
CLU_7946 3118604696077 7930 
CLU_7946 3118602191024 7789 
CLU_7946 3118602190478 8024 
CLU_7946 3118602190389 8607 
CLU_7946 3118607110316 10381 
CLU_7946 3118602220261 7353 
CLU_7946 3118602190397 8956 
CLU_7946 3118602190176 8249 
CLU_7946 3118602191059 6850 
CLU_7946 3118602191040 6219 
CLU_7946 3118602190451 9791 
CLU_7946 3118602190206 10289 
CLU_7946 3118602190966 11797 
CLU_7946 3118602190400 9758 
CLU_7946 3118602190877 10289 
CLU_7946 3118602190826 16748 
CLU_7946 3118602190729 19732 
CLU_7946 3118602190656 19732 
CLU_7946 3118602190834 19438 
CLU_7946 3118602190710 19627 
CLU_7946 3118602190796 19812 
CLU_7946 3118602190648 20095 
CLU_7946 3118602190818 16335 
CLU_7946 3118602190885 11555 
CLU_7946 3118607053355 11671 
CLU_7946 3118602190192 1574 
CLU_7946 3118602190214 1500 
CLU_7946 3118602190680 2985 
CLU_7946 3118602190753 4959 
CLU_7946 3118602190141 4348 
CLU_7946 3118602220245 2669 
CLU_7946 3118602190788 4785 
CLU_7946 CLU_2943 5813 
CLU_7946 CLU_2961 8004 
CLU_7946 CLU_2970 9040 
CLU_7946 CLU_2971 9051 
CLU_7946 CLU_3051 7789 
CLU_7946 CLU_3055 8960 
CLU_7946 CLU_3060 9567 
CLU_7946 CLU_3084 10806 
CLU_7946 CLU_3086 18303 
CLU_7946 CLU_3087 18999 
CLU_7946 CLU_3098 18769 
CLU_7946 CLU_3108 15451 
CLU_7946 CLU_3121 1466 
CLU_7946 CLU_3128 1213 
CLU_7946 CLU_3141 2608 
CLU_7946 CLU_3143 2046 
CLU_7946 CLU_3160 2615 
CLU_7946 CLU_3166 3850 
CLU_7946 CLU_3176 2951 
CLU_7946 CLU_3200 2649 
CLU_7946 CLU_3214 3569 
CLU_7946 CLU_7923 12126 
CLU_7947 3118602190990 4099 
CLU_7947 3118602191229 4028 
CLU_7947 3118602190591 4885 
CLU_7947 3118602190567 6883 
CLU_7947 3118602190532 7831 
CLU_7947 3118602190494 8385 
CLU_7947 3118602190869 7624 
CLU_7947 3118602190605 8298 
CLU_7947 3118602190109 7575 
CLU_7947 3118607116306 10407 
CLU_7947 3118602190931 10087 
CLU_7947 3118602190923 11282 
CLU_7947 3118602190893 12680 
CLU_7947 3118602190486 10407 
CLU_7947 3118602190915 12743 
CLU_7947 3118602190222 11590 
CLU_7947 3118604696077 6944 
CLU_7947 3118602191024 6758 
CLU_7947 3118602190478 6986 
CLU_7947 3118602190389 7568 
CLU_7947 3118607110316 9357 
CLU_7947 3118602220261 6350 
CLU_7947 3118602190397 7927 
CLU_7947 3118602190176 7324 
CLU_7947 3118602191059 5854 
CLU_7947 3118602191040 5179 
CLU_7947 3118602190451 8758 
CLU_7947 3118602190206 9255 
CLU_7947 3118602190966 10761 
CLU_7947 3118602190400 8718 
CLU_7947 3118602190877 9255 
CLU_7947 3118602190826 15749 
CLU_7947 3118602190729 18766 
CLU_7947 3118602190656 18766 
CLU_7947 3118602190834 18463 
CLU_7947 3118602190710 18694 
CLU_7947 3118602190796 18864 
CLU_7947 3118602190648 19138 
CLU_7947 3118602190818 15347 
CLU_7947 3118602190885 10677 
CLU_7947 3118607053355 10631 
CLU_7947 3118602190192 2081 
CLU_7947 3118602190214 1520 
CLU_7947 3118602190680 2493 
CLU_7947 3118602190753 3938 
CLU_7947 3118602190141 3703 
CLU_7947 3118602220245 1650 
CLU_7947 3118602190788 4099 
CLU_7947 CLU_2943 5356 
CLU_7947 CLU_2961 7510 
CLU_7947 CLU_2970 8594 
CLU_7947 CLU_2971 8660 
CLU_7947 CLU_3051 6758 
CLU_7947 CLU_3055 7999 
CLU_7947 CLU_3060 8620 
CLU_7947 CLU_3084 9766 
CLU_7947 CLU_3086 17316 
CLU_7947 CLU_3087 18018 
CLU_7947 CLU_3098 17813 
CLU_7947 CLU_3108 14639 
CLU_7947 CLU_3121 1194 
CLU_7947 CLU_3128 2180 
CLU_7947 CLU_3141 2508 
CLU_7947 CLU_3143 1553 
CLU_7947 CLU_3160 2043 
CLU_7947 CLU_3166 2869 
CLU_7947 CLU_3176 2039 
CLU_7947 CLU_3200 1798 
CLU_7947 CLU_3214 3212 
CLU_7947 CLU_7923 11308 
CLU_7948 3118602190990 5024 
CLU_7948 3118602191229 4847 
CLU_7948 3118602190591 5645 
CLU_7948 3118602190567 7499 
CLU_7948 3118602190532 8414 
CLU_7948 3118602190494 8839 
CLU_7948 3118602190869 8422 
CLU_7948 3118602190605 9194 
CLU_7948 3118602190109 8549 
CLU_7948 3118607116306 10971 
CLU_7948 3118602190931 10664 
CLU_7948 3118602190923 11996 
CLU_7948 3118602190893 13289 
CLU_7948 3118602190486 11167 
CLU_7948 3118602190915 13416 
CLU_7948 3118602190222 12198 
CLU_7948 3118604696077 8192 
CLU_7948 3118602191024 8046 
CLU_7948 3118602190478 8278 
CLU_7948 3118602190389 8860 
CLU_7948 3118607110316 10640 
CLU_7948 3118602220261 7614 
CLU_7948 3118602190397 9214 
CLU_7948 3118602190176 8510 
CLU_7948 3118602191059 7112 
CLU_7948 3118602191040 6470 
CLU_7948 3118602190451 10028 
CLU_7948 3118602190206 10527 
CLU_7948 3118602190966 12037 
CLU_7948 3118602190400 10004 
CLU_7948 3118602190877 10527 
CLU_7948 3118602190826 17010 
CLU_7948 3118602190729 19994 
CLU_7948 3118602190656 19994 
CLU_7948 3118602190834 19700 
CLU_7948 3118602190710 19887 
CLU_7948 3118602190796 20074 
CLU_7948 3118602190648 20357 
CLU_7948 3118602190818 16597 
CLU_7948 3118602190885 11812 
CLU_7948 3118607053355 11918 
CLU_7948 3118602190192 1451 
CLU_7948 3118602190214 1524 
CLU_7948 3118602190680 3079 
CLU_7948 3118602190753 5192 
CLU_7948 3118602190141 4465 
CLU_7948 3118602220245 2928 
CLU_7948 3118602190788 5024 
CLU_7948 CLU_2943 6016 
CLU_7948 CLU_2961 8208 
CLU_7948 CLU_2970 9235 
CLU_7948 CLU_2971 9235 
CLU_7948 CLU_3051 8046 
CLU_7948 CLU_3055 9223 
CLU_7948 CLU_3060 9829 
CLU_7948 CLU_3084 11051 
CLU_7948 CLU_3086 18566 
CLU_7948 CLU_3087 19261 
CLU_7948 CLU_3098 19031 
CLU_7948 CLU_3108 15699 
CLU_7948 CLU_3121 1689 
CLU_7948 CLU_3128 956 
CLU_7948 CLU_3141 2613 
CLU_7948 CLU_3143 2163 
CLU_7948 CLU_3160 2735 
CLU_7948 CLU_3166 4066 
CLU_7948 CLU_3176 3151 
CLU_7948 CLU_3200 2908 
CLU_7948 CLU_3214 3765 
CLU_7948 CLU_7923 12376 
CLU_7949 3118602190990 4865 
CLU_7949 3118602191229 4681 
CLU_7949 3118602190591 5476 
CLU_7949 3118602190567 7325 
CLU_7949 3118602190532 8239 
CLU_7949 3118602190494 8664 
CLU_7949 3118602190869 8252 
CLU_7949 3118602190605 9029 
CLU_7949 3118602190109 8391 
CLU_7949 3118607116306 10795 
CLU_7949 3118602190931 10488 
CLU_7949 3118602190923 11823 
CLU_7949 3118602190893 13114 
CLU_7949 3118602190486 10995 
CLU_7949 3118602190915 13241 
CLU_7949 3118602190222 12023 
CLU_7949 3118604696077 8079 
CLU_7949 3118602191024 7959 
CLU_7949 3118602190478 8199 
CLU_7949 3118602190389 8784 
CLU_7949 3118607110316 10546 
CLU_7949 3118602220261 7509 
CLU_7949 3118602190397 9124 
CLU_7949 3118602190176 8380 
CLU_7949 3118602191059 7004 
CLU_7949 3118602191040 6398 
CLU_7949 3118602190451 9979 
CLU_7949 3118602190206 10477 
CLU_7949 3118602190966 11984 
CLU_7949 3118602190400 9941 
CLU_7949 3118602190877 10477 
CLU_7949 3118602190826 16900 
CLU_7949 3118602190729 19873 
CLU_7949 3118602190656 19873 
CLU_7949 3118602190834 19581 
CLU_7949 3118602190710 19756 
CLU_7949 3118602190796 19947 
CLU_7949 3118602190648 20232 
CLU_7949 3118602190818 16483 
CLU_7949 3118602190885 11671 
CLU_7949 3118607053355 11853 
CLU_7949 3118602190192 1619 
CLU_7949 3118602190214 1638 
CLU_7949 3118602190680 3157 
CLU_7949 3118602190753 5150 
CLU_7949 3118602190141 4529 
CLU_7949 3118602220245 2836 
CLU_7949 3118602190788 4865 
CLU_7949 CLU_2943 5842 
CLU_7949 CLU_2961 8035 
CLU_7949 CLU_2970 9060 
CLU_7949 CLU_2971 9060 
CLU_7949 CLU_3051 7959 
CLU_7949 CLU_3055 9101 
CLU_7949 CLU_3060 9703 
CLU_7949 CLU_3084 10989 
CLU_7949 CLU_3086 18452 
CLU_7949 CLU_3087 19144 
CLU_7949 CLU_3098 18906 
CLU_7949 CLU_3108 15547 
CLU_7949 CLU_3121 1523 
CLU_7949 CLU_3128 1105 
CLU_7949 CLU_3141 2738 
CLU_7949 CLU_3143 2225 
CLU_7949 CLU_3160 2796 
CLU_7949 CLU_3166 4045 
CLU_7949 CLU_3176 3147 
CLU_7949 CLU_3200 2776 
CLU_7949 CLU_3214 3591 
CLU_7949 CLU_7923 12225 
CLU_7950 3118602190990 4176 
CLU_7950 3118602191229 4022 
CLU_7950 3118602190591 4840 
CLU_7950 3118602190567 6749 
CLU_7950 3118602190532 7680 
CLU_7950 3118602190494 8160 
CLU_7950 3118602190869 7612 
CLU_7950 3118602190605 8359 
CLU_7950 3118602190109 7698 
CLU_7950 3118607116306 10249 
CLU_7950 3118602190931 9936 
CLU_7950 3118602190923 11218 
CLU_7950 3118602190893 12551 
CLU_7950 3118602190486 10373 
CLU_7950 3118602190915 12654 
CLU_7950 3118602190222 11459 
CLU_7950 3118604696077 7364 
CLU_7950 3118602191024 7276 
CLU_7950 3118602190478 7533 
CLU_7950 3118602190389 8122 
CLU_7950 3118607110316 9850 
CLU_7950 3118602220261 6800 
CLU_7950 3118602190397 8436 
CLU_7950 3118602190176 7656 
CLU_7950 3118602191059 6293 
CLU_7950 3118602191040 5745 
CLU_7950 3118602190451 9372 
CLU_7950 3118602190206 9867 
CLU_7950 3118602190966 11367 
CLU_7950 3118602190400 9305 
CLU_7950 3118602190877 9867 
CLU_7950 3118602190826 16187 
CLU_7950 3118602190729 19150 
CLU_7950 3118602190656 19150 
CLU_7950 3118602190834 18860 
CLU_7950 3118602190710 19032 
CLU_7950 3118602190796 19223 
CLU_7950 3118602190648 19509 
CLU_7950 3118602190818 15766 
CLU_7950 3118602190885 10950 
CLU_7950 3118607053355 11210 
CLU_7950 3118602190192 2093 
CLU_7950 3118602190214 1801 
CLU_7950 3118602190680 3062 
CLU_7950 3118602190753 4578 
CLU_7950 3118602190141 4338 
CLU_7950 3118602220245 2159 
CLU_7950 3118602190788 4176 
CLU_7950 CLU_2943 5244 
CLU_7950 CLU_2961 7430 
CLU_7950 CLU_2970 8480 
CLU_7950 CLU_2971 8506 
CLU_7950 CLU_3051 7276 
CLU_7950 CLU_3055 8380 
CLU_7950 CLU_3060 8980 
CLU_7950 CLU_3084 10355 
CLU_7950 CLU_3086 17734 
CLU_7950 CLU_3087 18425 
CLU_7950 CLU_3098 18182 
CLU_7950 CLU_3108 14839 
CLU_7950 CLU_3121 889 
CLU_7950 CLU_3128 1819 
CLU_7950 CLU_3141 2891 
CLU_7950 CLU_3143 2102 
CLU_7950 CLU_3160 2637 
CLU_7950 CLU_3166 3540 
CLU_7950 CLU_3176 2722 
CLU_7950 CLU_3200 2052 
CLU_7950 CLU_3214 3016 
CLU_7950 CLU_7923 11515 
CLU_7951 3118602190990 4699 
CLU_7951 3118602191229 4547 
CLU_7951 3118602190591 5364 
CLU_7951 3118602190567 7263 
CLU_7951 3118602190532 8189 
CLU_7951 3118602190494 8651 
CLU_7951 3118602190869 8137 
CLU_7951 3118602190605 8884 
CLU_7951 3118602190109 8219 
CLU_7951 3118607116306 10755 
CLU_7951 3118602190931 10444 
CLU_7951 3118602190923 11739 
CLU_7951 3118602190893 13062 
CLU_7951 3118602190486 10896 
CLU_7951 3118602190915 13171 
CLU_7951 3118602190222 11971 
CLU_7951 3118604696077 7797 
CLU_7951 3118602191024 7646 
CLU_7951 3118602190478 7879 
CLU_7951 3118602190389 8461 
CLU_7951 3118607110316 10240 
CLU_7951 3118602220261 7217 
CLU_7951 3118602190397 8813 
CLU_7951 3118602190176 8128 
CLU_7951 3118602191059 6715 
CLU_7951 3118602191040 6072 
CLU_7951 3118602190451 9641 
CLU_7951 3118602190206 10139 
CLU_7951 3118602190966 11647 
CLU_7951 3118602190400 9609 
CLU_7951 3118602190877 10139 
CLU_7951 3118602190826 16613 
CLU_7951 3118602190729 19604 
CLU_7951 3118602190656 19604 
CLU_7951 3118602190834 19308 
CLU_7951 3118602190710 19505 
CLU_7951 3118602190796 19688 
CLU_7951 3118602190648 19969 
CLU_7951 3118602190818 16202 
CLU_7951 3118602190885 11443 
CLU_7951 3118607053355 11523 
CLU_7951 3118602190192 1590 
CLU_7951 3118602190214 1432 
CLU_7951 3118602190680 2876 
CLU_7951 3118602190753 4809 
CLU_7951 3118602190141 4227 
CLU_7951 3118602220245 2528 
CLU_7951 3118602190788 4699 
CLU_7951 CLU_2943 5762 
CLU_7951 CLU_2961 7950 
CLU_7951 CLU_2970 8995 
CLU_7951 CLU_2971 9014 
CLU_7951 CLU_3051 7646 
CLU_7951 CLU_3055 8833 
CLU_7951 CLU_3060 9442 
CLU_7951 CLU_3084 10657 
CLU_7951 CLU_3086 18171 
CLU_7951 CLU_3087 18868 
CLU_7951 CLU_3098 18643 
CLU_7951 CLU_3108 15350 
CLU_7951 CLU_3121 1407 
CLU_7951 CLU_3128 1332 
CLU_7951 CLU_3141 2542 
CLU_7951 CLU_3143 1929 
CLU_7951 CLU_3160 2496 
CLU_7951 CLU_3166 3701 
CLU_7951 CLU_3176 2806 
CLU_7951 CLU_3200 2533 
CLU_7951 CLU_3214 3526 
CLU_7951 CLU_7923 12024 
CLU_7952 3118602190990 4349 
CLU_7952 3118602191229 4235 
CLU_7952 3118602190591 5073 
CLU_7952 3118602190567 7024 
CLU_7952 3118602190532 7962 
CLU_7952 3118602190494 8471 
CLU_7952 3118602190869 7834 
CLU_7952 3118602190605 8547 
CLU_7952 3118602190109 7854 
CLU_7952 3118607116306 10536 
CLU_7952 3118602190931 10220 
CLU_7952 3118602190923 11466 
CLU_7952 3118602190893 12827 
CLU_7952 3118602190486 10607 
CLU_7952 3118602190915 12913 
CLU_7952 3118602190222 11736 
CLU_7952 3118604696077 7340 
CLU_7952 3118602191024 7178 
CLU_7952 3118602190478 7410 
CLU_7952 3118602190389 7993 
CLU_7952 3118607110316 9773 
CLU_7952 3118602220261 6755 
CLU_7952 3118602190397 8346 
CLU_7952 3118602190176 7691 
CLU_7952 3118602191059 6255 
CLU_7952 3118602191040 5605 
CLU_7952 3118602190451 9183 
CLU_7952 3118602190206 9681 
CLU_7952 3118602190966 11188 
CLU_7952 3118602190400 9145 
CLU_7952 3118602190877 9681 
CLU_7952 3118602190826 16153 
CLU_7952 3118602190729 19154 
CLU_7952 3118602190656 19154 
CLU_7952 3118602190834 18855 
CLU_7952 3118602190710 19067 
CLU_7952 3118602190796 19244 
CLU_7952 3118602190648 19522 
CLU_7952 3118602190818 15745 
CLU_7952 3118602190885 11023 
CLU_7952 3118607053355 11058 
CLU_7952 3118602190192 1835 
CLU_7952 3118602190214 1441 
CLU_7952 3118602190680 2674 
CLU_7952 3118602190753 4359 
CLU_7952 3118602190141 3962 
CLU_7952 3118602220245 2061 
CLU_7952 3118602190788 4349 
CLU_7952 CLU_2943 5507 
CLU_7952 CLU_2961 7683 
CLU_7952 CLU_2970 8748 
CLU_7952 CLU_2971 8790 
CLU_7952 CLU_3051 7178 
CLU_7952 CLU_3055 8383 
CLU_7952 CLU_3060 8998 
CLU_7952 CLU_3084 10193 
CLU_7952 CLU_3086 17714 
CLU_7952 CLU_3087 18413 
CLU_7952 CLU_3098 18197 
CLU_7952 CLU_3108 14957 
CLU_7952 CLU_3121 1190 
CLU_7952 CLU_3128 1780 
CLU_7952 CLU_3141 2516 
CLU_7952 CLU_3143 1713 
CLU_7952 CLU_3160 2253 
CLU_7952 CLU_3166 3273 
CLU_7952 CLU_3176 2410 
CLU_7952 CLU_3200 2115 
CLU_7952 CLU_3214 3306 
CLU_7952 CLU_7923 11628 
CLU_7953 3118602190990 3765 
CLU_7953 3118602191229 3657 
CLU_7953 3118602190591 4501 
CLU_7953 3118602190567 6473 
CLU_7953 3118602190532 7416 
CLU_7953 3118602190494 7952 
CLU_7953 3118602190869 7257 
CLU_7953 3118602190605 7964 
CLU_7953 3118602190109 7271 
CLU_7953 3118607116306 9992 
CLU_7953 3118602190931 9674 
CLU_7953 3118602190923 10898 
CLU_7953 3118602190893 12274 
CLU_7953 3118602190486 10033 
CLU_7953 3118602190915 12350 
CLU_7953 3118602190222 11183 
CLU_7953 3118604696077 6837 
CLU_7953 3118602191024 6743 
CLU_7953 3118602190478 7003 
CLU_7953 3118602190389 7593 
CLU_7953 3118607110316 9318 
CLU_7953 3118602220261 6270 
CLU_7953 3118602190397 7903 
CLU_7953 3118602190176 7148 
CLU_7953 3118602191059 5763 
CLU_7953 3118602191040 5220 
CLU_7953 3118602190451 8864 
CLU_7953 3118602190206 9357 
CLU_7953 3118602190966 10854 
CLU_7953 3118602190400 8785 
CLU_7953 3118602190877 9357 
CLU_7953 3118602190826 15659 
CLU_7953 3118602190729 18632 
CLU_7953 3118602190656 18632 
CLU_7953 3118602190834 18339 
CLU_7953 3118602190710 18525 
CLU_7953 3118602190796 18711 
CLU_7953 3118602190648 18994 
CLU_7953 3118602190818 15241 
CLU_7953 3118602190885 10462 
CLU_7953 3118607053355 10688 
CLU_7953 3118602190192 2413 
CLU_7953 3118602190214 1940 
CLU_7953 3118602190680 2938 
CLU_7953 3118602190753 4093 
CLU_7953 3118602190141 4112 
CLU_7953 3118602220245 1630 
CLU_7953 3118602190788 3765 
CLU_7953 CLU_2943 4950 
CLU_7953 CLU_2961 7118 
CLU_7953 CLU_2970 8191 
CLU_7953 CLU_2971 8245 
CLU_7953 CLU_3051 6743 
CLU_7953 CLU_3055 7860 
CLU_7953 CLU_3060 8465 
CLU_7953 CLU_3084 9835 
CLU_7953 CLU_3086 17209 
CLU_7953 CLU_3087 17902 
CLU_7953 CLU_3098 17667 
CLU_7953 CLU_3108 14380 
CLU_7953 CLU_3121 740 
CLU_7953 CLU_3128 2313 
CLU_7953 CLU_3141 2956 
CLU_7953 CLU_3143 2005 
CLU_7953 CLU_3160 2482 
CLU_7953 CLU_3166 3104 
CLU_7953 CLU_3176 2356 
CLU_7953 CLU_3200 1551 
CLU_7953 CLU_3214 2778 
CLU_7953 CLU_7923 11052 
CLU_7954 3118602190990 5300 
CLU_7954 3118602191229 5065 
CLU_7954 3118602190591 5814 
CLU_7954 3118602190567 7562 
CLU_7954 3118602190532 8450 
CLU_7954 3118602190494 8802 
CLU_7954 3118602190869 8581 
CLU_7954 3118602190605 9407 
CLU_7954 3118602190109 8818 
CLU_7954 3118607116306 10979 
CLU_7954 3118602190931 10681 
CLU_7954 3118602190923 12085 
CLU_7954 3118602190893 13313 
CLU_7954 3118602190486 11286 
CLU_7954 3118602190915 13475 
CLU_7954 3118602190222 12225 
CLU_7954 3118604696077 8683 
CLU_7954 3118602191024 8604 
CLU_7954 3118602190478 8855 
CLU_7954 3118602190389 9442 
CLU_7954 3118607110316 11181 
CLU_7954 3118602220261 8127 
CLU_7954 3118602190397 9765 
CLU_7954 3118602190176 8938 
CLU_7954 3118602191059 7617 
CLU_7954 3118602191040 7059 
CLU_7954 3118602190451 10652 
CLU_7954 3118602190206 11150 
CLU_7954 3118602190966 12656 
CLU_7954 3118602190400 10609 
CLU_7954 3118602190877 11150 
CLU_7954 3118602190826 17507 
CLU_7954 3118602190729 20449 
CLU_7954 3118602190656 20449 
CLU_7954 3118602190834 20164 
CLU_7954 3118602190710 20304 
CLU_7954 3118602190796 20507 
CLU_7954 3118602190648 20800 
CLU_7954 3118602190818 17080 
CLU_7954 3118602190885 12185 
CLU_7954 3118607053355 12520 
CLU_7954 3118602190192 1801 
CLU_7954 3118602190214 2102 
CLU_7954 3118602190680 3702 
CLU_7954 3118602190753 5825 
CLU_7954 3118602190141 5103 
CLU_7954 3118602220245 3484 
CLU_7954 3118602190788 5300 
CLU_7954 CLU_2943 6122 
CLU_7954 CLU_2961 8311 
CLU_7954 CLU_2970 9297 
CLU_7954 CLU_2971 9261 
CLU_7954 CLU_3051 8604 
CLU_7954 CLU_3055 9684 
CLU_7954 CLU_3060 10273 
CLU_7954 CLU_3084 11658 
CLU_7954 CLU_3086 19047 
CLU_7954 CLU_3087 19733 
CLU_7954 CLU_3098 19473 
CLU_7954 CLU_3108 16007 
CLU_7954 CLU_3121 1969 
CLU_7954 CLU_3128 831 
CLU_7954 CLU_3141 3143 
CLU_7954 CLU_3143 2807 
CLU_7954 CLU_3160 3378 
CLU_7954 CLU_3166 4717 
CLU_7954 CLU_3176 3810 
CLU_7954 CLU_3200 3346 
CLU_7954 CLU_3214 3875 
CLU_7954 CLU_7923 12695 
CLU_7955 3118602190990 5158 
CLU_7955 3118602191229 4926 
CLU_7955 3118602190591 5679 
CLU_7955 3118602190567 7438 
CLU_7955 3118602190532 8330 
CLU_7955 3118602190494 8691 
CLU_7955 3118602190869 8447 
CLU_7955 3118602190605 9270 
CLU_7955 3118602190109 8677 
CLU_7955 3118607116306 10862 
CLU_7955 3118602190931 10563 
CLU_7955 3118602190923 11959 
CLU_7955 3118602190893 13195 
CLU_7955 3118602190486 11157 
CLU_7955 3118602190915 13353 
CLU_7955 3118602190222 12107 
CLU_7955 3118604696077 8541 
CLU_7955 3118602191024 8469 
CLU_7955 3118602190478 8723 
CLU_7955 3118602190389 9310 
CLU_7955 3118607110316 11043 
CLU_7955 3118602220261 7986 
CLU_7955 3118602190397 9629 
CLU_7955 3118602190176 8793 
CLU_7955 3118602191059 7476 
CLU_7955 3118602191040 6929 
CLU_7955 3118602190451 10530 
CLU_7955 3118602190206 11028 
CLU_7955 3118602190966 12533 
CLU_7955 3118602190400 10482 
CLU_7955 3118602190877 11028 
CLU_7955 3118602190826 17364 
CLU_7955 3118602190729 20305 
CLU_7955 3118602190656 20305 
CLU_7955 3118602190834 20021 
CLU_7955 3118602190710 20160 
CLU_7955 3118602190796 20363 
CLU_7955 3118602190648 20656 
CLU_7955 3118602190818 16937 
CLU_7955 3118602190885 12041 
CLU_7955 3118607053355 12391 
CLU_7955 3118602190192 1832 
CLU_7955 3118602190214 2072 
CLU_7955 3118602190680 3653 
CLU_7955 3118602190753 5708 
CLU_7955 3118602190141 5046 
CLU_7955 3118602220245 3350 
CLU_7955 3118602190788 5158 
CLU_7955 CLU_2943 5993 
CLU_7955 CLU_2961 8182 
CLU_7955 CLU_2970 9173 
CLU_7955 CLU_2971 9142 
CLU_7955 CLU_3051 8469 
CLU_7955 CLU_3055 9540 
CLU_7955 CLU_3060 10129 
CLU_7955 CLU_3084 11531 
CLU_7955 CLU_3086 18904 
CLU_7955 CLU_3087 19590 
CLU_7955 CLU_3098 19328 
CLU_7955 CLU_3108 15864 
CLU_7955 CLU_3121 1825 
CLU_7955 CLU_3128 931 
CLU_7955 CLU_3141 3132 
CLU_7955 CLU_3143 2745 
CLU_7955 CLU_3160 3317 
CLU_7955 CLU_3166 4610 
CLU_7955 CLU_3176 3712 
CLU_7955 CLU_3200 3202 
CLU_7955 CLU_3214 3744 
CLU_7955 CLU_7923 12552 
CLU_948 3118602190990 1610 
CLU_948 3118602191229 1202 
CLU_948 3118602190591 707 
CLU_948 3118602190567 1995 
CLU_948 3118602190532 2934 
CLU_948 3118602190494 3537 
CLU_948 3118602190869 3037 
CLU_948 3118602190605 3994 
CLU_948 3118602190109 3686 
CLU_948 3118607116306 5510 
CLU_948 3118602190931 5191 
CLU_948 3118602190923 6490 
CLU_948 3118602190893 7799 
CLU_948 3118602190486 5687 
CLU_948 3118602190915 7905 
CLU_948 3118602190222 6707 
CLU_948 3118604696077 5499 
CLU_948 3118602191024 6339 
CLU_948 3118602190478 6839 
CLU_948 3118602190389 7379 
CLU_948 3118607110316 8190 
CLU_948 3118602220261 5358 
CLU_948 3118602190397 7153 
CLU_948 3118602190176 5012 
CLU_948 3118602191059 4917 
CLU_948 3118602191040 5786 
CLU_948 3118602190451 9213 
CLU_948 3118602190206 9601 
CLU_948 3118602190966 10847 
CLU_948 3118602190400 8766 
CLU_948 3118602190877 9601 
CLU_948 3118602190826 13549 
CLU_948 3118602190729 16030 
CLU_948 3118602190656 16030 
CLU_948 3118602190834 15832 
CLU_948 3118602190710 15614 
CLU_948 3118602190796 15926 
CLU_948 3118602190648 16291 
CLU_948 3118602190818 13004 
CLU_948 3118602190885 7455 
CLU_948 3118607053355 10345 
CLU_948 3118602190192 6846 
CLU_948 3118602190214 6417 
CLU_948 3118602190680 7067 
CLU_948 3118602190753 5964 
CLU_948 3118602190141 7804 
CLU_948 3118602220245 4229 
CLU_948 3118602190788 1610 
CLU_948 CLU_2943 534 
CLU_948 CLU_2961 2710 
CLU_948 CLU_2970 3727 
CLU_948 CLU_2971 3763 
CLU_948 CLU_3051 6339 
CLU_948 CLU_3055 5969 
CLU_948 CLU_3060 6301 
CLU_948 CLU_3084 9706 
CLU_948 CLU_3086 14890 
CLU_948 CLU_3087 15475 
CLU_948 CLU_3098 14978 
CLU_948 CLU_3108 10796 
CLU_948 CLU_3121 3864 
CLU_948 CLU_3128 6377 
CLU_948 CLU_3141 7372 
CLU_948 CLU_3143 6288 
CLU_948 CLU_3160 6598 
CLU_948 CLU_3166 5872 
CLU_948 CLU_3176 5833 
CLU_948 CLU_3200 3420 
CLU_948 CLU_3214 1745 
CLU_948 CLU_7923 7617 
CLU_952 3118602190990 1825 
CLU_952 3118602191229 1502 
CLU_952 3118602190591 762 
CLU_952 3118602190567 1563 
CLU_952 3118602190532 2509 
CLU_952 3118602190494 3157 
CLU_952 3118602190869 2622 
CLU_952 3118602190605 3607 
CLU_952 3118602190109 3368 
CLU_952 3118607116306 5085 
CLU_952 3118602190931 4764 
CLU_952 3118602190923 6051 
CLU_952 3118602190893 7366 
CLU_952 3118602190486 5250 
CLU_952 3118602190915 7467 
CLU_952 3118602190222 6274 
CLU_952 3118604696077 5446 
CLU_952 3118602191024 6367 
CLU_952 3118602190478 6880 
CLU_952 3118602190389 7403 
CLU_952 3118607110316 8101 
CLU_952 3118602220261 5361 
CLU_952 3118602190397 7125 
CLU_952 3118602190176 4872 
CLU_952 3118602191059 4945 
CLU_952 3118602191040 5931 
CLU_952 3118602190451 9264 
CLU_952 3118602190206 9636 
CLU_952 3118602190966 10844 
CLU_952 3118602190400 8785 
CLU_952 3118602190877 9636 
CLU_952 3118602190826 13313 
CLU_952 3118602190729 15736 
CLU_952 3118602190656 15736 
CLU_952 3118602190834 15548 
CLU_952 3118602190710 15291 
CLU_952 3118602190796 15615 
CLU_952 3118602190648 15987 
CLU_952 3118602190818 12757 
CLU_952 3118602190885 7158 
CLU_952 3118607053355 10313 
CLU_952 3118602190192 7280 
CLU_952 3118602190214 6842 
CLU_952 3118602190680 7459 
CLU_952 3118602190753 6216 
CLU_952 3118602190141 8159 
CLU_952 3118602220245 4597 
CLU_952 3118602190788 1825 
CLU_952 CLU_2943 172 
CLU_952 CLU_2961 2271 
CLU_952 CLU_2970 3290 
CLU_952 CLU_2971 3338 
CLU_952 CLU_3051 6367 
CLU_952 CLU_3055 5834 
CLU_952 CLU_3060 6124 
CLU_952 CLU_3084 9702 
CLU_952 CLU_3086 14628 
CLU_952 CLU_3087 15200 
CLU_952 CLU_3098 14679 
CLU_952 CLU_3108 10419 
CLU_952 CLU_3121 4300 
CLU_952 CLU_3128 6816 
CLU_952 CLU_3141 7787 
CLU_952 CLU_3143 6695 
CLU_952 CLU_3160 6992 
CLU_952 CLU_3166 6192 
CLU_952 CLU_3176 6197 
CLU_952 CLU_3200 3807 
CLU_952 CLU_3214 2183 
CLU_952 CLU_7923 7269 
CLU_956 3118602190990 4216 
CLU_956 3118602191229 3956 
CLU_956 3118602190591 3130 
CLU_956 3118602190567 1177 
CLU_956 3118602190532 767 
CLU_956 3118602190494 698 
CLU_956 3118602190869 2305 
CLU_956 3118602190605 3327 
CLU_956 3118602190109 3789 
CLU_956 3118607116306 2851 
CLU_956 3118602190931 2575 
CLU_956 3118602190923 4225 
CLU_956 3118602190893 5197 
CLU_956 3118602190486 3690 
CLU_956 3118602190915 5446 
CLU_956 3118602190222 4124 
CLU_956 3118604696077 6972 
CLU_956 3118602191024 8144 
CLU_956 3118602190478 8683 
CLU_956 3118602190389 9131 
CLU_956 3118607110316 9351 
CLU_956 3118602220261 7095 
CLU_956 3118602190397 8665 
CLU_956 3118602190176 6076 
CLU_956 3118602191059 6784 
CLU_956 3118602191040 8063 
CLU_956 3118602190451 11045 
CLU_956 3118602190206 11356 
CLU_956 3118602190966 12394 
CLU_956 3118602190400 10465 
CLU_956 3118602190877 11356 
CLU_956 3118602190826 13605 
CLU_956 3118602190729 15583 
CLU_956 3118602190656 15583 
CLU_956 3118602190834 15471 
CLU_956 3118602190710 14913 
CLU_956 3118602190796 15327 
CLU_956 3118602190648 15750 
CLU_956 3118602190818 12989 
CLU_956 3118602190885 7245 
CLU_956 3118607053355 11752 
CLU_956 3118602190192 9561 
CLU_956 3118602190214 9200 
CLU_956 3118602190680 9905 
CLU_956 3118602190753 8572 
CLU_956 3118602190141 10620 
CLU_956 3118602220245 7058 
CLU_956 3118602190788 4216 
CLU_956 CLU_2943 2492 
CLU_956 CLU_2961 1537 
CLU_956 CLU_2970 1558 
CLU_956 CLU_2971 1251 
CLU_956 CLU_3051 8144 
CLU_956 CLU_3055 6981 
CLU_956 CLU_3060 7043 
CLU_956 CLU_3084 11272 
CLU_956 CLU_3086 14720 
CLU_956 CLU_3087 15195 
CLU_956 CLU_3098 14496 
CLU_956 CLU_3108 9630 
CLU_956 CLU_3121 6596 
CLU_956 CLU_3128 8960 
CLU_956 CLU_3141 10186 
CLU_956 CLU_3143 9117 
CLU_956 CLU_3160 9436 
CLU_956 CLU_3166 8634 
CLU_956 CLU_3176 8659 
CLU_956 CLU_3200 6258 
CLU_956 CLU_3214 4481 
CLU_956 CLU_7923 6911 
;

end;
