#############################################################################
# Project CNPq: Increasing PHC with team sizing
# Author: João Flávio de Freitas Almeida <joao.flavio@dep.ufmg.br>
# LEPOINT: Laboratório de Estudos em Planejamento de Operações Integradas
# Departamento de Engenharia de Produção
# Universidade Federal de Minas Gerais - Escola de Engenharia
#############################################################################
# Health Care Facility Location Problem: Considering fixed facilities,
# choose intermediate facilities according a criteria that improve service
# quality. Consider health care teams.
#############################################################################
# glpsol -m aps.mod -d LS.dat --cuts

#############################################################################
# DADOS REFERENTES AO MUNICIPIO DE: 
# Divinopolis 
#############################################################################
data;
# Distance matrix between same-level facilities (for team transfer) 
# {EL[1], L[1]} default 0; # Distance between L1 facilities (min)  
param DL1 := 
3122302159694 3122302159694 0 
3122302159694 3122302159538 2582 
3122302159694 3122302159600 1800 
3122302159694 3122302159511 863 
3122302159694 3122300273600 2873 
3122302159694 3122302159503 1686 
3122302159694 3122302159597 1979 
3122302159694 3122302159406 3517 
3122302159694 3122302159678 2281 
3122302159694 3122302159422 4863 
3122302159694 3122302159414 5003 
3122302159694 3122304445651 5424 
3122302159694 3122306026028 5385 
3122302159694 3122304194500 3313 
3122302159694 3122302159430 20397 
3122302159694 3122302159392 10379 
3122302159694 3122302206315 2191 
3122302159694 3122307269161 3264 
3122302159694 3122306703518 2239 
3122302159694 3122302159473 3210 
3122302159694 3122302159554 3809 
3122302159694 3122306072046 3467 
3122302159694 3122302159546 3264 
3122302159694 3122307676875 3208 
3122302159694 3122306942822 3036 
3122302159694 3122302206323 3252 
3122302159694 3122303747719 5960 
3122302159694 3122306017940 4265 
3122302159694 3122306942806 4042 
3122302159694 3122304384881 4806 
3122302159694 3122304207866 7104 
3122302159694 3122302701804 4736 
3122302159694 3122302159457 2873 
3122302159694 3122302159856 3582 
3122302159694 3122302159449 6688 
3122302159694 3122307488882 4145 
3122302159694 3122304239571 5656 
3122302159694 3122306223354 5960 
3122302159694 3122302159589 3498 
3122302159694 3122306942849 5047 
3122302159694 3122302159562 10322 
3122302159694 3122302159287 16013 
3122302159694 CLU_2725 16486 
3122302159694 CLU_3545 4243 
3122302159694 CLU_3551 4963 
3122302159694 CLU_3565 11433 
3122302159694 CLU_3570 6250 
3122302159694 CLU_3580 6420 
3122302159694 CLU_3581 4054 
3122302159694 CLU_3588 5466 
3122302159694 CLU_3593 4265 
3122302159694 CLU_3594 5960 
3122302159694 CLU_3602 10322 
3122302159694 CLU_3603 5745 
3122302159694 CLU_3604 8879 
3122302159694 CLU_3605 16013 
3122302159694 CLU_4824 10379 
3122302159694 CLU_2550 11761 
3122302159538 3122302159694 2582 
3122302159538 3122302159538 0 
3122302159538 3122302159600 789 
3122302159538 3122302159511 1719 
3122302159538 3122300273600 4265 
3122302159538 3122302159503 2950 
3122302159538 3122302159597 4539 
3122302159538 3122302159406 6059 
3122302159538 3122302159678 1900 
3122302159538 3122302159422 4786 
3122302159538 3122302159414 4714 
3122302159538 3122304445651 3992 
3122302159538 3122306026028 2864 
3122302159538 3122304194500 1880 
3122302159538 3122302159430 19420 
3122302159538 3122302159392 11767 
3122302159538 3122302206315 3770 
3122302159538 3122307269161 2946 
3122302159538 3122306703518 3939 
3122302159538 3122302159473 5129 
3122302159538 3122302159554 2103 
3122302159538 3122306072046 902 
3122302159538 3122302159546 2946 
3122302159538 3122307676875 3391 
3122302159538 3122306942822 3932 
3122302159538 3122302206323 5831 
3122302159538 3122303747719 3460 
3122302159538 3122306017940 6679 
3122302159538 3122306942806 6207 
3122302159538 3122304384881 4139 
3122302159538 3122304207866 9539 
3122302159538 3122302701804 3688 
3122302159538 3122302159457 4265 
3122302159538 3122302159856 6105 
3122302159538 3122302159449 9264 
3122302159538 3122307488882 5555 
3122302159538 3122304239571 3519 
3122302159538 3122306223354 3460 
3122302159538 3122302159589 1866 
3122302159538 3122306942849 2709 
3122302159538 3122302159562 11478 
3122302159538 3122302159287 16684 
3122302159538 CLU_2725 16127 
3122302159538 CLU_3545 5768 
3122302159538 CLU_3551 7320 
3122302159538 CLU_3565 10916 
3122302159538 CLU_3570 5814 
3122302159538 CLU_3580 7335 
3122302159538 CLU_3581 5944 
3122302159538 CLU_3588 6677 
3122302159538 CLU_3593 6679 
3122302159538 CLU_3594 3460 
3122302159538 CLU_3602 11478 
3122302159538 CLU_3603 6635 
3122302159538 CLU_3604 10871 
3122302159538 CLU_3605 16684 
3122302159538 CLU_4824 11767 
3122302159538 CLU_2550 10767 
3122302159600 3122302159694 1800 
3122302159600 3122302159538 789 
3122302159600 3122302159600 0 
3122302159600 3122302159511 939 
3122302159600 3122300273600 3775 
3122302159600 3122302159503 2409 
3122302159600 3122302159597 3768 
3122302159600 3122302159406 5297 
3122302159600 3122302159678 1553 
3122302159600 3122302159422 4575 
3122302159600 3122302159414 4569 
3122302159600 3122304445651 4241 
3122302159600 3122306026028 3601 
3122302159600 3122304194500 2171 
3122302159600 3122302159430 19606 
3122302159600 3122302159392 11372 
3122302159600 3122302206315 3096 
3122302159600 3122307269161 2891 
3122302159600 3122306703518 3359 
3122302159600 3122302159473 4426 
3122302159600 3122302159554 2396 
3122302159600 3122306072046 1667 
3122302159600 3122302159546 2891 
3122302159600 3122307676875 3201 
3122302159600 3122306942822 3561 
3122302159600 3122302206323 5044 
3122302159600 3122303747719 4233 
3122302159600 3122306017940 5904 
3122302159600 3122306942806 5470 
3122302159600 3122304384881 4272 
3122302159600 3122304207866 8818 
3122302159600 3122302701804 3938 
3122302159600 3122302159457 3775 
3122302159600 3122302159856 5349 
3122302159600 3122302159449 8487 
3122302159600 3122307488882 4963 
3122302159600 3122304239571 4166 
3122302159600 3122306223354 4233 
3122302159600 3122302159589 2104 
3122302159600 3122306942849 3343 
3122302159600 3122302159562 11001 
3122302159600 3122302159287 16358 
3122302159600 CLU_2725 16278 
3122302159600 CLU_3545 5153 
3122302159600 CLU_3551 6554 
3122302159600 CLU_3565 10927 
3122302159600 CLU_3570 5916 
3122302159600 CLU_3580 6891 
3122302159600 CLU_3581 5256 
3122302159600 CLU_3588 6149 
3122302159600 CLU_3593 5904 
3122302159600 CLU_3594 4233 
3122302159600 CLU_3602 11001 
3122302159600 CLU_3603 6189 
3122302159600 CLU_3604 10186 
3122302159600 CLU_3605 16358 
3122302159600 CLU_4824 11372 
3122302159600 CLU_2550 11095 
3122302159511 3122302159694 863 
3122302159511 3122302159538 1719 
3122302159511 3122302159600 939 
3122302159511 3122302159511 0 
3122302159511 3122300273600 3168 
3122302159511 3122302159503 1812 
3122302159511 3122302159597 2829 
3122302159511 3122302159406 4360 
3122302159511 3122302159678 1794 
3122302159511 3122302159422 4691 
3122302159511 3122302159414 4764 
3122302159511 3122304445651 4848 
3122302159511 3122306026028 4536 
3122302159511 3122304194500 2640 
3122302159511 3122302159430 20047 
3122302159511 3122302159392 10786 
3122302159511 3122302206315 2550 
3122302159511 3122307269161 2908 
3122302159511 3122306703518 2646 
3122302159511 3122302159473 3771 
3122302159511 3122302159554 3113 
3122302159511 3122306072046 2606 
3122302159511 3122302159546 2908 
3122302159511 3122307676875 3026 
3122302159511 3122306942822 3125 
3122302159511 3122302206323 4114 
3122302159511 3122303747719 5114 
3122302159511 3122306017940 5057 
3122302159511 3122306942806 4724 
3122302159511 3122304384881 4421 
3122302159511 3122304207866 7904 
3122302159511 3122302701804 4234 
3122302159511 3122302159457 3168 
3122302159511 3122302159856 4416 
3122302159511 3122302159449 7548 
3122302159511 3122307488882 4510 
3122302159511 3122304239571 4889 
3122302159511 3122306223354 5114 
3122302159511 3122302159589 2804 
3122302159511 3122306942849 4237 
3122302159511 3122302159562 10661 
3122302159511 3122302159287 16204 
3122302159511 CLU_2725 16312 
3122302159511 CLU_3545 4658 
3122302159511 CLU_3551 5733 
3122302159511 CLU_3565 11206 
3122302159511 CLU_3570 5976 
3122302159511 CLU_3580 6637 
3122302159511 CLU_3581 4618 
3122302159511 CLU_3588 5780 
3122302159511 CLU_3593 5057 
3122302159511 CLU_3594 5114 
3122302159511 CLU_3602 10661 
3122302159511 CLU_3603 5942 
3122302159511 CLU_3604 9519 
3122302159511 CLU_3605 16204 
3122302159511 CLU_4824 10786 
3122302159511 CLU_2550 11365 
3122300273600 3122302159694 2873 
3122300273600 3122302159538 4265 
3122300273600 3122302159600 3775 
3122300273600 3122302159511 3168 
3122300273600 3122300273600 0 
3122300273600 3122302159503 1373 
3122300273600 3122302159597 2736 
3122300273600 3122302159406 3420 
3122300273600 3122302159678 4960 
3122300273600 3122302159422 7731 
3122300273600 3122302159414 7854 
3122300273600 3122304445651 7983 
3122300273600 3122306026028 6982 
3122300273600 3122304194500 3490 
3122300273600 3122302159430 23206 
3122300273600 3122302159392 7622 
3122300273600 3122302206315 4930 
3122300273600 3122307269161 2306 
3122300273600 3122306703518 698 
3122300273600 3122302159473 5581 
3122300273600 3122302159554 6169 
3122300273600 3122306072046 5080 
3122300273600 3122302159546 2306 
3122300273600 3122307676875 1706 
3122300273600 3122306942822 753 
3122300273600 3122302206323 3998 
3122300273600 3122303747719 6694 
3122300273600 3122306017940 5676 
3122300273600 3122306942806 5995 
3122300273600 3122304384881 3355 
3122300273600 3122304207866 5922 
3122300273600 3122302701804 3733 
3122300273600 3122302159457 0 
3122300273600 3122302159856 3333 
3122300273600 3122302159449 6441 
3122300273600 3122307488882 6759 
3122300273600 3122304239571 5728 
3122300273600 3122306223354 6694 
3122300273600 3122302159589 5872 
3122300273600 3122306942849 6965 
3122300273600 3122302159562 12826 
3122300273600 3122302159287 18685 
3122300273600 CLU_2725 13939 
3122300273600 CLU_3545 6784 
3122300273600 CLU_3551 6418 
3122300273600 CLU_3565 14296 
3122300273600 CLU_3570 4206 
3122300273600 CLU_3580 9134 
3122300273600 CLU_3581 6335 
3122300273600 CLU_3588 8096 
3122300273600 CLU_3593 5676 
3122300273600 CLU_3594 6694 
3122300273600 CLU_3602 12826 
3122300273600 CLU_3603 8488 
3122300273600 CLU_3604 10678 
3122300273600 CLU_3605 18685 
3122300273600 CLU_4824 7622 
3122300273600 CLU_2550 9787 
3122302159503 3122302159694 1686 
3122302159503 3122302159538 2950 
3122302159503 3122302159600 2409 
3122302159503 3122302159511 1812 
3122302159503 3122300273600 1373 
3122302159503 3122302159503 0 
3122302159503 3122302159597 2455 
3122302159503 3122302159406 3678 
3122302159503 3122302159678 3606 
3122302159503 3122302159422 6453 
3122302159503 3122302159414 6552 
3122302159503 3122304445651 6610 
3122302159503 3122306026028 5747 
3122302159503 3122304194500 2582 
3122302159503 3122302159430 21860 
3122302159503 3122302159392 8994 
3122302159503 3122302206315 3867 
3122302159503 3122307269161 1888 
3122302159503 3122306703518 998 
3122302159503 3122302159473 4756 
3122302159503 3122302159554 4800 
3122302159503 3122306072046 3804 
3122302159503 3122302159546 1888 
3122302159503 3122307676875 1624 
3122302159503 3122306942822 1358 
3122302159503 3122302206323 3897 
3122302159503 3122303747719 5720 
3122302159503 3122306017940 5347 
3122302159503 3122306942806 5403 
3122302159503 3122304384881 3359 
3122302159503 3122304207866 6795 
3122302159503 3122302701804 3468 
3122302159503 3122302159457 1373 
3122302159503 3122302159856 3658 
3122302159503 3122302159449 6915 
3122302159503 3122307488882 5797 
3122302159503 3122304239571 4993 
3122302159503 3122306223354 5720 
3122302159503 3122302159589 4501 
3122302159503 3122306942849 5659 
3122302159503 3122302159562 11958 
3122302159503 3122302159287 17693 
3122302159503 CLU_2725 14814 
3122302159503 CLU_3545 5871 
3122302159503 CLU_3551 6088 
3122302159503 CLU_3565 12999 
3122302159503 CLU_3570 4657 
3122302159503 CLU_3580 8101 
3122302159503 CLU_3581 5574 
3122302159503 CLU_3588 7128 
3122302159503 CLU_3593 5347 
3122302159503 CLU_3594 5720 
3122302159503 CLU_3602 11958 
3122302159503 CLU_3603 7429 
3122302159503 CLU_3604 10227 
3122302159503 CLU_3605 17693 
3122302159503 CLU_4824 8994 
3122302159503 CLU_2550 10233 
3122302159597 3122302159694 1979 
3122302159597 3122302159538 4539 
3122302159597 3122302159600 3768 
3122302159597 3122302159511 2829 
3122302159597 3122300273600 2736 
3122302159597 3122302159503 2455 
3122302159597 3122302159597 0 
3122302159597 3122302159406 1541 
3122302159597 3122302159678 4077 
3122302159597 3122302159422 6069 
3122302159597 3122302159414 6306 
3122302159597 3122304445651 7175 
3122302159597 3122306026028 7363 
3122302159597 3122304194500 4898 
3122302159597 3122302159430 21651 
3122302159597 3122302159392 9283 
3122302159597 3122302206315 2891 
3122302159597 3122307269161 4339 
3122302159597 3122306703518 2091 
3122302159597 3122302159473 3054 
3122302159597 3122302159554 5710 
3122302159597 3122306072046 5433 
3122302159597 3122302159546 4339 
3122302159597 3122307676875 3988 
3122302159597 3122306942822 3323 
3122302159597 3122302206323 1446 
3122302159597 3122303747719 7825 
3122302159597 3122306017940 2965 
3122302159597 3122306942806 3279 
3122302159597 3122304384881 5762 
3122302159597 3122304207866 5176 
3122302159597 3122302701804 5921 
3122302159597 3122302159457 2736 
3122302159597 3122302159856 1618 
3122302159597 3122302159449 4729 
3122302159597 3122307488882 4355 
3122302159597 3122304239571 7325 
3122302159597 3122306223354 7825 
3122302159597 3122302159589 5403 
3122302159597 3122306942849 7018 
3122302159597 3122302159562 10210 
3122302159597 3122302159287 16168 
3122302159597 CLU_2725 16633 
3122302159597 CLU_3545 4310 
3122302159597 CLU_3551 3712 
3122302159597 CLU_3565 12529 
3122302159597 CLU_3570 6879 
3122302159597 CLU_3580 6762 
3122302159597 CLU_3581 3713 
3122302159597 CLU_3588 5652 
3122302159597 CLU_3593 2965 
3122302159597 CLU_3594 7825 
3122302159597 CLU_3602 10210 
3122302159597 CLU_3603 6179 
3122302159597 CLU_3604 7950 
3122302159597 CLU_3605 16168 
3122302159597 CLU_4824 9283 
3122302159597 CLU_2550 12482 
3122302159406 3122302159694 3517 
3122302159406 3122302159538 6059 
3122302159406 3122302159600 5297 
3122302159406 3122302159511 4360 
3122302159406 3122300273600 3420 
3122302159406 3122302159503 3678 
3122302159406 3122302159597 1541 
3122302159406 3122302159406 0 
3122302159406 3122302159678 5586 
3122302159406 3122302159422 7313 
3122302159406 3122302159414 7589 
3122302159406 3122304445651 8642 
3122302159406 3122306026028 8896 
3122302159406 3122304194500 6242 
3122302159406 3122302159430 22781 
3122302159406 3122302159392 8542 
3122302159406 3122302206315 4128 
3122302159406 3122307269161 5466 
3122302159406 3122306703518 2973 
3122302159406 3122302159473 3831 
3122302159406 3122302159554 7236 
3122302159406 3122306072046 6958 
3122302159406 3122302159546 5466 
3122302159406 3122307676875 4993 
3122302159406 3122306942822 4144 
3122302159406 3122302206323 1061 
3122302159406 3122303747719 9277 
3122302159406 3122306017940 2743 
3122302159406 3122306942806 3548 
3122302159406 3122304384881 6738 
3122302159406 3122304207866 3674 
3122302159406 3122302701804 7022 
3122302159406 3122302159457 3420 
3122302159406 3122302159856 183 
3122302159406 3122302159449 3256 
3122302159406 3122307488882 5169 
3122302159406 3122304239571 8666 
3122302159406 3122306223354 9277 
3122302159406 3122302159589 6931 
3122302159406 3122306942849 8559 
3122302159406 3122302159562 10501 
3122302159406 3122302159287 16566 
3122302159406 CLU_2725 16794 
3122302159406 CLU_3545 5041 
3122302159406 CLU_3551 3396 
3122302159406 CLU_3565 13605 
3122302159406 CLU_3570 7596 
3122302159406 CLU_3580 7492 
3122302159406 CLU_3581 4245 
3122302159406 CLU_3588 6343 
3122302159406 CLU_3593 2743 
3122302159406 CLU_3594 9277 
3122302159406 CLU_3602 10501 
3122302159406 CLU_3603 6997 
3122302159406 CLU_3604 7629 
3122302159406 CLU_3605 16566 
3122302159406 CLU_4824 8542 
3122302159406 CLU_2550 13122 
3122302159678 3122302159694 2281 
3122302159678 3122302159538 1900 
3122302159678 3122302159600 1553 
3122302159678 3122302159511 1794 
3122302159678 3122300273600 4960 
3122302159678 3122302159503 3606 
3122302159678 3122302159597 4077 
3122302159678 3122302159406 5586 
3122302159678 3122302159678 0 
3122302159678 3122302159422 3025 
3122302159678 3122302159414 3037 
3122302159678 3122304445651 3144 
3122302159678 3122306026028 3797 
3122302159678 3122304194500 3679 
3122302159678 3122302159430 18253 
3122302159678 3122302159392 12570 
3122302159678 3122302206315 2188 
3122302159678 3122307269161 4429 
3122302159678 3122306703518 4412 
3122302159678 3122302159473 3559 
3122302159678 3122302159554 1685 
3122302159678 3122306072046 2341 
3122302159678 3122302159546 4429 
3122302159678 3122307676875 4687 
3122302159678 3122306942822 4902 
3122302159678 3122302206323 5043 
3122302159678 3122303747719 5070 
3122302159678 3122306017940 5430 
3122302159678 3122306942806 4730 
3122302159678 3122304384881 5825 
3122302159678 3122304207866 9250 
3122302159678 3122302701804 5473 
3122302159678 3122302159457 4960 
3122302159678 3122302159856 5685 
3122302159678 3122302159449 8547 
3122302159678 3122307488882 3740 
3122302159678 3122304239571 5381 
3122302159678 3122306223354 5070 
3122302159678 3122302159589 1400 
3122302159678 3122306942849 3202 
3122302159678 3122302159562 9579 
3122302159678 3122302159287 14829 
3122302159678 CLU_2725 17831 
3122302159678 CLU_3545 3980 
3122302159678 CLU_3551 5971 
3122302159678 CLU_3565 9447 
3122302159678 CLU_3570 7468 
3122302159678 CLU_3580 5435 
3122302159678 CLU_3581 4303 
3122302159678 CLU_3588 4797 
3122302159678 CLU_3593 5430 
3122302159678 CLU_3594 5070 
3122302159678 CLU_3602 9579 
3122302159678 CLU_3603 4735 
3122302159678 CLU_3604 9166 
3122302159678 CLU_3605 14829 
3122302159678 CLU_4824 12570 
3122302159678 CLU_2550 12614 
3122302159422 3122302159694 4863 
3122302159422 3122302159538 4786 
3122302159422 3122302159600 4575 
3122302159422 3122302159511 4691 
3122302159422 3122300273600 7731 
3122302159422 3122302159503 6453 
3122302159422 3122302159597 6069 
3122302159422 3122302159406 7313 
3122302159422 3122302159678 3025 
3122302159422 3122302159422 0 
3122302159422 3122302159414 398 
3122302159422 3122304445651 2619 
3122302159422 3122306026028 5430 
3122302159422 3122304194500 6649 
3122302159422 3122302159430 15602 
3122302159422 3122302159392 15197 
3122302159422 3122302206315 3196 
3122302159422 3122307269161 7453 
3122302159422 3122306703518 7102 
3122302159422 3122302159473 3806 
3122302159422 3122302159554 3209 
3122302159422 3122306072046 4881 
3122302159422 3122302159546 7453 
3122302159422 3122307676875 7685 
3122302159422 3122306942822 7800 
3122302159422 3122302206323 6438 
3122302159422 3122303747719 7276 
3122302159422 3122306017940 5936 
3122302159422 3122306942806 4848 
3122302159422 3122304384881 8842 
3122302159422 3122304207866 10882 
3122302159422 3122302701804 8458 
3122302159422 3122302159457 7731 
3122302159422 3122302159856 7463 
3122302159422 3122302159449 9623 
3122302159422 3122307488882 2885 
3122302159422 3122304239571 8001 
3122302159422 3122306223354 7276 
3122302159422 3122302159589 3223 
3122302159422 3122306942849 4571 
3122302159422 3122302159562 7109 
3122302159422 3122302159287 11929 
3122302159422 CLU_2725 20853 
3122302159422 CLU_3545 3187 
3122302159422 CLU_3551 6152 
3122302159422 CLU_3565 6570 
3122302159422 CLU_3570 10492 
3122302159422 CLU_3580 3074 
3122302159422 CLU_3581 4038 
3122302159422 CLU_3588 3048 
3122302159422 CLU_3593 5936 
3122302159422 CLU_3594 7276 
3122302159422 CLU_3602 7109 
3122302159422 CLU_3603 2501 
3122302159422 CLU_3604 7920 
3122302159422 CLU_3605 11929 
3122302159422 CLU_4824 15197 
3122302159422 CLU_2550 15551 
3122302159414 3122302159694 5003 
3122302159414 3122302159538 4714 
3122302159414 3122302159600 4569 
3122302159414 3122302159511 4764 
3122302159414 3122300273600 7854 
3122302159414 3122302159503 6552 
3122302159414 3122302159597 6306 
3122302159414 3122302159406 7589 
3122302159414 3122302159678 3037 
3122302159414 3122302159422 398 
3122302159414 3122302159414 0 
3122302159414 3122304445651 2251 
3122302159414 3122306026028 5158 
3122302159414 3122304194500 6591 
3122302159414 3122302159430 15410 
3122302159414 3122302159392 15368 
3122302159414 3122302206315 3461 
3122302159414 3122307269161 7459 
3122302159414 3122306703518 7241 
3122302159414 3122302159473 4155 
3122302159414 3122302159554 3009 
3122302159414 3122306072046 4737 
3122302159414 3122302159546 7459 
3122302159414 3122307676875 7723 
3122302159414 3122306942822 7887 
3122302159414 3122302206323 6738 
3122302159414 3122303747719 7048 
3122302159414 3122306017940 6295 
3122302159414 3122306942806 5218 
3122302159414 3122304384881 8813 
3122302159414 3122304207866 11182 
3122302159414 3122302701804 8401 
3122302159414 3122302159457 7854 
3122302159414 3122302159856 7735 
3122302159414 3122302159449 9964 
3122302159414 3122307488882 3273 
3122302159414 3122304239571 7835 
3122302159414 3122306223354 7048 
3122302159414 3122302159589 3058 
3122302159414 3122306942849 4292 
3122302159414 3122302159562 7391 
3122302159414 3122302159287 12074 
3122302159414 CLU_2725 20824 
3122302159414 CLU_3545 3577 
3122302159414 CLU_3551 6528 
3122302159414 CLU_3565 6447 
3122302159414 CLU_3570 10474 
3122302159414 CLU_3580 3411 
3122302159414 CLU_3581 4417 
3122302159414 CLU_3588 3438 
3122302159414 CLU_3593 6295 
3122302159414 CLU_3594 7048 
3122302159414 CLU_3602 7391 
3122302159414 CLU_3603 2866 
3122302159414 CLU_3604 8309 
3122302159414 CLU_3605 12074 
3122302159414 CLU_4824 15368 
3122302159414 CLU_2550 15456 
3122304445651 3122302159694 5424 
3122304445651 3122302159538 3992 
3122304445651 3122302159600 4241 
3122304445651 3122302159511 4848 
3122304445651 3122300273600 7983 
3122304445651 3122302159503 6610 
3122304445651 3122302159597 7175 
3122304445651 3122302159406 8642 
3122304445651 3122302159678 3144 
3122304445651 3122302159422 2619 
3122304445651 3122302159414 2251 
3122304445651 3122304445651 0 
3122304445651 3122306026028 3242 
3122304445651 3122304194500 5762 
3122304445651 3122302159430 15428 
3122304445651 3122302159392 15602 
3122304445651 3122302206315 4726 
3122304445651 3122307269161 6938 
3122304445651 3122306703518 7493 
3122304445651 3122302159473 5817 
3122304445651 3122302159554 1889 
3122304445651 3122306072046 3589 
3122304445651 3122302159546 6938 
3122304445651 3122307676875 7368 
3122304445651 3122306942822 7802 
3122304445651 3122302206323 7976 
3122304445651 3122303747719 5277 
3122304445651 3122306017940 7950 
3122304445651 3122306942806 6989 
3122304445651 3122304384881 8038 
3122304445651 3122304207866 12317 
3122304445651 3122302701804 7487 
3122304445651 3122302159457 7983 
3122304445651 3122302159856 8756 
3122304445651 3122302159449 11415 
3122304445651 3122307488882 5260 
3122304445651 3122304239571 6352 
3122304445651 3122306223354 5277 
3122304445651 3122302159589 2150 
3122304445651 3122306942849 2389 
3122304445651 3122302159562 9541 
3122304445651 3122302159287 13796 
3122304445651 CLU_2725 19868 
3122304445651 CLU_3545 5568 
3122304445651 CLU_3551 8319 
3122304445651 CLU_3565 7116 
3122304445651 CLU_3570 9707 
3122304445651 CLU_3580 5655 
3122304445651 CLU_3581 6288 
3122304445651 CLU_3588 5652 
3122304445651 CLU_3593 7950 
3122304445651 CLU_3594 5277 
3122304445651 CLU_3602 9541 
3122304445651 CLU_3603 5116 
3122304445651 CLU_3604 10519 
3122304445651 CLU_3605 13796 
3122304445651 CLU_4824 15602 
3122304445651 CLU_2550 14202 
3122306026028 3122302159694 5385 
3122306026028 3122302159538 2864 
3122306026028 3122302159600 3601 
3122306026028 3122302159511 4536 
3122306026028 3122300273600 6982 
3122306026028 3122302159503 5747 
3122306026028 3122302159597 7363 
3122306026028 3122302159406 8896 
3122306026028 3122302159678 3797 
3122306026028 3122302159422 5430 
3122306026028 3122302159414 5158 
3122306026028 3122304445651 3242 
3122306026028 3122306026028 0 
3122306026028 3122304194500 3756 
3122306026028 3122302159430 17887 
3122306026028 3122302159392 14215 
3122306026028 3122302206315 5985 
3122306026028 3122307269161 5159 
3122306026028 3122306703518 6745 
3122306026028 3122302159473 7349 
3122306026028 3122302159554 2368 
3122306026028 3122306072046 1965 
3122306026028 3122302159546 5159 
3122306026028 3122307676875 5761 
3122306026028 3122306942822 6519 
3122306026028 3122302206323 8584 
3122306026028 3122303747719 2057 
3122306026028 3122306017940 9200 
3122306026028 3122306942806 8526 
3122306026028 3122304384881 5756 
3122306026028 3122304207866 12403 
3122306026028 3122302701804 5075 
3122306026028 3122302159457 6982 
3122306026028 3122302159856 8951 
3122306026028 3122302159449 12064 
3122306026028 3122307488882 7344 
3122306026028 3122304239571 3331 
3122306026028 3122306223354 2057 
3122306026028 3122302159589 2525 
3122306026028 3122306942849 872 
3122306026028 3122302159562 12539 
3122306026028 3122302159287 17032 
3122306026028 CLU_2725 17039 
3122306026028 CLU_3545 7619 
3122306026028 CLU_3551 9763 
3122306026028 CLU_3565 10182 
3122306026028 CLU_3570 7306 
3122306026028 CLU_3580 8465 
3122306026028 CLU_3581 8063 
3122306026028 CLU_3588 8154 
3122306026028 CLU_3593 9200 
3122306026028 CLU_3594 2057 
3122306026028 CLU_3602 12539 
3122306026028 CLU_3603 7829 
3122306026028 CLU_3604 12825 
3122306026028 CLU_3605 17032 
3122306026028 CLU_4824 14215 
3122306026028 CLU_2550 11184 
3122304194500 3122302159694 3313 
3122304194500 3122302159538 1880 
3122304194500 3122302159600 2171 
3122304194500 3122302159511 2640 
3122304194500 3122300273600 3490 
3122304194500 3122302159503 2582 
3122304194500 3122302159597 4898 
3122304194500 3122302159406 6242 
3122304194500 3122302159678 3679 
3122304194500 3122302159422 6649 
3122304194500 3122302159414 6591 
3122304194500 3122304445651 5762 
3122304194500 3122306026028 3756 
3122304194500 3122304194500 0 
3122304194500 3122302159430 21160 
3122304194500 3122302159392 10460 
3122304194500 3122302206315 5162 
3122304194500 3122307269161 1407 
3122304194500 3122306703518 3482 
3122304194500 3122302159473 6411 
3122304194500 3122302159554 3905 
3122304194500 3122306072046 2204 
3122304194500 3122302159546 1407 
3122304194500 3122307676875 2033 
3122304194500 3122306942822 2891 
3122304194500 3122302206323 6334 
3122304194500 3122303747719 3205 
3122304194500 3122306017940 7560 
3122304194500 3122306942806 7339 
3122304194500 3122304384881 2281 
3122304194500 3122304207866 9327 
3122304194500 3122302701804 1810 
3122304194500 3122302159457 3490 
3122304194500 3122302159856 6232 
3122304194500 3122302159449 9491 
3122304194500 3122307488882 7089 
3122304194500 3122304239571 2429 
3122304194500 3122306223354 3205 
3122304194500 3122302159589 3705 
3122304194500 3122306942849 4005 
3122304194500 3122302159562 13168 
3122304194500 3122302159287 18508 
3122304194500 CLU_2725 14247 
3122304194500 CLU_3545 7260 
3122304194500 CLU_3551 8269 
3122304194500 CLU_3565 12774 
3122304194500 CLU_3570 3956 
3122304194500 CLU_3580 9063 
3122304194500 CLU_3581 7258 
3122304194500 CLU_3588 8306 
3122304194500 CLU_3593 7560 
3122304194500 CLU_3594 3205 
3122304194500 CLU_3602 13168 
3122304194500 CLU_3603 8360 
3122304194500 CLU_3604 12155 
3122304194500 CLU_3605 18508 
3122304194500 CLU_4824 10460 
3122304194500 CLU_2550 8935 
3122302159430 3122302159694 20397 
3122302159430 3122302159538 19420 
3122302159430 3122302159600 19606 
3122302159430 3122302159511 20047 
3122302159430 3122300273600 23206 
3122302159430 3122302159503 21860 
3122302159430 3122302159597 21651 
3122302159430 3122302159406 22781 
3122302159430 3122302159678 18253 
3122302159430 3122302159422 15602 
3122302159430 3122302159414 15410 
3122302159430 3122304445651 15428 
3122302159430 3122306026028 17887 
3122302159430 3122304194500 21160 
3122302159430 3122302159430 0 
3122302159430 3122302159392 30774 
3122302159430 3122302206315 18760 
3122302159430 3122307269161 22366 
3122302159430 3122306703518 22624 
3122302159430 3122302159473 18990 
3122302159430 3122302159554 17316 
3122302159430 3122306072046 18958 
3122302159430 3122302159546 22366 
3122302159430 3122307676875 22783 
3122302159430 3122306942822 23139 
3122302159430 3122302206323 21807 
3122302159430 3122303747719 19752 
3122302159430 3122306017940 20786 
3122302159430 3122306942806 19646 
3122302159430 3122304384881 23413 
3122302159430 3122304207866 26132 
3122302159430 3122302701804 22811 
3122302159430 3122302159457 23206 
3122302159430 3122302159856 22945 
3122302159430 3122302159449 24463 
3122302159430 3122307488882 17692 
3122302159430 3122304239571 21196 
3122302159430 3122306223354 19752 
3122302159430 3122302159589 17566 
3122302159430 3122306942849 17310 
3122302159430 3122302159562 15161 
3122302159430 3122302159287 12071 
3122302159430 CLU_2725 34888 
3122302159430 CLU_3545 17883 
3122302159430 CLU_3551 20649 
3122302159430 CLU_3565 9191 
3122302159430 CLU_3570 25060 
3122302159430 CLU_3580 15655 
3122302159430 CLU_3581 18793 
3122302159430 CLU_3588 16750 
3122302159430 CLU_3593 20786 
3122302159430 CLU_3594 19752 
3122302159430 CLU_3602 15161 
3122302159430 CLU_3603 15963 
3122302159430 CLU_3604 19420 
3122302159430 CLU_3605 12071 
3122302159430 CLU_4824 30774 
3122302159430 CLU_2550 28898 
3122302159392 3122302159694 10379 
3122302159392 3122302159538 11767 
3122302159392 3122302159600 11372 
3122302159392 3122302159511 10786 
3122302159392 3122300273600 7622 
3122302159392 3122302159503 8994 
3122302159392 3122302159597 9283 
3122302159392 3122302159406 8542 
3122302159392 3122302159678 12570 
3122302159392 3122302159422 15197 
3122302159392 3122302159414 15368 
3122302159392 3122304445651 15602 
3122302159392 3122306026028 14215 
3122302159392 3122304194500 10460 
3122302159392 3122302159430 30774 
3122302159392 3122302159392 0 
3122302159392 3122302206315 12125 
3122302159392 3122307269161 9055 
3122302159392 3122306703518 8163 
3122302159392 3122302159473 12263 
3122302159392 3122302159554 13766 
3122302159392 3122306072046 12483 
3122302159392 3122302159546 9055 
3122302159392 3122307676875 8468 
3122302159392 3122306942822 7837 
3122302159392 3122302206323 9603 
3122302159392 3122303747719 13294 
3122302159392 3122306017940 11196 
3122302159392 3122306942806 12090 
3122302159392 3122304384881 8768 
3122302159392 3122304207866 6801 
3122302159392 3122302701804 9495 
3122302159392 3122302159457 7622 
3122302159392 3122302159856 8358 
3122302159392 3122302159449 8953 
3122302159392 3122307488882 13598 
3122302159392 3122304239571 11886 
3122302159392 3122306223354 13294 
3122302159392 3122302159589 13476 
3122302159392 3122306942849 14380 
3122302159392 3122302159562 18982 
3122302159392 3122302159287 25069 
3122302159392 CLU_2725 10683 
3122302159392 CLU_3545 13513 
3122302159392 CLU_3551 11734 
3122302159392 CLU_3565 21749 
3122302159392 CLU_3570 7785 
3122302159392 CLU_3580 15982 
3122302159392 CLU_3581 12771 
3122302159392 CLU_3588 14842 
3122302159392 CLU_3593 11196 
3122302159392 CLU_3594 13294 
3122302159392 CLU_3602 18982 
3122302159392 CLU_3603 15436 
3122302159392 CLU_3604 15595 
3122302159392 CLU_3605 25069 
3122302159392 CLU_4824 0 
3122302159392 CLU_2550 10339 
3122302206315 3122302159694 2191 
3122302206315 3122302159538 3770 
3122302206315 3122302159600 3096 
3122302206315 3122302159511 2550 
3122302206315 3122300273600 4930 
3122302206315 3122302159503 3867 
3122302206315 3122302159597 2891 
3122302206315 3122302159406 4128 
3122302206315 3122302159678 2188 
3122302206315 3122302159422 3196 
3122302206315 3122302159414 3461 
3122302206315 3122304445651 4726 
3122302206315 3122306026028 5985 
3122302206315 3122304194500 5162 
3122302206315 3122302159430 18760 
3122302206315 3122302159392 12125 
3122302206315 3122302206315 0 
3122302206315 3122307269161 5399 
3122302206315 3122306703518 4244 
3122302206315 3122302159473 1381 
3122302206315 3122302159554 3777 
3122302206315 3122306072046 4429 
3122302206315 3122302159546 5399 
3122302206315 3122307676875 5395 
3122302206315 3122306942822 5198 
3122302206315 3122302206323 3314 
3122302206315 3122303747719 7167 
3122302206315 3122306017940 3301 
3122302206315 3122306942806 2541 
3122302206315 3122304384881 6935 
3122302206315 3122304207866 7744 
3122302206315 3122302701804 6782 
3122302206315 3122302159457 4930 
3122302206315 3122302159856 4273 
3122302206315 3122302159449 6692 
3122302206315 3122307488882 1972 
3122302206315 3122304239571 7259 
3122302206315 3122306223354 7167 
3122302206315 3122302159589 3530 
3122302206315 3122306942849 5362 
3122302206315 3122302159562 8147 
3122302206315 3122302159287 13826 
3122302206315 CLU_2725 18677 
3122302206315 CLU_3545 2107 
3122302206315 CLU_3551 3797 
3122302206315 CLU_3565 9644 
3122302206315 CLU_3570 8428 
3122302206315 CLU_3580 4235 
3122302206315 CLU_3581 2175 
3122302206315 CLU_3588 3278 
3122302206315 CLU_3593 3301 
3122302206315 CLU_3594 7167 
3122302206315 CLU_3602 8147 
3122302206315 CLU_3603 3570 
3122302206315 CLU_3604 7101 
3122302206315 CLU_3605 13826 
3122302206315 CLU_4824 12125 
3122302206315 CLU_2550 13893 
3122307269161 3122302159694 3264 
3122307269161 3122302159538 2946 
3122307269161 3122302159600 2891 
3122307269161 3122302159511 2908 
3122307269161 3122300273600 2306 
3122307269161 3122302159503 1888 
3122307269161 3122302159597 4339 
3122307269161 3122302159406 5466 
3122307269161 3122302159678 4429 
3122307269161 3122302159422 7453 
3122307269161 3122302159414 7459 
3122307269161 3122304445651 6938 
3122307269161 3122306026028 5159 
3122307269161 3122304194500 1407 
3122307269161 3122302159430 22366 
3122307269161 3122302159392 9055 
3122307269161 3122302206315 5399 
3122307269161 3122307269161 0 
3122307269161 3122306703518 2512 
3122307269161 3122302159473 6472 
3122307269161 3122302159554 5049 
3122307269161 3122306072046 3499 
3122307269161 3122302159546 0 
3122307269161 3122307676875 655 
3122307269161 3122306942822 1607 
3122307269161 3122302206323 5775 
3122307269161 3122303747719 4497 
3122307269161 3122306017940 7229 
3122307269161 3122306942806 7225 
3122307269161 3122304384881 1541 
3122307269161 3122304207866 8228 
3122307269161 3122302701804 1582 
3122307269161 3122302159457 2306 
3122307269161 3122302159856 5420 
3122307269161 3122302159449 8639 
3122307269161 3122307488882 7371 
3122307269161 3122304239571 3428 
3122307269161 3122306223354 4497 
3122307269161 3122302159589 4807 
3122307269161 3122306942849 5363 
3122307269161 3122302159562 13545 
3122307269161 3122302159287 19110 
3122307269161 CLU_2725 13427 
3122307269161 CLU_3545 7490 
3122307269161 CLU_3551 7968 
3122307269161 CLU_3565 13803 
3122307269161 CLU_3570 3072 
3122307269161 CLU_3580 9545 
3122307269161 CLU_3581 7312 
3122307269161 CLU_3588 8667 
3122307269161 CLU_3593 7229 
3122307269161 CLU_3594 4497 
3122307269161 CLU_3602 13545 
3122307269161 CLU_3603 8851 
3122307269161 CLU_3604 12067 
3122307269161 CLU_3605 19110 
3122307269161 CLU_4824 9055 
3122307269161 CLU_2550 8500 
3122306703518 3122302159694 2239 
3122306703518 3122302159538 3939 
3122306703518 3122302159600 3359 
3122306703518 3122302159511 2646 
3122306703518 3122300273600 698 
3122306703518 3122302159503 998 
3122306703518 3122302159597 2091 
3122306703518 3122302159406 2973 
3122306703518 3122302159678 4412 
3122306703518 3122302159422 7102 
3122306703518 3122302159414 7241 
3122306703518 3122304445651 7493 
3122306703518 3122306026028 6745 
3122306703518 3122304194500 3482 
3122306703518 3122302159430 22624 
3122306703518 3122302159392 8163 
3122306703518 3122302206315 4244 
3122306703518 3122307269161 2512 
3122306703518 3122306703518 0 
3122306703518 3122302159473 4883 
3122306703518 3122302159554 5725 
3122306703518 3122306072046 4800 
3122306703518 3122302159546 2512 
3122306703518 3122307676875 2020 
3122306703518 3122306942822 1238 
3122306703518 3122302206323 3424 
3122306703518 3122303747719 6665 
3122306703518 3122306017940 5053 
3122306703518 3122306942806 5321 
3122306703518 3122304384881 3776 
3122306703518 3122304207866 5846 
3122306703518 3122302701804 4051 
3122306703518 3122302159457 698 
3122306703518 3122302159856 2916 
3122306703518 3122302159449 6127 
3122306703518 3122307488882 6061 
3122306703518 3122304239571 5839 
3122306703518 3122306223354 6665 
3122306703518 3122302159589 5421 
3122306703518 3122306942849 6647 
3122306703518 3122302159562 12130 
3122306703518 3122302159287 17987 
3122306703518 CLU_2725 14630 
3122306703518 CLU_3545 6086 
3122306703518 CLU_3551 5798 
3122306703518 CLU_3565 13672 
3122306703518 CLU_3570 4792 
3122306703518 CLU_3580 8439 
3122306703518 CLU_3581 5643 
3122306703518 CLU_3588 7398 
3122306703518 CLU_3593 5053 
3122306703518 CLU_3594 6665 
3122306703518 CLU_3602 12130 
3122306703518 CLU_3603 7797 
3122306703518 CLU_3604 10040 
3122306703518 CLU_3605 17987 
3122306703518 CLU_4824 8163 
3122306703518 CLU_2550 10393 
3122302159473 3122302159694 3210 
3122302159473 3122302159538 5129 
3122302159473 3122302159600 4426 
3122302159473 3122302159511 3771 
3122302159473 3122300273600 5581 
3122302159473 3122302159503 4756 
3122302159473 3122302159597 3054 
3122302159473 3122302159406 3831 
3122302159473 3122302159678 3559 
3122302159473 3122302159422 3806 
3122302159473 3122302159414 4155 
3122302159473 3122304445651 5817 
3122302159473 3122306026028 7349 
3122302159473 3122304194500 6411 
3122302159473 3122302159430 18990 
3122302159473 3122302159392 12263 
3122302159473 3122302206315 1381 
3122302159473 3122307269161 6472 
3122302159473 3122306703518 4883 
3122302159473 3122302159473 0 
3122302159473 3122302159554 5094 
3122302159473 3122306072046 5809 
3122302159473 3122302159546 6472 
3122302159473 3122307676875 6364 
3122302159473 3122306942822 5994 
3122302159473 3122302206323 2821 
3122302159473 3122303747719 8545 
3122302159473 3122306017940 2154 
3122302159473 3122306942806 1199 
3122302159473 3122304384881 8012 
3122302159473 3122304207866 7185 
3122302159473 3122302701804 7939 
3122302159473 3122302159457 5581 
3122302159473 3122302159856 4005 
3122302159473 3122302159449 5817 
3122302159473 3122307488882 1342 
3122302159473 3122304239571 8591 
3122302159473 3122306223354 8545 
3122302159473 3122302159589 4865 
3122302159473 3122306942849 6700 
3122302159473 3122302159562 7247 
3122302159473 3122302159287 13135 
3122302159473 CLU_2725 19503 
3122302159473 CLU_3545 1258 
3122302159473 CLU_3551 2513 
3122302159473 CLU_3565 9801 
3122302159473 CLU_3570 9410 
3122302159473 CLU_3580 3723 
3122302159473 CLU_3581 848 
3122302159473 CLU_3588 2599 
3122302159473 CLU_3593 2154 
3122302159473 CLU_3594 8545 
3122302159473 CLU_3602 7247 
3122302159473 CLU_3603 3180 
3122302159473 CLU_3604 5763 
3122302159473 CLU_3605 13135 
3122302159473 CLU_4824 12263 
3122302159473 CLU_2550 14959 
3122302159554 3122302159694 3809 
3122302159554 3122302159538 2103 
3122302159554 3122302159600 2396 
3122302159554 3122302159511 3113 
3122302159554 3122300273600 6169 
3122302159554 3122302159503 4800 
3122302159554 3122302159597 5710 
3122302159554 3122302159406 7236 
3122302159554 3122302159678 1685 
3122302159554 3122302159422 3209 
3122302159554 3122302159414 3009 
3122302159554 3122304445651 1889 
3122302159554 3122306026028 2368 
3122302159554 3122304194500 3905 
3122302159554 3122302159430 17316 
3122302159554 3122302159392 13766 
3122302159554 3122302206315 3777 
3122302159554 3122307269161 5049 
3122302159554 3122306703518 5725 
3122302159554 3122302159473 5094 
3122302159554 3122302159554 0 
3122302159554 3122306072046 1804 
3122302159554 3122302159546 5049 
3122302159554 3122307676875 5480 
3122302159554 3122306942822 5942 
3122302159554 3122302206323 6726 
3122302159554 3122303747719 4075 
3122302159554 3122306017940 7068 
3122302159554 3122306942806 6290 
3122302159554 3122304384881 6186 
3122302159554 3122304207866 10884 
3122302159554 3122302701804 5667 
3122302159554 3122302159457 6169 
3122302159554 3122302159856 7326 
3122302159554 3122302159449 10231 
3122302159554 3122307488882 4985 
3122302159554 3122304239571 4834 
3122302159554 3122306223354 4075 
3122302159554 3122302159589 311 
3122302159554 3122306942849 1619 
3122302159554 3122302159562 10280 
3122302159554 3122302159287 15075 
3122302159554 CLU_2725 18097 
3122302159554 CLU_3545 5265 
3122302159554 CLU_3551 7571 
3122302159554 CLU_3565 8882 
3122302159554 CLU_3570 7860 
3122302159554 CLU_3580 6159 
3122302159554 CLU_3581 5759 
3122302159554 CLU_3588 5792 
3122302159554 CLU_3593 7068 
3122302159554 CLU_3594 4075 
3122302159554 CLU_3602 10280 
3122302159554 CLU_3603 5503 
3122302159554 CLU_3604 10464 
3122302159554 CLU_3605 15075 
3122302159554 CLU_4824 13766 
3122302159554 CLU_2550 12553 
3122306072046 3122302159694 3467 
3122306072046 3122302159538 902 
3122306072046 3122302159600 1667 
3122306072046 3122302159511 2606 
3122306072046 3122300273600 5080 
3122306072046 3122302159503 3804 
3122306072046 3122302159597 5433 
3122306072046 3122302159406 6958 
3122306072046 3122302159678 2341 
3122306072046 3122302159422 4881 
3122306072046 3122302159414 4737 
3122306072046 3122304445651 3589 
3122306072046 3122306026028 1965 
3122306072046 3122304194500 2204 
3122306072046 3122302159430 18958 
3122306072046 3122302159392 12483 
3122306072046 3122302206315 4429 
3122306072046 3122307269161 3499 
3122306072046 3122306703518 4800 
3122306072046 3122302159473 5809 
3122306072046 3122302159554 1804 
3122306072046 3122306072046 0 
3122306072046 3122302159546 3499 
3122306072046 3122307676875 4029 
3122306072046 3122306942822 4681 
3122306072046 3122302206323 6705 
3122306072046 3122303747719 2741 
3122306072046 3122306017940 7477 
3122306072046 3122306942806 6932 
3122306072046 3122304384881 4460 
3122306072046 3122304207866 10440 
3122306072046 3122302701804 3898 
3122306072046 3122302159457 5080 
3122306072046 3122302159856 7005 
3122306072046 3122302159449 10155 
3122306072046 3122307488882 6081 
3122306072046 3122304239571 3133 
3122306072046 3122306223354 2741 
3122306072046 3122302159589 1684 
3122306072046 3122306942849 1901 
3122306072046 3122302159562 11807 
3122306072046 3122302159287 16806 
3122306072046 CLU_2725 16303 
3122306072046 CLU_3545 6319 
3122306072046 CLU_3551 8093 
3122306072046 CLU_3565 10669 
3122306072046 CLU_3570 6123 
3122306072046 CLU_3580 7653 
3122306072046 CLU_3581 6595 
3122306072046 CLU_3588 7107 
3122306072046 CLU_3593 7477 
3122306072046 CLU_3594 2741 
3122306072046 CLU_3602 11807 
3122306072046 CLU_3603 6965 
3122306072046 CLU_3604 11492 
3122306072046 CLU_3605 16806 
3122306072046 CLU_4824 12483 
3122306072046 CLU_2550 10755 
3122302159546 3122302159694 3264 
3122302159546 3122302159538 2946 
3122302159546 3122302159600 2891 
3122302159546 3122302159511 2908 
3122302159546 3122300273600 2306 
3122302159546 3122302159503 1888 
3122302159546 3122302159597 4339 
3122302159546 3122302159406 5466 
3122302159546 3122302159678 4429 
3122302159546 3122302159422 7453 
3122302159546 3122302159414 7459 
3122302159546 3122304445651 6938 
3122302159546 3122306026028 5159 
3122302159546 3122304194500 1407 
3122302159546 3122302159430 22366 
3122302159546 3122302159392 9055 
3122302159546 3122302206315 5399 
3122302159546 3122307269161 0 
3122302159546 3122306703518 2512 
3122302159546 3122302159473 6472 
3122302159546 3122302159554 5049 
3122302159546 3122306072046 3499 
3122302159546 3122302159546 0 
3122302159546 3122307676875 655 
3122302159546 3122306942822 1607 
3122302159546 3122302206323 5775 
3122302159546 3122303747719 4497 
3122302159546 3122306017940 7229 
3122302159546 3122306942806 7225 
3122302159546 3122304384881 1541 
3122302159546 3122304207866 8228 
3122302159546 3122302701804 1582 
3122302159546 3122302159457 2306 
3122302159546 3122302159856 5420 
3122302159546 3122302159449 8639 
3122302159546 3122307488882 7371 
3122302159546 3122304239571 3428 
3122302159546 3122306223354 4497 
3122302159546 3122302159589 4807 
3122302159546 3122306942849 5363 
3122302159546 3122302159562 13545 
3122302159546 3122302159287 19110 
3122302159546 CLU_2725 13427 
3122302159546 CLU_3545 7490 
3122302159546 CLU_3551 7968 
3122302159546 CLU_3565 13803 
3122302159546 CLU_3570 3072 
3122302159546 CLU_3580 9545 
3122302159546 CLU_3581 7312 
3122302159546 CLU_3588 8667 
3122302159546 CLU_3593 7229 
3122302159546 CLU_3594 4497 
3122302159546 CLU_3602 13545 
3122302159546 CLU_3603 8851 
3122302159546 CLU_3604 12067 
3122302159546 CLU_3605 19110 
3122302159546 CLU_4824 9055 
3122302159546 CLU_2550 8500 
3122307676875 3122302159694 3208 
3122307676875 3122302159538 3391 
3122307676875 3122302159600 3201 
3122307676875 3122302159511 3026 
3122307676875 3122300273600 1706 
3122307676875 3122302159503 1624 
3122307676875 3122302159597 3988 
3122307676875 3122302159406 4993 
3122307676875 3122302159678 4687 
3122307676875 3122302159422 7685 
3122307676875 3122302159414 7723 
3122307676875 3122304445651 7368 
3122307676875 3122306026028 5761 
3122307676875 3122304194500 2033 
3122307676875 3122302159430 22783 
3122307676875 3122302159392 8468 
3122307676875 3122302206315 5395 
3122307676875 3122307269161 655 
3122307676875 3122306703518 2020 
3122307676875 3122302159473 6364 
3122307676875 3122302159554 5480 
3122307676875 3122306072046 4029 
3122307676875 3122302159546 655 
3122307676875 3122307676875 0 
3122307676875 3122306942822 975 
3122307676875 3122302206323 5395 
3122307676875 3122303747719 5153 
3122307676875 3122306017940 6932 
3122307676875 3122306942806 7026 
3122307676875 3122304384881 1775 
3122307676875 3122304207866 7618 
3122307676875 3122302701804 2043 
3122307676875 3122302159457 1706 
3122307676875 3122302159856 4932 
3122307676875 3122302159449 8113 
3122307676875 3122307488882 7354 
3122307676875 3122304239571 4066 
3122307676875 3122306223354 5153 
3122307676875 3122302159589 5220 
3122307676875 3122306942849 5917 
3122307676875 3122302159562 13530 
3122307676875 3122302159287 19192 
3122307676875 CLU_2725 13305 
3122307676875 CLU_3545 7448 
3122307676875 CLU_3551 7677 
3122307676875 CLU_3565 14122 
3122307676875 CLU_3570 3047 
3122307676875 CLU_3580 9603 
3122307676875 CLU_3581 7189 
3122307676875 CLU_3588 8673 
3122307676875 CLU_3593 6932 
3122307676875 CLU_3594 5153 
3122307676875 CLU_3602 13530 
3122307676875 CLU_3603 8917 
3122307676875 CLU_3604 11844 
3122307676875 CLU_3605 19192 
3122307676875 CLU_4824 8468 
3122307676875 CLU_2550 8609 
3122306942822 3122302159694 3036 
3122306942822 3122302159538 3932 
3122306942822 3122302159600 3561 
3122306942822 3122302159511 3125 
3122306942822 3122300273600 753 
3122306942822 3122302159503 1358 
3122306942822 3122302159597 3323 
3122306942822 3122302159406 4144 
3122306942822 3122302159678 4902 
3122306942822 3122302159422 7800 
3122306942822 3122302159414 7887 
3122306942822 3122304445651 7802 
3122306942822 3122306026028 6519 
3122306942822 3122304194500 2891 
3122306942822 3122302159430 23139 
3122306942822 3122302159392 7837 
3122306942822 3122302206315 5198 
3122306942822 3122307269161 1607 
3122306942822 3122306703518 1238 
3122306942822 3122302159473 5994 
3122306942822 3122302159554 5942 
3122306942822 3122306072046 4681 
3122306942822 3122302159546 1607 
3122306942822 3122307676875 975 
3122306942822 3122306942822 0 
3122306942822 3122302206323 4659 
3122306942822 3122303747719 6072 
3122306942822 3122306017940 6288 
3122306942822 3122306942806 6517 
3122306942822 3122304384881 2606 
3122306942822 3122304207866 6644 
3122306942822 3122302701804 2983 
3122306942822 3122302159457 753 
3122306942822 3122302159856 4066 
3122306942822 3122302159449 7193 
3122306942822 3122307488882 7100 
3122306942822 3122304239571 5034 
3122306942822 3122306223354 6072 
3122306942822 3122302159589 5659 
3122306942822 3122306942849 6582 
3122306942822 3122302159562 13233 
3122306942822 3122302159287 19018 
3122306942822 CLU_2725 13516 
3122306942822 CLU_3545 7155 
3122306942822 CLU_3551 7034 
3122306942822 CLU_3565 14331 
3122306942822 CLU_3570 3556 
3122306942822 CLU_3580 9433 
3122306942822 CLU_3581 6784 
3122306942822 CLU_3588 8436 
3122306942822 CLU_3593 6288 
3122306942822 CLU_3594 6072 
3122306942822 CLU_3602 13233 
3122306942822 CLU_3603 8767 
3122306942822 CLU_3604 11268 
3122306942822 CLU_3605 19018 
3122306942822 CLU_4824 7837 
3122306942822 CLU_2550 9159 
3122302206323 3122302159694 3252 
3122302206323 3122302159538 5831 
3122302206323 3122302159600 5044 
3122302206323 3122302159511 4114 
3122302206323 3122300273600 3998 
3122302206323 3122302159503 3897 
3122302206323 3122302159597 1446 
3122302206323 3122302159406 1061 
3122302206323 3122302159678 5043 
3122302206323 3122302159422 6438 
3122302206323 3122302159414 6738 
3122302206323 3122304445651 7976 
3122302206323 3122306026028 8584 
3122302206323 3122304194500 6334 
3122302206323 3122302159430 21807 
3122302206323 3122302159392 9603 
3122302206323 3122302206315 3314 
3122302206323 3122307269161 5775 
3122302206323 3122306703518 3424 
3122302206323 3122302159473 2821 
3122302206323 3122302159554 6726 
3122302206323 3122306072046 6705 
3122302206323 3122302159546 5775 
3122302206323 3122307676875 5395 
3122302206323 3122306942822 4659 
3122302206323 3122302206323 0 
3122302206323 3122303747719 9197 
3122302206323 3122306017940 1764 
3122302206323 3122306942806 2489 
3122302206323 3122304384881 7169 
3122302206323 3122304207866 4444 
3122302206323 3122302701804 7357 
3122302206323 3122302159457 3998 
3122302206323 3122302159856 1244 
3122302206323 3122302159449 3507 
3122302206323 3122307488882 4147 
3122302206323 3122304239571 8757 
3122302206323 3122306223354 9197 
3122302206323 3122302159589 6432 
3122302206323 3122306942849 8155 
3122302206323 3122302159562 9459 
3122302206323 3122302159287 15515 
3122302206323 CLU_2725 17683 
3122302206323 CLU_3545 4003 
3122302206323 CLU_3551 2473 
3122302206323 CLU_3565 12621 
3122302206323 CLU_3570 8200 
3122302206323 CLU_3580 6443 
3122302206323 CLU_3581 3188 
3122302206323 CLU_3588 5292 
3122302206323 CLU_3593 1764 
3122302206323 CLU_3594 9197 
3122302206323 CLU_3602 9459 
3122302206323 CLU_3603 5963 
3122302206323 CLU_3604 6751 
3122302206323 CLU_3605 15515 
3122302206323 CLU_4824 9603 
3122302206323 CLU_2550 13785 
3122303747719 3122302159694 5960 
3122303747719 3122302159538 3460 
3122303747719 3122302159600 4233 
3122303747719 3122302159511 5114 
3122303747719 3122300273600 6694 
3122303747719 3122302159503 5720 
3122303747719 3122302159597 7825 
3122303747719 3122302159406 9277 
3122303747719 3122302159678 5070 
3122303747719 3122302159422 7276 
3122303747719 3122302159414 7048 
3122303747719 3122304445651 5277 
3122303747719 3122306026028 2057 
3122303747719 3122304194500 3205 
3122303747719 3122302159430 19752 
3122303747719 3122302159392 13294 
3122303747719 3122302206315 7167 
3122303747719 3122307269161 4497 
3122303747719 3122306703518 6665 
3122303747719 3122302159473 8545 
3122303747719 3122302159554 4075 
3122303747719 3122306072046 2741 
3122303747719 3122302159546 4497 
3122303747719 3122307676875 5153 
3122303747719 3122306942822 6072 
3122303747719 3122302206323 9197 
3122303747719 3122303747719 0 
3122303747719 3122306017940 10138 
3122303747719 3122306942806 9653 
3122303747719 3122304384881 4539 
3122303747719 3122304207866 12509 
3122303747719 3122302701804 3811 
3122303747719 3122302159457 6694 
3122303747719 3122302159856 9291 
3122303747719 3122302159449 12531 
3122303747719 3122307488882 8802 
3122303747719 3122304239571 1539 
3122303747719 3122306223354 0 
3122303747719 3122302159589 4118 
3122303747719 3122306942849 2888 
3122303747719 3122302159562 14355 
3122303747719 3122302159287 19035 
3122303747719 CLU_2725 15136 
3122303747719 CLU_3545 9049 
3122303747719 CLU_3551 10781 
3122303747719 CLU_3565 12234 
3122303747719 CLU_3570 5862 
3122303747719 CLU_3580 10223 
3122303747719 CLU_3581 9336 
3122303747719 CLU_3588 9773 
3122303747719 CLU_3593 10138 
3122303747719 CLU_3594 0 
3122303747719 CLU_3602 14355 
3122303747719 CLU_3603 9555 
3122303747719 CLU_3604 14232 
3122303747719 CLU_3605 19035 
3122303747719 CLU_4824 13294 
3122303747719 CLU_2550 9196 
3122306017940 3122302159694 4265 
3122306017940 3122302159538 6679 
3122306017940 3122302159600 5904 
3122306017940 3122302159511 5057 
3122306017940 3122300273600 5676 
3122306017940 3122302159503 5347 
3122306017940 3122302159597 2965 
3122306017940 3122302159406 2743 
3122306017940 3122302159678 5430 
3122306017940 3122302159422 5936 
3122306017940 3122302159414 6295 
3122306017940 3122304445651 7950 
3122306017940 3122306026028 9200 
3122306017940 3122304194500 7560 
3122306017940 3122302159430 20786 
3122306017940 3122302159392 11196 
3122306017940 3122302206315 3301 
3122306017940 3122307269161 7229 
3122306017940 3122306703518 5053 
3122306017940 3122302159473 2154 
3122306017940 3122302159554 7068 
3122306017940 3122306072046 7477 
3122306017940 3122302159546 7229 
3122306017940 3122307676875 6932 
3122306017940 3122306942822 6288 
3122306017940 3122302206323 1764 
3122306017940 3122303747719 10138 
3122306017940 3122306017940 0 
3122306017940 3122306942806 1151 
3122306017940 3122304384881 8697 
3122306017940 3122304207866 5377 
3122306017940 3122302701804 8800 
3122306017940 3122302159457 5676 
3122306017940 3122302159856 2921 
3122306017940 3122302159449 3745 
3122306017940 3122307488882 3192 
3122306017940 3122304239571 9921 
3122306017940 3122306223354 10138 
3122306017940 3122302159589 6810 
3122306017940 3122306942849 8632 
3122306017940 3122302159562 7790 
3122306017940 3122302159287 13873 
3122306017940 CLU_2725 19444 
3122306017940 CLU_3545 2951 
3122306017940 CLU_3551 746 
3122306017940 CLU_3565 11608 
3122306017940 CLU_3570 9844 
3122306017940 CLU_3580 5172 
3122306017940 CLU_3581 2018 
3122306017940 CLU_3588 4044 
3122306017940 CLU_3593 0 
3122306017940 CLU_3594 10138 
3122306017940 CLU_3602 7790 
3122306017940 CLU_3603 4823 
3122306017940 CLU_3604 5009 
3122306017940 CLU_3605 13873 
3122306017940 CLU_4824 11196 
3122306017940 CLU_2550 15447 
3122306942806 3122302159694 4042 
3122306942806 3122302159538 6207 
3122306942806 3122302159600 5470 
3122306942806 3122302159511 4724 
3122306942806 3122300273600 5995 
3122306942806 3122302159503 5403 
3122306942806 3122302159597 3279 
3122306942806 3122302159406 3548 
3122306942806 3122302159678 4730 
3122306942806 3122302159422 4848 
3122306942806 3122302159414 5218 
3122306942806 3122304445651 6989 
3122306942806 3122306026028 8526 
3122306942806 3122304194500 7339 
3122306942806 3122302159430 19646 
3122306942806 3122302159392 12090 
3122306942806 3122302206315 2541 
3122306942806 3122307269161 7225 
3122306942806 3122306703518 5321 
3122306942806 3122302159473 1199 
3122306942806 3122302159554 6290 
3122306942806 3122306072046 6932 
3122306942806 3122302159546 7225 
3122306942806 3122307676875 7026 
3122306942806 3122306942822 6517 
3122306942806 3122302206323 2489 
3122306942806 3122303747719 9653 
3122306942806 3122306017940 1151 
3122306942806 3122306942806 0 
3122306942806 3122304384881 8746 
3122306942806 3122304207866 6498 
3122306942806 3122302701804 8753 
3122306942806 3122302159457 5995 
3122306942806 3122302159856 3732 
3122306942806 3122302159449 4894 
3122306942806 3122307488882 2048 
3122306942806 3122304239571 9606 
3122306942806 3122306223354 9653 
3122306942806 3122302159589 6057 
3122306942806 3122306942849 7891 
3122306942806 3122302159562 6999 
3122306942806 3122302159287 13035 
3122306942806 CLU_2725 19913 
3122306942806 CLU_3545 1800 
3122306942806 CLU_3551 1330 
3122306942806 CLU_3565 10463 
3122306942806 CLU_3570 10034 
3122306942806 CLU_3580 4065 
3122306942806 CLU_3581 867 
3122306942806 CLU_3588 2923 
3122306942806 CLU_3593 1151 
3122306942806 CLU_3594 9653 
3122306942806 CLU_3602 6999 
3122306942806 CLU_3603 3683 
3122306942806 CLU_3604 4845 
3122306942806 CLU_3605 13035 
3122306942806 CLU_4824 12090 
3122306942806 CLU_2550 15630 
3122304384881 3122302159694 4806 
3122304384881 3122302159538 4139 
3122304384881 3122302159600 4272 
3122304384881 3122302159511 4421 
3122304384881 3122300273600 3355 
3122304384881 3122302159503 3359 
3122304384881 3122302159597 5762 
3122304384881 3122302159406 6738 
3122304384881 3122302159678 5825 
3122304384881 3122302159422 8842 
3122304384881 3122302159414 8813 
3122304384881 3122304445651 8038 
3122304384881 3122306026028 5756 
3122304384881 3122304194500 2281 
3122304384881 3122302159430 23413 
3122304384881 3122302159392 8768 
3122304384881 3122302206315 6935 
3122304384881 3122307269161 1541 
3122304384881 3122306703518 3776 
3122304384881 3122302159473 8012 
3122304384881 3122302159554 6186 
3122304384881 3122306072046 4460 
3122304384881 3122302159546 1541 
3122304384881 3122307676875 1775 
3122304384881 3122306942822 2606 
3122304384881 3122302206323 7169 
3122304384881 3122303747719 4539 
3122304384881 3122306017940 8697 
3122304384881 3122306942806 8746 
3122304384881 3122304384881 0 
3122304384881 3122304207866 9108 
3122304384881 3122302701804 728 
3122304384881 3122302159457 3355 
3122304384881 3122302159856 6666 
3122304384881 3122302159449 9793 
3122304384881 3122307488882 8907 
3122304384881 3122304239571 3122 
3122304384881 3122306223354 4539 
3122304384881 3122302159589 5984 
3122304384881 3122306942849 6160 
3122304384881 3122302159562 15076 
3122304384881 3122302159287 20596 
3122304384881 CLU_2725 12011 
3122304384881 CLU_3545 9030 
3122304384881 CLU_3551 9442 
3122304384881 CLU_3565 15051 
3122304384881 CLU_3570 1676 
3122304384881 CLU_3580 11054 
3122304384881 CLU_3581 8851 
3122304384881 CLU_3588 10195 
3122304384881 CLU_3593 8697 
3122304384881 CLU_3594 4539 
3122304384881 CLU_3602 15076 
3122304384881 CLU_3603 10356 
3122304384881 CLU_3604 13581 
3122304384881 CLU_3605 20596 
3122304384881 CLU_4824 8768 
3122304384881 CLU_2550 6960 
3122304207866 3122302159694 7104 
3122304207866 3122302159538 9539 
3122304207866 3122302159600 8818 
3122304207866 3122302159511 7904 
3122304207866 3122300273600 5922 
3122304207866 3122302159503 6795 
3122304207866 3122302159597 5176 
3122304207866 3122302159406 3674 
3122304207866 3122302159678 9250 
3122304207866 3122302159422 10882 
3122304207866 3122302159414 11182 
3122304207866 3122304445651 12317 
3122304207866 3122306026028 12403 
3122304207866 3122304194500 9327 
3122304207866 3122302159430 26132 
3122304207866 3122302159392 6801 
3122304207866 3122302206315 7744 
3122304207866 3122307269161 8228 
3122304207866 3122306703518 5846 
3122304207866 3122302159473 7185 
3122304207866 3122302159554 10884 
3122304207866 3122306072046 10440 
3122304207866 3122302159546 8228 
3122304207866 3122307676875 7618 
3122304207866 3122306942822 6644 
3122304207866 3122302206323 4444 
3122304207866 3122303747719 12509 
3122304207866 3122306017940 5377 
3122304207866 3122306942806 6498 
3122304207866 3122304384881 9108 
3122304207866 3122304207866 0 
3122304207866 3122302701804 9599 
3122304207866 3122302159457 5922 
3122304207866 3122302159856 3566 
3122304207866 3122302159449 2196 
3122304207866 3122307488882 8447 
3122304207866 3122304239571 11644 
3122304207866 3122306223354 12509 
3122304207866 3122302159589 10576 
3122304207866 3122306942849 12141 
3122304207866 3122302159562 12768 
3122304207866 3122302159287 18825 
3122304207866 CLU_2725 16753 
3122304207866 CLU_3545 8249 
3122304207866 CLU_3551 5658 
3122304207866 CLU_3565 16942 
3122304207866 CLU_3570 9380 
3122304207866 CLU_3580 10549 
3122304207866 CLU_3581 7341 
3122304207866 CLU_3588 9417 
3122304207866 CLU_3593 5377 
3122304207866 CLU_3594 12509 
3122304207866 CLU_3602 12768 
3122304207866 CLU_3603 10178 
3122304207866 CLU_3604 8976 
3122304207866 CLU_3605 18825 
3122304207866 CLU_4824 6801 
3122304207866 CLU_2550 14349 
3122302701804 3122302159694 4736 
3122302701804 3122302159538 3688 
3122302701804 3122302159600 3938 
3122302701804 3122302159511 4234 
3122302701804 3122300273600 3733 
3122302701804 3122302159503 3468 
3122302701804 3122302159597 5921 
3122302701804 3122302159406 7022 
3122302701804 3122302159678 5473 
3122302701804 3122302159422 8458 
3122302701804 3122302159414 8401 
3122302701804 3122304445651 7487 
3122302701804 3122306026028 5075 
3122302701804 3122304194500 1810 
3122302701804 3122302159430 22811 
3122302701804 3122302159392 9495 
3122302701804 3122302206315 6782 
3122302701804 3122307269161 1582 
3122302701804 3122306703518 4051 
3122302701804 3122302159473 7939 
3122302701804 3122302159554 5667 
3122302701804 3122306072046 3898 
3122302701804 3122302159546 1582 
3122302701804 3122307676875 2043 
3122302701804 3122306942822 2983 
3122302701804 3122302206323 7357 
3122302701804 3122303747719 3811 
3122302701804 3122306017940 8800 
3122302701804 3122306942806 8753 
3122302701804 3122304384881 728 
3122302701804 3122304207866 9599 
3122302701804 3122302701804 0 
3122302701804 3122302159457 3733 
3122302701804 3122302159856 6967 
3122302701804 3122302159449 10156 
3122302701804 3122307488882 8744 
3122302701804 3122304239571 2403 
3122302701804 3122306223354 3811 
3122302701804 3122302159589 5487 
3122302701804 3122306942849 5521 
3122302701804 3122302159562 14881 
3122302701804 3122302159287 20297 
3122302701804 CLU_2725 12445 
3122302701804 CLU_3545 8890 
3122302701804 CLU_3551 9536 
3122302701804 CLU_3565 14549 
3122302701804 CLU_3570 2251 
3122302701804 CLU_3580 10809 
3122302701804 CLU_3581 8786 
3122302701804 CLU_3588 10003 
3122302701804 CLU_3593 8800 
3122302701804 CLU_3594 3811 
3122302701804 CLU_3602 14881 
3122302701804 CLU_3603 10107 
3122302701804 CLU_3604 13598 
3122302701804 CLU_3605 20297 
3122302701804 CLU_4824 9495 
3122302701804 CLU_2550 7162 
3122302159457 3122302159694 2873 
3122302159457 3122302159538 4265 
3122302159457 3122302159600 3775 
3122302159457 3122302159511 3168 
3122302159457 3122300273600 0 
3122302159457 3122302159503 1373 
3122302159457 3122302159597 2736 
3122302159457 3122302159406 3420 
3122302159457 3122302159678 4960 
3122302159457 3122302159422 7731 
3122302159457 3122302159414 7854 
3122302159457 3122304445651 7983 
3122302159457 3122306026028 6982 
3122302159457 3122304194500 3490 
3122302159457 3122302159430 23206 
3122302159457 3122302159392 7622 
3122302159457 3122302206315 4930 
3122302159457 3122307269161 2306 
3122302159457 3122306703518 698 
3122302159457 3122302159473 5581 
3122302159457 3122302159554 6169 
3122302159457 3122306072046 5080 
3122302159457 3122302159546 2306 
3122302159457 3122307676875 1706 
3122302159457 3122306942822 753 
3122302159457 3122302206323 3998 
3122302159457 3122303747719 6694 
3122302159457 3122306017940 5676 
3122302159457 3122306942806 5995 
3122302159457 3122304384881 3355 
3122302159457 3122304207866 5922 
3122302159457 3122302701804 3733 
3122302159457 3122302159457 0 
3122302159457 3122302159856 3333 
3122302159457 3122302159449 6441 
3122302159457 3122307488882 6759 
3122302159457 3122304239571 5728 
3122302159457 3122306223354 6694 
3122302159457 3122302159589 5872 
3122302159457 3122306942849 6965 
3122302159457 3122302159562 12826 
3122302159457 3122302159287 18685 
3122302159457 CLU_2725 13939 
3122302159457 CLU_3545 6784 
3122302159457 CLU_3551 6418 
3122302159457 CLU_3565 14296 
3122302159457 CLU_3570 4206 
3122302159457 CLU_3580 9134 
3122302159457 CLU_3581 6335 
3122302159457 CLU_3588 8096 
3122302159457 CLU_3593 5676 
3122302159457 CLU_3594 6694 
3122302159457 CLU_3602 12826 
3122302159457 CLU_3603 8488 
3122302159457 CLU_3604 10678 
3122302159457 CLU_3605 18685 
3122302159457 CLU_4824 7622 
3122302159457 CLU_2550 9787 
3122302159856 3122302159694 3582 
3122302159856 3122302159538 6105 
3122302159856 3122302159600 5349 
3122302159856 3122302159511 4416 
3122302159856 3122300273600 3333 
3122302159856 3122302159503 3658 
3122302159856 3122302159597 1618 
3122302159856 3122302159406 183 
3122302159856 3122302159678 5685 
3122302159856 3122302159422 7463 
3122302159856 3122302159414 7735 
3122302159856 3122304445651 8756 
3122302159856 3122306026028 8951 
3122302159856 3122304194500 6232 
3122302159856 3122302159430 22945 
3122302159856 3122302159392 8358 
3122302159856 3122302206315 4273 
3122302159856 3122307269161 5420 
3122302159856 3122306703518 2916 
3122302159856 3122302159473 4005 
3122302159856 3122302159554 7326 
3122302159856 3122306072046 7005 
3122302159856 3122302159546 5420 
3122302159856 3122307676875 4932 
3122302159856 3122306942822 4066 
3122302159856 3122302206323 1244 
3122302159856 3122303747719 9291 
3122302159856 3122306017940 2921 
3122302159856 3122306942806 3732 
3122302159856 3122304384881 6666 
3122302159856 3122304207866 3566 
3122302159856 3122302701804 6967 
3122302159856 3122302159457 3333 
3122302159856 3122302159856 0 
3122302159856 3122302159449 3258 
3122302159856 3122307488882 5344 
3122302159856 3122304239571 8651 
3122302159856 3122306223354 9291 
3122302159856 3122302159589 7020 
3122302159856 3122306942849 8629 
3122302159856 3122302159562 10683 
3122302159856 3122302159287 16749 
3122302159856 CLU_2725 16636 
3122302159856 CLU_3545 5218 
3122302159856 CLU_3551 3568 
3122302159856 CLU_3565 13772 
3122302159856 CLU_3570 7492 
3122302159856 CLU_3580 7672 
3122302159856 CLU_3581 4426 
3122302159856 CLU_3588 6523 
3122302159856 CLU_3593 2921 
3122302159856 CLU_3594 9291 
3122302159856 CLU_3602 10683 
3122302159856 CLU_3603 7174 
3122302159856 CLU_3604 7791 
3122302159856 CLU_3605 16749 
3122302159856 CLU_4824 8358 
3122302159856 CLU_2550 13003 
3122302159449 3122302159694 6688 
3122302159449 3122302159538 9264 
3122302159449 3122302159600 8487 
3122302159449 3122302159511 7548 
3122302159449 3122300273600 6441 
3122302159449 3122302159503 6915 
3122302159449 3122302159597 4729 
3122302159449 3122302159406 3256 
3122302159449 3122302159678 8547 
3122302159449 3122302159422 9623 
3122302159449 3122302159414 9964 
3122302159449 3122304445651 11415 
3122302159449 3122306026028 12064 
3122302159449 3122304194500 9491 
3122302159449 3122302159430 24463 
3122302159449 3122302159392 8953 
3122302159449 3122302206315 6692 
3122302159449 3122307269161 8639 
3122302159449 3122306703518 6127 
3122302159449 3122302159473 5817 
3122302159449 3122302159554 10231 
3122302159449 3122306072046 10155 
3122302159449 3122302159546 8639 
3122302159449 3122307676875 8113 
3122302159449 3122306942822 7193 
3122302159449 3122302206323 3507 
3122302159449 3122303747719 12531 
3122302159449 3122306017940 3745 
3122302159449 3122306942806 4894 
3122302159449 3122304384881 9793 
3122302159449 3122304207866 2196 
3122302159449 3122302701804 10156 
3122302159449 3122302159457 6441 
3122302159449 3122302159856 3258 
3122302159449 3122302159449 0 
3122302159449 3122307488882 6937 
3122302159449 3122304239571 11909 
3122302159449 3122306223354 12531 
3122302159449 3122302159589 9939 
3122302159449 3122306942849 11658 
3122302159449 3122302159562 10678 
3122302159449 3122302159287 16701 
3122302159449 CLU_2725 18610 
3122302159449 CLU_3545 6694 
3122302159449 CLU_3551 3814 
3122302159449 CLU_3565 15309 
3122302159449 CLU_3570 10404 
3122302159449 CLU_3580 8808 
3122302159449 CLU_3581 5761 
3122302159449 CLU_3588 7721 
3122302159449 CLU_3593 3745 
3122302159449 CLU_3594 12531 
3122302159449 CLU_3602 10678 
3122302159449 CLU_3603 8528 
3122302159449 CLU_3604 6788 
3122302159449 CLU_3605 16701 
3122302159449 CLU_4824 8953 
3122302159449 CLU_2550 15707 
3122307488882 3122302159694 4145 
3122307488882 3122302159538 5555 
3122307488882 3122302159600 4963 
3122307488882 3122302159511 4510 
3122307488882 3122300273600 6759 
3122307488882 3122302159503 5797 
3122307488882 3122302159597 4355 
3122307488882 3122302159406 5169 
3122307488882 3122302159678 3740 
3122307488882 3122302159422 2885 
3122307488882 3122302159414 3273 
3122307488882 3122304445651 5260 
3122307488882 3122306026028 7344 
3122307488882 3122304194500 7089 
3122307488882 3122302159430 17692 
3122307488882 3122302159392 13598 
3122307488882 3122302206315 1972 
3122307488882 3122307269161 7371 
3122307488882 3122306703518 6061 
3122307488882 3122302159473 1342 
3122307488882 3122302159554 4985 
3122307488882 3122306072046 6081 
3122307488882 3122302159546 7371 
3122307488882 3122307676875 7354 
3122307488882 3122306942822 7100 
3122307488882 3122302206323 4147 
3122307488882 3122303747719 8802 
3122307488882 3122306017940 3192 
3122307488882 3122306942806 2048 
3122307488882 3122304384881 8907 
3122307488882 3122304207866 8447 
3122307488882 3122302701804 8744 
3122307488882 3122302159457 6759 
3122307488882 3122302159856 5344 
3122307488882 3122302159449 6937 
3122307488882 3122307488882 0 
3122307488882 3122304239571 9074 
3122307488882 3122306223354 8802 
3122307488882 3122302159589 4821 
3122307488882 3122306942849 6595 
3122307488882 3122302159562 6178 
3122307488882 3122302159287 11928 
3122307488882 CLU_2725 20609 
3122307488882 CLU_3545 308 
3122307488882 CLU_3551 3299 
3122307488882 CLU_3565 8501 
3122307488882 CLU_3570 10393 
3122307488882 CLU_3580 2408 
3122307488882 CLU_3581 1190 
3122307488882 CLU_3588 1337 
3122307488882 CLU_3593 3192 
3122307488882 CLU_3594 8802 
3122307488882 CLU_3602 6178 
3122307488882 CLU_3603 1839 
3122307488882 CLU_3604 5481 
3122307488882 CLU_3605 11928 
3122307488882 CLU_4824 13598 
3122307488882 CLU_2550 15864 
3122304239571 3122302159694 5656 
3122304239571 3122302159538 3519 
3122304239571 3122302159600 4166 
3122304239571 3122302159511 4889 
3122304239571 3122300273600 5728 
3122304239571 3122302159503 4993 
3122304239571 3122302159597 7325 
3122304239571 3122302159406 8666 
3122304239571 3122302159678 5381 
3122304239571 3122302159422 8001 
3122304239571 3122302159414 7835 
3122304239571 3122304445651 6352 
3122304239571 3122306026028 3331 
3122304239571 3122304194500 2429 
3122304239571 3122302159430 21196 
3122304239571 3122302159392 11886 
3122304239571 3122302206315 7259 
3122304239571 3122307269161 3428 
3122304239571 3122306703518 5839 
3122304239571 3122302159473 8591 
3122304239571 3122302159554 4834 
3122304239571 3122306072046 3133 
3122304239571 3122302159546 3428 
3122304239571 3122307676875 4066 
3122304239571 3122306942822 5034 
3122304239571 3122302206323 8757 
3122304239571 3122303747719 1539 
3122304239571 3122306017940 9921 
3122304239571 3122306942806 9606 
3122304239571 3122304384881 3122 
3122304239571 3122304207866 11644 
3122304239571 3122302701804 2403 
3122304239571 3122302159457 5728 
3122304239571 3122302159856 8651 
3122304239571 3122302159449 11909 
3122304239571 3122307488882 9074 
3122304239571 3122304239571 0 
3122304239571 3122306223354 1539 
3122304239571 3122302159589 4780 
3122304239571 3122306942849 4037 
3122304239571 3122302159562 14930 
3122304239571 3122302159287 19908 
3122304239571 CLU_2725 13710 
3122304239571 CLU_3545 9286 
3122304239571 CLU_3551 10613 
3122304239571 CLU_3565 13438 
3122304239571 CLU_3570 4339 
3122304239571 CLU_3580 10775 
3122304239571 CLU_3581 9423 
3122304239571 CLU_3588 10178 
3122304239571 CLU_3593 9921 
3122304239571 CLU_3594 1539 
3122304239571 CLU_3602 14930 
3122304239571 CLU_3603 10083 
3122304239571 CLU_3604 14352 
3122304239571 CLU_3605 19908 
3122304239571 CLU_4824 11886 
3122304239571 CLU_2550 7875 
3122306223354 3122302159694 5960 
3122306223354 3122302159538 3460 
3122306223354 3122302159600 4233 
3122306223354 3122302159511 5114 
3122306223354 3122300273600 6694 
3122306223354 3122302159503 5720 
3122306223354 3122302159597 7825 
3122306223354 3122302159406 9277 
3122306223354 3122302159678 5070 
3122306223354 3122302159422 7276 
3122306223354 3122302159414 7048 
3122306223354 3122304445651 5277 
3122306223354 3122306026028 2057 
3122306223354 3122304194500 3205 
3122306223354 3122302159430 19752 
3122306223354 3122302159392 13294 
3122306223354 3122302206315 7167 
3122306223354 3122307269161 4497 
3122306223354 3122306703518 6665 
3122306223354 3122302159473 8545 
3122306223354 3122302159554 4075 
3122306223354 3122306072046 2741 
3122306223354 3122302159546 4497 
3122306223354 3122307676875 5153 
3122306223354 3122306942822 6072 
3122306223354 3122302206323 9197 
3122306223354 3122303747719 0 
3122306223354 3122306017940 10138 
3122306223354 3122306942806 9653 
3122306223354 3122304384881 4539 
3122306223354 3122304207866 12509 
3122306223354 3122302701804 3811 
3122306223354 3122302159457 6694 
3122306223354 3122302159856 9291 
3122306223354 3122302159449 12531 
3122306223354 3122307488882 8802 
3122306223354 3122304239571 1539 
3122306223354 3122306223354 0 
3122306223354 3122302159589 4118 
3122306223354 3122306942849 2888 
3122306223354 3122302159562 14355 
3122306223354 3122302159287 19035 
3122306223354 CLU_2725 15136 
3122306223354 CLU_3545 9049 
3122306223354 CLU_3551 10781 
3122306223354 CLU_3565 12234 
3122306223354 CLU_3570 5862 
3122306223354 CLU_3580 10223 
3122306223354 CLU_3581 9336 
3122306223354 CLU_3588 9773 
3122306223354 CLU_3593 10138 
3122306223354 CLU_3594 0 
3122306223354 CLU_3602 14355 
3122306223354 CLU_3603 9555 
3122306223354 CLU_3604 14232 
3122306223354 CLU_3605 19035 
3122306223354 CLU_4824 13294 
3122306223354 CLU_2550 9196 
3122302159589 3122302159694 3498 
3122302159589 3122302159538 1866 
3122302159589 3122302159600 2104 
3122302159589 3122302159511 2804 
3122302159589 3122300273600 5872 
3122302159589 3122302159503 4501 
3122302159589 3122302159597 5403 
3122302159589 3122302159406 6931 
3122302159589 3122302159678 1400 
3122302159589 3122302159422 3223 
3122302159589 3122302159414 3058 
3122302159589 3122304445651 2150 
3122302159589 3122306026028 2525 
3122302159589 3122304194500 3705 
3122302159589 3122302159430 17566 
3122302159589 3122302159392 13476 
3122302159589 3122302206315 3530 
3122302159589 3122307269161 4807 
3122302159589 3122306703518 5421 
3122302159589 3122302159473 4865 
3122302159589 3122302159554 311 
3122302159589 3122306072046 1684 
3122302159589 3122302159546 4807 
3122302159589 3122307676875 5220 
3122302159589 3122306942822 5659 
3122302159589 3122302206323 6432 
3122302159589 3122303747719 4118 
3122302159589 3122306017940 6810 
3122302159589 3122306942806 6057 
3122302159589 3122304384881 5984 
3122302159589 3122304207866 10576 
3122302159589 3122302701804 5487 
3122302159589 3122302159457 5872 
3122302159589 3122302159856 7020 
3122302159589 3122302159449 9939 
3122302159589 3122307488882 4821 
3122302159589 3122304239571 4780 
3122302159589 3122306223354 4118 
3122302159589 3122302159589 0 
3122302159589 3122306942849 1834 
3122302159589 3122302159562 10244 
3122302159589 3122302159287 15132 
3122302159589 CLU_2725 17929 
3122302159589 CLU_3545 5095 
3122302159589 CLU_3551 7327 
3122302159589 CLU_3565 9069 
3122302159589 CLU_3570 7660 
3122302159589 CLU_3580 6106 
3122302159589 CLU_3581 5552 
3122302159589 CLU_3588 5684 
3122302159589 CLU_3593 6810 
3122302159589 CLU_3594 4118 
3122302159589 CLU_3602 10244 
3122302159589 CLU_3603 5437 
3122302159589 CLU_3604 10303 
3122302159589 CLU_3605 15132 
3122302159589 CLU_4824 13476 
3122302159589 CLU_2550 12434 
3122306942849 3122302159694 5047 
3122306942849 3122302159538 2709 
3122306942849 3122302159600 3343 
3122306942849 3122302159511 4237 
3122306942849 3122300273600 6965 
3122306942849 3122302159503 5659 
3122306942849 3122302159597 7018 
3122306942849 3122302159406 8559 
3122306942849 3122302159678 3202 
3122306942849 3122302159422 4571 
3122306942849 3122302159414 4292 
3122306942849 3122304445651 2389 
3122306942849 3122306026028 872 
3122306942849 3122304194500 4005 
3122306942849 3122302159430 17310 
3122306942849 3122302159392 14380 
3122306942849 3122302206315 5362 
3122306942849 3122307269161 5363 
3122306942849 3122306703518 6647 
3122306942849 3122302159473 6700 
3122306942849 3122302159554 1619 
3122306942849 3122306072046 1901 
3122306942849 3122302159546 5363 
3122306942849 3122307676875 5917 
3122306942849 3122306942822 6582 
3122306942849 3122302206323 8155 
3122306942849 3122303747719 2888 
3122306942849 3122306017940 8632 
3122306942849 3122306942806 7891 
3122306942849 3122304384881 6160 
3122306942849 3122304207866 12141 
3122306942849 3122302701804 5521 
3122306942849 3122302159457 6965 
3122306942849 3122302159856 8629 
3122306942849 3122302159449 11658 
3122306942849 3122307488882 6595 
3122306942849 3122304239571 4037 
3122306942849 3122306223354 2888 
3122306942849 3122302159589 1834 
3122306942849 3122306942849 0 
3122306942849 3122302159562 11678 
3122306942849 3122302159287 16167 
3122306942849 CLU_2725 17695 
3122306942849 CLU_3545 6879 
3122306942849 CLU_3551 9159 
3122306942849 CLU_3565 9407 
3122306942849 CLU_3570 7772 
3122306942849 CLU_3580 7619 
3122306942849 CLU_3581 7377 
3122306942849 CLU_3588 7348 
3122306942849 CLU_3593 8632 
3122306942849 CLU_3594 2888 
3122306942849 CLU_3602 11678 
3122306942849 CLU_3603 6993 
3122306942849 CLU_3604 12069 
3122306942849 CLU_3605 16167 
3122306942849 CLU_4824 14380 
3122306942849 CLU_2550 11912 
3122302159562 3122302159694 10322 
3122302159562 3122302159538 11478 
3122302159562 3122302159600 11001 
3122302159562 3122302159511 10661 
3122302159562 3122300273600 12826 
3122302159562 3122302159503 11958 
3122302159562 3122302159597 10210 
3122302159562 3122302159406 10501 
3122302159562 3122302159678 9579 
3122302159562 3122302159422 7109 
3122302159562 3122302159414 7391 
3122302159562 3122304445651 9541 
3122302159562 3122306026028 12539 
3122302159562 3122304194500 13168 
3122302159562 3122302159430 15161 
3122302159562 3122302159392 18982 
3122302159562 3122302206315 8147 
3122302159562 3122307269161 13545 
3122302159562 3122306703518 12130 
3122302159562 3122302159473 7247 
3122302159562 3122302159554 10280 
3122302159562 3122306072046 11807 
3122302159562 3122302159546 13545 
3122302159562 3122307676875 13530 
3122302159562 3122306942822 13233 
3122302159562 3122302206323 9459 
3122302159562 3122303747719 14355 
3122302159562 3122306017940 7790 
3122302159562 3122306942806 6999 
3122302159562 3122304384881 15076 
3122302159562 3122304207866 12768 
3122302159562 3122302701804 14881 
3122302159562 3122302159457 12826 
3122302159562 3122302159856 10683 
3122302159562 3122302159449 10678 
3122302159562 3122307488882 6178 
3122302159562 3122304239571 14930 
3122302159562 3122306223354 14355 
3122302159562 3122302159589 10244 
3122302159562 3122306942849 11678 
3122302159562 3122302159562 0 
3122302159562 3122302159287 6092 
3122302159562 CLU_2725 26748 
3122302159562 CLU_3545 6087 
3122302159562 CLU_3551 7259 
3122302159562 CLU_3565 7216 
3122302159562 CLU_3570 16572 
3122302159562 CLU_3580 4154 
3122302159562 CLU_3581 6503 
3122302159562 CLU_3588 4881 
3122302159562 CLU_3593 7790 
3122302159562 CLU_3594 14355 
3122302159562 CLU_3602 0 
3122302159562 CLU_3603 4847 
3122302159562 CLU_3604 4399 
3122302159562 CLU_3605 6092 
3122302159562 CLU_4824 18982 
3122302159562 CLU_2550 22026 
3122302159287 3122302159694 16013 
3122302159287 3122302159538 16684 
3122302159287 3122302159600 16358 
3122302159287 3122302159511 16204 
3122302159287 3122300273600 18685 
3122302159287 3122302159503 17693 
3122302159287 3122302159597 16168 
3122302159287 3122302159406 16566 
3122302159287 3122302159678 14829 
3122302159287 3122302159422 11929 
3122302159287 3122302159414 12074 
3122302159287 3122304445651 13796 
3122302159287 3122306026028 17032 
3122302159287 3122304194500 18508 
3122302159287 3122302159430 12071 
3122302159287 3122302159392 25069 
3122302159287 3122302206315 13826 
3122302159287 3122307269161 19110 
3122302159287 3122306703518 17987 
3122302159287 3122302159473 13135 
3122302159287 3122302159554 15075 
3122302159287 3122306072046 16806 
3122302159287 3122302159546 19110 
3122302159287 3122307676875 19192 
3122302159287 3122306942822 19018 
3122302159287 3122302206323 15515 
3122302159287 3122303747719 19035 
3122302159287 3122306017940 13873 
3122302159287 3122306942806 13035 
3122302159287 3122304384881 20596 
3122302159287 3122304207866 18825 
3122302159287 3122302701804 20297 
3122302159287 3122302159457 18685 
3122302159287 3122302159856 16749 
3122302159287 3122302159449 16701 
3122302159287 3122307488882 11928 
3122302159287 3122304239571 19908 
3122302159287 3122306223354 19035 
3122302159287 3122302159589 15132 
3122302159287 3122306942849 16167 
3122302159287 3122302159562 6092 
3122302159287 3122302159287 0 
3122302159287 CLU_2725 32495 
3122302159287 CLU_3545 11905 
3122302159287 CLU_3551 13351 
3122302159287 CLU_3565 8106 
3122302159287 CLU_3570 22180 
3122302159287 CLU_3580 9593 
3122302159287 CLU_3581 12461 
3122302159287 CLU_3588 10590 
3122302159287 CLU_3593 13873 
3122302159287 CLU_3594 19035 
3122302159287 CLU_3602 6092 
3122302159287 CLU_3603 10274 
3122302159287 CLU_3604 10083 
3122302159287 CLU_3605 0 
3122302159287 CLU_4824 25069 
3122302159287 CLU_2550 27443 
;

param D0_1 := 
CLU_2550 3122302159694 11761 
CLU_2550 3122302159538 10767 
CLU_2550 3122302159600 11095 
CLU_2550 3122302159511 11365 
CLU_2550 3122300273600 9787 
CLU_2550 3122302159503 10233 
CLU_2550 3122302159597 12482 
CLU_2550 3122302159406 13122 
CLU_2550 3122302159678 12614 
CLU_2550 3122302159422 15551 
CLU_2550 3122302159414 15456 
CLU_2550 3122304445651 14202 
CLU_2550 3122306026028 11184 
CLU_2550 3122304194500 8935 
CLU_2550 3122302159430 28898 
CLU_2550 3122302159392 10339 
CLU_2550 3122302206315 13893 
CLU_2550 3122307269161 8500 
CLU_2550 3122306703518 10393 
CLU_2550 3122302159473 14959 
CLU_2550 3122302159554 12553 
CLU_2550 3122306072046 10755 
CLU_2550 3122302159546 8500 
CLU_2550 3122307676875 8609 
CLU_2550 3122306942822 9159 
CLU_2550 3122302206323 13785 
CLU_2550 3122303747719 9196 
CLU_2550 3122306017940 15447 
CLU_2550 3122306942806 15630 
CLU_2550 3122304384881 6960 
CLU_2550 3122304207866 14349 
CLU_2550 3122302701804 7162 
CLU_2550 3122302159457 9787 
CLU_2550 3122302159856 13003 
CLU_2550 3122302159449 15707 
CLU_2550 3122307488882 15864 
CLU_2550 3122304239571 7875 
CLU_2550 3122306223354 9196 
CLU_2550 3122302159589 12434 
CLU_2550 3122306942849 11912 
CLU_2550 3122302159562 22026 
CLU_2550 3122302159287 27443 
CLU_2550 CLU_2725 6126 
CLU_2550 CLU_3545 15990 
CLU_2550 CLU_3551 16192 
CLU_2550 CLU_3565 21308 
CLU_2550 CLU_3570 5605 
CLU_2550 CLU_3580 17970 
CLU_2550 CLU_3581 15791 
CLU_2550 CLU_3588 17145 
CLU_2550 CLU_3593 15447 
CLU_2550 CLU_3594 9196 
CLU_2550 CLU_3602 22026 
CLU_2550 CLU_3603 17269 
CLU_2550 CLU_3604 20422 
CLU_2550 CLU_3605 27443 
CLU_2550 CLU_4824 10339 
CLU_2550 CLU_2550 0 
CLU_2725 3122302159694 16486 
CLU_2725 3122302159538 16127 
CLU_2725 3122302159600 16278 
CLU_2725 3122302159511 16312 
CLU_2725 3122300273600 13939 
CLU_2725 3122302159503 14814 
CLU_2725 3122302159597 16633 
CLU_2725 3122302159406 16794 
CLU_2725 3122302159678 17831 
CLU_2725 3122302159422 20853 
CLU_2725 3122302159414 20824 
CLU_2725 3122304445651 19868 
CLU_2725 3122306026028 17039 
CLU_2725 3122304194500 14247 
CLU_2725 3122302159430 34888 
CLU_2725 3122302159392 10683 
CLU_2725 3122302206315 18677 
CLU_2725 3122307269161 13427 
CLU_2725 3122306703518 14630 
CLU_2725 3122302159473 19503 
CLU_2725 3122302159554 18097 
CLU_2725 3122306072046 16303 
CLU_2725 3122302159546 13427 
CLU_2725 3122307676875 13305 
CLU_2725 3122306942822 13516 
CLU_2725 3122302206323 17683 
CLU_2725 3122303747719 15136 
CLU_2725 3122306017940 19444 
CLU_2725 3122306942806 19913 
CLU_2725 3122304384881 12011 
CLU_2725 3122304207866 16753 
CLU_2725 3122302701804 12445 
CLU_2725 3122302159457 13939 
CLU_2725 3122302159856 16636 
CLU_2725 3122302159449 18610 
CLU_2725 3122307488882 20609 
CLU_2725 3122304239571 13710 
CLU_2725 3122306223354 15136 
CLU_2725 3122302159589 17929 
CLU_2725 3122306942849 17695 
CLU_2725 3122302159562 26748 
CLU_2725 3122302159287 32495 
CLU_2725 CLU_2725 0 
CLU_2725 CLU_3545 20671 
CLU_2725 CLU_3551 20153 
CLU_2725 CLU_3565 26972 
CLU_2725 CLU_3570 10364 
CLU_2725 CLU_3580 22903 
CLU_2725 CLU_3581 20273 
CLU_2725 CLU_3588 21942 
CLU_2725 CLU_3593 19444 
CLU_2725 CLU_3594 15136 
CLU_2725 CLU_3602 26748 
CLU_2725 CLU_3603 22220 
CLU_2725 CLU_3604 24419 
CLU_2725 CLU_3605 32495 
CLU_2725 CLU_4824 10683 
CLU_2725 CLU_2550 6126 
CLU_3501 3122302159694 1318 
CLU_3501 3122302159538 2298 
CLU_3501 3122302159600 1612 
CLU_3501 3122302159511 1208 
CLU_3501 3122300273600 4162 
CLU_3501 3122302159503 2884 
CLU_3501 3122302159597 2989 
CLU_3501 3122302159406 4492 
CLU_3501 3122302159678 1094 
CLU_3501 3122302159422 3573 
CLU_3501 3122302159414 3694 
CLU_3501 3122304445651 4197 
CLU_3501 3122306026028 4723 
CLU_3501 3122304194500 3714 
CLU_3501 3122302159430 19079 
CLU_3501 3122302159392 11697 
CLU_3501 3122302206315 1484 
CLU_3501 3122307269161 4114 
CLU_3501 3122306703518 3549 
CLU_3501 3122302159473 2831 
CLU_3501 3122302159554 2765 
CLU_3501 3122306072046 3014 
CLU_3501 3122302159546 4114 
CLU_3501 3122307676875 4224 
CLU_3501 3122306942822 4238 
CLU_3501 3122302206323 3964 
CLU_3501 3122303747719 5731 
CLU_3501 3122306017940 4487 
CLU_3501 3122306942806 3922 
CLU_3501 3122304384881 5618 
CLU_3501 3122304207866 8158 
CLU_3501 3122302701804 5396 
CLU_3501 3122302159457 4162 
CLU_3501 3122302159856 4592 
CLU_3501 3122302159449 7471 
CLU_3501 3122307488882 3374 
CLU_3501 3122304239571 5776 
CLU_3501 3122306223354 5731 
CLU_3501 3122302159589 2469 
CLU_3501 3122306942849 4214 
CLU_3501 3122302159562 9484 
CLU_3501 3122302159287 14996 
CLU_3501 CLU_2725 17519 
CLU_3501 CLU_3545 3551 
CLU_3501 CLU_3551 5083 
CLU_3501 CLU_3565 10135 
CLU_3501 CLU_3570 7184 
CLU_3501 CLU_3580 5436 
CLU_3501 CLU_3581 3651 
CLU_3501 CLU_3588 4607 
CLU_3501 CLU_3593 4487 
CLU_3501 CLU_3594 5731 
CLU_3501 CLU_3602 9484 
CLU_3501 CLU_3603 4738 
CLU_3501 CLU_3604 8581 
CLU_3501 CLU_3605 14996 
CLU_3501 CLU_4824 11697 
CLU_3501 CLU_2550 12547 
CLU_3502 3122302159694 1456 
CLU_3502 3122302159538 2424 
CLU_3502 3122302159600 1761 
CLU_3502 3122302159511 1384 
CLU_3502 3122300273600 4314 
CLU_3502 3122302159503 3048 
CLU_3502 3122302159597 3048 
CLU_3502 3122302159406 4534 
CLU_3502 3122302159678 1074 
CLU_3502 3122302159422 3417 
CLU_3502 3122302159414 3547 
CLU_3502 3122304445651 4126 
CLU_3502 3122306026028 4779 
CLU_3502 3122304194500 3879 
CLU_3502 3122302159430 18942 
CLU_3502 3122302159392 11832 
CLU_3502 3122302206315 1346 
CLU_3502 3122307269161 4291 
CLU_3502 3122306703518 3694 
CLU_3502 3122302159473 2709 
CLU_3502 3122302159554 2759 
CLU_3502 3122306072046 3112 
CLU_3502 3122302159546 4291 
CLU_3502 3122307676875 4399 
CLU_3502 3122306942822 4404 
CLU_3502 3122302206323 3968 
CLU_3502 3122303747719 5840 
CLU_3502 3122306017940 4421 
CLU_3502 3122306942806 3819 
CLU_3502 3122304384881 5794 
CLU_3502 3122304207866 8206 
CLU_3502 3122302701804 5568 
CLU_3502 3122302159457 4314 
CLU_3502 3122302159856 4640 
CLU_3502 3122302159449 7472 
CLU_3502 3122307488882 3211 
CLU_3502 3122304239571 5917 
CLU_3502 3122306223354 5840 
CLU_3502 3122302159589 2470 
CLU_3502 3122306942849 4243 
CLU_3502 3122302159562 9312 
CLU_3502 3122302159287 14819 
CLU_3502 CLU_2725 17695 
CLU_3502 CLU_3545 3394 
CLU_3502 CLU_3551 5002 
CLU_3502 CLU_3565 9983 
CLU_3502 CLU_3570 7361 
CLU_3502 CLU_3580 5260 
CLU_3502 CLU_3581 3520 
CLU_3502 CLU_3588 4436 
CLU_3502 CLU_3593 4421 
CLU_3502 CLU_3594 5840 
CLU_3502 CLU_3602 9312 
CLU_3502 CLU_3603 4562 
CLU_3502 CLU_3604 8447 
CLU_3502 CLU_3605 14819 
CLU_3502 CLU_4824 11832 
CLU_3502 CLU_2550 12721 
CLU_3503 3122302159694 792 
CLU_3503 3122302159538 2604 
CLU_3503 3122302159600 1836 
CLU_3503 3122302159511 1101 
CLU_3503 3122300273600 3662 
CLU_3503 3122302159503 2465 
CLU_3503 3122302159597 2357 
CLU_3503 3122302159406 3870 
CLU_3503 3122302159678 1719 
CLU_3503 3122302159422 4085 
CLU_3503 3122302159414 4239 
CLU_3503 3122304445651 4832 
CLU_3503 3122306026028 5217 
CLU_3503 3122304194500 3742 
CLU_3503 3122302159430 19646 
CLU_3503 3122302159392 11129 
CLU_3503 3122302206315 1481 
CLU_3503 3122307269161 3918 
CLU_3503 3122306703518 3018 
CLU_3503 3122302159473 2669 
CLU_3503 3122302159554 3369 
CLU_3503 3122306072046 3410 
CLU_3503 3122302159546 3918 
CLU_3503 3122307676875 3933 
CLU_3503 3122306942822 3821 
CLU_3503 3122302206323 3391 
CLU_3503 3122303747719 6064 
CLU_3503 3122306017940 4076 
CLU_3503 3122306942806 3649 
CLU_3503 3122304384881 5453 
CLU_3503 3122304207866 7531 
CLU_3503 3122302701804 5312 
CLU_3503 3122302159457 3662 
CLU_3503 3122302159856 3966 
CLU_3503 3122302159449 6895 
CLU_3503 3122307488882 3453 
CLU_3503 3122304239571 5956 
CLU_3503 3122306223354 6064 
CLU_3503 3122302159589 3067 
CLU_3503 3122306942849 4764 
CLU_3503 3122302159562 9627 
CLU_3503 3122302159287 15261 
CLU_3503 CLU_2725 17233 
CLU_3503 CLU_3545 3582 
CLU_3503 CLU_3551 4718 
CLU_3503 CLU_3565 10656 
CLU_3503 CLU_3570 6954 
CLU_3503 CLU_3580 5670 
CLU_3503 CLU_3581 3516 
CLU_3503 CLU_3588 4752 
CLU_3503 CLU_3593 4076 
CLU_3503 CLU_3594 6064 
CLU_3503 CLU_3602 9627 
CLU_3503 CLU_3603 4987 
CLU_3503 CLU_3604 8423 
CLU_3503 CLU_3605 15261 
CLU_3503 CLU_4824 11129 
CLU_3503 CLU_2550 12411 
CLU_3504 3122302159694 1453 
CLU_3504 3122302159538 2850 
CLU_3504 3122302159600 2155 
CLU_3504 3122302159511 1631 
CLU_3504 3122300273600 4317 
CLU_3504 3122302159503 3126 
CLU_3504 3122302159597 2770 
CLU_3504 3122302159406 4211 
CLU_3504 3122302159678 1483 
CLU_3504 3122302159422 3456 
CLU_3504 3122302159414 3633 
CLU_3504 3122304445651 4431 
CLU_3504 3122306026028 5224 
CLU_3504 3122304194500 4221 
CLU_3504 3122302159430 19043 
CLU_3504 3122302159392 11741 
CLU_3504 3122302206315 945 
CLU_3504 3122307269161 4522 
CLU_3504 3122306703518 3665 
CLU_3504 3122302159473 2279 
CLU_3504 3122302159554 3165 
CLU_3504 3122306072046 3557 
CLU_3504 3122302159546 4522 
CLU_3504 3122307676875 4572 
CLU_3504 3122306942822 4483 
CLU_3504 3122302206323 3586 
CLU_3504 3122303747719 6280 
CLU_3504 3122306017940 3975 
CLU_3504 3122306942806 3375 
CLU_3504 3122304384881 6046 
CLU_3504 3122304207866 7886 
CLU_3504 3122302701804 5864 
CLU_3504 3122302159457 4317 
CLU_3504 3122302159856 4328 
CLU_3504 3122302159449 7079 
CLU_3504 3122307488882 2881 
CLU_3504 3122304239571 6321 
CLU_3504 3122306223354 6280 
CLU_3504 3122302159589 2883 
CLU_3504 3122306942849 4675 
CLU_3504 3122302159562 9030 
CLU_3504 3122302159287 14619 
CLU_3504 CLU_2725 17877 
CLU_3504 CLU_3545 3040 
CLU_3504 CLU_3551 4553 
CLU_3504 CLU_3565 10022 
CLU_3504 CLU_3570 7576 
CLU_3504 CLU_3580 5033 
CLU_3504 CLU_3581 3102 
CLU_3504 CLU_3588 4149 
CLU_3504 CLU_3593 3975 
CLU_3504 CLU_3594 6280 
CLU_3504 CLU_3602 9030 
CLU_3504 CLU_3603 4345 
CLU_3504 CLU_3604 8032 
CLU_3504 CLU_3605 14619 
CLU_3504 CLU_4824 11741 
CLU_3504 CLU_2550 12996 
CLU_3505 3122302159694 1253 
CLU_3505 3122302159538 1923 
CLU_3505 3122302159600 1223 
CLU_3505 3122302159511 902 
CLU_3505 3122300273600 3993 
CLU_3505 3122302159503 2671 
CLU_3505 3122302159597 3100 
CLU_3505 3122302159406 4629 
CLU_3505 3122302159678 1028 
CLU_3505 3122302159422 3794 
CLU_3505 3122302159414 3880 
CLU_3505 3122304445651 4171 
CLU_3505 3122306026028 4438 
CLU_3505 3122304194500 3330 
CLU_3505 3122302159430 19215 
CLU_3505 3122302159392 11578 
CLU_3505 3122302206315 1872 
CLU_3505 3122307269161 3780 
CLU_3505 3122306703518 3415 
CLU_3505 3122302159473 3211 
CLU_3505 3122302159554 2609 
CLU_3505 3122306072046 2671 
CLU_3505 3122302159546 3780 
CLU_3505 3122307676875 3926 
CLU_3505 3122306942822 4008 
CLU_3505 3122302206323 4177 
CLU_3505 3122303747719 5370 
CLU_3505 3122306017940 4807 
CLU_3505 3122306942806 4285 
CLU_3505 3122304384881 5269 
CLU_3505 3122304207866 8274 
CLU_3505 3122302701804 5027 
CLU_3505 3122302159457 3993 
CLU_3505 3122302159856 4717 
CLU_3505 3122302159449 7681 
CLU_3505 3122307488882 3760 
CLU_3505 3122304239571 5388 
CLU_3505 3122306223354 5370 
CLU_3505 3122302159589 2303 
CLU_3505 3122306942849 3977 
CLU_3505 3122302159562 9855 
CLU_3505 3122302159287 15332 
CLU_3505 CLU_2725 17200 
CLU_3505 CLU_3545 3940 
CLU_3505 CLU_3551 5422 
CLU_3505 CLU_3565 10327 
CLU_3505 CLU_3570 6852 
CLU_3505 CLU_3580 5789 
CLU_3505 CLU_3581 4036 
CLU_3505 CLU_3588 4982 
CLU_3505 CLU_3593 4807 
CLU_3505 CLU_3594 5370 
CLU_3505 CLU_3602 9855 
CLU_3505 CLU_3603 5089 
CLU_3505 CLU_3604 8966 
CLU_3505 CLU_3605 15332 
CLU_3505 CLU_4824 11578 
CLU_3505 CLU_2550 12184 
CLU_3506 3122302159694 1578 
CLU_3506 3122302159538 1888 
CLU_3506 3122302159600 1280 
CLU_3506 3122302159511 1177 
CLU_3506 3122300273600 4306 
CLU_3506 3122302159503 2974 
CLU_3506 3122302159597 3394 
CLU_3506 3122302159406 4915 
CLU_3506 3122302159678 704 
CLU_3506 3122302159422 3517 
CLU_3506 3122302159414 3586 
CLU_3506 3122304445651 3849 
CLU_3506 3122306026028 4244 
CLU_3506 3122304194500 3442 
CLU_3506 3122302159430 18900 
CLU_3506 3122302159392 11899 
CLU_3506 3122302206315 1887 
CLU_3506 3122307269161 3994 
CLU_3506 3122306703518 3736 
CLU_3506 3122302159473 3259 
CLU_3506 3122302159554 2322 
CLU_3506 3122306072046 2557 
CLU_3506 3122302159546 3994 
CLU_3506 3122307676875 4176 
CLU_3506 3122306942822 4300 
CLU_3506 3122302206323 4424 
CLU_3506 3122303747719 5287 
CLU_3506 3122306017940 4962 
CLU_3506 3122306942806 4374 
CLU_3506 3122304384881 5457 
CLU_3506 3122304207866 8570 
CLU_3506 3122302701804 5180 
CLU_3506 3122302159457 4306 
CLU_3506 3122302159856 5008 
CLU_3506 3122302159449 7932 
CLU_3506 3122307488882 3690 
CLU_3506 3122304239571 5397 
CLU_3506 3122306223354 5287 
CLU_3506 3122302159589 2019 
CLU_3506 3122306942849 3740 
CLU_3506 3122302159562 9726 
CLU_3506 3122302159287 15139 
CLU_3506 CLU_2725 17421 
CLU_3506 CLU_3545 3891 
CLU_3506 CLU_3551 5552 
CLU_3506 CLU_3565 10030 
CLU_3506 CLU_3570 7063 
CLU_3506 CLU_3580 5629 
CLU_3506 CLU_3581 4062 
CLU_3506 CLU_3588 4869 
CLU_3506 CLU_3593 4962 
CLU_3506 CLU_3594 5287 
CLU_3506 CLU_3602 9726 
CLU_3506 CLU_3603 4927 
CLU_3506 CLU_3604 8985 
CLU_3506 CLU_3605 15139 
CLU_3506 CLU_4824 11899 
CLU_3506 CLU_2550 12342 
CLU_3507 3122302159694 1768 
CLU_3507 3122302159538 2951 
CLU_3507 3122302159600 2304 
CLU_3507 3122302159511 1881 
CLU_3507 3122300273600 4635 
CLU_3507 3122302159503 3435 
CLU_3507 3122302159597 3043 
CLU_3507 3122302159406 4453 
CLU_3507 3122302159678 1395 
CLU_3507 3122302159422 3139 
CLU_3507 3122302159414 3322 
CLU_3507 3122304445651 4204 
CLU_3507 3122306026028 5186 
CLU_3507 3122304194500 4420 
CLU_3507 3122302159430 18731 
CLU_3507 3122302159392 12057 
CLU_3507 3122302206315 828 
CLU_3507 3122307269161 4787 
CLU_3507 3122306703518 3984 
CLU_3507 3122302159473 2208 
CLU_3507 3122302159554 3043 
CLU_3507 3122306072046 3601 
CLU_3507 3122302159546 4787 
CLU_3507 3122307676875 4859 
CLU_3507 3122306942822 4793 
CLU_3507 3122302206323 3779 
CLU_3507 3122303747719 6339 
CLU_3507 3122306017940 4036 
CLU_3507 3122306942806 3353 
CLU_3507 3122304384881 6302 
CLU_3507 3122304207866 8123 
CLU_3507 3122302701804 6096 
CLU_3507 3122302159457 4635 
CLU_3507 3122302159856 4576 
CLU_3507 3122302159449 7251 
CLU_3507 3122307488882 2669 
CLU_3507 3122304239571 6454 
CLU_3507 3122306223354 6339 
CLU_3507 3122302159589 2776 
CLU_3507 3122306942849 4595 
CLU_3507 3122302159562 8786 
CLU_3507 3122302159287 14336 
CLU_3507 CLU_2725 18164 
CLU_3507 CLU_3545 2850 
CLU_3507 CLU_3551 4577 
CLU_3507 CLU_3565 9704 
CLU_3507 CLU_3570 7850 
CLU_3507 CLU_3580 4758 
CLU_3507 CLU_3581 3001 
CLU_3507 CLU_3588 3906 
CLU_3507 CLU_3593 4036 
CLU_3507 CLU_3594 6339 
CLU_3507 CLU_3602 8786 
CLU_3507 CLU_3603 4066 
CLU_3507 CLU_3604 7921 
CLU_3507 CLU_3605 14336 
CLU_3507 CLU_4824 12057 
CLU_3507 CLU_2550 13242 
CLU_3508 3122302159694 971 
CLU_3508 3122302159538 2917 
CLU_3508 3122302159600 2154 
CLU_3508 3122302159511 1416 
CLU_3508 3122300273600 3786 
CLU_3508 3122302159503 2655 
CLU_3508 3122302159597 2225 
CLU_3508 3122302159406 3702 
CLU_3508 3122302159678 1895 
CLU_3508 3122302159422 4026 
CLU_3508 3122302159414 4208 
CLU_3508 3122304445651 4951 
CLU_3508 3122306026028 5491 
CLU_3508 3122304194500 4056 
CLU_3508 3122302159430 19617 
CLU_3508 3122302159392 11171 
CLU_3508 3122302206315 1223 
CLU_3508 3122307269161 4188 
CLU_3508 3122306703518 3121 
CLU_3508 3122302159473 2356 
CLU_3508 3122302159554 3572 
CLU_3508 3122306072046 3711 
CLU_3508 3122302159546 4188 
CLU_3508 3122307676875 4171 
CLU_3508 3122306942822 4000 
CLU_3508 3122302206323 3157 
CLU_3508 3122303747719 6377 
CLU_3508 3122306017940 3768 
CLU_3508 3122306942806 3327 
CLU_3508 3122304384881 5727 
CLU_3508 3122304207866 7375 
CLU_3508 3122302701804 5605 
CLU_3508 3122302159457 3786 
CLU_3508 3122302159856 3809 
CLU_3508 3122302159449 6664 
CLU_3508 3122307488882 3188 
CLU_3508 3122304239571 6278 
CLU_3508 3122306223354 6377 
CLU_3508 3122302159589 3276 
CLU_3508 3122306942849 5010 
CLU_3508 3122302159562 9367 
CLU_3508 3122302159287 15041 
CLU_3508 CLU_2725 17457 
CLU_3508 CLU_3545 3302 
CLU_3508 CLU_3551 4403 
CLU_3508 CLU_3565 10587 
CLU_3508 CLU_3570 7205 
CLU_3508 CLU_3580 5448 
CLU_3508 CLU_3581 3204 
CLU_3508 CLU_3588 4501 
CLU_3508 CLU_3593 3768 
CLU_3508 CLU_3594 6377 
CLU_3508 CLU_3602 9367 
CLU_3508 CLU_3603 4774 
CLU_3508 CLU_3604 8104 
CLU_3508 CLU_3605 15041 
CLU_3508 CLU_4824 11171 
CLU_3508 CLU_2550 12687 
CLU_3509 3122302159694 1411 
CLU_3509 3122302159538 3486 
CLU_3509 3122302159600 2729 
CLU_3509 3122302159511 1981 
CLU_3509 3122300273600 4041 
CLU_3509 3122302159503 3033 
CLU_3509 3122302159597 2067 
CLU_3509 3122302159406 3431 
CLU_3509 3122302159678 2309 
CLU_3509 3122302159422 4009 
CLU_3509 3122302159414 4239 
CLU_3509 3122304445651 5230 
CLU_3509 3122306026028 6006 
CLU_3509 3122304194500 4615 
CLU_3509 3122302159430 19605 
CLU_3509 3122302159392 11242 
CLU_3509 3122302206315 900 
CLU_3509 3122307269161 4674 
CLU_3509 3122306703518 3352 
CLU_3509 3122302159473 1811 
CLU_3509 3122302159554 3993 
CLU_3509 3122306072046 4264 
CLU_3509 3122302159546 4674 
CLU_3509 3122307676875 4606 
CLU_3509 3122306942822 4341 
CLU_3509 3122302206323 2761 
CLU_3509 3122303747719 6946 
CLU_3509 3122306017940 3214 
CLU_3509 3122306942806 2751 
CLU_3509 3122304384881 6216 
CLU_3509 3122304207866 7098 
CLU_3509 3122302701804 6128 
CLU_3509 3122302159457 4041 
CLU_3509 3122302159856 3558 
CLU_3509 3122302159449 6250 
CLU_3509 3122307488882 2764 
CLU_3509 3122304239571 6854 
CLU_3509 3122306223354 6946 
CLU_3509 3122302159589 3709 
CLU_3509 3122306942849 5487 
CLU_3509 3122302159562 8928 
CLU_3509 3122302159287 14677 
CLU_3509 CLU_2725 17845 
CLU_3509 CLU_3545 2842 
CLU_3509 CLU_3551 3835 
CLU_3509 CLU_3565 10514 
CLU_3509 CLU_3570 7653 
CLU_3509 CLU_3580 5100 
CLU_3509 CLU_3581 2659 
CLU_3509 CLU_3588 4097 
CLU_3509 CLU_3593 3214 
CLU_3509 CLU_3594 6946 
CLU_3509 CLU_3602 8928 
CLU_3509 CLU_3603 4447 
CLU_3509 CLU_3604 7539 
CLU_3509 CLU_3605 14677 
CLU_3509 CLU_4824 11242 
CLU_3509 CLU_2550 13172 
CLU_3510 3122302159694 2240 
CLU_3510 3122302159538 3735 
CLU_3510 3122302159600 3075 
CLU_3510 3122302159511 2561 
CLU_3510 3122300273600 5003 
CLU_3510 3122302159503 3921 
CLU_3510 3122302159597 2998 
CLU_3510 3122302159406 4244 
CLU_3510 3122302159678 2116 
CLU_3510 3122302159422 3084 
CLU_3510 3122302159414 3346 
CLU_3510 3122304445651 4615 
CLU_3510 3122306026028 5911 
CLU_3510 3122304194500 5160 
CLU_3510 3122302159430 18653 
CLU_3510 3122302159392 12223 
CLU_3510 3122302206315 116 
CLU_3510 3122307269161 5427 
CLU_3510 3122306703518 4320 
CLU_3510 3122302159473 1443 
CLU_3510 3122302159554 3687 
CLU_3510 3122306072046 4378 
CLU_3510 3122302159546 5427 
CLU_3510 3122307676875 5436 
CLU_3510 3122306942822 5258 
CLU_3510 3122302206323 3430 
CLU_3510 3122303747719 7118 
CLU_3510 3122306017940 3399 
CLU_3510 3122306942806 2617 
CLU_3510 3122304384881 6960 
CLU_3510 3122304207866 7861 
CLU_3510 3122302701804 6796 
CLU_3510 3122302159457 5003 
CLU_3510 3122302159856 4388 
CLU_3510 3122302159449 6805 
CLU_3510 3122307488882 1949 
CLU_3510 3122304239571 7234 
CLU_3510 3122306223354 7118 
CLU_3510 3122302159589 3445 
CLU_3510 3122306942849 5279 
CLU_3510 3122302159562 8117 
CLU_3510 3122302159287 13773 
CLU_3510 CLU_2725 18726 
CLU_3510 CLU_3545 2101 
CLU_3510 CLU_3551 3883 
CLU_3510 CLU_3565 9541 
CLU_3510 CLU_3570 8464 
CLU_3510 CLU_3580 4180 
CLU_3510 CLU_3581 2218 
CLU_3510 CLU_3588 3241 
CLU_3510 CLU_3593 3399 
CLU_3510 CLU_3594 7118 
CLU_3510 CLU_3602 8117 
CLU_3510 CLU_3603 3509 
CLU_3510 CLU_3604 7136 
CLU_3510 CLU_3605 13773 
CLU_3510 CLU_4824 12223 
CLU_3510 CLU_2550 13916 
CLU_3511 3122302159694 2039 
CLU_3511 3122302159538 2724 
CLU_3511 3122302159600 2167 
CLU_3511 3122302159511 1949 
CLU_3511 3122300273600 4905 
CLU_3511 3122302159503 3643 
CLU_3511 3122302159597 3488 
CLU_3511 3122302159406 4921 
CLU_3511 3122302159678 988 
CLU_3511 3122302159422 2826 
CLU_3511 3122302159414 2967 
CLU_3511 3122304445651 3727 
CLU_3511 3122306026028 4781 
CLU_3511 3122304194500 4331 
CLU_3511 3122302159430 18373 
CLU_3511 3122302159392 12402 
CLU_3511 3122302206315 1205 
CLU_3511 3122307269161 4839 
CLU_3511 3122306703518 4278 
CLU_3511 3122302159473 2570 
CLU_3511 3122302159554 2585 
CLU_3511 3122306072046 3289 
CLU_3511 3122302159546 4839 
CLU_3511 3122307676875 4974 
CLU_3511 3122306942822 4998 
CLU_3511 3122302206323 4259 
CLU_3511 3122303747719 6029 
CLU_3511 3122306017940 4483 
CLU_3511 3122306942806 3745 
CLU_3511 3122304384881 6324 
CLU_3511 3122304207866 8593 
CLU_3511 3122302701804 6064 
CLU_3511 3122302159457 4905 
CLU_3511 3122302159856 5040 
CLU_3511 3122302159449 7732 
CLU_3511 3122307488882 2831 
CLU_3511 3122304239571 6243 
CLU_3511 3122306223354 6029 
CLU_3511 3122302159589 2329 
CLU_3511 3122306942849 4159 
CLU_3511 3122302159562 8836 
CLU_3511 3122302159287 14274 
CLU_3511 CLU_2725 18258 
CLU_3511 CLU_3545 3048 
CLU_3511 CLU_3551 5000 
CLU_3511 CLU_3565 9394 
CLU_3511 CLU_3570 7911 
CLU_3511 CLU_3580 4744 
CLU_3511 CLU_3581 3319 
CLU_3511 CLU_3588 3983 
CLU_3511 CLU_3593 4483 
CLU_3511 CLU_3594 6029 
CLU_3511 CLU_3602 8836 
CLU_3511 CLU_3603 4043 
CLU_3511 CLU_3604 8203 
CLU_3511 CLU_3605 14274 
CLU_3511 CLU_4824 12402 
CLU_3511 CLU_2550 13225 
CLU_3512 3122302159694 2281 
CLU_3512 3122302159538 1900 
CLU_3512 3122302159600 1553 
CLU_3512 3122302159511 1794 
CLU_3512 3122300273600 4960 
CLU_3512 3122302159503 3606 
CLU_3512 3122302159597 4077 
CLU_3512 3122302159406 5586 
CLU_3512 3122302159678 0 
CLU_3512 3122302159422 3025 
CLU_3512 3122302159414 3037 
CLU_3512 3122304445651 3144 
CLU_3512 3122306026028 3797 
CLU_3512 3122304194500 3679 
CLU_3512 3122302159430 18253 
CLU_3512 3122302159392 12570 
CLU_3512 3122302206315 2188 
CLU_3512 3122307269161 4429 
CLU_3512 3122306703518 4412 
CLU_3512 3122302159473 3559 
CLU_3512 3122302159554 1685 
CLU_3512 3122306072046 2341 
CLU_3512 3122302159546 4429 
CLU_3512 3122307676875 4687 
CLU_3512 3122306942822 4902 
CLU_3512 3122302206323 5043 
CLU_3512 3122303747719 5070 
CLU_3512 3122306017940 5430 
CLU_3512 3122306942806 4730 
CLU_3512 3122304384881 5825 
CLU_3512 3122304207866 9250 
CLU_3512 3122302701804 5473 
CLU_3512 3122302159457 4960 
CLU_3512 3122302159856 5685 
CLU_3512 3122302159449 8547 
CLU_3512 3122307488882 3740 
CLU_3512 3122304239571 5381 
CLU_3512 3122306223354 5070 
CLU_3512 3122302159589 1400 
CLU_3512 3122306942849 3202 
CLU_3512 3122302159562 9579 
CLU_3512 3122302159287 14829 
CLU_3512 CLU_2725 17831 
CLU_3512 CLU_3545 3980 
CLU_3512 CLU_3551 5971 
CLU_3512 CLU_3565 9447 
CLU_3512 CLU_3570 7468 
CLU_3512 CLU_3580 5435 
CLU_3512 CLU_3581 4303 
CLU_3512 CLU_3588 4797 
CLU_3512 CLU_3593 5430 
CLU_3512 CLU_3594 5070 
CLU_3512 CLU_3602 9579 
CLU_3512 CLU_3603 4735 
CLU_3512 CLU_3604 9166 
CLU_3512 CLU_3605 14829 
CLU_3512 CLU_4824 12570 
CLU_3512 CLU_2550 12614 
CLU_3513 3122302159694 0 
CLU_3513 3122302159538 2582 
CLU_3513 3122302159600 1800 
CLU_3513 3122302159511 863 
CLU_3513 3122300273600 2873 
CLU_3513 3122302159503 1686 
CLU_3513 3122302159597 1979 
CLU_3513 3122302159406 3517 
CLU_3513 3122302159678 2281 
CLU_3513 3122302159422 4863 
CLU_3513 3122302159414 5003 
CLU_3513 3122304445651 5424 
CLU_3513 3122306026028 5385 
CLU_3513 3122304194500 3313 
CLU_3513 3122302159430 20397 
CLU_3513 3122302159392 10379 
CLU_3513 3122302206315 2191 
CLU_3513 3122307269161 3264 
CLU_3513 3122306703518 2239 
CLU_3513 3122302159473 3210 
CLU_3513 3122302159554 3809 
CLU_3513 3122306072046 3467 
CLU_3513 3122302159546 3264 
CLU_3513 3122307676875 3208 
CLU_3513 3122306942822 3036 
CLU_3513 3122302206323 3252 
CLU_3513 3122303747719 5960 
CLU_3513 3122306017940 4265 
CLU_3513 3122306942806 4042 
CLU_3513 3122304384881 4806 
CLU_3513 3122304207866 7104 
CLU_3513 3122302701804 4736 
CLU_3513 3122302159457 2873 
CLU_3513 3122302159856 3582 
CLU_3513 3122302159449 6688 
CLU_3513 3122307488882 4145 
CLU_3513 3122304239571 5656 
CLU_3513 3122306223354 5960 
CLU_3513 3122302159589 3498 
CLU_3513 3122306942849 5047 
CLU_3513 3122302159562 10322 
CLU_3513 3122302159287 16013 
CLU_3513 CLU_2725 16486 
CLU_3513 CLU_3545 4243 
CLU_3513 CLU_3551 4963 
CLU_3513 CLU_3565 11433 
CLU_3513 CLU_3570 6250 
CLU_3513 CLU_3580 6420 
CLU_3513 CLU_3581 4054 
CLU_3513 CLU_3588 5466 
CLU_3513 CLU_3593 4265 
CLU_3513 CLU_3594 5960 
CLU_3513 CLU_3602 10322 
CLU_3513 CLU_3603 5745 
CLU_3513 CLU_3604 8879 
CLU_3513 CLU_3605 16013 
CLU_3513 CLU_4824 10379 
CLU_3513 CLU_2550 11761 
CLU_3514 3122302159694 454 
CLU_3514 3122302159538 2259 
CLU_3514 3122302159600 1504 
CLU_3514 3122302159511 594 
CLU_3514 3122300273600 2688 
CLU_3514 3122302159503 1393 
CLU_3514 3122302159597 2284 
CLU_3514 3122302159406 3800 
CLU_3514 3122302159678 2298 
CLU_3514 3122302159422 5063 
CLU_3514 3122302159414 5171 
CLU_3514 3122304445651 5403 
CLU_3514 3122306026028 5105 
CLU_3514 3122304194500 2862 
CLU_3514 3122302159430 20521 
CLU_3514 3122302159392 10277 
CLU_3514 3122302206315 2576 
CLU_3514 3122307269161 2836 
CLU_3514 3122306703518 2115 
CLU_3514 3122302159473 3651 
CLU_3514 3122302159554 3698 
CLU_3514 3122306072046 3158 
CLU_3514 3122302159546 2836 
CLU_3514 3122307676875 2823 
CLU_3514 3122306942822 2750 
CLU_3514 3122302206323 3625 
CLU_3514 3122303747719 5571 
CLU_3514 3122306017940 4707 
CLU_3514 3122306942806 4496 
CLU_3514 3122304384881 4377 
CLU_3514 3122304207866 7317 
CLU_3514 3122302701804 4289 
CLU_3514 3122302159457 2688 
CLU_3514 3122302159856 3848 
CLU_3514 3122302159449 7013 
CLU_3514 3122307488882 4544 
CLU_3514 3122304239571 5218 
CLU_3514 3122306223354 5571 
CLU_3514 3122302159589 3388 
CLU_3514 3122306942849 4827 
CLU_3514 3122302159562 10722 
CLU_3514 3122302159287 16371 
CLU_3514 CLU_2725 16123 
CLU_3514 CLU_3545 4655 
CLU_3514 CLU_3551 5409 
CLU_3514 CLU_3565 11617 
CLU_3514 CLU_3570 5851 
CLU_3514 CLU_3580 6780 
CLU_3514 CLU_3581 4497 
CLU_3514 CLU_3588 5854 
CLU_3514 CLU_3593 4707 
CLU_3514 CLU_3594 5571 
CLU_3514 CLU_3602 10722 
CLU_3514 CLU_3603 6097 
CLU_3514 CLU_3604 9333 
CLU_3514 CLU_3605 16371 
CLU_3514 CLU_4824 10277 
CLU_3514 CLU_2550 11336 
CLU_3515 3122302159694 3153 
CLU_3515 3122302159538 1230 
CLU_3515 3122302159600 1571 
CLU_3515 3122302159511 2379 
CLU_3515 3122300273600 5340 
CLU_3515 3122302159503 3979 
CLU_3515 3122302159597 5112 
CLU_3515 3122302159406 6652 
CLU_3515 3122302159678 1394 
CLU_3515 3122302159422 3770 
CLU_3515 3122302159414 3639 
CLU_3515 3122304445651 2764 
CLU_3515 3122306026028 2417 
CLU_3515 3122304194500 3063 
CLU_3515 3122302159430 18191 
CLU_3515 3122302159392 12917 
CLU_3515 3122302206315 3579 
CLU_3515 3122307269161 4176 
CLU_3515 3122306703518 4928 
CLU_3515 3122302159473 4953 
CLU_3515 3122302159554 875 
CLU_3515 3122306072046 1115 
CLU_3515 3122302159546 4176 
CLU_3515 3122307676875 4606 
CLU_3515 3122306942822 5084 
CLU_3515 3122302206323 6241 
CLU_3515 3122303747719 3735 
CLU_3515 3122306017940 6783 
CLU_3515 3122306942806 6120 
CLU_3515 3122304384881 5341 
CLU_3515 3122304207866 10257 
CLU_3515 3122302701804 4848 
CLU_3515 3122302159457 5340 
CLU_3515 3122302159856 6727 
CLU_3515 3122302159449 9743 
CLU_3515 3122307488882 5078 
CLU_3515 3122304239571 4248 
CLU_3515 3122306223354 3735 
CLU_3515 3122302159589 642 
CLU_3515 3122306942849 1915 
CLU_3515 3122302159562 10703 
CLU_3515 3122302159287 15698 
CLU_3515 CLU_2725 17292 
CLU_3515 CLU_3545 5333 
CLU_3515 CLU_3551 7347 
CLU_3515 CLU_3565 9711 
CLU_3515 CLU_3570 7017 
CLU_3515 CLU_3580 6551 
CLU_3515 CLU_3581 5695 
CLU_3515 CLU_3588 6042 
CLU_3515 CLU_3593 6783 
CLU_3515 CLU_3594 3735 
CLU_3515 CLU_3602 10703 
CLU_3515 CLU_3603 5867 
CLU_3515 CLU_3604 10536 
CLU_3515 CLU_3605 15698 
CLU_3515 CLU_4824 12917 
CLU_3515 CLU_2550 11824 
CLU_3516 3122302159694 3809 
CLU_3516 3122302159538 2103 
CLU_3516 3122302159600 2396 
CLU_3516 3122302159511 3113 
CLU_3516 3122300273600 6169 
CLU_3516 3122302159503 4800 
CLU_3516 3122302159597 5710 
CLU_3516 3122302159406 7236 
CLU_3516 3122302159678 1685 
CLU_3516 3122302159422 3209 
CLU_3516 3122302159414 3009 
CLU_3516 3122304445651 1889 
CLU_3516 3122306026028 2368 
CLU_3516 3122304194500 3905 
CLU_3516 3122302159430 17316 
CLU_3516 3122302159392 13766 
CLU_3516 3122302206315 3777 
CLU_3516 3122307269161 5049 
CLU_3516 3122306703518 5725 
CLU_3516 3122302159473 5094 
CLU_3516 3122302159554 0 
CLU_3516 3122306072046 1804 
CLU_3516 3122302159546 5049 
CLU_3516 3122307676875 5480 
CLU_3516 3122306942822 5942 
CLU_3516 3122302206323 6726 
CLU_3516 3122303747719 4075 
CLU_3516 3122306017940 7068 
CLU_3516 3122306942806 6290 
CLU_3516 3122304384881 6186 
CLU_3516 3122304207866 10884 
CLU_3516 3122302701804 5667 
CLU_3516 3122302159457 6169 
CLU_3516 3122302159856 7326 
CLU_3516 3122302159449 10231 
CLU_3516 3122307488882 4985 
CLU_3516 3122304239571 4834 
CLU_3516 3122306223354 4075 
CLU_3516 3122302159589 311 
CLU_3516 3122306942849 1619 
CLU_3516 3122302159562 10280 
CLU_3516 3122302159287 15075 
CLU_3516 CLU_2725 18097 
CLU_3516 CLU_3545 5265 
CLU_3516 CLU_3551 7571 
CLU_3516 CLU_3565 8882 
CLU_3516 CLU_3570 7860 
CLU_3516 CLU_3580 6159 
CLU_3516 CLU_3581 5759 
CLU_3516 CLU_3588 5792 
CLU_3516 CLU_3593 7068 
CLU_3516 CLU_3594 4075 
CLU_3516 CLU_3602 10280 
CLU_3516 CLU_3603 5503 
CLU_3516 CLU_3604 10464 
CLU_3516 CLU_3605 15075 
CLU_3516 CLU_4824 13766 
CLU_3516 CLU_2550 12553 
CLU_3517 3122302159694 3498 
CLU_3517 3122302159538 1866 
CLU_3517 3122302159600 2104 
CLU_3517 3122302159511 2804 
CLU_3517 3122300273600 5872 
CLU_3517 3122302159503 4501 
CLU_3517 3122302159597 5403 
CLU_3517 3122302159406 6931 
CLU_3517 3122302159678 1400 
CLU_3517 3122302159422 3223 
CLU_3517 3122302159414 3058 
CLU_3517 3122304445651 2150 
CLU_3517 3122306026028 2525 
CLU_3517 3122304194500 3705 
CLU_3517 3122302159430 17566 
CLU_3517 3122302159392 13476 
CLU_3517 3122302206315 3530 
CLU_3517 3122307269161 4807 
CLU_3517 3122306703518 5421 
CLU_3517 3122302159473 4865 
CLU_3517 3122302159554 311 
CLU_3517 3122306072046 1684 
CLU_3517 3122302159546 4807 
CLU_3517 3122307676875 5220 
CLU_3517 3122306942822 5659 
CLU_3517 3122302206323 6432 
CLU_3517 3122303747719 4118 
CLU_3517 3122306017940 6810 
CLU_3517 3122306942806 6057 
CLU_3517 3122304384881 5984 
CLU_3517 3122304207866 10576 
CLU_3517 3122302701804 5487 
CLU_3517 3122302159457 5872 
CLU_3517 3122302159856 7020 
CLU_3517 3122302159449 9939 
CLU_3517 3122307488882 4821 
CLU_3517 3122304239571 4780 
CLU_3517 3122306223354 4118 
CLU_3517 3122302159589 0 
CLU_3517 3122306942849 1834 
CLU_3517 3122302159562 10244 
CLU_3517 3122302159287 15132 
CLU_3517 CLU_2725 17929 
CLU_3517 CLU_3545 5095 
CLU_3517 CLU_3551 7327 
CLU_3517 CLU_3565 9069 
CLU_3517 CLU_3570 7660 
CLU_3517 CLU_3580 6106 
CLU_3517 CLU_3581 5552 
CLU_3517 CLU_3588 5684 
CLU_3517 CLU_3593 6810 
CLU_3517 CLU_3594 4118 
CLU_3517 CLU_3602 10244 
CLU_3517 CLU_3603 5437 
CLU_3517 CLU_3604 10303 
CLU_3517 CLU_3605 15132 
CLU_3517 CLU_4824 13476 
CLU_3517 CLU_2550 12434 
CLU_3518 3122302159694 4536 
CLU_3518 3122302159538 2626 
CLU_3518 3122302159600 3043 
CLU_3518 3122302159511 3816 
CLU_3518 3122300273600 6813 
CLU_3518 3122302159503 5453 
CLU_3518 3122302159597 6447 
CLU_3518 3122302159406 7975 
CLU_3518 3122302159678 2421 
CLU_3518 3122302159422 3468 
CLU_3518 3122302159414 3199 
CLU_3518 3122304445651 1520 
CLU_3518 3122306026028 1961 
CLU_3518 3122304194500 4295 
CLU_3518 3122302159430 16865 
CLU_3518 3122302159392 14378 
CLU_3518 3122302206315 4472 
CLU_3518 3122307269161 5535 
CLU_3518 3122306703518 6398 
CLU_3518 3122302159473 5762 
CLU_3518 3122302159554 739 
CLU_3518 3122306072046 2097 
CLU_3518 3122302159546 5535 
CLU_3518 3122307676875 6012 
CLU_3518 3122306942822 6541 
CLU_3518 3122302206323 7464 
CLU_3518 3122303747719 3886 
CLU_3518 3122306017940 7772 
CLU_3518 3122306942806 6961 
CLU_3518 3122304384881 6558 
CLU_3518 3122304207866 11620 
CLU_3518 3122302701804 5987 
CLU_3518 3122302159457 6813 
CLU_3518 3122302159856 8064 
CLU_3518 3122302159449 10968 
CLU_3518 3122307488882 5553 
CLU_3518 3122304239571 4857 
CLU_3518 3122306223354 3886 
CLU_3518 3122302159589 1044 
CLU_3518 3122306942849 1105 
CLU_3518 3122302159562 10578 
CLU_3518 3122302159287 15151 
CLU_3518 CLU_2725 18349 
CLU_3518 CLU_3545 5844 
CLU_3518 CLU_3551 8256 
CLU_3518 CLU_3565 8637 
CLU_3518 CLU_3570 8219 
CLU_3518 CLU_3580 6513 
CLU_3518 CLU_3581 6394 
CLU_3518 CLU_3588 6257 
CLU_3518 CLU_3593 7772 
CLU_3518 CLU_3594 3886 
CLU_3518 CLU_3602 10578 
CLU_3518 CLU_3603 5888 
CLU_3518 CLU_3604 11011 
CLU_3518 CLU_3605 15151 
CLU_3518 CLU_4824 14378 
CLU_3518 CLU_2550 12689 
CLU_3519 3122302159694 3467 
CLU_3519 3122302159538 902 
CLU_3519 3122302159600 1667 
CLU_3519 3122302159511 2606 
CLU_3519 3122300273600 5080 
CLU_3519 3122302159503 3804 
CLU_3519 3122302159597 5433 
CLU_3519 3122302159406 6958 
CLU_3519 3122302159678 2341 
CLU_3519 3122302159422 4881 
CLU_3519 3122302159414 4737 
CLU_3519 3122304445651 3589 
CLU_3519 3122306026028 1965 
CLU_3519 3122304194500 2204 
CLU_3519 3122302159430 18958 
CLU_3519 3122302159392 12483 
CLU_3519 3122302206315 4429 
CLU_3519 3122307269161 3499 
CLU_3519 3122306703518 4800 
CLU_3519 3122302159473 5809 
CLU_3519 3122302159554 1804 
CLU_3519 3122306072046 0 
CLU_3519 3122302159546 3499 
CLU_3519 3122307676875 4029 
CLU_3519 3122306942822 4681 
CLU_3519 3122302206323 6705 
CLU_3519 3122303747719 2741 
CLU_3519 3122306017940 7477 
CLU_3519 3122306942806 6932 
CLU_3519 3122304384881 4460 
CLU_3519 3122304207866 10440 
CLU_3519 3122302701804 3898 
CLU_3519 3122302159457 5080 
CLU_3519 3122302159856 7005 
CLU_3519 3122302159449 10155 
CLU_3519 3122307488882 6081 
CLU_3519 3122304239571 3133 
CLU_3519 3122306223354 2741 
CLU_3519 3122302159589 1684 
CLU_3519 3122306942849 1901 
CLU_3519 3122302159562 11807 
CLU_3519 3122302159287 16806 
CLU_3519 CLU_2725 16303 
CLU_3519 CLU_3545 6319 
CLU_3519 CLU_3551 8093 
CLU_3519 CLU_3565 10669 
CLU_3519 CLU_3570 6123 
CLU_3519 CLU_3580 7653 
CLU_3519 CLU_3581 6595 
CLU_3519 CLU_3588 7107 
CLU_3519 CLU_3593 7477 
CLU_3519 CLU_3594 2741 
CLU_3519 CLU_3602 11807 
CLU_3519 CLU_3603 6965 
CLU_3519 CLU_3604 11492 
CLU_3519 CLU_3605 16806 
CLU_3519 CLU_4824 12483 
CLU_3519 CLU_2550 10755 
CLU_3520 3122302159694 2494 
CLU_3520 3122302159538 99 
CLU_3520 3122302159600 708 
CLU_3520 3122302159511 1631 
CLU_3520 3122300273600 4169 
CLU_3520 3122302159503 2852 
CLU_3520 3122302159597 4447 
CLU_3520 3122302159406 5966 
CLU_3520 3122302159678 1895 
CLU_3520 3122302159422 4810 
CLU_3520 3122302159414 4746 
CLU_3520 3122304445651 4064 
CLU_3520 3122306026028 2961 
CLU_3520 3122304194500 1844 
CLU_3520 3122302159430 19491 
CLU_3520 3122302159392 11678 
CLU_3520 3122302206315 3723 
CLU_3520 3122307269161 2877 
CLU_3520 3122306703518 3840 
CLU_3520 3122302159473 5078 
CLU_3520 3122302159554 2175 
CLU_3520 3122306072046 998 
CLU_3520 3122302159546 2877 
CLU_3520 3122307676875 3311 
CLU_3520 3122306942822 3841 
CLU_3520 3122302206323 5745 
CLU_3520 3122303747719 3530 
CLU_3520 3122306017940 6608 
CLU_3520 3122306942806 6148 
CLU_3520 3122304384881 4092 
CLU_3520 3122304207866 9442 
CLU_3520 3122302701804 3655 
CLU_3520 3122302159457 4169 
CLU_3520 3122302159856 6010 
CLU_3520 3122302159449 9174 
CLU_3520 3122307488882 5525 
CLU_3520 3122304239571 3551 
CLU_3520 3122306223354 3530 
CLU_3520 3122302159589 1930 
CLU_3520 3122306942849 2807 
CLU_3520 3122302159562 11469 
CLU_3520 3122302159287 16697 
CLU_3520 CLU_2725 16087 
CLU_3520 CLU_3545 5734 
CLU_3520 CLU_3551 7252 
CLU_3520 CLU_3565 10968 
CLU_3520 CLU_3570 5766 
CLU_3520 CLU_3580 7329 
CLU_3520 CLU_3581 5896 
CLU_3520 CLU_3588 6658 
CLU_3520 CLU_3593 6608 
CLU_3520 CLU_3594 3530 
CLU_3520 CLU_3602 11469 
CLU_3520 CLU_3603 6629 
CLU_3520 CLU_3604 10825 
CLU_3520 CLU_3605 16697 
CLU_3520 CLU_4824 11678 
CLU_3520 CLU_2550 10750 
CLU_3521 3122302159694 3236 
CLU_3521 3122302159538 728 
CLU_3521 3122302159600 1486 
CLU_3521 3122302159511 2379 
CLU_3521 3122300273600 4559 
CLU_3521 3122302159503 3332 
CLU_3521 3122302159597 5155 
CLU_3521 3122302159406 6653 
CLU_3521 3122302159678 2560 
CLU_3521 3122302159422 5313 
CLU_3521 3122302159414 5201 
CLU_3521 3122304445651 4183 
CLU_3521 3122306026028 2424 
CLU_3521 3122304194500 1590 
CLU_3521 3122302159430 19570 
CLU_3521 3122302159392 11896 
CLU_3521 3122302206315 4496 
CLU_3521 3122307269161 2889 
CLU_3521 3122306703518 4329 
CLU_3521 3122302159473 5858 
CLU_3521 3122302159554 2356 
CLU_3521 3122306072046 615 
CLU_3521 3122302159546 2889 
CLU_3521 3122307676875 3433 
CLU_3521 3122306942822 4120 
CLU_3521 3122302206323 6487 
CLU_3521 3122303747719 2747 
CLU_3521 3122306017940 7391 
CLU_3521 3122306942806 6935 
CLU_3521 3122304384881 3856 
CLU_3521 3122304207866 10057 
CLU_3521 3122302701804 3312 
CLU_3521 3122302159457 4559 
CLU_3521 3122302159856 6687 
CLU_3521 3122302159449 9884 
CLU_3521 3122307488882 6261 
CLU_3521 3122304239571 2822 
CLU_3521 3122306223354 2747 
CLU_3521 3122302159589 2193 
CLU_3521 3122306942849 2484 
CLU_3521 3122302159562 12126 
CLU_3521 3122302159287 17240 
CLU_3521 CLU_2725 15742 
CLU_3521 CLU_3545 6480 
CLU_3521 CLU_3551 8039 
CLU_3521 CLU_3565 11238 
CLU_3521 CLU_3570 5524 
CLU_3521 CLU_3580 7975 
CLU_3521 CLU_3581 6671 
CLU_3521 CLU_3588 7357 
CLU_3521 CLU_3593 7391 
CLU_3521 CLU_3594 2747 
CLU_3521 CLU_3602 12126 
CLU_3521 CLU_3603 7279 
CLU_3521 CLU_3604 11596 
CLU_3521 CLU_3605 17240 
CLU_3521 CLU_4824 11896 
CLU_3521 CLU_2550 10256 
CLU_3522 3122302159694 2582 
CLU_3522 3122302159538 0 
CLU_3522 3122302159600 789 
CLU_3522 3122302159511 1719 
CLU_3522 3122300273600 4265 
CLU_3522 3122302159503 2950 
CLU_3522 3122302159597 4539 
CLU_3522 3122302159406 6059 
CLU_3522 3122302159678 1900 
CLU_3522 3122302159422 4786 
CLU_3522 3122302159414 4714 
CLU_3522 3122304445651 3992 
CLU_3522 3122306026028 2864 
CLU_3522 3122304194500 1880 
CLU_3522 3122302159430 19420 
CLU_3522 3122302159392 11767 
CLU_3522 3122302206315 3770 
CLU_3522 3122307269161 2946 
CLU_3522 3122306703518 3939 
CLU_3522 3122302159473 5129 
CLU_3522 3122302159554 2103 
CLU_3522 3122306072046 902 
CLU_3522 3122302159546 2946 
CLU_3522 3122307676875 3391 
CLU_3522 3122306942822 3932 
CLU_3522 3122302206323 5831 
CLU_3522 3122303747719 3460 
CLU_3522 3122306017940 6679 
CLU_3522 3122306942806 6207 
CLU_3522 3122304384881 4139 
CLU_3522 3122304207866 9539 
CLU_3522 3122302701804 3688 
CLU_3522 3122302159457 4265 
CLU_3522 3122302159856 6105 
CLU_3522 3122302159449 9264 
CLU_3522 3122307488882 5555 
CLU_3522 3122304239571 3519 
CLU_3522 3122306223354 3460 
CLU_3522 3122302159589 1866 
CLU_3522 3122306942849 2709 
CLU_3522 3122302159562 11478 
CLU_3522 3122302159287 16684 
CLU_3522 CLU_2725 16127 
CLU_3522 CLU_3545 5768 
CLU_3522 CLU_3551 7320 
CLU_3522 CLU_3565 10916 
CLU_3522 CLU_3570 5814 
CLU_3522 CLU_3580 7335 
CLU_3522 CLU_3581 5944 
CLU_3522 CLU_3588 6677 
CLU_3522 CLU_3593 6679 
CLU_3522 CLU_3594 3460 
CLU_3522 CLU_3602 11478 
CLU_3522 CLU_3603 6635 
CLU_3522 CLU_3604 10871 
CLU_3522 CLU_3605 16684 
CLU_3522 CLU_4824 11767 
CLU_3522 CLU_2550 10767 
CLU_3523 3122302159694 2155 
CLU_3523 3122302159538 534 
CLU_3523 3122302159600 507 
CLU_3523 3122302159511 1303 
CLU_3523 3122300273600 3736 
CLU_3523 3122302159503 2416 
CLU_3523 3122302159597 4076 
CLU_3523 3122302159406 5581 
CLU_3523 3122302159678 1992 
CLU_3523 3122302159422 4989 
CLU_3523 3122302159414 4957 
CLU_3523 3122304445651 4428 
CLU_3523 3122306026028 3381 
CLU_3523 3122304194500 1690 
CLU_3523 3122302159430 19844 
CLU_3523 3122302159392 11263 
CLU_3523 3122302206315 3600 
CLU_3523 3122307269161 2552 
CLU_3523 3122306703518 3405 
CLU_3523 3122302159473 4922 
CLU_3523 3122302159554 2543 
CLU_3523 3122306072046 1416 
CLU_3523 3122302159546 2552 
CLU_3523 3122307676875 2940 
CLU_3523 3122306942822 3425 
CLU_3523 3122302206323 5404 
CLU_3523 3122303747719 3810 
CLU_3523 3122306017940 6347 
CLU_3523 3122306942806 5950 
CLU_3523 3122304384881 3857 
CLU_3523 3122304207866 9028 
CLU_3523 3122302701804 3481 
CLU_3523 3122302159457 3736 
CLU_3523 3122302159856 5620 
CLU_3523 3122302159449 8805 
CLU_3523 3122307488882 5469 
CLU_3523 3122304239571 3668 
CLU_3523 3122306223354 3810 
CLU_3523 3122302159589 2279 
CLU_3523 3122306942849 3243 
CLU_3523 3122302159562 11497 
CLU_3523 3122302159287 16820 
CLU_3523 CLU_2725 15868 
CLU_3523 CLU_3545 5661 
CLU_3523 CLU_3551 7010 
CLU_3523 CLU_3565 11254 
CLU_3523 CLU_3570 5518 
CLU_3523 CLU_3580 7379 
CLU_3523 CLU_3581 5755 
CLU_3523 CLU_3588 6651 
CLU_3523 CLU_3593 6347 
CLU_3523 CLU_3594 3810 
CLU_3523 CLU_3602 11497 
CLU_3523 CLU_3603 6676 
CLU_3523 CLU_3604 10684 
CLU_3523 CLU_3605 16820 
CLU_3523 CLU_4824 11263 
CLU_3523 CLU_2550 10625 
CLU_3524 3122302159694 1685 
CLU_3524 3122302159538 930 
CLU_3524 3122302159600 167 
CLU_3524 3122302159511 836 
CLU_3524 3122300273600 3784 
CLU_3524 3122302159503 2413 
CLU_3524 3122302159597 3661 
CLU_3524 3122302159406 5195 
CLU_3524 3122302159678 1430 
CLU_3524 3122302159422 4455 
CLU_3524 3122302159414 4459 
CLU_3524 3122304445651 4208 
CLU_3524 3122306026028 3702 
CLU_3524 3122304194500 2327 
CLU_3524 3122302159430 19546 
CLU_3524 3122302159392 11395 
CLU_3524 3122302206315 2928 
CLU_3524 3122307269161 3000 
CLU_3524 3122306703518 3343 
CLU_3524 3122302159473 4259 
CLU_3524 3122302159554 2388 
CLU_3524 3122306072046 1787 
CLU_3524 3122302159546 3000 
CLU_3524 3122307676875 3285 
CLU_3524 3122306942822 3603 
CLU_3524 3122302206323 4917 
CLU_3524 3122303747719 4386 
CLU_3524 3122306017940 5752 
CLU_3524 3122306942806 5307 
CLU_3524 3122304384881 4403 
CLU_3524 3122304207866 8737 
CLU_3524 3122302701804 4084 
CLU_3524 3122302159457 3784 
CLU_3524 3122302159856 5252 
CLU_3524 3122302159449 8372 
CLU_3524 3122307488882 4797 
CLU_3524 3122304239571 4334 
CLU_3524 3122306223354 4386 
CLU_3524 3122302159589 2088 
CLU_3524 3122306942849 3409 
CLU_3524 3122302159562 10842 
CLU_3524 3122302159287 16215 
CLU_3524 CLU_2725 16404 
CLU_3524 CLU_3545 4986 
CLU_3524 CLU_3551 6398 
CLU_3524 CLU_3565 10836 
CLU_3524 CLU_3570 6040 
CLU_3524 CLU_3580 6737 
CLU_3524 CLU_3581 5089 
CLU_3524 CLU_3588 5987 
CLU_3524 CLU_3593 5752 
CLU_3524 CLU_3594 4386 
CLU_3524 CLU_3602 10842 
CLU_3524 CLU_3603 6034 
CLU_3524 CLU_3604 10019 
CLU_3524 CLU_3605 16215 
CLU_3524 CLU_4824 11395 
CLU_3524 CLU_2550 11244 
CLU_3525 3122302159694 863 
CLU_3525 3122302159538 1719 
CLU_3525 3122302159600 939 
CLU_3525 3122302159511 0 
CLU_3525 3122300273600 3168 
CLU_3525 3122302159503 1812 
CLU_3525 3122302159597 2829 
CLU_3525 3122302159406 4360 
CLU_3525 3122302159678 1794 
CLU_3525 3122302159422 4691 
CLU_3525 3122302159414 4764 
CLU_3525 3122304445651 4848 
CLU_3525 3122306026028 4536 
CLU_3525 3122304194500 2640 
CLU_3525 3122302159430 20047 
CLU_3525 3122302159392 10786 
CLU_3525 3122302206315 2550 
CLU_3525 3122307269161 2908 
CLU_3525 3122306703518 2646 
CLU_3525 3122302159473 3771 
CLU_3525 3122302159554 3113 
CLU_3525 3122306072046 2606 
CLU_3525 3122302159546 2908 
CLU_3525 3122307676875 3026 
CLU_3525 3122306942822 3125 
CLU_3525 3122302206323 4114 
CLU_3525 3122303747719 5114 
CLU_3525 3122306017940 5057 
CLU_3525 3122306942806 4724 
CLU_3525 3122304384881 4421 
CLU_3525 3122304207866 7904 
CLU_3525 3122302701804 4234 
CLU_3525 3122302159457 3168 
CLU_3525 3122302159856 4416 
CLU_3525 3122302159449 7548 
CLU_3525 3122307488882 4510 
CLU_3525 3122304239571 4889 
CLU_3525 3122306223354 5114 
CLU_3525 3122302159589 2804 
CLU_3525 3122306942849 4237 
CLU_3525 3122302159562 10661 
CLU_3525 3122302159287 16204 
CLU_3525 CLU_2725 16312 
CLU_3525 CLU_3545 4658 
CLU_3525 CLU_3551 5733 
CLU_3525 CLU_3565 11206 
CLU_3525 CLU_3570 5976 
CLU_3525 CLU_3580 6637 
CLU_3525 CLU_3581 4618 
CLU_3525 CLU_3588 5780 
CLU_3525 CLU_3593 5057 
CLU_3525 CLU_3594 5114 
CLU_3525 CLU_3602 10661 
CLU_3525 CLU_3603 5942 
CLU_3525 CLU_3604 9519 
CLU_3525 CLU_3605 16204 
CLU_3525 CLU_4824 10786 
CLU_3525 CLU_2550 11365 
CLU_3526 3122302159694 1888 
CLU_3526 3122302159538 2103 
CLU_3526 3122302159600 1737 
CLU_3526 3122302159511 1529 
CLU_3526 3122300273600 2178 
CLU_3526 3122302159503 982 
CLU_3526 3122302159597 3262 
CLU_3526 3122302159406 4599 
CLU_3526 3122302159678 3178 
CLU_3526 3122302159422 6171 
CLU_3526 3122302159414 6212 
CLU_3526 3122304445651 5969 
CLU_3526 3122306026028 4814 
CLU_3526 3122304194500 1645 
CLU_3526 3122302159430 21343 
CLU_3526 3122302159392 9677 
CLU_3526 3122302206315 4001 
CLU_3526 3122307269161 1398 
CLU_3526 3122306703518 1960 
CLU_3526 3122302159473 5098 
CLU_3526 3122302159554 4102 
CLU_3526 3122306072046 2902 
CLU_3526 3122302159546 1398 
CLU_3526 3122307676875 1514 
CLU_3526 3122306942822 1842 
CLU_3526 3122302206323 4704 
CLU_3526 3122303747719 4741 
CLU_3526 3122306017940 6009 
CLU_3526 3122306942806 5905 
CLU_3526 3122304384881 2934 
CLU_3526 3122304207866 7777 
CLU_3526 3122302701804 2851 
CLU_3526 3122302159457 2178 
CLU_3526 3122302159856 4593 
CLU_3526 3122302159449 7851 
CLU_3526 3122307488882 5973 
CLU_3526 3122304239571 4075 
CLU_3526 3122306223354 4741 
CLU_3526 3122302159589 3822 
CLU_3526 3122306942849 4790 
CLU_3526 3122302159562 12147 
CLU_3526 3122302159287 17731 
CLU_3526 CLU_2725 14782 
CLU_3526 CLU_3545 6095 
CLU_3526 CLU_3551 6735 
CLU_3526 CLU_3565 12622 
CLU_3526 CLU_3570 4452 
CLU_3526 CLU_3580 8156 
CLU_3526 CLU_3581 5942 
CLU_3526 CLU_3588 7269 
CLU_3526 CLU_3593 6009 
CLU_3526 CLU_3594 4741 
CLU_3526 CLU_3602 12147 
CLU_3526 CLU_3603 7463 
CLU_3526 CLU_3604 10749 
CLU_3526 CLU_3605 17731 
CLU_3526 CLU_4824 9677 
CLU_3526 CLU_2550 9894 
CLU_3527 3122302159694 2625 
CLU_3527 3122302159538 2057 
CLU_3527 3122302159600 1990 
CLU_3527 3122302159511 2117 
CLU_3527 3122300273600 2598 
CLU_3527 3122302159503 1664 
CLU_3527 3122302159597 4036 
CLU_3527 3122302159406 5337 
CLU_3527 3122302159678 3537 
CLU_3527 3122302159422 6562 
CLU_3527 3122302159414 6560 
CLU_3527 3122304445651 6048 
CLU_3527 3122306026028 4463 
CLU_3527 3122304194500 926 
CLU_3527 3122302159430 21474 
CLU_3527 3122302159392 9804 
CLU_3527 3122302206315 4659 
CLU_3527 3122307269161 907 
CLU_3527 3122306703518 2556 
CLU_3527 3122302159473 5816 
CLU_3527 3122302159554 4158 
CLU_3527 3122306072046 2682 
CLU_3527 3122302159546 907 
CLU_3527 3122307676875 1350 
CLU_3527 3122306942822 2060 
CLU_3527 3122302206323 5481 
CLU_3527 3122303747719 4117 
CLU_3527 3122306017940 6790 
CLU_3527 3122306942806 6662 
CLU_3527 3122304384881 2322 
CLU_3527 3122304207866 8402 
CLU_3527 3122302701804 2126 
CLU_3527 3122302159457 2598 
CLU_3527 3122302159856 5322 
CLU_3527 3122302159449 8580 
CLU_3527 3122307488882 6625 
CLU_3527 3122304239571 3329 
CLU_3527 3122306223354 4117 
CLU_3527 3122302159589 3909 
CLU_3527 3122306942849 4576 
CLU_3527 3122302159562 12778 
CLU_3527 3122302159287 18274 
CLU_3527 CLU_2725 14300 
CLU_3527 CLU_3545 6766 
CLU_3527 CLU_3551 7514 
CLU_3527 CLU_3565 12895 
CLU_3527 CLU_3570 3935 
CLU_3527 CLU_3580 8736 
CLU_3527 CLU_3581 6664 
CLU_3527 CLU_3588 7896 
CLU_3527 CLU_3593 6790 
CLU_3527 CLU_3594 4117 
CLU_3527 CLU_3602 12778 
CLU_3527 CLU_3603 8037 
CLU_3527 CLU_3604 11503 
CLU_3527 CLU_3605 18274 
CLU_3527 CLU_4824 9804 
CLU_3527 CLU_2550 9249 
CLU_3528 3122302159694 3198 
CLU_3528 3122302159538 2390 
CLU_3528 3122302159600 2467 
CLU_3528 3122302159511 2681 
CLU_3528 3122300273600 2833 
CLU_3528 3122302159503 2118 
CLU_3528 3122302159597 4546 
CLU_3528 3122302159406 5792 
CLU_3528 3122302159678 4020 
CLU_3528 3122302159422 7039 
CLU_3528 3122302159414 7016 
CLU_3528 3122304445651 6363 
CLU_3528 3122306026028 4495 
CLU_3528 3122304194500 742 
CLU_3528 3122302159430 21786 
CLU_3528 3122302159392 9720 
CLU_3528 3122302206315 5228 
CLU_3528 3122307269161 665 
CLU_3528 3122306703518 2917 
CLU_3528 3122302159473 6391 
CLU_3528 3122302159554 4482 
CLU_3528 3122306072046 2869 
CLU_3528 3122302159546 665 
CLU_3528 3122307676875 1296 
CLU_3528 3122306942822 2190 
CLU_3528 3122302206323 5992 
CLU_3528 3122303747719 3882 
CLU_3528 3122306017940 7341 
CLU_3528 3122306942806 7232 
CLU_3528 3122304384881 1805 
CLU_3528 3122304207866 8728 
CLU_3528 3122302701804 1554 
CLU_3528 3122302159457 2833 
CLU_3528 3122302159856 5764 
CLU_3528 3122302159449 9014 
CLU_3528 3122307488882 7192 
CLU_3528 3122304239571 2923 
CLU_3528 3122306223354 3882 
CLU_3528 3122302159589 4256 
CLU_3528 3122306942849 4714 
CLU_3528 3122302159562 13337 
CLU_3528 3122302159287 18803 
CLU_3528 CLU_2725 13814 
CLU_3528 CLU_3545 7336 
CLU_3528 CLU_3551 8068 
CLU_3528 CLU_3565 13299 
CLU_3528 CLU_3570 3457 
CLU_3528 CLU_3580 9281 
CLU_3528 CLU_3581 7239 
CLU_3528 CLU_3588 8456 
CLU_3528 CLU_3593 7341 
CLU_3528 CLU_3594 3882 
CLU_3528 CLU_3602 13337 
CLU_3528 CLU_3603 8581 
CLU_3528 CLU_3604 12075 
CLU_3528 CLU_3605 18803 
CLU_3528 CLU_4824 9720 
CLU_3528 CLU_2550 8693 
CLU_3529 3122302159694 4053 
CLU_3529 3122302159538 3221 
CLU_3529 3122302159600 3371 
CLU_3529 3122302159511 3586 
CLU_3529 3122300273600 3123 
CLU_3529 3122302159503 2773 
CLU_3529 3122302159597 5228 
CLU_3529 3122302159406 6353 
CLU_3529 3122302159678 4921 
CLU_3529 3122302159422 7933 
CLU_3529 3122302159414 7899 
CLU_3529 3122304445651 7133 
CLU_3529 3122306026028 4971 
CLU_3529 3122304194500 1371 
CLU_3529 3122302159430 22526 
CLU_3529 3122302159392 9349 
CLU_3529 3122302206315 6126 
CLU_3529 3122307269161 892 
CLU_3529 3122306703518 3390 
CLU_3529 3122302159473 7260 
CLU_3529 3122302159554 5274 
CLU_3529 3122306072046 3567 
CLU_3529 3122302159546 892 
CLU_3529 3122307676875 1417 
CLU_3529 3122306942822 2386 
CLU_3529 3122302206323 6665 
CLU_3529 3122303747719 3977 
CLU_3529 3122306017940 8101 
CLU_3529 3122306942806 8060 
CLU_3529 3122304384881 918 
CLU_3529 3122304207866 9030 
CLU_3529 3122302701804 698 
CLU_3529 3122302159457 3123 
CLU_3529 3122302159856 6304 
CLU_3529 3122302159449 9511 
CLU_3529 3122307488882 8094 
CLU_3529 3122304239571 2727 
CLU_3529 3122306223354 3977 
CLU_3529 3122302159589 5068 
CLU_3529 3122306942849 5315 
CLU_3529 3122302159562 14246 
CLU_3529 3122302159287 19716 
CLU_3529 CLU_2725 12924 
CLU_3529 CLU_3545 8231 
CLU_3529 CLU_3551 8838 
CLU_3529 CLU_3565 14134 
CLU_3529 CLU_3570 2593 
CLU_3529 CLU_3580 10196 
CLU_3529 CLU_3581 8106 
CLU_3529 CLU_3588 9365 
CLU_3529 CLU_3593 8101 
CLU_3529 CLU_3594 3977 
CLU_3529 CLU_3602 14246 
CLU_3529 CLU_3603 9496 
CLU_3529 CLU_3604 12905 
CLU_3529 CLU_3605 19716 
CLU_3529 CLU_4824 9349 
CLU_3529 CLU_2550 7781 
CLU_3530 3122302159694 4228 
CLU_3530 3122302159538 3873 
CLU_3530 3122302159600 3889 
CLU_3530 3122302159511 3919 
CLU_3530 3122300273600 2675 
CLU_3530 3122302159503 2715 
CLU_3530 3122302159597 5092 
CLU_3530 3122302159406 6054 
CLU_3530 3122302159678 5435 
CLU_3530 3122302159422 8460 
CLU_3530 3122302159414 8458 
CLU_3530 3122304445651 7844 
CLU_3530 3122306026028 5804 
CLU_3530 3122304194500 2121 
CLU_3530 3122302159430 23263 
CLU_3530 3122302159392 8503 
CLU_3530 3122302206315 6389 
CLU_3530 3122307269161 1015 
CLU_3530 3122306703518 3093 
CLU_3530 3122302159473 7419 
CLU_3530 3122302159554 5965 
CLU_3530 3122306072046 4321 
CLU_3530 3122302159546 1015 
CLU_3530 3122307676875 1105 
CLU_3530 3122306942822 1924 
CLU_3530 3122302206323 6493 
CLU_3530 3122303747719 4810 
CLU_3530 3122306017940 8037 
CLU_3530 3122306942806 8117 
CLU_3530 3122304384881 684 
CLU_3530 3122304207866 8470 
CLU_3530 3122302701804 1160 
CLU_3530 3122302159457 2675 
CLU_3530 3122302159856 5982 
CLU_3530 3122302159449 9115 
CLU_3530 3122307488882 8359 
CLU_3530 3122304239571 3500 
CLU_3530 3122306223354 4810 
CLU_3530 3122302159589 5739 
CLU_3530 3122306942849 6117 
CLU_3530 3122302159562 14536 
CLU_3530 3122302159287 20123 
CLU_3530 CLU_2725 12412 
CLU_3530 CLU_3545 8469 
CLU_3530 CLU_3551 8783 
CLU_3530 CLU_3565 14774 
CLU_3530 CLU_3570 2057 
CLU_3530 CLU_3580 10554 
CLU_3530 CLU_3581 8252 
CLU_3530 CLU_3588 9662 
CLU_3530 CLU_3593 8037 
CLU_3530 CLU_3594 4810 
CLU_3530 CLU_3602 14536 
CLU_3530 CLU_3603 9860 
CLU_3530 CLU_3604 12942 
CLU_3530 CLU_3605 20123 
CLU_3530 CLU_4824 8503 
CLU_3530 CLU_2550 7539 
CLU_3531 3122302159694 3264 
CLU_3531 3122302159538 2946 
CLU_3531 3122302159600 2891 
CLU_3531 3122302159511 2908 
CLU_3531 3122300273600 2306 
CLU_3531 3122302159503 1888 
CLU_3531 3122302159597 4339 
CLU_3531 3122302159406 5466 
CLU_3531 3122302159678 4429 
CLU_3531 3122302159422 7453 
CLU_3531 3122302159414 7459 
CLU_3531 3122304445651 6938 
CLU_3531 3122306026028 5159 
CLU_3531 3122304194500 1407 
CLU_3531 3122302159430 22366 
CLU_3531 3122302159392 9055 
CLU_3531 3122302206315 5399 
CLU_3531 3122307269161 0 
CLU_3531 3122306703518 2512 
CLU_3531 3122302159473 6472 
CLU_3531 3122302159554 5049 
CLU_3531 3122306072046 3499 
CLU_3531 3122302159546 0 
CLU_3531 3122307676875 655 
CLU_3531 3122306942822 1607 
CLU_3531 3122302206323 5775 
CLU_3531 3122303747719 4497 
CLU_3531 3122306017940 7229 
CLU_3531 3122306942806 7225 
CLU_3531 3122304384881 1541 
CLU_3531 3122304207866 8228 
CLU_3531 3122302701804 1582 
CLU_3531 3122302159457 2306 
CLU_3531 3122302159856 5420 
CLU_3531 3122302159449 8639 
CLU_3531 3122307488882 7371 
CLU_3531 3122304239571 3428 
CLU_3531 3122306223354 4497 
CLU_3531 3122302159589 4807 
CLU_3531 3122306942849 5363 
CLU_3531 3122302159562 13545 
CLU_3531 3122302159287 19110 
CLU_3531 CLU_2725 13427 
CLU_3531 CLU_3545 7490 
CLU_3531 CLU_3551 7968 
CLU_3531 CLU_3565 13803 
CLU_3531 CLU_3570 3072 
CLU_3531 CLU_3580 9545 
CLU_3531 CLU_3581 7312 
CLU_3531 CLU_3588 8667 
CLU_3531 CLU_3593 7229 
CLU_3531 CLU_3594 4497 
CLU_3531 CLU_3602 13545 
CLU_3531 CLU_3603 8851 
CLU_3531 CLU_3604 12067 
CLU_3531 CLU_3605 19110 
CLU_3531 CLU_4824 9055 
CLU_3531 CLU_2550 8500 
CLU_3532 3122302159694 3036 
CLU_3532 3122302159538 3932 
CLU_3532 3122302159600 3561 
CLU_3532 3122302159511 3125 
CLU_3532 3122300273600 753 
CLU_3532 3122302159503 1358 
CLU_3532 3122302159597 3323 
CLU_3532 3122302159406 4144 
CLU_3532 3122302159678 4902 
CLU_3532 3122302159422 7800 
CLU_3532 3122302159414 7887 
CLU_3532 3122304445651 7802 
CLU_3532 3122306026028 6519 
CLU_3532 3122304194500 2891 
CLU_3532 3122302159430 23139 
CLU_3532 3122302159392 7837 
CLU_3532 3122302206315 5198 
CLU_3532 3122307269161 1607 
CLU_3532 3122306703518 1238 
CLU_3532 3122302159473 5994 
CLU_3532 3122302159554 5942 
CLU_3532 3122306072046 4681 
CLU_3532 3122302159546 1607 
CLU_3532 3122307676875 975 
CLU_3532 3122306942822 0 
CLU_3532 3122302206323 4659 
CLU_3532 3122303747719 6072 
CLU_3532 3122306017940 6288 
CLU_3532 3122306942806 6517 
CLU_3532 3122304384881 2606 
CLU_3532 3122304207866 6644 
CLU_3532 3122302701804 2983 
CLU_3532 3122302159457 753 
CLU_3532 3122302159856 4066 
CLU_3532 3122302159449 7193 
CLU_3532 3122307488882 7100 
CLU_3532 3122304239571 5034 
CLU_3532 3122306223354 6072 
CLU_3532 3122302159589 5659 
CLU_3532 3122306942849 6582 
CLU_3532 3122302159562 13233 
CLU_3532 3122302159287 19018 
CLU_3532 CLU_2725 13516 
CLU_3532 CLU_3545 7155 
CLU_3532 CLU_3551 7034 
CLU_3532 CLU_3565 14331 
CLU_3532 CLU_3570 3556 
CLU_3532 CLU_3580 9433 
CLU_3532 CLU_3581 6784 
CLU_3532 CLU_3588 8436 
CLU_3532 CLU_3593 6288 
CLU_3532 CLU_3594 6072 
CLU_3532 CLU_3602 13233 
CLU_3532 CLU_3603 8767 
CLU_3532 CLU_3604 11268 
CLU_3532 CLU_3605 19018 
CLU_3532 CLU_4824 7837 
CLU_3532 CLU_2550 9159 
CLU_3533 3122302159694 1697 
CLU_3533 3122302159538 3641 
CLU_3533 3122302159600 2994 
CLU_3533 3122302159511 2199 
CLU_3533 3122300273600 1266 
CLU_3533 3122302159503 885 
CLU_3533 3122302159597 1670 
CLU_3533 3122302159406 2796 
CLU_3533 3122302159678 3923 
CLU_3533 3122302159422 6549 
CLU_3533 3122302159414 6698 
CLU_3533 3122304445651 7036 
CLU_3533 3122306026028 6491 
CLU_3533 3122304194500 3466 
CLU_3533 3122302159430 22094 
CLU_3533 3122302159392 8682 
CLU_3533 3122302206315 3670 
CLU_3533 3122307269161 2705 
CLU_3533 3122306703518 574 
CLU_3533 3122302159473 4331 
CLU_3533 3122302159554 5310 
CLU_3533 3122306072046 4528 
CLU_3533 3122302159546 2705 
CLU_3533 3122307676875 2319 
CLU_3533 3122306942822 1698 
CLU_3533 3122302206323 3080 
CLU_3533 3122303747719 6582 
CLU_3533 3122306017940 4627 
CLU_3533 3122306942806 4819 
CLU_3533 3122304384881 4094 
CLU_3533 3122304207866 5959 
CLU_3533 3122302701804 4283 
CLU_3533 3122302159457 1266 
CLU_3533 3122302159856 2773 
CLU_3533 3122302159449 6029 
CLU_3533 3122307488882 5493 
CLU_3533 3122304239571 5879 
CLU_3533 3122306223354 6582 
CLU_3533 3122302159589 5002 
CLU_3533 3122306942849 6327 
CLU_3533 3122302159562 11578 
CLU_3533 3122302159287 17421 
CLU_3533 CLU_2725 15173 
CLU_3533 CLU_3545 5523 
CLU_3533 CLU_3551 5374 
CLU_3533 CLU_3565 13120 
CLU_3533 CLU_3570 5234 
CLU_3533 CLU_3580 7867 
CLU_3533 CLU_3581 5103 
CLU_3533 CLU_3588 6830 
CLU_3533 CLU_3593 4627 
CLU_3533 CLU_3594 6582 
CLU_3533 CLU_3602 11578 
CLU_3533 CLU_3603 7223 
CLU_3533 CLU_3604 9582 
CLU_3533 CLU_3605 17421 
CLU_3533 CLU_4824 8682 
CLU_3533 CLU_2550 10839 
CLU_3534 3122302159694 863 
CLU_3534 3122302159538 2758 
CLU_3534 3122302159600 2065 
CLU_3534 3122302159511 1240 
CLU_3534 3122300273600 2029 
CLU_3534 3122302159503 839 
CLU_3534 3122302159597 1957 
CLU_3534 3122302159406 3384 
CLU_3534 3122302159678 2979 
CLU_3534 3122302159422 5702 
CLU_3534 3122302159414 5825 
CLU_3534 3122304445651 6079 
CLU_3534 3122306026028 5621 
CLU_3534 3122304194500 2948 
CLU_3534 3122302159430 21193 
CLU_3534 3122302159392 9598 
CLU_3534 3122302206315 3029 
CLU_3534 3122307269161 2586 
CLU_3534 3122306703518 1435 
CLU_3534 3122302159473 3936 
CLU_3534 3122302159554 4352 
CLU_3534 3122306072046 3657 
CLU_3534 3122302159546 2586 
CLU_3534 3122307676875 2428 
CLU_3534 3122306942822 2176 
CLU_3534 3122302206323 3386 
CLU_3534 3122303747719 5894 
CLU_3534 3122306017940 4682 
CLU_3534 3122306942806 4639 
CLU_3534 3122304384881 4109 
CLU_3534 3122304207866 6783 
CLU_3534 3122302701804 4132 
CLU_3534 3122302159457 2029 
CLU_3534 3122302159856 3405 
CLU_3534 3122302159449 6636 
CLU_3534 3122307488882 4958 
CLU_3534 3122304239571 5370 
CLU_3534 3122306223354 5894 
CLU_3534 3122302159589 4043 
CLU_3534 3122306942849 5408 
CLU_3534 3122302159562 11123 
CLU_3534 3122302159287 16855 
CLU_3534 CLU_2725 15653 
CLU_3534 CLU_3545 5035 
CLU_3534 CLU_3551 5412 
CLU_3534 CLU_3565 12267 
CLU_3534 CLU_3570 5474 
CLU_3534 CLU_3580 7264 
CLU_3534 CLU_3581 4762 
CLU_3534 CLU_3588 6288 
CLU_3534 CLU_3593 4682 
CLU_3534 CLU_3594 5894 
CLU_3534 CLU_3602 11123 
CLU_3534 CLU_3603 6595 
CLU_3534 CLU_3604 9480 
CLU_3534 CLU_3605 16855 
CLU_3534 CLU_4824 9598 
CLU_3534 CLU_2550 11030 
CLU_3535 3122302159694 1843 
CLU_3535 3122302159538 2628 
CLU_3535 3122302159600 2176 
CLU_3535 3122302159511 1748 
CLU_3535 3122300273600 1637 
CLU_3535 3122302159503 459 
CLU_3535 3122302159597 2882 
CLU_3535 3122302159406 4136 
CLU_3535 3122302159678 3507 
CLU_3535 3122302159422 6439 
CLU_3535 3122302159414 6509 
CLU_3535 3122304445651 6415 
CLU_3535 3122306026028 5370 
CLU_3535 3122304194500 2124 
CLU_3535 3122302159430 21739 
CLU_3535 3122302159392 9196 
CLU_3535 3122302206315 4031 
CLU_3535 3122307269161 1502 
CLU_3535 3122306703518 1404 
CLU_3535 3122302159473 5015 
CLU_3535 3122302159554 4570 
CLU_3535 3122306072046 3449 
CLU_3535 3122302159546 1502 
CLU_3535 3122307676875 1365 
CLU_3535 3122306942822 1400 
CLU_3535 3122302206323 4328 
CLU_3535 3122303747719 5273 
CLU_3535 3122306017940 5732 
CLU_3535 3122306942806 5729 
CLU_3535 3122304384881 3018 
CLU_3535 3122304207866 7236 
CLU_3535 3122302701804 3067 
CLU_3535 3122302159457 1637 
CLU_3535 3122302159856 4117 
CLU_3535 3122302159449 7375 
CLU_3535 3122307488882 5989 
CLU_3535 3122304239571 4534 
CLU_3535 3122306223354 5273 
CLU_3535 3122302159589 4280 
CLU_3535 3122306942849 5329 
CLU_3535 3122302159562 12165 
CLU_3535 3122302159287 17838 
CLU_3535 CLU_2725 14657 
CLU_3535 CLU_3545 6084 
CLU_3535 CLU_3551 6469 
CLU_3535 CLU_3565 12947 
CLU_3535 CLU_3570 4409 
CLU_3535 CLU_3580 8246 
CLU_3535 CLU_3581 5846 
CLU_3535 CLU_3588 7308 
CLU_3535 CLU_3593 5732 
CLU_3535 CLU_3594 5273 
CLU_3535 CLU_3602 12165 
CLU_3535 CLU_3603 7563 
CLU_3535 CLU_3604 10567 
CLU_3535 CLU_3605 17838 
CLU_3535 CLU_4824 9196 
CLU_3535 CLU_2550 9945 
CLU_3536 3122302159694 1686 
CLU_3536 3122302159538 2950 
CLU_3536 3122302159600 2409 
CLU_3536 3122302159511 1812 
CLU_3536 3122300273600 1373 
CLU_3536 3122302159503 0 
CLU_3536 3122302159597 2455 
CLU_3536 3122302159406 3678 
CLU_3536 3122302159678 3606 
CLU_3536 3122302159422 6453 
CLU_3536 3122302159414 6552 
CLU_3536 3122304445651 6610 
CLU_3536 3122306026028 5747 
CLU_3536 3122304194500 2582 
CLU_3536 3122302159430 21860 
CLU_3536 3122302159392 8994 
CLU_3536 3122302206315 3867 
CLU_3536 3122307269161 1888 
CLU_3536 3122306703518 998 
CLU_3536 3122302159473 4756 
CLU_3536 3122302159554 4800 
CLU_3536 3122306072046 3804 
CLU_3536 3122302159546 1888 
CLU_3536 3122307676875 1624 
CLU_3536 3122306942822 1358 
CLU_3536 3122302206323 3897 
CLU_3536 3122303747719 5720 
CLU_3536 3122306017940 5347 
CLU_3536 3122306942806 5403 
CLU_3536 3122304384881 3359 
CLU_3536 3122304207866 6795 
CLU_3536 3122302701804 3468 
CLU_3536 3122302159457 1373 
CLU_3536 3122302159856 3658 
CLU_3536 3122302159449 6915 
CLU_3536 3122307488882 5797 
CLU_3536 3122304239571 4993 
CLU_3536 3122306223354 5720 
CLU_3536 3122302159589 4501 
CLU_3536 3122306942849 5659 
CLU_3536 3122302159562 11958 
CLU_3536 3122302159287 17693 
CLU_3536 CLU_2725 14814 
CLU_3536 CLU_3545 5871 
CLU_3536 CLU_3551 6088 
CLU_3536 CLU_3565 12999 
CLU_3536 CLU_3570 4657 
CLU_3536 CLU_3580 8101 
CLU_3536 CLU_3581 5574 
CLU_3536 CLU_3588 7128 
CLU_3536 CLU_3593 5347 
CLU_3536 CLU_3594 5720 
CLU_3536 CLU_3602 11958 
CLU_3536 CLU_3603 7429 
CLU_3536 CLU_3604 10227 
CLU_3536 CLU_3605 17693 
CLU_3536 CLU_4824 8994 
CLU_3536 CLU_2550 10233 
CLU_3537 3122302159694 1392 
CLU_3537 3122302159538 3910 
CLU_3537 3122302159600 3121 
CLU_3537 3122302159511 2219 
CLU_3537 3122300273600 3384 
CLU_3537 3122302159503 2630 
CLU_3537 3122302159597 1119 
CLU_3537 3122302159406 2513 
CLU_3537 3122302159678 3099 
CLU_3537 3122302159422 4950 
CLU_3537 3122302159414 5187 
CLU_3537 3122304445651 6129 
CLU_3537 3122306026028 6619 
CLU_3537 3122304194500 4681 
CLU_3537 3122302159430 20537 
CLU_3537 3122302159392 10352 
CLU_3537 3122302206315 1782 
CLU_3537 3122307269161 4451 
CLU_3537 3122306703518 2686 
CLU_3537 3122302159473 2198 
CLU_3537 3122302159554 4773 
CLU_3537 3122306072046 4764 
CLU_3537 3122302159546 4451 
CLU_3537 3122307676875 4254 
CLU_3537 3122306942822 3809 
CLU_3537 3122302206323 1972 
CLU_3537 3122303747719 7333 
CLU_3537 3122306017940 2879 
CLU_3537 3122306942806 2777 
CLU_3537 3122304384881 5969 
CLU_3537 3122304207866 6187 
CLU_3537 3122302701804 5993 
CLU_3537 3122302159457 3384 
CLU_3537 3122302159856 2629 
CLU_3537 3122302159449 5476 
CLU_3537 3122307488882 3402 
CLU_3537 3122304239571 7045 
CLU_3537 3122306223354 7333 
CLU_3537 3122302159589 4475 
CLU_3537 3122306942849 6183 
CLU_3537 3122302159562 9445 
CLU_3537 3122302159287 15312 
CLU_3537 CLU_2725 17307 
CLU_3537 CLU_3545 3407 
CLU_3537 CLU_3551 3589 
CLU_3537 CLU_3565 11426 
CLU_3537 CLU_3570 7279 
CLU_3537 CLU_3580 5803 
CLU_3537 CLU_3581 2975 
CLU_3537 CLU_3588 4731 
CLU_3537 CLU_3593 2879 
CLU_3537 CLU_3594 7333 
CLU_3537 CLU_3602 9445 
CLU_3537 CLU_3603 5186 
CLU_3537 CLU_3604 7615 
CLU_3537 CLU_3605 15312 
CLU_3537 CLU_4824 10352 
CLU_3537 CLU_2550 12863 
CLU_3538 3122302159694 2665 
CLU_3538 3122302159538 5195 
CLU_3538 3122302159600 4435 
CLU_3538 3122302159511 3500 
CLU_3538 3122300273600 2817 
CLU_3538 3122302159503 2871 
CLU_3538 3122302159597 711 
CLU_3538 3122302159406 864 
CLU_3538 3122302159678 4788 
CLU_3538 3122302159422 6711 
CLU_3538 3122302159414 6962 
CLU_3538 3122304445651 7882 
CLU_3538 3122306026028 8037 
CLU_3538 3122304194500 5410 
CLU_3538 3122302159430 22265 
CLU_3538 3122302159392 8782 
CLU_3538 3122302206315 3517 
CLU_3538 3122307269161 4706 
CLU_3538 3122306703518 2273 
CLU_3538 3122302159473 3481 
CLU_3538 3122302159554 6419 
CLU_3538 3122306072046 6095 
CLU_3538 3122302159546 4706 
CLU_3538 3122307676875 4277 
CLU_3538 3122306942822 3496 
CLU_3538 3122302206323 1188 
CLU_3538 3122303747719 8419 
CLU_3538 3122306017940 2925 
CLU_3538 3122306942806 3477 
CLU_3538 3122304384881 6045 
CLU_3538 3122304207866 4465 
CLU_3538 3122302701804 6278 
CLU_3538 3122302159457 2817 
CLU_3538 3122302159856 917 
CLU_3538 3122302159449 4111 
CLU_3538 3122307488882 4816 
CLU_3538 3122304239571 7838 
CLU_3538 3122306223354 8419 
CLU_3538 3122302159589 6111 
CLU_3538 3122306942849 7712 
CLU_3538 3122302159562 10475 
CLU_3538 3122302159287 16489 
CLU_3538 CLU_2725 16525 
CLU_3538 CLU_3545 4735 
CLU_3538 CLU_3551 3651 
CLU_3538 CLU_3565 13119 
CLU_3538 CLU_3570 7023 
CLU_3538 CLU_3580 7203 
CLU_3538 CLU_3581 4041 
CLU_3538 CLU_3588 6070 
CLU_3538 CLU_3593 2925 
CLU_3538 CLU_3594 8419 
CLU_3538 CLU_3602 10475 
CLU_3538 CLU_3603 6655 
CLU_3538 CLU_3604 7930 
CLU_3538 CLU_3605 16489 
CLU_3538 CLU_4824 8782 
CLU_3538 CLU_2550 12601 
CLU_3539 3122302159694 1979 
CLU_3539 3122302159538 4539 
CLU_3539 3122302159600 3768 
CLU_3539 3122302159511 2829 
CLU_3539 3122300273600 2736 
CLU_3539 3122302159503 2455 
CLU_3539 3122302159597 0 
CLU_3539 3122302159406 1541 
CLU_3539 3122302159678 4077 
CLU_3539 3122302159422 6069 
CLU_3539 3122302159414 6306 
CLU_3539 3122304445651 7175 
CLU_3539 3122306026028 7363 
CLU_3539 3122304194500 4898 
CLU_3539 3122302159430 21651 
CLU_3539 3122302159392 9283 
CLU_3539 3122302206315 2891 
CLU_3539 3122307269161 4339 
CLU_3539 3122306703518 2091 
CLU_3539 3122302159473 3054 
CLU_3539 3122302159554 5710 
CLU_3539 3122306072046 5433 
CLU_3539 3122302159546 4339 
CLU_3539 3122307676875 3988 
CLU_3539 3122306942822 3323 
CLU_3539 3122302206323 1446 
CLU_3539 3122303747719 7825 
CLU_3539 3122306017940 2965 
CLU_3539 3122306942806 3279 
CLU_3539 3122304384881 5762 
CLU_3539 3122304207866 5176 
CLU_3539 3122302701804 5921 
CLU_3539 3122302159457 2736 
CLU_3539 3122302159856 1618 
CLU_3539 3122302159449 4729 
CLU_3539 3122307488882 4355 
CLU_3539 3122304239571 7325 
CLU_3539 3122306223354 7825 
CLU_3539 3122302159589 5403 
CLU_3539 3122306942849 7018 
CLU_3539 3122302159562 10210 
CLU_3539 3122302159287 16168 
CLU_3539 CLU_2725 16633 
CLU_3539 CLU_3545 4310 
CLU_3539 CLU_3551 3712 
CLU_3539 CLU_3565 12529 
CLU_3539 CLU_3570 6879 
CLU_3539 CLU_3580 6762 
CLU_3539 CLU_3581 3713 
CLU_3539 CLU_3588 5652 
CLU_3539 CLU_3593 2965 
CLU_3539 CLU_3594 7825 
CLU_3539 CLU_3602 10210 
CLU_3539 CLU_3603 6179 
CLU_3539 CLU_3604 7950 
CLU_3539 CLU_3605 16168 
CLU_3539 CLU_4824 9283 
CLU_3539 CLU_2550 12482 
CLU_3540 3122302159694 2811 
CLU_3540 3122302159538 5360 
CLU_3540 3122302159600 4571 
CLU_3540 3122302159511 3660 
CLU_3540 3122300273600 4024 
CLU_3540 3122302159503 3702 
CLU_3540 3122302159597 1300 
CLU_3540 3122302159406 1598 
CLU_3540 3122302159678 4455 
CLU_3540 3122302159422 5798 
CLU_3540 3122302159414 6096 
CLU_3540 3122304445651 7349 
CLU_3540 3122306026028 8062 
CLU_3540 3122304194500 6017 
CLU_3540 3122302159430 21196 
CLU_3540 3122302159392 10083 
CLU_3540 3122302206315 2672 
CLU_3540 3122307269161 5589 
CLU_3540 3122306703518 3390 
CLU_3540 3122302159473 2232 
CLU_3540 3122302159554 6141 
CLU_3540 3122306072046 6216 
CLU_3540 3122302159546 5589 
CLU_3540 3122307676875 5272 
CLU_3540 3122306942822 4624 
CLU_3540 3122302206323 642 
CLU_3540 3122303747719 8771 
CLU_3540 3122306017940 1666 
CLU_3540 3122306942806 2094 
CLU_3540 3122304384881 7041 
CLU_3540 3122304207866 5086 
CLU_3540 3122302701804 7167 
CLU_3540 3122302159457 4024 
CLU_3540 3122302159856 1772 
CLU_3540 3122302159449 4095 
CLU_3540 3122307488882 3572 
CLU_3540 3122304239571 8418 
CLU_3540 3122306223354 8771 
CLU_3540 3122302159589 5852 
CLU_3540 3122306942849 7600 
CLU_3540 3122302159562 9092 
CLU_3540 3122302159287 15114 
CLU_3540 CLU_2725 17869 
CLU_3540 CLU_3545 3450 
CLU_3540 CLU_3551 2412 
CLU_3540 CLU_3565 12015 
CLU_3540 CLU_3570 8179 
CLU_3540 CLU_3580 5911 
CLU_3540 CLU_3581 2691 
CLU_3540 CLU_3588 4765 
CLU_3540 CLU_3593 1666 
CLU_3540 CLU_3594 8771 
CLU_3540 CLU_3602 9092 
CLU_3540 CLU_3603 5403 
CLU_3540 CLU_3604 6654 
CLU_3540 CLU_3605 15114 
CLU_3540 CLU_4824 10083 
CLU_3540 CLU_2550 13783 
CLU_3541 3122302159694 1588 
CLU_3541 3122302159538 4021 
CLU_3541 3122302159600 3236 
CLU_3541 3122302159511 2369 
CLU_3541 3122300273600 3708 
CLU_3541 3122302159503 2931 
CLU_3541 3122302159597 1367 
CLU_3541 3122302159406 2652 
CLU_3541 3122302159678 3054 
CLU_3541 3122302159422 4720 
CLU_3541 3122302159414 4972 
CLU_3541 3122304445651 6015 
CLU_3541 3122306026028 6668 
CLU_3541 3122304194500 4900 
CLU_3541 3122302159430 20288 
CLU_3541 3122302159392 10637 
CLU_3541 3122302206315 1529 
CLU_3541 3122307269161 4731 
CLU_3541 3122306703518 3011 
CLU_3541 3122302159473 1873 
CLU_3541 3122302159554 4739 
CLU_3541 3122306072046 4852 
CLU_3541 3122302159546 4731 
CLU_3541 3122307676875 4554 
CLU_3541 3122306942822 4128 
CLU_3541 3122302206323 1990 
CLU_3541 3122303747719 7467 
CLU_3541 3122306017940 2689 
CLU_3541 3122306942806 2495 
CLU_3541 3122304384881 6256 
CLU_3541 3122304207866 6314 
CLU_3541 3122302701804 6259 
CLU_3541 3122302159457 3708 
CLU_3541 3122302159856 2783 
CLU_3541 3122302159449 5492 
CLU_3541 3122307488882 3081 
CLU_3541 3122304239571 7237 
CLU_3541 3122306223354 7467 
CLU_3541 3122302159589 4448 
CLU_3541 3122306942849 6194 
CLU_3541 3122302159562 9121 
CLU_3541 3122302159287 14988 
CLU_3541 CLU_2725 17630 
CLU_3541 CLU_3545 3083 
CLU_3541 CLU_3551 3376 
CLU_3541 CLU_3565 11162 
CLU_3541 CLU_3570 7585 
CLU_3541 CLU_3580 5485 
CLU_3541 CLU_3581 2657 
CLU_3541 CLU_3588 4409 
CLU_3541 CLU_3593 2689 
CLU_3541 CLU_3594 7467 
CLU_3541 CLU_3602 9121 
CLU_3541 CLU_3603 4874 
CLU_3541 CLU_3604 7339 
CLU_3541 CLU_3605 14988 
CLU_3541 CLU_4824 10637 
CLU_3541 CLU_2550 13164 
CLU_3542 3122302159694 1996 
CLU_3542 3122302159538 4538 
CLU_3542 3122302159600 3748 
CLU_3542 3122302159511 2839 
CLU_3542 3122300273600 3577 
CLU_3542 3122302159503 3037 
CLU_3542 3122302159597 931 
CLU_3542 3122302159406 2019 
CLU_3542 3122302159678 3689 
CLU_3542 3122302159422 5311 
CLU_3542 3122302159414 5577 
CLU_3542 3122304445651 6664 
CLU_3542 3122306026028 7248 
CLU_3542 3122304194500 5241 
CLU_3542 3122302159430 20840 
CLU_3542 3122302159392 10181 
CLU_3542 3122302206315 2116 
CLU_3542 3122307269161 4906 
CLU_3542 3122306703518 2898 
CLU_3542 3122302159473 2122 
CLU_3542 3122302159554 5371 
CLU_3542 3122306072046 5395 
CLU_3542 3122302159546 4906 
CLU_3542 3122307676875 4646 
CLU_3542 3122306942822 4094 
CLU_3542 3122302206323 1355 
CLU_3542 3122303747719 7952 
CLU_3542 3122306017940 2335 
CLU_3542 3122306942806 2424 
CLU_3542 3122304384881 6396 
CLU_3542 3122304207866 5671 
CLU_3542 3122302701804 6471 
CLU_3542 3122302159457 3577 
CLU_3542 3122302159856 2158 
CLU_3542 3122302159449 4863 
CLU_3542 3122307488882 3431 
CLU_3542 3122304239571 7628 
CLU_3542 3122306223354 7952 
CLU_3542 3122302159589 5077 
CLU_3542 3122306942849 6802 
CLU_3542 3122302159562 9295 
CLU_3542 3122302159287 15239 
CLU_3542 CLU_2725 17511 
CLU_3542 CLU_3545 3379 
CLU_3542 CLU_3551 3066 
CLU_3542 CLU_3565 11691 
CLU_3542 CLU_3570 7625 
CLU_3542 CLU_3580 5835 
CLU_3542 CLU_3581 2792 
CLU_3542 CLU_3588 4721 
CLU_3542 CLU_3593 2335 
CLU_3542 CLU_3594 7952 
CLU_3542 CLU_3602 9295 
CLU_3542 CLU_3603 5262 
CLU_3542 CLU_3604 7200 
CLU_3542 CLU_3605 15239 
CLU_3542 CLU_4824 10181 
CLU_3542 CLU_2550 13227 
CLU_3543 3122302159694 2592 
CLU_3543 3122302159538 4555 
CLU_3543 3122302159600 3835 
CLU_3543 3122302159511 3156 
CLU_3543 3122300273600 5030 
CLU_3543 3122302159503 4156 
CLU_3543 3122302159597 2614 
CLU_3543 3122302159406 3592 
CLU_3543 3122302159678 3073 
CLU_3543 3122302159422 3787 
CLU_3543 3122302159414 4101 
CLU_3543 3122304445651 5563 
CLU_3543 3122306026028 6869 
CLU_3543 3122304194500 5796 
CLU_3543 3122302159430 19189 
CLU_3543 3122302159392 11887 
CLU_3543 3122302206315 895 
CLU_3543 3122307269161 5855 
CLU_3543 3122306703518 4332 
CLU_3543 3122302159473 619 
CLU_3543 3122302159554 4672 
CLU_3543 3122306072046 5264 
CLU_3543 3122302159546 5855 
CLU_3543 3122307676875 5757 
CLU_3543 3122306942822 5415 
CLU_3543 3122302206323 2659 
CLU_3543 3122303747719 7990 
CLU_3543 3122306017940 2413 
CLU_3543 3122306942806 1669 
CLU_3543 3122304384881 7396 
CLU_3543 3122304207866 7097 
CLU_3543 3122302701804 7319 
CLU_3543 3122302159457 5030 
CLU_3543 3122302159856 3755 
CLU_3543 3122302159449 5900 
CLU_3543 3122307488882 1753 
CLU_3543 3122304239571 7994 
CLU_3543 3122306223354 7990 
CLU_3543 3122302159589 4425 
CLU_3543 3122306942849 6257 
CLU_3543 3122302159562 7818 
CLU_3543 3122302159287 13658 
CLU_3543 CLU_2725 18930 
CLU_3543 CLU_3545 1754 
CLU_3543 CLU_3551 2902 
CLU_3543 CLU_3565 10020 
CLU_3543 CLU_3570 8805 
CLU_3543 CLU_3580 4161 
CLU_3543 CLU_3581 1468 
CLU_3543 CLU_3588 3078 
CLU_3543 CLU_3593 2413 
CLU_3543 CLU_3594 7990 
CLU_3543 CLU_3602 7818 
CLU_3543 CLU_3603 3566 
CLU_3543 CLU_3604 6367 
CLU_3543 CLU_3605 13658 
CLU_3543 CLU_4824 11887 
CLU_3543 CLU_2550 14346 
CLU_3544 3122302159694 3210 
CLU_3544 3122302159538 5129 
CLU_3544 3122302159600 4426 
CLU_3544 3122302159511 3771 
CLU_3544 3122300273600 5581 
CLU_3544 3122302159503 4756 
CLU_3544 3122302159597 3054 
CLU_3544 3122302159406 3831 
CLU_3544 3122302159678 3559 
CLU_3544 3122302159422 3806 
CLU_3544 3122302159414 4155 
CLU_3544 3122304445651 5817 
CLU_3544 3122306026028 7349 
CLU_3544 3122304194500 6411 
CLU_3544 3122302159430 18990 
CLU_3544 3122302159392 12263 
CLU_3544 3122302206315 1381 
CLU_3544 3122307269161 6472 
CLU_3544 3122306703518 4883 
CLU_3544 3122302159473 0 
CLU_3544 3122302159554 5094 
CLU_3544 3122306072046 5809 
CLU_3544 3122302159546 6472 
CLU_3544 3122307676875 6364 
CLU_3544 3122306942822 5994 
CLU_3544 3122302206323 2821 
CLU_3544 3122303747719 8545 
CLU_3544 3122306017940 2154 
CLU_3544 3122306942806 1199 
CLU_3544 3122304384881 8012 
CLU_3544 3122304207866 7185 
CLU_3544 3122302701804 7939 
CLU_3544 3122302159457 5581 
CLU_3544 3122302159856 4005 
CLU_3544 3122302159449 5817 
CLU_3544 3122307488882 1342 
CLU_3544 3122304239571 8591 
CLU_3544 3122306223354 8545 
CLU_3544 3122302159589 4865 
CLU_3544 3122306942849 6700 
CLU_3544 3122302159562 7247 
CLU_3544 3122302159287 13135 
CLU_3544 CLU_2725 19503 
CLU_3544 CLU_3545 1258 
CLU_3544 CLU_3551 2513 
CLU_3544 CLU_3565 9801 
CLU_3544 CLU_3570 9410 
CLU_3544 CLU_3580 3723 
CLU_3544 CLU_3581 848 
CLU_3544 CLU_3588 2599 
CLU_3544 CLU_3593 2154 
CLU_3544 CLU_3594 8545 
CLU_3544 CLU_3602 7247 
CLU_3544 CLU_3603 3180 
CLU_3544 CLU_3604 5763 
CLU_3544 CLU_3605 13135 
CLU_3544 CLU_4824 12263 
CLU_3544 CLU_2550 14959 
CLU_3545 3122302159694 4243 
CLU_3545 3122302159538 5768 
CLU_3545 3122302159600 5153 
CLU_3545 3122302159511 4658 
CLU_3545 3122300273600 6784 
CLU_3545 3122302159503 5871 
CLU_3545 3122302159597 4310 
CLU_3545 3122302159406 5041 
CLU_3545 3122302159678 3980 
CLU_3545 3122302159422 3187 
CLU_3545 3122302159414 3577 
CLU_3545 3122304445651 5568 
CLU_3545 3122306026028 7619 
CLU_3545 3122304194500 7260 
CLU_3545 3122302159430 17883 
CLU_3545 3122302159392 13513 
CLU_3545 3122302206315 2107 
CLU_3545 3122307269161 7490 
CLU_3545 3122306703518 6086 
CLU_3545 3122302159473 1258 
CLU_3545 3122302159554 5265 
CLU_3545 3122306072046 6319 
CLU_3545 3122302159546 7490 
CLU_3545 3122307676875 7448 
CLU_3545 3122306942822 7155 
CLU_3545 3122302206323 4003 
CLU_3545 3122303747719 9049 
CLU_3545 3122306017940 2951 
CLU_3545 3122306942806 1800 
CLU_3545 3122304384881 9030 
CLU_3545 3122304207866 8249 
CLU_3545 3122302701804 8890 
CLU_3545 3122302159457 6784 
CLU_3545 3122302159856 5218 
CLU_3545 3122302159449 6694 
CLU_3545 3122307488882 308 
CLU_3545 3122304239571 9286 
CLU_3545 3122306223354 9049 
CLU_3545 3122302159589 5095 
CLU_3545 3122306942849 6879 
CLU_3545 3122302159562 6087 
CLU_3545 3122302159287 11905 
CLU_3545 CLU_2725 20671 
CLU_3545 CLU_3545 0 
CLU_3545 CLU_3551 3018 
CLU_3545 CLU_3565 8693 
CLU_3545 CLU_3570 10493 
CLU_3545 CLU_3580 2468 
CLU_3545 CLU_3581 933 
CLU_3545 CLU_3588 1341 
CLU_3545 CLU_3593 2951 
CLU_3545 CLU_3594 9049 
CLU_3545 CLU_3602 6087 
CLU_3545 CLU_3603 1960 
CLU_3545 CLU_3604 5210 
CLU_3545 CLU_3605 11905 
CLU_3545 CLU_4824 13513 
CLU_3545 CLU_2550 15990 
CLU_3546 3122302159694 2929 
CLU_3546 3122302159538 2286 
CLU_3546 3122302159600 2113 
CLU_3546 3122302159511 2453 
CLU_3546 3122300273600 5621 
CLU_3546 3122302159503 4264 
CLU_3546 3122302159597 4666 
CLU_3546 3122302159406 6152 
CLU_3546 3122302159678 662 
CLU_3546 3122302159422 2504 
CLU_3546 3122302159414 2462 
CLU_3546 3122304445651 2514 
CLU_3546 3122306026028 3634 
CLU_3546 3122304194500 4145 
CLU_3546 3122302159430 17597 
CLU_3546 3122302159392 13233 
CLU_3546 3122302206315 2472 
CLU_3546 3122307269161 5004 
CLU_3546 3122306703518 5074 
CLU_3546 3122302159473 3776 
CLU_3546 3122302159554 1318 
CLU_3546 3122306072046 2503 
CLU_3546 3122302159546 5004 
CLU_3546 3122307676875 5297 
CLU_3546 3122306942822 5550 
CLU_3546 3122302206323 5546 
CLU_3546 3122303747719 5136 
CLU_3546 3122306017940 5772 
CLU_3546 3122306942806 4972 
CLU_3546 3122304384881 6352 
CLU_3546 3122304207866 9825 
CLU_3546 3122302701804 5954 
CLU_3546 3122302159457 5621 
CLU_3546 3122302159856 6259 
CLU_3546 3122302159449 9033 
CLU_3546 3122307488882 3720 
CLU_3546 3122304239571 5628 
CLU_3546 3122306223354 5136 
CLU_3546 3122302159589 1110 
CLU_3546 3122306942849 2931 
CLU_3546 3122302159562 9305 
CLU_3546 3122302159287 14402 
CLU_3546 CLU_2725 18363 
CLU_3546 CLU_3545 3989 
CLU_3546 CLU_3551 6259 
CLU_3546 CLU_3565 8824 
CLU_3546 CLU_3570 8011 
CLU_3546 CLU_3580 5150 
CLU_3546 CLU_3581 4446 
CLU_3546 CLU_3588 4636 
CLU_3546 CLU_3593 5772 
CLU_3546 CLU_3594 5136 
CLU_3546 CLU_3602 9305 
CLU_3546 CLU_3603 4462 
CLU_3546 CLU_3604 9199 
CLU_3546 CLU_3605 14402 
CLU_3546 CLU_4824 13233 
CLU_3546 CLU_2550 13054 
CLU_3547 3122302159694 5003 
CLU_3547 3122302159538 4714 
CLU_3547 3122302159600 4569 
CLU_3547 3122302159511 4764 
CLU_3547 3122300273600 7854 
CLU_3547 3122302159503 6552 
CLU_3547 3122302159597 6306 
CLU_3547 3122302159406 7589 
CLU_3547 3122302159678 3037 
CLU_3547 3122302159422 398 
CLU_3547 3122302159414 0 
CLU_3547 3122304445651 2251 
CLU_3547 3122306026028 5158 
CLU_3547 3122304194500 6591 
CLU_3547 3122302159430 15410 
CLU_3547 3122302159392 15368 
CLU_3547 3122302206315 3461 
CLU_3547 3122307269161 7459 
CLU_3547 3122306703518 7241 
CLU_3547 3122302159473 4155 
CLU_3547 3122302159554 3009 
CLU_3547 3122306072046 4737 
CLU_3547 3122302159546 7459 
CLU_3547 3122307676875 7723 
CLU_3547 3122306942822 7887 
CLU_3547 3122302206323 6738 
CLU_3547 3122303747719 7048 
CLU_3547 3122306017940 6295 
CLU_3547 3122306942806 5218 
CLU_3547 3122304384881 8813 
CLU_3547 3122304207866 11182 
CLU_3547 3122302701804 8401 
CLU_3547 3122302159457 7854 
CLU_3547 3122302159856 7735 
CLU_3547 3122302159449 9964 
CLU_3547 3122307488882 3273 
CLU_3547 3122304239571 7835 
CLU_3547 3122306223354 7048 
CLU_3547 3122302159589 3058 
CLU_3547 3122306942849 4292 
CLU_3547 3122302159562 7391 
CLU_3547 3122302159287 12074 
CLU_3547 CLU_2725 20824 
CLU_3547 CLU_3545 3577 
CLU_3547 CLU_3551 6528 
CLU_3547 CLU_3565 6447 
CLU_3547 CLU_3570 10474 
CLU_3547 CLU_3580 3411 
CLU_3547 CLU_3581 4417 
CLU_3547 CLU_3588 3438 
CLU_3547 CLU_3593 6295 
CLU_3547 CLU_3594 7048 
CLU_3547 CLU_3602 7391 
CLU_3547 CLU_3603 2866 
CLU_3547 CLU_3604 8309 
CLU_3547 CLU_3605 12074 
CLU_3547 CLU_4824 15368 
CLU_3547 CLU_2550 15456 
CLU_3548 3122302159694 4501 
CLU_3548 3122302159538 3353 
CLU_3548 3122302159600 3466 
CLU_3548 3122302159511 3978 
CLU_3548 3122300273600 7140 
CLU_3548 3122302159503 5771 
CLU_3548 3122302159597 6213 
CLU_3548 3122302159406 7673 
CLU_3548 3122302159678 2223 
CLU_3548 3122302159422 2078 
CLU_3548 3122302159414 1795 
CLU_3548 3122304445651 973 
CLU_3548 3122306026028 3363 
CLU_3548 3122304194500 5206 
CLU_3548 3122302159430 16140 
CLU_3548 3122302159392 14762 
CLU_3548 3122302206315 3762 
CLU_3548 3122307269161 6275 
CLU_3548 3122306703518 6620 
CLU_3548 3122302159473 4890 
CLU_3548 3122302159554 1342 
CLU_3548 3122306072046 3145 
CLU_3548 3122302159546 6275 
CLU_3548 3122307676875 6653 
CLU_3548 3122306942822 7010 
CLU_3548 3122302206323 7003 
CLU_3548 3122303747719 5272 
CLU_3548 3122306017940 7008 
CLU_3548 3122306942806 6074 
CLU_3548 3122304384881 7483 
CLU_3548 3122304207866 11347 
CLU_3548 3122302701804 6987 
CLU_3548 3122302159457 7140 
CLU_3548 3122302159856 7789 
CLU_3548 3122302159449 10446 
CLU_3548 3122307488882 4433 
CLU_3548 3122304239571 6147 
CLU_3548 3122306223354 5272 
CLU_3548 3122302159589 1501 
CLU_3548 3122306942849 2498 
CLU_3548 3122302159562 9181 
CLU_3548 3122302159287 13786 
CLU_3548 CLU_2725 19427 
CLU_3548 CLU_3545 4737 
CLU_3548 CLU_3551 7401 
CLU_3548 CLU_3565 7568 
CLU_3548 CLU_3570 9159 
CLU_3548 CLU_3580 5144 
CLU_3548 CLU_3581 5405 
CLU_3548 CLU_3588 4976 
CLU_3548 CLU_3593 7008 
CLU_3548 CLU_3594 5272 
CLU_3548 CLU_3602 9181 
CLU_3548 CLU_3603 4541 
CLU_3548 CLU_3604 9803 
CLU_3548 CLU_3605 13786 
CLU_3548 CLU_4824 14762 
CLU_3548 CLU_2550 13895 
CLU_3549 3122302159694 5385 
CLU_3549 3122302159538 2864 
CLU_3549 3122302159600 3601 
CLU_3549 3122302159511 4536 
CLU_3549 3122300273600 6982 
CLU_3549 3122302159503 5747 
CLU_3549 3122302159597 7363 
CLU_3549 3122302159406 8896 
CLU_3549 3122302159678 3797 
CLU_3549 3122302159422 5430 
CLU_3549 3122302159414 5158 
CLU_3549 3122304445651 3242 
CLU_3549 3122306026028 0 
CLU_3549 3122304194500 3756 
CLU_3549 3122302159430 17887 
CLU_3549 3122302159392 14215 
CLU_3549 3122302206315 5985 
CLU_3549 3122307269161 5159 
CLU_3549 3122306703518 6745 
CLU_3549 3122302159473 7349 
CLU_3549 3122302159554 2368 
CLU_3549 3122306072046 1965 
CLU_3549 3122302159546 5159 
CLU_3549 3122307676875 5761 
CLU_3549 3122306942822 6519 
CLU_3549 3122302206323 8584 
CLU_3549 3122303747719 2057 
CLU_3549 3122306017940 9200 
CLU_3549 3122306942806 8526 
CLU_3549 3122304384881 5756 
CLU_3549 3122304207866 12403 
CLU_3549 3122302701804 5075 
CLU_3549 3122302159457 6982 
CLU_3549 3122302159856 8951 
CLU_3549 3122302159449 12064 
CLU_3549 3122307488882 7344 
CLU_3549 3122304239571 3331 
CLU_3549 3122306223354 2057 
CLU_3549 3122302159589 2525 
CLU_3549 3122306942849 872 
CLU_3549 3122302159562 12539 
CLU_3549 3122302159287 17032 
CLU_3549 CLU_2725 17039 
CLU_3549 CLU_3545 7619 
CLU_3549 CLU_3551 9763 
CLU_3549 CLU_3565 10182 
CLU_3549 CLU_3570 7306 
CLU_3549 CLU_3580 8465 
CLU_3549 CLU_3581 8063 
CLU_3549 CLU_3588 8154 
CLU_3549 CLU_3593 9200 
CLU_3549 CLU_3594 2057 
CLU_3549 CLU_3602 12539 
CLU_3549 CLU_3603 7829 
CLU_3549 CLU_3604 12825 
CLU_3549 CLU_3605 17032 
CLU_3549 CLU_4824 14215 
CLU_3549 CLU_2550 11184 
CLU_3550 3122302159694 3313 
CLU_3550 3122302159538 1880 
CLU_3550 3122302159600 2171 
CLU_3550 3122302159511 2640 
CLU_3550 3122300273600 3490 
CLU_3550 3122302159503 2582 
CLU_3550 3122302159597 4898 
CLU_3550 3122302159406 6242 
CLU_3550 3122302159678 3679 
CLU_3550 3122302159422 6649 
CLU_3550 3122302159414 6591 
CLU_3550 3122304445651 5762 
CLU_3550 3122306026028 3756 
CLU_3550 3122304194500 0 
CLU_3550 3122302159430 21160 
CLU_3550 3122302159392 10460 
CLU_3550 3122302206315 5162 
CLU_3550 3122307269161 1407 
CLU_3550 3122306703518 3482 
CLU_3550 3122302159473 6411 
CLU_3550 3122302159554 3905 
CLU_3550 3122306072046 2204 
CLU_3550 3122302159546 1407 
CLU_3550 3122307676875 2033 
CLU_3550 3122306942822 2891 
CLU_3550 3122302206323 6334 
CLU_3550 3122303747719 3205 
CLU_3550 3122306017940 7560 
CLU_3550 3122306942806 7339 
CLU_3550 3122304384881 2281 
CLU_3550 3122304207866 9327 
CLU_3550 3122302701804 1810 
CLU_3550 3122302159457 3490 
CLU_3550 3122302159856 6232 
CLU_3550 3122302159449 9491 
CLU_3550 3122307488882 7089 
CLU_3550 3122304239571 2429 
CLU_3550 3122306223354 3205 
CLU_3550 3122302159589 3705 
CLU_3550 3122306942849 4005 
CLU_3550 3122302159562 13168 
CLU_3550 3122302159287 18508 
CLU_3550 CLU_2725 14247 
CLU_3550 CLU_3545 7260 
CLU_3550 CLU_3551 8269 
CLU_3550 CLU_3565 12774 
CLU_3550 CLU_3570 3956 
CLU_3550 CLU_3580 9063 
CLU_3550 CLU_3581 7258 
CLU_3550 CLU_3588 8306 
CLU_3550 CLU_3593 7560 
CLU_3550 CLU_3594 3205 
CLU_3550 CLU_3602 13168 
CLU_3550 CLU_3603 8360 
CLU_3550 CLU_3604 12155 
CLU_3550 CLU_3605 18508 
CLU_3550 CLU_4824 10460 
CLU_3550 CLU_2550 8935 
CLU_3551 3122302159694 4963 
CLU_3551 3122302159538 7320 
CLU_3551 3122302159600 6554 
CLU_3551 3122302159511 5733 
CLU_3551 3122300273600 6418 
CLU_3551 3122302159503 6088 
CLU_3551 3122302159597 3712 
CLU_3551 3122302159406 3396 
CLU_3551 3122302159678 5971 
CLU_3551 3122302159422 6152 
CLU_3551 3122302159414 6528 
CLU_3551 3122304445651 8319 
CLU_3551 3122306026028 9763 
CLU_3551 3122304194500 8269 
CLU_3551 3122302159430 20649 
CLU_3551 3122302159392 11734 
CLU_3551 3122302206315 3797 
CLU_3551 3122307269161 7968 
CLU_3551 3122306703518 5798 
CLU_3551 3122302159473 2513 
CLU_3551 3122302159554 7571 
CLU_3551 3122306072046 8093 
CLU_3551 3122302159546 7968 
CLU_3551 3122307676875 7677 
CLU_3551 3122306942822 7034 
CLU_3551 3122302206323 2473 
CLU_3551 3122303747719 10781 
CLU_3551 3122306017940 746 
CLU_3551 3122306942806 1330 
CLU_3551 3122304384881 9442 
CLU_3551 3122304207866 5658 
CLU_3551 3122302701804 9536 
CLU_3551 3122302159457 6418 
CLU_3551 3122302159856 3568 
CLU_3551 3122302159449 3814 
CLU_3551 3122307488882 3299 
CLU_3551 3122304239571 10613 
CLU_3551 3122306223354 10781 
CLU_3551 3122302159589 7327 
CLU_3551 3122306942849 9159 
CLU_3551 3122302159562 7259 
CLU_3551 3122302159287 13351 
CLU_3551 CLU_2725 20153 
CLU_3551 CLU_3545 3018 
CLU_3551 CLU_3551 0 
CLU_3551 CLU_3565 11505 
CLU_3551 CLU_3570 10590 
CLU_3551 CLU_3580 4994 
CLU_3551 CLU_3581 2116 
CLU_3551 CLU_3588 3919 
CLU_3551 CLU_3593 746 
CLU_3551 CLU_3594 10781 
CLU_3551 CLU_3602 7259 
CLU_3551 CLU_3603 4740 
CLU_3551 CLU_3604 4279 
CLU_3551 CLU_3605 13351 
CLU_3551 CLU_4824 11734 
CLU_3551 CLU_2550 16192 
CLU_3552 3122302159694 1637 
CLU_3552 3122302159538 1502 
CLU_3552 3122302159600 910 
CLU_3552 3122302159511 1034 
CLU_3552 3122300273600 4203 
CLU_3552 3122302159503 2843 
CLU_3552 3122302159597 3554 
CLU_3552 3122302159406 5090 
CLU_3552 3122302159678 769 
CLU_3552 3122302159422 3756 
CLU_3552 3122302159414 3791 
CLU_3552 3122304445651 3830 
CLU_3552 3122306026028 3944 
CLU_3552 3122304194500 3081 
CLU_3552 3122302159430 19018 
CLU_3552 3122302159392 11821 
CLU_3552 3122302206315 2269 
CLU_3552 3122307269161 3706 
CLU_3552 3122306703518 3674 
CLU_3552 3122302159473 3636 
CLU_3552 3122302159554 2173 
CLU_3552 3122306072046 2197 
CLU_3552 3122302159546 3706 
CLU_3552 3122307676875 3933 
CLU_3552 3122306942822 4133 
CLU_3552 3122302206323 4665 
CLU_3552 3122303747719 4916 
CLU_3552 3122306017940 5292 
CLU_3552 3122306942806 4738 
CLU_3552 3122304384881 5141 
CLU_3552 3122304207866 8720 
CLU_3552 3122302701804 4838 
CLU_3552 3122302159457 4203 
CLU_3552 3122302159856 5172 
CLU_3552 3122302159449 8166 
CLU_3552 3122307488882 4075 
CLU_3552 3122304239571 5010 
CLU_3552 3122306223354 4916 
CLU_3552 3122302159589 1863 
CLU_3552 3122306942849 3492 
CLU_3552 3122302159562 10091 
CLU_3552 3122302159287 15465 
CLU_3552 CLU_2725 17128 
CLU_3552 CLU_3545 4277 
CLU_3552 CLU_3551 5897 
CLU_3552 CLU_3565 10214 
CLU_3552 CLU_3570 6764 
CLU_3552 CLU_3580 5982 
CLU_3552 CLU_3581 4444 
CLU_3552 CLU_3588 5243 
CLU_3552 CLU_3593 5292 
CLU_3552 CLU_3594 4916 
CLU_3552 CLU_3602 10091 
CLU_3552 CLU_3603 5279 
CLU_3552 CLU_3604 9369 
CLU_3552 CLU_3605 15465 
CLU_3552 CLU_4824 11821 
CLU_3552 CLU_2550 11998 
CLU_3553 3122302159694 1945 
CLU_3553 3122302159538 3883 
CLU_3553 3122302159600 3154 
CLU_3553 3122302159511 2471 
CLU_3553 3122300273600 4537 
CLU_3553 3122302159503 3565 
CLU_3553 3122302159597 2368 
CLU_3553 3122302159406 3588 
CLU_3553 3122302159678 2498 
CLU_3553 3122302159422 3736 
CLU_3553 3122302159414 4002 
CLU_3553 3122304445651 5214 
CLU_3553 3122306026028 6274 
CLU_3553 3122304194500 5112 
CLU_3553 3122302159430 19289 
CLU_3553 3122302159392 11627 
CLU_3553 3122302206315 541 
CLU_3553 3122307269161 5208 
CLU_3553 3122306703518 3843 
CLU_3553 3122302159473 1299 
CLU_3553 3122302159554 4148 
CLU_3553 3122306072046 4615 
CLU_3553 3122302159546 5208 
CLU_3553 3122307676875 5142 
CLU_3553 3122306942822 4862 
CLU_3553 3122302206323 2788 
CLU_3553 3122303747719 7329 
CLU_3553 3122306017940 2932 
CLU_3553 3122306942806 2324 
CLU_3553 3122304384881 6749 
CLU_3553 3122304207866 7210 
CLU_3553 3122302701804 6652 
CLU_3553 3122302159457 4537 
CLU_3553 3122302159856 3732 
CLU_3553 3122302159449 6202 
CLU_3553 3122307488882 2237 
CLU_3553 3122304239571 7309 
CLU_3553 3122306223354 7329 
CLU_3553 3122302159589 3883 
CLU_3553 3122306942849 5700 
CLU_3553 3122302159562 8394 
CLU_3553 3122302159287 14161 
CLU_3553 CLU_2725 18373 
CLU_3553 CLU_3545 2307 
CLU_3553 CLU_3551 3494 
CLU_3553 CLU_3565 10161 
CLU_3553 CLU_3570 8189 
CLU_3553 CLU_3580 4596 
CLU_3553 CLU_3581 2147 
CLU_3553 CLU_3588 3574 
CLU_3553 CLU_3593 2932 
CLU_3553 CLU_3594 7329 
CLU_3553 CLU_3602 8394 
CLU_3553 CLU_3603 3956 
CLU_3553 CLU_3604 7054 
CLU_3553 CLU_3605 14161 
CLU_3553 CLU_4824 11627 
CLU_3553 CLU_2550 13706 
CLU_3554 3122302159694 2191 
CLU_3554 3122302159538 3770 
CLU_3554 3122302159600 3096 
CLU_3554 3122302159511 2550 
CLU_3554 3122300273600 4930 
CLU_3554 3122302159503 3867 
CLU_3554 3122302159597 2891 
CLU_3554 3122302159406 4128 
CLU_3554 3122302159678 2188 
CLU_3554 3122302159422 3196 
CLU_3554 3122302159414 3461 
CLU_3554 3122304445651 4726 
CLU_3554 3122306026028 5985 
CLU_3554 3122304194500 5162 
CLU_3554 3122302159430 18760 
CLU_3554 3122302159392 12125 
CLU_3554 3122302206315 0 
CLU_3554 3122307269161 5399 
CLU_3554 3122306703518 4244 
CLU_3554 3122302159473 1381 
CLU_3554 3122302159554 3777 
CLU_3554 3122306072046 4429 
CLU_3554 3122302159546 5399 
CLU_3554 3122307676875 5395 
CLU_3554 3122306942822 5198 
CLU_3554 3122302206323 3314 
CLU_3554 3122303747719 7167 
CLU_3554 3122306017940 3301 
CLU_3554 3122306942806 2541 
CLU_3554 3122304384881 6935 
CLU_3554 3122304207866 7744 
CLU_3554 3122302701804 6782 
CLU_3554 3122302159457 4930 
CLU_3554 3122302159856 4273 
CLU_3554 3122302159449 6692 
CLU_3554 3122307488882 1972 
CLU_3554 3122304239571 7259 
CLU_3554 3122306223354 7167 
CLU_3554 3122302159589 3530 
CLU_3554 3122306942849 5362 
CLU_3554 3122302159562 8147 
CLU_3554 3122302159287 13826 
CLU_3554 CLU_2725 18677 
CLU_3554 CLU_3545 2107 
CLU_3554 CLU_3551 3797 
CLU_3554 CLU_3565 9644 
CLU_3554 CLU_3570 8428 
CLU_3554 CLU_3580 4235 
CLU_3554 CLU_3581 2175 
CLU_3554 CLU_3588 3278 
CLU_3554 CLU_3593 3301 
CLU_3554 CLU_3594 7167 
CLU_3554 CLU_3602 8147 
CLU_3554 CLU_3603 3570 
CLU_3554 CLU_3604 7101 
CLU_3554 CLU_3605 13826 
CLU_3554 CLU_4824 12125 
CLU_3554 CLU_2550 13893 
CLU_3555 3122302159694 1977 
CLU_3555 3122302159538 2076 
CLU_3555 3122302159600 1586 
CLU_3555 3122302159511 1609 
CLU_3555 3122300273600 4738 
CLU_3555 3122302159503 3408 
CLU_3555 3122302159597 3712 
CLU_3555 3122302159406 5211 
CLU_3555 3122302159678 391 
CLU_3555 3122302159422 3094 
CLU_3555 3122302159414 3155 
CLU_3555 3122304445651 3478 
CLU_3555 3122306026028 4164 
CLU_3555 3122304194500 3755 
CLU_3555 3122302159430 18469 
CLU_3555 3122302159392 12325 
CLU_3555 3122302206315 1833 
CLU_3555 3122307269161 4387 
CLU_3555 3122306703518 4162 
CLU_3555 3122302159473 3213 
CLU_3555 3122302159554 2076 
CLU_3555 3122306072046 2624 
CLU_3555 3122302159546 4387 
CLU_3555 3122307676875 4593 
CLU_3555 3122306942822 4733 
CLU_3555 3122302206323 4654 
CLU_3555 3122303747719 5364 
CLU_3555 3122306017940 5048 
CLU_3555 3122306942806 4371 
CLU_3555 3122304384881 5830 
CLU_3555 3122304207866 8880 
CLU_3555 3122302701804 5522 
CLU_3555 3122302159457 4738 
CLU_3555 3122302159856 5313 
CLU_3555 3122302159449 8157 
CLU_3555 3122307488882 3487 
CLU_3555 3122304239571 5591 
CLU_3555 3122306223354 5364 
CLU_3555 3122302159589 1791 
CLU_3555 3122306942849 3587 
CLU_3555 3122302159562 9431 
CLU_3555 3122302159287 14777 
CLU_3555 CLU_2725 17813 
CLU_3555 CLU_3545 3711 
CLU_3555 CLU_3551 5599 
CLU_3555 CLU_3565 9597 
CLU_3555 CLU_3570 7450 
CLU_3555 CLU_3580 5309 
CLU_3555 CLU_3581 3978 
CLU_3555 CLU_3588 4605 
CLU_3555 CLU_3593 5048 
CLU_3555 CLU_3594 5364 
CLU_3555 CLU_3602 9431 
CLU_3555 CLU_3603 4606 
CLU_3555 CLU_3604 8868 
CLU_3555 CLU_3605 14777 
CLU_3555 CLU_4824 12325 
CLU_3555 CLU_2550 12681 
CLU_3556 3122302159694 4571 
CLU_3556 3122302159538 4428 
CLU_3556 3122302159600 4397 
CLU_3556 3122302159511 4347 
CLU_3556 3122300273600 2641 
CLU_3556 3122302159503 2967 
CLU_3556 3122302159597 5231 
CLU_3556 3122302159406 6061 
CLU_3556 3122302159678 5930 
CLU_3556 3122302159422 8951 
CLU_3556 3122302159414 8963 
CLU_3556 3122304445651 8410 
CLU_3556 3122306026028 6390 
CLU_3556 3122304194500 2705 
CLU_3556 3122302159430 23834 
CLU_3556 3122302159392 7947 
CLU_3556 3122302206315 6756 
CLU_3556 3122307269161 1507 
CLU_3556 3122306703518 3164 
CLU_3556 3122302159473 7721 
CLU_3556 3122302159554 6527 
CLU_3556 3122306072046 4901 
CLU_3556 3122302159546 1507 
CLU_3556 3122307676875 1362 
CLU_3556 3122306942822 1932 
CLU_3556 3122302206323 6588 
CLU_3556 3122303747719 5349 
CLU_3556 3122306017940 8195 
CLU_3556 3122306942806 8352 
CLU_3556 3122304384881 919 
CLU_3556 3122304207866 8245 
CLU_3556 3122302701804 1593 
CLU_3556 3122302159457 2641 
CLU_3556 3122302159856 5974 
CLU_3556 3122302159449 9025 
CLU_3556 3122307488882 8717 
CLU_3556 3122304239571 3990 
CLU_3556 3122306223354 5349 
CLU_3556 3122302159589 6294 
CLU_3556 3122306942849 6704 
CLU_3556 3122302159562 14893 
CLU_3556 3122302159287 20540 
CLU_3556 CLU_2725 11964 
CLU_3556 CLU_3545 8811 
CLU_3556 CLU_3551 8942 
CLU_3556 CLU_3565 15308 
CLU_3556 CLU_3570 1689 
CLU_3556 CLU_3580 10955 
CLU_3556 CLU_3581 8541 
CLU_3556 CLU_3588 10034 
CLU_3556 CLU_3593 8195 
CLU_3556 CLU_3594 5349 
CLU_3556 CLU_3602 14893 
CLU_3556 CLU_3603 10267 
CLU_3556 CLU_3604 13148 
CLU_3556 CLU_3605 20540 
CLU_3556 CLU_4824 7947 
CLU_3556 CLU_2550 7278 
CLU_3557 3122302159694 3208 
CLU_3557 3122302159538 3391 
CLU_3557 3122302159600 3201 
CLU_3557 3122302159511 3026 
CLU_3557 3122300273600 1706 
CLU_3557 3122302159503 1624 
CLU_3557 3122302159597 3988 
CLU_3557 3122302159406 4993 
CLU_3557 3122302159678 4687 
CLU_3557 3122302159422 7685 
CLU_3557 3122302159414 7723 
CLU_3557 3122304445651 7368 
CLU_3557 3122306026028 5761 
CLU_3557 3122304194500 2033 
CLU_3557 3122302159430 22783 
CLU_3557 3122302159392 8468 
CLU_3557 3122302206315 5395 
CLU_3557 3122307269161 655 
CLU_3557 3122306703518 2020 
CLU_3557 3122302159473 6364 
CLU_3557 3122302159554 5480 
CLU_3557 3122306072046 4029 
CLU_3557 3122302159546 655 
CLU_3557 3122307676875 0 
CLU_3557 3122306942822 975 
CLU_3557 3122302206323 5395 
CLU_3557 3122303747719 5153 
CLU_3557 3122306017940 6932 
CLU_3557 3122306942806 7026 
CLU_3557 3122304384881 1775 
CLU_3557 3122304207866 7618 
CLU_3557 3122302701804 2043 
CLU_3557 3122302159457 1706 
CLU_3557 3122302159856 4932 
CLU_3557 3122302159449 8113 
CLU_3557 3122307488882 7354 
CLU_3557 3122304239571 4066 
CLU_3557 3122306223354 5153 
CLU_3557 3122302159589 5220 
CLU_3557 3122306942849 5917 
CLU_3557 3122302159562 13530 
CLU_3557 3122302159287 19192 
CLU_3557 CLU_2725 13305 
CLU_3557 CLU_3545 7448 
CLU_3557 CLU_3551 7677 
CLU_3557 CLU_3565 14122 
CLU_3557 CLU_3570 3047 
CLU_3557 CLU_3580 9603 
CLU_3557 CLU_3581 7189 
CLU_3557 CLU_3588 8673 
CLU_3557 CLU_3593 6932 
CLU_3557 CLU_3594 5153 
CLU_3557 CLU_3602 13530 
CLU_3557 CLU_3603 8917 
CLU_3557 CLU_3604 11844 
CLU_3557 CLU_3605 19192 
CLU_3557 CLU_4824 8468 
CLU_3557 CLU_2550 8609 
CLU_3558 3122302159694 1509 
CLU_3558 3122302159538 3253 
CLU_3558 3122302159600 2629 
CLU_3558 3122302159511 1882 
CLU_3558 3122300273600 1363 
CLU_3558 3122302159503 515 
CLU_3558 3122302159597 1947 
CLU_3558 3122302159406 3171 
CLU_3558 3122302159678 3647 
CLU_3558 3122302159422 6369 
CLU_3558 3122302159414 6497 
CLU_3558 3122304445651 6730 
CLU_3558 3122306026028 6096 
CLU_3558 3122304194500 3075 
CLU_3558 3122302159430 21867 
CLU_3558 3122302159392 8926 
CLU_3558 3122302206315 3609 
CLU_3558 3122307269161 2392 
CLU_3558 3122306703518 765 
CLU_3558 3122302159473 4390 
CLU_3558 3122302159554 4974 
CLU_3558 3122306072046 4135 
CLU_3558 3122302159546 2392 
CLU_3558 3122307676875 2074 
CLU_3558 3122306942822 1610 
CLU_3558 3122302206323 3385 
CLU_3558 3122303747719 6178 
CLU_3558 3122306017940 4862 
CLU_3558 3122306942806 4969 
CLU_3558 3122304384881 3835 
CLU_3558 3122304207866 6364 
CLU_3558 3122302701804 3974 
CLU_3558 3122302159457 1363 
CLU_3558 3122302159856 3157 
CLU_3558 3122302159449 6416 
CLU_3558 3122307488882 5492 
CLU_3558 3122304239571 5494 
CLU_3558 3122306223354 6178 
CLU_3558 3122302159589 4668 
CLU_3558 3122306942849 5948 
CLU_3558 3122302159562 11624 
CLU_3558 3122302159287 17415 
CLU_3558 CLU_2725 15126 
CLU_3558 CLU_3545 5545 
CLU_3558 CLU_3551 5606 
CLU_3558 CLU_3565 12936 
CLU_3558 CLU_3570 5066 
CLU_3558 CLU_3580 7837 
CLU_3558 CLU_3581 5189 
CLU_3558 CLU_3588 6829 
CLU_3558 CLU_3593 4862 
CLU_3558 CLU_3594 6178 
CLU_3558 CLU_3602 11624 
CLU_3558 CLU_3603 7178 
CLU_3558 CLU_3604 9773 
CLU_3558 CLU_3605 17415 
CLU_3558 CLU_4824 8926 
CLU_3558 CLU_2550 10661 
CLU_3559 3122302159694 1095 
CLU_3559 3122302159538 3677 
CLU_3559 3122302159600 2895 
CLU_3559 3122302159511 1958 
CLU_3559 3122300273600 2806 
CLU_3559 3122302159503 2066 
CLU_3559 3122302159597 919 
CLU_3559 3122302159406 2455 
CLU_3559 3122302159678 3165 
CLU_3559 3122302159422 5321 
CLU_3559 3122302159414 5528 
CLU_3559 3122304445651 6279 
CLU_3559 3122306026028 6473 
CLU_3559 3122304194500 4246 
CLU_3559 3122302159430 20923 
CLU_3559 3122302159392 9903 
CLU_3559 3122302206315 2233 
CLU_3559 3122307269161 3915 
CLU_3559 3122306703518 2108 
CLU_3559 3122302159473 2780 
CLU_3559 3122302159554 4791 
CLU_3559 3122306072046 4562 
CLU_3559 3122302159546 3915 
CLU_3559 3122307676875 3689 
CLU_3559 3122306942822 3224 
CLU_3559 3122302206323 2164 
CLU_3559 3122303747719 7033 
CLU_3559 3122306017940 3339 
CLU_3559 3122306942806 3337 
CLU_3559 3122304384881 5419 
CLU_3559 3122304207866 6093 
CLU_3559 3122302701804 5473 
CLU_3559 3122302159457 2806 
CLU_3559 3122302159856 2537 
CLU_3559 3122302159449 5594 
CLU_3559 3122307488882 3960 
CLU_3559 3122304239571 6645 
CLU_3559 3122306223354 7033 
CLU_3559 3122302159589 4484 
CLU_3559 3122306942849 6107 
CLU_3559 3122302159562 10027 
CLU_3559 3122302159287 15881 
CLU_3559 CLU_2725 16723 
CLU_3559 CLU_3545 3978 
CLU_3559 CLU_3551 4069 
CLU_3559 CLU_3565 11848 
CLU_3559 CLU_3570 6703 
CLU_3559 CLU_3580 6351 
CLU_3559 CLU_3581 3560 
CLU_3559 CLU_3588 5294 
CLU_3559 CLU_3593 3339 
CLU_3559 CLU_3594 7033 
CLU_3559 CLU_3602 10027 
CLU_3559 CLU_3603 5723 
CLU_3559 CLU_3604 8162 
CLU_3559 CLU_3605 15881 
CLU_3559 CLU_4824 9903 
CLU_3559 CLU_2550 12293 
CLU_3560 3122302159694 3517 
CLU_3560 3122302159538 6059 
CLU_3560 3122302159600 5297 
CLU_3560 3122302159511 4360 
CLU_3560 3122300273600 3420 
CLU_3560 3122302159503 3678 
CLU_3560 3122302159597 1541 
CLU_3560 3122302159406 0 
CLU_3560 3122302159678 5586 
CLU_3560 3122302159422 7313 
CLU_3560 3122302159414 7589 
CLU_3560 3122304445651 8642 
CLU_3560 3122306026028 8896 
CLU_3560 3122304194500 6242 
CLU_3560 3122302159430 22781 
CLU_3560 3122302159392 8542 
CLU_3560 3122302206315 4128 
CLU_3560 3122307269161 5466 
CLU_3560 3122306703518 2973 
CLU_3560 3122302159473 3831 
CLU_3560 3122302159554 7236 
CLU_3560 3122306072046 6958 
CLU_3560 3122302159546 5466 
CLU_3560 3122307676875 4993 
CLU_3560 3122306942822 4144 
CLU_3560 3122302206323 1061 
CLU_3560 3122303747719 9277 
CLU_3560 3122306017940 2743 
CLU_3560 3122306942806 3548 
CLU_3560 3122304384881 6738 
CLU_3560 3122304207866 3674 
CLU_3560 3122302701804 7022 
CLU_3560 3122302159457 3420 
CLU_3560 3122302159856 183 
CLU_3560 3122302159449 3256 
CLU_3560 3122307488882 5169 
CLU_3560 3122304239571 8666 
CLU_3560 3122306223354 9277 
CLU_3560 3122302159589 6931 
CLU_3560 3122306942849 8559 
CLU_3560 3122302159562 10501 
CLU_3560 3122302159287 16566 
CLU_3560 CLU_2725 16794 
CLU_3560 CLU_3545 5041 
CLU_3560 CLU_3551 3396 
CLU_3560 CLU_3565 13605 
CLU_3560 CLU_3570 7596 
CLU_3560 CLU_3580 7492 
CLU_3560 CLU_3581 4245 
CLU_3560 CLU_3588 6343 
CLU_3560 CLU_3593 2743 
CLU_3560 CLU_3594 9277 
CLU_3560 CLU_3602 10501 
CLU_3560 CLU_3603 6997 
CLU_3560 CLU_3604 7629 
CLU_3560 CLU_3605 16566 
CLU_3560 CLU_4824 8542 
CLU_3560 CLU_2550 13122 
CLU_3561 3122302159694 4145 
CLU_3561 3122302159538 5555 
CLU_3561 3122302159600 4963 
CLU_3561 3122302159511 4510 
CLU_3561 3122300273600 6759 
CLU_3561 3122302159503 5797 
CLU_3561 3122302159597 4355 
CLU_3561 3122302159406 5169 
CLU_3561 3122302159678 3740 
CLU_3561 3122302159422 2885 
CLU_3561 3122302159414 3273 
CLU_3561 3122304445651 5260 
CLU_3561 3122306026028 7344 
CLU_3561 3122304194500 7089 
CLU_3561 3122302159430 17692 
CLU_3561 3122302159392 13598 
CLU_3561 3122302206315 1972 
CLU_3561 3122307269161 7371 
CLU_3561 3122306703518 6061 
CLU_3561 3122302159473 1342 
CLU_3561 3122302159554 4985 
CLU_3561 3122306072046 6081 
CLU_3561 3122302159546 7371 
CLU_3561 3122307676875 7354 
CLU_3561 3122306942822 7100 
CLU_3561 3122302206323 4147 
CLU_3561 3122303747719 8802 
CLU_3561 3122306017940 3192 
CLU_3561 3122306942806 2048 
CLU_3561 3122304384881 8907 
CLU_3561 3122304207866 8447 
CLU_3561 3122302701804 8744 
CLU_3561 3122302159457 6759 
CLU_3561 3122302159856 5344 
CLU_3561 3122302159449 6937 
CLU_3561 3122307488882 0 
CLU_3561 3122304239571 9074 
CLU_3561 3122306223354 8802 
CLU_3561 3122302159589 4821 
CLU_3561 3122306942849 6595 
CLU_3561 3122302159562 6178 
CLU_3561 3122302159287 11928 
CLU_3561 CLU_2725 20609 
CLU_3561 CLU_3545 308 
CLU_3561 CLU_3551 3299 
CLU_3561 CLU_3565 8501 
CLU_3561 CLU_3570 10393 
CLU_3561 CLU_3580 2408 
CLU_3561 CLU_3581 1190 
CLU_3561 CLU_3588 1337 
CLU_3561 CLU_3593 3192 
CLU_3561 CLU_3594 8802 
CLU_3561 CLU_3602 6178 
CLU_3561 CLU_3603 1839 
CLU_3561 CLU_3604 5481 
CLU_3561 CLU_3605 11928 
CLU_3561 CLU_4824 13598 
CLU_3561 CLU_2550 15864 
CLU_3562 3122302159694 3597 
CLU_3562 3122302159538 3030 
CLU_3562 3122302159600 2900 
CLU_3562 3122302159511 3202 
CLU_3562 3122300273600 6359 
CLU_3562 3122302159503 5014 
CLU_3562 3122302159597 5201 
CLU_3562 3122302159406 6634 
CLU_3562 3122302159678 1414 
CLU_3562 3122302159422 1768 
CLU_3562 3122302159414 1687 
CLU_3562 3122304445651 2043 
CLU_3562 3122306026028 3925 
CLU_3562 3122304194500 4904 
CLU_3562 3122302159430 16847 
CLU_3562 3122302159392 13953 
CLU_3562 3122302206315 2686 
CLU_3562 3122307269161 5790 
CLU_3562 3122306703518 5790 
CLU_3562 3122302159473 3839 
CLU_3562 3122302159554 1570 
CLU_3562 3122306072046 3125 
CLU_3562 3122302159546 5790 
CLU_3562 3122307676875 6083 
CLU_3562 3122306942822 6316 
CLU_3562 3122302206323 5938 
CLU_3562 3122303747719 5623 
CLU_3562 3122306017940 5941 
CLU_3562 3122306942806 5031 
CLU_3562 3122304384881 7128 
CLU_3562 3122304207866 10304 
CLU_3562 3122302701804 6715 
CLU_3562 3122302159457 6359 
CLU_3562 3122302159856 6755 
CLU_3562 3122302159449 9371 
CLU_3562 3122307488882 3502 
CLU_3562 3122304239571 6255 
CLU_3562 3122306223354 5623 
CLU_3562 3122302159589 1508 
CLU_3562 3122306942849 3126 
CLU_3562 3122302159562 8736 
CLU_3562 3122302159287 13695 
CLU_3562 CLU_2725 19137 
CLU_3562 CLU_3545 3796 
CLU_3562 CLU_3551 6352 
CLU_3562 CLU_3565 8040 
CLU_3562 CLU_3570 8791 
CLU_3562 CLU_3580 4600 
CLU_3562 CLU_3581 4397 
CLU_3562 CLU_3588 4229 
CLU_3562 CLU_3593 5941 
CLU_3562 CLU_3594 5623 
CLU_3562 CLU_3602 8736 
CLU_3562 CLU_3603 3936 
CLU_3562 CLU_3604 8954 
CLU_3562 CLU_3605 13695 
CLU_3562 CLU_4824 13953 
CLU_3562 CLU_2550 13787 
CLU_3563 3122302159694 5644 
CLU_3563 3122302159538 3316 
CLU_3563 3122302159600 3951 
CLU_3563 3122302159511 4841 
CLU_3563 3122300273600 7568 
CLU_3563 3122302159503 6267 
CLU_3563 3122302159597 7611 
CLU_3563 3122302159406 9151 
CLU_3563 3122302159678 3736 
CLU_3563 3122302159422 4790 
CLU_3563 3122302159414 4477 
CLU_3563 3122304445651 2384 
CLU_3563 3122306026028 1007 
CLU_3563 3122304194500 4547 
CLU_3563 3122302159430 16897 
CLU_3563 3122302159392 14958 
CLU_3563 3122302206315 5866 
CLU_3563 3122307269161 5923 
CLU_3563 3122306703518 7255 
CLU_3563 3122302159473 7181 
CLU_3563 3122302159554 2090 
CLU_3563 3122306072046 2494 
CLU_3563 3122302159546 5923 
CLU_3563 3122307676875 6491 
CLU_3563 3122306942822 7174 
CLU_3563 3122302206323 8728 
CLU_3563 3122303747719 3039 
CLU_3563 3122306017940 9153 
CLU_3563 3122306942806 8378 
CLU_3563 3122304384881 6653 
CLU_3563 3122304207866 12743 
CLU_3563 3122302701804 5994 
CLU_3563 3122302159457 7568 
CLU_3563 3122302159856 9224 
CLU_3563 3122302159449 12234 
CLU_3563 3122307488882 6995 
CLU_3563 3122304239571 4338 
CLU_3563 3122306223354 3039 
CLU_3563 3122302159589 2343 
CLU_3563 3122306942849 609 
CLU_3563 3122302159562 11861 
CLU_3563 3122302159287 16165 
CLU_3563 CLU_2725 18043 
CLU_3563 CLU_3545 7287 
CLU_3563 CLU_3551 9661 
CLU_3563 CLU_3565 9194 
CLU_3563 CLU_3570 8239 
CLU_3563 CLU_3580 7862 
CLU_3563 CLU_3581 7830 
CLU_3563 CLU_3588 7670 
CLU_3563 CLU_3593 9153 
CLU_3563 CLU_3594 3039 
CLU_3563 CLU_3602 11861 
CLU_3563 CLU_3603 7261 
CLU_3563 CLU_3604 12448 
CLU_3563 CLU_3605 16165 
CLU_3563 CLU_4824 14958 
CLU_3563 CLU_2550 12191 
CLU_3564 3122302159694 1644 
CLU_3564 3122302159538 1408 
CLU_3564 3122302159600 968 
CLU_3564 3122302159511 981 
CLU_3564 3122300273600 2868 
CLU_3564 3122302159503 1541 
CLU_3564 3122302159597 3394 
CLU_3564 3122302159406 4851 
CLU_3564 3122302159678 2442 
CLU_3564 3122302159422 5457 
CLU_3564 3122302159414 5479 
CLU_3564 3122304445651 5202 
CLU_3564 3122306026028 4226 
CLU_3564 3122304194500 1681 
CLU_3564 3122302159430 20574 
CLU_3564 3122302159392 10428 
CLU_3564 3122302206315 3531 
CLU_3564 3122307269161 2007 
CLU_3564 3122306703518 2533 
CLU_3564 3122302159473 4741 
CLU_3564 3122302159554 3341 
CLU_3564 3122306072046 2270 
CLU_3564 3122302159546 2007 
CLU_3564 3122307676875 2250 
CLU_3564 3122306942822 2601 
CLU_3564 3122302206323 4788 
CLU_3564 3122303747719 4433 
CLU_3564 3122306017940 5908 
CLU_3564 3122306942806 5658 
CLU_3564 3122304384881 3478 
CLU_3564 3122304207866 8215 
CLU_3564 3122302701804 3257 
CLU_3564 3122302159457 2868 
CLU_3564 3122302159856 4873 
CLU_3564 3122302159449 8100 
CLU_3564 3122307488882 5487 
CLU_3564 3122304239571 4016 
CLU_3564 3122306223354 4433 
CLU_3564 3122302159589 3058 
CLU_3564 3122306942849 4117 
CLU_3564 3122302159562 11627 
CLU_3564 3122302159287 17120 
CLU_3564 CLU_2725 15434 
CLU_3564 CLU_3545 5638 
CLU_3564 CLU_3551 6607 
CLU_3564 CLU_3565 11872 
CLU_3564 CLU_3570 5074 
CLU_3564 CLU_3580 7578 
CLU_3564 CLU_3581 5589 
CLU_3564 CLU_3588 6747 
CLU_3564 CLU_3593 5908 
CLU_3564 CLU_3594 4433 
CLU_3564 CLU_3602 11627 
CLU_3564 CLU_3603 6879 
CLU_3564 CLU_3604 10475 
CLU_3564 CLU_3605 17120 
CLU_3564 CLU_4824 10428 
CLU_3564 CLU_2550 10401 
CLU_3565 3122302159694 11433 
CLU_3565 3122302159538 10916 
CLU_3565 3122302159600 10927 
CLU_3565 3122302159511 11206 
CLU_3565 3122300273600 14296 
CLU_3565 3122302159503 12999 
CLU_3565 3122302159597 12529 
CLU_3565 3122302159406 13605 
CLU_3565 3122302159678 9447 
CLU_3565 3122302159422 6570 
CLU_3565 3122302159414 6447 
CLU_3565 3122304445651 7116 
CLU_3565 3122306026028 10182 
CLU_3565 3122304194500 12774 
CLU_3565 3122302159430 9191 
CLU_3565 3122302159392 21749 
CLU_3565 3122302206315 9644 
CLU_3565 3122307269161 13803 
CLU_3565 3122306703518 13672 
CLU_3565 3122302159473 9801 
CLU_3565 3122302159554 8882 
CLU_3565 3122306072046 10669 
CLU_3565 3122302159546 13803 
CLU_3565 3122307676875 14122 
CLU_3565 3122306942822 14331 
CLU_3565 3122302206323 12621 
CLU_3565 3122303747719 12234 
CLU_3565 3122306017940 11608 
CLU_3565 3122306942806 10463 
CLU_3565 3122304384881 15051 
CLU_3565 3122304207866 16942 
CLU_3565 3122302701804 14549 
CLU_3565 3122302159457 14296 
CLU_3565 3122302159856 13772 
CLU_3565 3122302159449 15309 
CLU_3565 3122307488882 8501 
CLU_3565 3122304239571 13438 
CLU_3565 3122306223354 12234 
CLU_3565 3122302159589 9069 
CLU_3565 3122306942849 9407 
CLU_3565 3122302159562 7216 
CLU_3565 3122302159287 8106 
CLU_3565 CLU_2725 26972 
CLU_3565 CLU_3545 8693 
CLU_3565 CLU_3551 11505 
CLU_3565 CLU_3565 0 
CLU_3565 CLU_3570 16727 
CLU_3565 CLU_3580 6528 
CLU_3565 CLU_3581 9607 
CLU_3565 CLU_3588 7588 
CLU_3565 CLU_3593 11608 
CLU_3565 CLU_3594 12234 
CLU_3565 CLU_3602 7216 
CLU_3565 CLU_3603 6786 
CLU_3565 CLU_3604 10891 
CLU_3565 CLU_3605 8106 
CLU_3565 CLU_4824 21749 
CLU_3565 CLU_2550 21308 
CLU_3566 3122302159694 5047 
CLU_3566 3122302159538 2709 
CLU_3566 3122302159600 3343 
CLU_3566 3122302159511 4237 
CLU_3566 3122300273600 6965 
CLU_3566 3122302159503 5659 
CLU_3566 3122302159597 7018 
CLU_3566 3122302159406 8559 
CLU_3566 3122302159678 3202 
CLU_3566 3122302159422 4571 
CLU_3566 3122302159414 4292 
CLU_3566 3122304445651 2389 
CLU_3566 3122306026028 872 
CLU_3566 3122304194500 4005 
CLU_3566 3122302159430 17310 
CLU_3566 3122302159392 14380 
CLU_3566 3122302206315 5362 
CLU_3566 3122307269161 5363 
CLU_3566 3122306703518 6647 
CLU_3566 3122302159473 6700 
CLU_3566 3122302159554 1619 
CLU_3566 3122306072046 1901 
CLU_3566 3122302159546 5363 
CLU_3566 3122307676875 5917 
CLU_3566 3122306942822 6582 
CLU_3566 3122302206323 8155 
CLU_3566 3122303747719 2888 
CLU_3566 3122306017940 8632 
CLU_3566 3122306942806 7891 
CLU_3566 3122304384881 6160 
CLU_3566 3122304207866 12141 
CLU_3566 3122302701804 5521 
CLU_3566 3122302159457 6965 
CLU_3566 3122302159856 8629 
CLU_3566 3122302159449 11658 
CLU_3566 3122307488882 6595 
CLU_3566 3122304239571 4037 
CLU_3566 3122306223354 2888 
CLU_3566 3122302159589 1834 
CLU_3566 3122306942849 0 
CLU_3566 3122302159562 11678 
CLU_3566 3122302159287 16167 
CLU_3566 CLU_2725 17695 
CLU_3566 CLU_3545 6879 
CLU_3566 CLU_3551 9159 
CLU_3566 CLU_3565 9407 
CLU_3566 CLU_3570 7772 
CLU_3566 CLU_3580 7619 
CLU_3566 CLU_3581 7377 
CLU_3566 CLU_3588 7348 
CLU_3566 CLU_3593 8632 
CLU_3566 CLU_3594 2888 
CLU_3566 CLU_3602 11678 
CLU_3566 CLU_3603 6993 
CLU_3566 CLU_3604 12069 
CLU_3566 CLU_3605 16167 
CLU_3566 CLU_4824 14380 
CLU_3566 CLU_2550 11912 
CLU_3567 3122302159694 4652 
CLU_3567 3122302159538 4172 
CLU_3567 3122302159600 4243 
CLU_3567 3122302159511 4321 
CLU_3567 3122300273600 3055 
CLU_3567 3122302159503 3147 
CLU_3567 3122302159597 5518 
CLU_3567 3122302159406 6454 
CLU_3567 3122302159678 5795 
CLU_3567 3122302159422 8819 
CLU_3567 3122302159414 8805 
CLU_3567 3122304445651 8114 
CLU_3567 3122306026028 5937 
CLU_3567 3122304194500 2354 
CLU_3567 3122302159430 23515 
CLU_3567 3122302159392 8494 
CLU_3567 3122302206315 6806 
CLU_3567 3122307269161 1412 
CLU_3567 3122306703518 3503 
CLU_3567 3122302159473 7847 
CLU_3567 3122302159554 6246 
CLU_3567 3122306072046 4556 
CLU_3567 3122302159546 1412 
CLU_3567 3122307676875 1534 
CLU_3567 3122306942822 2311 
CLU_3567 3122302206323 6913 
CLU_3567 3122303747719 4800 
CLU_3567 3122306017940 8466 
CLU_3567 3122306942806 8549 
CLU_3567 3122304384881 334 
CLU_3567 3122304207866 8779 
CLU_3567 3122302701804 1010 
CLU_3567 3122302159457 3055 
CLU_3567 3122302159856 6378 
CLU_3567 3122302159449 9486 
CLU_3567 3122307488882 8777 
CLU_3567 3122304239571 3413 
CLU_3567 3122306223354 4800 
CLU_3567 3122302159589 6032 
CLU_3567 3122306942849 6303 
CLU_3567 3122302159562 14953 
CLU_3567 3122302159287 20520 
CLU_3567 CLU_2725 12038 
CLU_3567 CLU_3545 8890 
CLU_3567 CLU_3551 9211 
CLU_3567 CLU_3565 15088 
CLU_3567 CLU_3570 1673 
CLU_3567 CLU_3580 10958 
CLU_3567 CLU_3581 8681 
CLU_3567 CLU_3588 10077 
CLU_3567 CLU_3593 8466 
CLU_3567 CLU_3594 4800 
CLU_3567 CLU_3602 14953 
CLU_3567 CLU_3603 10263 
CLU_3567 CLU_3604 13374 
CLU_3567 CLU_3605 20520 
CLU_3567 CLU_4824 8494 
CLU_3567 CLU_2550 7111 
CLU_3568 3122302159694 4867 
CLU_3568 3122302159538 3590 
CLU_3568 3122302159600 3764 
CLU_3568 3122302159511 4320 
CLU_3568 3122300273600 7473 
CLU_3568 3122302159503 6101 
CLU_3568 3122302159597 6597 
CLU_3568 3122302159406 8060 
CLU_3568 3122302159678 2586 
CLU_3568 3122302159422 2260 
CLU_3568 3122302159414 1932 
CLU_3568 3122304445651 584 
CLU_3568 3122306026028 3280 
CLU_3568 3122304194500 5413 
CLU_3568 3122302159430 15852 
CLU_3568 3122302159392 15095 
CLU_3568 3122302206315 4147 
CLU_3568 3122307269161 6530 
CLU_3568 3122306703518 6965 
CLU_3568 3122302159473 5259 
CLU_3568 3122302159554 1509 
CLU_3568 3122306072046 3295 
CLU_3568 3122302159546 6530 
CLU_3568 3122307676875 6931 
CLU_3568 3122306942822 7321 
CLU_3568 3122302206323 7392 
CLU_3568 3122303747719 5252 
CLU_3568 3122306017940 7383 
CLU_3568 3122306942806 6438 
CLU_3568 3122304384881 7695 
CLU_3568 3122304207866 11734 
CLU_3568 3122302701804 7175 
CLU_3568 3122302159457 7473 
CLU_3568 3122302159856 8175 
CLU_3568 3122302159449 10833 
CLU_3568 3122307488882 4757 
CLU_3568 3122304239571 6211 
CLU_3568 3122306223354 5252 
CLU_3568 3122302159589 1724 
CLU_3568 3122306942849 2408 
CLU_3568 3122302159562 9315 
CLU_3568 3122302159287 13782 
CLU_3568 CLU_2725 19598 
CLU_3568 CLU_3545 5063 
CLU_3568 CLU_3551 7766 
CLU_3568 CLU_3565 7376 
CLU_3568 CLU_3570 9370 
CLU_3568 CLU_3580 5333 
CLU_3568 CLU_3581 5755 
CLU_3568 CLU_3588 5235 
CLU_3568 CLU_3593 7383 
CLU_3568 CLU_3594 5252 
CLU_3568 CLU_3602 9315 
CLU_3568 CLU_3603 4755 
CLU_3568 CLU_3604 10084 
CLU_3568 CLU_3605 13782 
CLU_3568 CLU_4824 15095 
CLU_3568 CLU_2550 14010 
CLU_3569 3122302159694 5162 
CLU_3569 3122302159538 2592 
CLU_3569 3122302159600 3381 
CLU_3569 3122302159511 4301 
CLU_3569 3122300273600 6279 
CLU_3569 3122302159503 5166 
CLU_3569 3122302159597 7089 
CLU_3569 3122302159406 8583 
CLU_3569 3122302159678 4065 
CLU_3569 3122302159422 6231 
CLU_3569 3122302159414 6008 
CLU_3569 3122304445651 4308 
CLU_3569 3122306026028 1217 
CLU_3569 3122304194500 2855 
CLU_3569 3122302159430 19102 
CLU_3569 3122302159392 13259 
CLU_3569 3122302206315 6199 
CLU_3569 3122307269161 4251 
CLU_3569 3122306703518 6148 
CLU_3569 3122302159473 7580 
CLU_3569 3122302159554 3027 
CLU_3569 3122306072046 1780 
CLU_3569 3122302159546 4251 
CLU_3569 3122307676875 4888 
CLU_3569 3122306942822 5732 
CLU_3569 3122302206323 8414 
CLU_3569 3122303747719 1049 
CLU_3569 3122306017940 9251 
CLU_3569 3122306942806 8710 
CLU_3569 3122304384881 4649 
CLU_3569 3122304207866 11945 
CLU_3569 3122302701804 3946 
CLU_3569 3122302159457 6279 
CLU_3569 3122302159856 8614 
CLU_3569 3122302159449 11817 
CLU_3569 3122307488882 7784 
CLU_3569 3122304239571 2118 
CLU_3569 3122306223354 1049 
CLU_3569 3122302159589 3069 
CLU_3569 3122306942849 1941 
CLU_3569 3122302159562 13305 
CLU_3569 3122302159287 18020 
CLU_3569 CLU_2725 15822 
CLU_3569 CLU_3545 8035 
CLU_3569 CLU_3551 9872 
CLU_3569 CLU_3565 11347 
CLU_3569 CLU_3570 6148 
CLU_3569 CLU_3580 9174 
CLU_3569 CLU_3581 8356 
CLU_3569 CLU_3588 8733 
CLU_3569 CLU_3593 9251 
CLU_3569 CLU_3594 1049 
CLU_3569 CLU_3602 13305 
CLU_3569 CLU_3603 8507 
CLU_3569 CLU_3604 13231 
CLU_3569 CLU_3605 18020 
CLU_3569 CLU_4824 13259 
CLU_3569 CLU_2550 9985 
CLU_3570 3122302159694 6250 
CLU_3570 3122302159538 5814 
CLU_3570 3122302159600 5916 
CLU_3570 3122302159511 5976 
CLU_3570 3122300273600 4206 
CLU_3570 3122302159503 4657 
CLU_3570 3122302159597 6879 
CLU_3570 3122302159406 7596 
CLU_3570 3122302159678 7468 
CLU_3570 3122302159422 10492 
CLU_3570 3122302159414 10474 
CLU_3570 3122304445651 9707 
CLU_3570 3122306026028 7306 
CLU_3570 3122304194500 3956 
CLU_3570 3122302159430 25060 
CLU_3570 3122302159392 7785 
CLU_3570 3122302206315 8428 
CLU_3570 3122307269161 3072 
CLU_3570 3122306703518 4792 
CLU_3570 3122302159473 9410 
CLU_3570 3122302159554 7860 
CLU_3570 3122306072046 6123 
CLU_3570 3122302159546 3072 
CLU_3570 3122307676875 3047 
CLU_3570 3122306942822 3556 
CLU_3570 3122302206323 8200 
CLU_3570 3122303747719 5862 
CLU_3570 3122306017940 9844 
CLU_3570 3122306942806 10034 
CLU_3570 3122304384881 1676 
CLU_3570 3122304207866 9380 
CLU_3570 3122302701804 2251 
CLU_3570 3122302159457 4206 
CLU_3570 3122302159856 7492 
CLU_3570 3122302159449 10404 
CLU_3570 3122307488882 10393 
CLU_3570 3122304239571 4339 
CLU_3570 3122306223354 5862 
CLU_3570 3122302159589 7660 
CLU_3570 3122306942849 7772 
CLU_3570 3122302159562 16572 
CLU_3570 3122302159287 22180 
CLU_3570 CLU_2725 10364 
CLU_3570 CLU_3545 10493 
CLU_3570 CLU_3551 10590 
CLU_3570 CLU_3565 16727 
CLU_3570 CLU_3570 0 
CLU_3570 CLU_3580 12608 
CLU_3570 CLU_3581 10231 
CLU_3570 CLU_3588 11705 
CLU_3570 CLU_3593 9844 
CLU_3570 CLU_3594 5862 
CLU_3570 CLU_3602 16572 
CLU_3570 CLU_3603 11916 
CLU_3570 CLU_3604 14817 
CLU_3570 CLU_3605 22180 
CLU_3570 CLU_4824 7785 
CLU_3570 CLU_2550 5605 
CLU_3571 3122302159694 2687 
CLU_3571 3122302159538 1180 
CLU_3571 3122302159600 1248 
CLU_3571 3122302159511 1951 
CLU_3571 3122300273600 5008 
CLU_3571 3122302159503 3637 
CLU_3571 3122302159597 4631 
CLU_3571 3122302159406 6170 
CLU_3571 3122302159678 938 
CLU_3571 3122302159422 3614 
CLU_3571 3122302159414 3534 
CLU_3571 3122304445651 2992 
CLU_3571 3122306026028 2915 
CLU_3571 3122304194500 3059 
CLU_3571 3122302159430 18373 
CLU_3571 3122302159392 12616 
CLU_3571 3122302206315 3101 
CLU_3571 3122307269161 4041 
CLU_3571 3122306703518 4556 
CLU_3571 3122302159473 4480 
CLU_3571 3122302159554 1168 
CLU_3571 3122306072046 1418 
CLU_3571 3122302159546 4041 
CLU_3571 3122307676875 4413 
CLU_3571 3122306942822 4809 
CLU_3571 3122302206323 5741 
CLU_3571 3122303747719 4134 
CLU_3571 3122306017940 6284 
CLU_3571 3122306942806 5637 
CLU_3571 3122304384881 5306 
CLU_3571 3122304207866 9788 
CLU_3571 3122302701804 4868 
CLU_3571 3122302159457 5008 
CLU_3571 3122302159856 6248 
CLU_3571 3122302159449 9245 
CLU_3571 3122307488882 4669 
CLU_3571 3122304239571 4514 
CLU_3571 3122306223354 4134 
CLU_3571 3122302159589 865 
CLU_3571 3122306942849 2413 
CLU_3571 3122302159562 10416 
CLU_3571 3122302159287 15529 
CLU_3571 CLU_2725 17304 
CLU_3571 CLU_3545 4914 
CLU_3571 CLU_3551 6854 
CLU_3571 CLU_3565 9769 
CLU_3571 CLU_3570 6978 
CLU_3571 CLU_3580 6262 
CLU_3571 CLU_3581 5236 
CLU_3571 CLU_3588 5689 
CLU_3571 CLU_3593 6284 
CLU_3571 CLU_3594 4134 
CLU_3571 CLU_3602 10416 
CLU_3571 CLU_3603 5569 
CLU_3571 CLU_3604 10104 
CLU_3571 CLU_3605 15529 
CLU_3571 CLU_4824 12616 
CLU_3571 CLU_2550 11936 
CLU_3572 3122302159694 4806 
CLU_3572 3122302159538 4139 
CLU_3572 3122302159600 4272 
CLU_3572 3122302159511 4421 
CLU_3572 3122300273600 3355 
CLU_3572 3122302159503 3359 
CLU_3572 3122302159597 5762 
CLU_3572 3122302159406 6738 
CLU_3572 3122302159678 5825 
CLU_3572 3122302159422 8842 
CLU_3572 3122302159414 8813 
CLU_3572 3122304445651 8038 
CLU_3572 3122306026028 5756 
CLU_3572 3122304194500 2281 
CLU_3572 3122302159430 23413 
CLU_3572 3122302159392 8768 
CLU_3572 3122302206315 6935 
CLU_3572 3122307269161 1541 
CLU_3572 3122306703518 3776 
CLU_3572 3122302159473 8012 
CLU_3572 3122302159554 6186 
CLU_3572 3122306072046 4460 
CLU_3572 3122302159546 1541 
CLU_3572 3122307676875 1775 
CLU_3572 3122306942822 2606 
CLU_3572 3122302206323 7169 
CLU_3572 3122303747719 4539 
CLU_3572 3122306017940 8697 
CLU_3572 3122306942806 8746 
CLU_3572 3122304384881 0 
CLU_3572 3122304207866 9108 
CLU_3572 3122302701804 728 
CLU_3572 3122302159457 3355 
CLU_3572 3122302159856 6666 
CLU_3572 3122302159449 9793 
CLU_3572 3122307488882 8907 
CLU_3572 3122304239571 3122 
CLU_3572 3122306223354 4539 
CLU_3572 3122302159589 5984 
CLU_3572 3122306942849 6160 
CLU_3572 3122302159562 15076 
CLU_3572 3122302159287 20596 
CLU_3572 CLU_2725 12011 
CLU_3572 CLU_3545 9030 
CLU_3572 CLU_3551 9442 
CLU_3572 CLU_3565 15051 
CLU_3572 CLU_3570 1676 
CLU_3572 CLU_3580 11054 
CLU_3572 CLU_3581 8851 
CLU_3572 CLU_3588 10195 
CLU_3572 CLU_3593 8697 
CLU_3572 CLU_3594 4539 
CLU_3572 CLU_3602 15076 
CLU_3572 CLU_3603 10356 
CLU_3572 CLU_3604 13581 
CLU_3572 CLU_3605 20596 
CLU_3572 CLU_4824 8768 
CLU_3572 CLU_2550 6960 
CLU_3573 3122302159694 2873 
CLU_3573 3122302159538 4265 
CLU_3573 3122302159600 3775 
CLU_3573 3122302159511 3168 
CLU_3573 3122300273600 0 
CLU_3573 3122302159503 1373 
CLU_3573 3122302159597 2736 
CLU_3573 3122302159406 3420 
CLU_3573 3122302159678 4960 
CLU_3573 3122302159422 7731 
CLU_3573 3122302159414 7854 
CLU_3573 3122304445651 7983 
CLU_3573 3122306026028 6982 
CLU_3573 3122304194500 3490 
CLU_3573 3122302159430 23206 
CLU_3573 3122302159392 7622 
CLU_3573 3122302206315 4930 
CLU_3573 3122307269161 2306 
CLU_3573 3122306703518 698 
CLU_3573 3122302159473 5581 
CLU_3573 3122302159554 6169 
CLU_3573 3122306072046 5080 
CLU_3573 3122302159546 2306 
CLU_3573 3122307676875 1706 
CLU_3573 3122306942822 753 
CLU_3573 3122302206323 3998 
CLU_3573 3122303747719 6694 
CLU_3573 3122306017940 5676 
CLU_3573 3122306942806 5995 
CLU_3573 3122304384881 3355 
CLU_3573 3122304207866 5922 
CLU_3573 3122302701804 3733 
CLU_3573 3122302159457 0 
CLU_3573 3122302159856 3333 
CLU_3573 3122302159449 6441 
CLU_3573 3122307488882 6759 
CLU_3573 3122304239571 5728 
CLU_3573 3122306223354 6694 
CLU_3573 3122302159589 5872 
CLU_3573 3122306942849 6965 
CLU_3573 3122302159562 12826 
CLU_3573 3122302159287 18685 
CLU_3573 CLU_2725 13939 
CLU_3573 CLU_3545 6784 
CLU_3573 CLU_3551 6418 
CLU_3573 CLU_3565 14296 
CLU_3573 CLU_3570 4206 
CLU_3573 CLU_3580 9134 
CLU_3573 CLU_3581 6335 
CLU_3573 CLU_3588 8096 
CLU_3573 CLU_3593 5676 
CLU_3573 CLU_3594 6694 
CLU_3573 CLU_3602 12826 
CLU_3573 CLU_3603 8488 
CLU_3573 CLU_3604 10678 
CLU_3573 CLU_3605 18685 
CLU_3573 CLU_4824 7622 
CLU_3573 CLU_2550 9787 
CLU_3574 3122302159694 3761 
CLU_3574 3122302159538 3294 
CLU_3574 3122302159600 3146 
CLU_3574 3122302159511 3409 
CLU_3574 3122300273600 6553 
CLU_3574 3122302159503 5218 
CLU_3574 3122302159597 5302 
CLU_3574 3122302159406 6710 
CLU_3574 3122302159678 1636 
CLU_3574 3122302159422 1501 
CLU_3574 3122302159414 1429 
CLU_3574 3122304445651 2045 
CLU_3574 3122306026028 4140 
CLU_3574 3122304194500 5166 
CLU_3574 3122302159430 16654 
CLU_3574 3122302159392 14133 
CLU_3574 3122302206315 2695 
CLU_3574 3122307269161 6037 
CLU_3574 3122306703518 5972 
CLU_3574 3122302159473 3780 
CLU_3574 3122302159554 1802 
CLU_3574 3122306072046 3389 
CLU_3574 3122302159546 6037 
CLU_3574 3122307676875 6318 
CLU_3574 3122306942822 6530 
CLU_3574 3122302206323 5982 
CLU_3574 3122303747719 5869 
CLU_3574 3122306017940 5905 
CLU_3574 3122306942806 4962 
CLU_3574 3122304384881 7384 
CLU_3574 3122304207866 10373 
CLU_3574 3122302701804 6976 
CLU_3574 3122302159457 6553 
CLU_3574 3122302159856 6836 
CLU_3574 3122302159449 9387 
CLU_3574 3122307488882 3356 
CLU_3574 3122304239571 6518 
CLU_3574 3122306223354 5869 
CLU_3574 3122302159589 1760 
CLU_3574 3122306942849 3325 
CLU_3574 3122302159562 8487 
CLU_3574 3122302159287 13429 
CLU_3574 CLU_2725 19395 
CLU_3574 CLU_3545 3655 
CLU_3574 CLU_3551 6290 
CLU_3574 CLU_3565 7811 
CLU_3574 CLU_3570 9045 
CLU_3574 CLU_3580 4357 
CLU_3574 CLU_3581 4297 
CLU_3574 CLU_3588 4022 
CLU_3574 CLU_3593 5905 
CLU_3574 CLU_3594 5869 
CLU_3574 CLU_3602 8487 
CLU_3574 CLU_3603 3701 
CLU_3574 CLU_3604 8782 
CLU_3574 CLU_3605 13429 
CLU_3574 CLU_4824 14133 
CLU_3574 CLU_2550 14053 
CLU_3575 3122302159694 5424 
CLU_3575 3122302159538 3992 
CLU_3575 3122302159600 4241 
CLU_3575 3122302159511 4848 
CLU_3575 3122300273600 7983 
CLU_3575 3122302159503 6610 
CLU_3575 3122302159597 7175 
CLU_3575 3122302159406 8642 
CLU_3575 3122302159678 3144 
CLU_3575 3122302159422 2619 
CLU_3575 3122302159414 2251 
CLU_3575 3122304445651 0 
CLU_3575 3122306026028 3242 
CLU_3575 3122304194500 5762 
CLU_3575 3122302159430 15428 
CLU_3575 3122302159392 15602 
CLU_3575 3122302206315 4726 
CLU_3575 3122307269161 6938 
CLU_3575 3122306703518 7493 
CLU_3575 3122302159473 5817 
CLU_3575 3122302159554 1889 
CLU_3575 3122306072046 3589 
CLU_3575 3122302159546 6938 
CLU_3575 3122307676875 7368 
CLU_3575 3122306942822 7802 
CLU_3575 3122302206323 7976 
CLU_3575 3122303747719 5277 
CLU_3575 3122306017940 7950 
CLU_3575 3122306942806 6989 
CLU_3575 3122304384881 8038 
CLU_3575 3122304207866 12317 
CLU_3575 3122302701804 7487 
CLU_3575 3122302159457 7983 
CLU_3575 3122302159856 8756 
CLU_3575 3122302159449 11415 
CLU_3575 3122307488882 5260 
CLU_3575 3122304239571 6352 
CLU_3575 3122306223354 5277 
CLU_3575 3122302159589 2150 
CLU_3575 3122306942849 2389 
CLU_3575 3122302159562 9541 
CLU_3575 3122302159287 13796 
CLU_3575 CLU_2725 19868 
CLU_3575 CLU_3545 5568 
CLU_3575 CLU_3551 8319 
CLU_3575 CLU_3565 7116 
CLU_3575 CLU_3570 9707 
CLU_3575 CLU_3580 5655 
CLU_3575 CLU_3581 6288 
CLU_3575 CLU_3588 5652 
CLU_3575 CLU_3593 7950 
CLU_3575 CLU_3594 5277 
CLU_3575 CLU_3602 9541 
CLU_3575 CLU_3603 5116 
CLU_3575 CLU_3604 10519 
CLU_3575 CLU_3605 13796 
CLU_3575 CLU_4824 15602 
CLU_3575 CLU_2550 14202 
CLU_3576 3122302159694 5273 
CLU_3576 3122302159538 7804 
CLU_3576 3122302159600 7047 
CLU_3576 3122302159511 6112 
CLU_3576 3122300273600 4736 
CLU_3576 3122302159503 5288 
CLU_3576 3122302159597 3296 
CLU_3576 3122302159406 1755 
CLU_3576 3122302159678 7317 
CLU_3576 3122302159422 8832 
CLU_3576 3122302159414 9137 
CLU_3576 3122304445651 10333 
CLU_3576 3122306026028 10648 
CLU_3576 3122304194500 7871 
CLU_3576 3122302159430 24105 
CLU_3576 3122302159392 8009 
CLU_3576 3122302206315 5711 
CLU_3576 3122307269161 6959 
CLU_3576 3122306703518 4453 
CLU_3576 3122302159473 5137 
CLU_3576 3122302159554 8978 
CLU_3576 3122306072046 8704 
CLU_3576 3122302159546 6959 
CLU_3576 3122307676875 6418 
CLU_3576 3122306942822 5489 
CLU_3576 3122302206323 2399 
CLU_3576 3122303747719 10968 
CLU_3576 3122306017940 3422 
CLU_3576 3122306942806 4504 
CLU_3576 3122304384881 8084 
CLU_3576 3122304207866 2052 
CLU_3576 3122302701804 8460 
CLU_3576 3122302159457 4736 
CLU_3576 3122302159856 1698 
CLU_3576 3122302159449 1713 
CLU_3576 3122307488882 6412 
CLU_3576 3122304239571 10272 
CLU_3576 3122306223354 10968 
CLU_3576 3122302159589 8675 
CLU_3576 3122306942849 10314 
CLU_3576 3122302159562 11061 
CLU_3576 3122302159287 17151 
CLU_3576 CLU_2725 17172 
CLU_3576 CLU_3545 6225 
CLU_3576 CLU_3551 3818 
CLU_3576 CLU_3565 14913 
CLU_3576 CLU_3570 8699 
CLU_3576 CLU_3580 8569 
CLU_3576 CLU_3581 5330 
CLU_3576 CLU_3588 7427 
CLU_3576 CLU_3593 3422 
CLU_3576 CLU_3594 10968 
CLU_3576 CLU_3602 11061 
CLU_3576 CLU_3603 8167 
CLU_3576 CLU_3604 7606 
CLU_3576 CLU_3605 17151 
CLU_3576 CLU_4824 8009 
CLU_3576 CLU_2550 14046 
CLU_3577 3122302159694 3548 
CLU_3577 3122302159538 5933 
CLU_3577 3122302159600 5218 
CLU_3577 3122302159511 4316 
CLU_3577 3122300273600 2671 
CLU_3577 3122302159503 3244 
CLU_3577 3122302159597 1772 
CLU_3577 3122302159406 985 
CLU_3577 3122302159678 5776 
CLU_3577 3122302159422 7833 
CLU_3577 3122302159414 8076 
CLU_3577 3122304445651 8904 
CLU_3577 3122306026028 8797 
CLU_3577 3122304194500 5820 
CLU_3577 3122302159430 23396 
CLU_3577 3122302159392 7687 
CLU_3577 3122302206315 4643 
CLU_3577 3122307269161 4876 
CLU_3577 3122306703518 2373 
CLU_3577 3122302159473 4584 
CLU_3577 3122302159554 7356 
CLU_3577 3122306072046 6834 
CLU_3577 3122302159546 4876 
CLU_3577 3122307676875 4339 
CLU_3577 3122306942822 3422 
CLU_3577 3122302206323 1980 
CLU_3577 3122303747719 8960 
CLU_3577 3122306017940 3714 
CLU_3577 3122306942806 4452 
CLU_3577 3122304384881 6026 
CLU_3577 3122304207866 3606 
CLU_3577 3122302701804 6382 
CLU_3577 3122302159457 2671 
CLU_3577 3122302159856 823 
CLU_3577 3122302159449 3774 
CLU_3577 3122307488882 5925 
CLU_3577 3122304239571 8206 
CLU_3577 3122306223354 8960 
CLU_3577 3122302159589 7046 
CLU_3577 3122306942849 8552 
CLU_3577 3122302159562 11438 
CLU_3577 3122302159287 17487 
CLU_3577 CLU_2725 15812 
CLU_3577 CLU_3545 5828 
CLU_3577 CLU_3551 4379 
CLU_3577 CLU_3565 14252 
CLU_3577 CLU_3570 6753 
CLU_3577 CLU_3580 8296 
CLU_3577 CLU_3581 5090 
CLU_3577 CLU_3588 7155 
CLU_3577 CLU_3593 3714 
CLU_3577 CLU_3594 8960 
CLU_3577 CLU_3602 11438 
CLU_3577 CLU_3603 7764 
CLU_3577 CLU_3604 8613 
CLU_3577 CLU_3605 17487 
CLU_3577 CLU_4824 7687 
CLU_3577 CLU_2550 12227 
CLU_3578 3122302159694 7104 
CLU_3578 3122302159538 9539 
CLU_3578 3122302159600 8818 
CLU_3578 3122302159511 7904 
CLU_3578 3122300273600 5922 
CLU_3578 3122302159503 6795 
CLU_3578 3122302159597 5176 
CLU_3578 3122302159406 3674 
CLU_3578 3122302159678 9250 
CLU_3578 3122302159422 10882 
CLU_3578 3122302159414 11182 
CLU_3578 3122304445651 12317 
CLU_3578 3122306026028 12403 
CLU_3578 3122304194500 9327 
CLU_3578 3122302159430 26132 
CLU_3578 3122302159392 6801 
CLU_3578 3122302206315 7744 
CLU_3578 3122307269161 8228 
CLU_3578 3122306703518 5846 
CLU_3578 3122302159473 7185 
CLU_3578 3122302159554 10884 
CLU_3578 3122306072046 10440 
CLU_3578 3122302159546 8228 
CLU_3578 3122307676875 7618 
CLU_3578 3122306942822 6644 
CLU_3578 3122302206323 4444 
CLU_3578 3122303747719 12509 
CLU_3578 3122306017940 5377 
CLU_3578 3122306942806 6498 
CLU_3578 3122304384881 9108 
CLU_3578 3122304207866 0 
CLU_3578 3122302701804 9599 
CLU_3578 3122302159457 5922 
CLU_3578 3122302159856 3566 
CLU_3578 3122302159449 2196 
CLU_3578 3122307488882 8447 
CLU_3578 3122304239571 11644 
CLU_3578 3122306223354 12509 
CLU_3578 3122302159589 10576 
CLU_3578 3122306942849 12141 
CLU_3578 3122302159562 12768 
CLU_3578 3122302159287 18825 
CLU_3578 CLU_2725 16753 
CLU_3578 CLU_3545 8249 
CLU_3578 CLU_3551 5658 
CLU_3578 CLU_3565 16942 
CLU_3578 CLU_3570 9380 
CLU_3578 CLU_3580 10549 
CLU_3578 CLU_3581 7341 
CLU_3578 CLU_3588 9417 
CLU_3578 CLU_3593 5377 
CLU_3578 CLU_3594 12509 
CLU_3578 CLU_3602 12768 
CLU_3578 CLU_3603 10178 
CLU_3578 CLU_3604 8976 
CLU_3578 CLU_3605 18825 
CLU_3578 CLU_4824 6801 
CLU_3578 CLU_2550 14349 
CLU_3579 3122302159694 3358 
CLU_3579 3122302159538 5795 
CLU_3579 3122302159600 5015 
CLU_3579 3122302159511 4156 
CLU_3579 3122300273600 4883 
CLU_3579 3122302159503 4466 
CLU_3579 3122302159597 2148 
CLU_3579 3122302159406 2309 
CLU_3579 3122302159678 4630 
CLU_3579 3122302159422 5487 
CLU_3579 3122302159414 5820 
CLU_3579 3122304445651 7305 
CLU_3579 3122306026028 8366 
CLU_3579 3122304194500 6651 
CLU_3579 3122302159430 20669 
CLU_3579 3122302159392 10851 
CLU_3579 3122302206315 2585 
CLU_3579 3122307269161 6341 
CLU_3579 3122306703518 4236 
CLU_3579 3122302159473 1710 
CLU_3579 3122302159554 6295 
CLU_3579 3122306072046 6607 
CLU_3579 3122302159546 6341 
CLU_3579 3122307676875 6065 
CLU_3579 3122306942822 5461 
CLU_3579 3122302206323 1247 
CLU_3579 3122303747719 9248 
CLU_3579 3122306017940 908 
CLU_3579 3122306942806 1249 
CLU_3579 3122304384881 7823 
CLU_3579 3122304207866 5480 
CLU_3579 3122302701804 7907 
CLU_3579 3122302159457 4883 
CLU_3579 3122302159856 2492 
CLU_3579 3122302159449 4152 
CLU_3579 3122307488882 2977 
CLU_3579 3122304239571 9014 
CLU_3579 3122306223354 9248 
CLU_3579 3122302159589 6025 
CLU_3579 3122306942849 7829 
CLU_3579 3122302159562 8243 
CLU_3579 3122302159287 14284 
CLU_3579 CLU_2725 18746 
CLU_3579 CLU_3545 2803 
CLU_3579 CLU_3551 1630 
CLU_3579 CLU_3565 11477 
CLU_3579 CLU_3570 9012 
CLU_3579 CLU_3580 5214 
CLU_3579 CLU_3581 1951 
CLU_3579 CLU_3588 4062 
CLU_3579 CLU_3593 908 
CLU_3579 CLU_3594 9248 
CLU_3579 CLU_3602 8243 
CLU_3579 CLU_3603 4760 
CLU_3579 CLU_3604 5806 
CLU_3579 CLU_3605 14284 
CLU_3579 CLU_4824 10851 
CLU_3579 CLU_2550 14618 
CLU_3580 3122302159694 6420 
CLU_3580 3122302159538 7335 
CLU_3580 3122302159600 6891 
CLU_3580 3122302159511 6637 
CLU_3580 3122300273600 9134 
CLU_3580 3122302159503 8101 
CLU_3580 3122302159597 6762 
CLU_3580 3122302159406 7492 
CLU_3580 3122302159678 5435 
CLU_3580 3122302159422 3074 
CLU_3580 3122302159414 3411 
CLU_3580 3122304445651 5655 
CLU_3580 3122306026028 8465 
CLU_3580 3122304194500 9063 
CLU_3580 3122302159430 15655 
CLU_3580 3122302159392 15982 
CLU_3580 3122302206315 4235 
CLU_3580 3122307269161 9545 
CLU_3580 3122306703518 8439 
CLU_3580 3122302159473 3723 
CLU_3580 3122302159554 6159 
CLU_3580 3122306072046 7653 
CLU_3580 3122302159546 9545 
CLU_3580 3122307676875 9603 
CLU_3580 3122306942822 9433 
CLU_3580 3122302206323 6443 
CLU_3580 3122303747719 10223 
CLU_3580 3122306017940 5172 
CLU_3580 3122306942806 4065 
CLU_3580 3122304384881 11054 
CLU_3580 3122304207866 10549 
CLU_3580 3122302701804 10809 
CLU_3580 3122302159457 9134 
CLU_3580 3122302159856 7672 
CLU_3580 3122302159449 8808 
CLU_3580 3122307488882 2408 
CLU_3580 3122304239571 10775 
CLU_3580 3122306223354 10223 
CLU_3580 3122302159589 6106 
CLU_3580 3122306942849 7619 
CLU_3580 3122302159562 4154 
CLU_3580 3122302159287 9593 
CLU_3580 CLU_2725 22903 
CLU_3580 CLU_3545 2468 
CLU_3580 CLU_3551 4994 
CLU_3580 CLU_3565 6528 
CLU_3580 CLU_3570 12608 
CLU_3580 CLU_3580 0 
CLU_3580 CLU_3581 3264 
CLU_3580 CLU_3588 1151 
CLU_3580 CLU_3593 5172 
CLU_3580 CLU_3594 10223 
CLU_3580 CLU_3602 4154 
CLU_3580 CLU_3603 702 
CLU_3580 CLU_3604 5179 
CLU_3580 CLU_3605 9593 
CLU_3580 CLU_4824 15982 
CLU_3580 CLU_2550 17970 
CLU_3581 3122302159694 4054 
CLU_3581 3122302159538 5944 
CLU_3581 3122302159600 5256 
CLU_3581 3122302159511 4618 
CLU_3581 3122300273600 6335 
CLU_3581 3122302159503 5574 
CLU_3581 3122302159597 3713 
CLU_3581 3122302159406 4245 
CLU_3581 3122302159678 4303 
CLU_3581 3122302159422 4038 
CLU_3581 3122302159414 4417 
CLU_3581 3122304445651 6288 
CLU_3581 3122306026028 8063 
CLU_3581 3122304194500 7258 
CLU_3581 3122302159430 18793 
CLU_3581 3122302159392 12771 
CLU_3581 3122302206315 2175 
CLU_3581 3122307269161 7312 
CLU_3581 3122306703518 5643 
CLU_3581 3122302159473 848 
CLU_3581 3122302159554 5759 
CLU_3581 3122306072046 6595 
CLU_3581 3122302159546 7312 
CLU_3581 3122307676875 7189 
CLU_3581 3122306942822 6784 
CLU_3581 3122302206323 3188 
CLU_3581 3122303747719 9336 
CLU_3581 3122306017940 2018 
CLU_3581 3122306942806 867 
CLU_3581 3122304384881 8851 
CLU_3581 3122304207866 7341 
CLU_3581 3122302701804 8786 
CLU_3581 3122302159457 6335 
CLU_3581 3122302159856 4426 
CLU_3581 3122302159449 5761 
CLU_3581 3122307488882 1190 
CLU_3581 3122304239571 9423 
CLU_3581 3122306223354 9336 
CLU_3581 3122302159589 5552 
CLU_3581 3122306942849 7377 
CLU_3581 3122302159562 6503 
CLU_3581 3122302159287 12461 
CLU_3581 CLU_2725 20273 
CLU_3581 CLU_3545 933 
CLU_3581 CLU_3551 2116 
CLU_3581 CLU_3565 9607 
CLU_3581 CLU_3570 10231 
CLU_3581 CLU_3580 3264 
CLU_3581 CLU_3581 0 
CLU_3581 CLU_3588 2112 
CLU_3581 CLU_3593 2018 
CLU_3581 CLU_3594 9336 
CLU_3581 CLU_3602 6503 
CLU_3581 CLU_3603 2838 
CLU_3581 CLU_3604 4930 
CLU_3581 CLU_3605 12461 
CLU_3581 CLU_4824 12771 
CLU_3581 CLU_2550 15791 
CLU_3582 3122302159694 4598 
CLU_3582 3122302159538 2485 
CLU_3582 3122302159600 2999 
CLU_3582 3122302159511 3833 
CLU_3582 3122300273600 6732 
CLU_3582 3122302159503 5389 
CLU_3582 3122302159597 6543 
CLU_3582 3122302159406 8080 
CLU_3582 3122302159678 2603 
CLU_3582 3122302159422 3893 
CLU_3582 3122302159414 3628 
CLU_3582 3122304445651 1894 
CLU_3582 3122306026028 1537 
CLU_3582 3122304194500 4042 
CLU_3582 3122302159430 17133 
CLU_3582 3122302159392 14251 
CLU_3582 3122302206315 4725 
CLU_3582 3122307269161 5329 
CLU_3582 3122306703518 6355 
CLU_3582 3122302159473 6044 
CLU_3582 3122302159554 950 
CLU_3582 3122306072046 1840 
CLU_3582 3122302159546 5329 
CLU_3582 3122307676875 5836 
CLU_3582 3122306942822 6416 
CLU_3582 3122302206323 7619 
CLU_3582 3122303747719 3457 
CLU_3582 3122306017940 8013 
CLU_3582 3122306942806 7240 
CLU_3582 3122304384881 6280 
CLU_3582 3122304207866 11702 
CLU_3582 3122302701804 5686 
CLU_3582 3122302159457 6732 
CLU_3582 3122302159856 8161 
CLU_3582 3122302159449 11126 
CLU_3582 3122307488882 5902 
CLU_3582 3122304239571 4459 
CLU_3582 3122306223354 3457 
CLU_3582 3122302159589 1204 
CLU_3582 3122306942849 700 
CLU_3582 3122302159562 11003 
CLU_3582 3122302159287 15578 
CLU_3582 CLU_2725 18004 
CLU_3582 CLU_3545 6188 
CLU_3582 CLU_3551 8521 
CLU_3582 CLU_3565 9003 
CLU_3582 CLU_3570 7929 
CLU_3582 CLU_3580 6929 
CLU_3582 CLU_3581 6704 
CLU_3582 CLU_3588 6647 
CLU_3582 CLU_3593 8013 
CLU_3582 CLU_3594 3457 
CLU_3582 CLU_3602 11003 
CLU_3582 CLU_3603 6298 
CLU_3582 CLU_3604 11373 
CLU_3582 CLU_3605 15578 
CLU_3582 CLU_4824 14251 
CLU_3582 CLU_2550 12309 
CLU_3583 3122302159694 4736 
CLU_3583 3122302159538 3688 
CLU_3583 3122302159600 3938 
CLU_3583 3122302159511 4234 
CLU_3583 3122300273600 3733 
CLU_3583 3122302159503 3468 
CLU_3583 3122302159597 5921 
CLU_3583 3122302159406 7022 
CLU_3583 3122302159678 5473 
CLU_3583 3122302159422 8458 
CLU_3583 3122302159414 8401 
CLU_3583 3122304445651 7487 
CLU_3583 3122306026028 5075 
CLU_3583 3122304194500 1810 
CLU_3583 3122302159430 22811 
CLU_3583 3122302159392 9495 
CLU_3583 3122302206315 6782 
CLU_3583 3122307269161 1582 
CLU_3583 3122306703518 4051 
CLU_3583 3122302159473 7939 
CLU_3583 3122302159554 5667 
CLU_3583 3122306072046 3898 
CLU_3583 3122302159546 1582 
CLU_3583 3122307676875 2043 
CLU_3583 3122306942822 2983 
CLU_3583 3122302206323 7357 
CLU_3583 3122303747719 3811 
CLU_3583 3122306017940 8800 
CLU_3583 3122306942806 8753 
CLU_3583 3122304384881 728 
CLU_3583 3122304207866 9599 
CLU_3583 3122302701804 0 
CLU_3583 3122302159457 3733 
CLU_3583 3122302159856 6967 
CLU_3583 3122302159449 10156 
CLU_3583 3122307488882 8744 
CLU_3583 3122304239571 2403 
CLU_3583 3122306223354 3811 
CLU_3583 3122302159589 5487 
CLU_3583 3122306942849 5521 
CLU_3583 3122302159562 14881 
CLU_3583 3122302159287 20297 
CLU_3583 CLU_2725 12445 
CLU_3583 CLU_3545 8890 
CLU_3583 CLU_3551 9536 
CLU_3583 CLU_3565 14549 
CLU_3583 CLU_3570 2251 
CLU_3583 CLU_3580 10809 
CLU_3583 CLU_3581 8786 
CLU_3583 CLU_3588 10003 
CLU_3583 CLU_3593 8800 
CLU_3583 CLU_3594 3811 
CLU_3583 CLU_3602 14881 
CLU_3583 CLU_3603 10107 
CLU_3583 CLU_3604 13598 
CLU_3583 CLU_3605 20297 
CLU_3583 CLU_4824 9495 
CLU_3583 CLU_2550 7162 
CLU_3584 3122302159694 3133 
CLU_3584 3122302159538 4842 
CLU_3584 3122302159600 4288 
CLU_3584 3122302159511 3582 
CLU_3584 3122300273600 715 
CLU_3584 3122302159503 1893 
CLU_3584 3122302159597 2501 
CLU_3584 3122302159406 2885 
CLU_3584 3122302159678 5342 
CLU_3584 3122302159422 7977 
CLU_3584 3122302159414 8131 
CLU_3584 3122304445651 8430 
CLU_3584 3122306026028 7613 
CLU_3584 3122304194500 4189 
CLU_3584 3122302159430 23530 
CLU_3584 3122302159392 7246 
CLU_3584 3122302206315 5022 
CLU_3584 3122307269161 3021 
CLU_3584 3122306703518 937 
CLU_3584 3122302159473 5501 
CLU_3584 3122302159554 6661 
CLU_3584 3122306072046 5686 
CLU_3584 3122302159546 3021 
CLU_3584 3122307676875 2414 
CLU_3584 3122306942822 1446 
CLU_3584 3122302206323 3594 
CLU_3584 3122303747719 7395 
CLU_3584 3122306017940 5330 
CLU_3584 3122306942806 5774 
CLU_3584 3122304384881 4012 
CLU_3584 3122304207866 5207 
CLU_3584 3122302701804 4427 
CLU_3584 3122302159457 715 
CLU_3584 3122302159856 2775 
CLU_3584 3122302159449 5787 
CLU_3584 3122307488882 6746 
CLU_3584 3122304239571 6444 
CLU_3584 3122306223354 7395 
CLU_3584 3122302159589 6357 
CLU_3584 3122306942849 7551 
CLU_3584 3122302159562 12706 
CLU_3584 3122302159287 18636 
CLU_3584 CLU_2725 14146 
CLU_3584 CLU_3545 6739 
CLU_3584 CLU_3551 6059 
CLU_3584 CLU_3565 14545 
CLU_3584 CLU_3570 4717 
CLU_3584 CLU_3580 9148 
CLU_3584 CLU_3581 6203 
CLU_3584 CLU_3588 8072 
CLU_3584 CLU_3593 5330 
CLU_3584 CLU_3594 7395 
CLU_3584 CLU_3602 12706 
CLU_3584 CLU_3603 8527 
CLU_3584 CLU_3604 10338 
CLU_3584 CLU_3605 18636 
CLU_3584 CLU_4824 7246 
CLU_3584 CLU_2550 10240 
CLU_3585 3122302159694 3252 
CLU_3585 3122302159538 5831 
CLU_3585 3122302159600 5044 
CLU_3585 3122302159511 4114 
CLU_3585 3122300273600 3998 
CLU_3585 3122302159503 3897 
CLU_3585 3122302159597 1446 
CLU_3585 3122302159406 1061 
CLU_3585 3122302159678 5043 
CLU_3585 3122302159422 6438 
CLU_3585 3122302159414 6738 
CLU_3585 3122304445651 7976 
CLU_3585 3122306026028 8584 
CLU_3585 3122304194500 6334 
CLU_3585 3122302159430 21807 
CLU_3585 3122302159392 9603 
CLU_3585 3122302206315 3314 
CLU_3585 3122307269161 5775 
CLU_3585 3122306703518 3424 
CLU_3585 3122302159473 2821 
CLU_3585 3122302159554 6726 
CLU_3585 3122306072046 6705 
CLU_3585 3122302159546 5775 
CLU_3585 3122307676875 5395 
CLU_3585 3122306942822 4659 
CLU_3585 3122302206323 0 
CLU_3585 3122303747719 9197 
CLU_3585 3122306017940 1764 
CLU_3585 3122306942806 2489 
CLU_3585 3122304384881 7169 
CLU_3585 3122304207866 4444 
CLU_3585 3122302701804 7357 
CLU_3585 3122302159457 3998 
CLU_3585 3122302159856 1244 
CLU_3585 3122302159449 3507 
CLU_3585 3122307488882 4147 
CLU_3585 3122304239571 8757 
CLU_3585 3122306223354 9197 
CLU_3585 3122302159589 6432 
CLU_3585 3122306942849 8155 
CLU_3585 3122302159562 9459 
CLU_3585 3122302159287 15515 
CLU_3585 CLU_2725 17683 
CLU_3585 CLU_3545 4003 
CLU_3585 CLU_3551 2473 
CLU_3585 CLU_3565 12621 
CLU_3585 CLU_3570 8200 
CLU_3585 CLU_3580 6443 
CLU_3585 CLU_3581 3188 
CLU_3585 CLU_3588 5292 
CLU_3585 CLU_3593 1764 
CLU_3585 CLU_3594 9197 
CLU_3585 CLU_3602 9459 
CLU_3585 CLU_3603 5963 
CLU_3585 CLU_3604 6751 
CLU_3585 CLU_3605 15515 
CLU_3585 CLU_4824 9603 
CLU_3585 CLU_2550 13785 
CLU_3586 3122302159694 2285 
CLU_3586 3122302159538 4864 
CLU_3586 3122302159600 4078 
CLU_3586 3122302159511 3147 
CLU_3586 3122300273600 3401 
CLU_3586 3122302159503 3060 
CLU_3586 3122302159597 665 
CLU_3586 3122302159406 1514 
CLU_3586 3122302159678 4142 
CLU_3586 3122302159422 5814 
CLU_3586 3122302159414 6082 
CLU_3586 3122304445651 7150 
CLU_3586 3122306026028 7626 
CLU_3586 3122304194500 5413 
CLU_3586 3122302159430 21332 
CLU_3586 3122302159392 9742 
CLU_3586 3122302206315 2621 
CLU_3586 3122307269161 4948 
CLU_3586 3122306703518 2755 
CLU_3586 3122302159473 2523 
CLU_3586 3122302159554 5816 
CLU_3586 3122306072046 5740 
CLU_3586 3122302159546 4948 
CLU_3586 3122307676875 4626 
CLU_3586 3122306942822 3985 
CLU_3586 3122302206323 966 
CLU_3586 3122303747719 8235 
CLU_3586 3122306017940 2310 
CLU_3586 3122306942806 2631 
CLU_3586 3122304384881 6395 
CLU_3586 3122304207866 5174 
CLU_3586 3122302701804 6527 
CLU_3586 3122302159457 3401 
CLU_3586 3122302159856 1653 
CLU_3586 3122302159449 4445 
CLU_3586 3122307488882 3855 
CLU_3586 3122304239571 7826 
CLU_3586 3122306223354 8235 
CLU_3586 3122302159589 5517 
CLU_3586 3122306942849 7214 
CLU_3586 3122302159562 9594 
CLU_3586 3122302159287 15579 
CLU_3586 CLU_2725 17286 
CLU_3586 CLU_3545 3780 
CLU_3586 CLU_3551 3057 
CLU_3586 CLU_3565 12175 
CLU_3586 CLU_3570 7539 
CLU_3586 CLU_3580 6247 
CLU_3586 CLU_3581 3118 
CLU_3586 CLU_3588 5118 
CLU_3586 CLU_3593 2310 
CLU_3586 CLU_3594 8235 
CLU_3586 CLU_3602 9594 
CLU_3586 CLU_3603 5693 
CLU_3586 CLU_3604 7285 
CLU_3586 CLU_3605 15579 
CLU_3586 CLU_4824 9742 
CLU_3586 CLU_2550 13144 
CLU_3587 3122302159694 1868 
CLU_3587 3122302159538 3923 
CLU_3587 3122302159600 3178 
CLU_3587 3122302159511 2452 
CLU_3587 3122300273600 4389 
CLU_3587 3122302159503 3453 
CLU_3587 3122302159597 2176 
CLU_3587 3122302159406 3394 
CLU_3587 3122302159678 2613 
CLU_3587 3122302159422 3931 
CLU_3587 3122302159414 4196 
CLU_3587 3122304445651 5383 
CLU_3587 3122306026028 6370 
CLU_3587 3122304194500 5088 
CLU_3587 3122302159430 19483 
CLU_3587 3122302159392 11441 
CLU_3587 3122302206315 735 
CLU_3587 3122307269161 5132 
CLU_3587 3122306703518 3693 
CLU_3587 3122302159473 1343 
CLU_3587 3122302159554 4278 
CLU_3587 3122306072046 4677 
CLU_3587 3122302159546 5132 
CLU_3587 3122307676875 5044 
CLU_3587 3122306942822 4734 
CLU_3587 3122302206323 2606 
CLU_3587 3122303747719 7378 
CLU_3587 3122306017940 2829 
CLU_3587 3122306942806 2292 
CLU_3587 3122304384881 6674 
CLU_3587 3122304207866 7021 
CLU_3587 3122302701804 6596 
CLU_3587 3122302159457 4389 
CLU_3587 3122302159856 3538 
CLU_3587 3122302159449 6037 
CLU_3587 3122307488882 2371 
CLU_3587 3122304239571 7317 
CLU_3587 3122306223354 7378 
CLU_3587 3122302159589 4007 
CLU_3587 3122306942849 5814 
CLU_3587 3122302159562 8507 
CLU_3587 3122302159287 14300 
CLU_3587 CLU_2725 18249 
CLU_3587 CLU_3545 2421 
CLU_3587 CLU_3551 3417 
CLU_3587 CLU_3565 10353 
CLU_3587 CLU_3570 8092 
CLU_3587 CLU_3580 4748 
CLU_3587 CLU_3581 2189 
CLU_3587 CLU_3588 3709 
CLU_3587 CLU_3593 2829 
CLU_3587 CLU_3594 7378 
CLU_3587 CLU_3602 8507 
CLU_3587 CLU_3603 4116 
CLU_3587 CLU_3604 7067 
CLU_3587 CLU_3605 14300 
CLU_3587 CLU_4824 11441 
CLU_3587 CLU_2550 13625 
CLU_3588 3122302159694 5466 
CLU_3588 3122302159538 6677 
CLU_3588 3122302159600 6149 
CLU_3588 3122302159511 5780 
CLU_3588 3122300273600 8096 
CLU_3588 3122302159503 7128 
CLU_3588 3122302159597 5652 
CLU_3588 3122302159406 6343 
CLU_3588 3122302159678 4797 
CLU_3588 3122302159422 3048 
CLU_3588 3122302159414 3438 
CLU_3588 3122304445651 5652 
CLU_3588 3122306026028 8154 
CLU_3588 3122304194500 8306 
CLU_3588 3122302159430 16750 
CLU_3588 3122302159392 14842 
CLU_3588 3122302206315 3278 
CLU_3588 3122307269161 8667 
CLU_3588 3122306703518 7398 
CLU_3588 3122302159473 2599 
CLU_3588 3122302159554 5792 
CLU_3588 3122306072046 7107 
CLU_3588 3122302159546 8667 
CLU_3588 3122307676875 8673 
CLU_3588 3122306942822 8436 
CLU_3588 3122302206323 5292 
CLU_3588 3122303747719 9773 
CLU_3588 3122306017940 4044 
CLU_3588 3122306942806 2923 
CLU_3588 3122304384881 10195 
CLU_3588 3122304207866 9417 
CLU_3588 3122302701804 10003 
CLU_3588 3122302159457 8096 
CLU_3588 3122302159856 6523 
CLU_3588 3122302159449 7721 
CLU_3588 3122307488882 1337 
CLU_3588 3122304239571 10178 
CLU_3588 3122306223354 9773 
CLU_3588 3122302159589 5684 
CLU_3588 3122306942849 7348 
CLU_3588 3122302159562 4881 
CLU_3588 3122302159287 10590 
CLU_3588 CLU_2725 21942 
CLU_3588 CLU_3545 1341 
CLU_3588 CLU_3551 3919 
CLU_3588 CLU_3565 7588 
CLU_3588 CLU_3570 11705 
CLU_3588 CLU_3580 1151 
CLU_3588 CLU_3581 2112 
CLU_3588 CLU_3588 0 
CLU_3588 CLU_3593 4044 
CLU_3588 CLU_3594 9773 
CLU_3588 CLU_3602 4881 
CLU_3588 CLU_3603 839 
CLU_3588 CLU_3604 4871 
CLU_3588 CLU_3605 10590 
CLU_3588 CLU_4824 14842 
CLU_3588 CLU_2550 17145 
CLU_3589 3122302159694 4863 
CLU_3589 3122302159538 4786 
CLU_3589 3122302159600 4575 
CLU_3589 3122302159511 4691 
CLU_3589 3122300273600 7731 
CLU_3589 3122302159503 6453 
CLU_3589 3122302159597 6069 
CLU_3589 3122302159406 7313 
CLU_3589 3122302159678 3025 
CLU_3589 3122302159422 0 
CLU_3589 3122302159414 398 
CLU_3589 3122304445651 2619 
CLU_3589 3122306026028 5430 
CLU_3589 3122304194500 6649 
CLU_3589 3122302159430 15602 
CLU_3589 3122302159392 15197 
CLU_3589 3122302206315 3196 
CLU_3589 3122307269161 7453 
CLU_3589 3122306703518 7102 
CLU_3589 3122302159473 3806 
CLU_3589 3122302159554 3209 
CLU_3589 3122306072046 4881 
CLU_3589 3122302159546 7453 
CLU_3589 3122307676875 7685 
CLU_3589 3122306942822 7800 
CLU_3589 3122302206323 6438 
CLU_3589 3122303747719 7276 
CLU_3589 3122306017940 5936 
CLU_3589 3122306942806 4848 
CLU_3589 3122304384881 8842 
CLU_3589 3122304207866 10882 
CLU_3589 3122302701804 8458 
CLU_3589 3122302159457 7731 
CLU_3589 3122302159856 7463 
CLU_3589 3122302159449 9623 
CLU_3589 3122307488882 2885 
CLU_3589 3122304239571 8001 
CLU_3589 3122306223354 7276 
CLU_3589 3122302159589 3223 
CLU_3589 3122306942849 4571 
CLU_3589 3122302159562 7109 
CLU_3589 3122302159287 11929 
CLU_3589 CLU_2725 20853 
CLU_3589 CLU_3545 3187 
CLU_3589 CLU_3551 6152 
CLU_3589 CLU_3565 6570 
CLU_3589 CLU_3570 10492 
CLU_3589 CLU_3580 3074 
CLU_3589 CLU_3581 4038 
CLU_3589 CLU_3588 3048 
CLU_3589 CLU_3593 5936 
CLU_3589 CLU_3594 7276 
CLU_3589 CLU_3602 7109 
CLU_3589 CLU_3603 2501 
CLU_3589 CLU_3604 7920 
CLU_3589 CLU_3605 11929 
CLU_3589 CLU_4824 15197 
CLU_3589 CLU_2550 15551 
CLU_3590 3122302159694 3582 
CLU_3590 3122302159538 6105 
CLU_3590 3122302159600 5349 
CLU_3590 3122302159511 4416 
CLU_3590 3122300273600 3333 
CLU_3590 3122302159503 3658 
CLU_3590 3122302159597 1618 
CLU_3590 3122302159406 183 
CLU_3590 3122302159678 5685 
CLU_3590 3122302159422 7463 
CLU_3590 3122302159414 7735 
CLU_3590 3122304445651 8756 
CLU_3590 3122306026028 8951 
CLU_3590 3122304194500 6232 
CLU_3590 3122302159430 22945 
CLU_3590 3122302159392 8358 
CLU_3590 3122302206315 4273 
CLU_3590 3122307269161 5420 
CLU_3590 3122306703518 2916 
CLU_3590 3122302159473 4005 
CLU_3590 3122302159554 7326 
CLU_3590 3122306072046 7005 
CLU_3590 3122302159546 5420 
CLU_3590 3122307676875 4932 
CLU_3590 3122306942822 4066 
CLU_3590 3122302206323 1244 
CLU_3590 3122303747719 9291 
CLU_3590 3122306017940 2921 
CLU_3590 3122306942806 3732 
CLU_3590 3122304384881 6666 
CLU_3590 3122304207866 3566 
CLU_3590 3122302701804 6967 
CLU_3590 3122302159457 3333 
CLU_3590 3122302159856 0 
CLU_3590 3122302159449 3258 
CLU_3590 3122307488882 5344 
CLU_3590 3122304239571 8651 
CLU_3590 3122306223354 9291 
CLU_3590 3122302159589 7020 
CLU_3590 3122306942849 8629 
CLU_3590 3122302159562 10683 
CLU_3590 3122302159287 16749 
CLU_3590 CLU_2725 16636 
CLU_3590 CLU_3545 5218 
CLU_3590 CLU_3551 3568 
CLU_3590 CLU_3565 13772 
CLU_3590 CLU_3570 7492 
CLU_3590 CLU_3580 7672 
CLU_3590 CLU_3581 4426 
CLU_3590 CLU_3588 6523 
CLU_3590 CLU_3593 2921 
CLU_3590 CLU_3594 9291 
CLU_3590 CLU_3602 10683 
CLU_3590 CLU_3603 7174 
CLU_3590 CLU_3604 7791 
CLU_3590 CLU_3605 16749 
CLU_3590 CLU_4824 8358 
CLU_3590 CLU_2550 13003 
CLU_3591 3122302159694 6688 
CLU_3591 3122302159538 9264 
CLU_3591 3122302159600 8487 
CLU_3591 3122302159511 7548 
CLU_3591 3122300273600 6441 
CLU_3591 3122302159503 6915 
CLU_3591 3122302159597 4729 
CLU_3591 3122302159406 3256 
CLU_3591 3122302159678 8547 
CLU_3591 3122302159422 9623 
CLU_3591 3122302159414 9964 
CLU_3591 3122304445651 11415 
CLU_3591 3122306026028 12064 
CLU_3591 3122304194500 9491 
CLU_3591 3122302159430 24463 
CLU_3591 3122302159392 8953 
CLU_3591 3122302206315 6692 
CLU_3591 3122307269161 8639 
CLU_3591 3122306703518 6127 
CLU_3591 3122302159473 5817 
CLU_3591 3122302159554 10231 
CLU_3591 3122306072046 10155 
CLU_3591 3122302159546 8639 
CLU_3591 3122307676875 8113 
CLU_3591 3122306942822 7193 
CLU_3591 3122302206323 3507 
CLU_3591 3122303747719 12531 
CLU_3591 3122306017940 3745 
CLU_3591 3122306942806 4894 
CLU_3591 3122304384881 9793 
CLU_3591 3122304207866 2196 
CLU_3591 3122302701804 10156 
CLU_3591 3122302159457 6441 
CLU_3591 3122302159856 3258 
CLU_3591 3122302159449 0 
CLU_3591 3122307488882 6937 
CLU_3591 3122304239571 11909 
CLU_3591 3122306223354 12531 
CLU_3591 3122302159589 9939 
CLU_3591 3122306942849 11658 
CLU_3591 3122302159562 10678 
CLU_3591 3122302159287 16701 
CLU_3591 CLU_2725 18610 
CLU_3591 CLU_3545 6694 
CLU_3591 CLU_3551 3814 
CLU_3591 CLU_3565 15309 
CLU_3591 CLU_3570 10404 
CLU_3591 CLU_3580 8808 
CLU_3591 CLU_3581 5761 
CLU_3591 CLU_3588 7721 
CLU_3591 CLU_3593 3745 
CLU_3591 CLU_3594 12531 
CLU_3591 CLU_3602 10678 
CLU_3591 CLU_3603 8528 
CLU_3591 CLU_3604 6788 
CLU_3591 CLU_3605 16701 
CLU_3591 CLU_4824 8953 
CLU_3591 CLU_2550 15707 
CLU_3592 3122302159694 7684 
CLU_3592 3122302159538 10264 
CLU_3592 3122302159600 9484 
CLU_3592 3122302159511 8546 
CLU_3592 3122300273600 7414 
CLU_3592 3122302159503 7919 
CLU_3592 3122302159597 5731 
CLU_3592 3122302159406 4264 
CLU_3592 3122302159678 9505 
CLU_3592 3122302159422 10445 
CLU_3592 3122302159414 10798 
CLU_3592 3122304445651 12324 
CLU_3592 3122306026028 13055 
CLU_3592 3122304194500 10496 
CLU_3592 3122302159430 25054 
CLU_3592 3122302159392 9302 
CLU_3592 3122302206315 7598 
CLU_3592 3122307269161 9630 
CLU_3592 3122306703518 7120 
CLU_3592 3122302159473 6643 
CLU_3592 3122302159554 11190 
CLU_3592 3122306072046 11152 
CLU_3592 3122302159546 9630 
CLU_3592 3122307676875 9096 
CLU_3592 3122306942822 8167 
CLU_3592 3122302206323 4480 
CLU_3592 3122303747719 13538 
CLU_3592 3122306017940 4514 
CLU_3592 3122306942806 5642 
CLU_3592 3122304384881 10759 
CLU_3592 3122304207866 2528 
CLU_3592 3122302701804 11138 
CLU_3592 3122302159457 7414 
CLU_3592 3122302159856 4264 
CLU_3592 3122302159449 1007 
CLU_3592 3122307488882 7689 
CLU_3592 3122304239571 12913 
CLU_3592 3122306223354 13538 
CLU_3592 3122302159589 10901 
CLU_3592 3122306942849 12635 
CLU_3592 3122302159562 10939 
CLU_3592 3122302159287 16880 
CLU_3592 CLU_2725 19242 
CLU_3592 CLU_3545 7430 
CLU_3592 CLU_3551 4453 
CLU_3592 CLU_3565 15942 
CLU_3592 CLU_3570 11318 
CLU_3592 CLU_3580 9415 
CLU_3592 CLU_3581 6501 
CLU_3592 CLU_3588 8368 
CLU_3592 CLU_3593 4514 
CLU_3592 CLU_3594 13538 
CLU_3592 CLU_3602 10939 
CLU_3592 CLU_3603 9192 
CLU_3592 CLU_3604 6838 
CLU_3592 CLU_3605 16880 
CLU_3592 CLU_4824 9302 
CLU_3592 CLU_2550 16550 
CLU_3593 3122302159694 4265 
CLU_3593 3122302159538 6679 
CLU_3593 3122302159600 5904 
CLU_3593 3122302159511 5057 
CLU_3593 3122300273600 5676 
CLU_3593 3122302159503 5347 
CLU_3593 3122302159597 2965 
CLU_3593 3122302159406 2743 
CLU_3593 3122302159678 5430 
CLU_3593 3122302159422 5936 
CLU_3593 3122302159414 6295 
CLU_3593 3122304445651 7950 
CLU_3593 3122306026028 9200 
CLU_3593 3122304194500 7560 
CLU_3593 3122302159430 20786 
CLU_3593 3122302159392 11196 
CLU_3593 3122302206315 3301 
CLU_3593 3122307269161 7229 
CLU_3593 3122306703518 5053 
CLU_3593 3122302159473 2154 
CLU_3593 3122302159554 7068 
CLU_3593 3122306072046 7477 
CLU_3593 3122302159546 7229 
CLU_3593 3122307676875 6932 
CLU_3593 3122306942822 6288 
CLU_3593 3122302206323 1764 
CLU_3593 3122303747719 10138 
CLU_3593 3122306017940 0 
CLU_3593 3122306942806 1151 
CLU_3593 3122304384881 8697 
CLU_3593 3122304207866 5377 
CLU_3593 3122302701804 8800 
CLU_3593 3122302159457 5676 
CLU_3593 3122302159856 2921 
CLU_3593 3122302159449 3745 
CLU_3593 3122307488882 3192 
CLU_3593 3122304239571 9921 
CLU_3593 3122306223354 10138 
CLU_3593 3122302159589 6810 
CLU_3593 3122306942849 8632 
CLU_3593 3122302159562 7790 
CLU_3593 3122302159287 13873 
CLU_3593 CLU_2725 19444 
CLU_3593 CLU_3545 2951 
CLU_3593 CLU_3551 746 
CLU_3593 CLU_3565 11608 
CLU_3593 CLU_3570 9844 
CLU_3593 CLU_3580 5172 
CLU_3593 CLU_3581 2018 
CLU_3593 CLU_3588 4044 
CLU_3593 CLU_3593 0 
CLU_3593 CLU_3594 10138 
CLU_3593 CLU_3602 7790 
CLU_3593 CLU_3603 4823 
CLU_3593 CLU_3604 5009 
CLU_3593 CLU_3605 13873 
CLU_3593 CLU_4824 11196 
CLU_3593 CLU_2550 15447 
CLU_3594 3122302159694 5960 
CLU_3594 3122302159538 3460 
CLU_3594 3122302159600 4233 
CLU_3594 3122302159511 5114 
CLU_3594 3122300273600 6694 
CLU_3594 3122302159503 5720 
CLU_3594 3122302159597 7825 
CLU_3594 3122302159406 9277 
CLU_3594 3122302159678 5070 
CLU_3594 3122302159422 7276 
CLU_3594 3122302159414 7048 
CLU_3594 3122304445651 5277 
CLU_3594 3122306026028 2057 
CLU_3594 3122304194500 3205 
CLU_3594 3122302159430 19752 
CLU_3594 3122302159392 13294 
CLU_3594 3122302206315 7167 
CLU_3594 3122307269161 4497 
CLU_3594 3122306703518 6665 
CLU_3594 3122302159473 8545 
CLU_3594 3122302159554 4075 
CLU_3594 3122306072046 2741 
CLU_3594 3122302159546 4497 
CLU_3594 3122307676875 5153 
CLU_3594 3122306942822 6072 
CLU_3594 3122302206323 9197 
CLU_3594 3122303747719 0 
CLU_3594 3122306017940 10138 
CLU_3594 3122306942806 9653 
CLU_3594 3122304384881 4539 
CLU_3594 3122304207866 12509 
CLU_3594 3122302701804 3811 
CLU_3594 3122302159457 6694 
CLU_3594 3122302159856 9291 
CLU_3594 3122302159449 12531 
CLU_3594 3122307488882 8802 
CLU_3594 3122304239571 1539 
CLU_3594 3122306223354 0 
CLU_3594 3122302159589 4118 
CLU_3594 3122306942849 2888 
CLU_3594 3122302159562 14355 
CLU_3594 3122302159287 19035 
CLU_3594 CLU_2725 15136 
CLU_3594 CLU_3545 9049 
CLU_3594 CLU_3551 10781 
CLU_3594 CLU_3565 12234 
CLU_3594 CLU_3570 5862 
CLU_3594 CLU_3580 10223 
CLU_3594 CLU_3581 9336 
CLU_3594 CLU_3588 9773 
CLU_3594 CLU_3593 10138 
CLU_3594 CLU_3594 0 
CLU_3594 CLU_3602 14355 
CLU_3594 CLU_3603 9555 
CLU_3594 CLU_3604 14232 
CLU_3594 CLU_3605 19035 
CLU_3594 CLU_4824 13294 
CLU_3594 CLU_2550 9196 
CLU_3595 3122302159694 5190 
CLU_3595 3122302159538 3184 
CLU_3595 3122302159600 3777 
CLU_3595 3122302159511 4449 
CLU_3595 3122300273600 5185 
CLU_3595 3122302159503 4465 
CLU_3595 3122302159597 6818 
CLU_3595 3122302159406 8141 
CLU_3595 3122302159678 5075 
CLU_3595 3122302159422 7801 
CLU_3595 3122302159414 7658 
CLU_3595 3122304445651 6308 
CLU_3595 3122306026028 3446 
CLU_3595 3122304194500 1919 
CLU_3595 3122302159430 21332 
CLU_3595 3122302159392 11424 
CLU_3595 3122302206315 6872 
CLU_3595 3122307269161 2885 
CLU_3595 3122306703518 5301 
CLU_3595 3122302159473 8184 
CLU_3595 3122302159554 4688 
CLU_3595 3122306072046 2921 
CLU_3595 3122302159546 2885 
CLU_3595 3122307676875 3524 
CLU_3595 3122306942822 4492 
CLU_3595 3122302206323 8254 
CLU_3595 3122303747719 1894 
CLU_3595 3122306017940 9454 
CLU_3595 3122306942806 9173 
CLU_3595 3122304384881 2657 
CLU_3595 3122304207866 11101 
CLU_3595 3122302701804 1929 
CLU_3595 3122302159457 5185 
CLU_3595 3122302159856 8124 
CLU_3595 3122302159449 11380 
CLU_3595 3122307488882 8723 
CLU_3595 3122304239571 543 
CLU_3595 3122306223354 1894 
CLU_3595 3122302159589 4601 
CLU_3595 3122306942849 4070 
CLU_3595 3122302159562 14650 
CLU_3595 3122302159287 19727 
CLU_3595 CLU_2725 13625 
CLU_3595 CLU_3545 8924 
CLU_3595 CLU_3551 10153 
CLU_3595 CLU_3565 13421 
CLU_3595 CLU_3570 3985 
CLU_3595 CLU_3580 10500 
CLU_3595 CLU_3581 9022 
CLU_3595 CLU_3588 9861 
CLU_3595 CLU_3593 9454 
CLU_3595 CLU_3594 1894 
CLU_3595 CLU_3602 14650 
CLU_3595 CLU_3603 9803 
CLU_3595 CLU_3604 13947 
CLU_3595 CLU_3605 19727 
CLU_3595 CLU_4824 11424 
CLU_3595 CLU_2550 7895 
CLU_3596 3122302159694 5237 
CLU_3596 3122302159538 5520 
CLU_3596 3122302159600 5221 
CLU_3596 3122302159511 5202 
CLU_3596 3122300273600 8103 
CLU_3596 3122302159503 6890 
CLU_3596 3122302159597 6180 
CLU_3596 3122302159406 7289 
CLU_3596 3122302159678 3675 
CLU_3596 3122302159422 913 
CLU_3596 3122302159414 1252 
CLU_3596 3122304445651 3503 
CLU_3596 3122306026028 6336 
CLU_3596 3122304194500 7351 
CLU_3596 3122302159430 15497 
CLU_3596 3122302159392 15425 
CLU_3596 3122302206315 3301 
CLU_3596 3122307269161 8052 
CLU_3596 3122306703518 7444 
CLU_3596 3122302159473 3567 
CLU_3596 3122302159554 4082 
CLU_3596 3122306072046 5697 
CLU_3596 3122302159546 8052 
CLU_3596 3122307676875 8227 
CLU_3596 3122306942822 8249 
CLU_3596 3122302206323 6341 
CLU_3596 3122303747719 8158 
CLU_3596 3122306017940 5599 
CLU_3596 3122306942806 4464 
CLU_3596 3122304384881 9489 
CLU_3596 3122304207866 10749 
CLU_3596 3122302701804 9149 
CLU_3596 3122302159457 8103 
CLU_3596 3122302159856 7450 
CLU_3596 3122302159449 9337 
CLU_3596 3122307488882 2418 
CLU_3596 3122304239571 8829 
CLU_3596 3122306223354 8158 
CLU_3596 3122302159589 4070 
CLU_3596 3122306942849 5480 
CLU_3596 3122302159562 6208 
CLU_3596 3122302159287 11164 
CLU_3596 CLU_2725 21478 
CLU_3596 CLU_3545 2692 
CLU_3596 CLU_3551 5711 
CLU_3596 CLU_3565 6349 
CLU_3596 CLU_3570 11115 
CLU_3596 CLU_3580 2163 
CLU_3596 CLU_3581 3609 
CLU_3596 CLU_3588 2256 
CLU_3596 CLU_3593 5599 
CLU_3596 CLU_3594 8158 
CLU_3596 CLU_3602 6208 
CLU_3596 CLU_3603 1619 
CLU_3596 CLU_3604 7102 
CLU_3596 CLU_3605 11164 
CLU_3596 CLU_4824 15425 
CLU_3596 CLU_2550 16281 
CLU_3597 3122302159694 2930 
CLU_3597 3122302159538 4214 
CLU_3597 3122302159600 3615 
CLU_3597 3122302159511 3197 
CLU_3597 3122300273600 5694 
CLU_3597 3122302159503 4613 
CLU_3597 3122302159597 3595 
CLU_3597 3122302159406 4732 
CLU_3597 3122302159678 2438 
CLU_3597 3122302159422 2602 
CLU_3597 3122302159414 2913 
CLU_3597 3122304445651 4474 
CLU_3597 3122306026028 6150 
CLU_3597 3122304194500 5748 
CLU_3597 3122302159430 18079 
CLU_3597 3122302159392 12860 
CLU_3597 3122302206315 764 
CLU_3597 3122307269161 6088 
CLU_3597 3122306703518 5009 
CLU_3597 3122302159473 1343 
CLU_3597 3122302159554 3834 
CLU_3597 3122306072046 4772 
CLU_3597 3122302159546 6088 
CLU_3597 3122307676875 6117 
CLU_3597 3122306942822 5952 
CLU_3597 3122302206323 3836 
CLU_3597 3122303747719 7507 
CLU_3597 3122306017940 3484 
CLU_3597 3122306942806 2527 
CLU_3597 3122304384881 7613 
CLU_3597 3122304207866 8279 
CLU_3597 3122302701804 7423 
CLU_3597 3122302159457 5694 
CLU_3597 3122302159856 4888 
CLU_3597 3122302159449 7072 
CLU_3597 3122307488882 1347 
CLU_3597 3122304239571 7733 
CLU_3597 3122306223354 7507 
CLU_3597 3122302159589 3632 
CLU_3597 3122306942849 5452 
CLU_3597 3122302159562 7464 
CLU_3597 3122302159287 13083 
CLU_3597 CLU_2725 19413 
CLU_3597 CLU_3545 1555 
CLU_3597 CLU_3551 3853 
CLU_3597 CLU_3565 8937 
CLU_3597 CLU_3570 9136 
CLU_3597 CLU_3580 3490 
CLU_3597 CLU_3581 1925 
CLU_3597 CLU_3588 2582 
CLU_3597 CLU_3593 3484 
CLU_3597 CLU_3594 7507 
CLU_3597 CLU_3602 7464 
CLU_3597 CLU_3603 2816 
CLU_3597 CLU_3604 6728 
CLU_3597 CLU_3605 13083 
CLU_3597 CLU_4824 12860 
CLU_3597 CLU_2550 14562 
CLU_3598 3122302159694 2297 
CLU_3598 3122302159538 2471 
CLU_3598 3122302159600 2027 
CLU_3598 3122302159511 2026 
CLU_3598 3122300273600 5115 
CLU_3598 3122302159503 3805 
CLU_3598 3122302159597 3894 
CLU_3598 3122302159406 5354 
CLU_3598 3122302159678 600 
CLU_3598 3122302159422 2665 
CLU_3598 3122302159414 2746 
CLU_3598 3122304445651 3288 
CLU_3598 3122306026028 4342 
CLU_3598 3122304194500 4192 
CLU_3598 3122302159430 18105 
CLU_3598 3122302159392 12673 
CLU_3598 3122302206315 1665 
CLU_3598 3122307269161 4833 
CLU_3598 3122306703518 4518 
CLU_3598 3122302159473 3009 
CLU_3598 3122302159554 2114 
CLU_3598 3122306072046 2941 
CLU_3598 3122302159546 4833 
CLU_3598 3122307676875 5029 
CLU_3598 3122306942822 5142 
CLU_3598 3122302206323 4720 
CLU_3598 3122303747719 5667 
CLU_3598 3122306017940 4954 
CLU_3598 3122306942806 4195 
CLU_3598 3122304384881 6276 
CLU_3598 3122304207866 9029 
CLU_3598 3122302701804 5965 
CLU_3598 3122302159457 5115 
CLU_3598 3122302159856 5468 
CLU_3598 3122302159449 8201 
CLU_3598 3122307488882 3140 
CLU_3598 3122304239571 5971 
CLU_3598 3122306223354 5667 
CLU_3598 3122302159589 1865 
CLU_3598 3122306942849 3698 
CLU_3598 3122302159562 9012 
CLU_3598 3122302159287 14333 
CLU_3598 CLU_2725 18259 
CLU_3598 CLU_3545 3381 
CLU_3598 CLU_3551 5462 
CLU_3598 CLU_3565 9193 
CLU_3598 CLU_3570 7896 
CLU_3598 CLU_3580 4880 
CLU_3598 CLU_3581 3729 
CLU_3598 CLU_3588 4208 
CLU_3598 CLU_3593 4954 
CLU_3598 CLU_3594 5667 
CLU_3598 CLU_3602 9012 
CLU_3598 CLU_3603 4178 
CLU_3598 CLU_3604 8572 
CLU_3598 CLU_3605 14333 
CLU_3598 CLU_4824 12673 
CLU_3598 CLU_2550 13122 
CLU_3600 3122302159694 3964 
CLU_3600 3122302159538 4094 
CLU_3600 3122302159600 3961 
CLU_3600 3122302159511 3809 
CLU_3600 3122300273600 1995 
CLU_3600 3122302159503 2327 
CLU_3600 3122302159597 4562 
CLU_3600 3122302159406 5410 
CLU_3600 3122302159678 5462 
CLU_3600 3122302159422 8466 
CLU_3600 3122302159414 8499 
CLU_3600 3122304445651 8085 
CLU_3600 3122306026028 6294 
CLU_3600 3122304194500 2540 
CLU_3600 3122302159430 23511 
CLU_3600 3122302159392 7930 
CLU_3600 3122302206315 6155 
CLU_3600 3122307269161 1166 
CLU_3600 3122306703518 2497 
CLU_3600 3122302159473 7084 
CLU_3600 3122302159554 6195 
CLU_3600 3122306072046 4666 
CLU_3600 3122302159546 1166 
CLU_3600 3122307676875 783 
CLU_3600 3122306942822 1269 
CLU_3600 3122302206323 5921 
CLU_3600 3122303747719 5463 
CLU_3600 3122306017940 7527 
CLU_3600 3122306942806 7694 
CLU_3600 3122304384881 1395 
CLU_3600 3122304207866 7717 
CLU_3600 3122302701804 1917 
CLU_3600 3122302159457 1995 
CLU_3600 3122302159856 5327 
CLU_3600 3122302159449 8413 
CLU_3600 3122307488882 8106 
CLU_3600 3122304239571 4216 
CLU_3600 3122306223354 5463 
CLU_3600 3122302159589 5945 
CLU_3600 3122306942849 6525 
CLU_3600 3122302159562 14277 
CLU_3600 3122302159287 19964 
CLU_3600 CLU_2725 12531 
CLU_3600 CLU_3545 8191 
CLU_3600 CLU_3551 8274 
CLU_3600 CLU_3565 14888 
CLU_3600 CLU_3570 2340 
CLU_3600 CLU_3580 10372 
CLU_3600 CLU_3581 7898 
CLU_3600 CLU_3588 9430 
CLU_3600 CLU_3593 7527 
CLU_3600 CLU_3594 5463 
CLU_3600 CLU_3602 14277 
CLU_3600 CLU_3603 9689 
CLU_3600 CLU_3604 12483 
CLU_3600 CLU_3605 19964 
CLU_3600 CLU_4824 7930 
CLU_3600 CLU_2550 7940 
CLU_3601 3122302159694 3315 
CLU_3601 3122302159538 2625 
CLU_3601 3122302159600 2508 
CLU_3601 3122302159511 2861 
CLU_3601 3122300273600 6027 
CLU_3601 3122302159503 4673 
CLU_3601 3122302159597 5005 
CLU_3601 3122302159406 6470 
CLU_3601 3122302159678 1067 
CLU_3601 3122302159422 2169 
CLU_3601 3122302159414 2092 
CLU_3601 3122304445651 2172 
CLU_3601 3122306026028 3664 
CLU_3601 3122304194500 4499 
CLU_3601 3122302159430 17188 
CLU_3601 3122302159392 13637 
CLU_3601 3122302206315 2654 
CLU_3601 3122307269161 5396 
CLU_3601 3122306703518 5476 
CLU_3601 3122302159473 3893 
CLU_3601 3122302159554 1296 
CLU_3601 3122306072046 2742 
CLU_3601 3122302159546 5396 
CLU_3601 3122307676875 5700 
CLU_3601 3122306942822 5959 
CLU_3601 3122302206323 5825 
CLU_3601 3122303747719 5289 
CLU_3601 3122306017940 5948 
CLU_3601 3122306942806 5092 
CLU_3601 3122304384881 6725 
CLU_3601 3122304207866 10145 
CLU_3601 3122302701804 6309 
CLU_3601 3122302159457 6027 
CLU_3601 3122302159856 6584 
CLU_3601 3122302159449 9292 
CLU_3601 3122307488882 3692 
CLU_3601 3122304239571 5875 
CLU_3601 3122306223354 5289 
CLU_3601 3122302159589 1176 
CLU_3601 3122306942849 2903 
CLU_3601 3122302159562 9088 
CLU_3601 3122302159287 14093 
CLU_3601 CLU_2725 18733 
CLU_3601 CLU_3545 3976 
CLU_3601 CLU_3551 6399 
CLU_3601 CLU_3565 8421 
CLU_3601 CLU_3570 8389 
CLU_3601 CLU_3580 4941 
CLU_3601 CLU_3581 4510 
CLU_3601 CLU_3588 4510 
CLU_3601 CLU_3593 5948 
CLU_3601 CLU_3594 5289 
CLU_3601 CLU_3602 9088 
CLU_3601 CLU_3603 4267 
CLU_3601 CLU_3604 9169 
CLU_3601 CLU_3605 14093 
CLU_3601 CLU_4824 13637 
CLU_3601 CLU_2550 13383 
CLU_3602 3122302159694 10322 
CLU_3602 3122302159538 11478 
CLU_3602 3122302159600 11001 
CLU_3602 3122302159511 10661 
CLU_3602 3122300273600 12826 
CLU_3602 3122302159503 11958 
CLU_3602 3122302159597 10210 
CLU_3602 3122302159406 10501 
CLU_3602 3122302159678 9579 
CLU_3602 3122302159422 7109 
CLU_3602 3122302159414 7391 
CLU_3602 3122304445651 9541 
CLU_3602 3122306026028 12539 
CLU_3602 3122304194500 13168 
CLU_3602 3122302159430 15161 
CLU_3602 3122302159392 18982 
CLU_3602 3122302206315 8147 
CLU_3602 3122307269161 13545 
CLU_3602 3122306703518 12130 
CLU_3602 3122302159473 7247 
CLU_3602 3122302159554 10280 
CLU_3602 3122306072046 11807 
CLU_3602 3122302159546 13545 
CLU_3602 3122307676875 13530 
CLU_3602 3122306942822 13233 
CLU_3602 3122302206323 9459 
CLU_3602 3122303747719 14355 
CLU_3602 3122306017940 7790 
CLU_3602 3122306942806 6999 
CLU_3602 3122304384881 15076 
CLU_3602 3122304207866 12768 
CLU_3602 3122302701804 14881 
CLU_3602 3122302159457 12826 
CLU_3602 3122302159856 10683 
CLU_3602 3122302159449 10678 
CLU_3602 3122307488882 6178 
CLU_3602 3122304239571 14930 
CLU_3602 3122306223354 14355 
CLU_3602 3122302159589 10244 
CLU_3602 3122306942849 11678 
CLU_3602 3122302159562 0 
CLU_3602 3122302159287 6092 
CLU_3602 CLU_2725 26748 
CLU_3602 CLU_3545 6087 
CLU_3602 CLU_3551 7259 
CLU_3602 CLU_3565 7216 
CLU_3602 CLU_3570 16572 
CLU_3602 CLU_3580 4154 
CLU_3602 CLU_3581 6503 
CLU_3602 CLU_3588 4881 
CLU_3602 CLU_3593 7790 
CLU_3602 CLU_3594 14355 
CLU_3602 CLU_3602 0 
CLU_3602 CLU_3603 4847 
CLU_3602 CLU_3604 4399 
CLU_3602 CLU_3605 6092 
CLU_3602 CLU_4824 18982 
CLU_3602 CLU_2550 22026 
CLU_3603 3122302159694 5745 
CLU_3603 3122302159538 6635 
CLU_3603 3122302159600 6189 
CLU_3603 3122302159511 5942 
CLU_3603 3122300273600 8488 
CLU_3603 3122302159503 7429 
CLU_3603 3122302159597 6179 
CLU_3603 3122302159406 6997 
CLU_3603 3122302159678 4735 
CLU_3603 3122302159422 2501 
CLU_3603 3122302159414 2866 
CLU_3603 3122304445651 5116 
CLU_3603 3122306026028 7829 
CLU_3603 3122304194500 8360 
CLU_3603 3122302159430 15963 
CLU_3603 3122302159392 15436 
CLU_3603 3122302206315 3570 
CLU_3603 3122307269161 8851 
CLU_3603 3122306703518 7797 
CLU_3603 3122302159473 3180 
CLU_3603 3122302159554 5503 
CLU_3603 3122306072046 6965 
CLU_3603 3122302159546 8851 
CLU_3603 3122307676875 8917 
CLU_3603 3122306942822 8767 
CLU_3603 3122302206323 5963 
CLU_3603 3122303747719 9555 
CLU_3603 3122306017940 4823 
CLU_3603 3122306942806 3683 
CLU_3603 3122304384881 10356 
CLU_3603 3122304207866 10178 
CLU_3603 3122302701804 10107 
CLU_3603 3122302159457 8488 
CLU_3603 3122302159856 7174 
CLU_3603 3122302159449 8528 
CLU_3603 3122307488882 1839 
CLU_3603 3122304239571 10083 
CLU_3603 3122306223354 9555 
CLU_3603 3122302159589 5437 
CLU_3603 3122306942849 6993 
CLU_3603 3122302159562 4847 
CLU_3603 3122302159287 10274 
CLU_3603 CLU_2725 22220 
CLU_3603 CLU_3545 1960 
CLU_3603 CLU_3551 4740 
CLU_3603 CLU_3565 6786 
CLU_3603 CLU_3570 11916 
CLU_3603 CLU_3580 702 
CLU_3603 CLU_3581 2838 
CLU_3603 CLU_3588 839 
CLU_3603 CLU_3593 4823 
CLU_3603 CLU_3594 9555 
CLU_3603 CLU_3602 4847 
CLU_3603 CLU_3603 0 
CLU_3603 CLU_3604 5509 
CLU_3603 CLU_3605 10274 
CLU_3603 CLU_4824 15436 
CLU_3603 CLU_2550 17269 
CLU_3604 3122302159694 8879 
CLU_3604 3122302159538 10871 
CLU_3604 3122302159600 10186 
CLU_3604 3122302159511 9519 
CLU_3604 3122300273600 10678 
CLU_3604 3122302159503 10227 
CLU_3604 3122302159597 7950 
CLU_3604 3122302159406 7629 
CLU_3604 3122302159678 9166 
CLU_3604 3122302159422 7920 
CLU_3604 3122302159414 8309 
CLU_3604 3122304445651 10519 
CLU_3604 3122306026028 12825 
CLU_3604 3122304194500 12155 
CLU_3604 3122302159430 19420 
CLU_3604 3122302159392 15595 
CLU_3604 3122302206315 7101 
CLU_3604 3122307269161 12067 
CLU_3604 3122306703518 10040 
CLU_3604 3122302159473 5763 
CLU_3604 3122302159554 10464 
CLU_3604 3122306072046 11492 
CLU_3604 3122302159546 12067 
CLU_3604 3122307676875 11844 
CLU_3604 3122306942822 11268 
CLU_3604 3122302206323 6751 
CLU_3604 3122303747719 14232 
CLU_3604 3122306017940 5009 
CLU_3604 3122306942806 4845 
CLU_3604 3122304384881 13581 
CLU_3604 3122304207866 8976 
CLU_3604 3122302701804 13598 
CLU_3604 3122302159457 10678 
CLU_3604 3122302159856 7791 
CLU_3604 3122302159449 6788 
CLU_3604 3122307488882 5481 
CLU_3604 3122304239571 14352 
CLU_3604 3122306223354 14232 
CLU_3604 3122302159589 10303 
CLU_3604 3122306942849 12069 
CLU_3604 3122302159562 4399 
CLU_3604 3122302159287 10083 
CLU_3604 CLU_2725 24419 
CLU_3604 CLU_3545 5210 
CLU_3604 CLU_3551 4279 
CLU_3604 CLU_3565 10891 
CLU_3604 CLU_3570 14817 
CLU_3604 CLU_3580 5179 
CLU_3604 CLU_3581 4930 
CLU_3604 CLU_3588 4871 
CLU_3604 CLU_3593 5009 
CLU_3604 CLU_3594 14232 
CLU_3604 CLU_3602 4399 
CLU_3604 CLU_3603 5509 
CLU_3604 CLU_3604 0 
CLU_3604 CLU_3605 10083 
CLU_3604 CLU_4824 15595 
CLU_3604 CLU_2550 20422 
CLU_3605 3122302159694 16013 
CLU_3605 3122302159538 16684 
CLU_3605 3122302159600 16358 
CLU_3605 3122302159511 16204 
CLU_3605 3122300273600 18685 
CLU_3605 3122302159503 17693 
CLU_3605 3122302159597 16168 
CLU_3605 3122302159406 16566 
CLU_3605 3122302159678 14829 
CLU_3605 3122302159422 11929 
CLU_3605 3122302159414 12074 
CLU_3605 3122304445651 13796 
CLU_3605 3122306026028 17032 
CLU_3605 3122304194500 18508 
CLU_3605 3122302159430 12071 
CLU_3605 3122302159392 25069 
CLU_3605 3122302206315 13826 
CLU_3605 3122307269161 19110 
CLU_3605 3122306703518 17987 
CLU_3605 3122302159473 13135 
CLU_3605 3122302159554 15075 
CLU_3605 3122306072046 16806 
CLU_3605 3122302159546 19110 
CLU_3605 3122307676875 19192 
CLU_3605 3122306942822 19018 
CLU_3605 3122302206323 15515 
CLU_3605 3122303747719 19035 
CLU_3605 3122306017940 13873 
CLU_3605 3122306942806 13035 
CLU_3605 3122304384881 20596 
CLU_3605 3122304207866 18825 
CLU_3605 3122302701804 20297 
CLU_3605 3122302159457 18685 
CLU_3605 3122302159856 16749 
CLU_3605 3122302159449 16701 
CLU_3605 3122307488882 11928 
CLU_3605 3122304239571 19908 
CLU_3605 3122306223354 19035 
CLU_3605 3122302159589 15132 
CLU_3605 3122306942849 16167 
CLU_3605 3122302159562 6092 
CLU_3605 3122302159287 0 
CLU_3605 CLU_2725 32495 
CLU_3605 CLU_3545 11905 
CLU_3605 CLU_3551 13351 
CLU_3605 CLU_3565 8106 
CLU_3605 CLU_3570 22180 
CLU_3605 CLU_3580 9593 
CLU_3605 CLU_3581 12461 
CLU_3605 CLU_3588 10590 
CLU_3605 CLU_3593 13873 
CLU_3605 CLU_3594 19035 
CLU_3605 CLU_3602 6092 
CLU_3605 CLU_3603 10274 
CLU_3605 CLU_3604 10083 
CLU_3605 CLU_3605 0 
CLU_3605 CLU_4824 25069 
CLU_3605 CLU_2550 27443 
CLU_3606 3122302159694 10532 
CLU_3606 3122302159538 11914 
CLU_3606 3122302159600 11380 
CLU_3606 3122302159511 10953 
CLU_3606 3122300273600 12884 
CLU_3606 3122302159503 12118 
CLU_3606 3122302159597 10201 
CLU_3606 3122302159406 10320 
CLU_3606 3122302159678 10029 
CLU_3606 3122302159422 7783 
CLU_3606 3122302159414 8097 
CLU_3606 3122304445651 10304 
CLU_3606 3122306026028 13193 
CLU_3606 3122304194500 13527 
CLU_3606 3122302159430 16239 
CLU_3606 3122302159392 18691 
CLU_3606 3122302206315 8406 
CLU_3606 3122307269161 13789 
CLU_3606 3122306703518 12196 
CLU_3606 3122302159473 7362 
CLU_3606 3122302159554 10882 
CLU_3606 3122306072046 12317 
CLU_3606 3122302159546 13789 
CLU_3606 3122307676875 13721 
CLU_3606 3122306942822 13345 
CLU_3606 3122302206323 9309 
CLU_3606 3122303747719 14934 
CLU_3606 3122306017940 7578 
CLU_3606 3122306942806 6929 
CLU_3606 3122304384881 15330 
CLU_3606 3122304207866 12296 
CLU_3606 3122302701804 15188 
CLU_3606 3122302159457 12884 
CLU_3606 3122302159856 10499 
CLU_3606 3122302159449 10153 
CLU_3606 3122307488882 6444 
CLU_3606 3122304239571 15410 
CLU_3606 3122306223354 14934 
CLU_3606 3122302159589 10817 
CLU_3606 3122306942849 12345 
CLU_3606 3122302159562 1157 
CLU_3606 3122302159287 6560 
CLU_3606 CLU_2725 26823 
CLU_3606 CLU_3545 6302 
CLU_3606 CLU_3551 6973 
CLU_3606 CLU_3565 8372 
CLU_3606 CLU_3570 16768 
CLU_3606 CLU_3580 4728 
CLU_3606 CLU_3581 6561 
CLU_3606 CLU_3588 5238 
CLU_3606 CLU_3593 7578 
CLU_3606 CLU_3594 14934 
CLU_3606 CLU_3602 1157 
CLU_3606 CLU_3603 5380 
CLU_3606 CLU_3604 3567 
CLU_3606 CLU_3605 6560 
CLU_3606 CLU_4824 18691 
CLU_3606 CLU_2550 22290 
CLU_3607 3122302159694 13499 
CLU_3607 3122302159538 14722 
CLU_3607 3122302159600 14238 
CLU_3607 3122302159511 13875 
CLU_3607 3122300273600 15907 
CLU_3607 3122302159503 15110 
CLU_3607 3122302159597 13233 
CLU_3607 3122302159406 13345 
CLU_3607 3122302159678 12823 
CLU_3607 3122302159422 10311 
CLU_3607 3122302159414 10573 
CLU_3607 3122304445651 12667 
CLU_3607 3122306026028 15732 
CLU_3607 3122304194500 16403 
CLU_3607 3122302159430 15429 
CLU_3607 3122302159392 21662 
CLU_3607 3122302206315 11344 
CLU_3607 3122307269161 16742 
CLU_3607 3122306703518 15217 
CLU_3607 3122302159473 10362 
CLU_3607 3122302159554 13502 
CLU_3607 3122306072046 15049 
CLU_3607 3122302159546 16742 
CLU_3607 3122307676875 16701 
CLU_3607 3122306942822 16355 
CLU_3607 3122302206323 12340 
CLU_3607 3122303747719 17578 
CLU_3607 3122306017940 10601 
CLU_3607 3122306942806 9963 
CLU_3607 3122304384881 18279 
CLU_3607 3122304207866 15162 
CLU_3607 3122302701804 18103 
CLU_3607 3122302159457 15907 
CLU_3607 3122302159856 13523 
CLU_3607 3122302159449 12986 
CLU_3607 3122307488882 9372 
CLU_3607 3122304239571 18173 
CLU_3607 3122306223354 17578 
CLU_3607 3122302159589 13475 
CLU_3607 3122306942849 14866 
CLU_3607 3122302159562 3244 
CLU_3607 3122302159287 4148 
CLU_3607 CLU_2725 29847 
CLU_3607 CLU_3545 9256 
CLU_3607 CLU_3551 9979 
CLU_3607 CLU_3565 9044 
CLU_3607 CLU_3570 19748 
CLU_3607 CLU_3580 7398 
CLU_3607 CLU_3581 9575 
CLU_3607 CLU_3588 8101 
CLU_3607 CLU_3593 10601 
CLU_3607 CLU_3594 17578 
CLU_3607 CLU_3602 3244 
CLU_3607 CLU_3603 8092 
CLU_3607 CLU_3604 6214 
CLU_3607 CLU_3605 4148 
CLU_3607 CLU_4824 21662 
CLU_3607 CLU_2550 25236 
CLU_3608 3122302159694 9703 
CLU_3608 3122302159538 10933 
CLU_3608 3122302159600 10434 
CLU_3608 3122302159511 10066 
CLU_3608 3122300273600 12178 
CLU_3608 3122302159503 11330 
CLU_3608 3122302159597 9550 
CLU_3608 3122302159406 9827 
CLU_3608 3122302159678 9037 
CLU_3608 3122302159422 6673 
CLU_3608 3122302159414 6974 
CLU_3608 3122304445651 9164 
CLU_3608 3122306026028 12097 
CLU_3608 3122304194500 12596 
CLU_3608 3122302159430 15584 
CLU_3608 3122302159392 18306 
CLU_3608 3122302206315 7538 
CLU_3608 3122307269161 12938 
CLU_3608 3122306703518 11482 
CLU_3608 3122302159473 6603 
CLU_3608 3122302159554 9808 
CLU_3608 3122306072046 11293 
CLU_3608 3122302159546 12938 
CLU_3608 3122307676875 12910 
CLU_3608 3122306942822 12595 
CLU_3608 3122302206323 8786 
CLU_3608 3122303747719 13875 
CLU_3608 3122306017940 7114 
CLU_3608 3122306942806 6330 
CLU_3608 3122304384881 14473 
CLU_3608 3122304207866 12105 
CLU_3608 3122302701804 14293 
CLU_3608 3122302159457 12178 
CLU_3608 3122302159856 10009 
CLU_3608 3122302159449 10024 
CLU_3608 3122307488882 5566 
CLU_3608 3122304239571 14405 
CLU_3608 3122306223354 13875 
CLU_3608 3122302159589 9757 
CLU_3608 3122306942849 11243 
CLU_3608 3122302159562 675 
CLU_3608 3122302159287 6767 
CLU_3608 CLU_2725 26107 
CLU_3608 CLU_3545 5462 
CLU_3608 CLU_3551 6584 
CLU_3608 CLU_3565 7389 
CLU_3608 CLU_3570 15954 
CLU_3608 CLU_3580 3651 
CLU_3608 CLU_3581 5848 
CLU_3608 CLU_3588 4292 
CLU_3608 CLU_3593 7114 
CLU_3608 CLU_3594 13875 
CLU_3608 CLU_3602 675 
CLU_3608 CLU_3603 4328 
CLU_3608 CLU_3604 3871 
CLU_3608 CLU_3605 6767 
CLU_3608 CLU_4824 18306 
CLU_3608 CLU_2550 21429 
CLU_4396 3122302159694 20355 
CLU_4396 3122302159538 19335 
CLU_4396 3122302159600 19535 
CLU_4396 3122302159511 19991 
CLU_4396 3122300273600 23154 
CLU_4396 3122302159503 21803 
CLU_4396 3122302159597 21635 
CLU_4396 3122302159406 22781 
CLU_4396 3122302159678 18197 
CLU_4396 3122302159422 15577 
CLU_4396 3122302159414 15378 
CLU_4396 3122304445651 15343 
CLU_4396 3122306026028 17758 
CLU_4396 3122304194500 21063 
CLU_4396 3122302159430 359 
CLU_4396 3122302159392 30734 
CLU_4396 3122302206315 18745 
CLU_4396 3122307269161 22281 
CLU_4396 3122306703518 22578 
CLU_4396 3122302159473 19000 
CLU_4396 3122302159554 17233 
CLU_4396 3122306072046 18860 
CLU_4396 3122302159546 22281 
CLU_4396 3122307676875 22706 
CLU_4396 3122306942822 23075 
CLU_4396 3122302206323 21814 
CLU_4396 3122303747719 19607 
CLU_4396 3122306017940 20818 
CLU_4396 3122306942806 19675 
CLU_4396 3122304384881 23310 
CLU_4396 3122304207866 26155 
CLU_4396 3122302701804 22702 
CLU_4396 3122302159457 23154 
CLU_4396 3122302159856 22944 
CLU_4396 3122302159449 24506 
CLU_4396 3122307488882 17710 
CLU_4396 3122304239571 21059 
CLU_4396 3122306223354 19607 
CLU_4396 3122302159589 17486 
CLU_4396 3122306942849 17194 
CLU_4396 3122302159562 15299 
CLU_4396 3122302159287 12325 
CLU_4396 CLU_2725 34743 
CLU_4396 CLU_3545 17905 
CLU_4396 CLU_3551 20694 
CLU_4396 CLU_3565 9213 
CLU_4396 CLU_3570 24952 
CLU_4396 CLU_3580 15701 
CLU_4396 CLU_3581 18820 
CLU_4396 CLU_3588 16787 
CLU_4396 CLU_3593 20818 
CLU_4396 CLU_3594 19607 
CLU_4396 CLU_3602 15299 
CLU_4396 CLU_3603 15995 
CLU_4396 CLU_3604 19536 
CLU_4396 CLU_3605 12325 
CLU_4396 CLU_4824 30734 
CLU_4396 CLU_2550 28740 
CLU_4824 3122302159694 10379 
CLU_4824 3122302159538 11767 
CLU_4824 3122302159600 11372 
CLU_4824 3122302159511 10786 
CLU_4824 3122300273600 7622 
CLU_4824 3122302159503 8994 
CLU_4824 3122302159597 9283 
CLU_4824 3122302159406 8542 
CLU_4824 3122302159678 12570 
CLU_4824 3122302159422 15197 
CLU_4824 3122302159414 15368 
CLU_4824 3122304445651 15602 
CLU_4824 3122306026028 14215 
CLU_4824 3122304194500 10460 
CLU_4824 3122302159430 30774 
CLU_4824 3122302159392 0 
CLU_4824 3122302206315 12125 
CLU_4824 3122307269161 9055 
CLU_4824 3122306703518 8163 
CLU_4824 3122302159473 12263 
CLU_4824 3122302159554 13766 
CLU_4824 3122306072046 12483 
CLU_4824 3122302159546 9055 
CLU_4824 3122307676875 8468 
CLU_4824 3122306942822 7837 
CLU_4824 3122302206323 9603 
CLU_4824 3122303747719 13294 
CLU_4824 3122306017940 11196 
CLU_4824 3122306942806 12090 
CLU_4824 3122304384881 8768 
CLU_4824 3122304207866 6801 
CLU_4824 3122302701804 9495 
CLU_4824 3122302159457 7622 
CLU_4824 3122302159856 8358 
CLU_4824 3122302159449 8953 
CLU_4824 3122307488882 13598 
CLU_4824 3122304239571 11886 
CLU_4824 3122306223354 13294 
CLU_4824 3122302159589 13476 
CLU_4824 3122306942849 14380 
CLU_4824 3122302159562 18982 
CLU_4824 3122302159287 25069 
CLU_4824 CLU_2725 10683 
CLU_4824 CLU_3545 13513 
CLU_4824 CLU_3551 11734 
CLU_4824 CLU_3565 21749 
CLU_4824 CLU_3570 7785 
CLU_4824 CLU_3580 15982 
CLU_4824 CLU_3581 12771 
CLU_4824 CLU_3588 14842 
CLU_4824 CLU_3593 11196 
CLU_4824 CLU_3594 13294 
CLU_4824 CLU_3602 18982 
CLU_4824 CLU_3603 15436 
CLU_4824 CLU_3604 15595 
CLU_4824 CLU_3605 25069 
CLU_4824 CLU_4824 0 
CLU_4824 CLU_2550 10339 
CLU_4825 3122302159694 1800 
CLU_4825 3122302159538 789 
CLU_4825 3122302159600 0 
CLU_4825 3122302159511 939 
CLU_4825 3122300273600 3775 
CLU_4825 3122302159503 2409 
CLU_4825 3122302159597 3768 
CLU_4825 3122302159406 5297 
CLU_4825 3122302159678 1553 
CLU_4825 3122302159422 4575 
CLU_4825 3122302159414 4569 
CLU_4825 3122304445651 4241 
CLU_4825 3122306026028 3601 
CLU_4825 3122304194500 2171 
CLU_4825 3122302159430 19606 
CLU_4825 3122302159392 11372 
CLU_4825 3122302206315 3096 
CLU_4825 3122307269161 2891 
CLU_4825 3122306703518 3359 
CLU_4825 3122302159473 4426 
CLU_4825 3122302159554 2396 
CLU_4825 3122306072046 1667 
CLU_4825 3122302159546 2891 
CLU_4825 3122307676875 3201 
CLU_4825 3122306942822 3561 
CLU_4825 3122302206323 5044 
CLU_4825 3122303747719 4233 
CLU_4825 3122306017940 5904 
CLU_4825 3122306942806 5470 
CLU_4825 3122304384881 4272 
CLU_4825 3122304207866 8818 
CLU_4825 3122302701804 3938 
CLU_4825 3122302159457 3775 
CLU_4825 3122302159856 5349 
CLU_4825 3122302159449 8487 
CLU_4825 3122307488882 4963 
CLU_4825 3122304239571 4166 
CLU_4825 3122306223354 4233 
CLU_4825 3122302159589 2104 
CLU_4825 3122306942849 3343 
CLU_4825 3122302159562 11001 
CLU_4825 3122302159287 16358 
CLU_4825 CLU_2725 16278 
CLU_4825 CLU_3545 5153 
CLU_4825 CLU_3551 6554 
CLU_4825 CLU_3565 10927 
CLU_4825 CLU_3570 5916 
CLU_4825 CLU_3580 6891 
CLU_4825 CLU_3581 5256 
CLU_4825 CLU_3588 6149 
CLU_4825 CLU_3593 5904 
CLU_4825 CLU_3594 4233 
CLU_4825 CLU_3602 11001 
CLU_4825 CLU_3603 6189 
CLU_4825 CLU_3604 10186 
CLU_4825 CLU_3605 16358 
CLU_4825 CLU_4824 11372 
CLU_4825 CLU_2550 11095 
CLU_4826 3122302159694 1881 
CLU_4826 3122302159538 2516 
CLU_4826 3122302159600 2091 
CLU_4826 3122302159511 1719 
CLU_4826 3122300273600 1753 
CLU_4826 3122302159503 596 
CLU_4826 3122302159597 2999 
CLU_4826 3122302159406 4268 
CLU_4826 3122302159678 3457 
CLU_4826 3122302159422 6409 
CLU_4826 3122302159414 6471 
CLU_4826 3122304445651 6333 
CLU_4826 3122306026028 5242 
CLU_4826 3122304194500 1986 
CLU_4826 3122302159430 21674 
CLU_4826 3122302159392 9288 
CLU_4826 3122302206315 4059 
CLU_4826 3122307269161 1418 
CLU_4826 3122306703518 1542 
CLU_4826 3122302159473 5071 
CLU_4826 3122302159554 4480 
CLU_4826 3122306072046 3327 
CLU_4826 3122302159546 1418 
CLU_4826 3122307676875 1339 
CLU_4826 3122306942822 1470 
CLU_4826 3122302206323 4446 
CLU_4826 3122303747719 5134 
CLU_4826 3122306017940 5832 
CLU_4826 3122306942806 5807 
CLU_4826 3122304384881 2947 
CLU_4826 3122304207866 7376 
CLU_4826 3122302701804 2969 
CLU_4826 3122302159457 1753 
CLU_4826 3122302159856 4252 
CLU_4826 3122302159449 7510 
CLU_4826 3122307488882 6023 
CLU_4826 3122304239571 4399 
CLU_4826 3122306223354 5134 
CLU_4826 3122302159589 4193 
CLU_4826 3122306942849 5211 
CLU_4826 3122302159562 12201 
CLU_4826 3122302159287 17852 
CLU_4826 CLU_2725 14643 
CLU_4826 CLU_3545 6125 
CLU_4826 CLU_3551 6567 
CLU_4826 CLU_3565 12903 
CLU_4826 CLU_3570 4370 
CLU_4826 CLU_3580 8263 
CLU_4826 CLU_3581 5906 
CLU_4826 CLU_3588 7337 
CLU_4826 CLU_3593 5832 
CLU_4826 CLU_3594 5134 
CLU_4826 CLU_3602 12201 
CLU_4826 CLU_3603 7578 
CLU_4826 CLU_3604 10649 
CLU_4826 CLU_3605 17852 
CLU_4826 CLU_4824 9288 
CLU_4826 CLU_2550 9887 
CLU_4827 3122302159694 2531 
CLU_4827 3122302159538 4877 
CLU_4827 3122302159600 4105 
CLU_4827 3122302159511 3280 
CLU_4827 3122300273600 4492 
CLU_4827 3122302159503 3844 
CLU_4827 3122302159597 1855 
CLU_4827 3122302159406 2644 
CLU_4827 3122302159678 3677 
CLU_4827 3122302159422 4744 
CLU_4827 3122302159414 5051 
CLU_4827 3122304445651 6408 
CLU_4827 3122306026028 7414 
CLU_4827 3122304194500 5844 
CLU_4827 3122302159430 20138 
CLU_4827 3122302159392 11034 
CLU_4827 3122302206315 1683 
CLU_4827 3122307269161 5669 
CLU_4827 3122306703518 3806 
CLU_4827 3122302159473 1229 
CLU_4827 3122302159554 5345 
CLU_4827 3122306072046 5672 
CLU_4827 3122302159546 5669 
CLU_4827 3122307676875 5467 
CLU_4827 3122306942822 4979 
CLU_4827 3122302206323 1697 
CLU_4827 3122303747719 8336 
CLU_4827 3122306017940 1804 
CLU_4827 3122306942806 1559 
CLU_4827 3122304384881 7188 
CLU_4827 3122304207866 6137 
CLU_4827 3122302701804 7206 
CLU_4827 3122302159457 4492 
CLU_4827 3122302159856 2811 
CLU_4827 3122302159449 5009 
CLU_4827 3122307488882 2566 
CLU_4827 3122304239571 8165 
CLU_4827 3122306223354 8336 
CLU_4827 3122302159589 5073 
CLU_4827 3122306942849 6875 
CLU_4827 3122302159562 8364 
CLU_4827 3122302159287 14312 
CLU_4827 CLU_2725 18431 
CLU_4827 CLU_3545 2484 
CLU_4827 CLU_3551 2454 
CLU_4827 CLU_3565 10961 
CLU_4827 CLU_3570 8481 
CLU_4827 CLU_3580 4952 
CLU_4827 CLU_3581 1861 
CLU_4827 CLU_3588 3823 
CLU_4827 CLU_3593 1804 
CLU_4827 CLU_3594 8336 
CLU_4827 CLU_3602 8364 
CLU_4827 CLU_3603 4405 
CLU_4827 CLU_3604 6397 
CLU_4827 CLU_3605 14312 
CLU_4827 CLU_4824 11034 
CLU_4827 CLU_2550 14073 
CLU_4828 3122302159694 2274 
CLU_4828 3122302159538 4202 
CLU_4828 3122302159600 3482 
CLU_4828 3122302159511 2810 
CLU_4828 3122300273600 4804 
CLU_4828 3122302159503 3873 
CLU_4828 3122302159597 2509 
CLU_4828 3122302159406 3617 
CLU_4828 3122302159678 2749 
CLU_4828 3122302159422 3701 
CLU_4828 3122302159414 3992 
CLU_4828 3122304445651 5339 
CLU_4828 3122306026028 6541 
CLU_4828 3122304194500 5451 
CLU_4828 3122302159430 19193 
CLU_4828 3122302159392 11791 
CLU_4828 3122302206315 615 
CLU_4828 3122307269161 5538 
CLU_4828 3122306703518 4106 
CLU_4828 3122302159473 960 
CLU_4828 3122302159554 4371 
CLU_4828 3122306072046 4917 
CLU_4828 3122302159546 5538 
CLU_4828 3122307676875 5461 
CLU_4828 3122306942822 5155 
CLU_4828 3122302206323 2747 
CLU_4828 3122303747719 7640 
CLU_4828 3122306017940 2698 
CLU_4828 3122306942806 2014 
CLU_4828 3122304384881 7080 
CLU_4828 3122304207866 7190 
CLU_4828 3122302701804 6989 
CLU_4828 3122302159457 4804 
CLU_4828 3122302159856 3772 
CLU_4828 3122302159449 6086 
CLU_4828 3122307488882 1955 
CLU_4828 3122304239571 7641 
CLU_4828 3122306223354 7640 
CLU_4828 3122302159589 4116 
CLU_4828 3122306942849 5943 
CLU_4828 3122302159562 8086 
CLU_4828 3122302159287 13883 
CLU_4828 CLU_2725 18670 
CLU_4828 CLU_3545 2001 
CLU_4828 CLU_3551 3222 
CLU_4828 CLU_3565 10043 
CLU_4828 CLU_3570 8509 
CLU_4828 CLU_3580 4341 
CLU_4828 CLU_3581 1808 
CLU_4828 CLU_3588 3292 
CLU_4828 CLU_3593 2698 
CLU_4828 CLU_3594 7640 
CLU_4828 CLU_3602 8086 
CLU_4828 CLU_3603 3718 
CLU_4828 CLU_3604 6718 
CLU_4828 CLU_3605 13883 
CLU_4828 CLU_4824 11791 
CLU_4828 CLU_2550 14035 
CLU_4829 3122302159694 3692 
CLU_4829 3122302159538 5238 
CLU_4829 3122302159600 4610 
CLU_4829 3122302159511 4102 
CLU_4829 3122300273600 6272 
CLU_4829 3122302159503 5330 
CLU_4829 3122302159597 3863 
CLU_4829 3122302159406 4710 
CLU_4829 3122302159678 3482 
CLU_4829 3122302159422 3071 
CLU_4829 3122302159414 3442 
CLU_4829 3122304445651 5295 
CLU_4829 3122306026028 7176 
CLU_4829 3122304194500 6708 
CLU_4829 3122302159430 18112 
CLU_4829 3122302159392 13114 
CLU_4829 3122302206315 1552 
CLU_4829 3122307269161 6936 
CLU_4829 3122306703518 5574 
CLU_4829 3122302159473 880 
CLU_4829 3122302159554 4841 
CLU_4829 3122306072046 5814 
CLU_4829 3122302159546 6936 
CLU_4829 3122307676875 6899 
CLU_4829 3122306942822 6624 
CLU_4829 3122302206323 3702 
CLU_4829 3122303747719 8551 
CLU_4829 3122306017940 2882 
CLU_4829 3122306942806 1777 
CLU_4829 3122304384881 8475 
CLU_4829 3122304207866 8047 
CLU_4829 3122302701804 8334 
CLU_4829 3122302159457 6272 
CLU_4829 3122302159856 4883 
CLU_4829 3122302159449 6610 
CLU_4829 3122307488882 493 
CLU_4829 3122304239571 8753 
CLU_4829 3122306223354 8551 
CLU_4829 3122302159589 4653 
CLU_4829 3122306942849 6460 
CLU_4829 3122302159562 6631 
CLU_4829 3122302159287 12413 
CLU_4829 CLU_2725 20137 
CLU_4829 CLU_3545 555 
CLU_4829 CLU_3551 3087 
CLU_4829 CLU_3565 8923 
CLU_4829 CLU_3570 9943 
CLU_4829 CLU_3580 2902 
CLU_4829 CLU_3581 995 
CLU_4829 CLU_3588 1824 
CLU_4829 CLU_3593 2882 
CLU_4829 CLU_3594 8551 
CLU_4829 CLU_3602 6631 
CLU_4829 CLU_3603 2322 
CLU_4829 CLU_3604 5684 
CLU_4829 CLU_3605 12413 
CLU_4829 CLU_4824 13114 
CLU_4829 CLU_2550 15435 
CLU_4830 3122302159694 3646 
CLU_4830 3122302159538 5036 
CLU_4830 3122302159600 4438 
CLU_4830 3122302159511 3989 
CLU_4830 3122300273600 6309 
CLU_4830 3122302159503 5310 
CLU_4830 3122302159597 3992 
CLU_4830 3122302159406 4925 
CLU_4830 3122302159678 3238 
CLU_4830 3122302159422 2736 
CLU_4830 3122302159414 3104 
CLU_4830 3122304445651 4955 
CLU_4830 3122306026028 6890 
CLU_4830 3122304194500 6564 
CLU_4830 3122302159430 17868 
CLU_4830 3122302159392 13269 
CLU_4830 3122302206315 1460 
CLU_4830 3122307269161 6858 
CLU_4830 3122306703518 5614 
CLU_4830 3122302159473 1134 
CLU_4830 3122302159554 4543 
CLU_4830 3122306072046 5578 
CLU_4830 3122302159546 6858 
CLU_4830 3122307676875 6853 
CLU_4830 3122306942822 6625 
CLU_4830 3122302206323 3939 
CLU_4830 3122303747719 8307 
CLU_4830 3122306017940 3206 
CLU_4830 3122306942806 2113 
CLU_4830 3122304384881 8391 
CLU_4830 3122304207866 8319 
CLU_4830 3122302701804 8222 
CLU_4830 3122302159457 6309 
CLU_4830 3122302159856 5094 
CLU_4830 3122302159449 6921 
CLU_4830 3122307488882 525 
CLU_4830 3122304239571 8555 
CLU_4830 3122306223354 8307 
CLU_4830 3122302159589 4365 
CLU_4830 3122306942849 6160 
CLU_4830 3122302159562 6687 
CLU_4830 3122302159287 12392 
CLU_4830 CLU_2725 20124 
CLU_4830 CLU_3545 741 
CLU_4830 CLU_3551 3428 
CLU_4830 CLU_3565 8684 
CLU_4830 CLU_3570 9888 
CLU_4830 CLU_3580 2825 
CLU_4830 CLU_3581 1337 
CLU_4830 CLU_3588 1819 
CLU_4830 CLU_3593 3206 
CLU_4830 CLU_3594 8307 
CLU_4830 CLU_3602 6687 
CLU_4830 CLU_3603 2199 
CLU_4830 CLU_3604 5947 
CLU_4830 CLU_3605 12392 
CLU_4830 CLU_4824 13269 
CLU_4830 CLU_2550 15347 
CLU_4831 3122302159694 2762 
CLU_4831 3122302159538 4456 
CLU_4831 3122302159600 3782 
CLU_4831 3122302159511 3206 
CLU_4831 3122300273600 5364 
CLU_4831 3122302159503 4398 
CLU_4831 3122302159597 3065 
CLU_4831 3122302159406 4101 
CLU_4831 3122302159678 2830 
CLU_4831 3122302159422 3276 
CLU_4831 3122302159414 3595 
CLU_4831 3122304445651 5127 
CLU_4831 3122306026028 6614 
CLU_4831 3122304194500 5833 
CLU_4831 3122302159430 18684 
CLU_4831 3122302159392 12348 
CLU_4831 3122302206315 687 
CLU_4831 3122307269161 6012 
CLU_4831 3122306703518 4668 
CLU_4831 3122302159473 738 
CLU_4831 3122302159554 4355 
CLU_4831 3122306072046 5104 
CLU_4831 3122302159546 6012 
CLU_4831 3122307676875 5968 
CLU_4831 3122306942822 5698 
CLU_4831 3122302206323 3173 
CLU_4831 3122303747719 7845 
CLU_4831 3122306017940 2822 
CLU_4831 3122306942806 1935 
CLU_4831 3122304384881 7552 
CLU_4831 3122304207866 7611 
CLU_4831 3122302701804 7427 
CLU_4831 3122302159457 5364 
CLU_4831 3122302159856 4262 
CLU_4831 3122302159449 6386 
CLU_4831 3122307488882 1402 
CLU_4831 3122304239571 7947 
CLU_4831 3122306223354 7845 
CLU_4831 3122302159589 4127 
CLU_4831 3122306942849 5961 
CLU_4831 3122302159562 7564 
CLU_4831 3122302159287 13327 
CLU_4831 CLU_2725 19208 
CLU_4831 CLU_3545 1481 
CLU_4831 CLU_3551 3237 
CLU_4831 CLU_3565 9519 
CLU_4831 CLU_3570 9012 
CLU_4831 CLU_3580 3774 
CLU_4831 CLU_3581 1491 
CLU_4831 CLU_3588 2739 
CLU_4831 CLU_3593 2822 
CLU_4831 CLU_3594 7845 
CLU_4831 CLU_3602 7564 
CLU_4831 CLU_3603 3148 
CLU_4831 CLU_3604 6414 
CLU_4831 CLU_3605 13327 
CLU_4831 CLU_4824 12348 
CLU_4831 CLU_2550 14512 
CLU_4832 3122302159694 4628 
CLU_4832 3122302159538 3106 
CLU_4832 3122302159600 3364 
CLU_4832 3122302159511 4007 
CLU_4832 3122300273600 7121 
CLU_4832 3122302159503 5748 
CLU_4832 3122302159597 6445 
CLU_4832 3122302159406 7941 
CLU_4832 3122302159678 2371 
CLU_4832 3122302159422 2730 
CLU_4832 3122302159414 2437 
CLU_4832 3122304445651 886 
CLU_4832 3122306026028 2727 
CLU_4832 3122304194500 4892 
CLU_4832 3122302159430 16313 
CLU_4832 3122302159392 14733 
CLU_4832 3122302206315 4181 
CLU_4832 3122307269161 6053 
CLU_4832 3122306703518 6647 
CLU_4832 3122302159473 5386 
CLU_4832 3122302159554 1003 
CLU_4832 3122306072046 2742 
CLU_4832 3122302159546 6053 
CLU_4832 3122307676875 6481 
CLU_4832 3122306942822 6923 
CLU_4832 3122302206323 7338 
CLU_4832 3122303747719 4676 
CLU_4832 3122306017940 7468 
CLU_4832 3122306942806 6580 
CLU_4832 3122304384881 7172 
CLU_4832 3122304207866 11612 
CLU_4832 3122302701804 6635 
CLU_4832 3122302159457 7121 
CLU_4832 3122302159856 8046 
CLU_4832 3122302159449 10815 
CLU_4832 3122307488882 5021 
CLU_4832 3122304239571 5626 
CLU_4832 3122306223354 4676 
CLU_4832 3122302159589 1266 
CLU_4832 3122306942849 1857 
CLU_4832 3122302159562 9827 
CLU_4832 3122302159287 14361 
CLU_4832 CLU_2725 19043 
CLU_4832 CLU_3545 5321 
CLU_4832 CLU_3551 7899 
CLU_4832 CLU_3565 7929 
CLU_4832 CLU_3570 8844 
CLU_4832 CLU_3580 5797 
CLU_4832 CLU_3581 5948 
CLU_4832 CLU_3588 5615 
CLU_4832 CLU_3593 7468 
CLU_4832 CLU_3594 4676 
CLU_4832 CLU_3602 9827 
CLU_4832 CLU_3603 5192 
CLU_4832 CLU_3604 10426 
CLU_4832 CLU_3605 14361 
CLU_4832 CLU_4824 14733 
CLU_4832 CLU_2550 13433 
CLU_4833 3122302159694 5966 
CLU_4833 3122302159538 4217 
CLU_4833 3122302159600 4601 
CLU_4833 3122302159511 5312 
CLU_4833 3122300273600 8376 
CLU_4833 3122302159503 7008 
CLU_4833 3122302159597 7796 
CLU_4833 3122302159406 9292 
CLU_4833 3122302159678 3721 
CLU_4833 3122302159422 3459 
CLU_4833 3122302159414 3084 
CLU_4833 3122304445651 850 
CLU_4833 3122306026028 2832 
CLU_4833 3122304194500 5853 
CLU_4833 3122302159430 15321 
CLU_4833 3122302159392 15960 
CLU_4833 3122302206315 5478 
CLU_4833 3122307269161 7120 
CLU_4833 3122306703518 7934 
CLU_4833 3122302159473 6619 
CLU_4833 3122302159554 2209 
CLU_4833 3122306072046 3649 
CLU_4833 3122302159546 7120 
CLU_4833 3122307676875 7603 
CLU_4833 3122306942822 8125 
CLU_4833 3122302206323 8677 
CLU_4833 3122303747719 4887 
CLU_4833 3122306017940 8736 
CLU_4833 3122306942806 7800 
CLU_4833 3122304384881 8093 
CLU_4833 3122304207866 12964 
CLU_4833 3122302701804 7493 
CLU_4833 3122302159457 8376 
CLU_4833 3122302159856 9397 
CLU_4833 3122302159449 12144 
CLU_4833 3122307488882 6103 
CLU_4833 3122304239571 6106 
CLU_4833 3122306223354 4887 
CLU_4833 3122302159589 2513 
CLU_4833 3122306942849 2070 
CLU_4833 3122302159562 10296 
CLU_4833 3122302159287 14353 
CLU_4833 CLU_2725 19756 
CLU_4833 CLU_3545 6410 
CLU_4833 CLU_3551 9128 
CLU_4833 CLU_3565 7352 
CLU_4833 CLU_3570 9739 
CLU_4833 CLU_3580 6472 
CLU_4833 CLU_3581 7116 
CLU_4833 CLU_3588 6499 
CLU_4833 CLU_3593 8736 
CLU_4833 CLU_3594 4887 
CLU_4833 CLU_3602 10296 
CLU_4833 CLU_3603 5950 
CLU_4833 CLU_3604 11367 
CLU_4833 CLU_3605 14353 
CLU_4833 CLU_4824 15960 
CLU_4833 CLU_2550 13981 
CLU_4834 3122302159694 5843 
CLU_4834 3122302159538 4246 
CLU_4834 3122302159600 4568 
CLU_4834 3122302159511 5229 
CLU_4834 3122300273600 8334 
CLU_4834 3122302159503 6962 
CLU_4834 3122302159597 7630 
CLU_4834 3122302159406 9110 
CLU_4834 3122302159678 3573 
CLU_4834 3122302159422 3085 
CLU_4834 3122302159414 2705 
CLU_4834 3122304445651 512 
CLU_4834 3122306026028 3116 
CLU_4834 3122304194500 5948 
CLU_4834 3122302159430 15211 
CLU_4834 3122302159392 15940 
CLU_4834 3122302206315 5227 
CLU_4834 3122307269161 7177 
CLU_4834 3122306703518 7868 
CLU_4834 3122302159473 6329 
CLU_4834 3122302159554 2175 
CLU_4834 3122306072046 3749 
CLU_4834 3122302159546 7177 
CLU_4834 3122307676875 7637 
CLU_4834 3122306942822 8117 
CLU_4834 3122302206323 8463 
CLU_4834 3122303747719 5173 
CLU_4834 3122306017940 8460 
CLU_4834 3122306942806 7502 
CLU_4834 3122304384881 8209 
CLU_4834 3122304207866 12785 
CLU_4834 3122302701804 7629 
CLU_4834 3122302159457 8334 
CLU_4834 3122302159856 9220 
CLU_4834 3122302159449 11911 
CLU_4834 3122307488882 5767 
CLU_4834 3122304239571 6341 
CLU_4834 3122306223354 5173 
CLU_4834 3122302159589 2463 
CLU_4834 3122306942849 2311 
CLU_4834 3122302159562 9907 
CLU_4834 3122302159287 14001 
CLU_4834 CLU_2725 19948 
CLU_4834 CLU_3545 6075 
CLU_4834 CLU_3551 8832 
CLU_4834 CLU_3565 7097 
CLU_4834 CLU_3570 9867 
CLU_4834 CLU_3580 6087 
CLU_4834 CLU_3581 6800 
CLU_4834 CLU_3588 6129 
CLU_4834 CLU_3593 8460 
CLU_4834 CLU_3594 5173 
CLU_4834 CLU_3602 9907 
CLU_4834 CLU_3603 5569 
CLU_4834 CLU_3604 11000 
CLU_4834 CLU_3605 14001 
CLU_4834 CLU_4824 15940 
CLU_4834 CLU_2550 14214 
CLU_4835 3122302159694 2541 
CLU_4835 3122302159538 1884 
CLU_4835 3122302159600 1653 
CLU_4835 3122302159511 2008 
CLU_4835 3122300273600 5176 
CLU_4835 3122302159503 3815 
CLU_4835 3122302159597 4353 
CLU_4835 3122302159406 5862 
CLU_4835 3122302159678 276 
CLU_4835 3122302159422 2939 
CLU_4835 3122302159414 2916 
CLU_4835 3122304445651 2884 
CLU_4835 3122306026028 3575 
CLU_4835 3122304194500 3717 
CLU_4835 3122302159430 18051 
CLU_4835 3122302159392 12794 
CLU_4835 3122302206315 2415 
CLU_4835 3122307269161 4544 
CLU_4835 3122306703518 4644 
CLU_4835 3122302159473 3773 
CLU_4835 3122302159554 1414 
CLU_4835 3122306072046 2220 
CLU_4835 3122302159546 4544 
CLU_4835 3122307676875 4833 
CLU_4835 3122306942822 5091 
CLU_4835 3122302206323 5317 
CLU_4835 3122303747719 4924 
CLU_4835 3122306017940 5679 
CLU_4835 3122306942806 4954 
CLU_4835 3122304384881 5905 
CLU_4835 3122304207866 9526 
CLU_4835 3122302701804 5523 
CLU_4835 3122302159457 5176 
CLU_4835 3122302159856 5961 
CLU_4835 3122302159449 8820 
CLU_4835 3122307488882 3879 
CLU_4835 3122304239571 5308 
CLU_4835 3122306223354 4924 
CLU_4835 3122302159589 1136 
CLU_4835 3122306942849 2953 
CLU_4835 3122302159562 9626 
CLU_4835 3122302159287 14803 
CLU_4835 CLU_2725 17917 
CLU_4835 CLU_3545 4130 
CLU_4835 CLU_3551 6208 
CLU_4835 CLU_3565 9289 
CLU_4835 CLU_3570 7560 
CLU_4835 CLU_3580 5474 
CLU_4835 CLU_3581 4498 
CLU_4835 CLU_3588 4887 
CLU_4835 CLU_3593 5679 
CLU_4835 CLU_3594 4924 
CLU_4835 CLU_3602 9626 
CLU_4835 CLU_3603 4778 
CLU_4835 CLU_3604 9331 
CLU_4835 CLU_3605 14803 
CLU_4835 CLU_4824 12794 
CLU_4835 CLU_2550 12642 
CLU_4836 3122302159694 3448 
CLU_4836 3122302159538 2548 
CLU_4836 3122302159600 2509 
CLU_4836 3122302159511 2941 
CLU_4836 3122300273600 6109 
CLU_4836 3122302159503 4745 
CLU_4836 3122302159597 5185 
CLU_4836 3122302159406 6664 
CLU_4836 3122302159678 1170 
CLU_4836 3122302159422 2294 
CLU_4836 3122302159414 2177 
CLU_4836 3122304445651 1992 
CLU_4836 3122306026028 3425 
CLU_4836 3122304194500 4428 
CLU_4836 3122302159430 17129 
CLU_4836 3122302159392 13727 
CLU_4836 3122302206315 2895 
CLU_4836 3122307269161 5380 
CLU_4836 3122306703518 5576 
CLU_4836 3122302159473 4145 
CLU_4836 3122302159554 1056 
CLU_4836 3122306072046 2588 
CLU_4836 3122302159546 5380 
CLU_4836 3122307676875 5710 
CLU_4836 3122306942822 6010 
CLU_4836 3122302206323 6040 
CLU_4836 3122303747719 5084 
CLU_4836 3122306017940 6193 
CLU_4836 3122306942806 5344 
CLU_4836 3122304384881 6675 
CLU_4836 3122304207866 10339 
CLU_4836 3122302701804 6237 
CLU_4836 3122302159457 6109 
CLU_4836 3122302159856 6774 
CLU_4836 3122302159449 9515 
CLU_4836 3122307488882 3941 
CLU_4836 3122304239571 5714 
CLU_4836 3122306223354 5084 
CLU_4836 3122302159589 966 
CLU_4836 3122306942849 2654 
CLU_4836 3122302159562 9279 
CLU_4836 3122302159287 14223 
CLU_4836 CLU_2725 18674 
CLU_4836 CLU_3545 4227 
CLU_4836 CLU_3551 6649 
CLU_4836 CLU_3565 8423 
CLU_4836 CLU_3570 8344 
CLU_4836 CLU_3580 5139 
CLU_4836 CLU_3581 4764 
CLU_4836 CLU_3588 4738 
CLU_4836 CLU_3593 6193 
CLU_4836 CLU_3594 5084 
CLU_4836 CLU_3602 9279 
CLU_4836 CLU_3603 4472 
CLU_4836 CLU_3604 9416 
CLU_4836 CLU_3605 14223 
CLU_4836 CLU_4824 13727 
CLU_4836 CLU_2550 13279 
CLU_4837 3122302159694 6169 
CLU_4837 3122302159538 8713 
CLU_4837 3122302159600 7924 
CLU_4837 3122302159511 7018 
CLU_4837 3122300273600 6766 
CLU_4837 3122302159503 6859 
CLU_4837 3122302159597 4424 
CLU_4837 3122302159406 3349 
CLU_4837 3122302159678 7647 
CLU_4837 3122302159422 8202 
CLU_4837 3122302159414 8569 
CLU_4837 3122304445651 10250 
CLU_4837 3122306026028 11363 
CLU_4837 3122304194500 9316 
CLU_4837 3122302159430 22671 
CLU_4837 3122302159392 10630 
CLU_4837 3122302206315 5574 
CLU_4837 3122307269161 8720 
CLU_4837 3122306703518 6283 
CLU_4837 3122302159473 4451 
CLU_4837 3122302159554 9311 
CLU_4837 3122306072046 9558 
CLU_4837 3122302159546 8720 
CLU_4837 3122307676875 8296 
CLU_4837 3122306942822 7482 
CLU_4837 3122302206323 2982 
CLU_4837 3122303747719 12130 
CLU_4837 3122306017940 2301 
CLU_4837 3122306942806 3355 
CLU_4837 3122304384881 10059 
CLU_4837 3122304207866 4040 
CLU_4837 3122302701804 10296 
CLU_4837 3122302159457 6766 
CLU_4837 3122302159856 3451 
CLU_4837 3122302159449 1919 
CLU_4837 3122307488882 5380 
CLU_4837 3122304239571 11736 
CLU_4837 3122306223354 12130 
CLU_4837 3122302159589 9042 
CLU_4837 3122306942849 10843 
CLU_4837 3122302159562 8760 
CLU_4837 3122302159287 14795 
CLU_4837 CLU_2725 19839 
CLU_4837 CLU_3545 5107 
CLU_4837 CLU_3551 2094 
CLU_4837 CLU_3565 13558 
CLU_4837 CLU_3570 10943 
CLU_4837 CLU_3580 7031 
CLU_4837 CLU_3581 4190 
CLU_4837 CLU_3588 5990 
CLU_4837 CLU_3593 2301 
CLU_4837 CLU_3594 12130 
CLU_4837 CLU_3602 8760 
CLU_4837 CLU_3603 6819 
CLU_4837 CLU_3604 4973 
CLU_4837 CLU_3605 14795 
CLU_4837 CLU_4824 10630 
CLU_4837 CLU_2550 16446 
CLU_4838 3122302159694 3275 
CLU_4838 3122302159538 5673 
CLU_4838 3122302159600 4898 
CLU_4838 3122302159511 4055 
CLU_4838 3122300273600 4927 
CLU_4838 3122302159503 4451 
CLU_4838 3122302159597 2193 
CLU_4838 3122302159406 2476 
CLU_4838 3122302159678 4463 
CLU_4838 3122302159422 5274 
CLU_4838 3122302159414 5608 
CLU_4838 3122304445651 7107 
CLU_4838 3122306026028 8214 
CLU_4838 3122304194500 6581 
CLU_4838 3122302159430 20463 
CLU_4838 3122302159392 11012 
CLU_4838 3122302206315 2393 
CLU_4838 3122307269161 6315 
CLU_4838 3122306703518 4268 
CLU_4838 3122302159473 1497 
CLU_4838 3122302159554 6121 
CLU_4838 3122306072046 6474 
CLU_4838 3122302159546 6315 
CLU_4838 3122307676875 6060 
CLU_4838 3122306942822 5485 
CLU_4838 3122302206323 1418 
CLU_4838 3122303747719 9131 
CLU_4838 3122306017940 1006 
CLU_4838 3122306942806 1120 
CLU_4838 3122304384881 7810 
CLU_4838 3122304207866 5691 
CLU_4838 3122302701804 7874 
CLU_4838 3122302159457 4927 
CLU_4838 3122302159856 2658 
CLU_4838 3122302159449 4362 
CLU_4838 3122307488882 2772 
CLU_4838 3122304239571 8928 
CLU_4838 3122306223354 9131 
CLU_4838 3122302159589 5854 
CLU_4838 3122306942849 7665 
CLU_4838 3122302159562 8119 
CLU_4838 3122302159287 14147 
CLU_4838 CLU_2725 18818 
CLU_4838 CLU_3545 2604 
CLU_4838 CLU_3551 1688 
CLU_4838 CLU_3565 11271 
CLU_4838 CLU_3570 9028 
CLU_4838 CLU_3580 5028 
CLU_4838 CLU_3581 1770 
CLU_4838 CLU_3588 3877 
CLU_4838 CLU_3593 1006 
CLU_4838 CLU_3594 9131 
CLU_4838 CLU_3602 8119 
CLU_4838 CLU_3603 4564 
CLU_4838 CLU_3604 5790 
CLU_4838 CLU_3605 14147 
CLU_4838 CLU_4824 11012 
CLU_4838 CLU_2550 14633 
CLU_4839 3122302159694 3914 
CLU_4839 3122302159538 6156 
CLU_4839 3122302159600 5405 
CLU_4839 3122302159511 4629 
CLU_4839 3122300273600 5764 
CLU_4839 3122302159503 5219 
CLU_4839 3122302159597 3037 
CLU_4839 3122302159406 3256 
CLU_4839 3122302159678 4745 
CLU_4839 3122302159422 5035 
CLU_4839 3122302159414 5398 
CLU_4839 3122304445651 7111 
CLU_4839 3122306026028 8541 
CLU_4839 3122304194500 7223 
CLU_4839 3122302159430 19919 
CLU_4839 3122302159392 11796 
CLU_4839 3122302206315 2565 
CLU_4839 3122307269161 7059 
CLU_4839 3122306703518 5097 
CLU_4839 3122302159473 1293 
CLU_4839 3122302159554 6337 
CLU_4839 3122306072046 6903 
CLU_4839 3122302159546 7059 
CLU_4839 3122307676875 6839 
CLU_4839 3122306942822 6303 
CLU_4839 3122302206323 2197 
CLU_4839 3122303747719 9611 
CLU_4839 3122306017940 910 
CLU_4839 3122306942806 295 
CLU_4839 3122304384881 8572 
CLU_4839 3122304207866 6219 
CLU_4839 3122302701804 8599 
CLU_4839 3122302159457 5764 
CLU_4839 3122302159856 3440 
CLU_4839 3122302159449 4652 
CLU_4839 3122307488882 2285 
CLU_4839 3122304239571 9517 
CLU_4839 3122306223354 9611 
CLU_4839 3122302159589 6095 
CLU_4839 3122306942849 7928 
CLU_4839 3122302159562 7279 
CLU_4839 3122302159287 13321 
CLU_4839 CLU_2725 19667 
CLU_4839 CLU_3545 2052 
CLU_4839 CLU_3551 1234 
CLU_4839 CLU_3565 10733 
CLU_4839 CLU_3570 9833 
CLU_4839 CLU_3580 4353 
CLU_4839 CLU_3581 1126 
CLU_4839 CLU_3588 3209 
CLU_4839 CLU_3593 910 
CLU_4839 CLU_3594 9611 
CLU_4839 CLU_3602 7279 
CLU_4839 CLU_3603 3959 
CLU_4839 CLU_3604 5009 
CLU_4839 CLU_3605 13321 
CLU_4839 CLU_4824 11796 
CLU_4839 CLU_2550 15433 
CLU_4840 3122302159694 20397 
CLU_4840 3122302159538 19420 
CLU_4840 3122302159600 19606 
CLU_4840 3122302159511 20047 
CLU_4840 3122300273600 23206 
CLU_4840 3122302159503 21860 
CLU_4840 3122302159597 21651 
CLU_4840 3122302159406 22781 
CLU_4840 3122302159678 18253 
CLU_4840 3122302159422 15602 
CLU_4840 3122302159414 15410 
CLU_4840 3122304445651 15428 
CLU_4840 3122306026028 17887 
CLU_4840 3122304194500 21160 
CLU_4840 3122302159430 0 
CLU_4840 3122302159392 30774 
CLU_4840 3122302206315 18760 
CLU_4840 3122307269161 22366 
CLU_4840 3122306703518 22624 
CLU_4840 3122302159473 18990 
CLU_4840 3122302159554 17316 
CLU_4840 3122306072046 18958 
CLU_4840 3122302159546 22366 
CLU_4840 3122307676875 22783 
CLU_4840 3122306942822 23139 
CLU_4840 3122302206323 21807 
CLU_4840 3122303747719 19752 
CLU_4840 3122306017940 20786 
CLU_4840 3122306942806 19646 
CLU_4840 3122304384881 23413 
CLU_4840 3122304207866 26132 
CLU_4840 3122302701804 22811 
CLU_4840 3122302159457 23206 
CLU_4840 3122302159856 22945 
CLU_4840 3122302159449 24463 
CLU_4840 3122307488882 17692 
CLU_4840 3122304239571 21196 
CLU_4840 3122306223354 19752 
CLU_4840 3122302159589 17566 
CLU_4840 3122306942849 17310 
CLU_4840 3122302159562 15161 
CLU_4840 3122302159287 12071 
CLU_4840 CLU_2725 34888 
CLU_4840 CLU_3545 17883 
CLU_4840 CLU_3551 20649 
CLU_4840 CLU_3565 9191 
CLU_4840 CLU_3570 25060 
CLU_4840 CLU_3580 15655 
CLU_4840 CLU_3581 18793 
CLU_4840 CLU_3588 16750 
CLU_4840 CLU_3593 20786 
CLU_4840 CLU_3594 19752 
CLU_4840 CLU_3602 15161 
CLU_4840 CLU_3603 15963 
CLU_4840 CLU_3604 19420 
CLU_4840 CLU_3605 12071 
CLU_4840 CLU_4824 30774 
CLU_4840 CLU_2550 28898 
CLU_4841 3122302159694 2256 
CLU_4841 3122302159538 3257 
CLU_4841 3122302159600 2673 
CLU_4841 3122302159511 2343 
CLU_4841 3122300273600 5120 
CLU_4841 3122302159503 3924 
CLU_4841 3122302159597 3415 
CLU_4841 3122302159406 4762 
CLU_4841 3122302159678 1510 
CLU_4841 3122302159422 2690 
CLU_4841 3122302159414 2898 
CLU_4841 3122304445651 3982 
CLU_4841 3122306026028 5282 
CLU_4841 3122304194500 4823 
CLU_4841 3122302159430 18292 
CLU_4841 3122302159392 12511 
CLU_4841 3122302206315 762 
CLU_4841 3122307269161 5252 
CLU_4841 3122306703518 4463 
CLU_4841 3122302159473 2071 
CLU_4841 3122302159554 3031 
CLU_4841 3122306072046 3827 
CLU_4841 3122302159546 5252 
CLU_4841 3122307676875 5340 
CLU_4841 3122306942822 5282 
CLU_4841 3122302206323 4013 
CLU_4841 3122303747719 6566 
CLU_4841 3122306017940 4061 
CLU_4841 3122306942806 3260 
CLU_4841 3122304384881 6758 
CLU_4841 3122304207866 8414 
CLU_4841 3122302701804 6530 
CLU_4841 3122302159457 5120 
CLU_4841 3122302159856 4896 
CLU_4841 3122302159449 7433 
CLU_4841 3122307488882 2299 
CLU_4841 3122304239571 6776 
CLU_4841 3122306223354 6566 
CLU_4841 3122302159589 2796 
CLU_4841 3122306942849 4630 
CLU_4841 3122302159562 8353 
CLU_4841 3122302159287 13862 
CLU_4841 CLU_2725 18643 
CLU_4841 CLU_3545 2511 
CLU_4841 CLU_3551 4541 
CLU_4841 CLU_3565 9241 
CLU_4841 CLU_3570 8319 
CLU_4841 CLU_3580 4295 
CLU_4841 CLU_3581 2793 
CLU_4841 CLU_3588 3483 
CLU_4841 CLU_3593 4061 
CLU_4841 CLU_3594 6566 
CLU_4841 CLU_3602 8353 
CLU_4841 CLU_3603 3599 
CLU_4841 CLU_3604 7666 
CLU_4841 CLU_3605 13862 
CLU_4841 CLU_4824 12511 
CLU_4841 CLU_2550 13685 
CLU_4842 3122302159694 2239 
CLU_4842 3122302159538 3939 
CLU_4842 3122302159600 3359 
CLU_4842 3122302159511 2646 
CLU_4842 3122300273600 698 
CLU_4842 3122302159503 998 
CLU_4842 3122302159597 2091 
CLU_4842 3122302159406 2973 
CLU_4842 3122302159678 4412 
CLU_4842 3122302159422 7102 
CLU_4842 3122302159414 7241 
CLU_4842 3122304445651 7493 
CLU_4842 3122306026028 6745 
CLU_4842 3122304194500 3482 
CLU_4842 3122302159430 22624 
CLU_4842 3122302159392 8163 
CLU_4842 3122302206315 4244 
CLU_4842 3122307269161 2512 
CLU_4842 3122306703518 0 
CLU_4842 3122302159473 4883 
CLU_4842 3122302159554 5725 
CLU_4842 3122306072046 4800 
CLU_4842 3122302159546 2512 
CLU_4842 3122307676875 2020 
CLU_4842 3122306942822 1238 
CLU_4842 3122302206323 3424 
CLU_4842 3122303747719 6665 
CLU_4842 3122306017940 5053 
CLU_4842 3122306942806 5321 
CLU_4842 3122304384881 3776 
CLU_4842 3122304207866 5846 
CLU_4842 3122302701804 4051 
CLU_4842 3122302159457 698 
CLU_4842 3122302159856 2916 
CLU_4842 3122302159449 6127 
CLU_4842 3122307488882 6061 
CLU_4842 3122304239571 5839 
CLU_4842 3122306223354 6665 
CLU_4842 3122302159589 5421 
CLU_4842 3122306942849 6647 
CLU_4842 3122302159562 12130 
CLU_4842 3122302159287 17987 
CLU_4842 CLU_2725 14630 
CLU_4842 CLU_3545 6086 
CLU_4842 CLU_3551 5798 
CLU_4842 CLU_3565 13672 
CLU_4842 CLU_3570 4792 
CLU_4842 CLU_3580 8439 
CLU_4842 CLU_3581 5643 
CLU_4842 CLU_3588 7398 
CLU_4842 CLU_3593 5053 
CLU_4842 CLU_3594 6665 
CLU_4842 CLU_3602 12130 
CLU_4842 CLU_3603 7797 
CLU_4842 CLU_3604 10040 
CLU_4842 CLU_3605 17987 
CLU_4842 CLU_4824 8163 
CLU_4842 CLU_2550 10393 
CLU_4843 3122302159694 3805 
CLU_4843 3122302159538 6314 
CLU_4843 3122302159600 5563 
CLU_4843 3122302159511 4632 
CLU_4843 3122300273600 3407 
CLU_4843 3122302159503 3813 
CLU_4843 3122302159597 1850 
CLU_4843 3122302159406 400 
CLU_4843 3122302159678 5923 
CLU_4843 3122302159422 7706 
CLU_4843 3122302159414 7979 
CLU_4843 3122304445651 8999 
CLU_4843 3122306026028 9164 
CLU_4843 3122304194500 6393 
CLU_4843 3122302159430 23180 
CLU_4843 3122302159392 8172 
CLU_4843 3122302206315 4517 
CLU_4843 3122307269161 5542 
CLU_4843 3122306703518 3031 
CLU_4843 3122302159473 4229 
CLU_4843 3122302159554 7560 
CLU_4843 3122306072046 7215 
CLU_4843 3122302159546 5542 
CLU_4843 3122307676875 5037 
CLU_4843 3122306942822 4150 
CLU_4843 3122302206323 1442 
CLU_4843 3122303747719 9474 
CLU_4843 3122306017940 3065 
CLU_4843 3122306942806 3919 
CLU_4843 3122304384881 6755 
CLU_4843 3122304207866 3327 
CLU_4843 3122302701804 7077 
CLU_4843 3122302159457 3407 
CLU_4843 3122302159856 245 
CLU_4843 3122302159449 3106 
CLU_4843 3122307488882 5567 
CLU_4843 3122304239571 8806 
CLU_4843 3122306223354 9474 
CLU_4843 3122302159589 7254 
CLU_4843 3122306942849 8853 
CLU_4843 3122302159562 10845 
CLU_4843 3122302159287 16918 
CLU_4843 CLU_2725 16566 
CLU_4843 CLU_3545 5435 
CLU_4843 CLU_3551 3688 
CLU_4843 CLU_3565 14005 
CLU_4843 CLU_3570 7532 
CLU_4843 CLU_3580 7883 
CLU_4843 CLU_3581 4631 
CLU_4843 CLU_3588 6733 
CLU_4843 CLU_3593 3065 
CLU_4843 CLU_3594 9474 
CLU_4843 CLU_3602 10845 
CLU_4843 CLU_3603 7393 
CLU_4843 CLU_3604 7878 
CLU_4843 CLU_3605 16918 
CLU_4843 CLU_4824 8172 
CLU_4843 CLU_2550 13016 
CLU_4844 3122302159694 4043 
CLU_4844 3122302159538 3823 
CLU_4844 3122302159600 3620 
CLU_4844 3122302159511 3788 
CLU_4844 3122300273600 6885 
CLU_4844 3122302159503 5577 
CLU_4844 3122302159597 5433 
CLU_4844 3122302159406 6777 
CLU_4844 3122302159678 2075 
CLU_4844 3122302159422 964 
CLU_4844 3122302159414 975 
CLU_4844 3122304445651 2277 
CLU_4844 3122306026028 4665 
CLU_4844 3122304194500 5685 
CLU_4844 3122302159430 16356 
CLU_4844 3122302159392 14418 
CLU_4844 3122302206315 2669 
CLU_4844 3122307269161 6504 
CLU_4844 3122306703518 6278 
CLU_4844 3122302159473 3589 
CLU_4844 3122302159554 2351 
CLU_4844 3122306072046 3948 
CLU_4844 3122302159546 6504 
CLU_4844 3122307676875 6755 
CLU_4844 3122306942822 6911 
CLU_4844 3122302206323 5983 
CLU_4844 3122303747719 6424 
CLU_4844 3122306017940 5741 
CLU_4844 3122306942806 4737 
CLU_4844 3122304384881 7882 
CLU_4844 3122304207866 10412 
CLU_4844 3122302701804 7494 
CLU_4844 3122302159457 6885 
CLU_4844 3122302159856 6913 
CLU_4844 3122302159449 9316 
CLU_4844 3122307488882 2989 
CLU_4844 3122304239571 7078 
CLU_4844 3122306223354 6424 
CLU_4844 3122302159589 2321 
CLU_4844 3122306942849 3834 
CLU_4844 3122302159562 7931 
CLU_4844 3122302159287 12878 
CLU_4844 CLU_2725 19893 
CLU_4844 CLU_3545 3295 
CLU_4844 CLU_3551 6068 
CLU_4844 CLU_3565 7421 
CLU_4844 CLU_3570 9534 
CLU_4844 CLU_3580 3810 
CLU_4844 CLU_3581 4014 
CLU_4844 CLU_3588 3532 
CLU_4844 CLU_3593 5741 
CLU_4844 CLU_3594 6424 
CLU_4844 CLU_3602 7931 
CLU_4844 CLU_3603 3164 
CLU_4844 CLU_3604 8342 
CLU_4844 CLU_3605 12878 
CLU_4844 CLU_4824 14418 
CLU_4844 CLU_2550 14590 
CLU_4845 3122302159694 5377 
CLU_4845 3122302159538 2813 
CLU_4845 3122302159600 3579 
CLU_4845 3122302159511 4519 
CLU_4845 3122300273600 6823 
CLU_4845 3122302159503 5625 
CLU_4845 3122302159597 7347 
CLU_4845 3122302159406 8871 
CLU_4845 3122302159678 3932 
CLU_4845 3122302159422 5733 
CLU_4845 3122302159414 5474 
CLU_4845 3122304445651 3608 
CLU_4845 3122306026028 387 
CLU_4845 3122304194500 3516 
CLU_4845 3122302159430 18257 
CLU_4845 3122302159392 13972 
CLU_4845 3122302206315 6117 
CLU_4845 3122307269161 4924 
CLU_4845 3122306703518 6622 
CLU_4845 3122302159473 7491 
CLU_4845 3122302159554 2609 
CLU_4845 3122306072046 1913 
CLU_4845 3122302159546 4924 
CLU_4845 3122307676875 5540 
CLU_4845 3122306942822 6330 
CLU_4845 3122302206323 8605 
CLU_4845 3122303747719 1676 
CLU_4845 3122306017940 9291 
CLU_4845 3122306942806 8657 
CLU_4845 3122304384881 5446 
CLU_4845 3122304207866 12336 
CLU_4845 3122302701804 4755 
CLU_4845 3122302159457 6823 
CLU_4845 3122302159856 8918 
CLU_4845 3122302159449 12065 
CLU_4845 3122307488882 7548 
CLU_4845 3122304239571 2950 
CLU_4845 3122306223354 1676 
CLU_4845 3122302159589 2731 
CLU_4845 3122306942849 1222 
CLU_4845 3122302159562 12841 
CLU_4845 3122302159287 17389 
CLU_4845 CLU_2725 16660 
CLU_4845 CLU_3545 7817 
CLU_4845 CLU_3551 9873 
CLU_4845 CLU_3565 10568 
CLU_4845 CLU_3570 6974 
CLU_4845 CLU_3580 8748 
CLU_4845 CLU_3581 8225 
CLU_4845 CLU_3588 8401 
CLU_4845 CLU_3593 9291 
CLU_4845 CLU_3594 1676 
CLU_4845 CLU_3602 12841 
CLU_4845 CLU_3603 8102 
CLU_4845 CLU_3604 13027 
CLU_4845 CLU_3605 17389 
CLU_4845 CLU_4824 13972 
CLU_4845 CLU_2550 10798 
CLU_4846 3122302159694 4806 
CLU_4846 3122302159538 7319 
CLU_4846 3122302159600 6533 
CLU_4846 3122302159511 5641 
CLU_4846 3122300273600 5761 
CLU_4846 3122302159503 5655 
CLU_4846 3122302159597 3200 
CLU_4846 3122302159406 2490 
CLU_4846 3122302159678 6214 
CLU_4846 3122302159422 6876 
CLU_4846 3122302159414 7232 
CLU_4846 3122304445651 8842 
CLU_4846 3122306026028 9939 
CLU_4846 3122304194500 8024 
CLU_4846 3122302159430 21682 
CLU_4846 3122302159392 10640 
CLU_4846 3122302206315 4148 
CLU_4846 3122307269161 7539 
CLU_4846 3122306703518 5201 
CLU_4846 3122302159473 3081 
CLU_4846 3122302159554 7877 
CLU_4846 3122306072046 8152 
CLU_4846 3122302159546 7539 
CLU_4846 3122307676875 7172 
CLU_4846 3122306942822 6433 
CLU_4846 3122302206323 1778 
CLU_4846 3122303747719 10755 
CLU_4846 3122306017940 944 
CLU_4846 3122306942806 2086 
CLU_4846 3122304384881 8947 
CLU_4846 3122304207866 4545 
CLU_4846 3122302701804 9121 
CLU_4846 3122302159457 5761 
CLU_4846 3122302159856 2643 
CLU_4846 3122302159449 2810 
CLU_4846 3122307488882 4133 
CLU_4846 3122304239571 10427 
CLU_4846 3122306223354 10755 
CLU_4846 3122302159589 7608 
CLU_4846 3122306942849 9412 
CLU_4846 3122302159562 8373 
CLU_4846 3122302159287 14465 
CLU_4846 CLU_2725 19279 
CLU_4846 CLU_3545 3886 
CLU_4846 CLU_3551 1127 
CLU_4846 CLU_3565 12514 
CLU_4846 CLU_3570 9967 
CLU_4846 CLU_3580 6041 
CLU_4846 CLU_3581 2952 
CLU_4846 CLU_3588 4932 
CLU_4846 CLU_3593 944 
CLU_4846 CLU_3594 10755 
CLU_4846 CLU_3602 8373 
CLU_4846 CLU_3603 5728 
CLU_4846 CLU_3604 5159 
CLU_4846 CLU_3605 14465 
CLU_4846 CLU_4824 10640 
CLU_4846 CLU_2550 15540 
CLU_4847 3122302159694 3226 
CLU_4847 3122302159538 1032 
CLU_4847 3122302159600 1629 
CLU_4847 3122302159511 2405 
CLU_4847 3122300273600 4192 
CLU_4847 3122302159503 3045 
CLU_4847 3122302159597 5063 
CLU_4847 3122302159406 6520 
CLU_4847 3122302159678 2932 
CLU_4847 3122302159422 5785 
CLU_4847 3122302159414 5691 
CLU_4847 3122304445651 4730 
CLU_4847 3122306026028 2821 
CLU_4847 3122304194500 1047 
CLU_4847 3122302159430 20116 
CLU_4847 3122302159392 11421 
CLU_4847 3122302206315 4722 
CLU_4847 3122307269161 2382 
CLU_4847 3122306703518 4030 
CLU_4847 3122302159473 6055 
CLU_4847 3122302159554 2894 
CLU_4847 3122306072046 1157 
CLU_4847 3122302159546 2382 
CLU_4847 3122307676875 2954 
CLU_4847 3122306942822 3699 
CLU_4847 3122302206323 6442 
CLU_4847 3122303747719 2762 
CLU_4847 3122306017940 7462 
CLU_4847 3122306942806 7086 
CLU_4847 3122304384881 3308 
CLU_4847 3122304207866 9829 
CLU_4847 3122302701804 2772 
CLU_4847 3122302159457 4192 
CLU_4847 3122302159856 6539 
CLU_4847 3122302159449 9771 
CLU_4847 3122307488882 6557 
CLU_4847 3122304239571 2537 
CLU_4847 3122306223354 2762 
CLU_4847 3122302159589 2718 
CLU_4847 3122306942849 2981 
CLU_4847 3122302159562 12510 
CLU_4847 3122302159287 17700 
CLU_4847 CLU_2725 15210 
CLU_4847 CLU_3545 6760 
CLU_4847 CLU_3551 8134 
CLU_4847 CLU_3565 11776 
CLU_4847 CLU_3570 4977 
CLU_4847 CLU_3580 8368 
CLU_4847 CLU_3581 6885 
CLU_4847 CLU_3588 7700 
CLU_4847 CLU_3593 7462 
CLU_4847 CLU_3594 2762 
CLU_4847 CLU_3602 12510 
CLU_4847 CLU_3603 7668 
CLU_4847 CLU_3604 11815 
CLU_4847 CLU_3605 17700 
CLU_4847 CLU_4824 11421 
CLU_4847 CLU_2550 9767 
CLU_4848 3122302159694 4619 
CLU_4848 3122302159538 3586 
CLU_4848 3122302159600 3827 
CLU_4848 3122302159511 4118 
CLU_4848 3122300273600 3646 
CLU_4848 3122302159503 3358 
CLU_4848 3122302159597 5812 
CLU_4848 3122302159406 6921 
CLU_4848 3122302159678 5364 
CLU_4848 3122302159422 8352 
CLU_4848 3122302159414 8297 
CLU_4848 3122304445651 7401 
CLU_4848 3122306026028 5022 
CLU_4848 3122304194500 1706 
CLU_4848 3122302159430 22736 
CLU_4848 3122302159392 9497 
CLU_4848 3122302206315 6666 
CLU_4848 3122307269161 1473 
CLU_4848 3122306703518 3952 
CLU_4848 3122302159473 7822 
CLU_4848 3122302159554 5575 
CLU_4848 3122306072046 3812 
CLU_4848 3122302159546 1473 
CLU_4848 3122307676875 1950 
CLU_4848 3122306942822 2898 
CLU_4848 3122302206323 7249 
CLU_4848 3122303747719 3800 
CLU_4848 3122306017940 8687 
CLU_4848 3122306942806 8637 
CLU_4848 3122304384881 748 
CLU_4848 3122304207866 9523 
CLU_4848 3122302701804 116 
CLU_4848 3122302159457 3646 
CLU_4848 3122302159856 6868 
CLU_4848 3122302159449 10063 
CLU_4848 3122307488882 8628 
CLU_4848 3122304239571 2417 
CLU_4848 3122306223354 3800 
CLU_4848 3122302159589 5392 
CLU_4848 3122306942849 5454 
CLU_4848 3122302159562 14765 
CLU_4848 3122302159287 20186 
CLU_4848 CLU_2725 12543 
CLU_4848 CLU_3545 8773 
CLU_4848 CLU_3551 9423 
CLU_4848 CLU_3565 14457 
CLU_4848 CLU_3570 2323 
CLU_4848 CLU_3580 10695 
CLU_4848 CLU_3581 8669 
CLU_4848 CLU_3588 9887 
CLU_4848 CLU_3593 8687 
CLU_4848 CLU_3594 3800 
CLU_4848 CLU_3602 14765 
CLU_4848 CLU_3603 9993 
CLU_4848 CLU_3604 13482 
CLU_4848 CLU_3605 20186 
CLU_4848 CLU_4824 9497 
CLU_4848 CLU_2550 7275 
CLU_4849 3122302159694 3874 
CLU_4849 3122302159538 3655 
CLU_4849 3122302159600 3614 
CLU_4849 3122302159511 3592 
CLU_4849 3122300273600 2355 
CLU_4849 3122302159503 2348 
CLU_4849 3122302159597 4729 
CLU_4849 3122302159406 5710 
CLU_4849 3122302159678 5150 
CLU_4849 3122302159422 8172 
CLU_4849 3122302159414 8181 
CLU_4849 3122304445651 7643 
CLU_4849 3122306026028 5734 
CLU_4849 3122304194500 1994 
CLU_4849 3122302159430 23070 
CLU_4849 3122302159392 8508 
CLU_4849 3122302206315 6042 
CLU_4849 3122307269161 723 
CLU_4849 3122306703518 2742 
CLU_4849 3122302159473 7059 
CLU_4849 3122302159554 5757 
CLU_4849 3122306072046 4163 
CLU_4849 3122302159546 723 
CLU_4849 3122307676875 740 
CLU_4849 3122306942822 1602 
CLU_4849 3122302206323 6133 
CLU_4849 3122303747719 4867 
CLU_4849 3122306017940 7671 
CLU_4849 3122306942806 7750 
CLU_4849 3122304384881 1036 
CLU_4849 3122304207866 8202 
CLU_4849 3122302701804 1397 
CLU_4849 3122302159457 2355 
CLU_4849 3122302159856 5643 
CLU_4849 3122302159449 8795 
CLU_4849 3122307488882 8010 
CLU_4849 3122304239571 3631 
CLU_4849 3122306223354 4867 
CLU_4849 3122302159589 5520 
CLU_4849 3122306942849 5997 
CLU_4849 3122302159562 14188 
CLU_4849 3122302159287 19795 
CLU_4849 CLU_2725 12723 
CLU_4849 CLU_3545 8116 
CLU_4849 CLU_3551 8416 
CLU_4849 CLU_3565 14526 
CLU_4849 CLU_3570 2389 
CLU_4849 CLU_3580 10219 
CLU_4849 CLU_3581 7890 
CLU_4849 CLU_3588 9318 
CLU_4849 CLU_3593 7671 
CLU_4849 CLU_3594 4867 
CLU_4849 CLU_3602 14188 
CLU_4849 CLU_3603 9528 
CLU_4849 CLU_3604 12575 
CLU_4849 CLU_3605 19795 
CLU_4849 CLU_4824 8508 
CLU_4849 CLU_2550 7901 
CLU_4850 3122302159694 3658 
CLU_4850 3122302159538 3824 
CLU_4850 3122302159600 3666 
CLU_4850 3122302159511 3499 
CLU_4850 3122300273600 1823 
CLU_4850 3122302159503 2032 
CLU_4850 3122302159597 4311 
CLU_4850 3122302159406 5214 
CLU_4850 3122302159678 5159 
CLU_4850 3122302159422 8160 
CLU_4850 3122302159414 8196 
CLU_4850 3122304445651 7810 
CLU_4850 3122306026028 6096 
CLU_4850 3122304194500 2341 
CLU_4850 3122302159430 23232 
CLU_4850 3122302159392 8119 
CLU_4850 3122302206315 5848 
CLU_4850 3122307269161 937 
CLU_4850 3122306703518 2269 
CLU_4850 3122302159473 6788 
CLU_4850 3122302159554 5921 
CLU_4850 3122306072046 4423 
CLU_4850 3122302159546 937 
CLU_4850 3122307676875 474 
CLU_4850 3122306942822 1074 
CLU_4850 3122302206323 5688 
CLU_4850 3122303747719 5352 
CLU_4850 3122306017940 7271 
CLU_4850 3122306942806 7414 
CLU_4850 3122304384881 1531 
CLU_4850 3122304207866 7644 
CLU_4850 3122302701804 1955 
CLU_4850 3122302159457 1823 
CLU_4850 3122302159856 5139 
CLU_4850 3122302159449 8264 
CLU_4850 3122307488882 7802 
CLU_4850 3122304239571 4165 
CLU_4850 3122306223354 5352 
CLU_4850 3122302159589 5666 
CLU_4850 3122306942849 6297 
CLU_4850 3122302159562 13974 
CLU_4850 3122302159287 19654 
CLU_4850 CLU_2725 12840 
CLU_4850 CLU_3545 7889 
CLU_4850 CLU_3551 8018 
CLU_4850 CLU_3565 14590 
CLU_4850 CLU_3570 2625 
CLU_4850 CLU_3580 10063 
CLU_4850 CLU_3581 7606 
CLU_4850 CLU_3588 9124 
CLU_4850 CLU_3593 7271 
CLU_4850 CLU_3594 5352 
CLU_4850 CLU_3602 13974 
CLU_4850 CLU_3603 9380 
CLU_4850 CLU_3604 12214 
CLU_4850 CLU_3605 19654 
CLU_4850 CLU_4824 8119 
CLU_4850 CLU_2550 8215 
CLU_4851 3122302159694 3332 
CLU_4851 3122302159538 3875 
CLU_4851 3122302159600 3603 
CLU_4851 3122302159511 3296 
CLU_4851 3122300273600 1263 
CLU_4851 3122302159503 1653 
CLU_4851 3122302159597 3804 
CLU_4851 3122302159406 4660 
CLU_4851 3122302159678 5029 
CLU_4851 3122302159422 7987 
CLU_4851 3122302159414 8049 
CLU_4851 3122304445651 7820 
CLU_4851 3122306026028 6326 
CLU_4851 3122304194500 2614 
CLU_4851 3122302159430 23210 
CLU_4851 3122302159392 7924 
CLU_4851 3122302206315 5519 
CLU_4851 3122307269161 1239 
CLU_4851 3122306703518 1735 
CLU_4851 3122302159473 6386 
CLU_4851 3122302159554 5940 
CLU_4851 3122306072046 4559 
CLU_4851 3122302159546 1239 
CLU_4851 3122307676875 585 
CLU_4851 3122306942822 516 
CLU_4851 3122302206323 5159 
CLU_4851 3122303747719 5737 
CLU_4851 3122306017940 6769 
CLU_4851 3122306942806 6959 
CLU_4851 3122304384881 2091 
CLU_4851 3122304207866 7109 
CLU_4851 3122302701804 2495 
CLU_4851 3122302159457 1263 
CLU_4851 3122302159856 4583 
CLU_4851 3122302159449 7704 
CLU_4851 3122307488882 7450 
CLU_4851 3122304239571 4625 
CLU_4851 3122306223354 5737 
CLU_4851 3122302159589 5669 
CLU_4851 3122306942849 6455 
CLU_4851 3122302159562 13607 
CLU_4851 3122302159287 19344 
CLU_4851 CLU_2725 13160 
CLU_4851 CLU_3545 7520 
CLU_4851 CLU_3551 7516 
CLU_4851 CLU_3565 14477 
CLU_4851 CLU_3570 3082 
CLU_4851 CLU_3580 9752 
CLU_4851 CLU_3581 7191 
CLU_4851 CLU_3588 8781 
CLU_4851 CLU_3593 6769 
CLU_4851 CLU_3594 5737 
CLU_4851 CLU_3602 13607 
CLU_4851 CLU_3603 9077 
CLU_4851 CLU_3604 11734 
CLU_4851 CLU_3605 19344 
CLU_4851 CLU_4824 7924 
CLU_4851 CLU_2550 8687 
CLU_4852 3122302159694 4623 
CLU_4852 3122302159538 5870 
CLU_4852 3122302159600 5463 
CLU_4852 3122302159511 4918 
CLU_4852 3122300273600 1760 
CLU_4852 3122302159503 3107 
CLU_4852 3122302159597 4115 
CLU_4852 3122302159406 4235 
CLU_4852 3122302159678 6712 
CLU_4852 3122302159422 9486 
CLU_4852 3122302159414 9614 
CLU_4852 3122304445651 9698 
CLU_4852 3122306026028 8436 
CLU_4852 3122304194500 4738 
CLU_4852 3122302159430 24963 
CLU_4852 3122302159392 5909 
CLU_4852 3122302206315 6619 
CLU_4852 3122307269161 3351 
CLU_4852 3122306703518 2393 
CLU_4852 3122302159473 7129 
CLU_4852 3122302159554 7857 
CLU_4852 3122306072046 6620 
CLU_4852 3122302159546 3351 
CLU_4852 3122307676875 2706 
CLU_4852 3122306942822 1941 
CLU_4852 3122302206323 5089 
CLU_4852 3122303747719 7831 
CLU_4852 3122306017940 6850 
CLU_4852 3122306942806 7370 
CLU_4852 3122304384881 3701 
CLU_4852 3122304207866 5582 
CLU_4852 3122302701804 4315 
CLU_4852 3122302159457 1760 
CLU_4852 3122302159856 4089 
CLU_4852 3122302159449 6684 
CLU_4852 3122307488882 8372 
CLU_4852 3122304239571 6631 
CLU_4852 3122306223354 7831 
CLU_4852 3122302159589 7568 
CLU_4852 3122306942849 8522 
CLU_4852 3122302159562 14325 
CLU_4852 3122302159287 20264 
CLU_4852 CLU_2725 12594 
CLU_4852 CLU_3545 8368 
CLU_4852 CLU_3551 7561 
CLU_4852 CLU_3565 16054 
CLU_4852 CLU_3570 3801 
CLU_4852 CLU_3580 10771 
CLU_4852 CLU_3581 7825 
CLU_4852 CLU_3588 9699 
CLU_4852 CLU_3593 6850 
CLU_4852 CLU_3594 7831 
CLU_4852 CLU_3602 14325 
CLU_4852 CLU_3603 10145 
CLU_4852 CLU_3604 11833 
CLU_4852 CLU_3605 20264 
CLU_4852 CLU_4824 5909 
CLU_4852 CLU_2550 9036 
CLU_4853 3122302159694 3347 
CLU_4853 3122302159538 3980 
CLU_4853 3122302159600 3529 
CLU_4853 3122302159511 3366 
CLU_4853 3122300273600 6211 
CLU_4853 3122302159503 5008 
CLU_4853 3122302159597 4392 
CLU_4853 3122302159406 5633 
CLU_4853 3122302159678 2083 
CLU_4853 3122302159422 1684 
CLU_4853 3122302159414 1961 
CLU_4853 3122304445651 3537 
CLU_4853 3122306026028 5510 
CLU_4853 3122304194500 5700 
CLU_4853 3122302159430 17263 
CLU_4853 3122302159392 13573 
CLU_4853 3122302206315 1511 
CLU_4853 3122307269161 6259 
CLU_4853 3122306703518 5554 
CLU_4853 3122302159473 2300 
CLU_4853 3122302159554 3145 
CLU_4853 3122306072046 4374 
CLU_4853 3122302159546 6259 
CLU_4853 3122307676875 6388 
CLU_4853 3122306942822 6366 
CLU_4853 3122302206323 4778 
CLU_4853 3122303747719 7049 
CLU_4853 3122306017940 4453 
CLU_4853 3122306942806 3455 
CLU_4853 3122304384881 7738 
CLU_4853 3122304207866 9222 
CLU_4853 3122302701804 7459 
CLU_4853 3122302159457 6211 
CLU_4853 3122302159856 5780 
CLU_4853 3122302159449 8050 
CLU_4853 3122307488882 1846 
CLU_4853 3122304239571 7458 
CLU_4853 3122306223354 7049 
CLU_4853 3122302159589 2997 
CLU_4853 3122306942849 4750 
CLU_4853 3122302159562 7498 
CLU_4853 3122302159287 12858 
CLU_4853 CLU_2725 19677 
CLU_4853 CLU_3545 2137 
CLU_4853 CLU_3551 4785 
CLU_4853 CLU_3565 8176 
CLU_4853 CLU_3570 9331 
CLU_4853 CLU_3580 3365 
CLU_4853 CLU_3581 2761 
CLU_4853 CLU_3588 2732 
CLU_4853 CLU_3593 4453 
CLU_4853 CLU_3594 7049 
CLU_4853 CLU_3602 7498 
CLU_4853 CLU_3603 2663 
CLU_4853 CLU_3604 7320 
CLU_4853 CLU_3605 12858 
CLU_4853 CLU_4824 13573 
CLU_4853 CLU_2550 14621 
CLU_4854 3122302159694 5283 
CLU_4854 3122302159538 3260 
CLU_4854 3122302159600 3747 
CLU_4854 3122302159511 4549 
CLU_4854 3122300273600 7498 
CLU_4854 3122302159503 6148 
CLU_4854 3122302159597 7199 
CLU_4854 3122302159406 8728 
CLU_4854 3122302159678 3169 
CLU_4854 3122302159422 3837 
CLU_4854 3122302159414 3517 
CLU_4854 3122304445651 1438 
CLU_4854 3122306026028 1813 
CLU_4854 3122304194500 4800 
CLU_4854 3122302159430 16402 
CLU_4854 3122302159392 15027 
CLU_4854 3122302206315 5183 
CLU_4854 3122307269161 6102 
CLU_4854 3122306703518 7107 
CLU_4854 3122302159473 6446 
CLU_4854 3122302159554 1492 
CLU_4854 3122306072046 2606 
CLU_4854 3122302159546 6102 
CLU_4854 3122307676875 6613 
CLU_4854 3122306942822 7192 
CLU_4854 3122302206323 8212 
CLU_4854 3122303747719 3863 
CLU_4854 3122306017940 8485 
CLU_4854 3122306942806 7645 
CLU_4854 3122304384881 7020 
CLU_4854 3122304207866 12371 
CLU_4854 3122302701804 6409 
CLU_4854 3122302159457 7498 
CLU_4854 3122302159856 8816 
CLU_4854 3122302159449 11715 
CLU_4854 3122307488882 6151 
CLU_4854 3122304239571 5024 
CLU_4854 3122306223354 3863 
CLU_4854 3122302159589 1796 
CLU_4854 3122306942849 991 
CLU_4854 3122302159562 10896 
CLU_4854 3122302159287 15234 
CLU_4854 CLU_2725 18660 
CLU_4854 CLU_3545 6449 
CLU_4854 CLU_3551 8951 
CLU_4854 CLU_3565 8416 
CLU_4854 CLU_3570 8658 
CLU_4854 CLU_3580 6912 
CLU_4854 CLU_3581 7046 
CLU_4854 CLU_3588 6759 
CLU_4854 CLU_3593 8485 
CLU_4854 CLU_3594 3863 
CLU_4854 CLU_3602 10896 
CLU_4854 CLU_3603 6321 
CLU_4854 CLU_3604 11569 
CLU_4854 CLU_3605 15234 
CLU_4854 CLU_4824 15027 
CLU_4854 CLU_2550 12899 
CLU_4855 3122302159694 6244 
CLU_4855 3122302159538 4198 
CLU_4855 3122302159600 4710 
CLU_4855 3122302159511 5515 
CLU_4855 3122300273600 8451 
CLU_4855 3122302159503 7106 
CLU_4855 3122302159597 8149 
CLU_4855 3122302159406 9673 
CLU_4855 3122302159678 4096 
CLU_4855 3122302159422 4285 
CLU_4855 3122302159414 3920 
CLU_4855 3122304445651 1669 
CLU_4855 3122306026028 2239 
CLU_4855 3122304194500 5647 
CLU_4855 3122302159430 15675 
CLU_4855 3122302159392 15956 
CLU_4855 3122302206315 6034 
CLU_4855 3122307269161 6984 
CLU_4855 3122306703518 8069 
CLU_4855 3122302159473 7248 
CLU_4855 3122302159554 2440 
CLU_4855 3122306072046 3488 
CLU_4855 3122302159546 6984 
CLU_4855 3122307676875 7517 
CLU_4855 3122306942822 8127 
CLU_4855 3122302206323 9132 
CLU_4855 3122303747719 4245 
CLU_4855 3122306017940 9328 
CLU_4855 3122306942806 8442 
CLU_4855 3122304384881 7816 
CLU_4855 3122304207866 13324 
CLU_4855 3122302701804 7175 
CLU_4855 3122302159457 8451 
CLU_4855 3122302159856 9765 
CLU_4855 3122302159449 12627 
CLU_4855 3122307488882 6834 
CLU_4855 3122304239571 5571 
CLU_4855 3122306223354 4245 
CLU_4855 3122302159589 2749 
CLU_4855 3122306942849 1656 
CLU_4855 3122302159562 11167 
CLU_4855 3122302159287 15176 
CLU_4855 CLU_2725 19276 
CLU_4855 CLU_3545 7138 
CLU_4855 CLU_3551 9761 
CLU_4855 CLU_3565 8015 
CLU_4855 CLU_3570 9426 
CLU_4855 CLU_3580 7323 
CLU_4855 CLU_3581 7798 
CLU_4855 CLU_3588 7306 
CLU_4855 CLU_3593 9328 
CLU_4855 CLU_3594 4245 
CLU_4855 CLU_3602 11167 
CLU_4855 CLU_3603 6785 
CLU_4855 CLU_3604 12165 
CLU_4855 CLU_3605 15176 
CLU_4855 CLU_4824 15956 
CLU_4855 CLU_2550 13418 
CLU_4856 3122302159694 7979 
CLU_4856 3122302159538 5414 
CLU_4856 3122302159600 6203 
CLU_4856 3122302159511 7119 
CLU_4856 3122300273600 8817 
CLU_4856 3122302159503 7841 
CLU_4856 3122302159597 9889 
CLU_4856 3122302159406 11364 
CLU_4856 3122302159678 6775 
CLU_4856 3122302159422 8458 
CLU_4856 3122302159414 8161 
CLU_4856 3122304445651 6065 
CLU_4856 3122306026028 3078 
CLU_4856 3122304194500 5330 
CLU_4856 3122302159430 19166 
CLU_4856 3122302159392 15214 
CLU_4856 3122302206315 8950 
CLU_4856 3122307269161 6596 
CLU_4856 3122306703518 8791 
CLU_4856 3122302159473 10329 
CLU_4856 3122302159554 5445 
CLU_4856 3122306072046 4584 
CLU_4856 3122302159546 6596 
CLU_4856 3122307676875 7251 
CLU_4856 3122306942822 8184 
CLU_4856 3122302206323 11231 
CLU_4856 3122303747719 2126 
CLU_4856 3122306017940 12061 
CLU_4856 3122306942806 11482 
CLU_4856 3122304384881 6455 
CLU_4856 3122304207866 14634 
CLU_4856 3122302701804 5736 
CLU_4856 3122302159457 8817 
CLU_4856 3122302159856 11385 
CLU_4856 3122302159449 14611 
CLU_4856 3122307488882 10407 
CLU_4856 3122304239571 3333 
CLU_4856 3122306223354 2126 
CLU_4856 3122302159589 5586 
CLU_4856 3122306942849 3899 
CLU_4856 3122302159562 15551 
CLU_4856 3122302159287 19770 
CLU_4856 CLU_2725 15957 
CLU_4856 CLU_3545 10677 
CLU_4856 CLU_3551 12670 
CLU_4856 CLU_3565 12440 
CLU_4856 CLU_3570 7568 
CLU_4856 CLU_3580 11516 
CLU_4856 CLU_3581 11077 
CLU_4856 CLU_3588 11232 
CLU_4856 CLU_3593 12061 
CLU_4856 CLU_3594 2126 
CLU_4856 CLU_3602 15551 
CLU_4856 CLU_3603 10892 
CLU_4856 CLU_3604 15887 
CLU_4856 CLU_3605 19770 
CLU_4856 CLU_4824 15214 
CLU_4856 CLU_2550 9851 
CLU_4857 3122302159694 2007 
CLU_4857 3122302159538 1074 
CLU_4857 3122302159600 870 
CLU_4857 3122302159511 1253 
CLU_4857 3122300273600 3198 
CLU_4857 3122302159503 1913 
CLU_4857 3122302159597 3806 
CLU_4857 3122302159406 5269 
CLU_4857 3122302159678 2422 
CLU_4857 3122302159422 5446 
CLU_4857 3122302159414 5438 
CLU_4857 3122304445651 4993 
CLU_4857 3122306026028 3835 
CLU_4857 3122304194500 1403 
CLU_4857 3122302159430 20403 
CLU_4857 3122302159392 10698 
CLU_4857 3122302206315 3758 
CLU_4857 3122307269161 2026 
CLU_4857 3122306703518 2911 
CLU_4857 3122302159473 5017 
CLU_4857 3122302159554 3111 
CLU_4857 3122306072046 1892 
CLU_4857 3122302159546 2026 
CLU_4857 3122307676875 2380 
CLU_4857 3122306942822 2860 
CLU_4857 3122302206323 5191 
CLU_4857 3122303747719 4018 
CLU_4857 3122306017940 6271 
CLU_4857 3122306942806 5976 
CLU_4857 3122304384881 3406 
CLU_4857 3122304207866 8627 
CLU_4857 3122302701804 3102 
CLU_4857 3122302159457 3198 
CLU_4857 3122302159856 5292 
CLU_4857 3122302159449 8517 
CLU_4857 3122307488882 5689 
CLU_4857 3122304239571 3652 
CLU_4857 3122306223354 4018 
CLU_4857 3122302159589 2843 
CLU_4857 3122306942849 3767 
CLU_4857 3122302159562 11790 
CLU_4857 3122302159287 17206 
CLU_4857 CLU_2725 15408 
CLU_4857 CLU_3545 5857 
CLU_4857 CLU_3551 6961 
CLU_4857 CLU_3565 11779 
CLU_4857 CLU_3570 5045 
CLU_4857 CLU_3580 7706 
CLU_4857 CLU_3581 5863 
CLU_4857 CLU_3588 6919 
CLU_4857 CLU_3593 6271 
CLU_4857 CLU_3594 4018 
CLU_4857 CLU_3602 11790 
CLU_4857 CLU_3603 7004 
CLU_4857 CLU_3604 10771 
CLU_4857 CLU_3605 17206 
CLU_4857 CLU_4824 10698 
CLU_4857 CLU_2550 10265 
CLU_4858 3122302159694 6138 
CLU_4858 3122302159538 8720 
CLU_4858 3122302159600 7933 
CLU_4858 3122302159511 7001 
CLU_4858 3122300273600 6290 
CLU_4858 3122302159503 6578 
CLU_4858 3122302159597 4244 
CLU_4858 3122302159406 2916 
CLU_4858 3122302159678 7856 
CLU_4858 3122302159422 8755 
CLU_4858 3122302159414 9105 
CLU_4858 3122304445651 10636 
CLU_4858 3122306026028 11467 
CLU_4858 3122304194500 9116 
CLU_4858 3122302159430 23512 
CLU_4858 3122302159392 9633 
CLU_4858 3122302206315 5910 
CLU_4858 3122307269161 8382 
CLU_4858 3122306703518 5885 
CLU_4858 3122302159473 4950 
CLU_4858 3122302159554 9540 
CLU_4858 3122306072046 9595 
CLU_4858 3122302159546 8382 
CLU_4858 3122307676875 7903 
CLU_4858 3122306942822 7030 
CLU_4858 3122302206323 2889 
CLU_4858 3122303747719 12065 
CLU_4858 3122306017940 2836 
CLU_4858 3122306942806 3976 
CLU_4858 3122304384881 9634 
CLU_4858 3122304207866 3016 
CLU_4858 3122302701804 9936 
CLU_4858 3122302159457 6290 
CLU_4858 3122302159856 2971 
CLU_4858 3122302159449 955 
CLU_4858 3122307488882 6025 
CLU_4858 3122304239571 11545 
CLU_4858 3122306223354 12065 
CLU_4858 3122302159589 9255 
CLU_4858 3122306942849 11013 
CLU_4858 3122302159562 9768 
CLU_4858 3122302159287 15813 
CLU_4858 CLU_2725 19001 
CLU_4858 CLU_3545 5774 
CLU_4858 CLU_3551 2862 
CLU_4858 CLU_3565 14364 
CLU_4858 CLU_3570 10390 
CLU_4858 CLU_3580 7856 
CLU_4858 CLU_3581 4841 
CLU_4858 CLU_3588 6775 
CLU_4858 CLU_3593 2836 
CLU_4858 CLU_3594 12065 
CLU_4858 CLU_3602 9768 
CLU_4858 CLU_3603 7586 
CLU_4858 CLU_3604 5989 
CLU_4858 CLU_3605 15813 
CLU_4858 CLU_4824 9633 
CLU_4858 CLU_2550 15814 
CLU_4859 3122302159694 8200 
CLU_4859 3122302159538 10701 
CLU_4859 3122302159600 9917 
CLU_4859 3122302159511 9033 
CLU_4859 3122300273600 8871 
CLU_4859 3122302159503 8968 
CLU_4859 3122302159597 6523 
CLU_4859 3122302159406 5451 
CLU_4859 3122302159678 9486 
CLU_4859 3122302159422 9575 
CLU_4859 3122302159414 9964 
CLU_4859 3122304445651 11847 
CLU_4859 3122306026028 13260 
CLU_4859 3122304194500 11399 
CLU_4859 3122302159430 23145 
CLU_4859 3122302159392 12048 
CLU_4859 3122302206315 7331 
CLU_4859 3122307269161 10833 
CLU_4859 3122306703518 8396 
CLU_4859 3122302159473 6059 
CLU_4859 3122302159554 11108 
CLU_4859 3122306072046 11520 
CLU_4859 3122302159546 10833 
CLU_4859 3122307676875 10410 
CLU_4859 3122306942822 9592 
CLU_4859 3122302206323 5077 
CLU_4859 3122303747719 14145 
CLU_4859 3122306017940 4060 
CLU_4859 3122306942806 4866 
CLU_4859 3122304384881 12172 
CLU_4859 3122304207866 5248 
CLU_4859 3122302701804 12410 
CLU_4859 3122302159457 8871 
CLU_4859 3122302159856 5544 
CLU_4859 3122302159449 3126 
CLU_4859 3122307488882 6690 
CLU_4859 3122304239571 13812 
CLU_4859 3122306223354 14145 
CLU_4859 3122302159589 10858 
CLU_4859 3122306942849 12685 
CLU_4859 3122302159562 8487 
CLU_4859 3122302159287 14263 
CLU_4859 CLU_2725 21688 
CLU_4859 CLU_3545 6388 
CLU_4859 CLU_3551 3547 
CLU_4859 CLU_3565 14229 
CLU_4859 CLU_3570 13033 
CLU_4859 CLU_3580 7801 
CLU_4859 CLU_3581 5571 
CLU_4859 CLU_3588 6937 
CLU_4859 CLU_3593 4060 
CLU_4859 CLU_3594 14145 
CLU_4859 CLU_3602 8487 
CLU_4859 CLU_3603 7771 
CLU_4859 CLU_3604 4181 
CLU_4859 CLU_3605 14263 
CLU_4859 CLU_4824 12048 
CLU_4859 CLU_2550 18503 
CLU_4860 3122302159694 4042 
CLU_4860 3122302159538 6207 
CLU_4860 3122302159600 5470 
CLU_4860 3122302159511 4724 
CLU_4860 3122300273600 5995 
CLU_4860 3122302159503 5403 
CLU_4860 3122302159597 3279 
CLU_4860 3122302159406 3548 
CLU_4860 3122302159678 4730 
CLU_4860 3122302159422 4848 
CLU_4860 3122302159414 5218 
CLU_4860 3122304445651 6989 
CLU_4860 3122306026028 8526 
CLU_4860 3122304194500 7339 
CLU_4860 3122302159430 19646 
CLU_4860 3122302159392 12090 
CLU_4860 3122302206315 2541 
CLU_4860 3122307269161 7225 
CLU_4860 3122306703518 5321 
CLU_4860 3122302159473 1199 
CLU_4860 3122302159554 6290 
CLU_4860 3122306072046 6932 
CLU_4860 3122302159546 7225 
CLU_4860 3122307676875 7026 
CLU_4860 3122306942822 6517 
CLU_4860 3122302206323 2489 
CLU_4860 3122303747719 9653 
CLU_4860 3122306017940 1151 
CLU_4860 3122306942806 0 
CLU_4860 3122304384881 8746 
CLU_4860 3122304207866 6498 
CLU_4860 3122302701804 8753 
CLU_4860 3122302159457 5995 
CLU_4860 3122302159856 3732 
CLU_4860 3122302159449 4894 
CLU_4860 3122307488882 2048 
CLU_4860 3122304239571 9606 
CLU_4860 3122306223354 9653 
CLU_4860 3122302159589 6057 
CLU_4860 3122306942849 7891 
CLU_4860 3122302159562 6999 
CLU_4860 3122302159287 13035 
CLU_4860 CLU_2725 19913 
CLU_4860 CLU_3545 1800 
CLU_4860 CLU_3551 1330 
CLU_4860 CLU_3565 10463 
CLU_4860 CLU_3570 10034 
CLU_4860 CLU_3580 4065 
CLU_4860 CLU_3581 867 
CLU_4860 CLU_3588 2923 
CLU_4860 CLU_3593 1151 
CLU_4860 CLU_3594 9653 
CLU_4860 CLU_3602 6999 
CLU_4860 CLU_3603 3683 
CLU_4860 CLU_3604 4845 
CLU_4860 CLU_3605 13035 
CLU_4860 CLU_4824 12090 
CLU_4860 CLU_2550 15630 
CLU_4861 3122302159694 4316 
CLU_4861 3122302159538 6391 
CLU_4861 3122302159600 5671 
CLU_4861 3122302159511 4963 
CLU_4861 3122300273600 6358 
CLU_4861 3122302159503 5728 
CLU_4861 3122302159597 3653 
CLU_4861 3122302159406 3937 
CLU_4861 3122302159678 4838 
CLU_4861 3122302159422 4708 
CLU_4861 3122302159414 5088 
CLU_4861 3122304445651 6945 
CLU_4861 3122306026028 8624 
CLU_4861 3122304194500 7593 
CLU_4861 3122302159430 19337 
CLU_4861 3122302159392 12477 
CLU_4861 3122302206315 2661 
CLU_4861 3122307269161 7530 
CLU_4861 3122306703518 5679 
CLU_4861 3122302159473 1280 
CLU_4861 3122302159554 6350 
CLU_4861 3122306072046 7086 
CLU_4861 3122302159546 7530 
CLU_4861 3122307676875 7352 
CLU_4861 3122306942822 6866 
CLU_4861 3122302206323 2878 
CLU_4861 3122303747719 9819 
CLU_4861 3122306017940 1451 
CLU_4861 3122306942806 391 
CLU_4861 3122304384881 9058 
CLU_4861 3122304207866 6827 
CLU_4861 3122302701804 9045 
CLU_4861 3122302159457 6358 
CLU_4861 3122302159856 4121 
CLU_4861 3122302159449 5159 
CLU_4861 3122307488882 1847 
CLU_4861 3122304239571 9826 
CLU_4861 3122306223354 9819 
CLU_4861 3122302159589 6130 
CLU_4861 3122306942849 7962 
CLU_4861 3122302159562 6609 
CLU_4861 3122302159287 12643 
CLU_4861 CLU_2725 20284 
CLU_4861 CLU_3545 1570 
CLU_4861 CLU_3551 1451 
CLU_4861 CLU_3565 10163 
CLU_4861 CLU_3570 10371 
CLU_4861 CLU_3580 3723 
CLU_4861 CLU_3581 671 
CLU_4861 CLU_3588 2593 
CLU_4861 CLU_3593 1451 
CLU_4861 CLU_3594 9819 
CLU_4861 CLU_3602 6609 
CLU_4861 CLU_3603 3377 
CLU_4861 CLU_3604 4564 
CLU_4861 CLU_3605 12643 
CLU_4861 CLU_4824 12477 
CLU_4861 CLU_2550 15960 
CLU_4862 3122302159694 5062 
CLU_4862 3122302159538 4257 
CLU_4862 3122302159600 4442 
CLU_4862 3122302159511 4643 
CLU_4862 3122300273600 3675 
CLU_4862 3122302159503 3650 
CLU_4862 3122302159597 6066 
CLU_4862 3122302159406 7055 
CLU_4862 3122302159678 5991 
CLU_4862 3122302159422 8997 
CLU_4862 3122302159414 8955 
CLU_4862 3122304445651 8105 
CLU_4862 3122306026028 5717 
CLU_4862 3122304194500 2380 
CLU_4862 3122302159430 23447 
CLU_4862 3122302159392 8945 
CLU_4862 3122302206315 7172 
CLU_4862 3122307269161 1803 
CLU_4862 3122306703518 4090 
CLU_4862 3122302159473 8272 
CLU_4862 3122302159554 6271 
CLU_4862 3122306072046 4517 
CLU_4862 3122302159546 1803 
CLU_4862 3122307676875 2083 
CLU_4862 3122306942822 2925 
CLU_4862 3122302206323 7478 
CLU_4862 3122303747719 4402 
CLU_4862 3122306017940 8994 
CLU_4862 3122306942806 9025 
CLU_4862 3122304384881 320 
CLU_4862 3122304207866 9420 
CLU_4862 3122302701804 643 
CLU_4862 3122302159457 3675 
CLU_4862 3122302159856 6984 
CLU_4862 3122302159449 10113 
CLU_4862 3122307488882 9142 
CLU_4862 3122304239571 2943 
CLU_4862 3122306223354 4402 
CLU_4862 3122302159589 6081 
CLU_4862 3122306942849 6162 
CLU_4862 3122302159562 15304 
CLU_4862 3122302159287 20789 
CLU_4862 CLU_2725 11871 
CLU_4862 CLU_3545 9272 
CLU_4862 CLU_3551 9737 
CLU_4862 CLU_3565 15150 
CLU_4862 CLU_3570 1613 
CLU_4862 CLU_3580 11264 
CLU_4862 CLU_3581 9113 
CLU_4862 CLU_3588 10422 
CLU_4862 CLU_3593 8994 
CLU_4862 CLU_3594 4402 
CLU_4862 CLU_3602 15304 
CLU_4862 CLU_3603 10564 
CLU_4862 CLU_3604 13864 
CLU_4862 CLU_3605 20789 
CLU_4862 CLU_4824 8945 
CLU_4862 CLU_2550 6723 
CLU_4863 3122302159694 2780 
CLU_4863 3122302159538 3150 
CLU_4863 3122302159600 2720 
CLU_4863 3122302159511 2651 
CLU_4863 3122300273600 5647 
CLU_4863 3122302159503 4378 
CLU_4863 3122302159597 4136 
CLU_4863 3122302159406 5511 
CLU_4863 3122302159678 1253 
CLU_4863 3122302159422 2084 
CLU_4863 3122302159414 2233 
CLU_4863 3122304445651 3238 
CLU_4863 3122306026028 4798 
CLU_4863 3122304194500 4886 
CLU_4863 3122302159430 17643 
CLU_4863 3122302159392 13135 
CLU_4863 3122302206315 1488 
CLU_4863 3122307269161 5504 
CLU_4863 3122306703518 5019 
CLU_4863 3122302159473 2673 
CLU_4863 3122302159554 2464 
CLU_4863 3122306072046 3559 
CLU_4863 3122302159546 5504 
CLU_4863 3122307676875 5674 
CLU_4863 3122306942822 5731 
CLU_4863 3122302206323 4768 
CLU_4863 3122303747719 6255 
CLU_4863 3122306017940 4749 
CLU_4863 3122306942806 3872 
CLU_4863 3122304384881 6961 
CLU_4863 3122304207866 9167 
CLU_4863 3122302701804 6658 
CLU_4863 3122302159457 5647 
CLU_4863 3122302159856 5641 
CLU_4863 3122302159449 8179 
CLU_4863 3122307488882 2561 
CLU_4863 3122304239571 6631 
CLU_4863 3122306223354 6255 
CLU_4863 3122302159589 2273 
CLU_4863 3122306942849 4083 
CLU_4863 3122302159562 8327 
CLU_4863 3122302159287 13642 
CLU_4863 CLU_2725 18932 
CLU_4863 CLU_3545 2827 
CLU_4863 CLU_3551 5182 
CLU_4863 CLU_3565 8653 
CLU_4863 CLU_3570 8572 
CLU_4863 CLU_3580 4189 
CLU_4863 CLU_3581 3298 
CLU_4863 CLU_3588 3551 
CLU_4863 CLU_3593 4749 
CLU_4863 CLU_3594 6255 
CLU_4863 CLU_3602 8327 
CLU_4863 CLU_3603 3488 
CLU_4863 CLU_3604 8037 
CLU_4863 CLU_3605 13642 
CLU_4863 CLU_4824 13135 
CLU_4863 CLU_2550 13816 
CLU_4864 3122302159694 3604 
CLU_4864 3122302159538 5982 
CLU_4864 3122302159600 5269 
CLU_4864 3122302159511 4369 
CLU_4864 3122300273600 2684 
CLU_4864 3122302159503 3281 
CLU_4864 3122302159597 1834 
CLU_4864 3122302159406 1022 
CLU_4864 3122302159678 5835 
CLU_4864 3122302159422 7895 
CLU_4864 3122302159414 8138 
CLU_4864 3122304445651 8964 
CLU_4864 3122306026028 8846 
CLU_4864 3122304194500 5855 
CLU_4864 3122302159430 23458 
CLU_4864 3122302159392 7630 
CLU_4864 3122302206315 4705 
CLU_4864 3122307269161 4900 
CLU_4864 3122306703518 2401 
CLU_4864 3122302159473 4643 
CLU_4864 3122302159554 7413 
CLU_4864 3122306072046 6882 
CLU_4864 3122302159546 4900 
CLU_4864 3122307676875 4358 
CLU_4864 3122306942822 3435 
CLU_4864 3122302206323 2028 
CLU_4864 3122303747719 8998 
CLU_4864 3122306017940 3758 
CLU_4864 3122306942806 4504 
CLU_4864 3122304384881 6038 
CLU_4864 3122304207866 3558 
CLU_4864 3122302701804 6400 
CLU_4864 3122302159457 2684 
CLU_4864 3122302159856 856 
CLU_4864 3122302159449 3758 
CLU_4864 3122307488882 5984 
CLU_4864 3122304239571 8236 
CLU_4864 3122306223354 8998 
CLU_4864 3122302159589 7102 
CLU_4864 3122306942849 8605 
CLU_4864 3122302159562 11488 
CLU_4864 3122302159287 17539 
CLU_4864 CLU_2725 15781 
CLU_4864 CLU_3545 5887 
CLU_4864 CLU_3551 4419 
CLU_4864 CLU_3565 14314 
CLU_4864 CLU_3570 6751 
CLU_4864 CLU_3580 8354 
CLU_4864 CLU_3581 5146 
CLU_4864 CLU_3588 7213 
CLU_4864 CLU_3593 3758 
CLU_4864 CLU_3594 8998 
CLU_4864 CLU_3602 11488 
CLU_4864 CLU_3603 7823 
CLU_4864 CLU_3604 8647 
CLU_4864 CLU_3605 17539 
CLU_4864 CLU_4824 7630 
CLU_4864 CLU_2550 12216 
CLU_4865 3122302159694 3650 
CLU_4865 3122302159538 3817 
CLU_4865 3122302159600 3491 
CLU_4865 3122302159511 3510 
CLU_4865 3122300273600 6519 
CLU_4865 3122302159503 5251 
CLU_4865 3122302159597 4909 
CLU_4865 3122302159406 6215 
CLU_4865 3122302159678 1949 
CLU_4865 3122302159422 1213 
CLU_4865 3122302159414 1399 
CLU_4865 3122304445651 2865 
CLU_4865 3122306026028 5021 
CLU_4865 3122304194500 5628 
CLU_4865 3122302159430 16800 
CLU_4865 3122302159392 13988 
CLU_4865 3122302206315 2090 
CLU_4865 3122307269161 6329 
CLU_4865 3122306703518 5888 
CLU_4865 3122302159473 2978 
CLU_4865 3122302159554 2658 
CLU_4865 3122306072046 4079 
CLU_4865 3122302159546 6329 
CLU_4865 3122307676875 6525 
CLU_4865 3122306942822 6602 
CLU_4865 3122302206323 5398 
CLU_4865 3122303747719 6672 
CLU_4865 3122306017940 5130 
CLU_4865 3122306942806 4132 
CLU_4865 3122304384881 7760 
CLU_4865 3122304207866 9834 
CLU_4865 3122302701804 7422 
CLU_4865 3122302159457 6519 
CLU_4865 3122302159856 6356 
CLU_4865 3122302159449 8710 
CLU_4865 3122307488882 2442 
CLU_4865 3122304239571 7206 
CLU_4865 3122306223354 6672 
CLU_4865 3122302159589 2560 
CLU_4865 3122306942849 4225 
CLU_4865 3122302159562 7728 
CLU_4865 3122302159287 12880 
CLU_4865 CLU_2725 19753 
CLU_4865 CLU_3545 2744 
CLU_4865 CLU_3551 5462 
CLU_4865 CLU_3565 7784 
CLU_4865 CLU_3570 9389 
CLU_4865 CLU_3580 3574 
CLU_4865 CLU_3581 3423 
CLU_4865 CLU_3588 3134 
CLU_4865 CLU_3593 5130 
CLU_4865 CLU_3594 6672 
CLU_4865 CLU_3602 7728 
CLU_4865 CLU_3603 2891 
CLU_4865 CLU_3604 7865 
CLU_4865 CLU_3605 12880 
CLU_4865 CLU_4824 13988 
CLU_4865 CLU_2550 14562 
CLU_4866 3122302159694 2442 
CLU_4866 3122302159538 4510 
CLU_4866 3122302159600 3860 
CLU_4866 3122302159511 3041 
CLU_4866 3122300273600 1222 
CLU_4866 3122302159503 1668 
CLU_4866 3122302159597 1599 
CLU_4866 3122302159406 2226 
CLU_4866 3122302159678 4716 
CLU_4866 3122302159422 7203 
CLU_4866 3122302159414 7380 
CLU_4866 3122304445651 7849 
CLU_4866 3122306026028 7357 
CLU_4866 3122304194500 4224 
CLU_4866 3122302159430 22791 
CLU_4866 3122302159392 7994 
CLU_4866 3122302206315 4173 
CLU_4866 3122307269161 3283 
CLU_4866 3122306703518 771 
CLU_4866 3122302159473 4598 
CLU_4866 3122302159554 6155 
CLU_4866 3122306072046 5395 
CLU_4866 3122302159546 3283 
CLU_4866 3122307676875 2776 
CLU_4866 3122306942822 1922 
CLU_4866 3122302206323 2780 
CLU_4866 3122303747719 7387 
CLU_4866 3122306017940 4480 
CLU_4866 3122306942806 4877 
CLU_4866 3122304384881 4512 
CLU_4866 3122304207866 5126 
CLU_4866 3122302701804 4814 
CLU_4866 3122302159457 1222 
CLU_4866 3122302159856 2157 
CLU_4866 3122302159449 5356 
CLU_4866 3122307488882 5853 
CLU_4866 3122304239571 6601 
CLU_4866 3122306223354 7387 
CLU_4866 3122302159589 5845 
CLU_4866 3122306942849 7196 
CLU_4866 3122302159562 11800 
CLU_4866 3122302159287 17732 
CLU_4866 CLU_2725 15036 
CLU_4866 CLU_3545 5840 
CLU_4866 CLU_3551 5218 
CLU_4866 CLU_3565 13758 
CLU_4866 CLU_3570 5428 
CLU_4866 CLU_3580 8258 
CLU_4866 CLU_3581 5297 
CLU_4866 CLU_3588 7175 
CLU_4866 CLU_3593 4480 
CLU_4866 CLU_3594 7387 
CLU_4866 CLU_3602 11800 
CLU_4866 CLU_3603 7645 
CLU_4866 CLU_3604 9489 
CLU_4866 CLU_3605 17732 
CLU_4866 CLU_4824 7994 
CLU_4866 CLU_2550 11005 
CLU_4867 3122302159694 1119 
CLU_4867 3122302159538 3553 
CLU_4867 3122302159600 2806 
CLU_4867 3122302159511 1886 
CLU_4867 3122300273600 2168 
CLU_4867 3122302159503 1480 
CLU_4867 3122302159597 1059 
CLU_4867 3122302159406 2516 
CLU_4867 3122302159678 3390 
CLU_4867 3122302159422 5794 
CLU_4867 3122302159414 5973 
CLU_4867 3122304445651 6534 
CLU_4867 3122306026028 6406 
CLU_4867 3122304194500 3842 
CLU_4867 3122302159430 21384 
CLU_4867 3122302159392 9402 
CLU_4867 3122302206315 2804 
CLU_4867 3122307269161 3362 
CLU_4867 3122306703518 1471 
CLU_4867 3122302159473 3424 
CLU_4867 3122302159554 4926 
CLU_4867 3122306072046 4454 
CLU_4867 3122302159546 3362 
CLU_4867 3122307676875 3087 
CLU_4867 3122306942822 2582 
CLU_4867 3122302206323 2493 
CLU_4867 3122303747719 6779 
CLU_4867 3122306017940 3867 
CLU_4867 3122306942806 3955 
CLU_4867 3122304384881 4838 
CLU_4867 3122304207866 6018 
CLU_4867 3122302701804 4936 
CLU_4867 3122302159457 2168 
CLU_4867 3122302159856 2553 
CLU_4867 3122302159449 5756 
CLU_4867 3122307488882 4590 
CLU_4867 3122304239571 6267 
CLU_4867 3122306223354 6779 
CLU_4867 3122302159589 4615 
CLU_4867 3122306942849 6123 
CLU_4867 3122302159562 10671 
CLU_4867 3122302159287 16517 
CLU_4867 CLU_2725 16079 
CLU_4867 CLU_3545 4617 
CLU_4867 CLU_3551 4608 
CLU_4867 CLU_3565 12351 
CLU_4867 CLU_3570 6079 
CLU_4867 CLU_3580 6972 
CLU_4867 CLU_3581 4203 
CLU_4867 CLU_3588 5927 
CLU_4867 CLU_3593 3867 
CLU_4867 CLU_3594 6779 
CLU_4867 CLU_3602 10671 
CLU_4867 CLU_3603 6335 
CLU_4867 CLU_3604 8758 
CLU_4867 CLU_3605 16517 
CLU_4867 CLU_4824 9402 
CLU_4867 CLU_2550 11677 
CLU_4868 3122302159694 8611 
CLU_4868 3122302159538 11038 
CLU_4868 3122302159600 10265 
CLU_4868 3122302159511 9416 
CLU_4868 3122300273600 9541 
CLU_4868 3122302159503 9522 
CLU_4868 3122302159597 7066 
CLU_4868 3122302159406 6138 
CLU_4868 3122302159678 9692 
CLU_4868 3122302159422 9468 
CLU_4868 3122302159414 9863 
CLU_4868 3122304445651 11851 
CLU_4868 3122306026028 13488 
CLU_4868 3122304194500 11874 
CLU_4868 3122302159430 22532 
CLU_4868 3122302159392 13023 
CLU_4868 3122302206315 7508 
CLU_4868 3122307269161 11404 
CLU_4868 3122306703518 9025 
CLU_4868 3122302159473 6170 
CLU_4868 3122302159554 11264 
CLU_4868 3122306072046 11822 
CLU_4868 3122302159546 11404 
CLU_4868 3122307676875 11020 
CLU_4868 3122306942822 10243 
CLU_4868 3122302206323 5630 
CLU_4868 3122303747719 14498 
CLU_4868 3122306017940 4361 
CLU_4868 3122306942806 4975 
CLU_4868 3122304384881 12792 
CLU_4868 3122304207866 6227 
CLU_4868 3122302701804 12986 
CLU_4868 3122302159457 9541 
CLU_4868 3122302159856 6249 
CLU_4868 3122302159449 4082 
CLU_4868 3122307488882 6611 
CLU_4868 3122304239571 14262 
CLU_4868 3122306223354 14498 
CLU_4868 3122302159589 11031 
CLU_4868 3122306942849 12866 
CLU_4868 3122302159562 7696 
CLU_4868 3122302159287 13370 
CLU_4868 CLU_2725 22576 
CLU_4868 CLU_3545 6303 
CLU_4868 CLU_3551 3731 
CLU_4868 CLU_3565 13728 
CLU_4868 CLU_3570 13733 
CLU_4868 CLU_3580 7422 
CLU_4868 CLU_3581 5573 
CLU_4868 CLU_3588 6665 
CLU_4868 CLU_3593 4361 
CLU_4868 CLU_3594 14498 
CLU_4868 CLU_3602 7696 
CLU_4868 CLU_3603 7478 
CLU_4868 CLU_3604 3322 
CLU_4868 CLU_3605 13370 
CLU_4868 CLU_4824 13023 
CLU_4868 CLU_2550 19251 
CLU_4869 3122302159694 2944 
CLU_4869 3122302159538 1306 
CLU_4869 3122302159600 1626 
CLU_4869 3122302159511 2199 
CLU_4869 3122300273600 3598 
CLU_4869 3122302159503 2510 
CLU_4869 3122302159597 4667 
CLU_4869 3122302159406 6079 
CLU_4869 3122302159678 3110 
CLU_4869 3122302159422 6073 
CLU_4869 3122302159414 6014 
CLU_4869 3122304445651 5228 
CLU_4869 3122306026028 3438 
CLU_4869 3122304194500 576 
CLU_4869 3122302159430 20644 
CLU_4869 3122302159392 10807 
CLU_4869 3122302206315 4672 
CLU_4869 3122307269161 1781 
CLU_4869 3122306703518 3476 
CLU_4869 3122302159473 5953 
CLU_4869 3122302159554 3357 
CLU_4869 3122306072046 1720 
CLU_4869 3122302159546 1781 
CLU_4869 3122307676875 2338 
CLU_4869 3122306942822 3086 
CLU_4869 3122302206323 6079 
CLU_4869 3122303747719 3216 
CLU_4869 3122306017940 7210 
CLU_4869 3122306942806 6923 
CLU_4869 3122304384881 2838 
CLU_4869 3122304207866 9305 
CLU_4869 3122302701804 2386 
CLU_4869 3122302159457 3598 
CLU_4869 3122302159856 6086 
CLU_4869 3122302159449 9336 
CLU_4869 3122307488882 6576 
CLU_4869 3122304239571 2711 
CLU_4869 3122306223354 3216 
CLU_4869 3122302159589 3147 
CLU_4869 3122306942849 3585 
CLU_4869 3122302159562 12626 
CLU_4869 3122302159287 17939 
CLU_4869 CLU_2725 14820 
CLU_4869 CLU_3545 6756 
CLU_4869 CLU_3551 7905 
CLU_4869 CLU_3565 12213 
CLU_4869 CLU_3570 4514 
CLU_4869 CLU_3580 8511 
CLU_4869 CLU_3581 6797 
CLU_4869 CLU_3588 7774 
CLU_4869 CLU_3593 7210 
CLU_4869 CLU_3594 3216 
CLU_4869 CLU_3602 12626 
CLU_4869 CLU_3603 7808 
CLU_4869 CLU_3604 11712 
CLU_4869 CLU_3605 17939 
CLU_4869 CLU_4824 10807 
CLU_4869 CLU_2550 9504 
CLU_4870 3122302159694 932 
CLU_4870 3122302159538 2004 
CLU_4870 3122302159600 1329 
CLU_4870 3122302159511 652 
CLU_4870 3122300273600 2534 
CLU_4870 3122302159503 1167 
CLU_4870 3122302159597 2631 
CLU_4870 3122302159406 4106 
CLU_4870 3122302159678 2441 
CLU_4870 3122302159422 5336 
CLU_4870 3122302159414 5414 
CLU_4870 3122304445651 5456 
CLU_4870 3122306026028 4868 
CLU_4870 3122304194500 2395 
CLU_4870 3122302159430 20694 
CLU_4870 3122302159392 10156 
CLU_4870 3122302206315 3016 
CLU_4870 3122307269161 2383 
CLU_4870 3122306703518 2051 
CLU_4870 3122302159473 4124 
CLU_4870 3122302159554 3674 
CLU_4870 3122306072046 2904 
CLU_4870 3122302159546 2383 
CLU_4870 3122307676875 2422 
CLU_4870 3122306942822 2472 
CLU_4870 3122302206323 4019 
CLU_4870 3122303747719 5194 
CLU_4870 3122306017940 5165 
CLU_4870 3122306942806 4974 
CLU_4870 3122304384881 3920 
CLU_4870 3122304207866 7536 
CLU_4870 3122302701804 3814 
CLU_4870 3122302159457 2534 
CLU_4870 3122302159856 4137 
CLU_4870 3122302159449 7348 
CLU_4870 3122307488882 4988 
CLU_4870 3122304239571 4772 
CLU_4870 3122306223354 5194 
CLU_4870 3122302159589 3370 
CLU_4870 3122306942849 4666 
CLU_4870 3122302159562 11163 
CLU_4870 3122302159287 16773 
CLU_4870 CLU_2725 15726 
CLU_4870 CLU_3545 5109 
CLU_4870 CLU_3551 5874 
CLU_4870 CLU_3565 11858 
CLU_4870 CLU_3570 5422 
CLU_4870 CLU_3580 7189 
CLU_4870 CLU_3581 4971 
CLU_4870 CLU_3588 6287 
CLU_4870 CLU_3593 5165 
CLU_4870 CLU_3594 5194 
CLU_4870 CLU_3602 11163 
CLU_4870 CLU_3603 6500 
CLU_4870 CLU_3604 9811 
CLU_4870 CLU_3605 16773 
CLU_4870 CLU_4824 10156 
CLU_4870 CLU_2550 10880 
CLU_4871 3122302159694 1275 
CLU_4871 3122302159538 1606 
CLU_4871 3122302159600 997 
CLU_4871 3122302159511 670 
CLU_4871 3122300273600 2779 
CLU_4871 3122302159503 1412 
CLU_4871 3122302159597 3055 
CLU_4871 3122302159406 4531 
CLU_4871 3122302159678 2313 
CLU_4871 3122302159422 5291 
CLU_4871 3122302159414 5338 
CLU_4871 3122304445651 5214 
CLU_4871 3122306026028 4464 
CLU_4871 3122304194500 2044 
CLU_4871 3122302159430 20529 
CLU_4871 3122302159392 10388 
CLU_4871 3122302206315 3209 
CLU_4871 3122307269161 2241 
CLU_4871 3122306703518 2367 
CLU_4871 3122302159473 4393 
CLU_4871 3122302159554 3389 
CLU_4871 3122306072046 2499 
CLU_4871 3122302159546 2241 
CLU_4871 3122307676875 2395 
CLU_4871 3122306942822 2610 
CLU_4871 3122302206323 4435 
CLU_4871 3122303747719 4771 
CLU_4871 3122306017940 5540 
CLU_4871 3122306942806 5296 
CLU_4871 3122304384881 3750 
CLU_4871 3122304207866 7946 
CLU_4871 3122302701804 3573 
CLU_4871 3122302159457 2779 
CLU_4871 3122302159856 4561 
CLU_4871 3122302159449 7773 
CLU_4871 3122307488882 5175 
CLU_4871 3122304239571 4383 
CLU_4871 3122306223354 4771 
CLU_4871 3122302159589 3093 
CLU_4871 3122306942849 4294 
CLU_4871 3122302159562 11331 
CLU_4871 3122302159287 16869 
CLU_4871 CLU_2725 15656 
CLU_4871 CLU_3545 5316 
CLU_4871 CLU_3551 6239 
CLU_4871 CLU_3565 11761 
CLU_4871 CLU_3570 5312 
CLU_4871 CLU_3580 7307 
CLU_4871 CLU_3581 5242 
CLU_4871 CLU_3588 6449 
CLU_4871 CLU_3593 5540 
CLU_4871 CLU_3594 4771 
CLU_4871 CLU_3602 11331 
CLU_4871 CLU_3603 6611 
CLU_4871 CLU_3604 10118 
CLU_4871 CLU_3605 16869 
CLU_4871 CLU_4824 10388 
CLU_4871 CLU_2550 10695 
CLU_4872 3122302159694 3854 
CLU_4872 3122302159538 4782 
CLU_4872 3122302159600 4437 
CLU_4872 3122302159511 3997 
CLU_4872 3122300273600 1108 
CLU_4872 3122302159503 2207 
CLU_4872 3122302159597 3835 
CLU_4872 3122302159406 4374 
CLU_4872 3122302159678 5780 
CLU_4872 3122302159422 8660 
CLU_4872 3122302159414 8755 
CLU_4872 3122304445651 8677 
CLU_4872 3122306026028 7291 
CLU_4872 3122304194500 3583 
CLU_4872 3122302159430 24019 
CLU_4872 3122302159392 6988 
CLU_4872 3122302206315 5979 
CLU_4872 3122307269161 2197 
CLU_4872 3122306703518 1799 
CLU_4872 3122302159473 6681 
CLU_4872 3122302159554 6813 
CLU_4872 3122306072046 5501 
CLU_4872 3122302159546 2197 
CLU_4872 3122307676875 1550 
CLU_4872 3122306942822 880 
CLU_4872 3122302206323 5048 
CLU_4872 3122303747719 6685 
CLU_4872 3122306017940 6754 
CLU_4872 3122306942806 7101 
CLU_4872 3122304384881 2720 
CLU_4872 3122304207866 6391 
CLU_4872 3122302701804 3264 
CLU_4872 3122302159457 1108 
CLU_4872 3122302159856 4264 
CLU_4872 3122302159449 7205 
CLU_4872 3122307488882 7840 
CLU_4872 3122304239571 5520 
CLU_4872 3122306223354 6685 
CLU_4872 3122302159589 6532 
CLU_4872 3122306942849 7401 
CLU_4872 3122302159562 13928 
CLU_4872 3122302159287 19769 
CLU_4872 CLU_2725 12832 
CLU_4872 CLU_3545 7875 
CLU_4872 CLU_3551 7493 
CLU_4872 CLU_3565 15201 
CLU_4872 CLU_3570 3233 
CLU_4872 CLU_3580 10202 
CLU_4872 CLU_3581 7441 
CLU_4872 CLU_3588 9178 
CLU_4872 CLU_3593 6754 
CLU_4872 CLU_3594 6685 
CLU_4872 CLU_3602 13928 
CLU_4872 CLU_3603 9547 
CLU_4872 CLU_3604 11763 
CLU_4872 CLU_3605 19769 
CLU_4872 CLU_4824 6988 
CLU_4872 CLU_2550 8754 
CLU_4873 3122302159694 6918 
CLU_4873 3122302159538 4440 
CLU_4873 3122302159600 5209 
CLU_4873 3122302159511 6078 
CLU_4873 3122300273600 7475 
CLU_4873 3122302159503 6584 
CLU_4873 3122302159597 8756 
CLU_4873 3122302159406 10187 
CLU_4873 3122302159678 6048 
CLU_4873 3122302159422 8166 
CLU_4873 3122302159414 7920 
CLU_4873 3122304445651 6038 
CLU_4873 3122306026028 2800 
CLU_4873 3122304194500 4019 
CLU_4873 3122302159430 20062 
CLU_4873 3122302159392 13764 
CLU_4873 3122302206315 8152 
CLU_4873 3122307269161 5215 
CLU_4873 3122306703518 7501 
CLU_4873 3122302159473 9530 
CLU_4873 3122302159554 4988 
CLU_4873 3122306072046 3724 
CLU_4873 3122302159546 5215 
CLU_4873 3122307676875 5867 
CLU_4873 3122306942822 6817 
CLU_4873 3122302206323 10142 
CLU_4873 3122303747719 984 
CLU_4873 3122306017940 11113 
CLU_4873 3122306942806 10638 
CLU_4873 3122304384881 5007 
CLU_4873 3122304207866 13346 
CLU_4873 3122302701804 4290 
CLU_4873 3122302159457 7475 
CLU_4873 3122302159856 10194 
CLU_4873 3122302159449 13444 
CLU_4873 3122307488882 9776 
CLU_4873 3122304239571 1887 
CLU_4873 3122306223354 984 
CLU_4873 3122302159589 5053 
CLU_4873 3122306942849 3670 
CLU_4873 3122302159562 15265 
CLU_4873 3122302159287 19832 
CLU_4873 CLU_2725 14879 
CLU_4873 CLU_3545 10024 
CLU_4873 CLU_3551 11760 
CLU_4873 CLU_3565 12845 
CLU_4873 CLU_3570 6135 
CLU_4873 CLU_3580 11147 
CLU_4873 CLU_3581 10320 
CLU_4873 CLU_3588 10727 
CLU_4873 CLU_3593 11113 
CLU_4873 CLU_3594 984 
CLU_4873 CLU_3602 15265 
CLU_4873 CLU_3603 10487 
CLU_4873 CLU_3604 15213 
CLU_4873 CLU_3605 19832 
CLU_4873 CLU_4824 13764 
CLU_4873 CLU_2550 8837 
CLU_4874 3122302159694 3917 
CLU_4874 3122302159538 5927 
CLU_4874 3122302159600 5312 
CLU_4874 3122302159511 4518 
CLU_4874 3122300273600 1914 
CLU_4874 3122302159503 2994 
CLU_4874 3122302159597 2653 
CLU_4874 3122302159406 2334 
CLU_4874 3122302159678 6195 
CLU_4874 3122302159422 8603 
CLU_4874 3122302159414 8801 
CLU_4874 3122304445651 9331 
CLU_4874 3122306026028 8741 
CLU_4874 3122304194500 5386 
CLU_4874 3122302159430 24205 
CLU_4874 3122302159392 6638 
CLU_4874 3122302206315 5490 
CLU_4874 3122307269161 4216 
CLU_4874 3122306703518 1996 
CLU_4874 3122302159473 5683 
CLU_4874 3122302159554 7631 
CLU_4874 3122306072046 6794 
CLU_4874 3122302159546 4216 
CLU_4874 3122307676875 3597 
CLU_4874 3122306942822 2622 
CLU_4874 3122302206323 3285 
CLU_4874 3122303747719 8591 
CLU_4874 3122306017940 5041 
CLU_4874 3122306942806 5705 
CLU_4874 3122304384881 5115 
CLU_4874 3122304207866 4023 
CLU_4874 3122302701804 5580 
CLU_4874 3122302159457 1914 
CLU_4874 3122302159856 2174 
CLU_4874 3122302159449 4792 
CLU_4874 3122307488882 7001 
CLU_4874 3122304239571 7642 
CLU_4874 3122306223354 8591 
CLU_4874 3122302159589 7322 
CLU_4874 3122306942849 8629 
CLU_4874 3122302159562 12705 
CLU_4874 3122302159287 18726 
CLU_4874 CLU_2725 14461 
CLU_4874 CLU_3545 6942 
CLU_4874 CLU_3551 5721 
CLU_4874 CLU_3565 15128 
CLU_4874 CLU_3570 5611 
CLU_4874 CLU_3580 9404 
CLU_4874 CLU_3581 6276 
CLU_4874 CLU_3588 8282 
CLU_4874 CLU_3593 5041 
CLU_4874 CLU_3594 8591 
CLU_4874 CLU_3602 12705 
CLU_4874 CLU_3603 8831 
CLU_4874 CLU_3604 9963 
CLU_4874 CLU_3605 18726 
CLU_4874 CLU_4824 6638 
CLU_4874 CLU_2550 10981 
CLU_4875 3122302159694 3582 
CLU_4875 3122302159538 6161 
CLU_4875 3122302159600 5382 
CLU_4875 3122302159511 4443 
CLU_4875 3122300273600 3888 
CLU_4875 3122302159503 3991 
CLU_4875 3122302159597 1640 
CLU_4875 3122302159406 583 
CLU_4875 3122302159678 5506 
CLU_4875 3122302159422 7011 
CLU_4875 3122302159414 7306 
CLU_4875 3122304445651 8491 
CLU_4875 3122306026028 8960 
CLU_4875 3122304194500 6509 
CLU_4875 3122302159430 22392 
CLU_4875 3122302159392 9080 
CLU_4875 3122302206315 3866 
CLU_4875 3122307269161 5831 
CLU_4875 3122306703518 3384 
CLU_4875 3122302159473 3405 
CLU_4875 3122302159554 7181 
CLU_4875 3122306072046 7050 
CLU_4875 3122302159546 5831 
CLU_4875 3122307676875 5397 
CLU_4875 3122306942822 4592 
CLU_4875 3122302206323 585 
CLU_4875 3122303747719 9466 
CLU_4875 3122306017940 2164 
CLU_4875 3122306942806 3015 
CLU_4875 3122304384881 7160 
CLU_4875 3122304207866 3879 
CLU_4875 3122302701804 7404 
CLU_4875 3122302159457 3888 
CLU_4875 3122302159856 757 
CLU_4875 3122302159449 3105 
CLU_4875 3122307488882 4728 
CLU_4875 3122304239571 8939 
CLU_4875 3122306223354 9466 
CLU_4875 3122302159589 6882 
CLU_4875 3122306942849 8569 
CLU_4875 3122302159562 9937 
CLU_4875 3122302159287 16008 
CLU_4875 CLU_2725 17370 
CLU_4875 CLU_3545 4579 
CLU_4875 CLU_3551 2813 
CLU_4875 CLU_3565 13206 
CLU_4875 CLU_3570 8088 
CLU_4875 CLU_3580 7009 
CLU_4875 CLU_3581 3748 
CLU_4875 CLU_3588 5858 
CLU_4875 CLU_3593 2164 
CLU_4875 CLU_3594 9466 
CLU_4875 CLU_3602 9937 
CLU_4875 CLU_3603 6539 
CLU_4875 CLU_3604 7050 
CLU_4875 CLU_3605 16008 
CLU_4875 CLU_4824 9080 
CLU_4875 CLU_2550 13638 
CLU_4876 3122302159694 2145 
CLU_4876 3122302159538 4424 
CLU_4876 3122302159600 3657 
CLU_4876 3122302159511 2854 
CLU_4876 3122300273600 4334 
CLU_4876 3122302159503 3566 
CLU_4876 3122302159597 1849 
CLU_4876 3122302159406 2883 
CLU_4876 3122302159678 3214 
CLU_4876 3122302159422 4435 
CLU_4876 3122302159414 4722 
CLU_4876 3122304445651 5989 
CLU_4876 3122306026028 6948 
CLU_4876 3122304194500 5448 
CLU_4876 3122302159430 19918 
CLU_4876 3122302159392 11121 
CLU_4876 3122302206315 1287 
CLU_4876 3122307269161 5348 
CLU_4876 3122306703518 3638 
CLU_4876 3122302159473 1248 
CLU_4876 3122302159554 4886 
CLU_4876 3122306072046 5212 
CLU_4876 3122302159546 5348 
CLU_4876 3122307676875 5187 
CLU_4876 3122306942822 4766 
CLU_4876 3122302206323 2027 
CLU_4876 3122303747719 7885 
CLU_4876 3122306017940 2265 
CLU_4876 3122306942806 1897 
CLU_4876 3122304384881 6879 
CLU_4876 3122304207866 6464 
CLU_4876 3122302701804 6862 
CLU_4876 3122302159457 4334 
CLU_4876 3122302159856 3039 
CLU_4876 3122302159449 5427 
CLU_4876 3122307488882 2509 
CLU_4876 3122304239571 7744 
CLU_4876 3122306223354 7885 
CLU_4876 3122302159589 4611 
CLU_4876 3122306942849 6410 
CLU_4876 3122302159562 8492 
CLU_4876 3122302159287 14380 
CLU_4876 CLU_2725 18263 
CLU_4876 CLU_3545 2483 
CLU_4876 CLU_3551 2897 
CLU_4876 CLU_3565 10759 
CLU_4876 CLU_3570 8222 
CLU_4876 CLU_3580 4918 
CLU_4876 CLU_3581 2018 
CLU_4876 CLU_3588 3820 
CLU_4876 CLU_3593 2265 
CLU_4876 CLU_3594 7885 
CLU_4876 CLU_3602 8492 
CLU_4876 CLU_3603 4330 
CLU_4876 CLU_3604 6738 
CLU_4876 CLU_3605 14380 
CLU_4876 CLU_4824 11121 
CLU_4876 CLU_2550 13797 
CLU_4877 3122302159694 5691 
CLU_4877 3122302159538 3861 
CLU_4877 3122302159600 4401 
CLU_4877 3122302159511 5000 
CLU_4877 3122300273600 5326 
CLU_4877 3122302159503 4782 
CLU_4877 3122302159597 7200 
CLU_4877 3122302159406 8450 
CLU_4877 3122302159678 5760 
CLU_4877 3122302159422 8531 
CLU_4877 3122302159414 8395 
CLU_4877 3122304445651 7055 
CLU_4877 3122306026028 4145 
CLU_4877 3122304194500 2377 
CLU_4877 3122302159430 22030 
CLU_4877 3122302159392 11113 
CLU_4877 3122302206315 7480 
CLU_4877 3122307269161 3033 
CLU_4877 3122306703518 5534 
CLU_4877 3122302159473 8764 
CLU_4877 3122302159554 5433 
CLU_4877 3122306072046 3658 
CLU_4877 3122302159546 3033 
CLU_4877 3122307676875 3622 
CLU_4877 3122306942822 4596 
CLU_4877 3122302206323 8646 
CLU_4877 3122303747719 2414 
CLU_4877 3122306017940 9930 
CLU_4877 3122306942806 9714 
CLU_4877 3122304384881 2401 
CLU_4877 3122304207866 11241 
CLU_4877 3122302701804 1726 
CLU_4877 3122302159457 5326 
CLU_4877 3122302159856 8418 
CLU_4877 3122302159449 11657 
CLU_4877 3122307488882 9363 
CLU_4877 3122304239571 875 
CLU_4877 3122306223354 2414 
CLU_4877 3122302159589 5341 
CLU_4877 3122306942849 4801 
CLU_4877 3122302159562 15339 
CLU_4877 3122302159287 20460 
CLU_4877 CLU_2725 12901 
CLU_4877 CLU_3545 9554 
CLU_4877 CLU_3551 10643 
CLU_4877 CLU_3565 14166 
CLU_4877 CLU_3570 3487 
CLU_4877 CLU_3580 11194 
CLU_4877 CLU_3581 9608 
CLU_4877 CLU_3588 10527 
CLU_4877 CLU_3593 9930 
CLU_4877 CLU_3594 2414 
CLU_4877 CLU_3602 15339 
CLU_4877 CLU_3603 10495 
CLU_4877 CLU_3604 14519 
CLU_4877 CLU_3605 20460 
CLU_4877 CLU_4824 11113 
CLU_4877 CLU_2550 7147 
CLU_4878 3122302159694 5656 
CLU_4878 3122302159538 3519 
CLU_4878 3122302159600 4166 
CLU_4878 3122302159511 4889 
CLU_4878 3122300273600 5728 
CLU_4878 3122302159503 4993 
CLU_4878 3122302159597 7325 
CLU_4878 3122302159406 8666 
CLU_4878 3122302159678 5381 
CLU_4878 3122302159422 8001 
CLU_4878 3122302159414 7835 
CLU_4878 3122304445651 6352 
CLU_4878 3122306026028 3331 
CLU_4878 3122304194500 2429 
CLU_4878 3122302159430 21196 
CLU_4878 3122302159392 11886 
CLU_4878 3122302206315 7259 
CLU_4878 3122307269161 3428 
CLU_4878 3122306703518 5839 
CLU_4878 3122302159473 8591 
CLU_4878 3122302159554 4834 
CLU_4878 3122306072046 3133 
CLU_4878 3122302159546 3428 
CLU_4878 3122307676875 4066 
CLU_4878 3122306942822 5034 
CLU_4878 3122302206323 8757 
CLU_4878 3122303747719 1539 
CLU_4878 3122306017940 9921 
CLU_4878 3122306942806 9606 
CLU_4878 3122304384881 3122 
CLU_4878 3122304207866 11644 
CLU_4878 3122302701804 2403 
CLU_4878 3122302159457 5728 
CLU_4878 3122302159856 8651 
CLU_4878 3122302159449 11909 
CLU_4878 3122307488882 9074 
CLU_4878 3122304239571 0 
CLU_4878 3122306223354 1539 
CLU_4878 3122302159589 4780 
CLU_4878 3122306942849 4037 
CLU_4878 3122302159562 14930 
CLU_4878 3122302159287 19908 
CLU_4878 CLU_2725 13710 
CLU_4878 CLU_3545 9286 
CLU_4878 CLU_3551 10613 
CLU_4878 CLU_3565 13438 
CLU_4878 CLU_3570 4339 
CLU_4878 CLU_3580 10775 
CLU_4878 CLU_3581 9423 
CLU_4878 CLU_3588 10178 
CLU_4878 CLU_3593 9921 
CLU_4878 CLU_3594 1539 
CLU_4878 CLU_3602 14930 
CLU_4878 CLU_3603 10083 
CLU_4878 CLU_3604 14352 
CLU_4878 CLU_3605 19908 
CLU_4878 CLU_4824 11886 
CLU_4878 CLU_2550 7875 
CLU_4879 3122302159694 6784 
CLU_4879 3122302159538 9362 
CLU_4879 3122302159600 8584 
CLU_4879 3122302159511 7645 
CLU_4879 3122300273600 6568 
CLU_4879 3122302159503 7032 
CLU_4879 3122302159597 4830 
CLU_4879 3122302159406 3367 
CLU_4879 3122302159678 8625 
CLU_4879 3122302159422 9663 
CLU_4879 3122302159414 10008 
CLU_4879 3122304445651 11478 
CLU_4879 3122306026028 12157 
CLU_4879 3122304194500 9605 
CLU_4879 3122302159430 24461 
CLU_4879 3122302159392 9062 
CLU_4879 3122302206315 6753 
CLU_4879 3122307269161 8761 
CLU_4879 3122306703518 6249 
CLU_4879 3122302159473 5857 
CLU_4879 3122302159554 10310 
CLU_4879 3122306072046 10251 
CLU_4879 3122302159546 8761 
CLU_4879 3122307676875 8238 
CLU_4879 3122306942822 7320 
CLU_4879 3122302206323 3590 
CLU_4879 3122303747719 12638 
CLU_4879 3122306017940 3768 
CLU_4879 3122306942806 4915 
CLU_4879 3122304384881 9921 
CLU_4879 3122304207866 2290 
CLU_4879 3122302701804 10281 
CLU_4879 3122302159457 6568 
CLU_4879 3122302159856 3373 
CLU_4879 3122302159449 134 
CLU_4879 3122307488882 6961 
CLU_4879 3122304239571 12025 
CLU_4879 3122306223354 12638 
CLU_4879 3122302159589 10019 
CLU_4879 3122306942849 11744 
CLU_4879 3122302159562 10625 
CLU_4879 3122302159287 16640 
CLU_4879 CLU_2725 18739 
CLU_4879 CLU_3545 6715 
CLU_4879 CLU_3551 3811 
CLU_4879 CLU_3565 15314 
CLU_4879 CLU_3570 10537 
CLU_4879 CLU_3580 8806 
CLU_4879 CLU_3581 5781 
CLU_4879 CLU_3588 7725 
CLU_4879 CLU_3593 3768 
CLU_4879 CLU_3594 12638 
CLU_4879 CLU_3602 10625 
CLU_4879 CLU_3603 8536 
CLU_4879 CLU_3604 6707 
CLU_4879 CLU_3605 16640 
CLU_4879 CLU_4824 9062 
CLU_4879 CLU_2550 15842 
CLU_4880 3122302159694 4000 
CLU_4880 3122302159538 6556 
CLU_4880 3122302159600 5767 
CLU_4880 3122302159511 4852 
CLU_4880 3122300273600 4830 
CLU_4880 3122302159503 4744 
CLU_4880 3122302159597 2288 
CLU_4880 3122302159406 1628 
CLU_4880 3122302159678 5607 
CLU_4880 3122302159422 6649 
CLU_4880 3122302159414 6979 
CLU_4880 3122304445651 8406 
CLU_4880 3122306026028 9252 
CLU_4880 3122304194500 7154 
CLU_4880 3122302159430 21789 
CLU_4880 3122302159392 10023 
CLU_4880 3122302206315 3681 
CLU_4880 3122307269161 6624 
CLU_4880 3122306703518 4270 
CLU_4880 3122302159473 2871 
CLU_4880 3122302159554 7290 
CLU_4880 3122306072046 7413 
CLU_4880 3122302159546 6624 
CLU_4880 3122307676875 6246 
CLU_4880 3122306942822 5502 
CLU_4880 3122302206323 851 
CLU_4880 3122303747719 9960 
CLU_4880 3122306017940 1173 
CLU_4880 3122306942806 2185 
CLU_4880 3122304384881 8020 
CLU_4880 3122304207866 4344 
CLU_4880 3122302701804 8206 
CLU_4880 3122302159457 4830 
CLU_4880 3122302159856 1797 
CLU_4880 3122302159449 3012 
CLU_4880 3122307488882 4104 
CLU_4880 3122304239571 9570 
CLU_4880 3122306223354 9960 
CLU_4880 3122302159589 7007 
CLU_4880 3122306942849 8775 
CLU_4880 3122302159562 8961 
CLU_4880 3122302159287 15045 
CLU_4880 CLU_2725 18414 
CLU_4880 CLU_3545 3906 
CLU_4880 CLU_3551 1772 
CLU_4880 CLU_3565 12599 
CLU_4880 CLU_3570 9036 
CLU_4880 CLU_3580 6249 
CLU_4880 CLU_3581 3006 
CLU_4880 CLU_3588 5105 
CLU_4880 CLU_3593 1173 
CLU_4880 CLU_3594 9960 
CLU_4880 CLU_3602 8961 
CLU_4880 CLU_3603 5844 
CLU_4880 CLU_3604 6005 
CLU_4880 CLU_3605 15045 
CLU_4880 CLU_4824 10023 
CLU_4880 CLU_2550 14612 
CLU_4881 3122302159694 4874 
CLU_4881 3122302159538 7457 
CLU_4881 3122302159600 6673 
CLU_4881 3122302159511 5738 
CLU_4881 3122300273600 5086 
CLU_4881 3122302159503 5305 
CLU_4881 3122302159597 2963 
CLU_4881 3122302159406 1672 
CLU_4881 3122302159678 6675 
CLU_4881 3122302159422 7834 
CLU_4881 3122302159414 8162 
CLU_4881 3122304445651 9550 
CLU_4881 3122306026028 10227 
CLU_4881 3122304194500 7835 
CLU_4881 3122302159430 22926 
CLU_4881 3122302159392 9279 
CLU_4881 3122302206315 4835 
CLU_4881 3122307269161 7124 
CLU_4881 3122306703518 4643 
CLU_4881 3122302159473 4052 
CLU_4881 3122302159554 8360 
CLU_4881 3122306072046 8338 
CLU_4881 3122302159546 7124 
CLU_4881 3122307676875 6664 
CLU_4881 3122306942822 5816 
CLU_4881 3122302206323 1645 
CLU_4881 3122303747719 10787 
CLU_4881 3122306017940 2160 
CLU_4881 3122306942806 3282 
CLU_4881 3122304384881 8410 
CLU_4881 3122304207866 3217 
CLU_4881 3122302701804 8688 
CLU_4881 3122302159457 5086 
CLU_4881 3122302159856 1754 
CLU_4881 3122302159449 1873 
CLU_4881 3122307488882 5262 
CLU_4881 3122304239571 10265 
CLU_4881 3122306223354 10787 
CLU_4881 3122302159589 8069 
CLU_4881 3122306942849 9800 
CLU_4881 3122302159562 9759 
CLU_4881 3122302159287 15850 
CLU_4881 CLU_2725 18176 
CLU_4881 CLU_3545 5051 
CLU_4881 CLU_3551 2514 
CLU_4881 CLU_3565 13740 
CLU_4881 CLU_3570 9241 
CLU_4881 CLU_3580 7332 
CLU_4881 CLU_3581 4133 
CLU_4881 CLU_3588 6200 
CLU_4881 CLU_3593 2160 
CLU_4881 CLU_3594 10787 
CLU_4881 CLU_3602 9759 
CLU_4881 CLU_3603 6965 
CLU_4881 CLU_3604 6395 
CLU_4881 CLU_3605 15850 
CLU_4881 CLU_4824 9279 
CLU_4881 CLU_2550 14731 
CLU_4882 3122302159694 5060 
CLU_4882 3122302159538 7630 
CLU_4882 3122302159600 6841 
CLU_4882 3122302159511 5918 
CLU_4882 3122300273600 5565 
CLU_4882 3122302159503 5665 
CLU_4882 3122302159597 3246 
CLU_4882 3122302159406 2154 
CLU_4882 3122302159678 6698 
CLU_4882 3122302159422 7610 
CLU_4882 3122302159414 7955 
CLU_4882 3122304445651 9463 
CLU_4882 3122306026028 10342 
CLU_4882 3122304194500 8145 
CLU_4882 3122302159430 22526 
CLU_4882 3122302159392 9898 
CLU_4882 3122302206315 4738 
CLU_4882 3122307269161 7519 
CLU_4882 3122306703518 5077 
CLU_4882 3122302159473 3804 
CLU_4882 3122302159554 8380 
CLU_4882 3122306072046 8493 
CLU_4882 3122302159546 7519 
CLU_4882 3122307676875 7091 
CLU_4882 3122306942822 6278 
CLU_4882 3122302206323 1820 
CLU_4882 3122303747719 11014 
CLU_4882 3122306017940 1748 
CLU_4882 3122306942806 2899 
CLU_4882 3122304384881 8853 
CLU_4882 3122304207866 3692 
CLU_4882 3122302701804 9094 
CLU_4882 3122302159457 5565 
CLU_4882 3122302159856 2267 
CLU_4882 3122302159449 2015 
CLU_4882 3122307488882 4931 
CLU_4882 3122304239571 10571 
CLU_4882 3122306223354 11014 
CLU_4882 3122302159589 8098 
CLU_4882 3122306942849 9868 
CLU_4882 3122302159562 9172 
CLU_4882 3122302159287 15259 
CLU_4882 CLU_2725 18789 
CLU_4882 CLU_3545 4697 
CLU_4882 CLU_3551 1968 
CLU_4882 CLU_3565 13353 
CLU_4882 CLU_3570 9750 
CLU_4882 CLU_3580 6891 
CLU_4882 CLU_3581 3765 
CLU_4882 CLU_3588 5777 
CLU_4882 CLU_3593 1748 
CLU_4882 CLU_3594 11014 
CLU_4882 CLU_3602 9172 
CLU_4882 CLU_3603 6566 
CLU_4882 CLU_3604 5763 
CLU_4882 CLU_3605 15259 
CLU_4882 CLU_4824 9898 
CLU_4882 CLU_2550 15270 
CLU_4883 3122302159694 8222 
CLU_4883 3122302159538 10541 
CLU_4883 3122302159600 9788 
CLU_4883 3122302159511 8985 
CLU_4883 3122300273600 9473 
CLU_4883 3122302159503 9295 
CLU_4883 3122302159597 6863 
CLU_4883 3122302159406 6155 
CLU_4883 3122302159678 9075 
CLU_4883 3122302159422 8588 
CLU_4883 3122302159414 8986 
CLU_4883 3122304445651 11041 
CLU_4883 3122306026028 12865 
CLU_4883 3122304194500 11527 
CLU_4883 3122302159430 21427 
CLU_4883 3122302159392 13587 
CLU_4883 3122302206315 6889 
CLU_4883 3122307269161 11182 
CLU_4883 3122306703518 8905 
CLU_4883 3122302159473 5516 
CLU_4883 3122302159554 10587 
CLU_4883 3122306072046 11284 
CLU_4883 3122302159546 11182 
CLU_4883 3122307676875 10852 
CLU_4883 3122306942822 10140 
CLU_4883 3122302206323 5481 
CLU_4883 3122303747719 13997 
CLU_4883 3122306017940 3972 
CLU_4883 3122306942806 4354 
CLU_4883 3122304384881 12626 
CLU_4883 3122304207866 6852 
CLU_4883 3122302701804 12759 
CLU_4883 3122302159457 9473 
CLU_4883 3122302159856 6291 
CLU_4883 3122302159449 4657 
CLU_4883 3122307488882 5781 
CLU_4883 3122304239571 13870 
CLU_4883 3122306223354 13997 
CLU_4883 3122302159589 10371 
CLU_4883 3122306942849 12202 
CLU_4883 3122302159562 6621 
CLU_4883 3122302159287 12377 
CLU_4883 CLU_2725 22841 
CLU_4883 CLU_3545 5473 
CLU_4883 CLU_3551 3259 
CLU_4883 CLU_3565 12640 
CLU_4883 CLU_3570 13679 
CLU_4883 CLU_3580 6390 
CLU_4883 CLU_3581 4832 
CLU_4883 CLU_3588 5697 
CLU_4883 CLU_3593 3972 
CLU_4883 CLU_3594 13997 
CLU_4883 CLU_3602 6621 
CLU_4883 CLU_3603 6491 
CLU_4883 CLU_3604 2293 
CLU_4883 CLU_3605 12377 
CLU_4883 CLU_4824 13587 
CLU_4883 CLU_2550 19251 
CLU_4884 3122302159694 9154 
CLU_4884 3122302159538 7970 
CLU_4884 3122302159600 8185 
CLU_4884 3122302159511 8699 
CLU_4884 3122300273600 11866 
CLU_4884 3122302159503 10500 
CLU_4884 3122302159597 10673 
CLU_4884 3122302159406 12009 
CLU_4884 3122302159678 6916 
CLU_4884 3122302159422 4749 
CLU_4884 3122302159414 4434 
CLU_4884 3122304445651 3978 
CLU_4884 3122306026028 6673 
CLU_4884 3122304194500 9720 
CLU_4884 3122302159430 11450 
CLU_4884 3122302159392 19485 
CLU_4884 3122302206315 7882 
CLU_4884 3122307269161 10916 
CLU_4884 3122306703518 11329 
CLU_4884 3122302159473 8545 
CLU_4884 3122302159554 5867 
CLU_4884 3122306072046 7524 
CLU_4884 3122302159546 10916 
CLU_4884 3122307676875 11341 
CLU_4884 3122306942822 11739 
CLU_4884 3122302206323 11172 
CLU_4884 3122303747719 8683 
CLU_4884 3122306017940 10649 
CLU_4884 3122306942806 9529 
CLU_4884 3122304384881 11985 
CLU_4884 3122304207866 15616 
CLU_4884 3122302701804 11405 
CLU_4884 3122302159457 11866 
CLU_4884 3122302159856 12149 
CLU_4884 3122302159449 14362 
CLU_4884 3122307488882 7495 
CLU_4884 3122304239571 9997 
CLU_4884 3122306223354 8683 
CLU_4884 3122302159589 6121 
CLU_4884 3122306942849 5983 
CLU_4884 3122302159562 9062 
CLU_4884 3122302159287 11587 
CLU_4884 CLU_2725 23679 
CLU_4884 CLU_3545 7773 
CLU_4884 CLU_3551 10792 
CLU_4884 CLU_3565 3751 
CLU_4884 CLU_3570 13644 
CLU_4884 CLU_3580 6473 
CLU_4884 CLU_3581 8684 
CLU_4884 CLU_3588 7144 
CLU_4884 CLU_3593 10649 
CLU_4884 CLU_3594 8683 
CLU_4884 CLU_3602 9062 
CLU_4884 CLU_3603 6330 
CLU_4884 CLU_3604 11611 
CLU_4884 CLU_3605 11587 
CLU_4884 CLU_4824 19485 
CLU_4884 CLU_2550 17857 
CLU_4885 3122302159694 7095 
CLU_4885 3122302159538 5272 
CLU_4885 3122302159600 5829 
CLU_4885 3122302159511 6422 
CLU_4885 3122300273600 6461 
CLU_4885 3122302159503 6085 
CLU_4885 3122302159597 8531 
CLU_4885 3122302159406 9715 
CLU_4885 3122302159678 7168 
CLU_4885 3122302159422 9878 
CLU_4885 3122302159414 9722 
CLU_4885 3122304445651 8240 
CLU_4885 3122306026028 5145 
CLU_4885 3122304194500 3789 
CLU_4885 3122302159430 22895 
CLU_4885 3122302159392 11461 
CLU_4885 3122302206315 8909 
CLU_4885 3122307269161 4249 
CLU_4885 3122306703518 6756 
CLU_4885 3122302159473 10190 
CLU_4885 3122302159554 6727 
CLU_4885 3122306072046 4997 
CLU_4885 3122302159546 4249 
CLU_4885 3122307676875 4766 
CLU_4885 3122306942822 5711 
CLU_4885 3122302206323 9977 
CLU_4885 3122303747719 3153 
CLU_4885 3122306017940 11314 
CLU_4885 3122306942806 11128 
CLU_4885 3122304384881 3214 
CLU_4885 3122304207866 12308 
CLU_4885 3122302701804 2727 
CLU_4885 3122302159457 6461 
CLU_4885 3122302159856 9668 
CLU_4885 3122302159449 12876 
CLU_4885 3122307488882 10790 
CLU_4885 3122304239571 1898 
CLU_4885 3122306223354 3153 
CLU_4885 3122302159589 6664 
CLU_4885 3122306942849 5900 
CLU_4885 3122302159562 16745 
CLU_4885 3122302159287 21796 
CLU_4885 CLU_2725 11998 
CLU_4885 CLU_3545 10982 
CLU_4885 CLU_3551 12034 
CLU_4885 CLU_3565 15307 
CLU_4885 CLU_3570 3677 
CLU_4885 CLU_3580 12595 
CLU_4885 CLU_3581 11034 
CLU_4885 CLU_3588 11946 
CLU_4885 CLU_3593 11314 
CLU_4885 CLU_3594 3153 
CLU_4885 CLU_3602 16745 
CLU_4885 CLU_3603 11898 
CLU_4885 CLU_3604 15942 
CLU_4885 CLU_3605 21796 
CLU_4885 CLU_4824 11461 
CLU_4885 CLU_2550 6045 
;

end;
