#############################################################################
# Project CNPq: Increasing PHC with team sizing
# Author: João Flávio de Freitas Almeida <joao.flavio@dep.ufmg.br>
# LEPOINT: Laboratório de Estudos em Planejamento de Operações Integradas
# Departamento de Engenharia de Produção
# Universidade Federal de Minas Gerais - Escola de Engenharia
#############################################################################
# Health Care Facility Location Problem: Considering fixed facilities,
# choose intermediate facilities according a criteria that improve service
# quality. Consider health care teams.
#############################################################################
# glpsol -m aps.mod -d LS.dat --cuts

#############################################################################
# DADOS REFERENTES AO MUNICIPIO DE: 
# Montes Claros 
#############################################################################
data;
# Distance matrix between same-level facilities (for team transfer) 
# {EL[1], L[1]} default 0; # Distance between L1 facilities (min)  
param DL1 := 
3143309772235 3143309772235 0 
3143309772235 3143309772251 975 
3143309772235 3143309812059 906 
3143309772235 3143309690964 1139 
3143309772235 3143305305063 1745 
3143309772235 3143307781067 2748 
3143309772235 3143309132481 2821 
3143309772235 3143307831331 2938 
3143309772235 3143300659134 3173 
3143309772235 3143303180158 2415 
3143309772235 3143307821506 2142 
3143309772235 3143302150107 3874 
3143309772235 3143309775978 2142 
3143309772235 3143302219107 4647 
3143309772235 3143302219352 1398 
3143309772235 3143302219115 1175 
3143309772235 3143303180182 2623 
3143309772235 3143302150042 2911 
3143309772235 3143302219085 3585 
3143309772235 3143309812032 3626 
3143309772235 3143302149915 4777 
3143309772235 3143307299079 4538 
3143309772235 3143302150018 5579 
3143309772235 3143302218984 4580 
3143309772235 3143306065295 5305 
3143309772235 3143302219069 4674 
3143309772235 3143306629296 5565 
3143309772235 3143302149923 5460 
3143309772235 3143306065341 6444 
3143309772235 3143306329705 5827 
3143309772235 3143306297943 13029 
3143309772235 3143307780621 2915 
3143309772235 3143302219301 2883 
3143309772235 3143303180166 2142 
3143309772235 3143305302803 2292 
3143309772235 3143302149893 3638 
3143309772235 3143302150026 4436 
3143309772235 3143300550108 6170 
3143309772235 3143303413578 31542 
3143309772235 3143306329632 5370 
3143309772235 3143305212588 12048 
3143309772235 3143309812083 2334 
3143309772235 3143306023282 1120 
3143309772235 3143302218968 3363 
3143309772235 3143309772227 2821 
3143309772235 3143302203480 1874 
3143309772235 3143302219336 4176 
3143309772235 3143302150085 4538 
3143309772235 3143300211826 5570 
3143309772235 3143302149931 2972 
3143309772235 3143302219093 3678 
3143309772235 3143309352511 4180 
3143309772235 3143309251553 2611 
3143309772235 3143305998220 3239 
3143309772235 3143309854304 4213 
3143309772235 3143309690905 4330 
3143309772235 3143307608756 6608 
3143309772235 3143306409911 6170 
3143309772235 3143307780907 4296 
3143309772235 3143309936424 5028 
3143309772235 3143309812075 2094 
3143309772235 3143306301304 2334 
3143309772235 3143303688100 2919 
3143309772235 3143303180115 975 
3143309772235 3143305302854 2290 
3143309772235 3143302219212 2260 
3143309772235 3143302149958 1694 
3143309772235 3143307282923 1057 
3143309772235 3143307951345 4769 
3143309772235 3143302219077 3515 
3143309772235 3143302219344 4674 
3143309772235 3143307607660 3874 
3143309772235 3143302150069 4808 
3143309772235 3143307809131 6174 
3143309772235 3143300186252 5694 
3143309772235 3143304701852 1744 
3143309772235 3143307836619 3626 
3143309772235 3143305212545 5230 
3143309772235 3143302150077 6608 
3143309772235 3143302150034 5166 
3143309772235 3143302219409 66730 
3143309772235 3143305212529 15178 
3143309772235 3143302219379 48525 
3143309772235 CLU_6416 15178 
3143309772251 3143309772235 975 
3143309772251 3143309772251 0 
3143309772251 3143309812059 1831 
3143309772251 3143309690964 2112 
3143309772251 3143305305063 769 
3143309772251 3143307781067 1902 
3143309772251 3143309132481 2077 
3143309772251 3143307831331 2239 
3143309772251 3143300659134 3314 
3143309772251 3143303180158 3109 
3143309772251 3143307821506 3004 
3143309772251 3143302150107 4771 
3143309772251 3143309775978 3004 
3143309772251 3143302219107 5603 
3143309772251 3143302219352 2293 
3143309772251 3143302219115 1398 
3143309772251 3143303180182 1840 
3143309772251 3143302150042 1962 
3143309772251 3143302219085 2638 
3143309772251 3143309812032 3160 
3143309772251 3143302149915 4122 
3143309772251 3143307299079 3704 
3143309772251 3143302150018 4604 
3143309772251 3143302218984 3624 
3143309772251 3143306065295 4524 
3143309772251 3143302219069 5319 
3143309772251 3143306629296 4591 
3143309772251 3143302149923 4536 
3143309772251 3143306065341 5512 
3143309772251 3143306329705 5052 
3143309772251 3143306297943 12549 
3143309772251 3143307780621 3583 
3143309772251 3143302219301 3654 
3143309772251 3143303180166 3004 
3143309772251 3143305302803 1595 
3143309772251 3143302149893 2676 
3143309772251 3143302150026 4221 
3143309772251 3143300550108 5246 
3143309772251 3143303413578 31048 
3143309772251 3143306329632 6291 
3143309772251 3143305212588 11459 
3143309772251 3143309812083 1993 
3143309772251 3143306023282 989 
3143309772251 3143302218968 4248 
3143309772251 3143309772227 2077 
3143309772251 3143302203480 2403 
3143309772251 3143302219336 4023 
3143309772251 3143302150085 3704 
3143309772251 3143300211826 6241 
3143309772251 3143302149931 3519 
3143309772251 3143302219093 4158 
3143309772251 3143309352511 3362 
3143309772251 3143309251553 2426 
3143309772251 3143305998220 2848 
3143309772251 3143309854304 3631 
3143309772251 3143309690905 3949 
3143309772251 3143307608756 5639 
3143309772251 3143306409911 5246 
3143309772251 3143307780907 5069 
3143309772251 3143309936424 4703 
3143309772251 3143309812075 2238 
3143309772251 3143306301304 1993 
3143309772251 3143303688100 3150 
3143309772251 3143303180115 0 
3143309772251 3143305302854 1338 
3143309772251 3143302219212 1317 
3143309772251 3143302149958 2609 
3143309772251 3143307282923 1555 
3143309772251 3143307951345 4288 
3143309772251 3143302219077 3259 
3143309772251 3143302219344 5319 
3143309772251 3143307607660 4771 
3143309772251 3143302150069 3834 
3143309772251 3143307809131 5548 
3143309772251 3143300186252 6439 
3143309772251 3143304701852 1757 
3143309772251 3143307836619 3160 
3143309772251 3143305212545 5404 
3143309772251 3143302150077 5639 
3143309772251 3143302150034 4254 
3143309772251 3143302219409 67702 
3143309772251 3143305212529 16135 
3143309772251 3143302219379 49499 
3143309772251 CLU_6416 16135 
3143309812059 3143309772235 906 
3143309812059 3143309772251 1831 
3143309812059 3143309812059 0 
3143309812059 3143309690964 615 
3143309812059 3143305305063 2584 
3143309812059 3143307781067 3392 
3143309812059 3143309132481 3364 
3143309812059 3143307831331 3435 
3143309812059 3143300659134 2886 
3143309812059 3143303180158 1643 
3143309812059 3143307821506 1246 
3143309812059 3143302150107 2968 
3143309812059 3143309775978 1246 
3143309812059 3143302219107 3988 
3143309812059 3143302219352 1185 
3143309812059 3143302219115 1861 
3143309812059 3143303180182 3529 
3143309812059 3143302150042 3792 
3143309812059 3143302219085 4468 
3143309812059 3143309812032 3870 
3143309812059 3143302149915 5157 
3143309812059 3143307299079 5444 
3143309812059 3143302150018 6417 
3143309812059 3143302218984 5333 
3143309812059 3143306065295 5807 
3143309812059 3143302219069 4600 
3143309812059 3143306629296 6364 
3143309812059 3143302149923 6147 
3143309812059 3143306065341 7136 
3143309812059 3143306329705 6315 
3143309812059 3143306297943 13133 
3143309812059 3143307780621 2143 
3143309812059 3143302219301 2031 
3143309812059 3143303180166 1246 
3143309812059 3143305302803 3191 
3143309812059 3143302149893 4411 
3143309812059 3143302150026 5124 
3143309812059 3143300550108 6850 
3143309812059 3143303413578 31625 
3143309812059 3143306329632 4808 
3143309812059 3143305212588 12879 
3143309812059 3143309812083 2583 
3143309812059 3143306023282 1963 
3143309812059 3143302218968 2457 
3143309812059 3143309772227 3364 
3143309812059 3143302203480 2162 
3143309812059 3143302219336 4835 
3143309812059 3143302150085 5444 
3143309812059 3143300211826 5435 
3143309812059 3143302149931 3110 
3143309812059 3143302219093 3044 
3143309812059 3143309352511 4747 
3143309812059 3143309251553 3344 
3143309812059 3143305998220 4040 
3143309812059 3143309854304 5070 
3143309812059 3143309690905 5105 
3143309812059 3143307608756 7385 
3143309812059 3143306409911 6850 
3143309812059 3143307780907 4048 
3143309812059 3143309936424 5766 
3143309812059 3143309812075 1944 
3143309812059 3143306301304 2583 
3143309812059 3143303688100 2568 
3143309812059 3143303180115 1831 
3143309812059 3143305302854 3167 
3143309812059 3143302219212 3025 
3143309812059 3143302149958 1347 
3143309812059 3143307282923 1581 
3143309812059 3143307951345 4977 
3143309812059 3143302219077 4248 
3143309812059 3143302219344 4600 
3143309812059 3143307607660 2968 
3143309812059 3143302150069 5613 
3143309812059 3143307809131 6493 
3143309812059 3143300186252 5451 
3143309812059 3143304701852 1802 
3143309812059 3143307836619 3870 
3143309812059 3143305212545 5628 
3143309812059 3143302150077 7385 
3143309812059 3143302150034 6066 
3143309812059 3143302219409 65965 
3143309812059 3143305212529 14305 
3143309812059 3143302219379 47693 
3143309812059 CLU_6416 14305 
3143309690964 3143309772235 1139 
3143309690964 3143309772251 2112 
3143309690964 3143309812059 615 
3143309690964 3143309690964 0 
3143309690964 3143305305063 2882 
3143309690964 3143307781067 3846 
3143309690964 3143309132481 3866 
3143309690964 3143307831331 3956 
3143309690964 3143300659134 3483 
3143309690964 3143303180158 2053 
3143309690964 3143307821506 1453 
3143309690964 3143302150107 2967 
3143309690964 3143309775978 1453 
3143309690964 3143302219107 3518 
3143309690964 3143302219352 599 
3143309690964 3143302219115 1689 
3143309690964 3143303180182 3613 
3143309690964 3143302150042 4016 
3143309690964 3143302219085 4683 
3143309690964 3143309812032 4461 
3143309690964 3143302149915 5723 
3143309690964 3143307299079 5522 
3143309690964 3143302150018 6709 
3143309690964 3143302218984 5717 
3143309690964 3143306065295 6335 
3143309690964 3143302219069 3988 
3143309690964 3143306629296 6704 
3143309690964 3143302149923 6582 
3143309690964 3143306065341 7568 
3143309690964 3143306329705 6850 
3143309690964 3143306297943 13748 
3143309690964 3143307780621 2528 
3143309690964 3143302219301 2305 
3143309690964 3143303180166 1453 
3143309690964 3143305302803 3240 
3143309690964 3143302149893 4777 
3143309690964 3143302150026 4825 
3143309690964 3143300550108 7290 
3143309690964 3143303413578 32241 
3143309690964 3143306329632 4281 
3143309690964 3143305212588 12707 
3143309690964 3143309812083 3165 
3143309690964 3143306023282 1941 
3143309690964 3143302218968 2500 
3143309690964 3143309772227 3866 
3143309690964 3143302203480 1699 
3143309690964 3143302219336 4515 
3143309690964 3143302150085 5522 
3143309690964 3143300211826 4820 
3143309690964 3143302149931 2550 
3143309690964 3143302219093 3514 
3143309690964 3143309352511 5245 
3143309690964 3143309251553 3123 
3143309690964 3143305998220 3876 
3143309690964 3143309854304 4974 
3143309690964 3143309690905 4893 
3143309690964 3143307608756 7748 
3143309690964 3143306409911 7290 
3143309690964 3143307780907 3435 
3143309690964 3143309936424 5506 
3143309690964 3143309812075 2559 
3143309690964 3143306301304 3165 
3143309690964 3143303688100 3157 
3143309690964 3143303180115 2112 
3143309690964 3143305302854 3402 
3143309690964 3143302219212 3396 
3143309690964 3143302149958 732 
3143309690964 3143307282923 1330 
3143309690964 3143307951345 5577 
3143309690964 3143302219077 4004 
3143309690964 3143302219344 3988 
3143309690964 3143307607660 2967 
3143309690964 3143302150069 5947 
3143309690964 3143307809131 7077 
3143309690964 3143300186252 4840 
3143309690964 3143304701852 2405 
3143309690964 3143307836619 4461 
3143309690964 3143305212545 5139 
3143309690964 3143302150077 7748 
3143309690964 3143302150034 6221 
3143309690964 3143302219409 65590 
3143309690964 3143305212529 14094 
3143309690964 3143302219379 47401 
3143309690964 CLU_6416 14094 
3143305305063 3143309772235 1745 
3143305305063 3143309772251 769 
3143305305063 3143309812059 2584 
3143305305063 3143309690964 2882 
3143305305063 3143305305063 0 
3143305305063 3143307781067 1348 
3143305305063 3143309132481 1653 
3143305305063 3143307831331 1854 
3143305305063 3143300659134 3597 
3143305305063 3143303180158 3738 
3143305305063 3143307821506 3718 
3143305305063 3143302150107 5492 
3143305305063 3143309775978 3718 
3143305305063 3143302219107 6364 
3143305305063 3143302219352 3038 
3143305305063 3143302219115 1948 
3143305305063 3143303180182 1419 
3143305305063 3143302150042 1251 
3143305305063 3143302219085 1920 
3143305305063 3143309812032 2955 
3143305305063 3143302149915 3690 
3143305305063 3143307299079 3118 
3143305305063 3143302150018 3837 
3143305305063 3143302218984 2874 
3143305305063 3143306065295 3957 
3143305305063 3143302219069 5904 
3143305305063 3143306629296 3823 
3143305305063 3143302149923 3817 
3143305305063 3143306065341 4783 
3143305305063 3143306329705 4483 
3143305305063 3143306297943 12196 
3143305305063 3143307780621 4187 
3143305305063 3143302219301 4314 
3143305305063 3143303180166 3718 
3143305305063 3143305302803 1342 
3143305305063 3143302149893 1923 
3143305305063 3143302150026 4224 
3143305305063 3143300550108 4527 
3143305305063 3143303413578 30659 
3143305305063 3143306329632 7032 
3143305305063 3143305212588 11049 
3143305305063 3143309812083 2021 
3143305305063 3143306023282 1461 
3143305305063 3143302218968 4965 
3143305305063 3143309772227 1653 
3143305305063 3143302203480 2994 
3143305305063 3143302219336 4084 
3143305305063 3143302150085 3118 
3143305305063 3143300211826 6834 
3143305305063 3143302149931 4077 
3143305305063 3143302219093 4634 
3143305305063 3143309352511 2777 
3143305305063 3143309251553 2564 
3143305305063 3143305998220 2771 
3143305305063 3143309854304 3323 
3143305305063 3143309690905 3819 
3143305305063 3143307608756 4874 
3143305305063 3143306409911 4527 
3143305305063 3143307780907 5731 
3143305305063 3143309936424 4596 
3143305305063 3143309812075 2602 
3143305305063 3143306301304 2021 
3143305305063 3143303688100 3502 
3143305305063 3143303180115 769 
3143305305063 3143305302854 651 
3143305305063 3143302219212 636 
3143305305063 3143302149958 3359 
3143305305063 3143307282923 2197 
3143305305063 3143307951345 4019 
3143305305063 3143302219077 3272 
3143305305063 3143302219344 5904 
3143305305063 3143307607660 5492 
3143305305063 3143302150069 3065 
3143305305063 3143307809131 5116 
3143305305063 3143300186252 7077 
3143305305063 3143304701852 2099 
3143305305063 3143307836619 2955 
3143305305063 3143305212545 5674 
3143305305063 3143302150077 4874 
3143305305063 3143302150034 3566 
3143305305063 3143302219409 68470 
3143305305063 3143305212529 16888 
3143305305063 3143302219379 50267 
3143305305063 CLU_6416 16888 
3143307781067 3143309772235 2748 
3143307781067 3143309772251 1902 
3143307781067 3143309812059 3392 
3143307781067 3143309690964 3846 
3143307781067 3143305305063 1348 
3143307781067 3143307781067 0 
3143307781067 3143309132481 448 
3143307781067 3143307831331 659 
3143307781067 3143300659134 3216 
3143307781067 3143303180158 4058 
3143307781067 3143307821506 4289 
3143307781067 3143302150107 6014 
3143307781067 3143309775978 4289 
3143307781067 3143302219107 7360 
3143307781067 3143302219352 4141 
3143307781067 3143302219115 3255 
3143307781067 3143303180182 2440 
3143307781067 3143302150042 1725 
3143307781067 3143302219085 2132 
3143307781067 3143309812032 1860 
3143307781067 3143302149915 2354 
3143307781067 3143307299079 3591 
3143307781067 3143302150018 3368 
3143307781067 3143302218984 2029 
3143307781067 3143306065295 2629 
3143307781067 3143302219069 7208 
3143307781067 3143306629296 3148 
3143307781067 3143302149923 2757 
3143307781067 3143306065341 3746 
3143307781067 3143306329705 3157 
3143307781067 3143306297943 10869 
3143307781067 3143307780621 4411 
3143307781067 3143302219301 4677 
3143307781067 3143303180166 4289 
3143307781067 3143305302803 2530 
3143307781067 3143302149893 1251 
3143307781067 3143302150026 5433 
3143307781067 3143300550108 3457 
3143307781067 3143303413578 29317 
3143307781067 3143306329632 8116 
3143307781067 3143305212588 11661 
3143307781067 3143309812083 1516 
3143307781067 3143306023282 2784 
3143307781067 3143302218968 5488 
3143307781067 3143309772227 448 
3143307781067 3143302203480 4289 
3143307781067 3143302219336 5333 
3143307781067 3143302150085 3591 
3143307781067 3143300211826 8134 
3143307781067 3143302149931 5393 
3143307781067 3143302219093 4540 
3143307781067 3143309352511 1460 
3143307781067 3143309251553 3877 
3143307781067 3143305998220 3967 
3143307781067 3143309854304 4269 
3143307781067 3143309690905 4934 
3143307781067 3143307608756 4085 
3143307781067 3143306409911 3457 
3143307781067 3143307780907 6970 
3143307781067 3143309936424 5711 
3143307781067 3143309812075 2522 
3143307781067 3143306301304 1516 
3143307781067 3143303688100 3260 
3143307781067 3143303180115 1902 
3143307781067 3143305302854 1538 
3143307781067 3143302219212 744 
3143307781067 3143302149958 4443 
3143307781067 3143307282923 3454 
3143307781067 3143307951345 2793 
3143307781067 3143302219077 4510 
3143307781067 3143302219344 7208 
3143307781067 3143307607660 6014 
3143307781067 3143302150069 2461 
3143307781067 3143307809131 3774 
3143307781067 3143300186252 8342 
3143307781067 3143304701852 2111 
3143307781067 3143307836619 1860 
3143307781067 3143305212545 7001 
3143307781067 3143302150077 4085 
3143307781067 3143302150034 3674 
3143307781067 3143302219409 69337 
3143307781067 3143305212529 17479 
3143307781067 3143302219379 50970 
3143307781067 CLU_6416 17479 
3143309132481 3143309772235 2821 
3143309132481 3143309772251 2077 
3143309132481 3143309812059 3364 
3143309132481 3143309690964 3866 
3143309132481 3143305305063 1653 
3143309132481 3143307781067 448 
3143309132481 3143309132481 0 
3143309132481 3143307831331 217 
3143309132481 3143300659134 2841 
3143309132481 3143303180158 3848 
3143309132481 3143307821506 4154 
3143309132481 3143302150107 5838 
3143309132481 3143309775978 4154 
3143309132481 3143302219107 7353 
3143309132481 3143302219352 4218 
3143309132481 3143302219115 3469 
3143309132481 3143303180182 2854 
3143309132481 3143302150042 2171 
3143309132481 3143302219085 2577 
3143309132481 3143309812032 1416 
3143309132481 3143302149915 2055 
3143309132481 3143307299079 4038 
3143309132481 3143302150018 3694 
3143309132481 3143302218984 2279 
3143309132481 3143306065295 2484 
3143309132481 3143302219069 7393 
3143309132481 3143306629296 3419 
3143309132481 3143302149923 2869 
3143309132481 3143306065341 3847 
3143309132481 3143306329705 3007 
3143309132481 3143306297943 10544 
3143309132481 3143307780621 4166 
3143309132481 3143302219301 4469 
3143309132481 3143303180166 4154 
3143309132481 3143305302803 2913 
3143309132481 3143302149893 1616 
3143309132481 3143302150026 5822 
3143309132481 3143300550108 3546 
3143309132481 3143303413578 29018 
3143309132481 3143306329632 8148 
3143309132481 3143305212588 12107 
3143309132481 3143309812083 1186 
3143309132481 3143306023282 3021 
3143309132481 3143302218968 5319 
3143309132481 3143309772227 0 
3143309132481 3143302203480 4480 
3143309132481 3143302219336 5708 
3143309132481 3143302150085 4038 
3143309132481 3143300211826 8312 
3143309132481 3143302149931 5597 
3143309132481 3143302219093 4209 
3143309132481 3143309352511 1382 
3143309132481 3143309251553 4216 
3143309132481 3143305998220 4357 
3143309132481 3143309854304 4704 
3143309132481 3143309690905 5346 
3143309132481 3143307608756 4297 
3143309132481 3143306409911 3546 
3143309132481 3143307780907 7101 
3143309132481 3143309936424 6125 
3143309132481 3143309812075 2247 
3143309132481 3143306301304 1186 
3143309132481 3143303688100 2916 
3143309132481 3143303180115 2077 
3143309132481 3143305302854 1943 
3143309132481 3143302219212 1117 
3143309132481 3143302149958 4505 
3143309132481 3143307282923 3627 
3143309132481 3143307951345 2390 
3143309132481 3143302219077 4888 
3143309132481 3143302219344 7393 
3143309132481 3143307607660 5838 
3143309132481 3143302150069 2775 
3143309132481 3143307809131 3484 
3143309132481 3143300186252 8487 
3143309132481 3143304701852 1891 
3143309132481 3143307836619 1416 
3143309132481 3143305212545 7327 
3143309132481 3143302150077 4297 
3143309132481 3143302150034 4097 
3143309132481 3143302219409 69234 
3143309132481 3143305212529 17287 
3143309132481 3143302219379 50805 
3143309132481 CLU_6416 17287 
3143307831331 3143309772235 2938 
3143307831331 3143309772251 2239 
3143307831331 3143309812059 3435 
3143307831331 3143309690964 3956 
3143307831331 3143305305063 1854 
3143307831331 3143307781067 659 
3143307831331 3143309132481 217 
3143307831331 3143307831331 0 
3143307831331 3143300659134 2715 
3143307831331 3143303180158 3824 
3143307831331 3143307821506 4169 
3143307831331 3143302150107 5827 
3143307831331 3143309775978 4169 
3143307831331 3143302219107 7422 
3143307831331 3143302219352 4330 
3143307831331 3143302219115 3636 
3143307831331 3143303180182 3071 
3143307831331 3143302150042 2384 
3143307831331 3143302219085 2777 
3143307831331 3143309812032 1201 
3143307831331 3143302149915 1883 
3143307831331 3143307299079 4241 
3143307831331 3143302150018 3813 
3143307831331 3143302218984 2368 
3143307831331 3143306065295 2379 
3143307831331 3143302219069 7544 
3143307831331 3143306629296 3511 
3143307831331 3143302149923 2884 
3143307831331 3143306065341 3851 
3143307831331 3143306329705 2896 
3143307831331 3143306297943 10352 
3143307831331 3143307780621 4120 
3143307831331 3143302219301 4444 
3143307831331 3143303180166 4169 
3143307831331 3143305302803 3126 
3143307831331 3143302149893 1769 
3143307831331 3143302150026 6036 
3143307831331 3143300550108 3545 
3143307831331 3143303413578 28833 
3143307831331 3143306329632 8234 
3143307831331 3143305212588 12308 
3143307831331 3143309812083 1118 
3143307831331 3143306023282 3197 
3143307831331 3143302218968 5312 
3143307831331 3143309772227 217 
3143307831331 3143302203480 4637 
3143307831331 3143302219336 5918 
3143307831331 3143302150085 4241 
3143307831331 3143300211826 8459 
3143307831331 3143302149931 5756 
3143307831331 3143302219093 4110 
3143307831331 3143309352511 1331 
3143307831331 3143309251553 4418 
3143307831331 3143305998220 4571 
3143307831331 3143309854304 4921 
3143307831331 3143309690905 5563 
3143307831331 3143307608756 4355 
3143307831331 3143306409911 3545 
3143307831331 3143307780907 7230 
3143307831331 3143309936424 6342 
3143307831331 3143309812075 2196 
3143307831331 3143306301304 1118 
3143307831331 3143303688100 2813 
3143307831331 3143303180115 2239 
3143307831331 3143305302854 2159 
3143307831331 3143302219212 1332 
3143307831331 3143302149958 4611 
3143307831331 3143307282923 3779 
3143307831331 3143307951345 2177 
3143307831331 3143302219077 5099 
3143307831331 3143302219344 7544 
3143307831331 3143307607660 5827 
3143307831331 3143302150069 2892 
3143307831331 3143307809131 3310 
3143307831331 3143300186252 8621 
3143307831331 3143304701852 1880 
3143307831331 3143307836619 1201 
3143307831331 3143305212545 7524 
3143307831331 3143302150077 4355 
3143307831331 3143302150034 4276 
3143307831331 3143302219409 69250 
3143307831331 3143305212529 17260 
3143307831331 3143302219379 50789 
3143307831331 CLU_6416 17260 
3143300659134 3143309772235 3173 
3143300659134 3143309772251 3314 
3143300659134 3143309812059 2886 
3143300659134 3143309690964 3483 
3143300659134 3143305305063 3597 
3143300659134 3143307781067 3216 
3143300659134 3143309132481 2841 
3143300659134 3143307831331 2715 
3143300659134 3143300659134 0 
3143300659134 3143303180158 1958 
3143300659134 3143307821506 2683 
3143300659134 3143302150107 3798 
3143300659134 3143309775978 2683 
3143300659134 3143302219107 6189 
3143300659134 3143302219352 4070 
3143300659134 3143302219115 4336 
3143300659134 3143303180182 5011 
3143300659134 3143302150042 4687 
3143300659134 3143302219085 5249 
3143300659134 3143309812032 2102 
3143300659134 3143302149915 3459 
3143300659134 3143307299079 6635 
3143300659134 3143302150018 6528 
3143300659134 3143302218984 5074 
3143300659134 3143306065295 4408 
3143300659134 3143302219069 7463 
3143300659134 3143306629296 6214 
3143300659134 3143302149923 5439 
3143300659134 3143306065341 6333 
3143300659134 3143306329705 4793 
3143300659134 3143306297943 10440 
3143300659134 3143307780621 1943 
3143300659134 3143302219301 2427 
3143300659134 3143303180166 2683 
3143300659134 3143305302803 4860 
3143300659134 3143302149893 4453 
3143300659134 3143302150026 7505 
3143300659134 3143300550108 6019 
3143300659134 3143303413578 28865 
3143300659134 3143306329632 7164 
3143300659134 3143305212588 14642 
3143300659134 3143309812083 1714 
3143300659134 3143306023282 4145 
3143300659134 3143302218968 3378 
3143300659134 3143309772227 2841 
3143300659134 3143302203480 4971 
3143300659134 3143302219336 7279 
3143300659134 3143302150085 6635 
3143300659134 3143300211826 8266 
3143300659134 3143302149931 5985 
3143300659134 3143302219093 1469 
3143300659134 3143309352511 3801 
3143300659134 3143309251553 5679 
3143300659134 3143305998220 6162 
3143300659134 3143309854304 6896 
3143300659134 3143309690905 7264 
3143300659134 3143307608756 6996 
3143300659134 3143306409911 6019 
3143300659134 3143307780907 6833 
3143300659134 3143309936424 8015 
3143300659134 3143309812075 1095 
3143300659134 3143306301304 1714 
3143300659134 3143303688100 360 
3143300659134 3143303180115 3314 
3143300659134 3143305302854 4204 
3143300659134 3143302219212 3502 
3143300659134 3143302149958 4199 
3143300659134 3143307282923 4219 
3143300659134 3143307951345 2802 
3143300659134 3143302219077 6550 
3143300659134 3143302219344 7463 
3143300659134 3143307607660 3798 
3143300659134 3143302150069 5607 
3143300659134 3143307809131 4428 
3143300659134 3143300186252 8210 
3143300659134 3143304701852 1557 
3143300659134 3143307836619 2102 
3143300659134 3143305212545 8396 
3143300659134 3143302150077 6996 
3143300659134 3143302150034 6865 
3143300659134 3143302219409 67126 
3143300659134 3143305212529 14887 
3143300659134 3143302219379 48447 
3143300659134 CLU_6416 14887 
3143303180158 3143309772235 2415 
3143303180158 3143309772251 3109 
3143303180158 3143309812059 1643 
3143303180158 3143309690964 2053 
3143303180158 3143305305063 3738 
3143303180158 3143307781067 4058 
3143303180158 3143309132481 3848 
3143303180158 3143307831331 3824 
3143303180158 3143300659134 1958 
3143303180158 3143303180158 0 
3143303180158 3143307821506 786 
3143303180158 3143302150107 2015 
3143303180158 3143309775978 786 
3143303180158 3143302219107 4233 
3143303180158 3143302219352 2633 
3143303180158 3143302219115 3495 
3143303180158 3143303180182 4941 
3143303180158 3143302150042 4988 
3143303180158 3143302219085 5649 
3143303180158 3143309812032 3734 
3143303180158 3143302149915 5139 
3143303180158 3143307299079 6812 
3143303180158 3143302150018 7376 
3143303180158 3143302218984 6086 
3143303180158 3143306065295 5986 
3143303180158 3143302219069 5797 
3143303180158 3143306629296 7203 
3143303180158 3143302149923 6708 
3143303180158 3143306065341 7674 
3143303180158 3143306329705 6437 
3143303180158 3143306297943 12376 
3143303180158 3143307780621 502 
3143303180158 3143302219301 621 
3143303180158 3143303180166 786 
3143303180158 3143305302803 4654 
3143303180158 3143302149893 5263 
3143303180158 3143302150026 6767 
3143303180158 3143300550108 7367 
3143303180158 3143303413578 30757 
3143303180158 3143306329632 5217 
3143303180158 3143305212588 14462 
3143303180158 3143309812083 2723 
3143303180158 3143306023282 3534 
3143303180158 3143302218968 1521 
3143303180158 3143309772227 3848 
3143303180158 3143302203480 3747 
3143303180158 3143302219336 6479 
3143303180158 3143302150085 6812 
3143303180158 3143300211826 6526 
3143303180158 3143302149931 4569 
3143303180158 3143302219093 1477 
3143303180158 3143309352511 5127 
3143303180158 3143309251553 4977 
3143303180158 3143305998220 5647 
3143303180158 3143309854304 6624 
3143303180158 3143309690905 6727 
3143303180158 3143307608756 8135 
3143303180158 3143306409911 7367 
3143303180158 3143307780907 5062 
3143303180158 3143309936424 7402 
3143303180158 3143309812075 1657 
3143303180158 3143306301304 2723 
3143303180158 3143303688100 1600 
3143303180158 3143303180115 3109 
3143303180158 3143305302854 4384 
3143303180158 3143302219212 3973 
3143303180158 3143302149958 2641 
3143303180158 3143307282923 3224 
3143303180158 3143307951345 4653 
3143303180158 3143302219077 5883 
3143303180158 3143302219344 5797 
3143303180158 3143307607660 2015 
3143303180158 3143302150069 6496 
3143303180158 3143307809131 6277 
3143303180158 3143300186252 6395 
3143303180158 3143304701852 1957 
3143303180158 3143307836619 3734 
3143303180158 3143305212545 7191 
3143303180158 3143302150077 8135 
3143303180158 3143302150034 7303 
3143303180158 3143302219409 65473 
3143303180158 3143305212529 13439 
3143303180158 3143302219379 46965 
3143303180158 CLU_6416 13439 
3143307821506 3143309772235 2142 
3143307821506 3143309772251 3004 
3143307821506 3143309812059 1246 
3143307821506 3143309690964 1453 
3143307821506 3143305305063 3718 
3143307821506 3143307781067 4289 
3143307821506 3143309132481 4154 
3143307821506 3143307831331 4169 
3143307821506 3143300659134 2683 
3143307821506 3143303180158 786 
3143307821506 3143307821506 0 
3143307821506 3143302150107 1774 
3143307821506 3143309775978 0 
3143307821506 3143302219107 3524 
3143307821506 3143302219352 1981 
3143307821506 3143302219115 3067 
3143307821506 3143303180182 4763 
3143307821506 3143302150042 4958 
3143307821506 3143302219085 5633 
3143307821506 3143309812032 4274 
3143307821506 3143302149915 5661 
3143307821506 3143307299079 6673 
3143307821506 3143302150018 7497 
3143307821506 3143302218984 6304 
3143307821506 3143306065295 6446 
3143307821506 3143302219069 5024 
3143307821506 3143306629296 7386 
3143307821506 3143302149923 7019 
3143307821506 3143306065341 8001 
3143307821506 3143306329705 6922 
3143307821506 3143306297943 13122 
3143307821506 3143307780621 1156 
3143307821506 3143302219301 853 
3143307821506 3143303180166 0 
3143307821506 3143305302803 4434 
3143307821506 3143302149893 5424 
3143307821506 3143302150026 6274 
3143307821506 3143300550108 7701 
3143307821506 3143303413578 31526 
3143307821506 3143306329632 4484 
3143307821506 3143305212588 14106 
3143307821506 3143309812083 3130 
3143307821506 3143306023282 3207 
3143307821506 3143302218968 1247 
3143307821506 3143309772227 4154 
3143307821506 3143302203480 3139 
3143307821506 3143302219336 5967 
3143307821506 3143302150085 6673 
3143307821506 3143300211826 5742 
3143307821506 3143302149931 3869 
3143307821506 3143302219093 2229 
3143307821506 3143309352511 5499 
3143307821506 3143309251553 4539 
3143307821506 3143305998220 5263 
3143307821506 3143309854304 6312 
3143307821506 3143309690905 6310 
3143307821506 3143307608756 8366 
3143307821506 3143306409911 7701 
3143307821506 3143307780907 4277 
3143307821506 3143309936424 6944 
3143307821506 3143309812075 2153 
3143307821506 3143306301304 3130 
3143307821506 3143303688100 2323 
3143307821506 3143303180115 3004 
3143307821506 3143305302854 4336 
3143307821506 3143302219212 4068 
3143307821506 3143302149958 1933 
3143307821506 3143307282923 2745 
3143307821506 3143307951345 5268 
3143307821506 3143302219077 5434 
3143307821506 3143302219344 5024 
3143307821506 3143307607660 1774 
3143307821506 3143302150069 6653 
3143307821506 3143307809131 6874 
3143307821506 3143300186252 5609 
3143307821506 3143304701852 2304 
3143307821506 3143307836619 4274 
3143307821506 3143305212545 6530 
3143307821506 3143302150077 8366 
3143307821506 3143302150034 7258 
3143307821506 3143302219409 65081 
3143307821506 3143305212529 13216 
3143307821506 3143302219379 46682 
3143307821506 CLU_6416 13216 
3143302150107 3143309772235 3874 
3143302150107 3143309772251 4771 
3143302150107 3143309812059 2968 
3143302150107 3143309690964 2967 
3143302150107 3143305305063 5492 
3143302150107 3143307781067 6014 
3143302150107 3143309132481 5838 
3143302150107 3143307831331 5827 
3143302150107 3143300659134 3798 
3143302150107 3143303180158 2015 
3143302150107 3143307821506 1774 
3143302150107 3143302150107 0 
3143302150107 3143309775978 1774 
3143302150107 3143302219107 2915 
3143302150107 3143302219352 3314 
3143302150107 3143302219115 4656 
3143302150107 3143303180182 6495 
3143302150107 3143302150042 6729 
3143302150107 3143302219085 7405 
3143302150107 3143309812032 5729 
3143302150107 3143302149915 7135 
3143302150107 3143307299079 8412 
3143302150107 3143302150018 9264 
3143302150107 3143302218984 8040 
3143302150107 3143306065295 7999 
3143302150107 3143302219069 5471 
3143302150107 3143306629296 9136 
3143302150107 3143302149923 8706 
3143302150107 3143306065341 9678 
3143302150107 3143306329705 8444 
3143302150107 3143306297943 13937 
3143302150107 3143307780621 1859 
3143302150107 3143302219301 1415 
3143302150107 3143303180166 1774 
3143302150107 3143305302803 6148 
3143302150107 3143302149893 7179 
3143302150107 3143302150026 7680 
3143302150107 3143300550108 9372 
3143302150107 3143303413578 32126 
3143302150107 3143306329632 3935 
3143302150107 3143305212588 15645 
3143302150107 3143309812083 4735 
3143302150107 3143306023282 4879 
3143302150107 3143302218968 529 
3143302150107 3143309772227 5838 
3143302150107 3143302203480 4448 
3143302150107 3143302219336 7348 
3143302150107 3143302150085 8412 
3143302150107 3143300211826 5969 
3143302150107 3143302149931 4858 
3143302150107 3143302219093 2653 
3143302150107 3143309352511 7138 
3143302150107 3143309251553 6066 
3143302150107 3143305998220 6836 
3143302150107 3143309854304 7942 
3143302150107 3143309690905 7827 
3143302150107 3143307608756 10099 
3143302150107 3143306409911 9372 
3143302150107 3143307780907 4549 
3143302150107 3143309936424 8396 
3143302150107 3143309812075 3673 
3143302150107 3143306301304 4735 
3143302150107 3143303688100 3472 
3143302150107 3143303180115 4771 
3143302150107 3143305302854 6106 
3143302150107 3143302219212 5834 
3143302150107 3143302149958 3118 
3143302150107 3143307282923 4292 
3143302150107 3143307951345 6588 
3143302150107 3143302219077 6924 
3143302150107 3143302219344 5471 
3143302150107 3143307607660 0 
3143302150107 3143302150069 8410 
3143302150107 3143307809131 8217 
3143302150107 3143300186252 5640 
3143302150107 3143304701852 3948 
3143302150107 3143307836619 5729 
3143302150107 3143305212545 7539 
3143302150107 3143302150077 10099 
3143302150107 3143302150034 9024 
3143302150107 3143302219409 63458 
3143302150107 3143305212529 11465 
3143302150107 3143302219379 44966 
3143302150107 CLU_6416 11465 
3143309775978 3143309772235 2142 
3143309775978 3143309772251 3004 
3143309775978 3143309812059 1246 
3143309775978 3143309690964 1453 
3143309775978 3143305305063 3718 
3143309775978 3143307781067 4289 
3143309775978 3143309132481 4154 
3143309775978 3143307831331 4169 
3143309775978 3143300659134 2683 
3143309775978 3143303180158 786 
3143309775978 3143307821506 0 
3143309775978 3143302150107 1774 
3143309775978 3143309775978 0 
3143309775978 3143302219107 3524 
3143309775978 3143302219352 1981 
3143309775978 3143302219115 3067 
3143309775978 3143303180182 4763 
3143309775978 3143302150042 4958 
3143309775978 3143302219085 5633 
3143309775978 3143309812032 4274 
3143309775978 3143302149915 5661 
3143309775978 3143307299079 6673 
3143309775978 3143302150018 7497 
3143309775978 3143302218984 6304 
3143309775978 3143306065295 6446 
3143309775978 3143302219069 5024 
3143309775978 3143306629296 7386 
3143309775978 3143302149923 7019 
3143309775978 3143306065341 8001 
3143309775978 3143306329705 6922 
3143309775978 3143306297943 13122 
3143309775978 3143307780621 1156 
3143309775978 3143302219301 853 
3143309775978 3143303180166 0 
3143309775978 3143305302803 4434 
3143309775978 3143302149893 5424 
3143309775978 3143302150026 6274 
3143309775978 3143300550108 7701 
3143309775978 3143303413578 31526 
3143309775978 3143306329632 4484 
3143309775978 3143305212588 14106 
3143309775978 3143309812083 3130 
3143309775978 3143306023282 3207 
3143309775978 3143302218968 1247 
3143309775978 3143309772227 4154 
3143309775978 3143302203480 3139 
3143309775978 3143302219336 5967 
3143309775978 3143302150085 6673 
3143309775978 3143300211826 5742 
3143309775978 3143302149931 3869 
3143309775978 3143302219093 2229 
3143309775978 3143309352511 5499 
3143309775978 3143309251553 4539 
3143309775978 3143305998220 5263 
3143309775978 3143309854304 6312 
3143309775978 3143309690905 6310 
3143309775978 3143307608756 8366 
3143309775978 3143306409911 7701 
3143309775978 3143307780907 4277 
3143309775978 3143309936424 6944 
3143309775978 3143309812075 2153 
3143309775978 3143306301304 3130 
3143309775978 3143303688100 2323 
3143309775978 3143303180115 3004 
3143309775978 3143305302854 4336 
3143309775978 3143302219212 4068 
3143309775978 3143302149958 1933 
3143309775978 3143307282923 2745 
3143309775978 3143307951345 5268 
3143309775978 3143302219077 5434 
3143309775978 3143302219344 5024 
3143309775978 3143307607660 1774 
3143309775978 3143302150069 6653 
3143309775978 3143307809131 6874 
3143309775978 3143300186252 5609 
3143309775978 3143304701852 2304 
3143309775978 3143307836619 4274 
3143309775978 3143305212545 6530 
3143309775978 3143302150077 8366 
3143309775978 3143302150034 7258 
3143309775978 3143302219409 65081 
3143309775978 3143305212529 13216 
3143309775978 3143302219379 46682 
3143309775978 CLU_6416 13216 
3143302219107 3143309772235 4647 
3143302219107 3143309772251 5603 
3143302219107 3143309812059 3988 
3143302219107 3143309690964 3518 
3143302219107 3143305305063 6364 
3143302219107 3143307781067 7360 
3143302219107 3143309132481 7353 
3143302219107 3143307831331 7422 
3143302219107 3143300659134 6189 
3143302219107 3143303180158 4233 
3143302219107 3143307821506 3524 
3143302219107 3143302150107 2915 
3143302219107 3143309775978 3524 
3143302219107 3143302219107 0 
3143302219107 3143302219352 3342 
3143302219107 3143302219115 4728 
3143302219107 3143303180182 6819 
3143302219107 3143302150042 7406 
3143302219107 3143302219085 8043 
3143302219107 3143309812032 7738 
3143302219107 3143302149915 9089 
3143302219107 3143307299079 8613 
3143302219107 3143302150018 10136 
3143302219107 3143302218984 9225 
3143302219107 3143306065295 9788 
3143302219107 3143302219069 3209 
3143302219107 3143306629296 10180 
3143302219107 3143302149923 10100 
3143302219107 3143306065341 11086 
3143302219107 3143306329705 10290 
3143302219107 3143306297943 16601 
3143302219107 3143307780621 4372 
3143302219107 3143302219301 3866 
3143302219107 3143303180166 3524 
3143302219107 3143305302803 6415 
3143302219107 3143302149893 8279 
3143302219107 3143302150026 6766 
3143302219107 3143300550108 10808 
3143302219107 3143303413578 34925 
3143302219107 3143306329632 1025 
3143302219107 3143305212588 14707 
3143302219107 3143309812083 6508 
3143302219107 3143306023282 5164 
3143302219107 3143302218968 3043 
3143302219107 3143309772227 7353 
3143302219107 3143302203480 3929 
3143302219107 3143302219336 6409 
3143302219107 3143302150085 8613 
3143302219107 3143300211826 3387 
3143302219107 3143302149931 3595 
3143302219107 3143302219093 5387 
3143302219107 3143309352511 8735 
3143302219107 3143309251553 5676 
3143302219107 3143305998220 6475 
3143302219107 3143309854304 7655 
3143302219107 3143309690905 7188 
3143302219107 3143307608756 11238 
3143302219107 3143306409911 10808 
3143302219107 3143307780907 2245 
3143302219107 3143309936424 7528 
3143302219107 3143309812075 5638 
3143302219107 3143306301304 6508 
3143302219107 3143303688100 5829 
3143302219107 3143303180115 5603 
3143302219107 3143305302854 6820 
3143302219107 3143302219212 6907 
3143302219107 3143302149958 3018 
3143302219107 3143307282923 4354 
3143302219107 3143307951345 8775 
3143302219107 3143302219077 6311 
3143302219107 3143302219344 3209 
3143302219107 3143307607660 2915 
3143302219107 3143302150069 9421 
3143302219107 3143307809131 10363 
3143302219107 3143300186252 2907 
3143302219107 3143304701852 5683 
3143302219107 3143307836619 7738 
3143302219107 3143305212545 5841 
3143302219107 3143302150077 11238 
3143302219107 3143302150034 9447 
3143302219107 3143302219409 62122 
3143302219107 3143305212529 11107 
3143302219107 3143302219379 44085 
3143302219107 CLU_6416 11107 
3143302219352 3143309772235 1398 
3143302219352 3143309772251 2293 
3143302219352 3143309812059 1185 
3143302219352 3143309690964 599 
3143302219352 3143305305063 3038 
3143302219352 3143307781067 4141 
3143302219352 3143309132481 4218 
3143302219352 3143307831331 4330 
3143302219352 3143300659134 4070 
3143302219352 3143303180158 2633 
3143302219352 3143307821506 1981 
3143302219352 3143302150107 3314 
3143302219352 3143309775978 1981 
3143302219352 3143302219107 3342 
3143302219352 3143302219352 0 
3143302219352 3143302219115 1469 
3143302219352 3143303180182 3534 
3143302219352 3143302150042 4065 
3143302219352 3143302219085 4711 
3143302219352 3143309812032 4937 
3143302219352 3143302149915 6148 
3143302219352 3143307299079 5402 
3143302219352 3143302150018 6793 
3143302219352 3143302218984 5912 
3143302219352 3143306065295 6702 
3143302219352 3143302219069 3424 
3143302219352 3143306629296 6841 
3143302219352 3143302149923 6828 
3143302219352 3143306065341 7806 
3143302219352 3143306329705 7223 
3143302219352 3143306297943 14278 
3143302219352 3143307780621 3096 
3143302219352 3143302219301 2833 
3143302219352 3143303180166 1981 
3143302219352 3143305302803 3139 
3143302219352 3143302149893 4961 
3143302219352 3143302150026 4377 
3143302219352 3143300550108 7538 
3143302219352 3143303413578 32780 
3143302219352 3143306329632 3997 
3143302219352 3143305212588 12331 
3143302219352 3143309812083 3634 
3143302219352 3143306023282 1847 
3143302219352 3143302218968 2893 
3143302219352 3143309772227 4218 
3143302219352 3143302203480 1169 
3143302219352 3143302219336 4052 
3143302219352 3143302150085 5402 
3143302219352 3143300211826 4278 
3143302219352 3143302149931 1952 
3143302219352 3143302219093 4103 
3143302219352 3143309352511 5578 
3143302219352 3143309251553 2767 
3143302219352 3143305998220 3556 
3143302219352 3143309854304 4700 
3143302219352 3143309690905 4516 
3143302219352 3143307608756 7904 
3143302219352 3143306409911 7538 
3143302219352 3143307780907 2935 
3143302219352 3143309936424 5083 
3143302219352 3143309812075 3117 
3143302219352 3143306301304 3634 
3143302219352 3143303688100 3749 
3143302219352 3143303180115 2293 
3143302219352 3143305302854 3477 
3143302219352 3143302219212 3610 
3143302219352 3143302149958 324 
3143302219352 3143307282923 1078 
3143302219352 3143307951345 6067 
3143302219352 3143302219077 3611 
3143302219352 3143302219344 3424 
3143302219352 3143307607660 3314 
3143302219352 3143302150069 6083 
3143302219352 3143307809131 7528 
3143302219352 3143300186252 4341 
3143302219352 3143304701852 2916 
3143302219352 3143307836619 4937 
3143302219352 3143305212545 4561 
3143302219352 3143302150077 7904 
3143302219352 3143302150034 6171 
3143302219352 3143302219409 65465 
3143302219352 3143305212529 14170 
3143302219352 3143302219379 47374 
3143302219352 CLU_6416 14170 
3143302219115 3143309772235 1175 
3143302219115 3143309772251 1398 
3143302219115 3143309812059 1861 
3143302219115 3143309690964 1689 
3143302219115 3143305305063 1948 
3143302219115 3143307781067 3255 
3143302219115 3143309132481 3469 
3143302219115 3143307831331 3636 
3143302219115 3143300659134 4336 
3143302219115 3143303180158 3495 
3143302219115 3143307821506 3067 
3143302219115 3143302150107 4656 
3143302219115 3143309775978 3067 
3143302219115 3143302219107 4728 
3143302219115 3143302219352 1469 
3143302219115 3143302219115 0 
3143302219115 3143303180182 2091 
3143302219115 3143302150042 2732 
3143302219115 3143302219085 3337 
3143302219115 3143309812032 4534 
3143302219115 3143302149915 5519 
3143302219115 3143307299079 3936 
3143302219115 3143302150018 5455 
3143302219115 3143302218984 4743 
3143302219115 3143306065295 5884 
3143302219115 3143302219069 3958 
3143302219115 3143306629296 5569 
3143302219115 3143302149923 5733 
3143302219115 3143306065341 6680 
3143302219115 3143306329705 6412 
3143302219115 3143306297943 13940 
3143302219115 3143307780621 3997 
3143302219115 3143302219301 3885 
3143302219115 3143303180166 3067 
3143302219115 3143305302803 1688 
3143302219115 3143302149893 3801 
3143302219115 3143302150026 3282 
3143302219115 3143300550108 6438 
3143302219115 3143303413578 32443 
3143302219115 3143306329632 5262 
3143302219115 3143305212588 11040 
3143302219115 3143309812083 3306 
3143302219115 3143306023282 494 
3143302219115 3143302218968 4185 
3143302219115 3143309772227 3469 
3143302219115 3143302203480 1047 
3143302219115 3143302219336 3010 
3143302219115 3143302150085 3936 
3143302219115 3143300211826 4887 
3143302219115 3143302149931 2138 
3143302219115 3143302219093 4829 
3143302219115 3143309352511 4709 
3143302219115 3143309251553 1483 
3143302219115 3143305998220 2197 
3143302219115 3143309854304 3286 
3143302219115 3143309690905 3246 
3143302219115 3143307608756 6646 
3143302219115 3143306409911 6438 
3143302219115 3143307780907 3806 
3143302219115 3143309936424 3907 
3143302219115 3143309812075 3247 
3143302219115 3143306301304 3306 
3143302219115 3143303688100 4092 
3143302219115 3143303180115 1398 
3143302219115 3143305302854 2204 
3143302219115 3143302219212 2582 
3143302219115 3143302149958 1774 
3143302219115 3143307282923 390 
3143302219115 3143307951345 5671 
3143302219115 3143302219077 2388 
3143302219115 3143302219344 3958 
3143302219115 3143307607660 4656 
3143302219115 3143302150069 4819 
3143302219115 3143307809131 6946 
3143302219115 3143300186252 5133 
3143302219115 3143304701852 2853 
3143302219115 3143307836619 4534 
3143302219115 3143305212545 4102 
3143302219115 3143302150077 6646 
3143302219115 3143302150034 4726 
3143302219115 3143302219409 66822 
3143302219115 3143305212529 15638 
3143302219115 3143302219379 48805 
3143302219115 CLU_6416 15638 
3143303180182 3143309772235 2623 
3143303180182 3143309772251 1840 
3143303180182 3143309812059 3529 
3143303180182 3143309690964 3613 
3143303180182 3143305305063 1419 
3143303180182 3143307781067 2440 
3143303180182 3143309132481 2854 
3143303180182 3143307831331 3071 
3143303180182 3143300659134 5011 
3143303180182 3143303180158 4941 
3143303180182 3143307821506 4763 
3143303180182 3143302150107 6495 
3143303180182 3143309775978 4763 
3143303180182 3143302219107 6819 
3143303180182 3143302219352 3534 
3143303180182 3143302219115 2091 
3143303180182 3143303180182 0 
3143303180182 3143302150042 940 
3143303180182 3143302219085 1342 
3143303180182 3143309812032 4252 
3143303180182 3143302149915 4729 
3143303180182 3143307299079 1917 
3143303180182 3143302150018 3454 
3143303180182 3143302218984 3068 
3143303180182 3143306065295 4741 
3143303180182 3143302219069 5646 
3143303180182 3143306629296 3665 
3143303180182 3143302149923 4125 
3143303180182 3143306065341 4976 
3143303180182 3143306329705 5239 
3143303180182 3143306297943 13213 
3143303180182 3143307780621 5420 
3143303180182 3143302219301 5467 
3143303180182 3143303180166 4763 
3143303180182 3143305302803 406 
3143303180182 3143302149893 2251 
3143303180182 3143302150026 3016 
3143303180182 3143300550108 4783 
3143303180182 3143303413578 31580 
3143303180182 3143306329632 7319 
3143303180182 3143305212588 9652 
3143303180182 3143309812083 3433 
3143303180182 3143306023282 1691 
3143303180182 3143302218968 5986 
3143303180182 3143309772227 2854 
3143303180182 3143302203480 2986 
3143303180182 3143302219336 2955 
3143303180182 3143302150085 1917 
3143303180182 3143300211826 6567 
3143303180182 3143302149931 3859 
3143303180182 3143302219093 5980 
3143303180182 3143309352511 3609 
3143303180182 3143309251553 1732 
3143303180182 3143305998220 1565 
3143303180182 3143309854304 1906 
3143303180182 3143309690905 2494 
3143303180182 3143307608756 4739 
3143303180182 3143306409911 4783 
3143303180182 3143307780907 5714 
3143303180182 3143309936424 3271 
3143303180182 3143309812075 3989 
3143303180182 3143306301304 3433 
3143303180182 3143303688100 4899 
3143303180182 3143303180115 1840 
3143303180182 3143305302854 912 
3143303180182 3143302219212 1745 
3143303180182 3143302149958 3851 
3143303180182 3143307282923 2473 
3143303180182 3143307951345 5233 
3143303180182 3143302219077 2137 
3143303180182 3143302219344 5646 
3143303180182 3143307607660 6495 
3143303180182 3143302150069 2958 
3143303180182 3143307809131 6103 
3143303180182 3143300186252 6934 
3143303180182 3143304701852 3488 
3143303180182 3143307836619 4252 
3143303180182 3143305212545 4777 
3143303180182 3143302150077 4739 
3143303180182 3143302150034 2637 
3143303180182 3143302219409 68892 
3143303180182 3143305212529 17691 
3143303180182 3143302219379 50896 
3143303180182 CLU_6416 17691 
3143302150042 3143309772235 2911 
3143302150042 3143309772251 1962 
3143302150042 3143309812059 3792 
3143302150042 3143309690964 4016 
3143302150042 3143305305063 1251 
3143302150042 3143307781067 1725 
3143302150042 3143309132481 2171 
3143302150042 3143307831331 2384 
3143302150042 3143300659134 4687 
3143302150042 3143303180158 4988 
3143302150042 3143307821506 4958 
3143302150042 3143302150107 6729 
3143302150042 3143309775978 4958 
3143302150042 3143302219107 7406 
3143302150042 3143302219352 4065 
3143302150042 3143302219115 2732 
3143302150042 3143303180182 940 
3143302150042 3143302150042 0 
3143302150042 3143302219085 676 
3143302150042 3143309812032 3586 
3143302150042 3143302149915 3883 
3143302150042 3143307299079 1948 
3143302150042 3143302150018 2732 
3143302150042 3143302218984 2143 
3143302150042 3143306065295 3823 
3143302150042 3143302219069 6501 
3143302150042 3143306629296 2844 
3143302150042 3143302149923 3195 
3143302150042 3143306065341 4070 
3143302150042 3143306329705 4314 
3143302150042 3143306297943 12322 
3143302150042 3143307780621 5432 
3143302150042 3143302219301 5565 
3143302150042 3143303180166 4958 
3143302150042 3143305302803 1244 
3143302150042 3143302149893 1312 
3143302150042 3143302150026 3905 
3143302150042 3143300550108 3865 
3143302150042 3143303413578 30660 
3143302150042 3143306329632 7989 
3143302150042 3143305212588 9995 
3143302150042 3143309812083 3002 
3143302150042 3143306023282 2258 
3143302150042 3143302218968 6205 
3143302150042 3143309772227 2171 
3143302150042 3143302203480 3726 
3143302150042 3143302219336 3870 
3143302150042 3143302150085 1948 
3143302150042 3143300211826 7429 
3143302150042 3143302149931 4687 
3143302150042 3143302219093 5830 
3143302150042 3143309352511 2715 
3143302150042 3143309251553 2660 
3143302150042 3143305998220 2481 
3143302150042 3143309854304 2568 
3143302150042 3143309690905 3316 
3143302150042 3143307608756 3923 
3143302150042 3143306409911 3865 
3143302150042 3143307780907 6495 
3143302150042 3143309936424 4078 
3143302150042 3143309812075 3770 
3143302150042 3143306301304 3002 
3143302150042 3143303688100 4642 
3143302150042 3143303180115 1962 
3143302150042 3143305302854 624 
3143302150042 3143302219212 1190 
3143302150042 3143302149958 4390 
3143302150042 3143307282923 3076 
3143302150042 3143307951345 4475 
3143302150042 3143302219077 3060 
3143302150042 3143302219344 6501 
3143302150042 3143307607660 6729 
3143302150042 3143302150069 2104 
3143302150042 3143307809131 5224 
3143302150042 3143300186252 7762 
3143302150042 3143304701852 3275 
3143302150042 3143307836619 3586 
3143302150042 3143305212545 5716 
3143302150042 3143302150077 3923 
3143302150042 3143302150034 2315 
3143302150042 3143302219409 69527 
3143302150042 3143305212529 18089 
3143302150042 3143302219379 51414 
3143302150042 CLU_6416 18089 
3143302219085 3143309772235 3585 
3143302219085 3143309772251 2638 
3143302219085 3143309812059 4468 
3143302219085 3143309690964 4683 
3143302219085 3143305305063 1920 
3143302219085 3143307781067 2132 
3143302219085 3143309132481 2577 
3143302219085 3143307831331 2777 
3143302219085 3143300659134 5249 
3143302219085 3143303180158 5649 
3143302219085 3143307821506 5633 
3143302219085 3143302150107 7405 
3143302219085 3143309775978 5633 
3143302219085 3143302219107 8043 
3143302219085 3143302219352 4711 
3143302219085 3143302219115 3337 
3143302219085 3143303180182 1342 
3143302219085 3143302150042 676 
3143302219085 3143302219085 0 
3143302219085 3143309812032 3956 
3143302219085 3143302149915 4027 
3143302219085 3143307299079 1467 
3143302219085 3143302150018 2126 
3143302219085 3143302218984 1855 
3143302219085 3143306065295 3795 
3143302219085 3143302219069 6989 
3143302219085 3143306629296 2325 
3143302219085 3143302149923 2905 
3143302219085 3143306065341 3688 
3143302219085 3143306329705 4246 
3143302219085 3143306297943 12318 
3143302219085 3143307780621 6086 
3143302219085 3143302219301 6231 
3143302219085 3143303180166 5633 
3143302219085 3143305302803 1727 
3143302219085 3143302149893 1280 
3143302219085 3143302150026 4016 
3143302219085 3143300550108 3521 
3143302219085 3143303413578 30556 
3143302219085 3143306329632 8599 
3143302219085 3143305212588 9530 
3143302219085 3143309812083 3541 
3143302219085 3143306023282 2881 
3143302219085 3143302218968 6880 
3143302219085 3143309772227 2577 
3143302219085 3143302203480 4295 
3143302219085 3143302219336 4041 
3143302219085 3143302150085 1467 
3143302219085 3143300211826 7908 
3143302219085 3143302149931 5200 
3143302219085 3143302219093 6445 
3143302219085 3143309352511 2795 
3143302219085 3143309251553 3042 
3143302219085 3143305998220 2693 
3143302219085 3143309854304 2469 
3143302219085 3143309690905 3344 
3143302219085 3143307608756 3397 
3143302219085 3143306409911 3521 
3143302219085 3143307780907 7045 
3143302219085 3143309936424 4062 
3143302219085 3143309812075 4379 
3143302219085 3143306301304 3541 
3143302219085 3143303688100 5229 
3143302219085 3143303180115 2638 
3143302219085 3143305302854 1300 
3143302219085 3143302219212 1759 
3143302219085 3143302149958 5034 
3143302219085 3143307282923 3696 
3143302219085 3143307951345 4733 
3143302219085 3143302219077 3271 
3143302219085 3143302219344 6989 
3143302219085 3143307607660 7405 
3143302219085 3143302150069 1636 
3143302219085 3143307809131 5282 
3143302219085 3143300186252 8276 
3143302219085 3143304701852 3892 
3143302219085 3143307836619 3956 
3143302219085 3143305212545 5969 
3143302219085 3143302150077 3397 
3143302219085 3143302150034 1659 
3143302219085 3143302219409 70156 
3143302219085 3143305212529 18763 
3143302219085 3143302219379 52074 
3143302219085 CLU_6416 18763 
3143309812032 3143309772235 3626 
3143309812032 3143309772251 3160 
3143309812032 3143309812059 3870 
3143309812032 3143309690964 4461 
3143309812032 3143305305063 2955 
3143309812032 3143307781067 1860 
3143309812032 3143309132481 1416 
3143309812032 3143307831331 1201 
3143309812032 3143300659134 2102 
3143309812032 3143303180158 3734 
3143309812032 3143307821506 4274 
3143309812032 3143302150107 5729 
3143309812032 3143309775978 4274 
3143309812032 3143302219107 7738 
3143309812032 3143302219352 4937 
3143309812032 3143302219115 4534 
3143309812032 3143303180182 4252 
3143309812032 3143302150042 3586 
3143309812032 3143302219085 3956 
3143309812032 3143309812032 0 
3143309812032 3143302149915 1406 
3143309812032 3143307299079 5423 
3143309812032 3143302150018 4721 
3143309812032 3143302218984 3215 
3143309812032 3143306065295 2312 
3143309812032 3143302219069 8300 
3143309812032 3143306629296 4316 
3143309812032 3143302149923 3398 
3143309812032 3143306065341 4253 
3143309812032 3143306329705 2722 
3143309812032 3143306297943 9416 
3143309812032 3143307780621 3894 
3143309812032 3143302219301 4314 
3143309812032 3143303180166 4274 
3143309812032 3143305302803 4275 
3143309812032 3143302149893 2846 
3143309812032 3143302150026 7177 
3143309812032 3143300550108 3939 
3143309812032 3143303413578 27928 
3143309812032 3143306329632 8631 
3143309812032 3143305212588 13477 
3143309812032 3143309812083 1303 
3143309812032 3143306023282 4149 
3143309812032 3143302218968 5253 
3143309812032 3143309772227 1416 
3143309812032 3143302203480 5461 
3143309812032 3143302219336 7039 
3143309812032 3143302150085 5423 
3143309812032 3143300211826 9190 
3143309812032 3143302149931 6579 
3143309812032 3143302219093 3570 
3143309812032 3143309352511 1787 
3143309812032 3143309251553 5496 
3143309812032 3143305998220 5719 
3143309812032 3143309854304 6118 
3143309812032 3143309690905 6736 
3143309812032 3143307608756 4988 
3143309812032 3143306409911 3939 
3143309812032 3143307780907 7872 
3143309812032 3143309936424 7515 
3143309812032 3143309812075 2121 
3143309812032 3143306301304 1303 
3143309812032 3143303688100 2337 
3143309812032 3143303180115 3160 
3143309812032 3143305302854 3339 
3143309812032 3143302219212 2507 
3143309812032 3143302149958 5175 
3143309812032 3143307282923 4601 
3143309812032 3143307951345 1144 
3143309812032 3143302219077 6228 
3143309812032 3143302219344 8300 
3143309812032 3143307607660 5729 
3143309812032 3143302150069 3815 
3143309812032 3143307809131 2630 
3143309812032 3143300186252 9278 
3143309812032 3143304701852 2075 
3143309812032 3143307836619 0 
3143309812032 3143305212545 8555 
3143309812032 3143302150077 4988 
3143309812032 3143302150034 5386 
3143309812032 3143302219409 69165 
3143309812032 3143305212529 16977 
3143309812032 3143302219379 50537 
3143309812032 CLU_6416 16977 
3143302149915 3143309772235 4777 
3143302149915 3143309772251 4122 
3143302149915 3143309812059 5157 
3143302149915 3143309690964 5723 
3143302149915 3143305305063 3690 
3143302149915 3143307781067 2354 
3143302149915 3143309132481 2055 
3143302149915 3143307831331 1883 
3143302149915 3143300659134 3459 
3143302149915 3143303180158 5139 
3143302149915 3143307821506 5661 
3143302149915 3143302150107 7135 
3143302149915 3143309775978 5661 
3143302149915 3143302219107 9089 
3143302149915 3143302219352 6148 
3143302149915 3143302219115 5519 
3143302149915 3143303180182 4729 
3143302149915 3143302150042 3883 
3143302149915 3143302219085 4027 
3143302149915 3143309812032 1406 
3143302149915 3143302149915 0 
3143302149915 3143307299079 5432 
3143302149915 3143302150018 4108 
3143302149915 3143302218984 2674 
3143302149915 3143306065295 1005 
3143302149915 3143302219069 9418 
3143302149915 3143306629296 3589 
3143302149915 3143302149923 2427 
3143302149915 3143306065341 3107 
3143302149915 3143306329705 1334 
3143302149915 3143306297943 8515 
3143302149915 3143307780621 5297 
3143302149915 3143302219301 5720 
3143302149915 3143303180166 5661 
3143302149915 3143305302803 4867 
3143302149915 3143302149893 2753 
3143302149915 3143302150026 7745 
3143302149915 3143300550108 2807 
3143302149915 3143303413578 26968 
3143302149915 3143306329632 9957 
3143302149915 3143305212588 13294 
3143302149915 3143309812083 2583 
3143302149915 3143306023282 5076 
3143302149915 3143302218968 6659 
3143302149915 3143309772227 2055 
3143302149915 3143302203480 6517 
3143302149915 3143302219336 7665 
3143302149915 3143302150085 5432 
3143302149915 3143300211826 10329 
3143302149915 3143302149931 7638 
3143302149915 3143302219093 4912 
3143302149915 3143309352511 1247 
3143302149915 3143309251553 6231 
3143302149915 3143305998220 6286 
3143302149915 3143309854304 6435 
3143302149915 3143309690905 7195 
3143302149915 3143307608756 4014 
3143302149915 3143306409911 2807 
3143302149915 3143307780907 9072 
3143302149915 3143309936424 7961 
3143302149915 3143309812075 3513 
3143302149915 3143306301304 2583 
3143302149915 3143303688100 3722 
3143302149915 3143303180115 4122 
3143302149915 3143305302854 3860 
3143302149915 3143302219212 3099 
3143302149915 3143302149958 6412 
3143302149915 3143307282923 5658 
3143302149915 3143307951345 990 
3143302149915 3143302219077 6842 
3143302149915 3143302219344 9418 
3143302149915 3143307607660 7135 
3143302149915 3143302150069 3306 
3143302149915 3143307809131 1429 
3143302149915 3143300186252 10471 
3143302149915 3143304701852 3407 
3143302149915 3143307836619 1406 
3143302149915 3143305212545 9356 
3143302149915 3143302150077 4014 
3143302149915 3143302150034 5137 
3143302149915 3143302219409 70564 
3143302149915 3143305212529 18346 
3143302149915 3143302219379 51905 
3143302149915 CLU_6416 18346 
3143307299079 3143309772235 4538 
3143307299079 3143309772251 3704 
3143307299079 3143309812059 5444 
3143307299079 3143309690964 5522 
3143307299079 3143305305063 3118 
3143307299079 3143307781067 3591 
3143307299079 3143309132481 4038 
3143307299079 3143307831331 4241 
3143307299079 3143300659134 6635 
3143307299079 3143303180158 6812 
3143307299079 3143307821506 6673 
3143307299079 3143302150107 8412 
3143307299079 3143309775978 6673 
3143307299079 3143302219107 8613 
3143307299079 3143302219352 5402 
3143307299079 3143302219115 3936 
3143307299079 3143303180182 1917 
3143307299079 3143302150042 1948 
3143307299079 3143302219085 1467 
3143307299079 3143309812032 5423 
3143307299079 3143302149915 5432 
3143307299079 3143307299079 0 
3143307299079 3143302150018 2441 
3143307299079 3143302218984 2982 
3143307299079 3143306065295 5079 
3143307299079 3143302219069 7009 
3143307299079 3143306629296 2922 
3143307299079 3143302149923 3915 
3143307299079 3143306065341 4474 
3143307299079 3143306329705 5478 
3143307299079 3143306297943 13540 
3143307299079 3143307780621 7279 
3143307299079 3143302219301 7358 
3143307299079 3143303180166 6673 
3143307299079 3143305302803 2281 
3143307299079 3143302149893 2686 
3143307299079 3143302150026 3295 
3143307299079 3143300550108 4394 
3143307299079 3143303413578 31613 
3143307299079 3143306329632 9022 
3143307299079 3143305212588 8070 
3143307299079 3143309812083 4948 
3143307299079 3143306023282 3585 
3143307299079 3143302218968 7901 
3143307299079 3143309772227 4038 
3143307299079 3143302203480 4695 
3143307299079 3143302219336 3443 
3143307299079 3143302150085 0 
3143307299079 3143300211826 7880 
3143307299079 3143302149931 5366 
3143307299079 3143302219093 7750 
3143307299079 3143309352511 4186 
3143307299079 3143309251553 3056 
3143307299079 3143305998220 2386 
3143307299079 3143309854304 1545 
3143307299079 3143309690905 2525 
3143307299079 3143307608756 3829 
3143307299079 3143306409911 4394 
3143307299079 3143307780907 7264 
3143307299079 3143309936424 3089 
3143307299079 3143309812075 5702 
3143307299079 3143306301304 4948 
3143307299079 3143303688100 6583 
3143307299079 3143303180115 3704 
3143307299079 3143305302854 2470 
3143307299079 3143302219212 3137 
3143307299079 3143302149958 5710 
3143307299079 3143307282923 4326 
3143307299079 3143307951345 6181 
3143307299079 3143302219077 2854 
3143307299079 3143302219344 7009 
3143307299079 3143307607660 8412 
3143307299079 3143302150069 2506 
3143307299079 3143307809131 6612 
3143307299079 3143300186252 8345 
3143307299079 3143304701852 5202 
3143307299079 3143307836619 5423 
3143307299079 3143305212545 5429 
3143307299079 3143302150077 3829 
3143307299079 3143302150034 1000 
3143307299079 3143302219409 70561 
3143307299079 3143305212529 19573 
3143307299079 3143302219379 52693 
3143307299079 CLU_6416 19573 
3143302150018 3143309772235 5579 
3143302150018 3143309772251 4604 
3143302150018 3143309812059 6417 
3143302150018 3143309690964 6709 
3143302150018 3143305305063 3837 
3143302150018 3143307781067 3368 
3143302150018 3143309132481 3694 
3143302150018 3143307831331 3813 
3143302150018 3143300659134 6528 
3143302150018 3143303180158 7376 
3143302150018 3143307821506 7497 
3143302150018 3143302150107 9264 
3143302150018 3143309775978 7497 
3143302150018 3143302219107 10136 
3143302150018 3143302219352 6793 
3143302150018 3143302219115 5455 
3143302150018 3143303180182 3454 
3143302150018 3143302150042 2732 
3143302150018 3143302219085 2126 
3143302150018 3143309812032 4721 
3143302150018 3143302149915 4108 
3143302150018 3143307299079 2441 
3143302150018 3143302150018 0 
3143302150018 3143302218984 1507 
3143302150018 3143306065295 3391 
3143302150018 3143302219069 9080 
3143302150018 3143306629296 606 
3143302150018 3143302149923 1881 
3143302150018 3143306065341 2122 
3143302150018 3143306329705 3627 
3143302150018 3143306297943 11443 
3143302150018 3143307780621 7758 
3143302150018 3143302219301 7988 
3143302150018 3143303180166 7497 
3143302150018 3143305302803 3848 
3143302150018 3143302149893 2122 
3143302150018 3143302150026 5709 
3143302150018 3143300550108 2121 
3143302150018 3143303413578 29286 
3143302150018 3143306329632 10717 
3143302150018 3143305212588 9330 
3143302150018 3143309812083 4870 
3143302150018 3143306023282 4989 
3143302150018 3143302218968 8735 
3143302150018 3143309772227 3694 
3143302150018 3143302203480 6421 
3143302150018 3143302219336 5823 
3143302150018 3143302150085 2441 
3143302150018 3143300211826 9991 
3143302150018 3143302149931 7311 
3143302150018 3143302219093 7899 
3143302150018 3143309352511 2997 
3143302150018 3143309251553 5093 
3143302150018 3143305998220 4605 
3143302150018 3143309854304 3972 
3143302150018 3143309690905 4951 
3143302150018 3143307608756 1392 
3143302150018 3143306409911 2121 
3143302150018 3143307780907 9167 
3143302150018 3143309936424 5530 
3143302150018 3143309812075 5889 
3143302150018 3143306301304 4870 
3143302150018 3143303688100 6610 
3143302150018 3143303180115 4604 
3143302150018 3143305302854 3318 
3143302150018 3143302219212 3430 
3143302150018 3143302149958 7118 
3143302150018 3143307282923 5806 
3143302150018 3143307951345 5055 
3143302150018 3143302219077 5146 
3143302150018 3143302219344 9080 
3143302150018 3143307607660 9264 
3143302150018 3143302150069 921 
3143302150018 3143307809131 4916 
3143302150018 3143300186252 10381 
3143302150018 3143304701852 5462 
3143302150018 3143307836619 4721 
3143302150018 3143305212545 7808 
3143302150018 3143302150077 1392 
3143302150018 3143302150034 1561 
3143302150018 3143302219409 72258 
3143302150018 3143305212529 20707 
3143302150018 3143302219379 54104 
3143302150018 CLU_6416 20707 
3143302218984 3143309772235 4580 
3143302218984 3143309772251 3624 
3143302218984 3143309812059 5333 
3143302218984 3143309690964 5717 
3143302218984 3143305305063 2874 
3143302218984 3143307781067 2029 
3143302218984 3143309132481 2279 
3143302218984 3143307831331 2368 
3143302218984 3143300659134 5074 
3143302218984 3143303180158 6086 
3143302218984 3143307821506 6304 
3143302218984 3143302150107 8040 
3143302218984 3143309775978 6304 
3143302218984 3143302219107 9225 
3143302218984 3143302219352 5912 
3143302218984 3143302219115 4743 
3143302218984 3143303180182 3068 
3143302218984 3143302150042 2143 
3143302218984 3143302219085 1855 
3143302218984 3143309812032 3215 
3143302218984 3143302149915 2674 
3143302218984 3143307299079 2982 
3143302218984 3143302150018 1507 
3143302218984 3143302218984 0 
3143302218984 3143306065295 2124 
3143302218984 3143302219069 8618 
3143302218984 3143306629296 1142 
3143302218984 3143302149923 1059 
3143302218984 3143306065341 1942 
3143302218984 3143306329705 2498 
3143302218984 3143306297943 10561 
3143302218984 3143307780621 6430 
3143302218984 3143302219301 6707 
3143302218984 3143303180166 6304 
3143302218984 3143305302803 3387 
3143302218984 3143302149893 951 
3143302218984 3143302150026 5871 
3143302218984 3143300550108 1723 
3143302218984 3143303413578 28719 
3143302218984 3143306329632 9907 
3143302218984 3143305212588 10631 
3143302218984 3143309812083 3465 
3143302218984 3143306023282 4250 
3143302218984 3143302218968 7514 
3143302218984 3143309772227 2279 
3143302218984 3143302203480 5778 
3143302218984 3143302219336 5895 
3143302218984 3143302150085 2982 
3143302218984 3143300211826 9548 
3143302218984 3143302149931 6793 
3143302218984 3143302219093 6478 
3143302218984 3143309352511 1502 
3143302218984 3143309251553 4798 
3143302218984 3143305998220 4535 
3143302218984 3143309854304 4280 
3143302218984 3143309690905 5188 
3143302218984 3143307608756 2062 
3143302218984 3143306409911 1723 
3143302218984 3143307780907 8549 
3143302218984 3143309936424 5887 
3143302218984 3143309812075 4522 
3143302218984 3143306301304 3465 
3143302218984 3143303688100 5181 
3143302218984 3143303180115 3624 
3143302218984 3143305302854 2549 
3143302218984 3143302219212 2321 
3143302218984 3143302149958 6231 
3143302218984 3143307282923 5040 
3143302218984 3143307951345 3584 
3143302218984 3143302219077 5116 
3143302218984 3143302219344 8618 
3143302218984 3143307607660 8040 
3143302218984 3143302150069 634 
3143302218984 3143307809131 3677 
3143302218984 3143300186252 9855 
3143302218984 3143304701852 4135 
3143302218984 3143307836619 3215 
3143302218984 3143305212545 7807 
3143302218984 3143302150077 2062 
3143302218984 3143302150034 2501 
3143302218984 3143302219409 71297 
3143302218984 3143305212529 19506 
3143302218984 3143302219379 52985 
3143302218984 CLU_6416 19506 
3143306065295 3143309772235 5305 
3143306065295 3143309772251 4524 
3143306065295 3143309812059 5807 
3143306065295 3143309690964 6335 
3143306065295 3143305305063 3957 
3143306065295 3143307781067 2629 
3143306065295 3143309132481 2484 
3143306065295 3143307831331 2379 
3143306065295 3143300659134 4408 
3143306065295 3143303180158 5986 
3143306065295 3143307821506 6446 
3143306065295 3143302150107 7999 
3143306065295 3143309775978 6446 
3143306065295 3143302219107 9788 
3143306065295 3143302219352 6702 
3143306065295 3143302219115 5884 
3143306065295 3143303180182 4741 
3143306065295 3143302150042 3823 
3143306065295 3143302219085 3795 
3143306065295 3143309812032 2312 
3143306065295 3143302149915 1005 
3143306065295 3143307299079 5079 
3143306065295 3143302150018 3391 
3143306065295 3143302218984 2124 
3143306065295 3143306065295 0 
3143306065295 3143302219069 9837 
3143306065295 3143306629296 2820 
3143306065295 3143302149923 1562 
3143306065295 3143306065341 2120 
3143306065295 3143306329705 528 
3143306065295 3143306297943 8524 
3143306065295 3143307780621 6186 
3143306065295 3143302219301 6585 
3143306065295 3143303180166 6446 
3143306065295 3143305302803 4956 
3143306065295 3143302149893 2542 
3143306065295 3143302150026 7726 
3143306065295 3143300550108 1829 
3143306065295 3143303413578 26839 
3143306065295 3143306329632 10612 
3143306065295 3143305212588 12700 
3143306065295 3143309812083 3317 
3143306065295 3143306023282 5410 
3143306065295 3143302218968 7507 
3143306065295 3143309772227 2484 
3143306065295 3143302203480 6918 
3143306065295 3143302219336 7693 
3143306065295 3143302150085 5079 
3143306065295 3143300211826 10762 
3143306065295 3143302149931 8022 
3143306065295 3143302219093 5873 
3143306065295 3143309352511 1179 
3143306065295 3143309251553 6376 
3143306065295 3143305998220 6302 
3143306065295 3143309854304 6264 
3143306065295 3143309690905 7108 
3143306065295 3143307608756 3086 
3143306065295 3143306409911 1829 
3143306065295 3143307780907 9579 
3143306065295 3143309936424 7847 
3143306065295 3143309812075 4333 
3143306065295 3143306301304 3317 
3143306065295 3143303688100 4649 
3143306065295 3143303180115 4524 
3143306065295 3143305302854 3961 
3143306065295 3143302219212 3323 
3143306065295 3143302149958 6987 
3143306065295 3143307282923 6079 
3143306065295 3143307951345 1964 
3143306065295 3143302219077 6878 
3143306065295 3143302219344 9837 
3143306065295 3143307607660 7999 
3143306065295 3143302150069 2712 
3143306065295 3143307809131 1555 
3143306065295 3143300186252 10960 
3143306065295 3143304701852 4148 
3143306065295 3143307836619 2312 
3143306065295 3143305212545 9494 
3143306065295 3143302150077 3086 
3143306065295 3143302150034 4618 
3143306065295 3143302219409 71454 
3143306065295 3143305212529 19290 
3143306065295 3143302219379 52849 
3143306065295 CLU_6416 19290 
3143302219069 3143309772235 4674 
3143302219069 3143309772251 5319 
3143302219069 3143309812059 4600 
3143302219069 3143309690964 3988 
3143302219069 3143305305063 5904 
3143302219069 3143307781067 7208 
3143302219069 3143309132481 7393 
3143302219069 3143307831331 7544 
3143302219069 3143300659134 7463 
3143302219069 3143303180158 5797 
3143302219069 3143307821506 5024 
3143302219069 3143302150107 5471 
3143302219069 3143309775978 5024 
3143302219069 3143302219107 3209 
3143302219069 3143302219352 3424 
3143302219069 3143302219115 3958 
3143302219069 3143303180182 5646 
3143302219069 3143302150042 6501 
3143302219069 3143302219085 6989 
3143302219069 3143309812032 8300 
3143302219069 3143302149915 9418 
3143302219069 3143307299079 7009 
3143302219069 3143302150018 9080 
3143302219069 3143302218984 8618 
3143302219069 3143306065295 9837 
3143302219069 3143302219069 0 
3143302219069 3143306629296 9312 
3143302219069 3143302149923 9641 
3143302219069 3143306065341 10559 
3143302219069 3143306329705 10366 
3143302219069 3143306297943 17687 
3143302219069 3143307780621 6167 
3143302219069 3143302219301 5757 
3143302219069 3143303180166 5024 
3143302219069 3143305302803 5274 
3143302219069 3143302149893 7700 
3143302219069 3143302150026 4282 
3143302219069 3143300550108 10335 
3143302219069 3143303413578 36196 
3143302219069 3143306329632 2842 
3143302219069 3143305212588 11821 
3143302219069 3143309812083 7003 
3143302219069 3143306023282 4442 
3143302219069 3143302218968 5321 
3143302219069 3143309772227 7393 
3143302219069 3143302203480 2919 
3143302219069 3143302219336 3956 
3143302219069 3143302150085 7009 
3143302219069 3143300211826 932 
3143302219069 3143302149931 1831 
3143302219069 3143302219093 7251 
3143302219069 3143309352511 8666 
3143302219069 3143309251553 4000 
3143302219069 3143305998220 4625 
3143302219069 3143309854304 5674 
3143302219069 3143309690905 4917 
3143302219069 3143307608756 10386 
3143302219069 3143306409911 10335 
3143302219069 3143307780907 976 
3143302219069 3143309936424 4993 
3143302219069 3143309812075 6540 
3143302219069 3143306301304 7003 
3143302219069 3143303688100 7128 
3143302219069 3143303180115 5319 
3143302219069 3143305302854 6076 
3143302219069 3143302219212 6539 
3143302219069 3143302149958 3264 
3143302219069 3143307282923 3766 
3143302219069 3143307951345 9441 
3143302219069 3143302219077 4221 
3143302219069 3143302219344 0 
3143302219069 3143307607660 5471 
3143302219069 3143302150069 8594 
3143302219069 3143307809131 10832 
3143302219069 3143300186252 1341 
3143302219069 3143304701852 6329 
3143302219069 3143307836619 8300 
3143302219069 3143305212545 2778 
3143302219069 3143302150077 10386 
3143302219069 3143302150034 7981 
3143302219069 3143302219409 63664 
3143302219069 3143305212529 13828 
3143302219069 3143302219379 46117 
3143302219069 CLU_6416 13828 
3143306629296 3143309772235 5565 
3143306629296 3143309772251 4591 
3143306629296 3143309812059 6364 
3143306629296 3143309690964 6704 
3143306629296 3143305305063 3823 
3143306629296 3143307781067 3148 
3143306629296 3143309132481 3419 
3143306629296 3143307831331 3511 
3143306629296 3143300659134 6214 
3143306629296 3143303180158 7203 
3143306629296 3143307821506 7386 
3143306629296 3143302150107 9136 
3143306629296 3143309775978 7386 
3143306629296 3143302219107 10180 
3143306629296 3143302219352 6841 
3143306629296 3143302219115 5569 
3143306629296 3143303180182 3665 
3143306629296 3143302150042 2844 
3143306629296 3143302219085 2325 
3143306629296 3143309812032 4316 
3143306629296 3143302149915 3589 
3143306629296 3143307299079 2922 
3143306629296 3143302150018 606 
3143306629296 3143302218984 1142 
3143306629296 3143306065295 2820 
3143306629296 3143302219069 9312 
3143306629296 3143306629296 0 
3143306629296 3143302149923 1285 
3143306629296 3143306065341 1560 
3143306629296 3143306329705 3032 
3143306629296 3143306297943 10843 
3143306629296 3143307780621 7558 
3143306629296 3143302219301 7821 
3143306629296 3143303180166 7386 
3143306629296 3143305302803 4040 
3143306629296 3143302149893 1961 
3143306629296 3143302150026 6130 
3143306629296 3143300550108 1528 
3143306629296 3143303413578 28730 
3143306629296 3143306329632 10809 
3143306629296 3143305212588 9927 
3143306629296 3143309812083 4605 
3143306629296 3143306023282 5087 
3143306629296 3143302218968 8608 
3143306629296 3143309772227 3419 
3143306629296 3143302203480 6571 
3143306629296 3143302219336 6219 
3143306629296 3143302150085 2922 
3143306629296 3143300211826 10233 
3143306629296 3143302149931 7514 
3143306629296 3143302219093 7621 
3143306629296 3143309352511 2548 
3143306629296 3143309251553 5363 
3143306629296 3143305998220 4945 
3143306629296 3143309854304 4418 
3143306629296 3143309690905 5387 
3143306629296 3143307608756 1079 
3143306629296 3143306409911 1528 
3143306629296 3143307780907 9338 
3143306629296 3143309936424 6003 
3143306629296 3143309812075 5657 
3143306629296 3143306301304 4605 
3143306629296 3143303688100 6324 
3143306629296 3143303180115 4591 
3143306629296 3143305302854 3378 
3143306629296 3143302219212 3339 
3143306629296 3143302149958 7165 
3143306629296 3143307282923 5900 
3143306629296 3143307951345 4555 
3143306629296 3143302219077 5505 
3143306629296 3143302219344 9312 
3143306629296 3143307607660 9136 
3143306629296 3143302150069 759 
3143306629296 3143307809131 4329 
3143306629296 3143300186252 10592 
3143306629296 3143304701852 5259 
3143306629296 3143307836619 4316 
3143306629296 3143305212545 8192 
3143306629296 3143302150077 1079 
3143306629296 3143302150034 2117 
3143306629296 3143302219409 72293 
3143306629296 3143305212529 20600 
3143306629296 3143302219379 54051 
3143306629296 CLU_6416 20600 
3143302149923 3143309772235 5460 
3143302149923 3143309772251 4536 
3143302149923 3143309812059 6147 
3143302149923 3143309690964 6582 
3143302149923 3143305305063 3817 
3143302149923 3143307781067 2757 
3143302149923 3143309132481 2869 
3143302149923 3143307831331 2884 
3143302149923 3143300659134 5439 
3143302149923 3143303180158 6708 
3143302149923 3143307821506 7019 
3143302149923 3143302150107 8706 
3143302149923 3143309775978 7019 
3143302149923 3143302219107 10100 
3143302149923 3143302219352 6828 
3143302149923 3143302219115 5733 
3143302149923 3143303180182 4125 
3143302149923 3143302150042 3195 
3143302149923 3143302219085 2905 
3143302149923 3143309812032 3398 
3143302149923 3143302149915 2427 
3143302149923 3143307299079 3915 
3143302149923 3143302150018 1881 
3143302149923 3143302218984 1059 
3143302149923 3143306065295 1562 
3143302149923 3143302219069 9641 
3143302149923 3143306629296 1285 
3143302149923 3143302149923 0 
3143302149923 3143306065341 988 
3143302149923 3143306329705 1747 
3143302149923 3143306297943 9658 
3143302149923 3143307780621 7001 
3143302149923 3143302219301 7329 
3143302149923 3143303180166 7019 
3143302149923 3143305302803 4437 
3143302149923 3143302149893 1941 
3143302149923 3143302150026 6914 
3143302149923 3143300550108 710 
3143302149923 3143303413578 27715 
3143302149923 3143306329632 10824 
3143302149923 3143305212588 11210 
3143302149923 3143309812083 3997 
3143302149923 3143306023282 5238 
3143302149923 3143302218968 8188 
3143302149923 3143309772227 2869 
3143302149923 3143302203480 6776 
3143302149923 3143302219336 6946 
3143302149923 3143302150085 3915 
3143302149923 3143300211826 10573 
3143302149923 3143302149931 7812 
3143302149923 3143302219093 6896 
3143302149923 3143309352511 1638 
3143302149923 3143309251553 5854 
3143302149923 3143305998220 5591 
3143302149923 3143309854304 5291 
3143302149923 3143309690905 6218 
3143302149923 3143307608756 1605 
3143302149923 3143306409911 710 
3143302149923 3143307780907 9538 
3143302149923 3143309936424 6900 
3143302149923 3143309812075 5077 
3143302149923 3143306301304 3997 
3143302149923 3143303688100 5609 
3143302149923 3143303180115 4536 
3143302149923 3143305302854 3565 
3143302149923 3143302219212 3218 
3143302149923 3143302149958 7140 
3143302149923 3143307282923 6010 
3143302149923 3143307951345 3415 
3143302149923 3143302219077 6172 
3143302149923 3143302219344 9641 
3143302149923 3143307607660 8706 
3143302149923 3143302150069 1408 
3143302149923 3143307809131 3046 
3143302149923 3143300186252 10862 
3143302149923 3143304701852 4758 
3143302149923 3143307836619 3398 
3143302149923 3143305212545 8865 
3143302149923 3143302150077 1605 
3143302149923 3143302150034 3270 
3143302149923 3143302219409 72090 
3143302149923 3143305212529 20144 
3143302149923 3143302219379 53672 
3143302149923 CLU_6416 20144 
3143306065341 3143309772235 6444 
3143306065341 3143309772251 5512 
3143306065341 3143309812059 7136 
3143306065341 3143309690964 7568 
3143306065341 3143305305063 4783 
3143306065341 3143307781067 3746 
3143306065341 3143309132481 3847 
3143306065341 3143307831331 3851 
3143306065341 3143300659134 6333 
3143306065341 3143303180158 7674 
3143306065341 3143307821506 8001 
3143306065341 3143302150107 9678 
3143306065341 3143309775978 8001 
3143306065341 3143302219107 11086 
3143306065341 3143302219352 7806 
3143306065341 3143302219115 6680 
3143306065341 3143303180182 4976 
3143306065341 3143302150042 4070 
3143306065341 3143302219085 3688 
3143306065341 3143309812032 4253 
3143306065341 3143302149915 3107 
3143306065341 3143307299079 4474 
3143306065341 3143302150018 2122 
3143306065341 3143302218984 1942 
3143306065341 3143306065295 2120 
3143306065341 3143302219069 10559 
3143306065341 3143306629296 1560 
3143306065341 3143302149923 988 
3143306065341 3143306065341 0 
3143306065341 3143306329705 2054 
3143306065341 3143306297943 9368 
3143306065341 3143307780621 7953 
3143306065341 3143302219301 8293 
3143306065341 3143303180166 8001 
3143306065341 3143305302803 5313 
3143306065341 3143302149893 2879 
3143306065341 3143302150026 7631 
3143306065341 3143300550108 314 
3143306065341 3143303413578 27171 
3143306065341 3143306329632 11803 
3143306065341 3143305212588 11227 
3143306065341 3143309812083 4955 
3143306065341 3143306023282 6186 
3143306065341 3143302218968 9162 
3143306065341 3143309772227 3847 
3143306065341 3143302203480 7718 
3143306065341 3143302219336 7696 
3143306065341 3143302150085 4474 
3143306065341 3143300211826 11489 
3143306065341 3143302149931 8735 
3143306065341 3143302219093 7799 
3143306065341 3143309352511 2561 
3143306065341 3143309251553 6707 
3143306065341 3143305998220 6376 
3143306065341 3143309854304 5945 
3143306065341 3143309690905 6904 
3143306065341 3143307608756 1120 
3143306065341 3143306409911 314 
3143306065341 3143307780907 10487 
3143306065341 3143309936424 7542 
3143306065341 3143309812075 6033 
3143306065341 3143306301304 4955 
3143306065341 3143303688100 6523 
3143306065341 3143303180115 5512 
3143306065341 3143305302854 4491 
3143306065341 3143302219212 4195 
3143306065341 3143302149958 8120 
3143306065341 3143307282923 6969 
3143306065341 3143307951345 4082 
3143306065341 3143302219077 6950 
3143306065341 3143302219344 10559 
3143306065341 3143307607660 9678 
3143306065341 3143302150069 2066 
3143306065341 3143307809131 3332 
3143306065341 3143300186252 11797 
3143306065341 3143304701852 5730 
3143306065341 3143307836619 4253 
3143306065341 3143305212545 9648 
3143306065341 3143302150077 1120 
3143306065341 3143302150034 3673 
3143306065341 3143302219409 73076 
3143306065341 3143305212529 21103 
3143306065341 3143302219379 54639 
3143306065341 CLU_6416 21103 
3143306329705 3143309772235 5827 
3143306329705 3143309772251 5052 
3143306329705 3143309812059 6315 
3143306329705 3143309690964 6850 
3143306329705 3143305305063 4483 
3143306329705 3143307781067 3157 
3143306329705 3143309132481 3007 
3143306329705 3143307831331 2896 
3143306329705 3143300659134 4793 
3143306329705 3143303180158 6437 
3143306329705 3143307821506 6922 
3143306329705 3143302150107 8444 
3143306329705 3143309775978 6922 
3143306329705 3143302219107 10290 
3143306329705 3143302219352 7223 
3143306329705 3143302219115 6412 
3143306329705 3143303180182 5239 
3143306329705 3143302150042 4314 
3143306329705 3143302219085 4246 
3143306329705 3143309812032 2722 
3143306329705 3143302149915 1334 
3143306329705 3143307299079 5478 
3143306329705 3143302150018 3627 
3143306329705 3143302218984 2498 
3143306329705 3143306065295 528 
3143306329705 3143302219069 10366 
3143306329705 3143306629296 3032 
3143306329705 3143302149923 1747 
3143306329705 3143306065341 2054 
3143306329705 3143306329705 0 
3143306329705 3143306297943 8078 
3143306329705 3143307780621 6616 
3143306329705 3143302219301 7028 
3143306329705 3143303180166 6922 
3143306329705 3143305302803 5464 
3143306329705 3143302149893 3017 
3143306329705 3143302150026 8209 
3143306329705 3143300550108 1805 
3143306329705 3143303413578 26346 
3143306329705 3143306329632 11122 
3143306329705 3143305212588 12957 
3143306329705 3143309812083 3800 
3143306329705 3143306023282 5938 
3143306329705 3143302218968 7959 
3143306329705 3143309772227 3007 
3143306329705 3143302203480 7447 
3143306329705 3143302219336 8184 
3143306329705 3143302150085 5478 
3143306329705 3143300211826 11291 
3143306329705 3143302149931 8550 
3143306329705 3143302219093 6246 
3143306329705 3143309352511 1705 
3143306329705 3143309251553 6889 
3143306329705 3143305998220 6795 
3143306329705 3143309854304 6715 
3143306329705 3143309690905 7576 
3143306329705 3143307608756 3116 
3143306329705 3143306409911 1805 
3143306329705 3143307780907 10105 
3143306329705 3143309936424 8307 
3143306329705 3143309812075 4793 
3143306329705 3143306301304 3800 
3143306329705 3143303688100 5053 
3143306329705 3143303180115 5052 
3143306329705 3143305302854 4475 
3143306329705 3143302219212 3849 
3143306329705 3143302149958 7507 
3143306329705 3143307282923 6607 
3143306329705 3143307951345 2181 
3143306329705 3143302219077 7373 
3143306329705 3143302219344 10366 
3143306329705 3143307607660 8444 
3143306329705 3143302150069 3042 
3143306329705 3143307809131 1313 
3143306329705 3143300186252 11487 
3143306329705 3143304701852 4632 
3143306329705 3143307836619 2722 
3143306329705 3143305212545 10002 
3143306329705 3143302150077 3116 
3143306329705 3143302150034 4952 
3143306329705 3143302219409 71888 
3143306329705 3143305212529 19680 
3143306329705 3143302219379 53239 
3143306329705 CLU_6416 19680 
3143306297943 3143309772235 13029 
3143306297943 3143309772251 12549 
3143306297943 3143309812059 13133 
3143306297943 3143309690964 13748 
3143306297943 3143305305063 12196 
3143306297943 3143307781067 10869 
3143306297943 3143309132481 10544 
3143306297943 3143307831331 10352 
3143306297943 3143300659134 10440 
3143306297943 3143303180158 12376 
3143306297943 3143307821506 13122 
3143306297943 3143302150107 13937 
3143306297943 3143309775978 13122 
3143306297943 3143302219107 16601 
3143306297943 3143302219352 14278 
3143306297943 3143302219115 13940 
3143306297943 3143303180182 13213 
3143306297943 3143302150042 12322 
3143306297943 3143302219085 12318 
3143306297943 3143309812032 9416 
3143306297943 3143302149915 8515 
3143306297943 3143307299079 13540 
3143306297943 3143302150018 11443 
3143306297943 3143302218984 10561 
3143306297943 3143306065295 8524 
3143306297943 3143302219069 17687 
3143306297943 3143306629296 10843 
3143306297943 3143302149923 9658 
3143306297943 3143306065341 9368 
3143306297943 3143306329705 8078 
3143306297943 3143306297943 0 
3143306297943 3143307780621 12238 
3143306297943 3143302219301 12746 
3143306297943 3143303180166 13122 
3143306297943 3143305302803 13376 
3143306297943 3143302149893 11065 
3143306297943 3143302150026 16224 
3143306297943 3143300550108 9324 
3143306297943 3143303413578 18513 
3143306297943 3143306329632 17593 
3143306297943 3143305212588 20507 
3143306297943 3143309812083 10695 
3143306297943 3143306023282 13531 
3143306297943 3143302218968 13638 
3143306297943 3143309772227 10544 
3143306297943 3143302203480 14877 
3143306297943 3143302219336 16165 
3143306297943 3143302150085 13540 
3143306297943 3143300211826 18556 
3143306297943 3143302149931 15994 
3143306297943 3143302219093 11288 
3143306297943 3143309352511 9608 
3143306297943 3143309251553 14746 
3143306297943 3143305998220 14778 
3143306297943 3143309854304 14788 
3143306297943 3143309690905 15627 
3143306297943 3143307608756 10407 
3143306297943 3143306409911 9324 
3143306297943 3143307780907 17181 
3143306297943 3143309936424 16371 
3143306297943 3143309812075 11198 
3143306297943 3143306301304 10695 
3143306297943 3143303688100 10800 
3143306297943 3143303180115 12549 
3143306297943 3143305302854 12367 
3143306297943 3143302219212 11614 
3143306297943 3143302149958 14479 
3143306297943 3143307282923 14018 
3143306297943 3143307951345 8273 
3143306297943 3143302219077 15343 
3143306297943 3143302219344 17687 
3143306297943 3143307607660 13937 
3143306297943 3143302150069 11054 
3143306297943 3143307809131 7111 
3143306297943 3143300186252 18582 
3143306297943 3143304701852 11361 
3143306297943 3143307836619 9416 
3143306297943 3143305212545 17869 
3143306297943 3143302150077 10407 
3143306297943 3143302150034 12923 
3143306297943 3143302219409 75272 
3143306297943 3143305212529 23111 
3143306297943 3143302219379 55799 
3143306297943 CLU_6416 23111 
3143307780621 3143309772235 2915 
3143307780621 3143309772251 3583 
3143307780621 3143309812059 2143 
3143307780621 3143309690964 2528 
3143307780621 3143305305063 4187 
3143307780621 3143307781067 4411 
3143307780621 3143309132481 4166 
3143307780621 3143307831331 4120 
3143307780621 3143300659134 1943 
3143307780621 3143303180158 502 
3143307780621 3143307821506 1156 
3143307780621 3143302150107 1859 
3143307780621 3143309775978 1156 
3143307780621 3143302219107 4372 
3143307780621 3143302219352 3096 
3143307780621 3143302219115 3997 
3143307780621 3143303180182 5420 
3143307780621 3143302150042 5432 
3143307780621 3143302219085 6086 
3143307780621 3143309812032 3894 
3143307780621 3143302149915 5297 
3143307780621 3143307299079 7279 
3143307780621 3143302150018 7758 
3143307780621 3143302218984 6430 
3143307780621 3143306065295 6186 
3143307780621 3143302219069 6167 
3143307780621 3143306629296 7558 
3143307780621 3143302149923 7001 
3143307780621 3143306065341 7953 
3143307780621 3143306329705 6616 
3143307780621 3143306297943 12238 
3143307780621 3143307780621 0 
3143307780621 3143302219301 507 
3143307780621 3143303180166 1156 
3143307780621 3143305302803 5142 
3143307780621 3143302149893 5637 
3143307780621 3143302150026 7268 
3143307780621 3143300550108 7642 
3143307780621 3143303413578 30560 
3143307780621 3143306329632 5380 
3143307780621 3143305212588 14961 
3143307780621 3143309812083 3004 
3143307780621 3143306023282 4035 
3143307780621 3143302218968 1440 
3143307780621 3143309772227 4166 
3143307780621 3143302203480 4227 
3143307780621 3143302219336 6978 
3143307780621 3143302150085 7279 
3143307780621 3143300211826 6862 
3143307780621 3143302149931 5014 
3143307780621 3143302219093 1089 
3143307780621 3143309352511 5393 
3143307780621 3143309251553 5480 
3143307780621 3143305998220 6149 
3143307780621 3143309854304 7121 
3143307780621 3143309690905 7230 
3143307780621 3143307608756 8463 
3143307780621 3143306409911 7642 
3143307780621 3143307780907 5392 
3143307780621 3143309936424 7904 
3143307780621 3143309812075 1924 
3143307780621 3143306301304 3004 
3143307780621 3143303688100 1612 
3143307780621 3143303180115 3583 
3143307780621 3143305302854 4836 
3143307780621 3143302219212 4384 
3143307780621 3143302149958 3079 
3143307780621 3143307282923 3724 
3143307780621 3143307951345 4728 
3143307780621 3143302219077 6386 
3143307780621 3143302219344 6167 
3143307780621 3143307607660 1859 
3143307780621 3143302150069 6866 
3143307780621 3143307809131 6357 
3143307780621 3143300186252 6692 
3143307780621 3143304701852 2300 
3143307780621 3143307836619 3894 
3143307780621 3143305212545 7657 
3143307780621 3143302150077 8463 
3143307780621 3143302150034 7744 
3143307780621 3143302219409 65272 
3143307780621 3143305212529 13150 
3143307780621 3143302219379 46696 
3143307780621 CLU_6416 13150 
3143302219301 3143309772235 2883 
3143302219301 3143309772251 3654 
3143302219301 3143309812059 2031 
3143302219301 3143309690964 2305 
3143302219301 3143305305063 4314 
3143302219301 3143307781067 4677 
3143302219301 3143309132481 4469 
3143302219301 3143307831331 4444 
3143302219301 3143300659134 2427 
3143302219301 3143303180158 621 
3143302219301 3143307821506 853 
3143302219301 3143302150107 1415 
3143302219301 3143309775978 853 
3143302219301 3143302219107 3866 
3143302219301 3143302219352 2833 
3143302219301 3143302219115 3885 
3143302219301 3143303180182 5467 
3143302219301 3143302150042 5565 
3143302219301 3143302219085 6231 
3143302219301 3143309812032 4314 
3143302219301 3143302149915 5720 
3143302219301 3143307299079 7358 
3143302219301 3143302150018 7988 
3143302219301 3143302218984 6707 
3143302219301 3143306065295 6585 
3143302219301 3143302219069 5757 
3143302219301 3143306629296 7821 
3143302219301 3143302149923 7329 
3143302219301 3143306065341 8293 
3143302219301 3143306329705 7028 
3143302219301 3143306297943 12746 
3143302219301 3143307780621 507 
3143302219301 3143302219301 0 
3143302219301 3143303180166 853 
3143302219301 3143305302803 5162 
3143302219301 3143302149893 5878 
3143302219301 3143302150026 7117 
3143302219301 3143300550108 7985 
3143302219301 3143303413578 31062 
3143302219301 3143306329632 4876 
3143302219301 3143305212588 14910 
3143302219301 3143309812083 3340 
3143302219301 3143306023282 3985 
3143302219301 3143302218968 954 
3143302219301 3143309772227 4469 
3143302219301 3143302203480 3992 
3143302219301 3143302219336 6813 
3143302219301 3143302150085 7358 
3143302219301 3143300211826 6423 
3143302219301 3143302149931 4700 
3143302219301 3143302219093 1553 
3143302219301 3143309352511 5743 
3143302219301 3143309251553 5366 
3143302219301 3143305998220 6071 
3143302219301 3143309854304 7092 
3143302219301 3143309690905 7132 
3143302219301 3143307608756 8756 
3143302219301 3143306409911 7985 
3143302219301 3143307780907 4953 
3143302219301 3143309936424 7779 
3143302219301 3143309812075 2268 
3143302219301 3143306301304 3340 
3143302219301 3143303688100 2085 
3143302219301 3143303180115 3654 
3143302219301 3143305302854 4954 
3143302219301 3143302219212 4576 
3143302219301 3143302149958 2770 
3143302219301 3143307282923 3578 
3143302219301 3143307951345 5190 
3143302219301 3143302219077 6265 
3143302219301 3143302219344 5757 
3143302219301 3143307607660 1415 
3143302219301 3143302150069 7112 
3143302219301 3143307809131 6819 
3143302219301 3143300186252 6230 
3143302219301 3143304701852 2579 
3143302219301 3143307836619 4314 
3143302219301 3143305212545 7373 
3143302219301 3143302150077 8756 
3143302219301 3143302150034 7880 
3143302219301 3143302219409 64870 
3143302219301 3143305212529 12817 
3143302219301 3143302219379 46345 
3143302219301 CLU_6416 12817 
3143303180166 3143309772235 2142 
3143303180166 3143309772251 3004 
3143303180166 3143309812059 1246 
3143303180166 3143309690964 1453 
3143303180166 3143305305063 3718 
3143303180166 3143307781067 4289 
3143303180166 3143309132481 4154 
3143303180166 3143307831331 4169 
3143303180166 3143300659134 2683 
3143303180166 3143303180158 786 
3143303180166 3143307821506 0 
3143303180166 3143302150107 1774 
3143303180166 3143309775978 0 
3143303180166 3143302219107 3524 
3143303180166 3143302219352 1981 
3143303180166 3143302219115 3067 
3143303180166 3143303180182 4763 
3143303180166 3143302150042 4958 
3143303180166 3143302219085 5633 
3143303180166 3143309812032 4274 
3143303180166 3143302149915 5661 
3143303180166 3143307299079 6673 
3143303180166 3143302150018 7497 
3143303180166 3143302218984 6304 
3143303180166 3143306065295 6446 
3143303180166 3143302219069 5024 
3143303180166 3143306629296 7386 
3143303180166 3143302149923 7019 
3143303180166 3143306065341 8001 
3143303180166 3143306329705 6922 
3143303180166 3143306297943 13122 
3143303180166 3143307780621 1156 
3143303180166 3143302219301 853 
3143303180166 3143303180166 0 
3143303180166 3143305302803 4434 
3143303180166 3143302149893 5424 
3143303180166 3143302150026 6274 
3143303180166 3143300550108 7701 
3143303180166 3143303413578 31526 
3143303180166 3143306329632 4484 
3143303180166 3143305212588 14106 
3143303180166 3143309812083 3130 
3143303180166 3143306023282 3207 
3143303180166 3143302218968 1247 
3143303180166 3143309772227 4154 
3143303180166 3143302203480 3139 
3143303180166 3143302219336 5967 
3143303180166 3143302150085 6673 
3143303180166 3143300211826 5742 
3143303180166 3143302149931 3869 
3143303180166 3143302219093 2229 
3143303180166 3143309352511 5499 
3143303180166 3143309251553 4539 
3143303180166 3143305998220 5263 
3143303180166 3143309854304 6312 
3143303180166 3143309690905 6310 
3143303180166 3143307608756 8366 
3143303180166 3143306409911 7701 
3143303180166 3143307780907 4277 
3143303180166 3143309936424 6944 
3143303180166 3143309812075 2153 
3143303180166 3143306301304 3130 
3143303180166 3143303688100 2323 
3143303180166 3143303180115 3004 
3143303180166 3143305302854 4336 
3143303180166 3143302219212 4068 
3143303180166 3143302149958 1933 
3143303180166 3143307282923 2745 
3143303180166 3143307951345 5268 
3143303180166 3143302219077 5434 
3143303180166 3143302219344 5024 
3143303180166 3143307607660 1774 
3143303180166 3143302150069 6653 
3143303180166 3143307809131 6874 
3143303180166 3143300186252 5609 
3143303180166 3143304701852 2304 
3143303180166 3143307836619 4274 
3143303180166 3143305212545 6530 
3143303180166 3143302150077 8366 
3143303180166 3143302150034 7258 
3143303180166 3143302219409 65081 
3143303180166 3143305212529 13216 
3143303180166 3143302219379 46682 
3143303180166 CLU_6416 13216 
3143305302803 3143309772235 2292 
3143305302803 3143309772251 1595 
3143305302803 3143309812059 3191 
3143305302803 3143309690964 3240 
3143305302803 3143305305063 1342 
3143305302803 3143307781067 2530 
3143305302803 3143309132481 2913 
3143305302803 3143307831331 3126 
3143305302803 3143300659134 4860 
3143305302803 3143303180158 4654 
3143305302803 3143307821506 4434 
3143305302803 3143302150107 6148 
3143305302803 3143309775978 4434 
3143305302803 3143302219107 6415 
3143305302803 3143302219352 3139 
3143305302803 3143302219115 1688 
3143305302803 3143303180182 406 
3143305302803 3143302150042 1244 
3143305302803 3143302219085 1727 
3143305302803 3143309812032 4275 
3143305302803 3143302149915 4867 
3143305302803 3143307299079 2281 
3143305302803 3143302150018 3848 
3143305302803 3143302218984 3387 
3143305302803 3143306065295 4956 
3143305302803 3143302219069 5274 
3143305302803 3143306629296 4040 
3143305302803 3143302149923 4437 
3143305302803 3143306065341 5313 
3143305302803 3143306329705 5464 
3143305302803 3143306297943 13376 
3143305302803 3143307780621 5142 
3143305302803 3143302219301 5162 
3143305302803 3143303180166 4434 
3143305302803 3143305302803 0 
3143305302803 3143302149893 2526 
3143305302803 3143302150026 2909 
3143305302803 3143300550108 5109 
3143305302803 3143303413578 31782 
3143305302803 3143306329632 6914 
3143305302803 3143305212588 9863 
3143305302803 3143309812083 3353 
3143305302803 3143306023282 1305 
3143305302803 3143302218968 5645 
3143305302803 3143309772227 2913 
3143305302803 3143302203480 2582 
3143305302803 3143302219336 2802 
3143305302803 3143302150085 2281 
3143305302803 3143300211826 6198 
3143305302803 3143302149931 3475 
3143305302803 3143302219093 5753 
3143305302803 3143309352511 3799 
3143305302803 3143309251553 1432 
3143305302803 3143305998220 1445 
3143305302803 3143309854304 2041 
3143305302803 3143309690905 2477 
3143305302803 3143307608756 5117 
3143305302803 3143306409911 5109 
3143305302803 3143307780907 5319 
3143305302803 3143309936424 3254 
3143305302803 3143309812075 3809 
3143305302803 3143306301304 3353 
3143305302803 3143303688100 4723 
3143305302803 3143303180115 1595 
3143305302803 3143305302854 1008 
3143305302803 3143302219212 1797 
3143305302803 3143302149958 3453 
3143305302803 3143307282923 2072 
3143305302803 3143307951345 5304 
3143305302803 3143302219077 1979 
3143305302803 3143302219344 5274 
3143305302803 3143307607660 6148 
3143305302803 3143302150069 3320 
3143305302803 3143307809131 6265 
3143305302803 3143300186252 6552 
3143305302803 3143304701852 3314 
3143305302803 3143307836619 4275 
3143305302803 3143305212545 4538 
3143305302803 3143302150077 5117 
3143305302803 3143302150034 3037 
3143305302803 3143302219409 68486 
3143305302803 3143305212529 17303 
3143305302803 3143302219379 50494 
3143305302803 CLU_6416 17303 
3143302149893 3143309772235 3638 
3143302149893 3143309772251 2676 
3143302149893 3143309812059 4411 
3143302149893 3143309690964 4777 
3143302149893 3143305305063 1923 
3143302149893 3143307781067 1251 
3143302149893 3143309132481 1616 
3143302149893 3143307831331 1769 
3143302149893 3143300659134 4453 
3143302149893 3143303180158 5263 
3143302149893 3143307821506 5424 
3143302149893 3143302150107 7179 
3143302149893 3143309775978 5424 
3143302149893 3143302219107 8279 
3143302149893 3143302219352 4961 
3143302149893 3143302219115 3801 
3143302149893 3143303180182 2251 
3143302149893 3143302150042 1312 
3143302149893 3143302219085 1280 
3143302149893 3143309812032 2846 
3143302149893 3143302149915 2753 
3143302149893 3143307299079 2686 
3143302149893 3143302150018 2122 
3143302149893 3143302218984 951 
3143302149893 3143306065295 2542 
3143302149893 3143302219069 7700 
3143302149893 3143306629296 1961 
3143302149893 3143302149923 1941 
3143302149893 3143306065341 2879 
3143302149893 3143306329705 3017 
3143302149893 3143306297943 11065 
3143302149893 3143307780621 5637 
3143302149893 3143302219301 5878 
3143302149893 3143303180166 5424 
3143302149893 3143305302803 2526 
3143302149893 3143302149893 0 
3143302149893 3143302150026 5192 
3143302149893 3143300550108 2639 
3143302149893 3143303413578 29361 
3143302149893 3143306329632 8955 
3143302149893 3143305212588 10663 
3143302149893 3143309812083 2765 
3143302149893 3143306023282 3306 
3143302149893 3143302218968 6650 
3143302149893 3143309772227 1616 
3143302149893 3143302203480 4840 
3143302149893 3143302219336 5174 
3143302149893 3143302150085 2686 
3143302149893 3143300211826 8631 
3143302149893 3143302149931 5870 
3143302149893 3143302219093 5791 
3143302149893 3143309352511 1516 
3143302149893 3143309251553 3956 
3143302149893 3143305998220 3788 
3143302149893 3143309854304 3732 
3143302149893 3143309690905 4565 
3143302149893 3143307608756 2975 
3143302149893 3143306409911 2639 
3143302149893 3143307780907 7608 
3143302149893 3143309936424 5305 
3143302149893 3143309812075 3768 
3143302149893 3143306301304 2765 
3143302149893 3143303688100 4510 
3143302149893 3143303180115 2676 
3143302149893 3143305302854 1623 
3143302149893 3143302219212 1386 
3143302149893 3143302149958 5281 
3143302149893 3143307282923 4092 
3143302149893 3143307951345 3502 
3143302149893 3143302219077 4369 
3143302149893 3143302219344 7700 
3143302149893 3143307607660 7179 
3143302149893 3143302150069 1233 
3143302149893 3143307809131 4005 
3143302149893 3143300186252 8923 
3143302149893 3143304701852 3340 
3143302149893 3143307836619 2846 
3143302149893 3143305212545 7029 
3143302149893 3143302150077 2975 
3143302149893 3143302150034 2540 
3143302149893 3143302219409 70364 
3143302149893 3143305212529 18640 
3143302149893 3143302219379 52090 
3143302149893 CLU_6416 18640 
3143302150026 3143309772235 4436 
3143302150026 3143309772251 4221 
3143302150026 3143309812059 5124 
3143302150026 3143309690964 4825 
3143302150026 3143305305063 4224 
3143302150026 3143307781067 5433 
3143302150026 3143309132481 5822 
3143302150026 3143307831331 6036 
3143302150026 3143300659134 7505 
3143302150026 3143303180158 6767 
3143302150026 3143307821506 6274 
3143302150026 3143302150107 7680 
3143302150026 3143309775978 6274 
3143302150026 3143302219107 6766 
3143302150026 3143302219352 4377 
3143302150026 3143302219115 3282 
3143302150026 3143303180182 3016 
3143302150026 3143302150042 3905 
3143302150026 3143302219085 4016 
3143302150026 3143309812032 7177 
3143302150026 3143302149915 7745 
3143302150026 3143307299079 3295 
3143302150026 3143302150018 5709 
3143302150026 3143302218984 5871 
3143302150026 3143306065295 7726 
3143302150026 3143302219069 4282 
3143302150026 3143306629296 6130 
3143302150026 3143302149923 6914 
3143302150026 3143306065341 7631 
3143302150026 3143306329705 8209 
3143302150026 3143306297943 16224 
3143302150026 3143307780621 7268 
3143302150026 3143302219301 7117 
3143302150026 3143303180166 6274 
3143302150026 3143305302803 2909 
3143302150026 3143302149893 5192 
3143302150026 3143302150026 0 
3143302150026 3143300550108 7499 
3143302150026 3143303413578 34553 
3143302150026 3143306329632 6840 
3143302150026 3143305212588 8023 
3143302150026 3143309812083 6174 
3143302150026 3143306023282 3368 
3143302150026 3143302218968 7270 
3143302150026 3143309772227 5822 
3143302150026 3143302203480 3232 
3143302150026 3143302219336 356 
3143302150026 3143302150085 3295 
3143302150026 3143300211826 5018 
3143302150026 3143302149931 3171 
3143302150026 3143302219093 8110 
3143302150026 3143309352511 6616 
3143302150026 3143309251553 1832 
3143302150026 3143305998220 1465 
3143302150026 3143309854304 1750 
3143302150026 3143309690905 777 
3143302150026 3143307608756 7102 
3143302150026 3143306409911 7499 
3143302150026 3143307780907 4854 
3143302150026 3143309936424 762 
3143302150026 3143309812075 6411 
3143302150026 3143306301304 6174 
3143302150026 3143303688100 7300 
3143302150026 3143303180115 4221 
3143302150026 3143305302854 3896 
3143302150026 3143302219212 4705 
3143302150026 3143302149958 4563 
3143302150026 3143307282923 3546 
3143302150026 3143307951345 8213 
3143302150026 3143302219077 963 
3143302150026 3143302219344 4282 
3143302150026 3143307607660 7680 
3143302150026 3143302150069 5571 
3143302150026 3143307809131 9118 
3143302150026 3143300186252 5595 
3143302150026 3143304701852 5957 
3143302150026 3143307836619 7177 
3143302150026 3143305212545 2156 
3143302150026 3143302150077 7102 
3143302150026 3143302150034 4282 
3143302150026 3143302219409 67901 
3143302150026 3143305212529 17846 
3143302150026 3143302219379 50396 
3143302150026 CLU_6416 17846 
3143300550108 3143309772235 6170 
3143300550108 3143309772251 5246 
3143300550108 3143309812059 6850 
3143300550108 3143309690964 7290 
3143300550108 3143305305063 4527 
3143300550108 3143307781067 3457 
3143300550108 3143309132481 3546 
3143300550108 3143307831331 3545 
3143300550108 3143300659134 6019 
3143300550108 3143303180158 7367 
3143300550108 3143307821506 7701 
3143300550108 3143302150107 9372 
3143300550108 3143309775978 7701 
3143300550108 3143302219107 10808 
3143300550108 3143302219352 7538 
3143300550108 3143302219115 6438 
3143300550108 3143303180182 4783 
3143300550108 3143302150042 3865 
3143300550108 3143302219085 3521 
3143300550108 3143309812032 3939 
3143300550108 3143302149915 2807 
3143300550108 3143307299079 4394 
3143300550108 3143302150018 2121 
3143300550108 3143302218984 1723 
3143300550108 3143306065295 1829 
3143300550108 3143302219069 10335 
3143300550108 3143306629296 1528 
3143300550108 3143302149923 710 
3143300550108 3143306065341 314 
3143300550108 3143306329705 1805 
3143300550108 3143306297943 9324 
3143300550108 3143307780621 7642 
3143300550108 3143302219301 7985 
3143300550108 3143303180166 7701 
3143300550108 3143305302803 5109 
3143300550108 3143302149893 2639 
3143300550108 3143302150026 7499 
3143300550108 3143300550108 0 
3143300550108 3143303413578 27224 
3143300550108 3143306329632 11534 
3143300550108 3143305212588 11337 
3143300550108 3143309812083 4646 
3143300550108 3143306023282 5943 
3143300550108 3143302218968 8857 
3143300550108 3143309772227 3546 
3143300550108 3143302203480 7479 
3143300550108 3143302219336 7550 
3143300550108 3143302150085 4394 
3143300550108 3143300211826 11267 
3143300550108 3143302149931 8508 
3143300550108 3143302219093 7485 
3143300550108 3143309352511 2249 
3143300550108 3143309251553 6515 
3143300550108 3143305998220 6215 
3143300550108 3143309854304 5835 
3143300550108 3143309690905 6783 
3143300550108 3143307608756 1314 
3143300550108 3143306409911 0 
3143300550108 3143307780907 10244 
3143300550108 3143309936424 7439 
3143300550108 3143309812075 5723 
3143300550108 3143306301304 4646 
3143300550108 3143303688100 6210 
3143300550108 3143303180115 5246 
3143300550108 3143305302854 4260 
3143300550108 3143302219212 3929 
3143300550108 3143302149958 7851 
3143300550108 3143307282923 6718 
3143300550108 3143307951345 3787 
3143300550108 3143302219077 6792 
3143300550108 3143302219344 10335 
3143300550108 3143307607660 9372 
3143300550108 3143302150069 1929 
3143300550108 3143307809131 3104 
3143300550108 3143300186252 11563 
3143300550108 3143304701852 5425 
3143300550108 3143307836619 3939 
3143300550108 3143305212545 9490 
3143300550108 3143302150077 1314 
3143300550108 3143302150034 3642 
3143300550108 3143302219409 72779 
3143300550108 3143305212529 20792 
3143300550108 3143302219379 54331 
3143300550108 CLU_6416 20792 
3143303413578 3143309772235 31542 
3143303413578 3143309772251 31048 
3143303413578 3143309812059 31625 
3143303413578 3143309690964 32241 
3143303413578 3143305305063 30659 
3143303413578 3143307781067 29317 
3143303413578 3143309132481 29018 
3143303413578 3143307831331 28833 
3143303413578 3143300659134 28865 
3143303413578 3143303180158 30757 
3143303413578 3143307821506 31526 
3143303413578 3143302150107 32126 
3143303413578 3143309775978 31526 
3143303413578 3143302219107 34925 
3143303413578 3143302219352 32780 
3143303413578 3143302219115 32443 
3143303413578 3143303180182 31580 
3143303413578 3143302150042 30660 
3143303413578 3143302219085 30556 
3143303413578 3143309812032 27928 
3143303413578 3143302149915 26968 
3143303413578 3143307299079 31613 
3143303413578 3143302150018 29286 
3143303413578 3143302218984 28719 
3143303413578 3143306065295 26839 
3143303413578 3143302219069 36196 
3143303413578 3143306629296 28730 
3143303413578 3143302149923 27715 
3143303413578 3143306065341 27171 
3143303413578 3143306329705 26346 
3143303413578 3143306297943 18513 
3143303413578 3143307780621 30560 
3143303413578 3143302219301 31062 
3143303413578 3143303180166 31526 
3143303413578 3143305302803 31782 
3143303413578 3143302149893 29361 
3143303413578 3143302150026 34553 
3143303413578 3143300550108 27224 
3143303413578 3143303413578 0 
3143303413578 3143306329632 35939 
3143303413578 3143305212588 37390 
3143303413578 3143309812083 29208 
3143303413578 3143306023282 32025 
3143303413578 3143302218968 31898 
3143303413578 3143309772227 29018 
3143303413578 3143302203480 33389 
3143303413578 3143302219336 34531 
3143303413578 3143302150085 31613 
3143303413578 3143300211826 37057 
3143303413578 3143302149931 34507 
3143303413578 3143302219093 29540 
3143303413578 3143309352511 27982 
3143303413578 3143309251553 33183 
3143303413578 3143305998220 33140 
3143303413578 3143309854304 32999 
3143303413578 3143309690905 33901 
3143303413578 3143307608756 28021 
3143303413578 3143306409911 27224 
3143303413578 3143307780907 35666 
3143303413578 3143309936424 34607 
3143303413578 3143309812075 29683 
3143303413578 3143306301304 29208 
3143303413578 3143303688100 29221 
3143303413578 3143303180115 31048 
3143303413578 3143305302854 30777 
3143303413578 3143302219212 30059 
3143303413578 3143302149958 32973 
3143303413578 3143307282923 32529 
3143303413578 3143307951345 26784 
3143303413578 3143302219077 33717 
3143303413578 3143302219344 36196 
3143303413578 3143307607660 32126 
3143303413578 3143302150069 29115 
3143303413578 3143307809131 25543 
3143303413578 3143300186252 37060 
3143303413578 3143304701852 29867 
3143303413578 3143307836619 27928 
3143303413578 3143305212545 36311 
3143303413578 3143302150077 28021 
3143303413578 3143302150034 30844 
3143303413578 3143302219409 89235 
3143303413578 3143305212529 39330 
3143303413578 3143302219379 69044 
3143303413578 CLU_6416 39330 
3143306329632 3143309772235 5370 
3143306329632 3143309772251 6291 
3143306329632 3143309812059 4808 
3143306329632 3143309690964 4281 
3143306329632 3143305305063 7032 
3143306329632 3143307781067 8116 
3143306329632 3143309132481 8148 
3143306329632 3143307831331 8234 
3143306329632 3143300659134 7164 
3143306329632 3143303180158 5217 
3143306329632 3143307821506 4484 
3143306329632 3143302150107 3935 
3143306329632 3143309775978 4484 
3143306329632 3143302219107 1025 
3143306329632 3143302219352 3997 
3143306329632 3143302219115 5262 
3143306329632 3143303180182 7319 
3143306329632 3143302150042 7989 
3143306329632 3143302219085 8599 
3143306329632 3143309812032 8631 
3143306329632 3143302149915 9957 
3143306329632 3143307299079 9022 
3143306329632 3143302150018 10717 
3143306329632 3143302218984 9907 
3143306329632 3143306065295 10612 
3143306329632 3143302219069 2842 
3143306329632 3143306629296 10809 
3143306329632 3143302149923 10824 
3143306329632 3143306065341 11803 
3143306329632 3143306329705 11122 
3143306329632 3143306297943 17593 
3143306329632 3143307780621 5380 
3143306329632 3143302219301 4876 
3143306329632 3143303180166 4484 
3143306329632 3143305302803 6914 
3143306329632 3143302149893 8955 
3143306329632 3143302150026 6840 
3143306329632 3143300550108 11534 
3143306329632 3143303413578 35939 
3143306329632 3143306329632 0 
3143306329632 3143305212588 14622 
3143306329632 3143309812083 7374 
3143306329632 3143306023282 5730 
3143306329632 3143302218968 4068 
3143306329632 3143309772227 8148 
3143306329632 3143302203480 4344 
3143306329632 3143302219336 6490 
3143306329632 3143302150085 9022 
3143306329632 3143300211826 2747 
3143306329632 3143302149931 3752 
3143306329632 3143302219093 6406 
3143306329632 3143309352511 9526 
3143306329632 3143309251553 5999 
3143306329632 3143305998220 6768 
3143306329632 3143309854304 7930 
3143306329632 3143309690905 7352 
3143306329632 3143307608756 11880 
3143306329632 3143306409911 11534 
3143306329632 3143307780907 2011 
3143306329632 3143309936424 7593 
3143306329632 3143309812075 6556 
3143306329632 3143306301304 7374 
3143306329632 3143303688100 6804 
3143306329632 3143303180115 6291 
3143306329632 3143305302854 7431 
3143306329632 3143302219212 7608 
3143306329632 3143302149958 3683 
3143306329632 3143307282923 4913 
3143306329632 3143307951345 9693 
3143306329632 3143302219077 6521 
3143306329632 3143302219344 2842 
3143306329632 3143307607660 3935 
3143306329632 3143302150069 10053 
3143306329632 3143307809131 11262 
3143306329632 3143300186252 2156 
3143306329632 3143304701852 6560 
3143306329632 3143307836619 8631 
3143306329632 3143305212545 5610 
3143306329632 3143302150077 11880 
3143306329632 3143302150034 9908 
3143306329632 3143302219409 61573 
3143306329632 3143305212529 11040 
3143306329632 3143302219379 43702 
3143306329632 CLU_6416 11040 
3143305212588 3143309772235 12048 
3143305212588 3143309772251 11459 
3143305212588 3143309812059 12879 
3143305212588 3143309690964 12707 
3143305212588 3143305305063 11049 
3143305212588 3143307781067 11661 
3143305212588 3143309132481 12107 
3143305212588 3143307831331 12308 
3143305212588 3143300659134 14642 
3143305212588 3143303180158 14462 
3143305212588 3143307821506 14106 
3143305212588 3143302150107 15645 
3143305212588 3143309775978 14106 
3143305212588 3143302219107 14707 
3143305212588 3143302219352 12331 
3143305212588 3143302219115 11040 
3143305212588 3143303180182 9652 
3143305212588 3143302150042 9995 
3143305212588 3143302219085 9530 
3143305212588 3143309812032 13477 
3143305212588 3143302149915 13294 
3143305212588 3143307299079 8070 
3143305212588 3143302150018 9330 
3143305212588 3143302218984 10631 
3143305212588 3143306065295 12700 
3143305212588 3143302219069 11821 
3143305212588 3143306629296 9927 
3143305212588 3143302149923 11210 
3143305212588 3143306065341 11227 
3143305212588 3143306329705 12957 
3143305212588 3143306297943 20507 
3143305212588 3143307780621 14961 
3143305212588 3143302219301 14910 
3143305212588 3143303180166 14106 
3143305212588 3143305302803 9863 
3143305212588 3143302149893 10663 
3143305212588 3143302150026 8023 
3143305212588 3143300550108 11337 
3143305212588 3143303413578 37390 
3143305212588 3143306329632 14622 
3143305212588 3143305212588 0 
3143305212588 3143309812083 12991 
3143305212588 3143306023282 10931 
3143305212588 3143302218968 15203 
3143305212588 3143309772227 12107 
3143305212588 3143302203480 11227 
3143305212588 3143302219336 8374 
3143305212588 3143302150085 8070 
3143305212588 3143300211826 12261 
3143305212588 3143302149931 11152 
3143305212588 3143302219093 15617 
3143305212588 3143309352511 12067 
3143305212588 3143309251553 9585 
3143305212588 3143305998220 8843 
3143305212588 3143309854304 7844 
3143305212588 3143309690905 7818 
3143305212588 3143307608756 10136 
3143305212588 3143306409911 11337 
3143305212588 3143307780907 12615 
3143305212588 3143309936424 7277 
3143305212588 3143309812075 13641 
3143305212588 3143306301304 12991 
3143305212588 3143303688100 14549 
3143305212588 3143303180115 11459 
3143305212588 3143305302854 10439 
3143305212588 3143302219212 11182 
3143305212588 3143302149958 12549 
3143305212588 3143307282923 11378 
3143305212588 3143307951345 14145 
3143305212588 3143302219077 8720 
3143305212588 3143302219344 11821 
3143305212588 3143307607660 15645 
3143305212588 3143302150069 10008 
3143305212588 3143307809131 14241 
3143305212588 3143300186252 12933 
3143305212588 3143304701852 13139 
3143305212588 3143307836619 13477 
3143305212588 3143305212545 9049 
3143305212588 3143302150077 10136 
3143305212588 3143302150034 8161 
3143305212588 3143302219409 74060 
3143305212588 3143305212529 25649 
3143305212588 3143302219379 57367 
3143305212588 CLU_6416 25649 
3143309812083 3143309772235 2334 
3143309812083 3143309772251 1993 
3143309812083 3143309812059 2583 
3143309812083 3143309690964 3165 
3143309812083 3143305305063 2021 
3143309812083 3143307781067 1516 
3143309812083 3143309132481 1186 
3143309812083 3143307831331 1118 
3143309812083 3143300659134 1714 
3143309812083 3143303180158 2723 
3143309812083 3143307821506 3130 
3143309812083 3143302150107 4735 
3143309812083 3143309775978 3130 
3143309812083 3143302219107 6508 
3143309812083 3143302219352 3634 
3143309812083 3143302219115 3306 
3143309812083 3143303180182 3433 
3143309812083 3143302150042 3002 
3143309812083 3143302219085 3541 
3143309812083 3143309812032 1303 
3143309812083 3143302149915 2583 
3143309812083 3143307299079 4948 
3143309812083 3143302150018 4870 
3143309812083 3143302218984 3465 
3143309812083 3143306065295 3317 
3143309812083 3143302219069 7003 
3143309812083 3143306629296 4605 
3143309812083 3143302149923 3997 
3143309812083 3143306065341 4955 
3143309812083 3143306329705 3800 
3143309812083 3143306297943 10695 
3143309812083 3143307780621 3004 
3143309812083 3143302219301 3340 
3143309812083 3143303180166 3130 
3143309812083 3143305302803 3353 
3143309812083 3143302149893 2765 
3143309812083 3143302150026 6174 
3143309812083 3143300550108 4646 
3143309812083 3143303413578 29208 
3143309812083 3143306329632 7374 
3143309812083 3143305212588 12991 
3143309812083 3143309812083 0 
3143309812083 3143306023282 2966 
3143309812083 3143302218968 4227 
3143309812083 3143309772227 1186 
3143309812083 3143302203480 4189 
3143309812083 3143302219336 5997 
3143309812083 3143302150085 4948 
3143309812083 3143300211826 7889 
3143309812083 3143302149931 5301 
3143309812083 3143302219093 3029 
3143309812083 3143309352511 2404 
3143309812083 3143309251553 4410 
3143309812083 3143305998220 4751 
3143309812083 3143309854304 5340 
3143309812083 3143309690905 5824 
3143309812083 3143307608756 5471 
3143309812083 3143306409911 4646 
3143309812083 3143307780907 6569 
3143309812083 3143309936424 6597 
3143309812083 3143309812075 1080 
3143309812083 3143306301304 0 
3143309812083 3143303688100 1744 
3143309812083 3143303180115 1993 
3143309812083 3143305302854 2569 
3143309812083 3143302219212 1811 
3143309812083 3143302149958 3875 
3143309812083 3143307282923 3336 
3143309812083 3143307951345 2439 
3143309812083 3143302219077 5211 
3143309812083 3143302219344 7003 
3143309812083 3143307607660 4735 
3143309812083 3143302150069 3954 
3143309812083 3143307809131 3911 
3143309812083 3143300186252 7975 
3143309812083 3143304701852 832 
3143309812083 3143307836619 1303 
3143309812083 3143305212545 7384 
3143309812083 3143302150077 5471 
3143309812083 3143302150034 5150 
3143309812083 3143302219409 68182 
3143309812083 3143305212529 16149 
3143309812083 3143302219379 49685 
3143309812083 CLU_6416 16149 
3143306023282 3143309772235 1120 
3143306023282 3143309772251 989 
3143306023282 3143309812059 1963 
3143306023282 3143309690964 1941 
3143306023282 3143305305063 1461 
3143306023282 3143307781067 2784 
3143306023282 3143309132481 3021 
3143306023282 3143307831331 3197 
3143306023282 3143300659134 4145 
3143306023282 3143303180158 3534 
3143306023282 3143307821506 3207 
3143306023282 3143302150107 4879 
3143306023282 3143309775978 3207 
3143306023282 3143302219107 5164 
3143306023282 3143302219352 1847 
3143306023282 3143302219115 494 
3143306023282 3143303180182 1691 
3143306023282 3143302150042 2258 
3143306023282 3143302219085 2881 
3143306023282 3143309812032 4149 
3143306023282 3143302149915 5076 
3143306023282 3143307299079 3585 
3143306023282 3143302150018 4989 
3143306023282 3143302218984 4250 
3143306023282 3143306065295 5410 
3143306023282 3143302219069 4442 
3143306023282 3143306629296 5087 
3143306023282 3143302149923 5238 
3143306023282 3143306065341 6186 
3143306023282 3143306329705 5938 
3143306023282 3143306297943 13531 
3143306023282 3143307780621 4035 
3143306023282 3143302219301 3985 
3143306023282 3143303180166 3207 
3143306023282 3143305302803 1305 
3143306023282 3143302149893 3306 
3143306023282 3143302150026 3368 
3143306023282 3143300550108 5943 
3143306023282 3143303413578 32025 
3143306023282 3143306329632 5730 
3143306023282 3143305212588 10931 
3143306023282 3143309812083 2966 
3143306023282 3143306023282 0 
3143306023282 3143302218968 4386 
3143306023282 3143309772227 3021 
3143306023282 3143302203480 1540 
3143306023282 3143302219336 3134 
3143306023282 3143302150085 3585 
3143306023282 3143300211826 5373 
3143306023282 3143302149931 2616 
3143306023282 3143302219093 4783 
3143306023282 3143309352511 4233 
3143306023282 3143309251553 1536 
3143306023282 3143305998220 2120 
3143306023282 3143309854304 3107 
3143306023282 3143309690905 3215 
3143306023282 3143307608756 6162 
3143306023282 3143306409911 5943 
3143306023282 3143307780907 4301 
3143306023282 3143309936424 3927 
3143306023282 3143309812075 3049 
3143306023282 3143306301304 2966 
3143306023282 3143303688100 3932 
3143306023282 3143303180115 989 
3143306023282 3143305302854 1715 
3143306023282 3143302219212 2097 
3143306023282 3143302149958 2167 
3143306023282 3143307282923 817 
3143306023282 3143307951345 5275 
3143306023282 3143302219077 2425 
3143306023282 3143302219344 4442 
3143306023282 3143307607660 4879 
3143306023282 3143302150069 4334 
3143306023282 3143307809131 6505 
3143306023282 3143300186252 5627 
3143306023282 3143304701852 2613 
3143306023282 3143307836619 4149 
3143306023282 3143305212545 4420 
3143306023282 3143302150077 6162 
3143306023282 3143302150034 4325 
3143306023282 3143302219409 67276 
3143306023282 3143305212529 16000 
3143306023282 3143302219379 49220 
3143306023282 CLU_6416 16000 
3143302218968 3143309772235 3363 
3143302218968 3143309772251 4248 
3143302218968 3143309812059 2457 
3143302218968 3143309690964 2500 
3143302218968 3143305305063 4965 
3143302218968 3143307781067 5488 
3143302218968 3143309132481 5319 
3143302218968 3143307831331 5312 
3143302218968 3143300659134 3378 
3143302218968 3143303180158 1521 
3143302218968 3143307821506 1247 
3143302218968 3143302150107 529 
3143302218968 3143309775978 1247 
3143302218968 3143302219107 3043 
3143302218968 3143302219352 2893 
3143302218968 3143302219115 4185 
3143302218968 3143303180182 5986 
3143302218968 3143302150042 6205 
3143302218968 3143302219085 6880 
3143302218968 3143309812032 5253 
3143302218968 3143302149915 6659 
3143302218968 3143307299079 7901 
3143302218968 3143302150018 8735 
3143302218968 3143302218984 7514 
3143302218968 3143306065295 7507 
3143302218968 3143302219069 5321 
3143302218968 3143306629296 8608 
3143302218968 3143302149923 8188 
3143302218968 3143306065341 9162 
3143302218968 3143306329705 7959 
3143302218968 3143306297943 13638 
3143302218968 3143307780621 1440 
3143302218968 3143302219301 954 
3143302218968 3143303180166 1247 
3143302218968 3143305302803 5645 
3143302218968 3143302149893 6650 
3143302218968 3143302150026 7270 
3143302218968 3143300550108 8857 
3143302218968 3143303413578 31898 
3143302218968 3143306329632 4068 
3143302218968 3143305212588 15203 
3143302218968 3143309812083 4227 
3143302218968 3143306023282 4386 
3143302218968 3143302218968 0 
3143302218968 3143309772227 5319 
3143302218968 3143302203480 4049 
3143302218968 3143302219336 6944 
3143302218968 3143302150085 7901 
3143302218968 3143300211826 5889 
3143302218968 3143302149931 4548 
3143302218968 3143302219093 2361 
3143302218968 3143309352511 6628 
3143302218968 3143309251553 5618 
3143302218968 3143305998220 6376 
3143302218968 3143309854304 7466 
3143302218968 3143309690905 7385 
3143302218968 3143307608756 9574 
3143302218968 3143306409911 8857 
3143302218968 3143307780907 4438 
3143302218968 3143309936424 7974 
3143302218968 3143309812075 3175 
3143302218968 3143306301304 4227 
3143302218968 3143303688100 3039 
3143302218968 3143303180115 4248 
3143302218968 3143305302854 5582 
3143302218968 3143302219212 5305 
3143302218968 3143302149958 2727 
3143302218968 3143307282923 3830 
3143302218968 3143307951345 6144 
3143302218968 3143302219077 6488 
3143302218968 3143302219344 5321 
3143302218968 3143307607660 529 
3143302218968 3143302150069 7881 
3143302218968 3143307809131 7772 
3143302218968 3143300186252 5615 
3143302218968 3143304701852 3432 
3143302218968 3143307836619 5253 
3143302218968 3143305212545 7243 
3143302218968 3143302150077 9574 
3143302218968 3143302150034 8502 
3143302218968 3143302219409 63957 
3143302218968 3143305212529 11993 
3143302218968 3143302219379 45487 
3143302218968 CLU_6416 11993 
3143309772227 3143309772235 2821 
3143309772227 3143309772251 2077 
3143309772227 3143309812059 3364 
3143309772227 3143309690964 3866 
3143309772227 3143305305063 1653 
3143309772227 3143307781067 448 
3143309772227 3143309132481 0 
3143309772227 3143307831331 217 
3143309772227 3143300659134 2841 
3143309772227 3143303180158 3848 
3143309772227 3143307821506 4154 
3143309772227 3143302150107 5838 
3143309772227 3143309775978 4154 
3143309772227 3143302219107 7353 
3143309772227 3143302219352 4218 
3143309772227 3143302219115 3469 
3143309772227 3143303180182 2854 
3143309772227 3143302150042 2171 
3143309772227 3143302219085 2577 
3143309772227 3143309812032 1416 
3143309772227 3143302149915 2055 
3143309772227 3143307299079 4038 
3143309772227 3143302150018 3694 
3143309772227 3143302218984 2279 
3143309772227 3143306065295 2484 
3143309772227 3143302219069 7393 
3143309772227 3143306629296 3419 
3143309772227 3143302149923 2869 
3143309772227 3143306065341 3847 
3143309772227 3143306329705 3007 
3143309772227 3143306297943 10544 
3143309772227 3143307780621 4166 
3143309772227 3143302219301 4469 
3143309772227 3143303180166 4154 
3143309772227 3143305302803 2913 
3143309772227 3143302149893 1616 
3143309772227 3143302150026 5822 
3143309772227 3143300550108 3546 
3143309772227 3143303413578 29018 
3143309772227 3143306329632 8148 
3143309772227 3143305212588 12107 
3143309772227 3143309812083 1186 
3143309772227 3143306023282 3021 
3143309772227 3143302218968 5319 
3143309772227 3143309772227 0 
3143309772227 3143302203480 4480 
3143309772227 3143302219336 5708 
3143309772227 3143302150085 4038 
3143309772227 3143300211826 8312 
3143309772227 3143302149931 5597 
3143309772227 3143302219093 4209 
3143309772227 3143309352511 1382 
3143309772227 3143309251553 4216 
3143309772227 3143305998220 4357 
3143309772227 3143309854304 4704 
3143309772227 3143309690905 5346 
3143309772227 3143307608756 4297 
3143309772227 3143306409911 3546 
3143309772227 3143307780907 7101 
3143309772227 3143309936424 6125 
3143309772227 3143309812075 2247 
3143309772227 3143306301304 1186 
3143309772227 3143303688100 2916 
3143309772227 3143303180115 2077 
3143309772227 3143305302854 1943 
3143309772227 3143302219212 1117 
3143309772227 3143302149958 4505 
3143309772227 3143307282923 3627 
3143309772227 3143307951345 2390 
3143309772227 3143302219077 4888 
3143309772227 3143302219344 7393 
3143309772227 3143307607660 5838 
3143309772227 3143302150069 2775 
3143309772227 3143307809131 3484 
3143309772227 3143300186252 8487 
3143309772227 3143304701852 1891 
3143309772227 3143307836619 1416 
3143309772227 3143305212545 7327 
3143309772227 3143302150077 4297 
3143309772227 3143302150034 4097 
3143309772227 3143302219409 69234 
3143309772227 3143305212529 17287 
3143309772227 3143302219379 50805 
3143309772227 CLU_6416 17287 
3143302203480 3143309772235 1874 
3143302203480 3143309772251 2403 
3143302203480 3143309812059 2162 
3143302203480 3143309690964 1699 
3143302203480 3143305305063 2994 
3143302203480 3143307781067 4289 
3143302203480 3143309132481 4480 
3143302203480 3143307831331 4637 
3143302203480 3143300659134 4971 
3143302203480 3143303180158 3747 
3143302203480 3143307821506 3139 
3143302203480 3143302150107 4448 
3143302203480 3143309775978 3139 
3143302203480 3143302219107 3929 
3143302203480 3143302219352 1169 
3143302203480 3143302219115 1047 
3143302203480 3143303180182 2986 
3143302203480 3143302150042 3726 
3143302203480 3143302219085 4295 
3143302203480 3143309812032 5461 
3143302203480 3143302149915 6517 
3143302203480 3143307299079 4695 
3143302203480 3143302150018 6421 
3143302203480 3143302218984 5778 
3143302203480 3143306065295 6918 
3143302203480 3143302219069 2919 
3143302203480 3143306629296 6571 
3143302203480 3143302149923 6776 
3143302203480 3143306065341 7718 
3143302203480 3143306329705 7447 
3143302203480 3143306297943 14877 
3143302203480 3143307780621 4227 
3143302203480 3143302219301 3992 
3143302203480 3143303180166 3139 
3143302203480 3143305302803 2582 
3143302203480 3143302149893 4840 
3143302203480 3143302150026 3232 
3143302203480 3143300550108 7479 
3143302203480 3143303413578 33389 
3143302203480 3143306329632 4344 
3143302203480 3143305212588 11227 
3143302203480 3143309812083 4189 
3143302203480 3143306023282 1540 
3143302203480 3143302218968 4049 
3143302203480 3143309772227 4480 
3143302203480 3143302203480 0 
3143302203480 3143302219336 2899 
3143302203480 3143302150085 4695 
3143302203480 3143300211826 3845 
3143302203480 3143302149931 1122 
3143302203480 3143302219093 5193 
3143302203480 3143309352511 5747 
3143302203480 3143309251553 1772 
3143302203480 3143305998220 2580 
3143302203480 3143309854304 3759 
3143302203480 3143309690905 3440 
3143302203480 3143307608756 7650 
3143302203480 3143306409911 7479 
3143302203480 3143307780907 2773 
3143302203480 3143309936424 3956 
3143302203480 3143309812075 3929 
3143302203480 3143306301304 4189 
3143302203480 3143303688100 4681 
3143302203480 3143303180115 2403 
3143302203480 3143305302854 3231 
3143302203480 3143302219212 3628 
3143302203480 3143302149958 1331 
3143302203480 3143307282923 862 
3143302203480 3143307951345 6604 
3143302203480 3143302219077 2530 
3143302203480 3143302219344 2919 
3143302203480 3143307607660 4448 
3143302203480 3143302150069 5827 
3143302203480 3143307809131 7938 
3143302203480 3143300186252 4087 
3143302203480 3143304701852 3614 
3143302203480 3143307836619 5461 
3143302203480 3143305212545 3466 
3143302203480 3143302150077 7650 
3143302203480 3143302150034 5565 
3143302203480 3143302219409 65915 
3143302203480 3143305212529 14985 
3143302203480 3143302219379 47998 
3143302203480 CLU_6416 14985 
3143302219336 3143309772235 4176 
3143302219336 3143309772251 4023 
3143302219336 3143309812059 4835 
3143302219336 3143309690964 4515 
3143302219336 3143305305063 4084 
3143302219336 3143307781067 5333 
3143302219336 3143309132481 5708 
3143302219336 3143307831331 5918 
3143302219336 3143300659134 7279 
3143302219336 3143303180158 6479 
3143302219336 3143307821506 5967 
3143302219336 3143302150107 7348 
3143302219336 3143309775978 5967 
3143302219336 3143302219107 6409 
3143302219336 3143302219352 4052 
3143302219336 3143302219115 3010 
3143302219336 3143303180182 2955 
3143302219336 3143302150042 3870 
3143302219336 3143302219085 4041 
3143302219336 3143309812032 7039 
3143302219336 3143302149915 7665 
3143302219336 3143307299079 3443 
3143302219336 3143302150018 5823 
3143302219336 3143302218984 5895 
3143302219336 3143306065295 7693 
3143302219336 3143302219069 3956 
3143302219336 3143306629296 6219 
3143302219336 3143302149923 6946 
3143302219336 3143306065341 7696 
3143302219336 3143306329705 8184 
3143302219336 3143306297943 16165 
3143302219336 3143307780621 6978 
3143302219336 3143302219301 6813 
3143302219336 3143303180166 5967 
3143302219336 3143305302803 2802 
3143302219336 3143302149893 5174 
3143302219336 3143302150026 356 
3143302219336 3143300550108 7550 
3143302219336 3143303413578 34531 
3143302219336 3143306329632 6490 
3143302219336 3143305212588 8374 
3143302219336 3143309812083 5997 
3143302219336 3143306023282 3134 
3143302219336 3143302218968 6944 
3143302219336 3143309772227 5708 
3143302219336 3143302203480 2899 
3143302219336 3143302219336 0 
3143302219336 3143302150085 3443 
3143302219336 3143300211826 4713 
3143302219336 3143302149931 2815 
3143302219336 3143302219093 7840 
3143302219336 3143309352511 6564 
3143302219336 3143309251553 1603 
3143302219336 3143305998220 1390 
3143302219336 3143309854304 1917 
3143302219336 3143309690905 998 
3143302219336 3143307608756 7213 
3143302219336 3143306409911 7550 
3143302219336 3143307780907 4508 
3143302219336 3143309936424 1118 
3143302219336 3143309812075 6184 
3143302219336 3143306301304 5997 
3143302219336 3143303688100 7063 
3143302219336 3143303180115 4023 
3143302219336 3143305302854 3805 
3143302219336 3143302219212 4596 
3143302219336 3143302149958 4230 
3143302219336 3143307282923 3254 
3143302219336 3143307951345 8095 
3143302219336 3143302219077 823 
3143302219336 3143302219344 3956 
3143302219336 3143307607660 7348 
3143302219336 3143302150069 5630 
3143302219336 3143307809131 9054 
3143302219336 3143300186252 5278 
3143302219336 3143304701852 5740 
3143302219336 3143307836619 7039 
3143302219336 3143305212545 1988 
3143302219336 3143302150077 7213 
3143302219336 3143302150034 4440 
3143302219336 3143302219409 67597 
3143302219336 3143305212529 17491 
3143302219336 3143302219379 50063 
3143302219336 CLU_6416 17491 
3143302150085 3143309772235 4538 
3143302150085 3143309772251 3704 
3143302150085 3143309812059 5444 
3143302150085 3143309690964 5522 
3143302150085 3143305305063 3118 
3143302150085 3143307781067 3591 
3143302150085 3143309132481 4038 
3143302150085 3143307831331 4241 
3143302150085 3143300659134 6635 
3143302150085 3143303180158 6812 
3143302150085 3143307821506 6673 
3143302150085 3143302150107 8412 
3143302150085 3143309775978 6673 
3143302150085 3143302219107 8613 
3143302150085 3143302219352 5402 
3143302150085 3143302219115 3936 
3143302150085 3143303180182 1917 
3143302150085 3143302150042 1948 
3143302150085 3143302219085 1467 
3143302150085 3143309812032 5423 
3143302150085 3143302149915 5432 
3143302150085 3143307299079 0 
3143302150085 3143302150018 2441 
3143302150085 3143302218984 2982 
3143302150085 3143306065295 5079 
3143302150085 3143302219069 7009 
3143302150085 3143306629296 2922 
3143302150085 3143302149923 3915 
3143302150085 3143306065341 4474 
3143302150085 3143306329705 5478 
3143302150085 3143306297943 13540 
3143302150085 3143307780621 7279 
3143302150085 3143302219301 7358 
3143302150085 3143303180166 6673 
3143302150085 3143305302803 2281 
3143302150085 3143302149893 2686 
3143302150085 3143302150026 3295 
3143302150085 3143300550108 4394 
3143302150085 3143303413578 31613 
3143302150085 3143306329632 9022 
3143302150085 3143305212588 8070 
3143302150085 3143309812083 4948 
3143302150085 3143306023282 3585 
3143302150085 3143302218968 7901 
3143302150085 3143309772227 4038 
3143302150085 3143302203480 4695 
3143302150085 3143302219336 3443 
3143302150085 3143302150085 0 
3143302150085 3143300211826 7880 
3143302150085 3143302149931 5366 
3143302150085 3143302219093 7750 
3143302150085 3143309352511 4186 
3143302150085 3143309251553 3056 
3143302150085 3143305998220 2386 
3143302150085 3143309854304 1545 
3143302150085 3143309690905 2525 
3143302150085 3143307608756 3829 
3143302150085 3143306409911 4394 
3143302150085 3143307780907 7264 
3143302150085 3143309936424 3089 
3143302150085 3143309812075 5702 
3143302150085 3143306301304 4948 
3143302150085 3143303688100 6583 
3143302150085 3143303180115 3704 
3143302150085 3143305302854 2470 
3143302150085 3143302219212 3137 
3143302150085 3143302149958 5710 
3143302150085 3143307282923 4326 
3143302150085 3143307951345 6181 
3143302150085 3143302219077 2854 
3143302150085 3143302219344 7009 
3143302150085 3143307607660 8412 
3143302150085 3143302150069 2506 
3143302150085 3143307809131 6612 
3143302150085 3143300186252 8345 
3143302150085 3143304701852 5202 
3143302150085 3143307836619 5423 
3143302150085 3143305212545 5429 
3143302150085 3143302150077 3829 
3143302150085 3143302150034 1000 
3143302150085 3143302219409 70561 
3143302150085 3143305212529 19573 
3143302150085 3143302219379 52693 
3143302150085 CLU_6416 19573 
3143300211826 3143309772235 5570 
3143300211826 3143309772251 6241 
3143300211826 3143309812059 5435 
3143300211826 3143309690964 4820 
3143300211826 3143305305063 6834 
3143300211826 3143307781067 8134 
3143300211826 3143309132481 8312 
3143300211826 3143307831331 8459 
3143300211826 3143300659134 8266 
3143300211826 3143303180158 6526 
3143300211826 3143307821506 5742 
3143300211826 3143302150107 5969 
3143300211826 3143309775978 5742 
3143300211826 3143302219107 3387 
3143300211826 3143302219352 4278 
3143300211826 3143302219115 4887 
3143300211826 3143303180182 6567 
3143300211826 3143302150042 7429 
3143300211826 3143302219085 7908 
3143300211826 3143309812032 9190 
3143300211826 3143302149915 10329 
3143300211826 3143307299079 7880 
3143300211826 3143302150018 9991 
3143300211826 3143302218984 9548 
3143300211826 3143306065295 10762 
3143300211826 3143302219069 932 
3143300211826 3143306629296 10233 
3143300211826 3143302149923 10573 
3143300211826 3143306065341 11489 
3143300211826 3143306329705 11291 
3143300211826 3143306297943 18556 
3143300211826 3143307780621 6862 
3143300211826 3143302219301 6423 
3143300211826 3143303180166 5742 
3143300211826 3143305302803 6198 
3143300211826 3143302149893 8631 
3143300211826 3143302150026 5018 
3143300211826 3143300550108 11267 
3143300211826 3143303413578 37057 
3143300211826 3143306329632 2747 
3143300211826 3143305212588 12261 
3143300211826 3143309812083 7889 
3143300211826 3143306023282 5373 
3143300211826 3143302218968 5889 
3143300211826 3143309772227 8312 
3143300211826 3143302203480 3845 
3143300211826 3143302219336 4713 
3143300211826 3143302150085 7880 
3143300211826 3143300211826 0 
3143300211826 3143302149931 2763 
3143300211826 3143302219093 7951 
3143300211826 3143309352511 9593 
3143300211826 3143309251553 4902 
3143300211826 3143305998220 5494 
3143300211826 3143309854304 6504 
3143300211826 3143309690905 5698 
3143300211826 3143307608756 11305 
3143300211826 3143306409911 11267 
3143300211826 3143307780907 1470 
3143300211826 3143309936424 5691 
3143300211826 3143309812075 7380 
3143300211826 3143306301304 7889 
3143300211826 3143303688100 7922 
3143300211826 3143303180115 6241 
3143300211826 3143305302854 7008 
3143300211826 3143302219212 7469 
3143300211826 3143302149958 4088 
3143300211826 3143307282923 4686 
3143300211826 3143307951345 10328 
3143300211826 3143302219077 5059 
3143300211826 3143302219344 932 
3143300211826 3143307607660 5969 
3143300211826 3143302150069 9519 
3143300211826 3143307809131 11738 
3143300211826 3143300186252 678 
3143300211826 3143304701852 7194 
3143300211826 3143307836619 9190 
3143300211826 3143305212545 3252 
3143300211826 3143302150077 11305 
3143300211826 3143302150034 8861 
3143300211826 3143302219409 62884 
3143300211826 3143305212529 13456 
3143300211826 3143302219379 45448 
3143300211826 CLU_6416 13456 
3143302149931 3143309772235 2972 
3143302149931 3143309772251 3519 
3143302149931 3143309812059 3110 
3143302149931 3143309690964 2550 
3143302149931 3143305305063 4077 
3143302149931 3143307781067 5393 
3143302149931 3143309132481 5597 
3143302149931 3143307831331 5756 
3143302149931 3143300659134 5985 
3143302149931 3143303180158 4569 
3143302149931 3143307821506 3869 
3143302149931 3143302150107 4858 
3143302149931 3143309775978 3869 
3143302149931 3143302219107 3595 
3143302149931 3143302219352 1952 
3143302149931 3143302219115 2138 
3143302149931 3143303180182 3859 
3143302149931 3143302150042 4687 
3143302149931 3143302219085 5200 
3143302149931 3143309812032 6579 
3143302149931 3143302149915 7638 
3143302149931 3143307299079 5366 
3143302149931 3143302150018 7311 
3143302149931 3143302218984 6793 
3143302149931 3143306065295 8022 
3143302149931 3143302219069 1831 
3143302149931 3143306629296 7514 
3143302149931 3143302149923 7812 
3143302149931 3143306065341 8735 
3143302149931 3143306329705 8550 
3143302149931 3143306297943 15994 
3143302149931 3143307780621 5014 
3143302149931 3143302219301 4700 
3143302149931 3143303180166 3869 
3143302149931 3143305302803 3475 
3143302149931 3143302149893 5870 
3143302149931 3143302150026 3171 
3143302149931 3143300550108 8508 
3143302149931 3143303413578 34507 
3143302149931 3143306329632 3752 
3143302149931 3143305212588 11152 
3143302149931 3143309812083 5301 
3143302149931 3143306023282 2616 
3143302149931 3143302218968 4548 
3143302149931 3143309772227 5597 
3143302149931 3143302203480 1122 
3143302149931 3143302219336 2815 
3143302149931 3143302150085 5366 
3143302149931 3143300211826 2763 
3143302149931 3143302149931 0 
3143302149931 3143302219093 6045 
3143302149931 3143309352511 6847 
3143302149931 3143309251553 2309 
3143302149931 3143305998220 3039 
3143302149931 3143309854304 4185 
3143302149931 3143309690905 3614 
3143302149931 3143307608756 8592 
3143302149931 3143306409911 8508 
3143302149931 3143307780907 1898 
3143302149931 3143309936424 3933 
3143302149931 3143309812075 4977 
3143302149931 3143306301304 5301 
3143302149931 3143303688100 5676 
3143302149931 3143303180115 3519 
3143302149931 3143305302854 4248 
3143302149931 3143302219212 4714 
3143302149931 3143302149958 1936 
3143302149931 3143307282923 1984 
3143302149931 3143307951345 7723 
3143302149931 3143302219077 2769 
3143302149931 3143302219344 1831 
3143302149931 3143307607660 4858 
3143302149931 3143302150069 6787 
3143302149931 3143307809131 9060 
3143302149931 3143300186252 3077 
3143302149931 3143304701852 4696 
3143302149931 3143307836619 6579 
3143302149931 3143305212545 2696 
3143302149931 3143302150077 8592 
3143302149931 3143302150034 6304 
3143302149931 3143302219409 65199 
3143302149931 3143305212529 14689 
3143302149931 3143302219379 47443 
3143302149931 CLU_6416 14689 
3143302219093 3143309772235 3678 
3143302219093 3143309772251 4158 
3143302219093 3143309812059 3044 
3143302219093 3143309690964 3514 
3143302219093 3143305305063 4634 
3143302219093 3143307781067 4540 
3143302219093 3143309132481 4209 
3143302219093 3143307831331 4110 
3143302219093 3143300659134 1469 
3143302219093 3143303180158 1477 
3143302219093 3143307821506 2229 
3143302219093 3143302150107 2653 
3143302219093 3143309775978 2229 
3143302219093 3143302219107 5387 
3143302219093 3143302219352 4103 
3143302219093 3143302219115 4829 
3143302219093 3143303180182 5980 
3143302219093 3143302150042 5830 
3143302219093 3143302219085 6445 
3143302219093 3143309812032 3570 
3143302219093 3143302149915 4912 
3143302219093 3143307299079 7750 
3143302219093 3143302150018 7899 
3143302219093 3143302218984 6478 
3143302219093 3143306065295 5873 
3143302219093 3143302219069 7251 
3143302219093 3143306629296 7621 
3143302219093 3143302149923 6896 
3143302219093 3143306065341 7799 
3143302219093 3143306329705 6246 
3143302219093 3143306297943 11288 
3143302219093 3143307780621 1089 
3143302219093 3143302219301 1553 
3143302219093 3143303180166 2229 
3143302219093 3143305302803 5753 
3143302219093 3143302149893 5791 
3143302219093 3143302150026 8110 
3143302219093 3143300550108 7485 
3143302219093 3143303413578 29540 
3143302219093 3143306329632 6406 
3143302219093 3143305212588 15617 
3143302219093 3143309812083 3029 
3143302219093 3143306023282 4783 
3143302219093 3143302218968 2361 
3143302219093 3143309772227 4209 
3143302219093 3143302203480 5193 
3143302219093 3143302219336 7840 
3143302219093 3143302150085 7750 
3143302219093 3143300211826 7951 
3143302219093 3143302149931 6045 
3143302219093 3143302219093 0 
3143302219093 3143309352511 5258 
3143302219093 3143309251553 6290 
3143302219093 3143305998220 6898 
3143302219093 3143309854304 7783 
3143302219093 3143309690905 7997 
3143302219093 3143307608756 8438 
3143302219093 3143306409911 7485 
3143302219093 3143307780907 6481 
3143302219093 3143309936424 8706 
3143302219093 3143309812075 2065 
3143302219093 3143306301304 3029 
3143302219093 3143303688100 1297 
3143302219093 3143303180115 4158 
3143302219093 3143305302854 5279 
3143302219093 3143302219212 4689 
3143302219093 3143302149958 4119 
3143302219093 3143307282923 4603 
3143302219093 3143307951345 4189 
3143302219093 3143302219077 7194 
3143302219093 3143302219344 7251 
3143302219093 3143307607660 2653 
3143302219093 3143302150069 6983 
3143302219093 3143307809131 5789 
3143302219093 3143300186252 7777 
3143302219093 3143304701852 2554 
3143302219093 3143307836619 3570 
3143302219093 3143305212545 8652 
3143302219093 3143302150077 8438 
3143302219093 3143302150034 8095 
3143302219093 3143302219409 65718 
3143302219093 3143305212529 13437 
3143302219093 3143302219379 46994 
3143302219093 CLU_6416 13437 
3143309352511 3143309772235 4180 
3143309352511 3143309772251 3362 
3143309352511 3143309812059 4747 
3143309352511 3143309690964 5245 
3143309352511 3143305305063 2777 
3143309352511 3143307781067 1460 
3143309352511 3143309132481 1382 
3143309352511 3143307831331 1331 
3143309352511 3143300659134 3801 
3143309352511 3143303180158 5127 
3143309352511 3143307821506 5499 
3143309352511 3143302150107 7138 
3143309352511 3143309775978 5499 
3143309352511 3143302219107 8735 
3143309352511 3143302219352 5578 
3143309352511 3143302219115 4709 
3143309352511 3143303180182 3609 
3143309352511 3143302150042 2715 
3143309352511 3143302219085 2795 
3143309352511 3143309812032 1787 
3143309352511 3143302149915 1247 
3143309352511 3143307299079 4186 
3143309352511 3143302150018 2997 
3143309352511 3143302218984 1502 
3143309352511 3143306065295 1179 
3143309352511 3143302219069 8666 
3143309352511 3143306629296 2548 
3143309352511 3143302149923 1638 
3143309352511 3143306065341 2561 
3143309352511 3143306329705 1705 
3143309352511 3143306297943 9608 
3143309352511 3143307780621 5393 
3143309352511 3143302219301 5743 
3143309352511 3143303180166 5499 
3143309352511 3143305302803 3799 
3143309352511 3143302149893 1516 
3143309352511 3143302150026 6616 
3143309352511 3143300550108 2249 
3143309352511 3143303413578 27982 
3143309352511 3143306329632 9526 
3143309352511 3143305212588 12067 
3143309352511 3143309812083 2404 
3143309352511 3143306023282 4233 
3143309352511 3143302218968 6628 
3143309352511 3143309772227 1382 
3143309352511 3143302203480 5747 
3143309352511 3143302219336 6564 
3143309352511 3143302150085 4186 
3143309352511 3143300211826 9593 
3143309352511 3143302149931 6847 
3143309352511 3143302219093 5258 
3143309352511 3143309352511 0 
3143309352511 3143309251553 5211 
3143309352511 3143305998220 5174 
3143309352511 3143309854304 5231 
3143309352511 3143309690905 6029 
3143309352511 3143307608756 3207 
3143309352511 3143306409911 2249 
3143309352511 3143307780907 8428 
3143309352511 3143309936424 6784 
3143309352511 3143309812075 3477 
3143309352511 3143306301304 2404 
3143309352511 3143303688100 3972 
3143309352511 3143303180115 3362 
3143309352511 3143305302854 2797 
3143309352511 3143302219212 2144 
3143309352511 3143302149958 5872 
3143309352511 3143307282923 4914 
3143309352511 3143307951345 2092 
3143309352511 3143302219077 5744 
3143309352511 3143302219344 8666 
3143309352511 3143307607660 7138 
3143309352511 3143302150069 2133 
3143309352511 3143307809131 2510 
3143309352511 3143300186252 9802 
3143309352511 3143304701852 3202 
3143309352511 3143307836619 1787 
3143309352511 3143305212545 8335 
3143309352511 3143302150077 3207 
3143309352511 3143302150034 3906 
3143309352511 3143302219409 70576 
3143309352511 3143305212529 18544 
3143309352511 3143302219379 52086 
3143309352511 CLU_6416 18544 
3143309251553 3143309772235 2611 
3143309251553 3143309772251 2426 
3143309251553 3143309812059 3344 
3143309251553 3143309690964 3123 
3143309251553 3143305305063 2564 
3143309251553 3143307781067 3877 
3143309251553 3143309132481 4216 
3143309251553 3143307831331 4418 
3143309251553 3143300659134 5679 
3143309251553 3143303180158 4977 
3143309251553 3143307821506 4539 
3143309251553 3143302150107 6066 
3143309251553 3143309775978 4539 
3143309251553 3143302219107 5676 
3143309251553 3143302219352 2767 
3143309251553 3143302219115 1483 
3143309251553 3143303180182 1732 
3143309251553 3143302150042 2660 
3143309251553 3143302219085 3042 
3143309251553 3143309812032 5496 
3143309251553 3143302149915 6231 
3143309251553 3143307299079 3056 
3143309251553 3143302150018 5093 
3143309251553 3143302218984 4798 
3143309251553 3143306065295 6376 
3143309251553 3143302219069 4000 
3143309251553 3143306629296 5363 
3143309251553 3143302149923 5854 
3143309251553 3143306065341 6707 
3143309251553 3143306329705 6889 
3143309251553 3143306297943 14746 
3143309251553 3143307780621 5480 
3143309251553 3143302219301 5366 
3143309251553 3143303180166 4539 
3143309251553 3143305302803 1432 
3143309251553 3143302149893 3956 
3143309251553 3143302150026 1832 
3143309251553 3143300550108 6515 
3143309251553 3143303413578 33183 
3143309251553 3143306329632 5999 
3143309251553 3143305212588 9585 
3143309251553 3143309812083 4410 
3143309251553 3143306023282 1536 
3143309251553 3143302218968 5618 
3143309251553 3143309772227 4216 
3143309251553 3143302203480 1772 
3143309251553 3143302219336 1603 
3143309251553 3143302150085 3056 
3143309251553 3143300211826 4902 
3143309251553 3143302149931 2309 
3143309251553 3143302219093 6290 
3143309251553 3143309352511 5211 
3143309251553 3143309251553 0 
3143309251553 3143305998220 808 
3143309251553 3143309854304 1987 
3143309251553 3143309690905 1771 
3143309251553 3143307608756 6425 
3143309251553 3143306409911 6515 
3143309251553 3143307780907 4207 
3143309251553 3143309936424 2424 
3143309251553 3143309812075 4584 
3143309251553 3143306301304 4410 
3143309251553 3143303688100 5469 
3143309251553 3143303180115 2426 
3143309251553 3143305302854 2414 
3143309251553 3143302219212 3132 
3143309251553 3143302149958 3016 
3143309251553 3143307282923 1796 
3143309251553 3143307951345 6581 
3143309251553 3143302219077 906 
3143309251553 3143302219344 4000 
3143309251553 3143307607660 6066 
3143309251553 3143302150069 4676 
3143309251553 3143307809131 7646 
3143309251553 3143300186252 5321 
3143309251553 3143304701852 4137 
3143309251553 3143307836619 5496 
3143309251553 3143305212545 3128 
3143309251553 3143302150077 6425 
3143309251553 3143302150034 4000 
3143309251553 3143302219409 67506 
3143309251553 3143305212529 16754 
3143309251553 3143302219379 49699 
3143309251553 CLU_6416 16754 
3143305998220 3143309772235 3239 
3143305998220 3143309772251 2848 
3143305998220 3143309812059 4040 
3143305998220 3143309690964 3876 
3143305998220 3143305305063 2771 
3143305998220 3143307781067 3967 
3143305998220 3143309132481 4357 
3143305998220 3143307831331 4571 
3143305998220 3143300659134 6162 
3143305998220 3143303180158 5647 
3143305998220 3143307821506 5263 
3143305998220 3143302150107 6836 
3143305998220 3143309775978 5263 
3143305998220 3143302219107 6475 
3143305998220 3143302219352 3556 
3143305998220 3143302219115 2197 
3143305998220 3143303180182 1565 
3143305998220 3143302150042 2481 
3143305998220 3143302219085 2693 
3143305998220 3143309812032 5719 
3143305998220 3143302149915 6286 
3143305998220 3143307299079 2386 
3143305998220 3143302150018 4605 
3143305998220 3143302218984 4535 
3143305998220 3143306065295 6302 
3143305998220 3143302219069 4625 
3143305998220 3143306629296 4945 
3143305998220 3143302149923 5591 
3143305998220 3143306065341 6376 
3143305998220 3143306329705 6795 
3143305998220 3143306297943 14778 
3143305998220 3143307780621 6149 
3143305998220 3143302219301 6071 
3143305998220 3143303180166 5263 
3143305998220 3143305302803 1445 
3143305998220 3143302149893 3788 
3143305998220 3143302150026 1465 
3143305998220 3143300550108 6215 
3143305998220 3143303413578 33140 
3143305998220 3143306329632 6768 
3143305998220 3143305212588 8843 
3143305998220 3143309812083 4751 
3143305998220 3143306023282 2120 
3143305998220 3143302218968 6376 
3143305998220 3143309772227 4357 
3143305998220 3143302203480 2580 
3143305998220 3143302219336 1390 
3143305998220 3143302150085 2386 
3143305998220 3143300211826 5494 
3143305998220 3143302149931 3039 
3143305998220 3143302219093 6898 
3143305998220 3143309352511 5174 
3143305998220 3143309251553 808 
3143305998220 3143305998220 0 
3143305998220 3143309854304 1181 
3143305998220 3143309690905 1105 
3143305998220 3143307608756 5976 
3143305998220 3143306409911 6215 
3143305998220 3143307780907 4927 
3143305998220 3143309936424 1855 
3143305998220 3143309812075 5079 
3143305998220 3143306301304 4751 
3143305998220 3143303688100 5985 
3143305998220 3143303180115 2848 
3143305998220 3143305302854 2431 
3143305998220 3143302219212 3240 
3143305998220 3143302149958 3814 
3143305998220 3143307282923 2546 
3143305998220 3143307951345 6748 
3143305998220 3143302219077 582 
3143305998220 3143302219344 4625 
3143305998220 3143307607660 6836 
3143305998220 3143302150069 4313 
3143305998220 3143307809131 7667 
3143305998220 3143300186252 5963 
3143305998220 3143304701852 4605 
3143305998220 3143307836619 5719 
3143305998220 3143305212545 3275 
3143305998220 3143302150077 5976 
3143305998220 3143302150034 3369 
3143305998220 3143302219409 68226 
3143305998220 3143305212529 17560 
3143305998220 3143302219379 50470 
3143305998220 CLU_6416 17560 
3143309854304 3143309772235 4213 
3143309854304 3143309772251 3631 
3143309854304 3143309812059 5070 
3143309854304 3143309690964 4974 
3143309854304 3143305305063 3323 
3143309854304 3143307781067 4269 
3143309854304 3143309132481 4704 
3143309854304 3143307831331 4921 
3143309854304 3143300659134 6896 
3143309854304 3143303180158 6624 
3143309854304 3143307821506 6312 
3143309854304 3143302150107 7942 
3143309854304 3143309775978 6312 
3143309854304 3143302219107 7655 
3143309854304 3143302219352 4700 
3143309854304 3143302219115 3286 
3143309854304 3143303180182 1906 
3143309854304 3143302150042 2568 
3143309854304 3143302219085 2469 
3143309854304 3143309812032 6118 
3143309854304 3143302149915 6435 
3143309854304 3143307299079 1545 
3143309854304 3143302150018 3972 
3143309854304 3143302218984 4280 
3143309854304 3143306065295 6264 
3143309854304 3143302219069 5674 
3143309854304 3143306629296 4418 
3143309854304 3143302149923 5291 
3143309854304 3143306065341 5945 
3143309854304 3143306329705 6715 
3143309854304 3143306297943 14788 
3143309854304 3143307780621 7121 
3143309854304 3143302219301 7092 
3143309854304 3143303180166 6312 
3143309854304 3143305302803 2041 
3143309854304 3143302149893 3732 
3143309854304 3143302150026 1750 
3143309854304 3143300550108 5835 
3143309854304 3143303413578 32999 
3143309854304 3143306329632 7930 
3143309854304 3143305212588 7844 
3143309854304 3143309812083 5340 
3143309854304 3143306023282 3107 
3143309854304 3143302218968 7466 
3143309854304 3143309772227 4704 
3143309854304 3143302203480 3759 
3143309854304 3143302219336 1917 
3143309854304 3143302150085 1545 
3143309854304 3143300211826 6504 
3143309854304 3143302149931 4185 
3143309854304 3143302219093 7783 
3143309854304 3143309352511 5231 
3143309854304 3143309251553 1987 
3143309854304 3143305998220 1181 
3143309854304 3143309854304 0 
3143309854304 3143309690905 980 
3143309854304 3143307608756 5364 
3143309854304 3143306409911 5835 
3143309854304 3143307780907 6054 
3143309854304 3143309936424 1609 
3143309854304 3143309812075 5851 
3143309854304 3143306301304 5340 
3143309854304 3143303688100 6765 
3143309854304 3143303180115 3631 
3143309854304 3143305302854 2798 
3143309854304 3143302219212 3622 
3143309854304 3143302149958 4970 
3143309854304 3143307282923 3657 
3143309854304 3143307951345 7043 
3143309854304 3143302219077 1454 
3143309854304 3143302219344 5674 
3143309854304 3143307607660 7942 
3143309854304 3143302150069 3909 
3143309854304 3143307809131 7736 
3143309854304 3143300186252 7016 
3143309854304 3143304701852 5354 
3143309854304 3143307836619 6118 
3143309854304 3143305212545 3894 
3143309854304 3143302150077 5364 
3143309854304 3143302150034 2532 
3143309854304 3143302219409 69328 
3143309854304 3143305212529 18741 
3143309854304 3143302219379 51628 
3143309854304 CLU_6416 18741 
3143309690905 3143309772235 4330 
3143309690905 3143309772251 3949 
3143309690905 3143309812059 5105 
3143309690905 3143309690964 4893 
3143309690905 3143305305063 3819 
3143309690905 3143307781067 4934 
3143309690905 3143309132481 5346 
3143309690905 3143307831331 5563 
3143309690905 3143300659134 7264 
3143309690905 3143303180158 6727 
3143309690905 3143307821506 6310 
3143309690905 3143302150107 7827 
3143309690905 3143309775978 6310 
3143309690905 3143302219107 7188 
3143309690905 3143302219352 4516 
3143309690905 3143302219115 3246 
3143309690905 3143303180182 2494 
3143309690905 3143302150042 3316 
3143309690905 3143302219085 3344 
3143309690905 3143309812032 6736 
3143309690905 3143302149915 7195 
3143309690905 3143307299079 2525 
3143309690905 3143302150018 4951 
3143309690905 3143302218984 5188 
3143309690905 3143306065295 7108 
3143309690905 3143302219069 4917 
3143309690905 3143306629296 5387 
3143309690905 3143302149923 6218 
3143309690905 3143306065341 6904 
3143309690905 3143306329705 7576 
3143309690905 3143306297943 15627 
3143309690905 3143307780621 7230 
3143309690905 3143302219301 7132 
3143309690905 3143303180166 6310 
3143309690905 3143305302803 2477 
3143309690905 3143302149893 4565 
3143309690905 3143302150026 777 
3143309690905 3143300550108 6783 
3143309690905 3143303413578 33901 
3143309690905 3143306329632 7352 
3143309690905 3143305212588 7818 
3143309690905 3143309812083 5824 
3143309690905 3143306023282 3215 
3143309690905 3143302218968 7385 
3143309690905 3143309772227 5346 
3143309690905 3143302203480 3440 
3143309690905 3143302219336 998 
3143309690905 3143302150085 2525 
3143309690905 3143300211826 5698 
3143309690905 3143302149931 3614 
3143309690905 3143302219093 7997 
3143309690905 3143309352511 6029 
3143309690905 3143309251553 1771 
3143309690905 3143305998220 1105 
3143309690905 3143309854304 980 
3143309690905 3143309690905 0 
3143309690905 3143307608756 6343 
3143309690905 3143306409911 6783 
3143309690905 3143307780907 5405 
3143309690905 3143309936424 779 
3143309690905 3143309812075 6183 
3143309690905 3143306301304 5824 
3143309690905 3143303688100 7090 
3143309690905 3143303180115 3949 
3143309690905 3143305302854 3403 
3143309690905 3143302219212 4233 
3143309690905 3143302149958 4744 
3143309690905 3143307282923 3568 
3143309690905 3143307951345 7727 
3143309690905 3143302219077 910 
3143309690905 3143302219344 4917 
3143309690905 3143307607660 7827 
3143309690905 3143302150069 4854 
3143309690905 3143307809131 8539 
3143309690905 3143300186252 6249 
3143309690905 3143304701852 5706 
3143309690905 3143307836619 6736 
3143309690905 3143305212545 2933 
3143309690905 3143302150077 6343 
3143309690905 3143302150034 3507 
3143309690905 3143302219409 68575 
3143309690905 3143305212529 18294 
3143309690905 3143302219379 50992 
3143309690905 CLU_6416 18294 
3143307608756 3143309772235 6608 
3143307608756 3143309772251 5639 
3143307608756 3143309812059 7385 
3143307608756 3143309690964 7748 
3143307608756 3143305305063 4874 
3143307608756 3143307781067 4085 
3143307608756 3143309132481 4297 
3143307608756 3143307831331 4355 
3143307608756 3143300659134 6996 
3143307608756 3143303180158 8135 
3143307608756 3143307821506 8366 
3143307608756 3143302150107 10099 
3143307608756 3143309775978 8366 
3143307608756 3143302219107 11238 
3143307608756 3143302219352 7904 
3143307608756 3143302219115 6646 
3143307608756 3143303180182 4739 
3143307608756 3143302150042 3923 
3143307608756 3143302219085 3397 
3143307608756 3143309812032 4988 
3143307608756 3143302149915 4014 
3143307608756 3143307299079 3829 
3143307608756 3143302150018 1392 
3143307608756 3143302218984 2062 
3143307608756 3143306065295 3086 
3143307608756 3143302219069 10386 
3143307608756 3143306629296 1079 
3143307608756 3143302149923 1605 
3143307608756 3143306065341 1120 
3143307608756 3143306329705 3116 
3143307608756 3143306297943 10407 
3143307608756 3143307780621 8463 
3143307608756 3143302219301 8756 
3143307608756 3143303180166 8366 
3143307608756 3143305302803 5117 
3143307608756 3143302149893 2975 
3143307608756 3143302150026 7102 
3143307608756 3143300550108 1314 
3143307608756 3143303413578 28021 
3143307608756 3143306329632 11880 
3143307608756 3143305212588 10136 
3143307608756 3143309812083 5471 
3143307608756 3143306023282 6162 
3143307608756 3143302218968 9574 
3143307608756 3143309772227 4297 
3143307608756 3143302203480 7650 
3143307608756 3143302219336 7213 
3143307608756 3143302150085 3829 
3143307608756 3143300211826 11305 
3143307608756 3143302149931 8592 
3143307608756 3143302219093 8438 
3143307608756 3143309352511 3207 
3143307608756 3143309251553 6425 
3143307608756 3143305998220 5976 
3143307608756 3143309854304 5364 
3143307608756 3143309690905 6343 
3143307608756 3143307608756 0 
3143307608756 3143306409911 1314 
3143307608756 3143307780907 10418 
3143307608756 3143309936424 6914 
3143307608756 3143309812075 6544 
3143307608756 3143306301304 5471 
3143307608756 3143303688100 7142 
3143307608756 3143303180115 5639 
3143307608756 3143305302854 4450 
3143307608756 3143302219212 4361 
3143307608756 3143302149958 8226 
3143307608756 3143307282923 6974 
3143307608756 3143307951345 5004 
3143307608756 3143302219077 6525 
3143307608756 3143302219344 10386 
3143307608756 3143307607660 10099 
3143307608756 3143302150069 1828 
3143307608756 3143307809131 4418 
3143307608756 3143300186252 11669 
3143307608756 3143304701852 6178 
3143307608756 3143307836619 4988 
3143307608756 3143305212545 9196 
3143307608756 3143302150077 0 
3143307608756 3143302150034 2910 
3143307608756 3143302219409 73338 
3143307608756 3143305212529 21564 
3143307608756 3143302219379 55048 
3143307608756 CLU_6416 21564 
3143306409911 3143309772235 6170 
3143306409911 3143309772251 5246 
3143306409911 3143309812059 6850 
3143306409911 3143309690964 7290 
3143306409911 3143305305063 4527 
3143306409911 3143307781067 3457 
3143306409911 3143309132481 3546 
3143306409911 3143307831331 3545 
3143306409911 3143300659134 6019 
3143306409911 3143303180158 7367 
3143306409911 3143307821506 7701 
3143306409911 3143302150107 9372 
3143306409911 3143309775978 7701 
3143306409911 3143302219107 10808 
3143306409911 3143302219352 7538 
3143306409911 3143302219115 6438 
3143306409911 3143303180182 4783 
3143306409911 3143302150042 3865 
3143306409911 3143302219085 3521 
3143306409911 3143309812032 3939 
3143306409911 3143302149915 2807 
3143306409911 3143307299079 4394 
3143306409911 3143302150018 2121 
3143306409911 3143302218984 1723 
3143306409911 3143306065295 1829 
3143306409911 3143302219069 10335 
3143306409911 3143306629296 1528 
3143306409911 3143302149923 710 
3143306409911 3143306065341 314 
3143306409911 3143306329705 1805 
3143306409911 3143306297943 9324 
3143306409911 3143307780621 7642 
3143306409911 3143302219301 7985 
3143306409911 3143303180166 7701 
3143306409911 3143305302803 5109 
3143306409911 3143302149893 2639 
3143306409911 3143302150026 7499 
3143306409911 3143300550108 0 
3143306409911 3143303413578 27224 
3143306409911 3143306329632 11534 
3143306409911 3143305212588 11337 
3143306409911 3143309812083 4646 
3143306409911 3143306023282 5943 
3143306409911 3143302218968 8857 
3143306409911 3143309772227 3546 
3143306409911 3143302203480 7479 
3143306409911 3143302219336 7550 
3143306409911 3143302150085 4394 
3143306409911 3143300211826 11267 
3143306409911 3143302149931 8508 
3143306409911 3143302219093 7485 
3143306409911 3143309352511 2249 
3143306409911 3143309251553 6515 
3143306409911 3143305998220 6215 
3143306409911 3143309854304 5835 
3143306409911 3143309690905 6783 
3143306409911 3143307608756 1314 
3143306409911 3143306409911 0 
3143306409911 3143307780907 10244 
3143306409911 3143309936424 7439 
3143306409911 3143309812075 5723 
3143306409911 3143306301304 4646 
3143306409911 3143303688100 6210 
3143306409911 3143303180115 5246 
3143306409911 3143305302854 4260 
3143306409911 3143302219212 3929 
3143306409911 3143302149958 7851 
3143306409911 3143307282923 6718 
3143306409911 3143307951345 3787 
3143306409911 3143302219077 6792 
3143306409911 3143302219344 10335 
3143306409911 3143307607660 9372 
3143306409911 3143302150069 1929 
3143306409911 3143307809131 3104 
3143306409911 3143300186252 11563 
3143306409911 3143304701852 5425 
3143306409911 3143307836619 3939 
3143306409911 3143305212545 9490 
3143306409911 3143302150077 1314 
3143306409911 3143302150034 3642 
3143306409911 3143302219409 72779 
3143306409911 3143305212529 20792 
3143306409911 3143302219379 54331 
3143306409911 CLU_6416 20792 
3143307780907 3143309772235 4296 
3143307780907 3143309772251 5069 
3143307780907 3143309812059 4048 
3143307780907 3143309690964 3435 
3143307780907 3143305305063 5731 
3143307780907 3143307781067 6970 
3143307780907 3143309132481 7101 
3143307780907 3143307831331 7230 
3143307780907 3143300659134 6833 
3143307780907 3143303180158 5062 
3143307780907 3143307821506 4277 
3143307780907 3143302150107 4549 
3143307780907 3143309775978 4277 
3143307780907 3143302219107 2245 
3143307780907 3143302219352 2935 
3143307780907 3143302219115 3806 
3143307780907 3143303180182 5714 
3143307780907 3143302150042 6495 
3143307780907 3143302219085 7045 
3143307780907 3143309812032 7872 
3143307780907 3143302149915 9072 
3143307780907 3143307299079 7264 
3143307780907 3143302150018 9167 
3143307780907 3143302218984 8549 
3143307780907 3143306065295 9579 
3143307780907 3143302219069 976 
3143307780907 3143306629296 9338 
3143307780907 3143302149923 9538 
3143307780907 3143306065341 10487 
3143307780907 3143306329705 10105 
3143307780907 3143306297943 17181 
3143307780907 3143307780621 5392 
3143307780907 3143302219301 4953 
3143307780907 3143303180166 4277 
3143307780907 3143305302803 5319 
3143307780907 3143302149893 7608 
3143307780907 3143302150026 4854 
3143307780907 3143300550108 10244 
3143307780907 3143303413578 35666 
3143307780907 3143306329632 2011 
3143307780907 3143305212588 12615 
3143307780907 3143309812083 6569 
3143307780907 3143306023282 4301 
3143307780907 3143302218968 4438 
3143307780907 3143309772227 7101 
3143307780907 3143302203480 2773 
3143307780907 3143302219336 4508 
3143307780907 3143302150085 7264 
3143307780907 3143300211826 1470 
3143307780907 3143302149931 1898 
3143307780907 3143302219093 6481 
3143307780907 3143309352511 8428 
3143307780907 3143309251553 4207 
3143307780907 3143305998220 4927 
3143307780907 3143309854304 6054 
3143307780907 3143309690905 5405 
3143307780907 3143307608756 10418 
3143307780907 3143306409911 10244 
3143307780907 3143307780907 0 
3143307780907 3143309936424 5600 
3143307780907 3143309812075 5985 
3143307780907 3143306301304 6569 
3143307780907 3143303688100 6485 
3143307780907 3143303180115 5069 
3143307780907 3143305302854 6004 
3143307780907 3143302219212 6354 
3143307780907 3143302149958 2706 
3143307780907 3143307282923 3535 
3143307780907 3143307951345 9000 
3143307780907 3143302219077 4614 
3143307780907 3143302219344 976 
3143307780907 3143307607660 4549 
3143307780907 3143302150069 8598 
3143307780907 3143307809131 10461 
3143307780907 3143300186252 1406 
3143307780907 3143304701852 5836 
3143307780907 3143307836619 7872 
3143307780907 3143305212545 3634 
3143307780907 3143302150077 10418 
3143307780907 3143302150034 8199 
3143307780907 3143302219409 63302 
3143307780907 3143305212529 13052 
3143307780907 3143302219379 45592 
3143307780907 CLU_6416 13052 
3143309936424 3143309772235 5028 
3143309936424 3143309772251 4703 
3143309936424 3143309812059 5766 
3143309936424 3143309690964 5506 
3143309936424 3143305305063 4596 
3143309936424 3143307781067 5711 
3143309936424 3143309132481 6125 
3143309936424 3143307831331 6342 
3143309936424 3143300659134 8015 
3143309936424 3143303180158 7402 
3143309936424 3143307821506 6944 
3143309936424 3143302150107 8396 
3143309936424 3143309775978 6944 
3143309936424 3143302219107 7528 
3143309936424 3143302219352 5083 
3143309936424 3143302219115 3907 
3143309936424 3143303180182 3271 
3143309936424 3143302150042 4078 
3143309936424 3143302219085 4062 
3143309936424 3143309812032 7515 
3143309936424 3143302149915 7961 
3143309936424 3143307299079 3089 
3143309936424 3143302150018 5530 
3143309936424 3143302218984 5887 
3143309936424 3143306065295 7847 
3143309936424 3143302219069 4993 
3143309936424 3143306629296 6003 
3143309936424 3143302149923 6900 
3143309936424 3143306065341 7542 
3143309936424 3143306329705 8307 
3143309936424 3143306297943 16371 
3143309936424 3143307780621 7904 
3143309936424 3143302219301 7779 
3143309936424 3143303180166 6944 
3143309936424 3143305302803 3254 
3143309936424 3143302149893 5305 
3143309936424 3143302150026 762 
3143309936424 3143300550108 7439 
3143309936424 3143303413578 34607 
3143309936424 3143306329632 7593 
3143309936424 3143305212588 7277 
3143309936424 3143309812083 6597 
3143309936424 3143306023282 3927 
3143309936424 3143302218968 7974 
3143309936424 3143309772227 6125 
3143309936424 3143302203480 3956 
3143309936424 3143302219336 1118 
3143309936424 3143302150085 3089 
3143309936424 3143300211826 5691 
3143309936424 3143302149931 3933 
3143309936424 3143302219093 8706 
3143309936424 3143309352511 6784 
3143309936424 3143309251553 2424 
3143309936424 3143305998220 1855 
3143309936424 3143309854304 1609 
3143309936424 3143309690905 779 
3143309936424 3143307608756 6914 
3143309936424 3143306409911 7439 
3143309936424 3143307780907 5600 
3143309936424 3143309936424 0 
3143309936424 3143309812075 6929 
3143309936424 3143306301304 6597 
3143309936424 3143303688100 7832 
3143309936424 3143303180115 4703 
3143309936424 3143305302854 4182 
3143309936424 3143302219212 5012 
3143309936424 3143302149958 5284 
3143309936424 3143307282923 4201 
3143309936424 3143307951345 8504 
3143309936424 3143302219077 1518 
3143309936424 3143302219344 4993 
3143309936424 3143307607660 8396 
3143309936424 3143302150069 5516 
3143309936424 3143307809131 9294 
3143309936424 3143300186252 6289 
3143309936424 3143304701852 6458 
3143309936424 3143307836619 7515 
3143309936424 3143305212545 2650 
3143309936424 3143302150077 6914 
3143309936424 3143302150034 4023 
3143309936424 3143302219409 68557 
3143309936424 3143305212529 18605 
3143309936424 3143302219379 51109 
3143309936424 CLU_6416 18605 
3143309812075 3143309772235 2094 
3143309812075 3143309772251 2238 
3143309812075 3143309812059 1944 
3143309812075 3143309690964 2559 
3143309812075 3143305305063 2602 
3143309812075 3143307781067 2522 
3143309812075 3143309132481 2247 
3143309812075 3143307831331 2196 
3143309812075 3143300659134 1095 
3143309812075 3143303180158 1657 
3143309812075 3143307821506 2153 
3143309812075 3143302150107 3673 
3143309812075 3143309775978 2153 
3143309812075 3143302219107 5638 
3143309812075 3143302219352 3117 
3143309812075 3143302219115 3247 
3143309812075 3143303180182 3989 
3143309812075 3143302150042 3770 
3143309812075 3143302219085 4379 
3143309812075 3143309812032 2121 
3143309812075 3143302149915 3513 
3143309812075 3143307299079 5702 
3143309812075 3143302150018 5889 
3143309812075 3143302218984 4522 
3143309812075 3143306065295 4333 
3143309812075 3143302219069 6540 
3143309812075 3143306629296 5657 
3143309812075 3143302149923 5077 
3143309812075 3143306065341 6033 
3143309812075 3143306329705 4793 
3143309812075 3143306297943 11198 
3143309812075 3143307780621 1924 
3143309812075 3143302219301 2268 
3143309812075 3143303180166 2153 
3143309812075 3143305302803 3809 
3143309812075 3143302149893 3768 
3143309812075 3143302150026 6411 
3143309812075 3143300550108 5723 
3143309812075 3143303413578 29683 
3143309812075 3143306329632 6556 
3143309812075 3143305212588 13641 
3143309812075 3143309812083 1080 
3143309812075 3143306023282 3049 
3143309812075 3143302218968 3175 
3143309812075 3143309772227 2247 
3143309812075 3143302203480 3929 
3143309812075 3143302219336 6184 
3143309812075 3143302150085 5702 
3143309812075 3143300211826 7380 
3143309812075 3143302149931 4977 
3143309812075 3143302219093 2065 
3143309812075 3143309352511 3477 
3143309812075 3143309251553 4584 
3143309812075 3143305998220 5079 
3143309812075 3143309854304 5851 
3143309812075 3143309690905 6183 
3143309812075 3143307608756 6544 
3143309812075 3143306409911 5723 
3143309812075 3143307780907 5985 
3143309812075 3143309936424 6929 
3143309812075 3143309812075 0 
3143309812075 3143306301304 1080 
3143309812075 3143303688100 914 
3143309812075 3143303180115 2238 
3143309812075 3143305302854 3236 
3143309812075 3143302219212 2623 
3143309812075 3143302149958 3291 
3143309812075 3143307282923 3149 
3143309812075 3143307951345 3138 
3143309812075 3143302219077 5457 
3143309812075 3143302219344 6540 
3143309812075 3143307607660 3673 
3143309812075 3143302150069 4984 
3143309812075 3143307809131 4728 
3143309812075 3143300186252 7384 
3143309812075 3143304701852 503 
3143309812075 3143307836619 2121 
3143309812075 3143305212545 7325 
3143309812075 3143302150077 6544 
3143309812075 3143302150034 6029 
3143309812075 3143302219409 67131 
3143309812075 3143305212529 15069 
3143309812075 3143302219379 48608 
3143309812075 CLU_6416 15069 
3143306301304 3143309772235 2334 
3143306301304 3143309772251 1993 
3143306301304 3143309812059 2583 
3143306301304 3143309690964 3165 
3143306301304 3143305305063 2021 
3143306301304 3143307781067 1516 
3143306301304 3143309132481 1186 
3143306301304 3143307831331 1118 
3143306301304 3143300659134 1714 
3143306301304 3143303180158 2723 
3143306301304 3143307821506 3130 
3143306301304 3143302150107 4735 
3143306301304 3143309775978 3130 
3143306301304 3143302219107 6508 
3143306301304 3143302219352 3634 
3143306301304 3143302219115 3306 
3143306301304 3143303180182 3433 
3143306301304 3143302150042 3002 
3143306301304 3143302219085 3541 
3143306301304 3143309812032 1303 
3143306301304 3143302149915 2583 
3143306301304 3143307299079 4948 
3143306301304 3143302150018 4870 
3143306301304 3143302218984 3465 
3143306301304 3143306065295 3317 
3143306301304 3143302219069 7003 
3143306301304 3143306629296 4605 
3143306301304 3143302149923 3997 
3143306301304 3143306065341 4955 
3143306301304 3143306329705 3800 
3143306301304 3143306297943 10695 
3143306301304 3143307780621 3004 
3143306301304 3143302219301 3340 
3143306301304 3143303180166 3130 
3143306301304 3143305302803 3353 
3143306301304 3143302149893 2765 
3143306301304 3143302150026 6174 
3143306301304 3143300550108 4646 
3143306301304 3143303413578 29208 
3143306301304 3143306329632 7374 
3143306301304 3143305212588 12991 
3143306301304 3143309812083 0 
3143306301304 3143306023282 2966 
3143306301304 3143302218968 4227 
3143306301304 3143309772227 1186 
3143306301304 3143302203480 4189 
3143306301304 3143302219336 5997 
3143306301304 3143302150085 4948 
3143306301304 3143300211826 7889 
3143306301304 3143302149931 5301 
3143306301304 3143302219093 3029 
3143306301304 3143309352511 2404 
3143306301304 3143309251553 4410 
3143306301304 3143305998220 4751 
3143306301304 3143309854304 5340 
3143306301304 3143309690905 5824 
3143306301304 3143307608756 5471 
3143306301304 3143306409911 4646 
3143306301304 3143307780907 6569 
3143306301304 3143309936424 6597 
3143306301304 3143309812075 1080 
3143306301304 3143306301304 0 
3143306301304 3143303688100 1744 
3143306301304 3143303180115 1993 
3143306301304 3143305302854 2569 
3143306301304 3143302219212 1811 
3143306301304 3143302149958 3875 
3143306301304 3143307282923 3336 
3143306301304 3143307951345 2439 
3143306301304 3143302219077 5211 
3143306301304 3143302219344 7003 
3143306301304 3143307607660 4735 
3143306301304 3143302150069 3954 
3143306301304 3143307809131 3911 
3143306301304 3143300186252 7975 
3143306301304 3143304701852 832 
3143306301304 3143307836619 1303 
3143306301304 3143305212545 7384 
3143306301304 3143302150077 5471 
3143306301304 3143302150034 5150 
3143306301304 3143302219409 68182 
3143306301304 3143305212529 16149 
3143306301304 3143302219379 49685 
3143306301304 CLU_6416 16149 
3143303688100 3143309772235 2919 
3143303688100 3143309772251 3150 
3143303688100 3143309812059 2568 
3143303688100 3143309690964 3157 
3143303688100 3143305305063 3502 
3143303688100 3143307781067 3260 
3143303688100 3143309132481 2916 
3143303688100 3143307831331 2813 
3143303688100 3143300659134 360 
3143303688100 3143303180158 1600 
3143303688100 3143307821506 2323 
3143303688100 3143302150107 3472 
3143303688100 3143309775978 2323 
3143303688100 3143302219107 5829 
3143303688100 3143302219352 3749 
3143303688100 3143302219115 4092 
3143303688100 3143303180182 4899 
3143303688100 3143302150042 4642 
3143303688100 3143302219085 5229 
3143303688100 3143309812032 2337 
3143303688100 3143302149915 3722 
3143303688100 3143307299079 6583 
3143303688100 3143302150018 6610 
3143303688100 3143302218984 5181 
3143303688100 3143306065295 4649 
3143303688100 3143302219069 7128 
3143303688100 3143306629296 6324 
3143303688100 3143302149923 5609 
3143303688100 3143306065341 6523 
3143303688100 3143306329705 5053 
3143303688100 3143306297943 10800 
3143303688100 3143307780621 1612 
3143303688100 3143302219301 2085 
3143303688100 3143303180166 2323 
3143303688100 3143305302803 4723 
3143303688100 3143302149893 4510 
3143303688100 3143302150026 7300 
3143303688100 3143300550108 6210 
3143303688100 3143303413578 29221 
3143303688100 3143306329632 6804 
3143303688100 3143305212588 14549 
3143303688100 3143309812083 1744 
3143303688100 3143306023282 3932 
3143303688100 3143302218968 3039 
3143303688100 3143309772227 2916 
3143303688100 3143302203480 4681 
3143303688100 3143302219336 7063 
3143303688100 3143302150085 6583 
3143303688100 3143300211826 7922 
3143303688100 3143302149931 5676 
3143303688100 3143302219093 1297 
3143303688100 3143309352511 3972 
3143303688100 3143309251553 5469 
3143303688100 3143305998220 5985 
3143303688100 3143309854304 6765 
3143303688100 3143309690905 7090 
3143303688100 3143307608756 7142 
3143303688100 3143306409911 6210 
3143303688100 3143307780907 6485 
3143303688100 3143309936424 7832 
3143303688100 3143309812075 914 
3143303688100 3143306301304 1744 
3143303688100 3143303688100 0 
3143303688100 3143303180115 3150 
3143303688100 3143305302854 4128 
3143303688100 3143302219212 3471 
3143303688100 3143302149958 3867 
3143303688100 3143307282923 3952 
3143303688100 3143307951345 3116 
3143303688100 3143302219077 6351 
3143303688100 3143302219344 7128 
3143303688100 3143307607660 3472 
3143303688100 3143302150069 5691 
3143303688100 3143307809131 4745 
3143303688100 3143300186252 7859 
3143303688100 3143304701852 1412 
3143303688100 3143307836619 2337 
3143303688100 3143305212545 8123 
3143303688100 3143302150077 7142 
3143303688100 3143302150034 6865 
3143303688100 3143302219409 66844 
3143303688100 3143305212529 14641 
3143303688100 3143302219379 48200 
3143303688100 CLU_6416 14641 
3143303180115 3143309772235 975 
3143303180115 3143309772251 0 
3143303180115 3143309812059 1831 
3143303180115 3143309690964 2112 
3143303180115 3143305305063 769 
3143303180115 3143307781067 1902 
3143303180115 3143309132481 2077 
3143303180115 3143307831331 2239 
3143303180115 3143300659134 3314 
3143303180115 3143303180158 3109 
3143303180115 3143307821506 3004 
3143303180115 3143302150107 4771 
3143303180115 3143309775978 3004 
3143303180115 3143302219107 5603 
3143303180115 3143302219352 2293 
3143303180115 3143302219115 1398 
3143303180115 3143303180182 1840 
3143303180115 3143302150042 1962 
3143303180115 3143302219085 2638 
3143303180115 3143309812032 3160 
3143303180115 3143302149915 4122 
3143303180115 3143307299079 3704 
3143303180115 3143302150018 4604 
3143303180115 3143302218984 3624 
3143303180115 3143306065295 4524 
3143303180115 3143302219069 5319 
3143303180115 3143306629296 4591 
3143303180115 3143302149923 4536 
3143303180115 3143306065341 5512 
3143303180115 3143306329705 5052 
3143303180115 3143306297943 12549 
3143303180115 3143307780621 3583 
3143303180115 3143302219301 3654 
3143303180115 3143303180166 3004 
3143303180115 3143305302803 1595 
3143303180115 3143302149893 2676 
3143303180115 3143302150026 4221 
3143303180115 3143300550108 5246 
3143303180115 3143303413578 31048 
3143303180115 3143306329632 6291 
3143303180115 3143305212588 11459 
3143303180115 3143309812083 1993 
3143303180115 3143306023282 989 
3143303180115 3143302218968 4248 
3143303180115 3143309772227 2077 
3143303180115 3143302203480 2403 
3143303180115 3143302219336 4023 
3143303180115 3143302150085 3704 
3143303180115 3143300211826 6241 
3143303180115 3143302149931 3519 
3143303180115 3143302219093 4158 
3143303180115 3143309352511 3362 
3143303180115 3143309251553 2426 
3143303180115 3143305998220 2848 
3143303180115 3143309854304 3631 
3143303180115 3143309690905 3949 
3143303180115 3143307608756 5639 
3143303180115 3143306409911 5246 
3143303180115 3143307780907 5069 
3143303180115 3143309936424 4703 
3143303180115 3143309812075 2238 
3143303180115 3143306301304 1993 
3143303180115 3143303688100 3150 
3143303180115 3143303180115 0 
3143303180115 3143305302854 1338 
3143303180115 3143302219212 1317 
3143303180115 3143302149958 2609 
3143303180115 3143307282923 1555 
3143303180115 3143307951345 4288 
3143303180115 3143302219077 3259 
3143303180115 3143302219344 5319 
3143303180115 3143307607660 4771 
3143303180115 3143302150069 3834 
3143303180115 3143307809131 5548 
3143303180115 3143300186252 6439 
3143303180115 3143304701852 1757 
3143303180115 3143307836619 3160 
3143303180115 3143305212545 5404 
3143303180115 3143302150077 5639 
3143303180115 3143302150034 4254 
3143303180115 3143302219409 67702 
3143303180115 3143305212529 16135 
3143303180115 3143302219379 49499 
3143303180115 CLU_6416 16135 
3143305302854 3143309772235 2290 
3143305302854 3143309772251 1338 
3143305302854 3143309812059 3167 
3143305302854 3143309690964 3402 
3143305302854 3143305305063 651 
3143305302854 3143307781067 1538 
3143305302854 3143309132481 1943 
3143305302854 3143307831331 2159 
3143305302854 3143300659134 4204 
3143305302854 3143303180158 4384 
3143305302854 3143307821506 4336 
3143305302854 3143302150107 6106 
3143305302854 3143309775978 4336 
3143305302854 3143302219107 6820 
3143305302854 3143302219352 3477 
3143305302854 3143302219115 2204 
3143305302854 3143303180182 912 
3143305302854 3143302150042 624 
3143305302854 3143302219085 1300 
3143305302854 3143309812032 3339 
3143305302854 3143302149915 3860 
3143305302854 3143307299079 2470 
3143305302854 3143302150018 3318 
3143305302854 3143302218984 2549 
3143305302854 3143306065295 3961 
3143305302854 3143302219069 6076 
3143305302854 3143306629296 3378 
3143305302854 3143302149923 3565 
3143305302854 3143306065341 4491 
3143305302854 3143306329705 4475 
3143305302854 3143306297943 12367 
3143305302854 3143307780621 4836 
3143305302854 3143302219301 4954 
3143305302854 3143303180166 4336 
3143305302854 3143305302803 1008 
3143305302854 3143302149893 1623 
3143305302854 3143302150026 3896 
3143305302854 3143300550108 4260 
3143305302854 3143303413578 30777 
3143305302854 3143306329632 7431 
3143305302854 3143305212588 10439 
3143305302854 3143309812083 2569 
3143305302854 3143306023282 1715 
3143305302854 3143302218968 5582 
3143305302854 3143309772227 1943 
3143305302854 3143302203480 3231 
3143305302854 3143302219336 3805 
3143305302854 3143302150085 2470 
3143305302854 3143300211826 7008 
3143305302854 3143302149931 4248 
3143305302854 3143302219093 5279 
3143305302854 3143309352511 2797 
3143305302854 3143309251553 2414 
3143305302854 3143305998220 2431 
3143305302854 3143309854304 2798 
3143305302854 3143309690905 3403 
3143305302854 3143307608756 4450 
3143305302854 3143306409911 4260 
3143305302854 3143307780907 6004 
3143305302854 3143309936424 4182 
3143305302854 3143309812075 3236 
3143305302854 3143306301304 2569 
3143305302854 3143303688100 4128 
3143305302854 3143303180115 1338 
3143305302854 3143305302854 0 
3143305302854 3143302219212 832 
3143305302854 3143302149958 3802 
3143305302854 3143307282923 2523 
3143305302854 3143307951345 4327 
3143305302854 3143302219077 2982 
3143305302854 3143302219344 6076 
3143305302854 3143307607660 6106 
3143305302854 3143302150069 2622 
3143305302854 3143307809131 5256 
3143305302854 3143300186252 7306 
3143305302854 3143304701852 2735 
3143305302854 3143307836619 3339 
3143305302854 3143305212545 5537 
3143305302854 3143302150077 4450 
3143305302854 3143302150034 2927 
3143305302854 3143302219409 68943 
3143305302854 3143305212529 17467 
3143305302854 3143302219379 50803 
3143305302854 CLU_6416 17467 
3143302219212 3143309772235 2260 
3143302219212 3143309772251 1317 
3143302219212 3143309812059 3025 
3143302219212 3143309690964 3396 
3143302219212 3143305305063 636 
3143302219212 3143307781067 744 
3143302219212 3143309132481 1117 
3143302219212 3143307831331 1332 
3143302219212 3143300659134 3502 
3143302219212 3143303180158 3973 
3143302219212 3143307821506 4068 
3143302219212 3143302150107 5834 
3143302219212 3143309775978 4068 
3143302219212 3143302219107 6907 
3143302219212 3143302219352 3610 
3143302219212 3143302219115 2582 
3143302219212 3143303180182 1745 
3143302219212 3143302150042 1190 
3143302219212 3143302219085 1759 
3143302219212 3143309812032 2507 
3143302219212 3143302149915 3099 
3143302219212 3143307299079 3137 
3143302219212 3143302150018 3430 
3143302219212 3143302218984 2321 
3143302219212 3143306065295 3323 
3143302219212 3143302219069 6539 
3143302219212 3143306629296 3339 
3143302219212 3143302149923 3218 
3143302219212 3143306065341 4195 
3143302219212 3143306329705 3849 
3143302219212 3143306297943 11614 
3143302219212 3143307780621 4384 
3143302219212 3143302219301 4576 
3143302219212 3143303180166 4068 
3143302219212 3143305302803 1797 
3143302219212 3143302149893 1386 
3143302219212 3143302150026 4705 
3143302219212 3143300550108 3929 
3143302219212 3143303413578 30059 
3143302219212 3143306329632 7608 
3143302219212 3143305212588 11182 
3143302219212 3143309812083 1811 
3143302219212 3143306023282 2097 
3143302219212 3143302218968 5305 
3143302219212 3143309772227 1117 
3143302219212 3143302203480 3628 
3143302219212 3143302219336 4596 
3143302219212 3143302150085 3137 
3143302219212 3143300211826 7469 
3143302219212 3143302149931 4714 
3143302219212 3143302219093 4689 
3143302219212 3143309352511 2144 
3143302219212 3143309251553 3132 
3143302219212 3143305998220 3240 
3143302219212 3143309854304 3622 
3143302219212 3143309690905 4233 
3143302219212 3143307608756 4361 
3143302219212 3143306409911 3929 
3143302219212 3143307780907 6354 
3143302219212 3143309936424 5012 
3143302219212 3143309812075 2623 
3143302219212 3143306301304 1811 
3143302219212 3143303688100 3471 
3143302219212 3143303180115 1317 
3143302219212 3143305302854 832 
3143302219212 3143302219212 0 
3143302219212 3143302149958 3925 
3143302219212 3143307282923 2819 
3143302219212 3143307951345 3507 
3143302219212 3143302219077 3775 
3143302219212 3143302219344 6539 
3143302219212 3143307607660 5834 
3143302219212 3143302150069 2593 
3143302219212 3143307809131 4516 
3143302219212 3143300186252 7706 
3143302219212 3143304701852 2142 
3143302219212 3143307836619 2507 
3143302219212 3143305212545 6257 
3143302219212 3143302150077 4361 
3143302219212 3143302150034 3406 
3143302219212 3143302219409 68979 
3143302219212 3143305212529 17282 
3143302219212 3143302219379 50712 
3143302219212 CLU_6416 17282 
3143302149958 3143309772235 1694 
3143302149958 3143309772251 2609 
3143302149958 3143309812059 1347 
3143302149958 3143309690964 732 
3143302149958 3143305305063 3359 
3143302149958 3143307781067 4443 
3143302149958 3143309132481 4505 
3143302149958 3143307831331 4611 
3143302149958 3143300659134 4199 
3143302149958 3143303180158 2641 
3143302149958 3143307821506 1933 
3143302149958 3143302150107 3118 
3143302149958 3143309775978 1933 
3143302149958 3143302219107 3018 
3143302149958 3143302219352 324 
3143302149958 3143302219115 1774 
3143302149958 3143303180182 3851 
3143302149958 3143302150042 4390 
3143302149958 3143302219085 5034 
3143302149958 3143309812032 5175 
3143302149958 3143302149915 6412 
3143302149958 3143307299079 5710 
3143302149958 3143302150018 7118 
3143302149958 3143302218984 6231 
3143302149958 3143306065295 6987 
3143302149958 3143302219069 3264 
3143302149958 3143306629296 7165 
3143302149958 3143302149923 7140 
3143302149958 3143306065341 8120 
3143302149958 3143306329705 7507 
3143302149958 3143306297943 14479 
3143302149958 3143307780621 3079 
3143302149958 3143302219301 2770 
3143302149958 3143303180166 1933 
3143302149958 3143305302803 3453 
3143302149958 3143302149893 5281 
3143302149958 3143302150026 4563 
3143302149958 3143300550108 7851 
3143302149958 3143303413578 32973 
3143302149958 3143306329632 3683 
3143302149958 3143305212588 12549 
3143302149958 3143309812083 3875 
3143302149958 3143306023282 2167 
3143302149958 3143302218968 2727 
3143302149958 3143309772227 4505 
3143302149958 3143302203480 1331 
3143302149958 3143302219336 4230 
3143302149958 3143302150085 5710 
3143302149958 3143300211826 4088 
3143302149958 3143302149931 1936 
3143302149958 3143302219093 4119 
3143302149958 3143309352511 5872 
3143302149958 3143309251553 3016 
3143302149958 3143305998220 3814 
3143302149958 3143309854304 4970 
3143302149958 3143309690905 4744 
3143302149958 3143307608756 8226 
3143302149958 3143306409911 7851 
3143302149958 3143307780907 2706 
3143302149958 3143309936424 5284 
3143302149958 3143309812075 3291 
3143302149958 3143306301304 3875 
3143302149958 3143303688100 3867 
3143302149958 3143303180115 2609 
3143302149958 3143305302854 3802 
3143302149958 3143302219212 3925 
3143302149958 3143302149958 0 
3143302149958 3143307282923 1384 
3143302149958 3143307951345 6298 
3143302149958 3143302219077 3835 
3143302149958 3143302219344 3264 
3143302149958 3143307607660 3118 
3143302149958 3143302150069 6406 
3143302149958 3143307809131 7780 
3143302149958 3143300186252 4112 
3143302149958 3143304701852 3130 
3143302149958 3143307836619 5175 
3143302149958 3143305212545 4603 
3143302149958 3143302150077 8226 
3143302149958 3143302150034 6488 
3143302149958 3143302219409 65141 
3143302149958 3143305212529 13864 
3143302149958 3143302219379 47053 
3143302149958 CLU_6416 13864 
3143307282923 3143309772235 1057 
3143307282923 3143309772251 1555 
3143307282923 3143309812059 1581 
3143307282923 3143309690964 1330 
3143307282923 3143305305063 2197 
3143307282923 3143307781067 3454 
3143307282923 3143309132481 3627 
3143307282923 3143307831331 3779 
3143307282923 3143300659134 4219 
3143307282923 3143303180158 3224 
3143307282923 3143307821506 2745 
3143307282923 3143302150107 4292 
3143307282923 3143309775978 2745 
3143307282923 3143302219107 4354 
3143307282923 3143302219352 1078 
3143307282923 3143302219115 390 
3143307282923 3143303180182 2473 
3143307282923 3143302150042 3076 
3143307282923 3143302219085 3696 
3143307282923 3143309812032 4601 
3143307282923 3143302149915 5658 
3143307282923 3143307299079 4326 
3143307282923 3143302150018 5806 
3143307282923 3143302218984 5040 
3143307282923 3143306065295 6079 
3143307282923 3143302219069 3766 
3143307282923 3143306629296 5900 
3143307282923 3143302149923 6010 
3143307282923 3143306065341 6969 
3143307282923 3143306329705 6607 
3143307282923 3143306297943 14018 
3143307282923 3143307780621 3724 
3143307282923 3143302219301 3578 
3143307282923 3143303180166 2745 
3143307282923 3143305302803 2072 
3143307282923 3143302149893 4092 
3143307282923 3143302150026 3546 
3143307282923 3143300550108 6718 
3143307282923 3143303413578 32529 
3143307282923 3143306329632 4913 
3143307282923 3143305212588 11378 
3143307282923 3143309812083 3336 
3143307282923 3143306023282 817 
3143307282923 3143302218968 3830 
3143307282923 3143309772227 3627 
3143307282923 3143302203480 862 
3143307282923 3143302219336 3254 
3143307282923 3143302150085 4326 
3143307282923 3143300211826 4686 
3143307282923 3143302149931 1984 
3143307282923 3143302219093 4603 
3143307282923 3143309352511 4914 
3143307282923 3143309251553 1796 
3143307282923 3143305998220 2546 
3143307282923 3143309854304 3657 
3143307282923 3143309690905 3568 
3143307282923 3143307608756 6974 
3143307282923 3143306409911 6718 
3143307282923 3143307780907 3535 
3143307282923 3143309936424 4201 
3143307282923 3143309812075 3149 
3143307282923 3143306301304 3336 
3143307282923 3143303688100 3952 
3143307282923 3143303180115 1555 
3143307282923 3143305302854 2523 
3143307282923 3143302219212 2819 
3143307282923 3143302149958 1384 
3143307282923 3143307282923 0 
3143307282923 3143307951345 5744 
3143307282923 3143302219077 2689 
3143307282923 3143302219344 3766 
3143307282923 3143307607660 4292 
3143307282923 3143302150069 5145 
3143307282923 3143307809131 7078 
3143307282923 3143300186252 4891 
3143307282923 3143304701852 2798 
3143307282923 3143307836619 4601 
3143307282923 3143305212545 4177 
3143307282923 3143302150077 6974 
3143307282923 3143302150034 5109 
3143307282923 3143302219409 66460 
3143307282923 3143305212529 15248 
3143307282923 3143302219379 48423 
3143307282923 CLU_6416 15248 
3143307951345 3143309772235 4769 
3143307951345 3143309772251 4288 
3143307951345 3143309812059 4977 
3143307951345 3143309690964 5577 
3143307951345 3143305305063 4019 
3143307951345 3143307781067 2793 
3143307951345 3143309132481 2390 
3143307951345 3143307831331 2177 
3143307951345 3143300659134 2802 
3143307951345 3143303180158 4653 
3143307951345 3143307821506 5268 
3143307951345 3143302150107 6588 
3143307951345 3143309775978 5268 
3143307951345 3143302219107 8775 
3143307951345 3143302219352 6067 
3143307951345 3143302219115 5671 
3143307951345 3143303180182 5233 
3143307951345 3143302150042 4475 
3143307951345 3143302219085 4733 
3143307951345 3143309812032 1144 
3143307951345 3143302149915 990 
3143307951345 3143307299079 6181 
3143307951345 3143302150018 5055 
3143307951345 3143302218984 3584 
3143307951345 3143306065295 1964 
3143307951345 3143302219069 9441 
3143307951345 3143306629296 4555 
3143307951345 3143302149923 3415 
3143307951345 3143306065341 4082 
3143307951345 3143306329705 2181 
3143307951345 3143306297943 8273 
3143307951345 3143307780621 4728 
3143307951345 3143302219301 5190 
3143307951345 3143303180166 5268 
3143307951345 3143305302803 5304 
3143307951345 3143302149893 3502 
3143307951345 3143302150026 8213 
3143307951345 3143300550108 3787 
3143307951345 3143303413578 26784 
3143307951345 3143306329632 9693 
3143307951345 3143305212588 14145 
3143307951345 3143309812083 2439 
3143307951345 3143306023282 5275 
3143307951345 3143302218968 6144 
3143307951345 3143309772227 2390 
3143307951345 3143302203480 6604 
3143307951345 3143302219336 8095 
3143307951345 3143302150085 6181 
3143307951345 3143300211826 10328 
3143307951345 3143302149931 7723 
3143307951345 3143302219093 4189 
3143307951345 3143309352511 2092 
3143307951345 3143309251553 6581 
3143307951345 3143305998220 6748 
3143307951345 3143309854304 7043 
3143307951345 3143309690905 7727 
3143307951345 3143307608756 5004 
3143307951345 3143306409911 3787 
3143307951345 3143307780907 9000 
3143307951345 3143309936424 8504 
3143307951345 3143309812075 3138 
3143307951345 3143306301304 2439 
3143307951345 3143303688100 3116 
3143307951345 3143303180115 4288 
3143307951345 3143305302854 4327 
3143307951345 3143302219212 3507 
3143307951345 3143302149958 6298 
3143307951345 3143307282923 5744 
3143307951345 3143307951345 0 
3143307951345 3143302219077 7277 
3143307951345 3143302219344 9441 
3143307951345 3143307607660 6588 
3143307951345 3143302150069 4218 
3143307951345 3143307809131 1629 
3143307951345 3143300186252 10407 
3143307951345 3143304701852 3175 
3143307951345 3143307836619 1144 
3143307951345 3143305212545 9666 
3143307951345 3143302150077 5004 
3143307951345 3143302150034 5986 
3143307951345 3143302219409 69907 
3143307951345 3143305212529 17611 
3143307951345 3143302219379 51156 
3143307951345 CLU_6416 17611 
3143302219077 3143309772235 3515 
3143302219077 3143309772251 3259 
3143302219077 3143309812059 4248 
3143302219077 3143309690964 4004 
3143302219077 3143305305063 3272 
3143302219077 3143307781067 4510 
3143302219077 3143309132481 4888 
3143302219077 3143307831331 5099 
3143302219077 3143300659134 6550 
3143302219077 3143303180158 5883 
3143302219077 3143307821506 5434 
3143302219077 3143302150107 6924 
3143302219077 3143309775978 5434 
3143302219077 3143302219107 6311 
3143302219077 3143302219352 3611 
3143302219077 3143302219115 2388 
3143302219077 3143303180182 2137 
3143302219077 3143302150042 3060 
3143302219077 3143302219085 3271 
3143302219077 3143309812032 6228 
3143302219077 3143302149915 6842 
3143302219077 3143307299079 2854 
3143302219077 3143302150018 5146 
3143302219077 3143302218984 5116 
3143302219077 3143306065295 6878 
3143302219077 3143302219069 4221 
3143302219077 3143306629296 5505 
3143302219077 3143302149923 6172 
3143302219077 3143306065341 6950 
3143302219077 3143306329705 7373 
3143302219077 3143306297943 15343 
3143302219077 3143307780621 6386 
3143302219077 3143302219301 6265 
3143302219077 3143303180166 5434 
3143302219077 3143305302803 1979 
3143302219077 3143302149893 4369 
3143302219077 3143302150026 963 
3143302219077 3143300550108 6792 
3143302219077 3143303413578 33717 
3143302219077 3143306329632 6521 
3143302219077 3143305212588 8720 
3143302219077 3143309812083 5211 
3143302219077 3143306023282 2425 
3143302219077 3143302218968 6488 
3143302219077 3143309772227 4888 
3143302219077 3143302203480 2530 
3143302219077 3143302219336 823 
3143302219077 3143302150085 2854 
3143302219077 3143300211826 5059 
3143302219077 3143302149931 2769 
3143302219077 3143302219093 7194 
3143302219077 3143309352511 5744 
3143302219077 3143309251553 906 
3143302219077 3143305998220 582 
3143302219077 3143309854304 1454 
3143302219077 3143309690905 910 
3143302219077 3143307608756 6525 
3143302219077 3143306409911 6792 
3143302219077 3143307780907 4614 
3143302219077 3143309936424 1518 
3143302219077 3143309812075 5457 
3143302219077 3143306301304 5211 
3143302219077 3143303688100 6351 
3143302219077 3143303180115 3259 
3143302219077 3143305302854 2982 
3143302219077 3143302219212 3775 
3143302219077 3143302149958 3835 
3143302219077 3143307282923 2689 
3143302219077 3143307951345 7277 
3143302219077 3143302219077 0 
3143302219077 3143302219344 4221 
3143302219077 3143307607660 6924 
3143302219077 3143302150069 4885 
3143302219077 3143307809131 8231 
3143302219077 3143300186252 5563 
3143302219077 3143304701852 4999 
3143302219077 3143307836619 6228 
3143302219077 3143305212545 2698 
3143302219077 3143302150077 6525 
3143302219077 3143302150034 3852 
3143302219077 3143302219409 67874 
3143302219077 3143305212529 17418 
3143302219077 3143302219379 50202 
3143302219077 CLU_6416 17418 
3143302219344 3143309772235 4674 
3143302219344 3143309772251 5319 
3143302219344 3143309812059 4600 
3143302219344 3143309690964 3988 
3143302219344 3143305305063 5904 
3143302219344 3143307781067 7208 
3143302219344 3143309132481 7393 
3143302219344 3143307831331 7544 
3143302219344 3143300659134 7463 
3143302219344 3143303180158 5797 
3143302219344 3143307821506 5024 
3143302219344 3143302150107 5471 
3143302219344 3143309775978 5024 
3143302219344 3143302219107 3209 
3143302219344 3143302219352 3424 
3143302219344 3143302219115 3958 
3143302219344 3143303180182 5646 
3143302219344 3143302150042 6501 
3143302219344 3143302219085 6989 
3143302219344 3143309812032 8300 
3143302219344 3143302149915 9418 
3143302219344 3143307299079 7009 
3143302219344 3143302150018 9080 
3143302219344 3143302218984 8618 
3143302219344 3143306065295 9837 
3143302219344 3143302219069 0 
3143302219344 3143306629296 9312 
3143302219344 3143302149923 9641 
3143302219344 3143306065341 10559 
3143302219344 3143306329705 10366 
3143302219344 3143306297943 17687 
3143302219344 3143307780621 6167 
3143302219344 3143302219301 5757 
3143302219344 3143303180166 5024 
3143302219344 3143305302803 5274 
3143302219344 3143302149893 7700 
3143302219344 3143302150026 4282 
3143302219344 3143300550108 10335 
3143302219344 3143303413578 36196 
3143302219344 3143306329632 2842 
3143302219344 3143305212588 11821 
3143302219344 3143309812083 7003 
3143302219344 3143306023282 4442 
3143302219344 3143302218968 5321 
3143302219344 3143309772227 7393 
3143302219344 3143302203480 2919 
3143302219344 3143302219336 3956 
3143302219344 3143302150085 7009 
3143302219344 3143300211826 932 
3143302219344 3143302149931 1831 
3143302219344 3143302219093 7251 
3143302219344 3143309352511 8666 
3143302219344 3143309251553 4000 
3143302219344 3143305998220 4625 
3143302219344 3143309854304 5674 
3143302219344 3143309690905 4917 
3143302219344 3143307608756 10386 
3143302219344 3143306409911 10335 
3143302219344 3143307780907 976 
3143302219344 3143309936424 4993 
3143302219344 3143309812075 6540 
3143302219344 3143306301304 7003 
3143302219344 3143303688100 7128 
3143302219344 3143303180115 5319 
3143302219344 3143305302854 6076 
3143302219344 3143302219212 6539 
3143302219344 3143302149958 3264 
3143302219344 3143307282923 3766 
3143302219344 3143307951345 9441 
3143302219344 3143302219077 4221 
3143302219344 3143302219344 0 
3143302219344 3143307607660 5471 
3143302219344 3143302150069 8594 
3143302219344 3143307809131 10832 
3143302219344 3143300186252 1341 
3143302219344 3143304701852 6329 
3143302219344 3143307836619 8300 
3143302219344 3143305212545 2778 
3143302219344 3143302150077 10386 
3143302219344 3143302150034 7981 
3143302219344 3143302219409 63664 
3143302219344 3143305212529 13828 
3143302219344 3143302219379 46117 
3143302219344 CLU_6416 13828 
3143307607660 3143309772235 3874 
3143307607660 3143309772251 4771 
3143307607660 3143309812059 2968 
3143307607660 3143309690964 2967 
3143307607660 3143305305063 5492 
3143307607660 3143307781067 6014 
3143307607660 3143309132481 5838 
3143307607660 3143307831331 5827 
3143307607660 3143300659134 3798 
3143307607660 3143303180158 2015 
3143307607660 3143307821506 1774 
3143307607660 3143302150107 0 
3143307607660 3143309775978 1774 
3143307607660 3143302219107 2915 
3143307607660 3143302219352 3314 
3143307607660 3143302219115 4656 
3143307607660 3143303180182 6495 
3143307607660 3143302150042 6729 
3143307607660 3143302219085 7405 
3143307607660 3143309812032 5729 
3143307607660 3143302149915 7135 
3143307607660 3143307299079 8412 
3143307607660 3143302150018 9264 
3143307607660 3143302218984 8040 
3143307607660 3143306065295 7999 
3143307607660 3143302219069 5471 
3143307607660 3143306629296 9136 
3143307607660 3143302149923 8706 
3143307607660 3143306065341 9678 
3143307607660 3143306329705 8444 
3143307607660 3143306297943 13937 
3143307607660 3143307780621 1859 
3143307607660 3143302219301 1415 
3143307607660 3143303180166 1774 
3143307607660 3143305302803 6148 
3143307607660 3143302149893 7179 
3143307607660 3143302150026 7680 
3143307607660 3143300550108 9372 
3143307607660 3143303413578 32126 
3143307607660 3143306329632 3935 
3143307607660 3143305212588 15645 
3143307607660 3143309812083 4735 
3143307607660 3143306023282 4879 
3143307607660 3143302218968 529 
3143307607660 3143309772227 5838 
3143307607660 3143302203480 4448 
3143307607660 3143302219336 7348 
3143307607660 3143302150085 8412 
3143307607660 3143300211826 5969 
3143307607660 3143302149931 4858 
3143307607660 3143302219093 2653 
3143307607660 3143309352511 7138 
3143307607660 3143309251553 6066 
3143307607660 3143305998220 6836 
3143307607660 3143309854304 7942 
3143307607660 3143309690905 7827 
3143307607660 3143307608756 10099 
3143307607660 3143306409911 9372 
3143307607660 3143307780907 4549 
3143307607660 3143309936424 8396 
3143307607660 3143309812075 3673 
3143307607660 3143306301304 4735 
3143307607660 3143303688100 3472 
3143307607660 3143303180115 4771 
3143307607660 3143305302854 6106 
3143307607660 3143302219212 5834 
3143307607660 3143302149958 3118 
3143307607660 3143307282923 4292 
3143307607660 3143307951345 6588 
3143307607660 3143302219077 6924 
3143307607660 3143302219344 5471 
3143307607660 3143307607660 0 
3143307607660 3143302150069 8410 
3143307607660 3143307809131 8217 
3143307607660 3143300186252 5640 
3143307607660 3143304701852 3948 
3143307607660 3143307836619 5729 
3143307607660 3143305212545 7539 
3143307607660 3143302150077 10099 
3143307607660 3143302150034 9024 
3143307607660 3143302219409 63458 
3143307607660 3143305212529 11465 
3143307607660 3143302219379 44966 
3143307607660 CLU_6416 11465 
3143302150069 3143309772235 4808 
3143302150069 3143309772251 3834 
3143302150069 3143309812059 5613 
3143302150069 3143309690964 5947 
3143302150069 3143305305063 3065 
3143302150069 3143307781067 2461 
3143302150069 3143309132481 2775 
3143302150069 3143307831331 2892 
3143302150069 3143300659134 5607 
3143302150069 3143303180158 6496 
3143302150069 3143307821506 6653 
3143302150069 3143302150107 8410 
3143302150069 3143309775978 6653 
3143302150069 3143302219107 9421 
3143302150069 3143302219352 6083 
3143302150069 3143302219115 4819 
3143302150069 3143303180182 2958 
3143302150069 3143302150042 2104 
3143302150069 3143302219085 1636 
3143302150069 3143309812032 3815 
3143302150069 3143302149915 3306 
3143302150069 3143307299079 2506 
3143302150069 3143302150018 921 
3143302150069 3143302218984 634 
3143302150069 3143306065295 2712 
3143302150069 3143302219069 8594 
3143302150069 3143306629296 759 
3143302150069 3143302149923 1408 
3143302150069 3143306065341 2066 
3143302150069 3143306329705 3042 
3143302150069 3143306297943 11054 
3143302150069 3143307780621 6866 
3143302150069 3143302219301 7112 
3143302150069 3143303180166 6653 
3143302150069 3143305302803 3320 
3143302150069 3143302149893 1233 
3143302150069 3143302150026 5571 
3143302150069 3143300550108 1929 
3143302150069 3143303413578 29115 
3143302150069 3143306329632 10053 
3143302150069 3143305212588 10008 
3143302150069 3143309812083 3954 
3143302150069 3143306023282 4334 
3143302150069 3143302218968 7881 
3143302150069 3143309772227 2775 
3143302150069 3143302203480 5827 
3143302150069 3143302219336 5630 
3143302150069 3143302150085 2506 
3143302150069 3143300211826 9519 
3143302150069 3143302149931 6787 
3143302150069 3143302219093 6983 
3143302150069 3143309352511 2133 
3143302150069 3143309251553 4676 
3143302150069 3143305998220 4313 
3143302150069 3143309854304 3909 
3143302150069 3143309690905 4854 
3143302150069 3143307608756 1828 
3143302150069 3143306409911 1929 
3143302150069 3143307780907 8598 
3143302150069 3143309936424 5516 
3143302150069 3143309812075 4984 
3143302150069 3143306301304 3954 
3143302150069 3143303688100 5691 
3143302150069 3143303180115 3834 
3143302150069 3143305302854 2622 
3143302150069 3143302219212 2593 
3143302150069 3143302149958 6406 
3143302150069 3143307282923 5145 
3143302150069 3143307951345 4218 
3143302150069 3143302219077 4885 
3143302150069 3143302219344 8594 
3143302150069 3143307607660 8410 
3143302150069 3143302150069 0 
3143302150069 3143307809131 4266 
3143302150069 3143300186252 9864 
3143302150069 3143304701852 4566 
3143302150069 3143307836619 3815 
3143302150069 3143305212545 7583 
3143302150069 3143302150077 1828 
3143302150069 3143302150034 1911 
3143302150069 3143302219409 71534 
3143302150069 3143305212529 19869 
3143302150069 3143302219379 53305 
3143302150069 CLU_6416 19869 
3143307809131 3143309772235 6174 
3143307809131 3143309772251 5548 
3143307809131 3143309812059 6493 
3143307809131 3143309690964 7077 
3143307809131 3143305305063 5116 
3143307809131 3143307781067 3774 
3143307809131 3143309132481 3484 
3143307809131 3143307831331 3310 
3143307809131 3143300659134 4428 
3143307809131 3143303180158 6277 
3143307809131 3143307821506 6874 
3143307809131 3143302150107 8217 
3143307809131 3143309775978 6874 
3143307809131 3143302219107 10363 
3143307809131 3143302219352 7528 
3143307809131 3143302219115 6946 
3143307809131 3143303180182 6103 
3143307809131 3143302150042 5224 
3143307809131 3143302219085 5282 
3143307809131 3143309812032 2630 
3143307809131 3143302149915 1429 
3143307809131 3143307299079 6612 
3143307809131 3143302150018 4916 
3143307809131 3143302218984 3677 
3143307809131 3143306065295 1555 
3143307809131 3143302219069 10832 
3143307809131 3143306629296 4329 
3143307809131 3143302149923 3046 
3143307809131 3143306065341 3332 
3143307809131 3143306329705 1313 
3143307809131 3143306297943 7111 
3143307809131 3143307780621 6357 
3143307809131 3143302219301 6819 
3143307809131 3143303180166 6874 
3143307809131 3143305302803 6265 
3143307809131 3143302149893 4005 
3143307809131 3143302150026 9118 
3143307809131 3143300550108 3104 
3143307809131 3143303413578 25543 
3143307809131 3143306329632 11262 
3143307809131 3143305212588 14241 
3143307809131 3143309812083 3911 
3143307809131 3143306023282 6505 
3143307809131 3143302218968 7772 
3143307809131 3143309772227 3484 
3143307809131 3143302203480 7938 
3143307809131 3143302219336 9054 
3143307809131 3143302150085 6612 
3143307809131 3143300211826 11738 
3143307809131 3143302149931 9060 
3143307809131 3143302219093 5789 
3143307809131 3143309352511 2510 
3143307809131 3143309251553 7646 
3143307809131 3143305998220 7667 
3143307809131 3143309854304 7736 
3143307809131 3143309690905 8539 
3143307809131 3143307608756 4418 
3143307809131 3143306409911 3104 
3143307809131 3143307780907 10461 
3143307809131 3143309936424 9294 
3143307809131 3143309812075 4728 
3143307809131 3143306301304 3911 
3143307809131 3143303688100 4745 
3143307809131 3143303180115 5548 
3143307809131 3143305302854 5256 
3143307809131 3143302219212 4516 
3143307809131 3143302149958 7780 
3143307809131 3143307282923 7078 
3143307809131 3143307951345 1629 
3143307809131 3143302219077 8231 
3143307809131 3143302219344 10832 
3143307809131 3143307607660 8217 
3143307809131 3143302150069 4266 
3143307809131 3143307809131 0 
3143307809131 3143300186252 11863 
3143307809131 3143304701852 4705 
3143307809131 3143307836619 2630 
3143307809131 3143305212545 10773 
3143307809131 3143302150077 4418 
3143307809131 3143302150034 6173 
3143307809131 3143302219409 71503 
3143307809131 3143305212529 19172 
3143307809131 3143302219379 52697 
3143307809131 CLU_6416 19172 
3143300186252 3143309772235 5694 
3143300186252 3143309772251 6439 
3143300186252 3143309812059 5451 
3143300186252 3143309690964 4840 
3143300186252 3143305305063 7077 
3143300186252 3143307781067 8342 
3143300186252 3143309132481 8487 
3143300186252 3143307831331 8621 
3143300186252 3143300659134 8210 
3143300186252 3143303180158 6395 
3143300186252 3143307821506 5609 
3143300186252 3143302150107 5640 
3143300186252 3143309775978 5609 
3143300186252 3143302219107 2907 
3143300186252 3143302219352 4341 
3143300186252 3143302219115 5133 
3143300186252 3143303180182 6934 
3143300186252 3143302150042 7762 
3143300186252 3143302219085 8276 
3143300186252 3143309812032 9278 
3143300186252 3143302149915 10471 
3143300186252 3143307299079 8345 
3143300186252 3143302150018 10381 
3143300186252 3143302218984 9855 
3143300186252 3143306065295 10960 
3143300186252 3143302219069 1341 
3143300186252 3143306629296 10592 
3143300186252 3143302149923 10862 
3143300186252 3143306065341 11797 
3143300186252 3143306329705 11487 
3143300186252 3143306297943 18582 
3143300186252 3143307780621 6692 
3143300186252 3143302219301 6230 
3143300186252 3143303180166 5609 
3143300186252 3143305302803 6552 
3143300186252 3143302149893 8923 
3143300186252 3143302150026 5595 
3143300186252 3143300550108 11563 
3143300186252 3143303413578 37060 
3143300186252 3143306329632 2156 
3143300186252 3143305212588 12933 
3143300186252 3143309812083 7975 
3143300186252 3143306023282 5627 
3143300186252 3143302218968 5615 
3143300186252 3143309772227 8487 
3143300186252 3143302203480 4087 
3143300186252 3143302219336 5278 
3143300186252 3143302150085 8345 
3143300186252 3143300211826 678 
3143300186252 3143302149931 3077 
3143300186252 3143302219093 7777 
3143300186252 3143309352511 9802 
3143300186252 3143309251553 5321 
3143300186252 3143305998220 5963 
3143300186252 3143309854304 7016 
3143300186252 3143309690905 6249 
3143300186252 3143307608756 11669 
3143300186252 3143306409911 11563 
3143300186252 3143307780907 1406 
3143300186252 3143309936424 6289 
3143300186252 3143309812075 7384 
3143300186252 3143306301304 7975 
3143300186252 3143303688100 7859 
3143300186252 3143303180115 6439 
3143300186252 3143305302854 7306 
3143300186252 3143302219212 7706 
3143300186252 3143302149958 4112 
3143300186252 3143307282923 4891 
3143300186252 3143307951345 10407 
3143300186252 3143302219077 5563 
3143300186252 3143302219344 1341 
3143300186252 3143307607660 5640 
3143300186252 3143302150069 9864 
3143300186252 3143307809131 11863 
3143300186252 3143300186252 0 
3143300186252 3143304701852 7242 
3143300186252 3143307836619 9278 
3143300186252 3143305212545 3908 
3143300186252 3143302150077 11669 
3143300186252 3143302150034 9312 
3143300186252 3143302219409 62327 
3143300186252 3143305212529 12777 
3143300186252 3143302219379 44827 
3143300186252 CLU_6416 12777 
3143304701852 3143309772235 1744 
3143304701852 3143309772251 1757 
3143304701852 3143309812059 1802 
3143304701852 3143309690964 2405 
3143304701852 3143305305063 2099 
3143304701852 3143307781067 2111 
3143304701852 3143309132481 1891 
3143304701852 3143307831331 1880 
3143304701852 3143300659134 1557 
3143304701852 3143303180158 1957 
3143304701852 3143307821506 2304 
3143304701852 3143302150107 3948 
3143304701852 3143309775978 2304 
3143304701852 3143302219107 5683 
3143304701852 3143302219352 2916 
3143304701852 3143302219115 2853 
3143304701852 3143303180182 3488 
3143304701852 3143302150042 3275 
3143304701852 3143302219085 3892 
3143304701852 3143309812032 2075 
3143304701852 3143302149915 3407 
3143304701852 3143307299079 5202 
3143304701852 3143302150018 5462 
3143304701852 3143302218984 4135 
3143304701852 3143306065295 4148 
3143304701852 3143302219069 6329 
3143304701852 3143306629296 5259 
3143304701852 3143302149923 4758 
3143304701852 3143306065341 5730 
3143304701852 3143306329705 4632 
3143304701852 3143306297943 11361 
3143304701852 3143307780621 2300 
3143304701852 3143302219301 2579 
3143304701852 3143303180166 2304 
3143304701852 3143305302803 3314 
3143304701852 3143302149893 3340 
3143304701852 3143302150026 5957 
3143304701852 3143300550108 5425 
3143304701852 3143303413578 29867 
3143304701852 3143306329632 6560 
3143304701852 3143305212588 13139 
3143304701852 3143309812083 832 
3143304701852 3143306023282 2613 
3143304701852 3143302218968 3432 
3143304701852 3143309772227 1891 
3143304701852 3143302203480 3614 
3143304701852 3143302219336 5740 
3143304701852 3143302150085 5202 
3143304701852 3143300211826 7194 
3143304701852 3143302149931 4696 
3143304701852 3143302219093 2554 
3143304701852 3143309352511 3202 
3143304701852 3143309251553 4137 
3143304701852 3143305998220 4605 
3143304701852 3143309854304 5354 
3143304701852 3143309690905 5706 
3143304701852 3143307608756 6178 
3143304701852 3143306409911 5425 
3143304701852 3143307780907 5836 
3143304701852 3143309936424 6458 
3143304701852 3143309812075 503 
3143304701852 3143306301304 832 
3143304701852 3143303688100 1412 
3143304701852 3143303180115 1757 
3143304701852 3143305302854 2735 
3143304701852 3143302219212 2142 
3143304701852 3143302149958 3130 
3143304701852 3143307282923 2798 
3143304701852 3143307951345 3175 
3143304701852 3143302219077 4999 
3143304701852 3143302219344 6329 
3143304701852 3143307607660 3948 
3143304701852 3143302150069 4566 
3143304701852 3143307809131 4705 
3143304701852 3143300186252 7242 
3143304701852 3143304701852 0 
3143304701852 3143307836619 2075 
3143304701852 3143305212545 6953 
3143304701852 3143302150077 6178 
3143304701852 3143302150034 5546 
3143304701852 3143302219409 67374 
3143304701852 3143305212529 15395 
3143304701852 3143302219379 48914 
3143304701852 CLU_6416 15395 
3143307836619 3143309772235 3626 
3143307836619 3143309772251 3160 
3143307836619 3143309812059 3870 
3143307836619 3143309690964 4461 
3143307836619 3143305305063 2955 
3143307836619 3143307781067 1860 
3143307836619 3143309132481 1416 
3143307836619 3143307831331 1201 
3143307836619 3143300659134 2102 
3143307836619 3143303180158 3734 
3143307836619 3143307821506 4274 
3143307836619 3143302150107 5729 
3143307836619 3143309775978 4274 
3143307836619 3143302219107 7738 
3143307836619 3143302219352 4937 
3143307836619 3143302219115 4534 
3143307836619 3143303180182 4252 
3143307836619 3143302150042 3586 
3143307836619 3143302219085 3956 
3143307836619 3143309812032 0 
3143307836619 3143302149915 1406 
3143307836619 3143307299079 5423 
3143307836619 3143302150018 4721 
3143307836619 3143302218984 3215 
3143307836619 3143306065295 2312 
3143307836619 3143302219069 8300 
3143307836619 3143306629296 4316 
3143307836619 3143302149923 3398 
3143307836619 3143306065341 4253 
3143307836619 3143306329705 2722 
3143307836619 3143306297943 9416 
3143307836619 3143307780621 3894 
3143307836619 3143302219301 4314 
3143307836619 3143303180166 4274 
3143307836619 3143305302803 4275 
3143307836619 3143302149893 2846 
3143307836619 3143302150026 7177 
3143307836619 3143300550108 3939 
3143307836619 3143303413578 27928 
3143307836619 3143306329632 8631 
3143307836619 3143305212588 13477 
3143307836619 3143309812083 1303 
3143307836619 3143306023282 4149 
3143307836619 3143302218968 5253 
3143307836619 3143309772227 1416 
3143307836619 3143302203480 5461 
3143307836619 3143302219336 7039 
3143307836619 3143302150085 5423 
3143307836619 3143300211826 9190 
3143307836619 3143302149931 6579 
3143307836619 3143302219093 3570 
3143307836619 3143309352511 1787 
3143307836619 3143309251553 5496 
3143307836619 3143305998220 5719 
3143307836619 3143309854304 6118 
3143307836619 3143309690905 6736 
3143307836619 3143307608756 4988 
3143307836619 3143306409911 3939 
3143307836619 3143307780907 7872 
3143307836619 3143309936424 7515 
3143307836619 3143309812075 2121 
3143307836619 3143306301304 1303 
3143307836619 3143303688100 2337 
3143307836619 3143303180115 3160 
3143307836619 3143305302854 3339 
3143307836619 3143302219212 2507 
3143307836619 3143302149958 5175 
3143307836619 3143307282923 4601 
3143307836619 3143307951345 1144 
3143307836619 3143302219077 6228 
3143307836619 3143302219344 8300 
3143307836619 3143307607660 5729 
3143307836619 3143302150069 3815 
3143307836619 3143307809131 2630 
3143307836619 3143300186252 9278 
3143307836619 3143304701852 2075 
3143307836619 3143307836619 0 
3143307836619 3143305212545 8555 
3143307836619 3143302150077 4988 
3143307836619 3143302150034 5386 
3143307836619 3143302219409 69165 
3143307836619 3143305212529 16977 
3143307836619 3143302219379 50537 
3143307836619 CLU_6416 16977 
3143305212545 3143309772235 5230 
3143305212545 3143309772251 5404 
3143305212545 3143309812059 5628 
3143305212545 3143309690964 5139 
3143305212545 3143305305063 5674 
3143305212545 3143307781067 7001 
3143305212545 3143309132481 7327 
3143305212545 3143307831331 7524 
3143305212545 3143300659134 8396 
3143305212545 3143303180158 7191 
3143305212545 3143307821506 6530 
3143305212545 3143302150107 7539 
3143305212545 3143309775978 6530 
3143305212545 3143302219107 5841 
3143305212545 3143302219352 4561 
3143305212545 3143302219115 4102 
3143305212545 3143303180182 4777 
3143305212545 3143302150042 5716 
3143305212545 3143302219085 5969 
3143305212545 3143309812032 8555 
3143305212545 3143302149915 9356 
3143305212545 3143307299079 5429 
3143305212545 3143302150018 7808 
3143305212545 3143302218984 7807 
3143305212545 3143306065295 9494 
3143305212545 3143302219069 2778 
3143305212545 3143306629296 8192 
3143305212545 3143302149923 8865 
3143305212545 3143306065341 9648 
3143305212545 3143306329705 10002 
3143305212545 3143306297943 17869 
3143305212545 3143307780621 7657 
3143305212545 3143302219301 7373 
3143305212545 3143303180166 6530 
3143305212545 3143305302803 4538 
3143305212545 3143302149893 7029 
3143305212545 3143302150026 2156 
3143305212545 3143300550108 9490 
3143305212545 3143303413578 36311 
3143305212545 3143306329632 5610 
3143305212545 3143305212588 9049 
3143305212545 3143309812083 7384 
3143305212545 3143306023282 4420 
3143305212545 3143302218968 7243 
3143305212545 3143309772227 7327 
3143305212545 3143302203480 3466 
3143305212545 3143302219336 1988 
3143305212545 3143302150085 5429 
3143305212545 3143300211826 3252 
3143305212545 3143302149931 2696 
3143305212545 3143302219093 8652 
3143305212545 3143309352511 8335 
3143305212545 3143309251553 3128 
3143305212545 3143305998220 3275 
3143305212545 3143309854304 3894 
3143305212545 3143309690905 2933 
3143305212545 3143307608756 9196 
3143305212545 3143306409911 9490 
3143305212545 3143307780907 3634 
3143305212545 3143309936424 2650 
3143305212545 3143309812075 7325 
3143305212545 3143306301304 7384 
3143305212545 3143303688100 8123 
3143305212545 3143303180115 5404 
3143305212545 3143305302854 5537 
3143305212545 3143302219212 6257 
3143305212545 3143302149958 4603 
3143305212545 3143307282923 4177 
3143305212545 3143307951345 9666 
3143305212545 3143302219077 2698 
3143305212545 3143302219344 2778 
3143305212545 3143307607660 7539 
3143305212545 3143302150069 7583 
3143305212545 3143307809131 10773 
3143305212545 3143300186252 3908 
3143305212545 3143304701852 6953 
3143305212545 3143307836619 8555 
3143305212545 3143305212545 0 
3143305212545 3143302150077 9196 
3143305212545 3143302150034 6424 
3143305212545 3143302219409 65973 
3143305212545 3143305212529 16605 
3143305212545 3143302219379 48674 
3143305212545 CLU_6416 16605 
3143302150077 3143309772235 6608 
3143302150077 3143309772251 5639 
3143302150077 3143309812059 7385 
3143302150077 3143309690964 7748 
3143302150077 3143305305063 4874 
3143302150077 3143307781067 4085 
3143302150077 3143309132481 4297 
3143302150077 3143307831331 4355 
3143302150077 3143300659134 6996 
3143302150077 3143303180158 8135 
3143302150077 3143307821506 8366 
3143302150077 3143302150107 10099 
3143302150077 3143309775978 8366 
3143302150077 3143302219107 11238 
3143302150077 3143302219352 7904 
3143302150077 3143302219115 6646 
3143302150077 3143303180182 4739 
3143302150077 3143302150042 3923 
3143302150077 3143302219085 3397 
3143302150077 3143309812032 4988 
3143302150077 3143302149915 4014 
3143302150077 3143307299079 3829 
3143302150077 3143302150018 1392 
3143302150077 3143302218984 2062 
3143302150077 3143306065295 3086 
3143302150077 3143302219069 10386 
3143302150077 3143306629296 1079 
3143302150077 3143302149923 1605 
3143302150077 3143306065341 1120 
3143302150077 3143306329705 3116 
3143302150077 3143306297943 10407 
3143302150077 3143307780621 8463 
3143302150077 3143302219301 8756 
3143302150077 3143303180166 8366 
3143302150077 3143305302803 5117 
3143302150077 3143302149893 2975 
3143302150077 3143302150026 7102 
3143302150077 3143300550108 1314 
3143302150077 3143303413578 28021 
3143302150077 3143306329632 11880 
3143302150077 3143305212588 10136 
3143302150077 3143309812083 5471 
3143302150077 3143306023282 6162 
3143302150077 3143302218968 9574 
3143302150077 3143309772227 4297 
3143302150077 3143302203480 7650 
3143302150077 3143302219336 7213 
3143302150077 3143302150085 3829 
3143302150077 3143300211826 11305 
3143302150077 3143302149931 8592 
3143302150077 3143302219093 8438 
3143302150077 3143309352511 3207 
3143302150077 3143309251553 6425 
3143302150077 3143305998220 5976 
3143302150077 3143309854304 5364 
3143302150077 3143309690905 6343 
3143302150077 3143307608756 0 
3143302150077 3143306409911 1314 
3143302150077 3143307780907 10418 
3143302150077 3143309936424 6914 
3143302150077 3143309812075 6544 
3143302150077 3143306301304 5471 
3143302150077 3143303688100 7142 
3143302150077 3143303180115 5639 
3143302150077 3143305302854 4450 
3143302150077 3143302219212 4361 
3143302150077 3143302149958 8226 
3143302150077 3143307282923 6974 
3143302150077 3143307951345 5004 
3143302150077 3143302219077 6525 
3143302150077 3143302219344 10386 
3143302150077 3143307607660 10099 
3143302150077 3143302150069 1828 
3143302150077 3143307809131 4418 
3143302150077 3143300186252 11669 
3143302150077 3143304701852 6178 
3143302150077 3143307836619 4988 
3143302150077 3143305212545 9196 
3143302150077 3143302150077 0 
3143302150077 3143302150034 2910 
3143302150077 3143302219409 73338 
3143302150077 3143305212529 21564 
3143302150077 3143302219379 55048 
3143302150077 CLU_6416 21564 
3143302150034 3143309772235 5166 
3143302150034 3143309772251 4254 
3143302150034 3143309812059 6066 
3143302150034 3143309690964 6221 
3143302150034 3143305305063 3566 
3143302150034 3143307781067 3674 
3143302150034 3143309132481 4097 
3143302150034 3143307831331 4276 
3143302150034 3143300659134 6865 
3143302150034 3143303180158 7303 
3143302150034 3143307821506 7258 
3143302150034 3143302150107 9024 
3143302150034 3143309775978 7258 
3143302150034 3143302219107 9447 
3143302150034 3143302219352 6171 
3143302150034 3143302219115 4726 
3143302150034 3143303180182 2637 
3143302150034 3143302150042 2315 
3143302150034 3143302219085 1659 
3143302150034 3143309812032 5386 
3143302150034 3143302149915 5137 
3143302150034 3143307299079 1000 
3143302150034 3143302150018 1561 
3143302150034 3143302218984 2501 
3143302150034 3143306065295 4618 
3143302150034 3143302219069 7981 
3143302150034 3143306629296 2117 
3143302150034 3143302149923 3270 
3143302150034 3143306065341 3673 
3143302150034 3143306329705 4952 
3143302150034 3143306297943 12923 
3143302150034 3143307780621 7744 
3143302150034 3143302219301 7880 
3143302150034 3143303180166 7258 
3143302150034 3143305302803 3037 
3143302150034 3143302149893 2540 
3143302150034 3143302150026 4282 
3143302150034 3143300550108 3642 
3143302150034 3143303413578 30844 
3143302150034 3143306329632 9908 
3143302150034 3143305212588 8161 
3143302150034 3143309812083 5150 
3143302150034 3143306023282 4325 
3143302150034 3143302218968 8502 
3143302150034 3143309772227 4097 
3143302150034 3143302203480 5565 
3143302150034 3143302219336 4440 
3143302150034 3143302150085 1000 
3143302150034 3143300211826 8861 
3143302150034 3143302149931 6304 
3143302150034 3143302219093 8095 
3143302150034 3143309352511 3906 
3143302150034 3143309251553 4000 
3143302150034 3143305998220 3369 
3143302150034 3143309854304 2532 
3143302150034 3143309690905 3507 
3143302150034 3143307608756 2910 
3143302150034 3143306409911 3642 
3143302150034 3143307780907 8199 
3143302150034 3143309936424 4023 
3143302150034 3143309812075 6029 
3143302150034 3143306301304 5150 
3143302150034 3143303688100 6865 
3143302150034 3143303180115 4254 
3143302150034 3143305302854 2927 
3143302150034 3143302219212 3406 
3143302150034 3143302149958 6488 
3143302150034 3143307282923 5109 
3143302150034 3143307951345 5986 
3143302150034 3143302219077 3852 
3143302150034 3143302219344 7981 
3143302150034 3143307607660 9024 
3143302150034 3143302150069 1911 
3143302150034 3143307809131 6173 
3143302150034 3143300186252 9312 
3143302150034 3143304701852 5546 
3143302150034 3143307836619 5386 
3143302150034 3143305212545 6424 
3143302150034 3143302150077 2910 
3143302150034 3143302150034 0 
3143302150034 3143302219409 71473 
3143302150034 3143305212529 20314 
3143302150034 3143302219379 53530 
3143302150034 CLU_6416 20314 
3143302219409 3143309772235 66730 
3143302219409 3143309772251 67702 
3143302219409 3143309812059 65965 
3143302219409 3143309690964 65590 
3143302219409 3143305305063 68470 
3143302219409 3143307781067 69337 
3143302219409 3143309132481 69234 
3143302219409 3143307831331 69250 
3143302219409 3143300659134 67126 
3143302219409 3143303180158 65473 
3143302219409 3143307821506 65081 
3143302219409 3143302150107 63458 
3143302219409 3143309775978 65081 
3143302219409 3143302219107 62122 
3143302219409 3143302219352 65465 
3143302219409 3143302219115 66822 
3143302219409 3143303180182 68892 
3143302219409 3143302150042 69527 
3143302219409 3143302219085 70156 
3143302219409 3143309812032 69165 
3143302219409 3143302149915 70564 
3143302219409 3143307299079 70561 
3143302219409 3143302150018 72258 
3143302219409 3143302218984 71297 
3143302219409 3143306065295 71454 
3143302219409 3143302219069 63664 
3143302219409 3143306629296 72293 
3143302219409 3143302149923 72090 
3143302219409 3143306065341 73076 
3143302219409 3143306329705 71888 
3143302219409 3143306297943 75272 
3143302219409 3143307780621 65272 
3143302219409 3143302219301 64870 
3143302219409 3143303180166 65081 
3143302219409 3143305302803 68486 
3143302219409 3143302149893 70364 
3143302219409 3143302150026 67901 
3143302219409 3143300550108 72779 
3143302219409 3143303413578 89235 
3143302219409 3143306329632 61573 
3143302219409 3143305212588 74060 
3143302219409 3143309812083 68182 
3143302219409 3143306023282 67276 
3143302219409 3143302218968 63957 
3143302219409 3143309772227 69234 
3143302219409 3143302203480 65915 
3143302219409 3143302219336 67597 
3143302219409 3143302150085 70561 
3143302219409 3143300211826 62884 
3143302219409 3143302149931 65199 
3143302219409 3143302219093 65718 
3143302219409 3143309352511 70576 
3143302219409 3143309251553 67506 
3143302219409 3143305998220 68226 
3143302219409 3143309854304 69328 
3143302219409 3143309690905 68575 
3143302219409 3143307608756 73338 
3143302219409 3143306409911 72779 
3143302219409 3143307780907 63302 
3143302219409 3143309936424 68557 
3143302219409 3143309812075 67131 
3143302219409 3143306301304 68182 
3143302219409 3143303688100 66844 
3143302219409 3143303180115 67702 
3143302219409 3143305302854 68943 
3143302219409 3143302219212 68979 
3143302219409 3143302149958 65141 
3143302219409 3143307282923 66460 
3143302219409 3143307951345 69907 
3143302219409 3143302219077 67874 
3143302219409 3143302219344 63664 
3143302219409 3143307607660 63458 
3143302219409 3143302150069 71534 
3143302219409 3143307809131 71503 
3143302219409 3143300186252 62327 
3143302219409 3143304701852 67374 
3143302219409 3143307836619 69165 
3143302219409 3143305212545 65973 
3143302219409 3143302150077 73338 
3143302219409 3143302150034 71473 
3143302219409 3143302219409 0 
3143302219409 3143305212529 52410 
3143302219409 3143302219379 20322 
3143302219409 CLU_6416 52410 
3143305212529 3143309772235 15178 
3143305212529 3143309772251 16135 
3143305212529 3143309812059 14305 
3143305212529 3143309690964 14094 
3143305212529 3143305305063 16888 
3143305212529 3143307781067 17479 
3143305212529 3143309132481 17287 
3143305212529 3143307831331 17260 
3143305212529 3143300659134 14887 
3143305212529 3143303180158 13439 
3143305212529 3143307821506 13216 
3143305212529 3143302150107 11465 
3143305212529 3143309775978 13216 
3143305212529 3143302219107 11107 
3143305212529 3143302219352 14170 
3143305212529 3143302219115 15638 
3143305212529 3143303180182 17691 
3143305212529 3143302150042 18089 
3143305212529 3143302219085 18763 
3143305212529 3143309812032 16977 
3143305212529 3143302149915 18346 
3143305212529 3143307299079 19573 
3143305212529 3143302150018 20707 
3143305212529 3143302218984 19506 
3143305212529 3143306065295 19290 
3143305212529 3143302219069 13828 
3143305212529 3143306629296 20600 
3143305212529 3143302149923 20144 
3143305212529 3143306065341 21103 
3143305212529 3143306329705 19680 
3143305212529 3143306297943 23111 
3143305212529 3143307780621 13150 
3143305212529 3143302219301 12817 
3143305212529 3143303180166 13216 
3143305212529 3143305302803 17303 
3143305212529 3143302149893 18640 
3143305212529 3143302150026 17846 
3143305212529 3143300550108 20792 
3143305212529 3143303413578 39330 
3143305212529 3143306329632 11040 
3143305212529 3143305212588 25649 
3143305212529 3143309812083 16149 
3143305212529 3143306023282 16000 
3143305212529 3143302218968 11993 
3143305212529 3143309772227 17287 
3143305212529 3143302203480 14985 
3143305212529 3143302219336 17491 
3143305212529 3143302150085 19573 
3143305212529 3143300211826 13456 
3143305212529 3143302149931 14689 
3143305212529 3143302219093 13437 
3143305212529 3143309352511 18544 
3143305212529 3143309251553 16754 
3143305212529 3143305998220 17560 
3143305212529 3143309854304 18741 
3143305212529 3143309690905 18294 
3143305212529 3143307608756 21564 
3143305212529 3143306409911 20792 
3143305212529 3143307780907 13052 
3143305212529 3143309936424 18605 
3143305212529 3143309812075 15069 
3143305212529 3143306301304 16149 
3143305212529 3143303688100 14641 
3143305212529 3143303180115 16135 
3143305212529 3143305302854 17467 
3143305212529 3143302219212 17282 
3143305212529 3143302149958 13864 
3143305212529 3143307282923 15248 
3143305212529 3143307951345 17611 
3143305212529 3143302219077 17418 
3143305212529 3143302219344 13828 
3143305212529 3143307607660 11465 
3143305212529 3143302150069 19869 
3143305212529 3143307809131 19172 
3143305212529 3143300186252 12777 
3143305212529 3143304701852 15395 
3143305212529 3143307836619 16977 
3143305212529 3143305212545 16605 
3143305212529 3143302150077 21564 
3143305212529 3143302150034 20314 
3143305212529 3143302219409 52410 
3143305212529 3143305212529 0 
3143305212529 3143302219379 33559 
3143305212529 CLU_6416 0 
3143302219379 3143309772235 48525 
3143302219379 3143309772251 49499 
3143302219379 3143309812059 47693 
3143302219379 3143309690964 47401 
3143302219379 3143305305063 50267 
3143302219379 3143307781067 50970 
3143302219379 3143309132481 50805 
3143302219379 3143307831331 50789 
3143302219379 3143300659134 48447 
3143302219379 3143303180158 46965 
3143302219379 3143307821506 46682 
3143302219379 3143302150107 44966 
3143302219379 3143309775978 46682 
3143302219379 3143302219107 44085 
3143302219379 3143302219352 47374 
3143302219379 3143302219115 48805 
3143302219379 3143303180182 50896 
3143302219379 3143302150042 51414 
3143302219379 3143302219085 52074 
3143302219379 3143309812032 50537 
3143302219379 3143302149915 51905 
3143302219379 3143307299079 52693 
3143302219379 3143302150018 54104 
3143302219379 3143302218984 52985 
3143302219379 3143306065295 52849 
3143302219379 3143302219069 46117 
3143302219379 3143306629296 54051 
3143302219379 3143302149923 53672 
3143302219379 3143306065341 54639 
3143302219379 3143306329705 53239 
3143302219379 3143306297943 55799 
3143302219379 3143307780621 46696 
3143302219379 3143302219301 46345 
3143302219379 3143303180166 46682 
3143302219379 3143305302803 50494 
3143302219379 3143302149893 52090 
3143302219379 3143302150026 50396 
3143302219379 3143300550108 54331 
3143302219379 3143303413578 69044 
3143302219379 3143306329632 43702 
3143302219379 3143305212588 57367 
3143302219379 3143309812083 49685 
3143302219379 3143306023282 49220 
3143302219379 3143302218968 45487 
3143302219379 3143309772227 50805 
3143302219379 3143302203480 47998 
3143302219379 3143302219336 50063 
3143302219379 3143302150085 52693 
3143302219379 3143300211826 45448 
3143302219379 3143302149931 47443 
3143302219379 3143302219093 46994 
3143302219379 3143309352511 52086 
3143302219379 3143309251553 49699 
3143302219379 3143305998220 50470 
3143302219379 3143309854304 51628 
3143302219379 3143309690905 50992 
3143302219379 3143307608756 55048 
3143302219379 3143306409911 54331 
3143302219379 3143307780907 45592 
3143302219379 3143309936424 51109 
3143302219379 3143309812075 48608 
3143302219379 3143306301304 49685 
3143302219379 3143303688100 48200 
3143302219379 3143303180115 49499 
3143302219379 3143305302854 50803 
3143302219379 3143302219212 50712 
3143302219379 3143302149958 47053 
3143302219379 3143307282923 48423 
3143302219379 3143307951345 51156 
3143302219379 3143302219077 50202 
3143302219379 3143302219344 46117 
3143302219379 3143307607660 44966 
3143302219379 3143302150069 53305 
3143302219379 3143307809131 52697 
3143302219379 3143300186252 44827 
3143302219379 3143304701852 48914 
3143302219379 3143307836619 50537 
3143302219379 3143305212545 48674 
3143302219379 3143302150077 55048 
3143302219379 3143302150034 53530 
3143302219379 3143302219409 20322 
3143302219379 3143305212529 33559 
3143302219379 3143302219379 0 
3143302219379 CLU_6416 33559 
;

param D0_1 := 
CLU_6220 3143309772235 1455 
CLU_6220 3143309772251 1236 
CLU_6220 3143309812059 1795 
CLU_6220 3143309690964 2343 
CLU_6220 3143305305063 1537 
CLU_6220 3143307781067 1716 
CLU_6220 3143309132481 1597 
CLU_6220 3143307831331 1647 
CLU_6220 3143300659134 2098 
CLU_6220 3143303180158 2370 
CLU_6220 3143307821506 2575 
CLU_6220 3143302150107 4300 
CLU_6220 3143309775978 2575 
CLU_6220 3143302219107 5777 
CLU_6220 3143302219352 2777 
CLU_6220 3143302219115 2455 
CLU_6220 3143303180182 2927 
CLU_6220 3143302150042 2727 
CLU_6220 3143302219085 3356 
CLU_6220 3143309812032 2173 
CLU_6220 3143302149915 3381 
CLU_6220 3143307299079 4645 
CLU_6220 3143302150018 5005 
CLU_6220 3143302218984 3740 
CLU_6220 3143306065295 4012 
CLU_6220 3143302219069 6127 
CLU_6220 3143306629296 4842 
CLU_6220 3143302149923 4447 
CLU_6220 3143306065341 5432 
CLU_6220 3143306329705 4520 
CLU_6220 3143306297943 11574 
CLU_6220 3143307780621 2764 
CLU_6220 3143302219301 2984 
CLU_6220 3143303180166 2575 
CLU_6220 3143305302803 2762 
CLU_6220 3143302149893 2894 
CLU_6220 3143302150026 5457 
CLU_6220 3143300550108 5135 
CLU_6220 3143303413578 30087 
CLU_6220 3143306329632 6603 
CLU_6220 3143305212588 12577 
CLU_6220 3143309812083 878 
CLU_6220 3143306023282 2155 
CLU_6220 3143302218968 3773 
CLU_6220 3143309772227 1597 
CLU_6220 3143302203480 3312 
CLU_6220 3143302219336 5254 
CLU_6220 3143302150085 4645 
CLU_6220 3143300211826 7017 
CLU_6220 3143302149931 4422 
CLU_6220 3143302219093 3105 
CLU_6220 3143309352511 2972 
CLU_6220 3143309251553 3652 
CLU_6220 3143305998220 4080 
CLU_6220 3143309854304 4800 
CLU_6220 3143309690905 5176 
CLU_6220 3143307608756 5800 
CLU_6220 3143306409911 5135 
CLU_6220 3143307780907 5711 
CLU_6220 3143309936424 5935 
CLU_6220 3143309812075 1065 
CLU_6220 3143306301304 878 
CLU_6220 3143303688100 1972 
CLU_6220 3143303180115 1236 
CLU_6220 3143305302854 2176 
CLU_6220 3143302219212 1622 
CLU_6220 3143302149958 3032 
CLU_6220 3143307282923 2463 
CLU_6220 3143307951345 3314 
CLU_6220 3143302219077 4495 
CLU_6220 3143302219344 6127 
CLU_6220 3143307607660 4300 
CLU_6220 3143302150069 4127 
CLU_6220 3143307809131 4750 
CLU_6220 3143300186252 7116 
CLU_6220 3143304701852 562 
CLU_6220 3143307836619 2173 
CLU_6220 3143305212545 6553 
CLU_6220 3143302150077 5800 
CLU_6220 3143302150034 5013 
CLU_6220 3143302219409 67644 
CLU_6220 3143305212529 15765 
CLU_6220 3143302219379 49254 
CLU_6220 CLU_6416 15765 
CLU_6221 3143309772235 2334 
CLU_6221 3143309772251 1993 
CLU_6221 3143309812059 2583 
CLU_6221 3143309690964 3165 
CLU_6221 3143305305063 2021 
CLU_6221 3143307781067 1516 
CLU_6221 3143309132481 1186 
CLU_6221 3143307831331 1118 
CLU_6221 3143300659134 1714 
CLU_6221 3143303180158 2723 
CLU_6221 3143307821506 3130 
CLU_6221 3143302150107 4735 
CLU_6221 3143309775978 3130 
CLU_6221 3143302219107 6508 
CLU_6221 3143302219352 3634 
CLU_6221 3143302219115 3306 
CLU_6221 3143303180182 3433 
CLU_6221 3143302150042 3002 
CLU_6221 3143302219085 3541 
CLU_6221 3143309812032 1303 
CLU_6221 3143302149915 2583 
CLU_6221 3143307299079 4948 
CLU_6221 3143302150018 4870 
CLU_6221 3143302218984 3465 
CLU_6221 3143306065295 3317 
CLU_6221 3143302219069 7003 
CLU_6221 3143306629296 4605 
CLU_6221 3143302149923 3997 
CLU_6221 3143306065341 4955 
CLU_6221 3143306329705 3800 
CLU_6221 3143306297943 10695 
CLU_6221 3143307780621 3004 
CLU_6221 3143302219301 3340 
CLU_6221 3143303180166 3130 
CLU_6221 3143305302803 3353 
CLU_6221 3143302149893 2765 
CLU_6221 3143302150026 6174 
CLU_6221 3143300550108 4646 
CLU_6221 3143303413578 29208 
CLU_6221 3143306329632 7374 
CLU_6221 3143305212588 12991 
CLU_6221 3143309812083 0 
CLU_6221 3143306023282 2966 
CLU_6221 3143302218968 4227 
CLU_6221 3143309772227 1186 
CLU_6221 3143302203480 4189 
CLU_6221 3143302219336 5997 
CLU_6221 3143302150085 4948 
CLU_6221 3143300211826 7889 
CLU_6221 3143302149931 5301 
CLU_6221 3143302219093 3029 
CLU_6221 3143309352511 2404 
CLU_6221 3143309251553 4410 
CLU_6221 3143305998220 4751 
CLU_6221 3143309854304 5340 
CLU_6221 3143309690905 5824 
CLU_6221 3143307608756 5471 
CLU_6221 3143306409911 4646 
CLU_6221 3143307780907 6569 
CLU_6221 3143309936424 6597 
CLU_6221 3143309812075 1080 
CLU_6221 3143306301304 0 
CLU_6221 3143303688100 1744 
CLU_6221 3143303180115 1993 
CLU_6221 3143305302854 2569 
CLU_6221 3143302219212 1811 
CLU_6221 3143302149958 3875 
CLU_6221 3143307282923 3336 
CLU_6221 3143307951345 2439 
CLU_6221 3143302219077 5211 
CLU_6221 3143302219344 7003 
CLU_6221 3143307607660 4735 
CLU_6221 3143302150069 3954 
CLU_6221 3143307809131 3911 
CLU_6221 3143300186252 7975 
CLU_6221 3143304701852 832 
CLU_6221 3143307836619 1303 
CLU_6221 3143305212545 7384 
CLU_6221 3143302150077 5471 
CLU_6221 3143302150034 5150 
CLU_6221 3143302219409 68182 
CLU_6221 3143305212529 16149 
CLU_6221 3143302219379 49685 
CLU_6221 CLU_6416 16149 
CLU_6222 3143309772235 725 
CLU_6222 3143309772251 1490 
CLU_6222 3143309812059 478 
CLU_6222 3143309690964 1051 
CLU_6222 3143305305063 2208 
CLU_6222 3143307781067 2930 
CLU_6222 3143309132481 2889 
CLU_6222 3143307831331 2958 
CLU_6222 3143300659134 2585 
CLU_6222 3143303180158 1695 
CLU_6222 3143307821506 1514 
CLU_6222 3143302150107 3285 
CLU_6222 3143309775978 1514 
CLU_6222 3143302219107 4465 
CLU_6222 3143302219352 1563 
CLU_6222 3143302219115 1868 
CLU_6222 3143303180182 3278 
CLU_6222 3143302150042 3444 
CLU_6222 3143302219085 4119 
CLU_6222 3143309812032 3410 
CLU_6222 3143302149915 4683 
CLU_6222 3143307299079 5177 
CLU_6222 3143302150018 6017 
CLU_6222 3143302218984 4892 
CLU_6222 3143306065295 5329 
CLU_6222 3143302219069 4985 
CLU_6222 3143306629296 5940 
CLU_6222 3143302149923 5687 
CLU_6222 3143306065341 6676 
CLU_6222 3143306329705 5837 
CLU_6222 3143306297943 12716 
CLU_6222 3143307780621 2193 
CLU_6222 3143302219301 2190 
CLU_6222 3143303180166 1514 
CLU_6222 3143305302803 2972 
CLU_6222 3143302149893 3981 
CLU_6222 3143302150026 5147 
CLU_6222 3143300550108 6387 
CLU_6222 3143303413578 31217 
CLU_6222 3143306329632 5286 
CLU_6222 3143305212588 12768 
CLU_6222 3143309812083 2116 
CLU_6222 3143306023282 1845 
CLU_6222 3143302218968 2760 
CLU_6222 3143309772227 2889 
CLU_6222 3143302203480 2386 
CLU_6222 3143302219336 4878 
CLU_6222 3143302150085 5177 
CLU_6222 3143300211826 5840 
CLU_6222 3143302149931 3411 
CLU_6222 3143302219093 2963 
CLU_6222 3143309352511 4271 
CLU_6222 3143309251553 3328 
CLU_6222 3143305998220 3965 
CLU_6222 3143309854304 4929 
CLU_6222 3143309690905 5055 
CLU_6222 3143307608756 6949 
CLU_6222 3143306409911 6387 
CLU_6222 3143307780907 4478 
CLU_6222 3143309936424 5749 
CLU_6222 3143309812075 1569 
CLU_6222 3143306301304 2116 
CLU_6222 3143303688100 2297 
CLU_6222 3143303180115 1490 
CLU_6222 3143305302854 2821 
CLU_6222 3143302219212 2601 
CLU_6222 3143302149958 1772 
CLU_6222 3143307282923 1672 
CLU_6222 3143307951345 4527 
CLU_6222 3143302219077 4234 
CLU_6222 3143302219344 4985 
CLU_6222 3143307607660 3285 
CLU_6222 3143302150069 5195 
CLU_6222 3143307809131 6028 
CLU_6222 3143300186252 5884 
CLU_6222 3143304701852 1358 
CLU_6222 3143307836619 3410 
CLU_6222 3143305212545 5828 
CLU_6222 3143302150077 6949 
CLU_6222 3143302150034 5744 
CLU_6222 3143302219409 66414 
CLU_6222 3143305212529 14691 
CLU_6222 3143302219379 48111 
CLU_6222 CLU_6416 14691 
CLU_6223 3143309772235 0 
CLU_6223 3143309772251 975 
CLU_6223 3143309812059 906 
CLU_6223 3143309690964 1139 
CLU_6223 3143305305063 1745 
CLU_6223 3143307781067 2748 
CLU_6223 3143309132481 2821 
CLU_6223 3143307831331 2938 
CLU_6223 3143300659134 3173 
CLU_6223 3143303180158 2415 
CLU_6223 3143307821506 2142 
CLU_6223 3143302150107 3874 
CLU_6223 3143309775978 2142 
CLU_6223 3143302219107 4647 
CLU_6223 3143302219352 1398 
CLU_6223 3143302219115 1175 
CLU_6223 3143303180182 2623 
CLU_6223 3143302150042 2911 
CLU_6223 3143302219085 3585 
CLU_6223 3143309812032 3626 
CLU_6223 3143302149915 4777 
CLU_6223 3143307299079 4538 
CLU_6223 3143302150018 5579 
CLU_6223 3143302218984 4580 
CLU_6223 3143306065295 5305 
CLU_6223 3143302219069 4674 
CLU_6223 3143306629296 5565 
CLU_6223 3143302149923 5460 
CLU_6223 3143306065341 6444 
CLU_6223 3143306329705 5827 
CLU_6223 3143306297943 13029 
CLU_6223 3143307780621 2915 
CLU_6223 3143302219301 2883 
CLU_6223 3143303180166 2142 
CLU_6223 3143305302803 2292 
CLU_6223 3143302149893 3638 
CLU_6223 3143302150026 4436 
CLU_6223 3143300550108 6170 
CLU_6223 3143303413578 31542 
CLU_6223 3143306329632 5370 
CLU_6223 3143305212588 12048 
CLU_6223 3143309812083 2334 
CLU_6223 3143306023282 1120 
CLU_6223 3143302218968 3363 
CLU_6223 3143309772227 2821 
CLU_6223 3143302203480 1874 
CLU_6223 3143302219336 4176 
CLU_6223 3143302150085 4538 
CLU_6223 3143300211826 5570 
CLU_6223 3143302149931 2972 
CLU_6223 3143302219093 3678 
CLU_6223 3143309352511 4180 
CLU_6223 3143309251553 2611 
CLU_6223 3143305998220 3239 
CLU_6223 3143309854304 4213 
CLU_6223 3143309690905 4330 
CLU_6223 3143307608756 6608 
CLU_6223 3143306409911 6170 
CLU_6223 3143307780907 4296 
CLU_6223 3143309936424 5028 
CLU_6223 3143309812075 2094 
CLU_6223 3143306301304 2334 
CLU_6223 3143303688100 2919 
CLU_6223 3143303180115 975 
CLU_6223 3143305302854 2290 
CLU_6223 3143302219212 2260 
CLU_6223 3143302149958 1694 
CLU_6223 3143307282923 1057 
CLU_6223 3143307951345 4769 
CLU_6223 3143302219077 3515 
CLU_6223 3143302219344 4674 
CLU_6223 3143307607660 3874 
CLU_6223 3143302150069 4808 
CLU_6223 3143307809131 6174 
CLU_6223 3143300186252 5694 
CLU_6223 3143304701852 1744 
CLU_6223 3143307836619 3626 
CLU_6223 3143305212545 5230 
CLU_6223 3143302150077 6608 
CLU_6223 3143302150034 5166 
CLU_6223 3143302219409 66730 
CLU_6223 3143305212529 15178 
CLU_6223 3143302219379 48525 
CLU_6223 CLU_6416 15178 
CLU_6224 3143309772235 975 
CLU_6224 3143309772251 0 
CLU_6224 3143309812059 1831 
CLU_6224 3143309690964 2112 
CLU_6224 3143305305063 769 
CLU_6224 3143307781067 1902 
CLU_6224 3143309132481 2077 
CLU_6224 3143307831331 2239 
CLU_6224 3143300659134 3314 
CLU_6224 3143303180158 3109 
CLU_6224 3143307821506 3004 
CLU_6224 3143302150107 4771 
CLU_6224 3143309775978 3004 
CLU_6224 3143302219107 5603 
CLU_6224 3143302219352 2293 
CLU_6224 3143302219115 1398 
CLU_6224 3143303180182 1840 
CLU_6224 3143302150042 1962 
CLU_6224 3143302219085 2638 
CLU_6224 3143309812032 3160 
CLU_6224 3143302149915 4122 
CLU_6224 3143307299079 3704 
CLU_6224 3143302150018 4604 
CLU_6224 3143302218984 3624 
CLU_6224 3143306065295 4524 
CLU_6224 3143302219069 5319 
CLU_6224 3143306629296 4591 
CLU_6224 3143302149923 4536 
CLU_6224 3143306065341 5512 
CLU_6224 3143306329705 5052 
CLU_6224 3143306297943 12549 
CLU_6224 3143307780621 3583 
CLU_6224 3143302219301 3654 
CLU_6224 3143303180166 3004 
CLU_6224 3143305302803 1595 
CLU_6224 3143302149893 2676 
CLU_6224 3143302150026 4221 
CLU_6224 3143300550108 5246 
CLU_6224 3143303413578 31048 
CLU_6224 3143306329632 6291 
CLU_6224 3143305212588 11459 
CLU_6224 3143309812083 1993 
CLU_6224 3143306023282 989 
CLU_6224 3143302218968 4248 
CLU_6224 3143309772227 2077 
CLU_6224 3143302203480 2403 
CLU_6224 3143302219336 4023 
CLU_6224 3143302150085 3704 
CLU_6224 3143300211826 6241 
CLU_6224 3143302149931 3519 
CLU_6224 3143302219093 4158 
CLU_6224 3143309352511 3362 
CLU_6224 3143309251553 2426 
CLU_6224 3143305998220 2848 
CLU_6224 3143309854304 3631 
CLU_6224 3143309690905 3949 
CLU_6224 3143307608756 5639 
CLU_6224 3143306409911 5246 
CLU_6224 3143307780907 5069 
CLU_6224 3143309936424 4703 
CLU_6224 3143309812075 2238 
CLU_6224 3143306301304 1993 
CLU_6224 3143303688100 3150 
CLU_6224 3143303180115 0 
CLU_6224 3143305302854 1338 
CLU_6224 3143302219212 1317 
CLU_6224 3143302149958 2609 
CLU_6224 3143307282923 1555 
CLU_6224 3143307951345 4288 
CLU_6224 3143302219077 3259 
CLU_6224 3143302219344 5319 
CLU_6224 3143307607660 4771 
CLU_6224 3143302150069 3834 
CLU_6224 3143307809131 5548 
CLU_6224 3143300186252 6439 
CLU_6224 3143304701852 1757 
CLU_6224 3143307836619 3160 
CLU_6224 3143305212545 5404 
CLU_6224 3143302150077 5639 
CLU_6224 3143302150034 4254 
CLU_6224 3143302219409 67702 
CLU_6224 3143305212529 16135 
CLU_6224 3143302219379 49499 
CLU_6224 CLU_6416 16135 
CLU_6227 3143309772235 2714 
CLU_6227 3143309772251 1904 
CLU_6227 3143309812059 3324 
CLU_6227 3143309690964 3795 
CLU_6227 3143305305063 1406 
CLU_6227 3143307781067 162 
CLU_6227 3143309132481 299 
CLU_6227 3143307831331 515 
CLU_6227 3143300659134 3058 
CLU_6227 3143303180158 3936 
CLU_6227 3143307821506 4189 
CLU_6227 3143302150107 5903 
CLU_6227 3143309775978 4189 
CLU_6227 3143302219107 7303 
CLU_6227 3143302219352 4111 
CLU_6227 3143302219115 3277 
CLU_6227 3143303180182 2561 
CLU_6227 3143302150042 1872 
CLU_6227 3143302219085 2292 
CLU_6227 3143309812032 1716 
CLU_6227 3143302149915 2284 
CLU_6227 3143307299079 3749 
CLU_6227 3143302150018 3513 
CLU_6227 3143302218984 2151 
CLU_6227 3143306065295 2620 
CLU_6227 3143302219069 7222 
CLU_6227 3143306629296 3278 
CLU_6227 3143302149923 2838 
CLU_6227 3143306065341 3825 
CLU_6227 3143306329705 3148 
CLU_6227 3143306297943 10792 
CLU_6227 3143307780621 4280 
CLU_6227 3143302219301 4557 
CLU_6227 3143303180166 4189 
CLU_6227 3143305302803 2632 
CLU_6227 3143302149893 1402 
CLU_6227 3143302150026 5540 
CLU_6227 3143300550108 3532 
CLU_6227 3143303413578 29253 
CLU_6227 3143306329632 8072 
CLU_6227 3143305212588 11819 
CLU_6227 3143309812083 1362 
CLU_6227 3143306023282 2816 
CLU_6227 3143302218968 5379 
CLU_6227 3143309772227 299 
CLU_6227 3143302203480 4303 
CLU_6227 3143302219336 5432 
CLU_6227 3143302150085 3749 
CLU_6227 3143300211826 8145 
CLU_6227 3143302149931 5413 
CLU_6227 3143302219093 4389 
CLU_6227 3143309352511 1468 
CLU_6227 3143309251553 3956 
CLU_6227 3143305998220 4074 
CLU_6227 3143309854304 4405 
CLU_6227 3143309690905 5054 
CLU_6227 3143307608756 4200 
CLU_6227 3143306409911 3532 
CLU_6227 3143307780907 6963 
CLU_6227 3143309936424 5832 
CLU_6227 3143309812075 2382 
CLU_6227 3143306301304 1362 
CLU_6227 3143303688100 3107 
CLU_6227 3143303180115 1904 
CLU_6227 3143305302854 1652 
CLU_6227 3143302219212 835 
CLU_6227 3143302149958 4408 
CLU_6227 3143307282923 3460 
CLU_6227 3143307951345 2675 
CLU_6227 3143302219077 4610 
CLU_6227 3143302219344 7222 
CLU_6227 3143307607660 5903 
CLU_6227 3143302150069 2602 
CLU_6227 3143307809131 3710 
CLU_6227 3143300186252 8340 
CLU_6227 3143304701852 1983 
CLU_6227 3143307836619 1716 
CLU_6227 3143305212545 7076 
CLU_6227 3143302150077 4200 
CLU_6227 3143302150034 3837 
CLU_6227 3143302219409 69251 
CLU_6227 3143305212529 17365 
CLU_6227 3143302219379 50865 
CLU_6227 CLU_6416 17365 
CLU_6228 3143309772235 2532 
CLU_6228 3143309772251 1751 
CLU_6228 3143309812059 3127 
CLU_6228 3143309690964 3604 
CLU_6228 3143305305063 1315 
CLU_6228 3143307781067 325 
CLU_6228 3143309132481 339 
CLU_6228 3143307831331 540 
CLU_6228 3143300659134 2909 
CLU_6228 3143303180158 3738 
CLU_6228 3143307821506 3987 
CLU_6228 3143302150107 5702 
CLU_6228 3143309775978 3987 
CLU_6228 3143302219107 7108 
CLU_6228 3143302219352 3930 
CLU_6228 3143302219115 3137 
CLU_6228 3143303180182 2550 
CLU_6228 3143302150042 1922 
CLU_6228 3143302219085 2388 
CLU_6228 3143309812032 1702 
CLU_6228 3143302149915 2393 
CLU_6228 3143307299079 3832 
CLU_6228 3143302150018 3692 
CLU_6228 3143302218984 2348 
CLU_6228 3143306065295 2784 
CLU_6228 3143302219069 7071 
CLU_6228 3143306629296 3471 
CLU_6228 3143302149923 3040 
CLU_6228 3143306065341 4027 
CLU_6228 3143306329705 3310 
CLU_6228 3143306297943 10884 
CLU_6228 3143307780621 4087 
CLU_6228 3143302219301 4359 
CLU_6228 3143303180166 3987 
CLU_6228 3143305302803 2590 
CLU_6228 3143302149893 1574 
CLU_6228 3143302150026 5499 
CLU_6228 3143300550108 3733 
CLU_6228 3143303413578 29357 
CLU_6228 3143306329632 7883 
CLU_6228 3143305212588 11901 
CLU_6228 3143309812083 1200 
CLU_6228 3143306023282 2685 
CLU_6228 3143302218968 5178 
CLU_6228 3143309772227 339 
CLU_6228 3143302203480 4155 
CLU_6228 3143302219336 5379 
CLU_6228 3143302150085 3832 
CLU_6228 3143300211826 7992 
CLU_6228 3143302149931 5269 
CLU_6228 3143302219093 4218 
CLU_6228 3143309352511 1647 
CLU_6228 3143309251553 3879 
CLU_6228 3143305998220 4035 
CLU_6228 3143309854304 4420 
CLU_6228 3143309690905 5037 
CLU_6228 3143307608756 4399 
CLU_6228 3143306409911 3733 
CLU_6228 3143307780907 6795 
CLU_6228 3143309936424 5817 
CLU_6228 3143309812075 2197 
CLU_6228 3143306301304 1200 
CLU_6228 3143303688100 2943 
CLU_6228 3143303180115 1751 
CLU_6228 3143305302854 1637 
CLU_6228 3143302219212 805 
CLU_6228 3143302149958 4224 
CLU_6228 3143307282923 3305 
CLU_6228 3143307951345 2716 
CLU_6228 3143302219077 4561 
CLU_6228 3143302219344 7071 
CLU_6228 3143307607660 5702 
CLU_6228 3143302150069 2786 
CLU_6228 3143307809131 3822 
CLU_6228 3143300186252 8177 
CLU_6228 3143304701852 1788 
CLU_6228 3143307836619 1702 
CLU_6228 3143305212545 6988 
CLU_6228 3143302150077 4399 
CLU_6228 3143302150034 3964 
CLU_6228 3143302219409 69049 
CLU_6228 3143305212529 17165 
CLU_6228 3143302219379 50663 
CLU_6228 CLU_6416 17165 
CLU_6231 3143309772235 2915 
CLU_6231 3143309772251 3583 
CLU_6231 3143309812059 2143 
CLU_6231 3143309690964 2528 
CLU_6231 3143305305063 4187 
CLU_6231 3143307781067 4411 
CLU_6231 3143309132481 4166 
CLU_6231 3143307831331 4120 
CLU_6231 3143300659134 1943 
CLU_6231 3143303180158 502 
CLU_6231 3143307821506 1156 
CLU_6231 3143302150107 1859 
CLU_6231 3143309775978 1156 
CLU_6231 3143302219107 4372 
CLU_6231 3143302219352 3096 
CLU_6231 3143302219115 3997 
CLU_6231 3143303180182 5420 
CLU_6231 3143302150042 5432 
CLU_6231 3143302219085 6086 
CLU_6231 3143309812032 3894 
CLU_6231 3143302149915 5297 
CLU_6231 3143307299079 7279 
CLU_6231 3143302150018 7758 
CLU_6231 3143302218984 6430 
CLU_6231 3143306065295 6186 
CLU_6231 3143302219069 6167 
CLU_6231 3143306629296 7558 
CLU_6231 3143302149923 7001 
CLU_6231 3143306065341 7953 
CLU_6231 3143306329705 6616 
CLU_6231 3143306297943 12238 
CLU_6231 3143307780621 0 
CLU_6231 3143302219301 507 
CLU_6231 3143303180166 1156 
CLU_6231 3143305302803 5142 
CLU_6231 3143302149893 5637 
CLU_6231 3143302150026 7268 
CLU_6231 3143300550108 7642 
CLU_6231 3143303413578 30560 
CLU_6231 3143306329632 5380 
CLU_6231 3143305212588 14961 
CLU_6231 3143309812083 3004 
CLU_6231 3143306023282 4035 
CLU_6231 3143302218968 1440 
CLU_6231 3143309772227 4166 
CLU_6231 3143302203480 4227 
CLU_6231 3143302219336 6978 
CLU_6231 3143302150085 7279 
CLU_6231 3143300211826 6862 
CLU_6231 3143302149931 5014 
CLU_6231 3143302219093 1089 
CLU_6231 3143309352511 5393 
CLU_6231 3143309251553 5480 
CLU_6231 3143305998220 6149 
CLU_6231 3143309854304 7121 
CLU_6231 3143309690905 7230 
CLU_6231 3143307608756 8463 
CLU_6231 3143306409911 7642 
CLU_6231 3143307780907 5392 
CLU_6231 3143309936424 7904 
CLU_6231 3143309812075 1924 
CLU_6231 3143306301304 3004 
CLU_6231 3143303688100 1612 
CLU_6231 3143303180115 3583 
CLU_6231 3143305302854 4836 
CLU_6231 3143302219212 4384 
CLU_6231 3143302149958 3079 
CLU_6231 3143307282923 3724 
CLU_6231 3143307951345 4728 
CLU_6231 3143302219077 6386 
CLU_6231 3143302219344 6167 
CLU_6231 3143307607660 1859 
CLU_6231 3143302150069 6866 
CLU_6231 3143307809131 6357 
CLU_6231 3143300186252 6692 
CLU_6231 3143304701852 2300 
CLU_6231 3143307836619 3894 
CLU_6231 3143305212545 7657 
CLU_6231 3143302150077 8463 
CLU_6231 3143302150034 7744 
CLU_6231 3143302219409 65272 
CLU_6231 3143305212529 13150 
CLU_6231 3143302219379 46696 
CLU_6231 CLU_6416 13150 
CLU_6233 3143309772235 906 
CLU_6233 3143309772251 1831 
CLU_6233 3143309812059 0 
CLU_6233 3143309690964 615 
CLU_6233 3143305305063 2584 
CLU_6233 3143307781067 3392 
CLU_6233 3143309132481 3364 
CLU_6233 3143307831331 3435 
CLU_6233 3143300659134 2886 
CLU_6233 3143303180158 1643 
CLU_6233 3143307821506 1246 
CLU_6233 3143302150107 2968 
CLU_6233 3143309775978 1246 
CLU_6233 3143302219107 3988 
CLU_6233 3143302219352 1185 
CLU_6233 3143302219115 1861 
CLU_6233 3143303180182 3529 
CLU_6233 3143302150042 3792 
CLU_6233 3143302219085 4468 
CLU_6233 3143309812032 3870 
CLU_6233 3143302149915 5157 
CLU_6233 3143307299079 5444 
CLU_6233 3143302150018 6417 
CLU_6233 3143302218984 5333 
CLU_6233 3143306065295 5807 
CLU_6233 3143302219069 4600 
CLU_6233 3143306629296 6364 
CLU_6233 3143302149923 6147 
CLU_6233 3143306065341 7136 
CLU_6233 3143306329705 6315 
CLU_6233 3143306297943 13133 
CLU_6233 3143307780621 2143 
CLU_6233 3143302219301 2031 
CLU_6233 3143303180166 1246 
CLU_6233 3143305302803 3191 
CLU_6233 3143302149893 4411 
CLU_6233 3143302150026 5124 
CLU_6233 3143300550108 6850 
CLU_6233 3143303413578 31625 
CLU_6233 3143306329632 4808 
CLU_6233 3143305212588 12879 
CLU_6233 3143309812083 2583 
CLU_6233 3143306023282 1963 
CLU_6233 3143302218968 2457 
CLU_6233 3143309772227 3364 
CLU_6233 3143302203480 2162 
CLU_6233 3143302219336 4835 
CLU_6233 3143302150085 5444 
CLU_6233 3143300211826 5435 
CLU_6233 3143302149931 3110 
CLU_6233 3143302219093 3044 
CLU_6233 3143309352511 4747 
CLU_6233 3143309251553 3344 
CLU_6233 3143305998220 4040 
CLU_6233 3143309854304 5070 
CLU_6233 3143309690905 5105 
CLU_6233 3143307608756 7385 
CLU_6233 3143306409911 6850 
CLU_6233 3143307780907 4048 
CLU_6233 3143309936424 5766 
CLU_6233 3143309812075 1944 
CLU_6233 3143306301304 2583 
CLU_6233 3143303688100 2568 
CLU_6233 3143303180115 1831 
CLU_6233 3143305302854 3167 
CLU_6233 3143302219212 3025 
CLU_6233 3143302149958 1347 
CLU_6233 3143307282923 1581 
CLU_6233 3143307951345 4977 
CLU_6233 3143302219077 4248 
CLU_6233 3143302219344 4600 
CLU_6233 3143307607660 2968 
CLU_6233 3143302150069 5613 
CLU_6233 3143307809131 6493 
CLU_6233 3143300186252 5451 
CLU_6233 3143304701852 1802 
CLU_6233 3143307836619 3870 
CLU_6233 3143305212545 5628 
CLU_6233 3143302150077 7385 
CLU_6233 3143302150034 6066 
CLU_6233 3143302219409 65965 
CLU_6233 3143305212529 14305 
CLU_6233 3143302219379 47693 
CLU_6233 CLU_6416 14305 
CLU_6237 3143309772235 1634 
CLU_6237 3143309772251 789 
CLU_6237 3143309812059 2537 
CLU_6237 3143309690964 2707 
CLU_6237 3143305305063 609 
CLU_6237 3143307781067 1945 
CLU_6237 3143309132481 2262 
CLU_6237 3143307831331 2463 
CLU_6237 3143300659134 4026 
CLU_6237 3143303180158 3895 
CLU_6237 3143307821506 3750 
CLU_6237 3143302150107 5503 
CLU_6237 3143309775978 3750 
CLU_6237 3143302219107 6089 
CLU_6237 3143302219352 2747 
CLU_6237 3143302219115 1474 
CLU_6237 3143303180182 1050 
CLU_6237 3143302150042 1320 
CLU_6237 3143302219085 1977 
CLU_6237 3143309812032 3552 
CLU_6237 3143302149915 4294 
CLU_6237 3143307299079 2929 
CLU_6237 3143302150018 4047 
CLU_6237 3143302218984 3269 
CLU_6237 3143306065295 4525 
CLU_6237 3143302219069 5388 
CLU_6237 3143306629296 4117 
CLU_6237 3143302149923 4265 
CLU_6237 3143306065341 5207 
CLU_6237 3143306329705 5049 
CLU_6237 3143306297943 12803 
CLU_6237 3143307780621 4372 
CLU_6237 3143302219301 4430 
CLU_6237 3143303180166 3750 
CLU_6237 3143305302803 834 
CLU_6237 3143302149893 2328 
CLU_6237 3143302150026 3641 
CLU_6237 3143300550108 4967 
CLU_6237 3143303413578 31262 
CLU_6237 3143306329632 6692 
CLU_6237 3143305212588 10683 
CLU_6237 3143309812083 2547 
CLU_6237 3143306023282 980 
CLU_6237 3143302218968 4986 
CLU_6237 3143309772227 2262 
CLU_6237 3143302203480 2511 
CLU_6237 3143302219336 3489 
CLU_6237 3143302150085 2929 
CLU_6237 3143300211826 6320 
CLU_6237 3143302149931 3557 
CLU_6237 3143302219093 4938 
CLU_6237 3143309352511 3346 
CLU_6237 3143309251553 1956 
CLU_6237 3143305998220 2205 
CLU_6237 3143309854304 2875 
CLU_6237 3143309690905 3279 
CLU_6237 3143307608756 5190 
CLU_6237 3143306409911 4967 
CLU_6237 3143307780907 5280 
CLU_6237 3143309936424 4050 
CLU_6237 3143309812075 2976 
CLU_6237 3143306301304 2547 
CLU_6237 3143303688100 3890 
CLU_6237 3143303180115 789 
CLU_6237 3143305302854 739 
CLU_6237 3143302219212 1209 
CLU_6237 3143302149958 3071 
CLU_6237 3143307282923 1784 
CLU_6237 3143307951345 4626 
CLU_6237 3143302219077 2684 
CLU_6237 3143302219344 5388 
CLU_6237 3143307607660 5503 
CLU_6237 3143302150069 3361 
CLU_6237 3143307809131 5718 
CLU_6237 3143300186252 6596 
CLU_6237 3143304701852 2479 
CLU_6237 3143307836619 3552 
CLU_6237 3143305212545 5066 
CLU_6237 3143302150077 5190 
CLU_6237 3143302150034 3532 
CLU_6237 3143302219409 68211 
CLU_6237 3143305212529 16797 
CLU_6237 3143302219379 50097 
CLU_6237 CLU_6416 16797 
CLU_6238 3143309772235 1745 
CLU_6238 3143309772251 769 
CLU_6238 3143309812059 2584 
CLU_6238 3143309690964 2882 
CLU_6238 3143305305063 0 
CLU_6238 3143307781067 1348 
CLU_6238 3143309132481 1653 
CLU_6238 3143307831331 1854 
CLU_6238 3143300659134 3597 
CLU_6238 3143303180158 3738 
CLU_6238 3143307821506 3718 
CLU_6238 3143302150107 5492 
CLU_6238 3143309775978 3718 
CLU_6238 3143302219107 6364 
CLU_6238 3143302219352 3038 
CLU_6238 3143302219115 1948 
CLU_6238 3143303180182 1419 
CLU_6238 3143302150042 1251 
CLU_6238 3143302219085 1920 
CLU_6238 3143309812032 2955 
CLU_6238 3143302149915 3690 
CLU_6238 3143307299079 3118 
CLU_6238 3143302150018 3837 
CLU_6238 3143302218984 2874 
CLU_6238 3143306065295 3957 
CLU_6238 3143302219069 5904 
CLU_6238 3143306629296 3823 
CLU_6238 3143302149923 3817 
CLU_6238 3143306065341 4783 
CLU_6238 3143306329705 4483 
CLU_6238 3143306297943 12196 
CLU_6238 3143307780621 4187 
CLU_6238 3143302219301 4314 
CLU_6238 3143303180166 3718 
CLU_6238 3143305302803 1342 
CLU_6238 3143302149893 1923 
CLU_6238 3143302150026 4224 
CLU_6238 3143300550108 4527 
CLU_6238 3143303413578 30659 
CLU_6238 3143306329632 7032 
CLU_6238 3143305212588 11049 
CLU_6238 3143309812083 2021 
CLU_6238 3143306023282 1461 
CLU_6238 3143302218968 4965 
CLU_6238 3143309772227 1653 
CLU_6238 3143302203480 2994 
CLU_6238 3143302219336 4084 
CLU_6238 3143302150085 3118 
CLU_6238 3143300211826 6834 
CLU_6238 3143302149931 4077 
CLU_6238 3143302219093 4634 
CLU_6238 3143309352511 2777 
CLU_6238 3143309251553 2564 
CLU_6238 3143305998220 2771 
CLU_6238 3143309854304 3323 
CLU_6238 3143309690905 3819 
CLU_6238 3143307608756 4874 
CLU_6238 3143306409911 4527 
CLU_6238 3143307780907 5731 
CLU_6238 3143309936424 4596 
CLU_6238 3143309812075 2602 
CLU_6238 3143306301304 2021 
CLU_6238 3143303688100 3502 
CLU_6238 3143303180115 769 
CLU_6238 3143305302854 651 
CLU_6238 3143302219212 636 
CLU_6238 3143302149958 3359 
CLU_6238 3143307282923 2197 
CLU_6238 3143307951345 4019 
CLU_6238 3143302219077 3272 
CLU_6238 3143302219344 5904 
CLU_6238 3143307607660 5492 
CLU_6238 3143302150069 3065 
CLU_6238 3143307809131 5116 
CLU_6238 3143300186252 7077 
CLU_6238 3143304701852 2099 
CLU_6238 3143307836619 2955 
CLU_6238 3143305212545 5674 
CLU_6238 3143302150077 4874 
CLU_6238 3143302150034 3566 
CLU_6238 3143302219409 68470 
CLU_6238 3143305212529 16888 
CLU_6238 3143302219379 50267 
CLU_6238 CLU_6416 16888 
CLU_6239 3143309772235 2911 
CLU_6239 3143309772251 1962 
CLU_6239 3143309812059 3792 
CLU_6239 3143309690964 4016 
CLU_6239 3143305305063 1251 
CLU_6239 3143307781067 1725 
CLU_6239 3143309132481 2171 
CLU_6239 3143307831331 2384 
CLU_6239 3143300659134 4687 
CLU_6239 3143303180158 4988 
CLU_6239 3143307821506 4958 
CLU_6239 3143302150107 6729 
CLU_6239 3143309775978 4958 
CLU_6239 3143302219107 7406 
CLU_6239 3143302219352 4065 
CLU_6239 3143302219115 2732 
CLU_6239 3143303180182 940 
CLU_6239 3143302150042 0 
CLU_6239 3143302219085 676 
CLU_6239 3143309812032 3586 
CLU_6239 3143302149915 3883 
CLU_6239 3143307299079 1948 
CLU_6239 3143302150018 2732 
CLU_6239 3143302218984 2143 
CLU_6239 3143306065295 3823 
CLU_6239 3143302219069 6501 
CLU_6239 3143306629296 2844 
CLU_6239 3143302149923 3195 
CLU_6239 3143306065341 4070 
CLU_6239 3143306329705 4314 
CLU_6239 3143306297943 12322 
CLU_6239 3143307780621 5432 
CLU_6239 3143302219301 5565 
CLU_6239 3143303180166 4958 
CLU_6239 3143305302803 1244 
CLU_6239 3143302149893 1312 
CLU_6239 3143302150026 3905 
CLU_6239 3143300550108 3865 
CLU_6239 3143303413578 30660 
CLU_6239 3143306329632 7989 
CLU_6239 3143305212588 9995 
CLU_6239 3143309812083 3002 
CLU_6239 3143306023282 2258 
CLU_6239 3143302218968 6205 
CLU_6239 3143309772227 2171 
CLU_6239 3143302203480 3726 
CLU_6239 3143302219336 3870 
CLU_6239 3143302150085 1948 
CLU_6239 3143300211826 7429 
CLU_6239 3143302149931 4687 
CLU_6239 3143302219093 5830 
CLU_6239 3143309352511 2715 
CLU_6239 3143309251553 2660 
CLU_6239 3143305998220 2481 
CLU_6239 3143309854304 2568 
CLU_6239 3143309690905 3316 
CLU_6239 3143307608756 3923 
CLU_6239 3143306409911 3865 
CLU_6239 3143307780907 6495 
CLU_6239 3143309936424 4078 
CLU_6239 3143309812075 3770 
CLU_6239 3143306301304 3002 
CLU_6239 3143303688100 4642 
CLU_6239 3143303180115 1962 
CLU_6239 3143305302854 624 
CLU_6239 3143302219212 1190 
CLU_6239 3143302149958 4390 
CLU_6239 3143307282923 3076 
CLU_6239 3143307951345 4475 
CLU_6239 3143302219077 3060 
CLU_6239 3143302219344 6501 
CLU_6239 3143307607660 6729 
CLU_6239 3143302150069 2104 
CLU_6239 3143307809131 5224 
CLU_6239 3143300186252 7762 
CLU_6239 3143304701852 3275 
CLU_6239 3143307836619 3586 
CLU_6239 3143305212545 5716 
CLU_6239 3143302150077 3923 
CLU_6239 3143302150034 2315 
CLU_6239 3143302219409 69527 
CLU_6239 3143305212529 18089 
CLU_6239 3143302219379 51414 
CLU_6239 CLU_6416 18089 
CLU_6240 3143309772235 2260 
CLU_6240 3143309772251 1317 
CLU_6240 3143309812059 3025 
CLU_6240 3143309690964 3396 
CLU_6240 3143305305063 636 
CLU_6240 3143307781067 744 
CLU_6240 3143309132481 1117 
CLU_6240 3143307831331 1332 
CLU_6240 3143300659134 3502 
CLU_6240 3143303180158 3973 
CLU_6240 3143307821506 4068 
CLU_6240 3143302150107 5834 
CLU_6240 3143309775978 4068 
CLU_6240 3143302219107 6907 
CLU_6240 3143302219352 3610 
CLU_6240 3143302219115 2582 
CLU_6240 3143303180182 1745 
CLU_6240 3143302150042 1190 
CLU_6240 3143302219085 1759 
CLU_6240 3143309812032 2507 
CLU_6240 3143302149915 3099 
CLU_6240 3143307299079 3137 
CLU_6240 3143302150018 3430 
CLU_6240 3143302218984 2321 
CLU_6240 3143306065295 3323 
CLU_6240 3143302219069 6539 
CLU_6240 3143306629296 3339 
CLU_6240 3143302149923 3218 
CLU_6240 3143306065341 4195 
CLU_6240 3143306329705 3849 
CLU_6240 3143306297943 11614 
CLU_6240 3143307780621 4384 
CLU_6240 3143302219301 4576 
CLU_6240 3143303180166 4068 
CLU_6240 3143305302803 1797 
CLU_6240 3143302149893 1386 
CLU_6240 3143302150026 4705 
CLU_6240 3143300550108 3929 
CLU_6240 3143303413578 30059 
CLU_6240 3143306329632 7608 
CLU_6240 3143305212588 11182 
CLU_6240 3143309812083 1811 
CLU_6240 3143306023282 2097 
CLU_6240 3143302218968 5305 
CLU_6240 3143309772227 1117 
CLU_6240 3143302203480 3628 
CLU_6240 3143302219336 4596 
CLU_6240 3143302150085 3137 
CLU_6240 3143300211826 7469 
CLU_6240 3143302149931 4714 
CLU_6240 3143302219093 4689 
CLU_6240 3143309352511 2144 
CLU_6240 3143309251553 3132 
CLU_6240 3143305998220 3240 
CLU_6240 3143309854304 3622 
CLU_6240 3143309690905 4233 
CLU_6240 3143307608756 4361 
CLU_6240 3143306409911 3929 
CLU_6240 3143307780907 6354 
CLU_6240 3143309936424 5012 
CLU_6240 3143309812075 2623 
CLU_6240 3143306301304 1811 
CLU_6240 3143303688100 3471 
CLU_6240 3143303180115 1317 
CLU_6240 3143305302854 832 
CLU_6240 3143302219212 0 
CLU_6240 3143302149958 3925 
CLU_6240 3143307282923 2819 
CLU_6240 3143307951345 3507 
CLU_6240 3143302219077 3775 
CLU_6240 3143302219344 6539 
CLU_6240 3143307607660 5834 
CLU_6240 3143302150069 2593 
CLU_6240 3143307809131 4516 
CLU_6240 3143300186252 7706 
CLU_6240 3143304701852 2142 
CLU_6240 3143307836619 2507 
CLU_6240 3143305212545 6257 
CLU_6240 3143302150077 4361 
CLU_6240 3143302150034 3406 
CLU_6240 3143302219409 68979 
CLU_6240 3143305212529 17282 
CLU_6240 3143302219379 50712 
CLU_6240 CLU_6416 17282 
CLU_6241 3143309772235 2748 
CLU_6241 3143309772251 1902 
CLU_6241 3143309812059 3392 
CLU_6241 3143309690964 3846 
CLU_6241 3143305305063 1348 
CLU_6241 3143307781067 0 
CLU_6241 3143309132481 448 
CLU_6241 3143307831331 659 
CLU_6241 3143300659134 3216 
CLU_6241 3143303180158 4058 
CLU_6241 3143307821506 4289 
CLU_6241 3143302150107 6014 
CLU_6241 3143309775978 4289 
CLU_6241 3143302219107 7360 
CLU_6241 3143302219352 4141 
CLU_6241 3143302219115 3255 
CLU_6241 3143303180182 2440 
CLU_6241 3143302150042 1725 
CLU_6241 3143302219085 2132 
CLU_6241 3143309812032 1860 
CLU_6241 3143302149915 2354 
CLU_6241 3143307299079 3591 
CLU_6241 3143302150018 3368 
CLU_6241 3143302218984 2029 
CLU_6241 3143306065295 2629 
CLU_6241 3143302219069 7208 
CLU_6241 3143306629296 3148 
CLU_6241 3143302149923 2757 
CLU_6241 3143306065341 3746 
CLU_6241 3143306329705 3157 
CLU_6241 3143306297943 10869 
CLU_6241 3143307780621 4411 
CLU_6241 3143302219301 4677 
CLU_6241 3143303180166 4289 
CLU_6241 3143305302803 2530 
CLU_6241 3143302149893 1251 
CLU_6241 3143302150026 5433 
CLU_6241 3143300550108 3457 
CLU_6241 3143303413578 29317 
CLU_6241 3143306329632 8116 
CLU_6241 3143305212588 11661 
CLU_6241 3143309812083 1516 
CLU_6241 3143306023282 2784 
CLU_6241 3143302218968 5488 
CLU_6241 3143309772227 448 
CLU_6241 3143302203480 4289 
CLU_6241 3143302219336 5333 
CLU_6241 3143302150085 3591 
CLU_6241 3143300211826 8134 
CLU_6241 3143302149931 5393 
CLU_6241 3143302219093 4540 
CLU_6241 3143309352511 1460 
CLU_6241 3143309251553 3877 
CLU_6241 3143305998220 3967 
CLU_6241 3143309854304 4269 
CLU_6241 3143309690905 4934 
CLU_6241 3143307608756 4085 
CLU_6241 3143306409911 3457 
CLU_6241 3143307780907 6970 
CLU_6241 3143309936424 5711 
CLU_6241 3143309812075 2522 
CLU_6241 3143306301304 1516 
CLU_6241 3143303688100 3260 
CLU_6241 3143303180115 1902 
CLU_6241 3143305302854 1538 
CLU_6241 3143302219212 744 
CLU_6241 3143302149958 4443 
CLU_6241 3143307282923 3454 
CLU_6241 3143307951345 2793 
CLU_6241 3143302219077 4510 
CLU_6241 3143302219344 7208 
CLU_6241 3143307607660 6014 
CLU_6241 3143302150069 2461 
CLU_6241 3143307809131 3774 
CLU_6241 3143300186252 8342 
CLU_6241 3143304701852 2111 
CLU_6241 3143307836619 1860 
CLU_6241 3143305212545 7001 
CLU_6241 3143302150077 4085 
CLU_6241 3143302150034 3674 
CLU_6241 3143302219409 69337 
CLU_6241 3143305212529 17479 
CLU_6241 3143302219379 50970 
CLU_6241 CLU_6416 17479 
CLU_6242 3143309772235 2938 
CLU_6242 3143309772251 2239 
CLU_6242 3143309812059 3435 
CLU_6242 3143309690964 3956 
CLU_6242 3143305305063 1854 
CLU_6242 3143307781067 659 
CLU_6242 3143309132481 217 
CLU_6242 3143307831331 0 
CLU_6242 3143300659134 2715 
CLU_6242 3143303180158 3824 
CLU_6242 3143307821506 4169 
CLU_6242 3143302150107 5827 
CLU_6242 3143309775978 4169 
CLU_6242 3143302219107 7422 
CLU_6242 3143302219352 4330 
CLU_6242 3143302219115 3636 
CLU_6242 3143303180182 3071 
CLU_6242 3143302150042 2384 
CLU_6242 3143302219085 2777 
CLU_6242 3143309812032 1201 
CLU_6242 3143302149915 1883 
CLU_6242 3143307299079 4241 
CLU_6242 3143302150018 3813 
CLU_6242 3143302218984 2368 
CLU_6242 3143306065295 2379 
CLU_6242 3143302219069 7544 
CLU_6242 3143306629296 3511 
CLU_6242 3143302149923 2884 
CLU_6242 3143306065341 3851 
CLU_6242 3143306329705 2896 
CLU_6242 3143306297943 10352 
CLU_6242 3143307780621 4120 
CLU_6242 3143302219301 4444 
CLU_6242 3143303180166 4169 
CLU_6242 3143305302803 3126 
CLU_6242 3143302149893 1769 
CLU_6242 3143302150026 6036 
CLU_6242 3143300550108 3545 
CLU_6242 3143303413578 28833 
CLU_6242 3143306329632 8234 
CLU_6242 3143305212588 12308 
CLU_6242 3143309812083 1118 
CLU_6242 3143306023282 3197 
CLU_6242 3143302218968 5312 
CLU_6242 3143309772227 217 
CLU_6242 3143302203480 4637 
CLU_6242 3143302219336 5918 
CLU_6242 3143302150085 4241 
CLU_6242 3143300211826 8459 
CLU_6242 3143302149931 5756 
CLU_6242 3143302219093 4110 
CLU_6242 3143309352511 1331 
CLU_6242 3143309251553 4418 
CLU_6242 3143305998220 4571 
CLU_6242 3143309854304 4921 
CLU_6242 3143309690905 5563 
CLU_6242 3143307608756 4355 
CLU_6242 3143306409911 3545 
CLU_6242 3143307780907 7230 
CLU_6242 3143309936424 6342 
CLU_6242 3143309812075 2196 
CLU_6242 3143306301304 1118 
CLU_6242 3143303688100 2813 
CLU_6242 3143303180115 2239 
CLU_6242 3143305302854 2159 
CLU_6242 3143302219212 1332 
CLU_6242 3143302149958 4611 
CLU_6242 3143307282923 3779 
CLU_6242 3143307951345 2177 
CLU_6242 3143302219077 5099 
CLU_6242 3143302219344 7544 
CLU_6242 3143307607660 5827 
CLU_6242 3143302150069 2892 
CLU_6242 3143307809131 3310 
CLU_6242 3143300186252 8621 
CLU_6242 3143304701852 1880 
CLU_6242 3143307836619 1201 
CLU_6242 3143305212545 7524 
CLU_6242 3143302150077 4355 
CLU_6242 3143302150034 4276 
CLU_6242 3143302219409 69250 
CLU_6242 3143305212529 17260 
CLU_6242 3143302219379 50789 
CLU_6242 CLU_6416 17260 
CLU_6249 3143309772235 3874 
CLU_6249 3143309772251 4771 
CLU_6249 3143309812059 2968 
CLU_6249 3143309690964 2967 
CLU_6249 3143305305063 5492 
CLU_6249 3143307781067 6014 
CLU_6249 3143309132481 5838 
CLU_6249 3143307831331 5827 
CLU_6249 3143300659134 3798 
CLU_6249 3143303180158 2015 
CLU_6249 3143307821506 1774 
CLU_6249 3143302150107 0 
CLU_6249 3143309775978 1774 
CLU_6249 3143302219107 2915 
CLU_6249 3143302219352 3314 
CLU_6249 3143302219115 4656 
CLU_6249 3143303180182 6495 
CLU_6249 3143302150042 6729 
CLU_6249 3143302219085 7405 
CLU_6249 3143309812032 5729 
CLU_6249 3143302149915 7135 
CLU_6249 3143307299079 8412 
CLU_6249 3143302150018 9264 
CLU_6249 3143302218984 8040 
CLU_6249 3143306065295 7999 
CLU_6249 3143302219069 5471 
CLU_6249 3143306629296 9136 
CLU_6249 3143302149923 8706 
CLU_6249 3143306065341 9678 
CLU_6249 3143306329705 8444 
CLU_6249 3143306297943 13937 
CLU_6249 3143307780621 1859 
CLU_6249 3143302219301 1415 
CLU_6249 3143303180166 1774 
CLU_6249 3143305302803 6148 
CLU_6249 3143302149893 7179 
CLU_6249 3143302150026 7680 
CLU_6249 3143300550108 9372 
CLU_6249 3143303413578 32126 
CLU_6249 3143306329632 3935 
CLU_6249 3143305212588 15645 
CLU_6249 3143309812083 4735 
CLU_6249 3143306023282 4879 
CLU_6249 3143302218968 529 
CLU_6249 3143309772227 5838 
CLU_6249 3143302203480 4448 
CLU_6249 3143302219336 7348 
CLU_6249 3143302150085 8412 
CLU_6249 3143300211826 5969 
CLU_6249 3143302149931 4858 
CLU_6249 3143302219093 2653 
CLU_6249 3143309352511 7138 
CLU_6249 3143309251553 6066 
CLU_6249 3143305998220 6836 
CLU_6249 3143309854304 7942 
CLU_6249 3143309690905 7827 
CLU_6249 3143307608756 10099 
CLU_6249 3143306409911 9372 
CLU_6249 3143307780907 4549 
CLU_6249 3143309936424 8396 
CLU_6249 3143309812075 3673 
CLU_6249 3143306301304 4735 
CLU_6249 3143303688100 3472 
CLU_6249 3143303180115 4771 
CLU_6249 3143305302854 6106 
CLU_6249 3143302219212 5834 
CLU_6249 3143302149958 3118 
CLU_6249 3143307282923 4292 
CLU_6249 3143307951345 6588 
CLU_6249 3143302219077 6924 
CLU_6249 3143302219344 5471 
CLU_6249 3143307607660 0 
CLU_6249 3143302150069 8410 
CLU_6249 3143307809131 8217 
CLU_6249 3143300186252 5640 
CLU_6249 3143304701852 3948 
CLU_6249 3143307836619 5729 
CLU_6249 3143305212545 7539 
CLU_6249 3143302150077 10099 
CLU_6249 3143302150034 9024 
CLU_6249 3143302219409 63458 
CLU_6249 3143305212529 11465 
CLU_6249 3143302219379 44966 
CLU_6249 CLU_6416 11465 
CLU_6250 3143309772235 4647 
CLU_6250 3143309772251 5603 
CLU_6250 3143309812059 3988 
CLU_6250 3143309690964 3518 
CLU_6250 3143305305063 6364 
CLU_6250 3143307781067 7360 
CLU_6250 3143309132481 7353 
CLU_6250 3143307831331 7422 
CLU_6250 3143300659134 6189 
CLU_6250 3143303180158 4233 
CLU_6250 3143307821506 3524 
CLU_6250 3143302150107 2915 
CLU_6250 3143309775978 3524 
CLU_6250 3143302219107 0 
CLU_6250 3143302219352 3342 
CLU_6250 3143302219115 4728 
CLU_6250 3143303180182 6819 
CLU_6250 3143302150042 7406 
CLU_6250 3143302219085 8043 
CLU_6250 3143309812032 7738 
CLU_6250 3143302149915 9089 
CLU_6250 3143307299079 8613 
CLU_6250 3143302150018 10136 
CLU_6250 3143302218984 9225 
CLU_6250 3143306065295 9788 
CLU_6250 3143302219069 3209 
CLU_6250 3143306629296 10180 
CLU_6250 3143302149923 10100 
CLU_6250 3143306065341 11086 
CLU_6250 3143306329705 10290 
CLU_6250 3143306297943 16601 
CLU_6250 3143307780621 4372 
CLU_6250 3143302219301 3866 
CLU_6250 3143303180166 3524 
CLU_6250 3143305302803 6415 
CLU_6250 3143302149893 8279 
CLU_6250 3143302150026 6766 
CLU_6250 3143300550108 10808 
CLU_6250 3143303413578 34925 
CLU_6250 3143306329632 1025 
CLU_6250 3143305212588 14707 
CLU_6250 3143309812083 6508 
CLU_6250 3143306023282 5164 
CLU_6250 3143302218968 3043 
CLU_6250 3143309772227 7353 
CLU_6250 3143302203480 3929 
CLU_6250 3143302219336 6409 
CLU_6250 3143302150085 8613 
CLU_6250 3143300211826 3387 
CLU_6250 3143302149931 3595 
CLU_6250 3143302219093 5387 
CLU_6250 3143309352511 8735 
CLU_6250 3143309251553 5676 
CLU_6250 3143305998220 6475 
CLU_6250 3143309854304 7655 
CLU_6250 3143309690905 7188 
CLU_6250 3143307608756 11238 
CLU_6250 3143306409911 10808 
CLU_6250 3143307780907 2245 
CLU_6250 3143309936424 7528 
CLU_6250 3143309812075 5638 
CLU_6250 3143306301304 6508 
CLU_6250 3143303688100 5829 
CLU_6250 3143303180115 5603 
CLU_6250 3143305302854 6820 
CLU_6250 3143302219212 6907 
CLU_6250 3143302149958 3018 
CLU_6250 3143307282923 4354 
CLU_6250 3143307951345 8775 
CLU_6250 3143302219077 6311 
CLU_6250 3143302219344 3209 
CLU_6250 3143307607660 2915 
CLU_6250 3143302150069 9421 
CLU_6250 3143307809131 10363 
CLU_6250 3143300186252 2907 
CLU_6250 3143304701852 5683 
CLU_6250 3143307836619 7738 
CLU_6250 3143305212545 5841 
CLU_6250 3143302150077 11238 
CLU_6250 3143302150034 9447 
CLU_6250 3143302219409 62122 
CLU_6250 3143305212529 11107 
CLU_6250 3143302219379 44085 
CLU_6250 CLU_6416 11107 
CLU_6252 3143309772235 1398 
CLU_6252 3143309772251 2293 
CLU_6252 3143309812059 1185 
CLU_6252 3143309690964 599 
CLU_6252 3143305305063 3038 
CLU_6252 3143307781067 4141 
CLU_6252 3143309132481 4218 
CLU_6252 3143307831331 4330 
CLU_6252 3143300659134 4070 
CLU_6252 3143303180158 2633 
CLU_6252 3143307821506 1981 
CLU_6252 3143302150107 3314 
CLU_6252 3143309775978 1981 
CLU_6252 3143302219107 3342 
CLU_6252 3143302219352 0 
CLU_6252 3143302219115 1469 
CLU_6252 3143303180182 3534 
CLU_6252 3143302150042 4065 
CLU_6252 3143302219085 4711 
CLU_6252 3143309812032 4937 
CLU_6252 3143302149915 6148 
CLU_6252 3143307299079 5402 
CLU_6252 3143302150018 6793 
CLU_6252 3143302218984 5912 
CLU_6252 3143306065295 6702 
CLU_6252 3143302219069 3424 
CLU_6252 3143306629296 6841 
CLU_6252 3143302149923 6828 
CLU_6252 3143306065341 7806 
CLU_6252 3143306329705 7223 
CLU_6252 3143306297943 14278 
CLU_6252 3143307780621 3096 
CLU_6252 3143302219301 2833 
CLU_6252 3143303180166 1981 
CLU_6252 3143305302803 3139 
CLU_6252 3143302149893 4961 
CLU_6252 3143302150026 4377 
CLU_6252 3143300550108 7538 
CLU_6252 3143303413578 32780 
CLU_6252 3143306329632 3997 
CLU_6252 3143305212588 12331 
CLU_6252 3143309812083 3634 
CLU_6252 3143306023282 1847 
CLU_6252 3143302218968 2893 
CLU_6252 3143309772227 4218 
CLU_6252 3143302203480 1169 
CLU_6252 3143302219336 4052 
CLU_6252 3143302150085 5402 
CLU_6252 3143300211826 4278 
CLU_6252 3143302149931 1952 
CLU_6252 3143302219093 4103 
CLU_6252 3143309352511 5578 
CLU_6252 3143309251553 2767 
CLU_6252 3143305998220 3556 
CLU_6252 3143309854304 4700 
CLU_6252 3143309690905 4516 
CLU_6252 3143307608756 7904 
CLU_6252 3143306409911 7538 
CLU_6252 3143307780907 2935 
CLU_6252 3143309936424 5083 
CLU_6252 3143309812075 3117 
CLU_6252 3143306301304 3634 
CLU_6252 3143303688100 3749 
CLU_6252 3143303180115 2293 
CLU_6252 3143305302854 3477 
CLU_6252 3143302219212 3610 
CLU_6252 3143302149958 324 
CLU_6252 3143307282923 1078 
CLU_6252 3143307951345 6067 
CLU_6252 3143302219077 3611 
CLU_6252 3143302219344 3424 
CLU_6252 3143307607660 3314 
CLU_6252 3143302150069 6083 
CLU_6252 3143307809131 7528 
CLU_6252 3143300186252 4341 
CLU_6252 3143304701852 2916 
CLU_6252 3143307836619 4937 
CLU_6252 3143305212545 4561 
CLU_6252 3143302150077 7904 
CLU_6252 3143302150034 6171 
CLU_6252 3143302219409 65465 
CLU_6252 3143305212529 14170 
CLU_6252 3143302219379 47374 
CLU_6252 CLU_6416 14170 
CLU_6254 3143309772235 1120 
CLU_6254 3143309772251 989 
CLU_6254 3143309812059 1963 
CLU_6254 3143309690964 1941 
CLU_6254 3143305305063 1461 
CLU_6254 3143307781067 2784 
CLU_6254 3143309132481 3021 
CLU_6254 3143307831331 3197 
CLU_6254 3143300659134 4145 
CLU_6254 3143303180158 3534 
CLU_6254 3143307821506 3207 
CLU_6254 3143302150107 4879 
CLU_6254 3143309775978 3207 
CLU_6254 3143302219107 5164 
CLU_6254 3143302219352 1847 
CLU_6254 3143302219115 494 
CLU_6254 3143303180182 1691 
CLU_6254 3143302150042 2258 
CLU_6254 3143302219085 2881 
CLU_6254 3143309812032 4149 
CLU_6254 3143302149915 5076 
CLU_6254 3143307299079 3585 
CLU_6254 3143302150018 4989 
CLU_6254 3143302218984 4250 
CLU_6254 3143306065295 5410 
CLU_6254 3143302219069 4442 
CLU_6254 3143306629296 5087 
CLU_6254 3143302149923 5238 
CLU_6254 3143306065341 6186 
CLU_6254 3143306329705 5938 
CLU_6254 3143306297943 13531 
CLU_6254 3143307780621 4035 
CLU_6254 3143302219301 3985 
CLU_6254 3143303180166 3207 
CLU_6254 3143305302803 1305 
CLU_6254 3143302149893 3306 
CLU_6254 3143302150026 3368 
CLU_6254 3143300550108 5943 
CLU_6254 3143303413578 32025 
CLU_6254 3143306329632 5730 
CLU_6254 3143305212588 10931 
CLU_6254 3143309812083 2966 
CLU_6254 3143306023282 0 
CLU_6254 3143302218968 4386 
CLU_6254 3143309772227 3021 
CLU_6254 3143302203480 1540 
CLU_6254 3143302219336 3134 
CLU_6254 3143302150085 3585 
CLU_6254 3143300211826 5373 
CLU_6254 3143302149931 2616 
CLU_6254 3143302219093 4783 
CLU_6254 3143309352511 4233 
CLU_6254 3143309251553 1536 
CLU_6254 3143305998220 2120 
CLU_6254 3143309854304 3107 
CLU_6254 3143309690905 3215 
CLU_6254 3143307608756 6162 
CLU_6254 3143306409911 5943 
CLU_6254 3143307780907 4301 
CLU_6254 3143309936424 3927 
CLU_6254 3143309812075 3049 
CLU_6254 3143306301304 2966 
CLU_6254 3143303688100 3932 
CLU_6254 3143303180115 989 
CLU_6254 3143305302854 1715 
CLU_6254 3143302219212 2097 
CLU_6254 3143302149958 2167 
CLU_6254 3143307282923 817 
CLU_6254 3143307951345 5275 
CLU_6254 3143302219077 2425 
CLU_6254 3143302219344 4442 
CLU_6254 3143307607660 4879 
CLU_6254 3143302150069 4334 
CLU_6254 3143307809131 6505 
CLU_6254 3143300186252 5627 
CLU_6254 3143304701852 2613 
CLU_6254 3143307836619 4149 
CLU_6254 3143305212545 4420 
CLU_6254 3143302150077 6162 
CLU_6254 3143302150034 4325 
CLU_6254 3143302219409 67276 
CLU_6254 3143305212529 16000 
CLU_6254 3143302219379 49220 
CLU_6254 CLU_6416 16000 
CLU_6258 3143309772235 2623 
CLU_6258 3143309772251 1840 
CLU_6258 3143309812059 3529 
CLU_6258 3143309690964 3613 
CLU_6258 3143305305063 1419 
CLU_6258 3143307781067 2440 
CLU_6258 3143309132481 2854 
CLU_6258 3143307831331 3071 
CLU_6258 3143300659134 5011 
CLU_6258 3143303180158 4941 
CLU_6258 3143307821506 4763 
CLU_6258 3143302150107 6495 
CLU_6258 3143309775978 4763 
CLU_6258 3143302219107 6819 
CLU_6258 3143302219352 3534 
CLU_6258 3143302219115 2091 
CLU_6258 3143303180182 0 
CLU_6258 3143302150042 940 
CLU_6258 3143302219085 1342 
CLU_6258 3143309812032 4252 
CLU_6258 3143302149915 4729 
CLU_6258 3143307299079 1917 
CLU_6258 3143302150018 3454 
CLU_6258 3143302218984 3068 
CLU_6258 3143306065295 4741 
CLU_6258 3143302219069 5646 
CLU_6258 3143306629296 3665 
CLU_6258 3143302149923 4125 
CLU_6258 3143306065341 4976 
CLU_6258 3143306329705 5239 
CLU_6258 3143306297943 13213 
CLU_6258 3143307780621 5420 
CLU_6258 3143302219301 5467 
CLU_6258 3143303180166 4763 
CLU_6258 3143305302803 406 
CLU_6258 3143302149893 2251 
CLU_6258 3143302150026 3016 
CLU_6258 3143300550108 4783 
CLU_6258 3143303413578 31580 
CLU_6258 3143306329632 7319 
CLU_6258 3143305212588 9652 
CLU_6258 3143309812083 3433 
CLU_6258 3143306023282 1691 
CLU_6258 3143302218968 5986 
CLU_6258 3143309772227 2854 
CLU_6258 3143302203480 2986 
CLU_6258 3143302219336 2955 
CLU_6258 3143302150085 1917 
CLU_6258 3143300211826 6567 
CLU_6258 3143302149931 3859 
CLU_6258 3143302219093 5980 
CLU_6258 3143309352511 3609 
CLU_6258 3143309251553 1732 
CLU_6258 3143305998220 1565 
CLU_6258 3143309854304 1906 
CLU_6258 3143309690905 2494 
CLU_6258 3143307608756 4739 
CLU_6258 3143306409911 4783 
CLU_6258 3143307780907 5714 
CLU_6258 3143309936424 3271 
CLU_6258 3143309812075 3989 
CLU_6258 3143306301304 3433 
CLU_6258 3143303688100 4899 
CLU_6258 3143303180115 1840 
CLU_6258 3143305302854 912 
CLU_6258 3143302219212 1745 
CLU_6258 3143302149958 3851 
CLU_6258 3143307282923 2473 
CLU_6258 3143307951345 5233 
CLU_6258 3143302219077 2137 
CLU_6258 3143302219344 5646 
CLU_6258 3143307607660 6495 
CLU_6258 3143302150069 2958 
CLU_6258 3143307809131 6103 
CLU_6258 3143300186252 6934 
CLU_6258 3143304701852 3488 
CLU_6258 3143307836619 4252 
CLU_6258 3143305212545 4777 
CLU_6258 3143302150077 4739 
CLU_6258 3143302150034 2637 
CLU_6258 3143302219409 68892 
CLU_6258 3143305212529 17691 
CLU_6258 3143302219379 50896 
CLU_6258 CLU_6416 17691 
CLU_6260 3143309772235 3434 
CLU_6260 3143309772251 2542 
CLU_6260 3143309812059 4336 
CLU_6260 3143309690964 4485 
CLU_6260 3143305305063 1909 
CLU_6260 3143307781067 2436 
CLU_6260 3143309132481 2885 
CLU_6260 3143307831331 3096 
CLU_6260 3143300659134 5417 
CLU_6260 3143303180158 5631 
CLU_6260 3143307821506 5541 
CLU_6260 3143302150107 7300 
CLU_6260 3143309775978 5541 
CLU_6260 3143302219107 7754 
CLU_6260 3143302219352 4450 
CLU_6260 3143302219115 3025 
CLU_6260 3143303180182 943 
CLU_6260 3143302150042 735 
CLU_6260 3143302219085 531 
CLU_6260 3143309812032 4294 
CLU_6260 3143302149915 4482 
CLU_6260 3143307299079 1220 
CLU_6260 3143302150018 2536 
CLU_6260 3143302218984 2386 
CLU_6260 3143306065295 4302 
CLU_6260 3143302219069 6544 
CLU_6260 3143306629296 2801 
CLU_6260 3143302149923 3435 
CLU_6260 3143306065341 4205 
CLU_6260 3143306329705 4761 
CLU_6260 3143306297943 12826 
CLU_6260 3143307780621 6089 
CLU_6260 3143302219301 6192 
CLU_6260 3143303180166 5541 
CLU_6260 3143305302803 1349 
CLU_6260 3143302149893 1765 
CLU_6260 3143302150026 3485 
CLU_6260 3143300550108 4045 
CLU_6260 3143303413578 31083 
CLU_6260 3143306329632 8263 
CLU_6260 3143305212588 9260 
CLU_6260 3143309812083 3736 
CLU_6260 3143306023282 2603 
CLU_6260 3143302218968 6782 
CLU_6260 3143309772227 2885 
CLU_6260 3143302203480 3929 
CLU_6260 3143302219336 3511 
CLU_6260 3143302150085 1220 
CLU_6260 3143300211826 7457 
CLU_6260 3143302149931 4779 
CLU_6260 3143302219093 6533 
CLU_6260 3143309352511 3267 
CLU_6260 3143309251553 2566 
CLU_6260 3143305998220 2171 
CLU_6260 3143309854304 1967 
CLU_6260 3143309690905 2819 
CLU_6260 3143307608756 3859 
CLU_6260 3143306409911 4045 
CLU_6260 3143307780907 6647 
CLU_6260 3143309936424 3546 
CLU_6260 3143309812075 4482 
CLU_6260 3143306301304 3736 
CLU_6260 3143303688100 5363 
CLU_6260 3143303180115 2542 
CLU_6260 3143305302854 1258 
CLU_6260 3143302219212 1925 
CLU_6260 3143302149958 4770 
CLU_6260 3143307282923 3401 
CLU_6260 3143307951345 5138 
CLU_6260 3143302219077 2746 
CLU_6260 3143302219344 6544 
CLU_6260 3143307607660 7300 
CLU_6260 3143302150069 2144 
CLU_6260 3143307809131 5769 
CLU_6260 3143300186252 7846 
CLU_6260 3143304701852 3983 
CLU_6260 3143307836619 4294 
CLU_6260 3143305212545 5445 
CLU_6260 3143302150077 3859 
CLU_6260 3143302150034 1736 
CLU_6260 3143302219409 69836 
CLU_6260 3143305212529 18579 
CLU_6260 3143302219379 51823 
CLU_6260 CLU_6416 18579 
CLU_6261 3143309772235 3585 
CLU_6261 3143309772251 2638 
CLU_6261 3143309812059 4468 
CLU_6261 3143309690964 4683 
CLU_6261 3143305305063 1920 
CLU_6261 3143307781067 2132 
CLU_6261 3143309132481 2577 
CLU_6261 3143307831331 2777 
CLU_6261 3143300659134 5249 
CLU_6261 3143303180158 5649 
CLU_6261 3143307821506 5633 
CLU_6261 3143302150107 7405 
CLU_6261 3143309775978 5633 
CLU_6261 3143302219107 8043 
CLU_6261 3143302219352 4711 
CLU_6261 3143302219115 3337 
CLU_6261 3143303180182 1342 
CLU_6261 3143302150042 676 
CLU_6261 3143302219085 0 
CLU_6261 3143309812032 3956 
CLU_6261 3143302149915 4027 
CLU_6261 3143307299079 1467 
CLU_6261 3143302150018 2126 
CLU_6261 3143302218984 1855 
CLU_6261 3143306065295 3795 
CLU_6261 3143302219069 6989 
CLU_6261 3143306629296 2325 
CLU_6261 3143302149923 2905 
CLU_6261 3143306065341 3688 
CLU_6261 3143306329705 4246 
CLU_6261 3143306297943 12318 
CLU_6261 3143307780621 6086 
CLU_6261 3143302219301 6231 
CLU_6261 3143303180166 5633 
CLU_6261 3143305302803 1727 
CLU_6261 3143302149893 1280 
CLU_6261 3143302150026 4016 
CLU_6261 3143300550108 3521 
CLU_6261 3143303413578 30556 
CLU_6261 3143306329632 8599 
CLU_6261 3143305212588 9530 
CLU_6261 3143309812083 3541 
CLU_6261 3143306023282 2881 
CLU_6261 3143302218968 6880 
CLU_6261 3143309772227 2577 
CLU_6261 3143302203480 4295 
CLU_6261 3143302219336 4041 
CLU_6261 3143302150085 1467 
CLU_6261 3143300211826 7908 
CLU_6261 3143302149931 5200 
CLU_6261 3143302219093 6445 
CLU_6261 3143309352511 2795 
CLU_6261 3143309251553 3042 
CLU_6261 3143305998220 2693 
CLU_6261 3143309854304 2469 
CLU_6261 3143309690905 3344 
CLU_6261 3143307608756 3397 
CLU_6261 3143306409911 3521 
CLU_6261 3143307780907 7045 
CLU_6261 3143309936424 4062 
CLU_6261 3143309812075 4379 
CLU_6261 3143306301304 3541 
CLU_6261 3143303688100 5229 
CLU_6261 3143303180115 2638 
CLU_6261 3143305302854 1300 
CLU_6261 3143302219212 1759 
CLU_6261 3143302149958 5034 
CLU_6261 3143307282923 3696 
CLU_6261 3143307951345 4733 
CLU_6261 3143302219077 3271 
CLU_6261 3143302219344 6989 
CLU_6261 3143307607660 7405 
CLU_6261 3143302150069 1636 
CLU_6261 3143307809131 5282 
CLU_6261 3143300186252 8276 
CLU_6261 3143304701852 3892 
CLU_6261 3143307836619 3956 
CLU_6261 3143305212545 5969 
CLU_6261 3143302150077 3397 
CLU_6261 3143302150034 1659 
CLU_6261 3143302219409 70156 
CLU_6261 3143305212529 18763 
CLU_6261 3143302219379 52074 
CLU_6261 CLU_6416 18763 
CLU_6266 3143309772235 2821 
CLU_6266 3143309772251 2077 
CLU_6266 3143309812059 3364 
CLU_6266 3143309690964 3866 
CLU_6266 3143305305063 1653 
CLU_6266 3143307781067 448 
CLU_6266 3143309132481 0 
CLU_6266 3143307831331 217 
CLU_6266 3143300659134 2841 
CLU_6266 3143303180158 3848 
CLU_6266 3143307821506 4154 
CLU_6266 3143302150107 5838 
CLU_6266 3143309775978 4154 
CLU_6266 3143302219107 7353 
CLU_6266 3143302219352 4218 
CLU_6266 3143302219115 3469 
CLU_6266 3143303180182 2854 
CLU_6266 3143302150042 2171 
CLU_6266 3143302219085 2577 
CLU_6266 3143309812032 1416 
CLU_6266 3143302149915 2055 
CLU_6266 3143307299079 4038 
CLU_6266 3143302150018 3694 
CLU_6266 3143302218984 2279 
CLU_6266 3143306065295 2484 
CLU_6266 3143302219069 7393 
CLU_6266 3143306629296 3419 
CLU_6266 3143302149923 2869 
CLU_6266 3143306065341 3847 
CLU_6266 3143306329705 3007 
CLU_6266 3143306297943 10544 
CLU_6266 3143307780621 4166 
CLU_6266 3143302219301 4469 
CLU_6266 3143303180166 4154 
CLU_6266 3143305302803 2913 
CLU_6266 3143302149893 1616 
CLU_6266 3143302150026 5822 
CLU_6266 3143300550108 3546 
CLU_6266 3143303413578 29018 
CLU_6266 3143306329632 8148 
CLU_6266 3143305212588 12107 
CLU_6266 3143309812083 1186 
CLU_6266 3143306023282 3021 
CLU_6266 3143302218968 5319 
CLU_6266 3143309772227 0 
CLU_6266 3143302203480 4480 
CLU_6266 3143302219336 5708 
CLU_6266 3143302150085 4038 
CLU_6266 3143300211826 8312 
CLU_6266 3143302149931 5597 
CLU_6266 3143302219093 4209 
CLU_6266 3143309352511 1382 
CLU_6266 3143309251553 4216 
CLU_6266 3143305998220 4357 
CLU_6266 3143309854304 4704 
CLU_6266 3143309690905 5346 
CLU_6266 3143307608756 4297 
CLU_6266 3143306409911 3546 
CLU_6266 3143307780907 7101 
CLU_6266 3143309936424 6125 
CLU_6266 3143309812075 2247 
CLU_6266 3143306301304 1186 
CLU_6266 3143303688100 2916 
CLU_6266 3143303180115 2077 
CLU_6266 3143305302854 1943 
CLU_6266 3143302219212 1117 
CLU_6266 3143302149958 4505 
CLU_6266 3143307282923 3627 
CLU_6266 3143307951345 2390 
CLU_6266 3143302219077 4888 
CLU_6266 3143302219344 7393 
CLU_6266 3143307607660 5838 
CLU_6266 3143302150069 2775 
CLU_6266 3143307809131 3484 
CLU_6266 3143300186252 8487 
CLU_6266 3143304701852 1891 
CLU_6266 3143307836619 1416 
CLU_6266 3143305212545 7327 
CLU_6266 3143302150077 4297 
CLU_6266 3143302150034 4097 
CLU_6266 3143302219409 69234 
CLU_6266 3143305212529 17287 
CLU_6266 3143302219379 50805 
CLU_6266 CLU_6416 17287 
CLU_6267 3143309772235 4180 
CLU_6267 3143309772251 3362 
CLU_6267 3143309812059 4747 
CLU_6267 3143309690964 5245 
CLU_6267 3143305305063 2777 
CLU_6267 3143307781067 1460 
CLU_6267 3143309132481 1382 
CLU_6267 3143307831331 1331 
CLU_6267 3143300659134 3801 
CLU_6267 3143303180158 5127 
CLU_6267 3143307821506 5499 
CLU_6267 3143302150107 7138 
CLU_6267 3143309775978 5499 
CLU_6267 3143302219107 8735 
CLU_6267 3143302219352 5578 
CLU_6267 3143302219115 4709 
CLU_6267 3143303180182 3609 
CLU_6267 3143302150042 2715 
CLU_6267 3143302219085 2795 
CLU_6267 3143309812032 1787 
CLU_6267 3143302149915 1247 
CLU_6267 3143307299079 4186 
CLU_6267 3143302150018 2997 
CLU_6267 3143302218984 1502 
CLU_6267 3143306065295 1179 
CLU_6267 3143302219069 8666 
CLU_6267 3143306629296 2548 
CLU_6267 3143302149923 1638 
CLU_6267 3143306065341 2561 
CLU_6267 3143306329705 1705 
CLU_6267 3143306297943 9608 
CLU_6267 3143307780621 5393 
CLU_6267 3143302219301 5743 
CLU_6267 3143303180166 5499 
CLU_6267 3143305302803 3799 
CLU_6267 3143302149893 1516 
CLU_6267 3143302150026 6616 
CLU_6267 3143300550108 2249 
CLU_6267 3143303413578 27982 
CLU_6267 3143306329632 9526 
CLU_6267 3143305212588 12067 
CLU_6267 3143309812083 2404 
CLU_6267 3143306023282 4233 
CLU_6267 3143302218968 6628 
CLU_6267 3143309772227 1382 
CLU_6267 3143302203480 5747 
CLU_6267 3143302219336 6564 
CLU_6267 3143302150085 4186 
CLU_6267 3143300211826 9593 
CLU_6267 3143302149931 6847 
CLU_6267 3143302219093 5258 
CLU_6267 3143309352511 0 
CLU_6267 3143309251553 5211 
CLU_6267 3143305998220 5174 
CLU_6267 3143309854304 5231 
CLU_6267 3143309690905 6029 
CLU_6267 3143307608756 3207 
CLU_6267 3143306409911 2249 
CLU_6267 3143307780907 8428 
CLU_6267 3143309936424 6784 
CLU_6267 3143309812075 3477 
CLU_6267 3143306301304 2404 
CLU_6267 3143303688100 3972 
CLU_6267 3143303180115 3362 
CLU_6267 3143305302854 2797 
CLU_6267 3143302219212 2144 
CLU_6267 3143302149958 5872 
CLU_6267 3143307282923 4914 
CLU_6267 3143307951345 2092 
CLU_6267 3143302219077 5744 
CLU_6267 3143302219344 8666 
CLU_6267 3143307607660 7138 
CLU_6267 3143302150069 2133 
CLU_6267 3143307809131 2510 
CLU_6267 3143300186252 9802 
CLU_6267 3143304701852 3202 
CLU_6267 3143307836619 1787 
CLU_6267 3143305212545 8335 
CLU_6267 3143302150077 3207 
CLU_6267 3143302150034 3906 
CLU_6267 3143302219409 70576 
CLU_6267 3143305212529 18544 
CLU_6267 3143302219379 52086 
CLU_6267 CLU_6416 18544 
CLU_6269 3143309772235 3626 
CLU_6269 3143309772251 3160 
CLU_6269 3143309812059 3870 
CLU_6269 3143309690964 4461 
CLU_6269 3143305305063 2955 
CLU_6269 3143307781067 1860 
CLU_6269 3143309132481 1416 
CLU_6269 3143307831331 1201 
CLU_6269 3143300659134 2102 
CLU_6269 3143303180158 3734 
CLU_6269 3143307821506 4274 
CLU_6269 3143302150107 5729 
CLU_6269 3143309775978 4274 
CLU_6269 3143302219107 7738 
CLU_6269 3143302219352 4937 
CLU_6269 3143302219115 4534 
CLU_6269 3143303180182 4252 
CLU_6269 3143302150042 3586 
CLU_6269 3143302219085 3956 
CLU_6269 3143309812032 0 
CLU_6269 3143302149915 1406 
CLU_6269 3143307299079 5423 
CLU_6269 3143302150018 4721 
CLU_6269 3143302218984 3215 
CLU_6269 3143306065295 2312 
CLU_6269 3143302219069 8300 
CLU_6269 3143306629296 4316 
CLU_6269 3143302149923 3398 
CLU_6269 3143306065341 4253 
CLU_6269 3143306329705 2722 
CLU_6269 3143306297943 9416 
CLU_6269 3143307780621 3894 
CLU_6269 3143302219301 4314 
CLU_6269 3143303180166 4274 
CLU_6269 3143305302803 4275 
CLU_6269 3143302149893 2846 
CLU_6269 3143302150026 7177 
CLU_6269 3143300550108 3939 
CLU_6269 3143303413578 27928 
CLU_6269 3143306329632 8631 
CLU_6269 3143305212588 13477 
CLU_6269 3143309812083 1303 
CLU_6269 3143306023282 4149 
CLU_6269 3143302218968 5253 
CLU_6269 3143309772227 1416 
CLU_6269 3143302203480 5461 
CLU_6269 3143302219336 7039 
CLU_6269 3143302150085 5423 
CLU_6269 3143300211826 9190 
CLU_6269 3143302149931 6579 
CLU_6269 3143302219093 3570 
CLU_6269 3143309352511 1787 
CLU_6269 3143309251553 5496 
CLU_6269 3143305998220 5719 
CLU_6269 3143309854304 6118 
CLU_6269 3143309690905 6736 
CLU_6269 3143307608756 4988 
CLU_6269 3143306409911 3939 
CLU_6269 3143307780907 7872 
CLU_6269 3143309936424 7515 
CLU_6269 3143309812075 2121 
CLU_6269 3143306301304 1303 
CLU_6269 3143303688100 2337 
CLU_6269 3143303180115 3160 
CLU_6269 3143305302854 3339 
CLU_6269 3143302219212 2507 
CLU_6269 3143302149958 5175 
CLU_6269 3143307282923 4601 
CLU_6269 3143307951345 1144 
CLU_6269 3143302219077 6228 
CLU_6269 3143302219344 8300 
CLU_6269 3143307607660 5729 
CLU_6269 3143302150069 3815 
CLU_6269 3143307809131 2630 
CLU_6269 3143300186252 9278 
CLU_6269 3143304701852 2075 
CLU_6269 3143307836619 0 
CLU_6269 3143305212545 8555 
CLU_6269 3143302150077 4988 
CLU_6269 3143302150034 5386 
CLU_6269 3143302219409 69165 
CLU_6269 3143305212529 16977 
CLU_6269 3143302219379 50537 
CLU_6269 CLU_6416 16977 
CLU_6270 3143309772235 4777 
CLU_6270 3143309772251 4122 
CLU_6270 3143309812059 5157 
CLU_6270 3143309690964 5723 
CLU_6270 3143305305063 3690 
CLU_6270 3143307781067 2354 
CLU_6270 3143309132481 2055 
CLU_6270 3143307831331 1883 
CLU_6270 3143300659134 3459 
CLU_6270 3143303180158 5139 
CLU_6270 3143307821506 5661 
CLU_6270 3143302150107 7135 
CLU_6270 3143309775978 5661 
CLU_6270 3143302219107 9089 
CLU_6270 3143302219352 6148 
CLU_6270 3143302219115 5519 
CLU_6270 3143303180182 4729 
CLU_6270 3143302150042 3883 
CLU_6270 3143302219085 4027 
CLU_6270 3143309812032 1406 
CLU_6270 3143302149915 0 
CLU_6270 3143307299079 5432 
CLU_6270 3143302150018 4108 
CLU_6270 3143302218984 2674 
CLU_6270 3143306065295 1005 
CLU_6270 3143302219069 9418 
CLU_6270 3143306629296 3589 
CLU_6270 3143302149923 2427 
CLU_6270 3143306065341 3107 
CLU_6270 3143306329705 1334 
CLU_6270 3143306297943 8515 
CLU_6270 3143307780621 5297 
CLU_6270 3143302219301 5720 
CLU_6270 3143303180166 5661 
CLU_6270 3143305302803 4867 
CLU_6270 3143302149893 2753 
CLU_6270 3143302150026 7745 
CLU_6270 3143300550108 2807 
CLU_6270 3143303413578 26968 
CLU_6270 3143306329632 9957 
CLU_6270 3143305212588 13294 
CLU_6270 3143309812083 2583 
CLU_6270 3143306023282 5076 
CLU_6270 3143302218968 6659 
CLU_6270 3143309772227 2055 
CLU_6270 3143302203480 6517 
CLU_6270 3143302219336 7665 
CLU_6270 3143302150085 5432 
CLU_6270 3143300211826 10329 
CLU_6270 3143302149931 7638 
CLU_6270 3143302219093 4912 
CLU_6270 3143309352511 1247 
CLU_6270 3143309251553 6231 
CLU_6270 3143305998220 6286 
CLU_6270 3143309854304 6435 
CLU_6270 3143309690905 7195 
CLU_6270 3143307608756 4014 
CLU_6270 3143306409911 2807 
CLU_6270 3143307780907 9072 
CLU_6270 3143309936424 7961 
CLU_6270 3143309812075 3513 
CLU_6270 3143306301304 2583 
CLU_6270 3143303688100 3722 
CLU_6270 3143303180115 4122 
CLU_6270 3143305302854 3860 
CLU_6270 3143302219212 3099 
CLU_6270 3143302149958 6412 
CLU_6270 3143307282923 5658 
CLU_6270 3143307951345 990 
CLU_6270 3143302219077 6842 
CLU_6270 3143302219344 9418 
CLU_6270 3143307607660 7135 
CLU_6270 3143302150069 3306 
CLU_6270 3143307809131 1429 
CLU_6270 3143300186252 10471 
CLU_6270 3143304701852 3407 
CLU_6270 3143307836619 1406 
CLU_6270 3143305212545 9356 
CLU_6270 3143302150077 4014 
CLU_6270 3143302150034 5137 
CLU_6270 3143302219409 70564 
CLU_6270 3143305212529 18346 
CLU_6270 3143302219379 51905 
CLU_6270 CLU_6416 18346 
CLU_6273 3143309772235 5570 
CLU_6273 3143309772251 6241 
CLU_6273 3143309812059 5435 
CLU_6273 3143309690964 4820 
CLU_6273 3143305305063 6834 
CLU_6273 3143307781067 8134 
CLU_6273 3143309132481 8312 
CLU_6273 3143307831331 8459 
CLU_6273 3143300659134 8266 
CLU_6273 3143303180158 6526 
CLU_6273 3143307821506 5742 
CLU_6273 3143302150107 5969 
CLU_6273 3143309775978 5742 
CLU_6273 3143302219107 3387 
CLU_6273 3143302219352 4278 
CLU_6273 3143302219115 4887 
CLU_6273 3143303180182 6567 
CLU_6273 3143302150042 7429 
CLU_6273 3143302219085 7908 
CLU_6273 3143309812032 9190 
CLU_6273 3143302149915 10329 
CLU_6273 3143307299079 7880 
CLU_6273 3143302150018 9991 
CLU_6273 3143302218984 9548 
CLU_6273 3143306065295 10762 
CLU_6273 3143302219069 932 
CLU_6273 3143306629296 10233 
CLU_6273 3143302149923 10573 
CLU_6273 3143306065341 11489 
CLU_6273 3143306329705 11291 
CLU_6273 3143306297943 18556 
CLU_6273 3143307780621 6862 
CLU_6273 3143302219301 6423 
CLU_6273 3143303180166 5742 
CLU_6273 3143305302803 6198 
CLU_6273 3143302149893 8631 
CLU_6273 3143302150026 5018 
CLU_6273 3143300550108 11267 
CLU_6273 3143303413578 37057 
CLU_6273 3143306329632 2747 
CLU_6273 3143305212588 12261 
CLU_6273 3143309812083 7889 
CLU_6273 3143306023282 5373 
CLU_6273 3143302218968 5889 
CLU_6273 3143309772227 8312 
CLU_6273 3143302203480 3845 
CLU_6273 3143302219336 4713 
CLU_6273 3143302150085 7880 
CLU_6273 3143300211826 0 
CLU_6273 3143302149931 2763 
CLU_6273 3143302219093 7951 
CLU_6273 3143309352511 9593 
CLU_6273 3143309251553 4902 
CLU_6273 3143305998220 5494 
CLU_6273 3143309854304 6504 
CLU_6273 3143309690905 5698 
CLU_6273 3143307608756 11305 
CLU_6273 3143306409911 11267 
CLU_6273 3143307780907 1470 
CLU_6273 3143309936424 5691 
CLU_6273 3143309812075 7380 
CLU_6273 3143306301304 7889 
CLU_6273 3143303688100 7922 
CLU_6273 3143303180115 6241 
CLU_6273 3143305302854 7008 
CLU_6273 3143302219212 7469 
CLU_6273 3143302149958 4088 
CLU_6273 3143307282923 4686 
CLU_6273 3143307951345 10328 
CLU_6273 3143302219077 5059 
CLU_6273 3143302219344 932 
CLU_6273 3143307607660 5969 
CLU_6273 3143302150069 9519 
CLU_6273 3143307809131 11738 
CLU_6273 3143300186252 678 
CLU_6273 3143304701852 7194 
CLU_6273 3143307836619 9190 
CLU_6273 3143305212545 3252 
CLU_6273 3143302150077 11305 
CLU_6273 3143302150034 8861 
CLU_6273 3143302219409 62884 
CLU_6273 3143305212529 13456 
CLU_6273 3143302219379 45448 
CLU_6273 CLU_6416 13456 
CLU_6275 3143309772235 3515 
CLU_6275 3143309772251 3259 
CLU_6275 3143309812059 4248 
CLU_6275 3143309690964 4004 
CLU_6275 3143305305063 3272 
CLU_6275 3143307781067 4510 
CLU_6275 3143309132481 4888 
CLU_6275 3143307831331 5099 
CLU_6275 3143300659134 6550 
CLU_6275 3143303180158 5883 
CLU_6275 3143307821506 5434 
CLU_6275 3143302150107 6924 
CLU_6275 3143309775978 5434 
CLU_6275 3143302219107 6311 
CLU_6275 3143302219352 3611 
CLU_6275 3143302219115 2388 
CLU_6275 3143303180182 2137 
CLU_6275 3143302150042 3060 
CLU_6275 3143302219085 3271 
CLU_6275 3143309812032 6228 
CLU_6275 3143302149915 6842 
CLU_6275 3143307299079 2854 
CLU_6275 3143302150018 5146 
CLU_6275 3143302218984 5116 
CLU_6275 3143306065295 6878 
CLU_6275 3143302219069 4221 
CLU_6275 3143306629296 5505 
CLU_6275 3143302149923 6172 
CLU_6275 3143306065341 6950 
CLU_6275 3143306329705 7373 
CLU_6275 3143306297943 15343 
CLU_6275 3143307780621 6386 
CLU_6275 3143302219301 6265 
CLU_6275 3143303180166 5434 
CLU_6275 3143305302803 1979 
CLU_6275 3143302149893 4369 
CLU_6275 3143302150026 963 
CLU_6275 3143300550108 6792 
CLU_6275 3143303413578 33717 
CLU_6275 3143306329632 6521 
CLU_6275 3143305212588 8720 
CLU_6275 3143309812083 5211 
CLU_6275 3143306023282 2425 
CLU_6275 3143302218968 6488 
CLU_6275 3143309772227 4888 
CLU_6275 3143302203480 2530 
CLU_6275 3143302219336 823 
CLU_6275 3143302150085 2854 
CLU_6275 3143300211826 5059 
CLU_6275 3143302149931 2769 
CLU_6275 3143302219093 7194 
CLU_6275 3143309352511 5744 
CLU_6275 3143309251553 906 
CLU_6275 3143305998220 582 
CLU_6275 3143309854304 1454 
CLU_6275 3143309690905 910 
CLU_6275 3143307608756 6525 
CLU_6275 3143306409911 6792 
CLU_6275 3143307780907 4614 
CLU_6275 3143309936424 1518 
CLU_6275 3143309812075 5457 
CLU_6275 3143306301304 5211 
CLU_6275 3143303688100 6351 
CLU_6275 3143303180115 3259 
CLU_6275 3143305302854 2982 
CLU_6275 3143302219212 3775 
CLU_6275 3143302149958 3835 
CLU_6275 3143307282923 2689 
CLU_6275 3143307951345 7277 
CLU_6275 3143302219077 0 
CLU_6275 3143302219344 4221 
CLU_6275 3143307607660 6924 
CLU_6275 3143302150069 4885 
CLU_6275 3143307809131 8231 
CLU_6275 3143300186252 5563 
CLU_6275 3143304701852 4999 
CLU_6275 3143307836619 6228 
CLU_6275 3143305212545 2698 
CLU_6275 3143302150077 6525 
CLU_6275 3143302150034 3852 
CLU_6275 3143302219409 67874 
CLU_6275 3143305212529 17418 
CLU_6275 3143302219379 50202 
CLU_6275 CLU_6416 17418 
CLU_6277 3143309772235 4538 
CLU_6277 3143309772251 3704 
CLU_6277 3143309812059 5444 
CLU_6277 3143309690964 5522 
CLU_6277 3143305305063 3118 
CLU_6277 3143307781067 3591 
CLU_6277 3143309132481 4038 
CLU_6277 3143307831331 4241 
CLU_6277 3143300659134 6635 
CLU_6277 3143303180158 6812 
CLU_6277 3143307821506 6673 
CLU_6277 3143302150107 8412 
CLU_6277 3143309775978 6673 
CLU_6277 3143302219107 8613 
CLU_6277 3143302219352 5402 
CLU_6277 3143302219115 3936 
CLU_6277 3143303180182 1917 
CLU_6277 3143302150042 1948 
CLU_6277 3143302219085 1467 
CLU_6277 3143309812032 5423 
CLU_6277 3143302149915 5432 
CLU_6277 3143307299079 0 
CLU_6277 3143302150018 2441 
CLU_6277 3143302218984 2982 
CLU_6277 3143306065295 5079 
CLU_6277 3143302219069 7009 
CLU_6277 3143306629296 2922 
CLU_6277 3143302149923 3915 
CLU_6277 3143306065341 4474 
CLU_6277 3143306329705 5478 
CLU_6277 3143306297943 13540 
CLU_6277 3143307780621 7279 
CLU_6277 3143302219301 7358 
CLU_6277 3143303180166 6673 
CLU_6277 3143305302803 2281 
CLU_6277 3143302149893 2686 
CLU_6277 3143302150026 3295 
CLU_6277 3143300550108 4394 
CLU_6277 3143303413578 31613 
CLU_6277 3143306329632 9022 
CLU_6277 3143305212588 8070 
CLU_6277 3143309812083 4948 
CLU_6277 3143306023282 3585 
CLU_6277 3143302218968 7901 
CLU_6277 3143309772227 4038 
CLU_6277 3143302203480 4695 
CLU_6277 3143302219336 3443 
CLU_6277 3143302150085 0 
CLU_6277 3143300211826 7880 
CLU_6277 3143302149931 5366 
CLU_6277 3143302219093 7750 
CLU_6277 3143309352511 4186 
CLU_6277 3143309251553 3056 
CLU_6277 3143305998220 2386 
CLU_6277 3143309854304 1545 
CLU_6277 3143309690905 2525 
CLU_6277 3143307608756 3829 
CLU_6277 3143306409911 4394 
CLU_6277 3143307780907 7264 
CLU_6277 3143309936424 3089 
CLU_6277 3143309812075 5702 
CLU_6277 3143306301304 4948 
CLU_6277 3143303688100 6583 
CLU_6277 3143303180115 3704 
CLU_6277 3143305302854 2470 
CLU_6277 3143302219212 3137 
CLU_6277 3143302149958 5710 
CLU_6277 3143307282923 4326 
CLU_6277 3143307951345 6181 
CLU_6277 3143302219077 2854 
CLU_6277 3143302219344 7009 
CLU_6277 3143307607660 8412 
CLU_6277 3143302150069 2506 
CLU_6277 3143307809131 6612 
CLU_6277 3143300186252 8345 
CLU_6277 3143304701852 5202 
CLU_6277 3143307836619 5423 
CLU_6277 3143305212545 5429 
CLU_6277 3143302150077 3829 
CLU_6277 3143302150034 1000 
CLU_6277 3143302219409 70561 
CLU_6277 3143305212529 19573 
CLU_6277 3143302219379 52693 
CLU_6277 CLU_6416 19573 
CLU_6280 3143309772235 5051 
CLU_6280 3143309772251 4075 
CLU_6280 3143309812059 5871 
CLU_6280 3143309690964 6187 
CLU_6280 3143305305063 3305 
CLU_6280 3143307781067 2768 
CLU_6280 3143309132481 3090 
CLU_6280 3143307831331 3210 
CLU_6280 3143300659134 5925 
CLU_6280 3143303180158 6789 
CLU_6280 3143307821506 6929 
CLU_6280 3143302150107 8692 
CLU_6280 3143309775978 6929 
CLU_6280 3143302219107 9643 
CLU_6280 3143302219352 6301 
CLU_6280 3143302219115 5005 
CLU_6280 3143303180182 3079 
CLU_6280 3143302150042 2274 
CLU_6280 3143302219085 1738 
CLU_6280 3143309812032 4134 
CLU_6280 3143302149915 3594 
CLU_6280 3143307299079 2412 
CLU_6280 3143302150018 603 
CLU_6280 3143302218984 937 
CLU_6280 3143306065295 2954 
CLU_6280 3143302219069 8726 
CLU_6280 3143306629296 587 
CLU_6280 3143302149923 1555 
CLU_6280 3143306065341 2072 
CLU_6280 3143306329705 3253 
CLU_6280 3143306297943 11212 
CLU_6280 3143307780621 7165 
CLU_6280 3143302219301 7403 
CLU_6280 3143303180166 6929 
CLU_6280 3143305302803 3457 
CLU_6280 3143302149893 1528 
CLU_6280 3143302150026 5570 
CLU_6280 3143300550108 1981 
CLU_6280 3143303413578 29203 
CLU_6280 3143306329632 10255 
CLU_6280 3143305212588 9747 
CLU_6280 3143309812083 4267 
CLU_6280 3143306023282 4527 
CLU_6280 3143302218968 8163 
CLU_6280 3143309772227 3090 
CLU_6280 3143302203480 5998 
CLU_6280 3143302219336 5649 
CLU_6280 3143302150085 2412 
CLU_6280 3143300211826 9647 
CLU_6280 3143302149931 6932 
CLU_6280 3143302219093 7296 
CLU_6280 3143309352511 2439 
CLU_6280 3143309251553 4775 
CLU_6280 3143305998220 4363 
CLU_6280 3143309854304 3873 
CLU_6280 3143309690905 4835 
CLU_6280 3143307608756 1660 
CLU_6280 3143306409911 1981 
CLU_6280 3143307780907 8762 
CLU_6280 3143309936424 5470 
CLU_6280 3143309812075 5290 
CLU_6280 3143306301304 4267 
CLU_6280 3143303688100 6006 
CLU_6280 3143303180115 4075 
CLU_6280 3143305302854 2826 
CLU_6280 3143302219212 2863 
CLU_6280 3143302149958 6625 
CLU_6280 3143307282923 5342 
CLU_6280 3143307951345 4518 
CLU_6280 3143302219077 4926 
CLU_6280 3143302219344 8726 
CLU_6280 3143307607660 8692 
CLU_6280 3143302150069 320 
CLU_6280 3143307809131 4504 
CLU_6280 3143300186252 10009 
CLU_6280 3143304701852 4867 
CLU_6280 3143307836619 4134 
CLU_6280 3143305212545 7617 
CLU_6280 3143302150077 1660 
CLU_6280 3143302150034 1714 
CLU_6280 3143302219409 71764 
CLU_6280 3143305212529 20144 
CLU_6280 3143302219379 53565 
CLU_6280 CLU_6416 20144 
CLU_6281 3143309772235 4580 
CLU_6281 3143309772251 3624 
CLU_6281 3143309812059 5333 
CLU_6281 3143309690964 5717 
CLU_6281 3143305305063 2874 
CLU_6281 3143307781067 2029 
CLU_6281 3143309132481 2279 
CLU_6281 3143307831331 2368 
CLU_6281 3143300659134 5074 
CLU_6281 3143303180158 6086 
CLU_6281 3143307821506 6304 
CLU_6281 3143302150107 8040 
CLU_6281 3143309775978 6304 
CLU_6281 3143302219107 9225 
CLU_6281 3143302219352 5912 
CLU_6281 3143302219115 4743 
CLU_6281 3143303180182 3068 
CLU_6281 3143302150042 2143 
CLU_6281 3143302219085 1855 
CLU_6281 3143309812032 3215 
CLU_6281 3143302149915 2674 
CLU_6281 3143307299079 2982 
CLU_6281 3143302150018 1507 
CLU_6281 3143302218984 0 
CLU_6281 3143306065295 2124 
CLU_6281 3143302219069 8618 
CLU_6281 3143306629296 1142 
CLU_6281 3143302149923 1059 
CLU_6281 3143306065341 1942 
CLU_6281 3143306329705 2498 
CLU_6281 3143306297943 10561 
CLU_6281 3143307780621 6430 
CLU_6281 3143302219301 6707 
CLU_6281 3143303180166 6304 
CLU_6281 3143305302803 3387 
CLU_6281 3143302149893 951 
CLU_6281 3143302150026 5871 
CLU_6281 3143300550108 1723 
CLU_6281 3143303413578 28719 
CLU_6281 3143306329632 9907 
CLU_6281 3143305212588 10631 
CLU_6281 3143309812083 3465 
CLU_6281 3143306023282 4250 
CLU_6281 3143302218968 7514 
CLU_6281 3143309772227 2279 
CLU_6281 3143302203480 5778 
CLU_6281 3143302219336 5895 
CLU_6281 3143302150085 2982 
CLU_6281 3143300211826 9548 
CLU_6281 3143302149931 6793 
CLU_6281 3143302219093 6478 
CLU_6281 3143309352511 1502 
CLU_6281 3143309251553 4798 
CLU_6281 3143305998220 4535 
CLU_6281 3143309854304 4280 
CLU_6281 3143309690905 5188 
CLU_6281 3143307608756 2062 
CLU_6281 3143306409911 1723 
CLU_6281 3143307780907 8549 
CLU_6281 3143309936424 5887 
CLU_6281 3143309812075 4522 
CLU_6281 3143306301304 3465 
CLU_6281 3143303688100 5181 
CLU_6281 3143303180115 3624 
CLU_6281 3143305302854 2549 
CLU_6281 3143302219212 2321 
CLU_6281 3143302149958 6231 
CLU_6281 3143307282923 5040 
CLU_6281 3143307951345 3584 
CLU_6281 3143302219077 5116 
CLU_6281 3143302219344 8618 
CLU_6281 3143307607660 8040 
CLU_6281 3143302150069 634 
CLU_6281 3143307809131 3677 
CLU_6281 3143300186252 9855 
CLU_6281 3143304701852 4135 
CLU_6281 3143307836619 3215 
CLU_6281 3143305212545 7807 
CLU_6281 3143302150077 2062 
CLU_6281 3143302150034 2501 
CLU_6281 3143302219409 71297 
CLU_6281 3143305212529 19506 
CLU_6281 3143302219379 52985 
CLU_6281 CLU_6416 19506 
CLU_6282 3143309772235 4808 
CLU_6282 3143309772251 3834 
CLU_6282 3143309812059 5613 
CLU_6282 3143309690964 5947 
CLU_6282 3143305305063 3065 
CLU_6282 3143307781067 2461 
CLU_6282 3143309132481 2775 
CLU_6282 3143307831331 2892 
CLU_6282 3143300659134 5607 
CLU_6282 3143303180158 6496 
CLU_6282 3143307821506 6653 
CLU_6282 3143302150107 8410 
CLU_6282 3143309775978 6653 
CLU_6282 3143302219107 9421 
CLU_6282 3143302219352 6083 
CLU_6282 3143302219115 4819 
CLU_6282 3143303180182 2958 
CLU_6282 3143302150042 2104 
CLU_6282 3143302219085 1636 
CLU_6282 3143309812032 3815 
CLU_6282 3143302149915 3306 
CLU_6282 3143307299079 2506 
CLU_6282 3143302150018 921 
CLU_6282 3143302218984 634 
CLU_6282 3143306065295 2712 
CLU_6282 3143302219069 8594 
CLU_6282 3143306629296 759 
CLU_6282 3143302149923 1408 
CLU_6282 3143306065341 2066 
CLU_6282 3143306329705 3042 
CLU_6282 3143306297943 11054 
CLU_6282 3143307780621 6866 
CLU_6282 3143302219301 7112 
CLU_6282 3143303180166 6653 
CLU_6282 3143305302803 3320 
CLU_6282 3143302149893 1233 
CLU_6282 3143302150026 5571 
CLU_6282 3143300550108 1929 
CLU_6282 3143303413578 29115 
CLU_6282 3143306329632 10053 
CLU_6282 3143305212588 10008 
CLU_6282 3143309812083 3954 
CLU_6282 3143306023282 4334 
CLU_6282 3143302218968 7881 
CLU_6282 3143309772227 2775 
CLU_6282 3143302203480 5827 
CLU_6282 3143302219336 5630 
CLU_6282 3143302150085 2506 
CLU_6282 3143300211826 9519 
CLU_6282 3143302149931 6787 
CLU_6282 3143302219093 6983 
CLU_6282 3143309352511 2133 
CLU_6282 3143309251553 4676 
CLU_6282 3143305998220 4313 
CLU_6282 3143309854304 3909 
CLU_6282 3143309690905 4854 
CLU_6282 3143307608756 1828 
CLU_6282 3143306409911 1929 
CLU_6282 3143307780907 8598 
CLU_6282 3143309936424 5516 
CLU_6282 3143309812075 4984 
CLU_6282 3143306301304 3954 
CLU_6282 3143303688100 5691 
CLU_6282 3143303180115 3834 
CLU_6282 3143305302854 2622 
CLU_6282 3143302219212 2593 
CLU_6282 3143302149958 6406 
CLU_6282 3143307282923 5145 
CLU_6282 3143307951345 4218 
CLU_6282 3143302219077 4885 
CLU_6282 3143302219344 8594 
CLU_6282 3143307607660 8410 
CLU_6282 3143302150069 0 
CLU_6282 3143307809131 4266 
CLU_6282 3143300186252 9864 
CLU_6282 3143304701852 4566 
CLU_6282 3143307836619 3815 
CLU_6282 3143305212545 7583 
CLU_6282 3143302150077 1828 
CLU_6282 3143302150034 1911 
CLU_6282 3143302219409 71534 
CLU_6282 3143305212529 19869 
CLU_6282 3143302219379 53305 
CLU_6282 CLU_6416 19869 
CLU_6287 3143309772235 5305 
CLU_6287 3143309772251 4524 
CLU_6287 3143309812059 5807 
CLU_6287 3143309690964 6335 
CLU_6287 3143305305063 3957 
CLU_6287 3143307781067 2629 
CLU_6287 3143309132481 2484 
CLU_6287 3143307831331 2379 
CLU_6287 3143300659134 4408 
CLU_6287 3143303180158 5986 
CLU_6287 3143307821506 6446 
CLU_6287 3143302150107 7999 
CLU_6287 3143309775978 6446 
CLU_6287 3143302219107 9788 
CLU_6287 3143302219352 6702 
CLU_6287 3143302219115 5884 
CLU_6287 3143303180182 4741 
CLU_6287 3143302150042 3823 
CLU_6287 3143302219085 3795 
CLU_6287 3143309812032 2312 
CLU_6287 3143302149915 1005 
CLU_6287 3143307299079 5079 
CLU_6287 3143302150018 3391 
CLU_6287 3143302218984 2124 
CLU_6287 3143306065295 0 
CLU_6287 3143302219069 9837 
CLU_6287 3143306629296 2820 
CLU_6287 3143302149923 1562 
CLU_6287 3143306065341 2120 
CLU_6287 3143306329705 528 
CLU_6287 3143306297943 8524 
CLU_6287 3143307780621 6186 
CLU_6287 3143302219301 6585 
CLU_6287 3143303180166 6446 
CLU_6287 3143305302803 4956 
CLU_6287 3143302149893 2542 
CLU_6287 3143302150026 7726 
CLU_6287 3143300550108 1829 
CLU_6287 3143303413578 26839 
CLU_6287 3143306329632 10612 
CLU_6287 3143305212588 12700 
CLU_6287 3143309812083 3317 
CLU_6287 3143306023282 5410 
CLU_6287 3143302218968 7507 
CLU_6287 3143309772227 2484 
CLU_6287 3143302203480 6918 
CLU_6287 3143302219336 7693 
CLU_6287 3143302150085 5079 
CLU_6287 3143300211826 10762 
CLU_6287 3143302149931 8022 
CLU_6287 3143302219093 5873 
CLU_6287 3143309352511 1179 
CLU_6287 3143309251553 6376 
CLU_6287 3143305998220 6302 
CLU_6287 3143309854304 6264 
CLU_6287 3143309690905 7108 
CLU_6287 3143307608756 3086 
CLU_6287 3143306409911 1829 
CLU_6287 3143307780907 9579 
CLU_6287 3143309936424 7847 
CLU_6287 3143309812075 4333 
CLU_6287 3143306301304 3317 
CLU_6287 3143303688100 4649 
CLU_6287 3143303180115 4524 
CLU_6287 3143305302854 3961 
CLU_6287 3143302219212 3323 
CLU_6287 3143302149958 6987 
CLU_6287 3143307282923 6079 
CLU_6287 3143307951345 1964 
CLU_6287 3143302219077 6878 
CLU_6287 3143302219344 9837 
CLU_6287 3143307607660 7999 
CLU_6287 3143302150069 2712 
CLU_6287 3143307809131 1555 
CLU_6287 3143300186252 10960 
CLU_6287 3143304701852 4148 
CLU_6287 3143307836619 2312 
CLU_6287 3143305212545 9494 
CLU_6287 3143302150077 3086 
CLU_6287 3143302150034 4618 
CLU_6287 3143302219409 71454 
CLU_6287 3143305212529 19290 
CLU_6287 3143302219379 52849 
CLU_6287 CLU_6416 19290 
CLU_6289 3143309772235 5827 
CLU_6289 3143309772251 5052 
CLU_6289 3143309812059 6315 
CLU_6289 3143309690964 6850 
CLU_6289 3143305305063 4483 
CLU_6289 3143307781067 3157 
CLU_6289 3143309132481 3007 
CLU_6289 3143307831331 2896 
CLU_6289 3143300659134 4793 
CLU_6289 3143303180158 6437 
CLU_6289 3143307821506 6922 
CLU_6289 3143302150107 8444 
CLU_6289 3143309775978 6922 
CLU_6289 3143302219107 10290 
CLU_6289 3143302219352 7223 
CLU_6289 3143302219115 6412 
CLU_6289 3143303180182 5239 
CLU_6289 3143302150042 4314 
CLU_6289 3143302219085 4246 
CLU_6289 3143309812032 2722 
CLU_6289 3143302149915 1334 
CLU_6289 3143307299079 5478 
CLU_6289 3143302150018 3627 
CLU_6289 3143302218984 2498 
CLU_6289 3143306065295 528 
CLU_6289 3143302219069 10366 
CLU_6289 3143306629296 3032 
CLU_6289 3143302149923 1747 
CLU_6289 3143306065341 2054 
CLU_6289 3143306329705 0 
CLU_6289 3143306297943 8078 
CLU_6289 3143307780621 6616 
CLU_6289 3143302219301 7028 
CLU_6289 3143303180166 6922 
CLU_6289 3143305302803 5464 
CLU_6289 3143302149893 3017 
CLU_6289 3143302150026 8209 
CLU_6289 3143300550108 1805 
CLU_6289 3143303413578 26346 
CLU_6289 3143306329632 11122 
CLU_6289 3143305212588 12957 
CLU_6289 3143309812083 3800 
CLU_6289 3143306023282 5938 
CLU_6289 3143302218968 7959 
CLU_6289 3143309772227 3007 
CLU_6289 3143302203480 7447 
CLU_6289 3143302219336 8184 
CLU_6289 3143302150085 5478 
CLU_6289 3143300211826 11291 
CLU_6289 3143302149931 8550 
CLU_6289 3143302219093 6246 
CLU_6289 3143309352511 1705 
CLU_6289 3143309251553 6889 
CLU_6289 3143305998220 6795 
CLU_6289 3143309854304 6715 
CLU_6289 3143309690905 7576 
CLU_6289 3143307608756 3116 
CLU_6289 3143306409911 1805 
CLU_6289 3143307780907 10105 
CLU_6289 3143309936424 8307 
CLU_6289 3143309812075 4793 
CLU_6289 3143306301304 3800 
CLU_6289 3143303688100 5053 
CLU_6289 3143303180115 5052 
CLU_6289 3143305302854 4475 
CLU_6289 3143302219212 3849 
CLU_6289 3143302149958 7507 
CLU_6289 3143307282923 6607 
CLU_6289 3143307951345 2181 
CLU_6289 3143302219077 7373 
CLU_6289 3143302219344 10366 
CLU_6289 3143307607660 8444 
CLU_6289 3143302150069 3042 
CLU_6289 3143307809131 1313 
CLU_6289 3143300186252 11487 
CLU_6289 3143304701852 4632 
CLU_6289 3143307836619 2722 
CLU_6289 3143305212545 10002 
CLU_6289 3143302150077 3116 
CLU_6289 3143302150034 4952 
CLU_6289 3143302219409 71888 
CLU_6289 3143305212529 19680 
CLU_6289 3143302219379 53239 
CLU_6289 CLU_6416 19680 
CLU_6290 3143309772235 6174 
CLU_6290 3143309772251 5548 
CLU_6290 3143309812059 6493 
CLU_6290 3143309690964 7077 
CLU_6290 3143305305063 5116 
CLU_6290 3143307781067 3774 
CLU_6290 3143309132481 3484 
CLU_6290 3143307831331 3310 
CLU_6290 3143300659134 4428 
CLU_6290 3143303180158 6277 
CLU_6290 3143307821506 6874 
CLU_6290 3143302150107 8217 
CLU_6290 3143309775978 6874 
CLU_6290 3143302219107 10363 
CLU_6290 3143302219352 7528 
CLU_6290 3143302219115 6946 
CLU_6290 3143303180182 6103 
CLU_6290 3143302150042 5224 
CLU_6290 3143302219085 5282 
CLU_6290 3143309812032 2630 
CLU_6290 3143302149915 1429 
CLU_6290 3143307299079 6612 
CLU_6290 3143302150018 4916 
CLU_6290 3143302218984 3677 
CLU_6290 3143306065295 1555 
CLU_6290 3143302219069 10832 
CLU_6290 3143306629296 4329 
CLU_6290 3143302149923 3046 
CLU_6290 3143306065341 3332 
CLU_6290 3143306329705 1313 
CLU_6290 3143306297943 7111 
CLU_6290 3143307780621 6357 
CLU_6290 3143302219301 6819 
CLU_6290 3143303180166 6874 
CLU_6290 3143305302803 6265 
CLU_6290 3143302149893 4005 
CLU_6290 3143302150026 9118 
CLU_6290 3143300550108 3104 
CLU_6290 3143303413578 25543 
CLU_6290 3143306329632 11262 
CLU_6290 3143305212588 14241 
CLU_6290 3143309812083 3911 
CLU_6290 3143306023282 6505 
CLU_6290 3143302218968 7772 
CLU_6290 3143309772227 3484 
CLU_6290 3143302203480 7938 
CLU_6290 3143302219336 9054 
CLU_6290 3143302150085 6612 
CLU_6290 3143300211826 11738 
CLU_6290 3143302149931 9060 
CLU_6290 3143302219093 5789 
CLU_6290 3143309352511 2510 
CLU_6290 3143309251553 7646 
CLU_6290 3143305998220 7667 
CLU_6290 3143309854304 7736 
CLU_6290 3143309690905 8539 
CLU_6290 3143307608756 4418 
CLU_6290 3143306409911 3104 
CLU_6290 3143307780907 10461 
CLU_6290 3143309936424 9294 
CLU_6290 3143309812075 4728 
CLU_6290 3143306301304 3911 
CLU_6290 3143303688100 4745 
CLU_6290 3143303180115 5548 
CLU_6290 3143305302854 5256 
CLU_6290 3143302219212 4516 
CLU_6290 3143302149958 7780 
CLU_6290 3143307282923 7078 
CLU_6290 3143307951345 1629 
CLU_6290 3143302219077 8231 
CLU_6290 3143302219344 10832 
CLU_6290 3143307607660 8217 
CLU_6290 3143302150069 4266 
CLU_6290 3143307809131 0 
CLU_6290 3143300186252 11863 
CLU_6290 3143304701852 4705 
CLU_6290 3143307836619 2630 
CLU_6290 3143305212545 10773 
CLU_6290 3143302150077 4418 
CLU_6290 3143302150034 6173 
CLU_6290 3143302219409 71503 
CLU_6290 3143305212529 19172 
CLU_6290 3143302219379 52697 
CLU_6290 CLU_6416 19172 
CLU_6291 3143309772235 5565 
CLU_6291 3143309772251 4591 
CLU_6291 3143309812059 6364 
CLU_6291 3143309690964 6704 
CLU_6291 3143305305063 3823 
CLU_6291 3143307781067 3148 
CLU_6291 3143309132481 3419 
CLU_6291 3143307831331 3511 
CLU_6291 3143300659134 6214 
CLU_6291 3143303180158 7203 
CLU_6291 3143307821506 7386 
CLU_6291 3143302150107 9136 
CLU_6291 3143309775978 7386 
CLU_6291 3143302219107 10180 
CLU_6291 3143302219352 6841 
CLU_6291 3143302219115 5569 
CLU_6291 3143303180182 3665 
CLU_6291 3143302150042 2844 
CLU_6291 3143302219085 2325 
CLU_6291 3143309812032 4316 
CLU_6291 3143302149915 3589 
CLU_6291 3143307299079 2922 
CLU_6291 3143302150018 606 
CLU_6291 3143302218984 1142 
CLU_6291 3143306065295 2820 
CLU_6291 3143302219069 9312 
CLU_6291 3143306629296 0 
CLU_6291 3143302149923 1285 
CLU_6291 3143306065341 1560 
CLU_6291 3143306329705 3032 
CLU_6291 3143306297943 10843 
CLU_6291 3143307780621 7558 
CLU_6291 3143302219301 7821 
CLU_6291 3143303180166 7386 
CLU_6291 3143305302803 4040 
CLU_6291 3143302149893 1961 
CLU_6291 3143302150026 6130 
CLU_6291 3143300550108 1528 
CLU_6291 3143303413578 28730 
CLU_6291 3143306329632 10809 
CLU_6291 3143305212588 9927 
CLU_6291 3143309812083 4605 
CLU_6291 3143306023282 5087 
CLU_6291 3143302218968 8608 
CLU_6291 3143309772227 3419 
CLU_6291 3143302203480 6571 
CLU_6291 3143302219336 6219 
CLU_6291 3143302150085 2922 
CLU_6291 3143300211826 10233 
CLU_6291 3143302149931 7514 
CLU_6291 3143302219093 7621 
CLU_6291 3143309352511 2548 
CLU_6291 3143309251553 5363 
CLU_6291 3143305998220 4945 
CLU_6291 3143309854304 4418 
CLU_6291 3143309690905 5387 
CLU_6291 3143307608756 1079 
CLU_6291 3143306409911 1528 
CLU_6291 3143307780907 9338 
CLU_6291 3143309936424 6003 
CLU_6291 3143309812075 5657 
CLU_6291 3143306301304 4605 
CLU_6291 3143303688100 6324 
CLU_6291 3143303180115 4591 
CLU_6291 3143305302854 3378 
CLU_6291 3143302219212 3339 
CLU_6291 3143302149958 7165 
CLU_6291 3143307282923 5900 
CLU_6291 3143307951345 4555 
CLU_6291 3143302219077 5505 
CLU_6291 3143302219344 9312 
CLU_6291 3143307607660 9136 
CLU_6291 3143302150069 759 
CLU_6291 3143307809131 4329 
CLU_6291 3143300186252 10592 
CLU_6291 3143304701852 5259 
CLU_6291 3143307836619 4316 
CLU_6291 3143305212545 8192 
CLU_6291 3143302150077 1079 
CLU_6291 3143302150034 2117 
CLU_6291 3143302219409 72293 
CLU_6291 3143305212529 20600 
CLU_6291 3143302219379 54051 
CLU_6291 CLU_6416 20600 
CLU_6292 3143309772235 5460 
CLU_6292 3143309772251 4536 
CLU_6292 3143309812059 6147 
CLU_6292 3143309690964 6582 
CLU_6292 3143305305063 3817 
CLU_6292 3143307781067 2757 
CLU_6292 3143309132481 2869 
CLU_6292 3143307831331 2884 
CLU_6292 3143300659134 5439 
CLU_6292 3143303180158 6708 
CLU_6292 3143307821506 7019 
CLU_6292 3143302150107 8706 
CLU_6292 3143309775978 7019 
CLU_6292 3143302219107 10100 
CLU_6292 3143302219352 6828 
CLU_6292 3143302219115 5733 
CLU_6292 3143303180182 4125 
CLU_6292 3143302150042 3195 
CLU_6292 3143302219085 2905 
CLU_6292 3143309812032 3398 
CLU_6292 3143302149915 2427 
CLU_6292 3143307299079 3915 
CLU_6292 3143302150018 1881 
CLU_6292 3143302218984 1059 
CLU_6292 3143306065295 1562 
CLU_6292 3143302219069 9641 
CLU_6292 3143306629296 1285 
CLU_6292 3143302149923 0 
CLU_6292 3143306065341 988 
CLU_6292 3143306329705 1747 
CLU_6292 3143306297943 9658 
CLU_6292 3143307780621 7001 
CLU_6292 3143302219301 7329 
CLU_6292 3143303180166 7019 
CLU_6292 3143305302803 4437 
CLU_6292 3143302149893 1941 
CLU_6292 3143302150026 6914 
CLU_6292 3143300550108 710 
CLU_6292 3143303413578 27715 
CLU_6292 3143306329632 10824 
CLU_6292 3143305212588 11210 
CLU_6292 3143309812083 3997 
CLU_6292 3143306023282 5238 
CLU_6292 3143302218968 8188 
CLU_6292 3143309772227 2869 
CLU_6292 3143302203480 6776 
CLU_6292 3143302219336 6946 
CLU_6292 3143302150085 3915 
CLU_6292 3143300211826 10573 
CLU_6292 3143302149931 7812 
CLU_6292 3143302219093 6896 
CLU_6292 3143309352511 1638 
CLU_6292 3143309251553 5854 
CLU_6292 3143305998220 5591 
CLU_6292 3143309854304 5291 
CLU_6292 3143309690905 6218 
CLU_6292 3143307608756 1605 
CLU_6292 3143306409911 710 
CLU_6292 3143307780907 9538 
CLU_6292 3143309936424 6900 
CLU_6292 3143309812075 5077 
CLU_6292 3143306301304 3997 
CLU_6292 3143303688100 5609 
CLU_6292 3143303180115 4536 
CLU_6292 3143305302854 3565 
CLU_6292 3143302219212 3218 
CLU_6292 3143302149958 7140 
CLU_6292 3143307282923 6010 
CLU_6292 3143307951345 3415 
CLU_6292 3143302219077 6172 
CLU_6292 3143302219344 9641 
CLU_6292 3143307607660 8706 
CLU_6292 3143302150069 1408 
CLU_6292 3143307809131 3046 
CLU_6292 3143300186252 10862 
CLU_6292 3143304701852 4758 
CLU_6292 3143307836619 3398 
CLU_6292 3143305212545 8865 
CLU_6292 3143302150077 1605 
CLU_6292 3143302150034 3270 
CLU_6292 3143302219409 72090 
CLU_6292 3143305212529 20144 
CLU_6292 3143302219379 53672 
CLU_6292 CLU_6416 20144 
CLU_6295 3143309772235 6444 
CLU_6295 3143309772251 5512 
CLU_6295 3143309812059 7136 
CLU_6295 3143309690964 7568 
CLU_6295 3143305305063 4783 
CLU_6295 3143307781067 3746 
CLU_6295 3143309132481 3847 
CLU_6295 3143307831331 3851 
CLU_6295 3143300659134 6333 
CLU_6295 3143303180158 7674 
CLU_6295 3143307821506 8001 
CLU_6295 3143302150107 9678 
CLU_6295 3143309775978 8001 
CLU_6295 3143302219107 11086 
CLU_6295 3143302219352 7806 
CLU_6295 3143302219115 6680 
CLU_6295 3143303180182 4976 
CLU_6295 3143302150042 4070 
CLU_6295 3143302219085 3688 
CLU_6295 3143309812032 4253 
CLU_6295 3143302149915 3107 
CLU_6295 3143307299079 4474 
CLU_6295 3143302150018 2122 
CLU_6295 3143302218984 1942 
CLU_6295 3143306065295 2120 
CLU_6295 3143302219069 10559 
CLU_6295 3143306629296 1560 
CLU_6295 3143302149923 988 
CLU_6295 3143306065341 0 
CLU_6295 3143306329705 2054 
CLU_6295 3143306297943 9368 
CLU_6295 3143307780621 7953 
CLU_6295 3143302219301 8293 
CLU_6295 3143303180166 8001 
CLU_6295 3143305302803 5313 
CLU_6295 3143302149893 2879 
CLU_6295 3143302150026 7631 
CLU_6295 3143300550108 314 
CLU_6295 3143303413578 27171 
CLU_6295 3143306329632 11803 
CLU_6295 3143305212588 11227 
CLU_6295 3143309812083 4955 
CLU_6295 3143306023282 6186 
CLU_6295 3143302218968 9162 
CLU_6295 3143309772227 3847 
CLU_6295 3143302203480 7718 
CLU_6295 3143302219336 7696 
CLU_6295 3143302150085 4474 
CLU_6295 3143300211826 11489 
CLU_6295 3143302149931 8735 
CLU_6295 3143302219093 7799 
CLU_6295 3143309352511 2561 
CLU_6295 3143309251553 6707 
CLU_6295 3143305998220 6376 
CLU_6295 3143309854304 5945 
CLU_6295 3143309690905 6904 
CLU_6295 3143307608756 1120 
CLU_6295 3143306409911 314 
CLU_6295 3143307780907 10487 
CLU_6295 3143309936424 7542 
CLU_6295 3143309812075 6033 
CLU_6295 3143306301304 4955 
CLU_6295 3143303688100 6523 
CLU_6295 3143303180115 5512 
CLU_6295 3143305302854 4491 
CLU_6295 3143302219212 4195 
CLU_6295 3143302149958 8120 
CLU_6295 3143307282923 6969 
CLU_6295 3143307951345 4082 
CLU_6295 3143302219077 6950 
CLU_6295 3143302219344 10559 
CLU_6295 3143307607660 9678 
CLU_6295 3143302150069 2066 
CLU_6295 3143307809131 3332 
CLU_6295 3143300186252 11797 
CLU_6295 3143304701852 5730 
CLU_6295 3143307836619 4253 
CLU_6295 3143305212545 9648 
CLU_6295 3143302150077 1120 
CLU_6295 3143302150034 3673 
CLU_6295 3143302219409 73076 
CLU_6295 3143305212529 21103 
CLU_6295 3143302219379 54639 
CLU_6295 CLU_6416 21103 
CLU_6302 3143309772235 31542 
CLU_6302 3143309772251 31048 
CLU_6302 3143309812059 31625 
CLU_6302 3143309690964 32241 
CLU_6302 3143305305063 30659 
CLU_6302 3143307781067 29317 
CLU_6302 3143309132481 29018 
CLU_6302 3143307831331 28833 
CLU_6302 3143300659134 28865 
CLU_6302 3143303180158 30757 
CLU_6302 3143307821506 31526 
CLU_6302 3143302150107 32126 
CLU_6302 3143309775978 31526 
CLU_6302 3143302219107 34925 
CLU_6302 3143302219352 32780 
CLU_6302 3143302219115 32443 
CLU_6302 3143303180182 31580 
CLU_6302 3143302150042 30660 
CLU_6302 3143302219085 30556 
CLU_6302 3143309812032 27928 
CLU_6302 3143302149915 26968 
CLU_6302 3143307299079 31613 
CLU_6302 3143302150018 29286 
CLU_6302 3143302218984 28719 
CLU_6302 3143306065295 26839 
CLU_6302 3143302219069 36196 
CLU_6302 3143306629296 28730 
CLU_6302 3143302149923 27715 
CLU_6302 3143306065341 27171 
CLU_6302 3143306329705 26346 
CLU_6302 3143306297943 18513 
CLU_6302 3143307780621 30560 
CLU_6302 3143302219301 31062 
CLU_6302 3143303180166 31526 
CLU_6302 3143305302803 31782 
CLU_6302 3143302149893 29361 
CLU_6302 3143302150026 34553 
CLU_6302 3143300550108 27224 
CLU_6302 3143303413578 0 
CLU_6302 3143306329632 35939 
CLU_6302 3143305212588 37390 
CLU_6302 3143309812083 29208 
CLU_6302 3143306023282 32025 
CLU_6302 3143302218968 31898 
CLU_6302 3143309772227 29018 
CLU_6302 3143302203480 33389 
CLU_6302 3143302219336 34531 
CLU_6302 3143302150085 31613 
CLU_6302 3143300211826 37057 
CLU_6302 3143302149931 34507 
CLU_6302 3143302219093 29540 
CLU_6302 3143309352511 27982 
CLU_6302 3143309251553 33183 
CLU_6302 3143305998220 33140 
CLU_6302 3143309854304 32999 
CLU_6302 3143309690905 33901 
CLU_6302 3143307608756 28021 
CLU_6302 3143306409911 27224 
CLU_6302 3143307780907 35666 
CLU_6302 3143309936424 34607 
CLU_6302 3143309812075 29683 
CLU_6302 3143306301304 29208 
CLU_6302 3143303688100 29221 
CLU_6302 3143303180115 31048 
CLU_6302 3143305302854 30777 
CLU_6302 3143302219212 30059 
CLU_6302 3143302149958 32973 
CLU_6302 3143307282923 32529 
CLU_6302 3143307951345 26784 
CLU_6302 3143302219077 33717 
CLU_6302 3143302219344 36196 
CLU_6302 3143307607660 32126 
CLU_6302 3143302150069 29115 
CLU_6302 3143307809131 25543 
CLU_6302 3143300186252 37060 
CLU_6302 3143304701852 29867 
CLU_6302 3143307836619 27928 
CLU_6302 3143305212545 36311 
CLU_6302 3143302150077 28021 
CLU_6302 3143302150034 30844 
CLU_6302 3143302219409 89235 
CLU_6302 3143305212529 39330 
CLU_6302 3143302219379 69044 
CLU_6302 CLU_6416 39330 
CLU_6304 3143309772235 2972 
CLU_6304 3143309772251 3519 
CLU_6304 3143309812059 3110 
CLU_6304 3143309690964 2550 
CLU_6304 3143305305063 4077 
CLU_6304 3143307781067 5393 
CLU_6304 3143309132481 5597 
CLU_6304 3143307831331 5756 
CLU_6304 3143300659134 5985 
CLU_6304 3143303180158 4569 
CLU_6304 3143307821506 3869 
CLU_6304 3143302150107 4858 
CLU_6304 3143309775978 3869 
CLU_6304 3143302219107 3595 
CLU_6304 3143302219352 1952 
CLU_6304 3143302219115 2138 
CLU_6304 3143303180182 3859 
CLU_6304 3143302150042 4687 
CLU_6304 3143302219085 5200 
CLU_6304 3143309812032 6579 
CLU_6304 3143302149915 7638 
CLU_6304 3143307299079 5366 
CLU_6304 3143302150018 7311 
CLU_6304 3143302218984 6793 
CLU_6304 3143306065295 8022 
CLU_6304 3143302219069 1831 
CLU_6304 3143306629296 7514 
CLU_6304 3143302149923 7812 
CLU_6304 3143306065341 8735 
CLU_6304 3143306329705 8550 
CLU_6304 3143306297943 15994 
CLU_6304 3143307780621 5014 
CLU_6304 3143302219301 4700 
CLU_6304 3143303180166 3869 
CLU_6304 3143305302803 3475 
CLU_6304 3143302149893 5870 
CLU_6304 3143302150026 3171 
CLU_6304 3143300550108 8508 
CLU_6304 3143303413578 34507 
CLU_6304 3143306329632 3752 
CLU_6304 3143305212588 11152 
CLU_6304 3143309812083 5301 
CLU_6304 3143306023282 2616 
CLU_6304 3143302218968 4548 
CLU_6304 3143309772227 5597 
CLU_6304 3143302203480 1122 
CLU_6304 3143302219336 2815 
CLU_6304 3143302150085 5366 
CLU_6304 3143300211826 2763 
CLU_6304 3143302149931 0 
CLU_6304 3143302219093 6045 
CLU_6304 3143309352511 6847 
CLU_6304 3143309251553 2309 
CLU_6304 3143305998220 3039 
CLU_6304 3143309854304 4185 
CLU_6304 3143309690905 3614 
CLU_6304 3143307608756 8592 
CLU_6304 3143306409911 8508 
CLU_6304 3143307780907 1898 
CLU_6304 3143309936424 3933 
CLU_6304 3143309812075 4977 
CLU_6304 3143306301304 5301 
CLU_6304 3143303688100 5676 
CLU_6304 3143303180115 3519 
CLU_6304 3143305302854 4248 
CLU_6304 3143302219212 4714 
CLU_6304 3143302149958 1936 
CLU_6304 3143307282923 1984 
CLU_6304 3143307951345 7723 
CLU_6304 3143302219077 2769 
CLU_6304 3143302219344 1831 
CLU_6304 3143307607660 4858 
CLU_6304 3143302150069 6787 
CLU_6304 3143307809131 9060 
CLU_6304 3143300186252 3077 
CLU_6304 3143304701852 4696 
CLU_6304 3143307836619 6579 
CLU_6304 3143305212545 2696 
CLU_6304 3143302150077 8592 
CLU_6304 3143302150034 6304 
CLU_6304 3143302219409 65199 
CLU_6304 3143305212529 14689 
CLU_6304 3143302219379 47443 
CLU_6304 CLU_6416 14689 
CLU_6308 3143309772235 3638 
CLU_6308 3143309772251 2676 
CLU_6308 3143309812059 4411 
CLU_6308 3143309690964 4777 
CLU_6308 3143305305063 1923 
CLU_6308 3143307781067 1251 
CLU_6308 3143309132481 1616 
CLU_6308 3143307831331 1769 
CLU_6308 3143300659134 4453 
CLU_6308 3143303180158 5263 
CLU_6308 3143307821506 5424 
CLU_6308 3143302150107 7179 
CLU_6308 3143309775978 5424 
CLU_6308 3143302219107 8279 
CLU_6308 3143302219352 4961 
CLU_6308 3143302219115 3801 
CLU_6308 3143303180182 2251 
CLU_6308 3143302150042 1312 
CLU_6308 3143302219085 1280 
CLU_6308 3143309812032 2846 
CLU_6308 3143302149915 2753 
CLU_6308 3143307299079 2686 
CLU_6308 3143302150018 2122 
CLU_6308 3143302218984 951 
CLU_6308 3143306065295 2542 
CLU_6308 3143302219069 7700 
CLU_6308 3143306629296 1961 
CLU_6308 3143302149923 1941 
CLU_6308 3143306065341 2879 
CLU_6308 3143306329705 3017 
CLU_6308 3143306297943 11065 
CLU_6308 3143307780621 5637 
CLU_6308 3143302219301 5878 
CLU_6308 3143303180166 5424 
CLU_6308 3143305302803 2526 
CLU_6308 3143302149893 0 
CLU_6308 3143302150026 5192 
CLU_6308 3143300550108 2639 
CLU_6308 3143303413578 29361 
CLU_6308 3143306329632 8955 
CLU_6308 3143305212588 10663 
CLU_6308 3143309812083 2765 
CLU_6308 3143306023282 3306 
CLU_6308 3143302218968 6650 
CLU_6308 3143309772227 1616 
CLU_6308 3143302203480 4840 
CLU_6308 3143302219336 5174 
CLU_6308 3143302150085 2686 
CLU_6308 3143300211826 8631 
CLU_6308 3143302149931 5870 
CLU_6308 3143302219093 5791 
CLU_6308 3143309352511 1516 
CLU_6308 3143309251553 3956 
CLU_6308 3143305998220 3788 
CLU_6308 3143309854304 3732 
CLU_6308 3143309690905 4565 
CLU_6308 3143307608756 2975 
CLU_6308 3143306409911 2639 
CLU_6308 3143307780907 7608 
CLU_6308 3143309936424 5305 
CLU_6308 3143309812075 3768 
CLU_6308 3143306301304 2765 
CLU_6308 3143303688100 4510 
CLU_6308 3143303180115 2676 
CLU_6308 3143305302854 1623 
CLU_6308 3143302219212 1386 
CLU_6308 3143302149958 5281 
CLU_6308 3143307282923 4092 
CLU_6308 3143307951345 3502 
CLU_6308 3143302219077 4369 
CLU_6308 3143302219344 7700 
CLU_6308 3143307607660 7179 
CLU_6308 3143302150069 1233 
CLU_6308 3143307809131 4005 
CLU_6308 3143300186252 8923 
CLU_6308 3143304701852 3340 
CLU_6308 3143307836619 2846 
CLU_6308 3143305212545 7029 
CLU_6308 3143302150077 2975 
CLU_6308 3143302150034 2540 
CLU_6308 3143302219409 70364 
CLU_6308 3143305212529 18640 
CLU_6308 3143302219379 52090 
CLU_6308 CLU_6416 18640 
CLU_6309 3143309772235 2142 
CLU_6309 3143309772251 3004 
CLU_6309 3143309812059 1246 
CLU_6309 3143309690964 1453 
CLU_6309 3143305305063 3718 
CLU_6309 3143307781067 4289 
CLU_6309 3143309132481 4154 
CLU_6309 3143307831331 4169 
CLU_6309 3143300659134 2683 
CLU_6309 3143303180158 786 
CLU_6309 3143307821506 0 
CLU_6309 3143302150107 1774 
CLU_6309 3143309775978 0 
CLU_6309 3143302219107 3524 
CLU_6309 3143302219352 1981 
CLU_6309 3143302219115 3067 
CLU_6309 3143303180182 4763 
CLU_6309 3143302150042 4958 
CLU_6309 3143302219085 5633 
CLU_6309 3143309812032 4274 
CLU_6309 3143302149915 5661 
CLU_6309 3143307299079 6673 
CLU_6309 3143302150018 7497 
CLU_6309 3143302218984 6304 
CLU_6309 3143306065295 6446 
CLU_6309 3143302219069 5024 
CLU_6309 3143306629296 7386 
CLU_6309 3143302149923 7019 
CLU_6309 3143306065341 8001 
CLU_6309 3143306329705 6922 
CLU_6309 3143306297943 13122 
CLU_6309 3143307780621 1156 
CLU_6309 3143302219301 853 
CLU_6309 3143303180166 0 
CLU_6309 3143305302803 4434 
CLU_6309 3143302149893 5424 
CLU_6309 3143302150026 6274 
CLU_6309 3143300550108 7701 
CLU_6309 3143303413578 31526 
CLU_6309 3143306329632 4484 
CLU_6309 3143305212588 14106 
CLU_6309 3143309812083 3130 
CLU_6309 3143306023282 3207 
CLU_6309 3143302218968 1247 
CLU_6309 3143309772227 4154 
CLU_6309 3143302203480 3139 
CLU_6309 3143302219336 5967 
CLU_6309 3143302150085 6673 
CLU_6309 3143300211826 5742 
CLU_6309 3143302149931 3869 
CLU_6309 3143302219093 2229 
CLU_6309 3143309352511 5499 
CLU_6309 3143309251553 4539 
CLU_6309 3143305998220 5263 
CLU_6309 3143309854304 6312 
CLU_6309 3143309690905 6310 
CLU_6309 3143307608756 8366 
CLU_6309 3143306409911 7701 
CLU_6309 3143307780907 4277 
CLU_6309 3143309936424 6944 
CLU_6309 3143309812075 2153 
CLU_6309 3143306301304 3130 
CLU_6309 3143303688100 2323 
CLU_6309 3143303180115 3004 
CLU_6309 3143305302854 4336 
CLU_6309 3143302219212 4068 
CLU_6309 3143302149958 1933 
CLU_6309 3143307282923 2745 
CLU_6309 3143307951345 5268 
CLU_6309 3143302219077 5434 
CLU_6309 3143302219344 5024 
CLU_6309 3143307607660 1774 
CLU_6309 3143302150069 6653 
CLU_6309 3143307809131 6874 
CLU_6309 3143300186252 5609 
CLU_6309 3143304701852 2304 
CLU_6309 3143307836619 4274 
CLU_6309 3143305212545 6530 
CLU_6309 3143302150077 8366 
CLU_6309 3143302150034 7258 
CLU_6309 3143302219409 65081 
CLU_6309 3143305212529 13216 
CLU_6309 3143302219379 46682 
CLU_6309 CLU_6416 13216 
CLU_6310 3143309772235 2611 
CLU_6310 3143309772251 2426 
CLU_6310 3143309812059 3344 
CLU_6310 3143309690964 3123 
CLU_6310 3143305305063 2564 
CLU_6310 3143307781067 3877 
CLU_6310 3143309132481 4216 
CLU_6310 3143307831331 4418 
CLU_6310 3143300659134 5679 
CLU_6310 3143303180158 4977 
CLU_6310 3143307821506 4539 
CLU_6310 3143302150107 6066 
CLU_6310 3143309775978 4539 
CLU_6310 3143302219107 5676 
CLU_6310 3143302219352 2767 
CLU_6310 3143302219115 1483 
CLU_6310 3143303180182 1732 
CLU_6310 3143302150042 2660 
CLU_6310 3143302219085 3042 
CLU_6310 3143309812032 5496 
CLU_6310 3143302149915 6231 
CLU_6310 3143307299079 3056 
CLU_6310 3143302150018 5093 
CLU_6310 3143302218984 4798 
CLU_6310 3143306065295 6376 
CLU_6310 3143302219069 4000 
CLU_6310 3143306629296 5363 
CLU_6310 3143302149923 5854 
CLU_6310 3143306065341 6707 
CLU_6310 3143306329705 6889 
CLU_6310 3143306297943 14746 
CLU_6310 3143307780621 5480 
CLU_6310 3143302219301 5366 
CLU_6310 3143303180166 4539 
CLU_6310 3143305302803 1432 
CLU_6310 3143302149893 3956 
CLU_6310 3143302150026 1832 
CLU_6310 3143300550108 6515 
CLU_6310 3143303413578 33183 
CLU_6310 3143306329632 5999 
CLU_6310 3143305212588 9585 
CLU_6310 3143309812083 4410 
CLU_6310 3143306023282 1536 
CLU_6310 3143302218968 5618 
CLU_6310 3143309772227 4216 
CLU_6310 3143302203480 1772 
CLU_6310 3143302219336 1603 
CLU_6310 3143302150085 3056 
CLU_6310 3143300211826 4902 
CLU_6310 3143302149931 2309 
CLU_6310 3143302219093 6290 
CLU_6310 3143309352511 5211 
CLU_6310 3143309251553 0 
CLU_6310 3143305998220 808 
CLU_6310 3143309854304 1987 
CLU_6310 3143309690905 1771 
CLU_6310 3143307608756 6425 
CLU_6310 3143306409911 6515 
CLU_6310 3143307780907 4207 
CLU_6310 3143309936424 2424 
CLU_6310 3143309812075 4584 
CLU_6310 3143306301304 4410 
CLU_6310 3143303688100 5469 
CLU_6310 3143303180115 2426 
CLU_6310 3143305302854 2414 
CLU_6310 3143302219212 3132 
CLU_6310 3143302149958 3016 
CLU_6310 3143307282923 1796 
CLU_6310 3143307951345 6581 
CLU_6310 3143302219077 906 
CLU_6310 3143302219344 4000 
CLU_6310 3143307607660 6066 
CLU_6310 3143302150069 4676 
CLU_6310 3143307809131 7646 
CLU_6310 3143300186252 5321 
CLU_6310 3143304701852 4137 
CLU_6310 3143307836619 5496 
CLU_6310 3143305212545 3128 
CLU_6310 3143302150077 6425 
CLU_6310 3143302150034 4000 
CLU_6310 3143302219409 67506 
CLU_6310 3143305212529 16754 
CLU_6310 3143302219379 49699 
CLU_6310 CLU_6416 16754 
CLU_6313 3143309772235 1874 
CLU_6313 3143309772251 2403 
CLU_6313 3143309812059 2162 
CLU_6313 3143309690964 1699 
CLU_6313 3143305305063 2994 
CLU_6313 3143307781067 4289 
CLU_6313 3143309132481 4480 
CLU_6313 3143307831331 4637 
CLU_6313 3143300659134 4971 
CLU_6313 3143303180158 3747 
CLU_6313 3143307821506 3139 
CLU_6313 3143302150107 4448 
CLU_6313 3143309775978 3139 
CLU_6313 3143302219107 3929 
CLU_6313 3143302219352 1169 
CLU_6313 3143302219115 1047 
CLU_6313 3143303180182 2986 
CLU_6313 3143302150042 3726 
CLU_6313 3143302219085 4295 
CLU_6313 3143309812032 5461 
CLU_6313 3143302149915 6517 
CLU_6313 3143307299079 4695 
CLU_6313 3143302150018 6421 
CLU_6313 3143302218984 5778 
CLU_6313 3143306065295 6918 
CLU_6313 3143302219069 2919 
CLU_6313 3143306629296 6571 
CLU_6313 3143302149923 6776 
CLU_6313 3143306065341 7718 
CLU_6313 3143306329705 7447 
CLU_6313 3143306297943 14877 
CLU_6313 3143307780621 4227 
CLU_6313 3143302219301 3992 
CLU_6313 3143303180166 3139 
CLU_6313 3143305302803 2582 
CLU_6313 3143302149893 4840 
CLU_6313 3143302150026 3232 
CLU_6313 3143300550108 7479 
CLU_6313 3143303413578 33389 
CLU_6313 3143306329632 4344 
CLU_6313 3143305212588 11227 
CLU_6313 3143309812083 4189 
CLU_6313 3143306023282 1540 
CLU_6313 3143302218968 4049 
CLU_6313 3143309772227 4480 
CLU_6313 3143302203480 0 
CLU_6313 3143302219336 2899 
CLU_6313 3143302150085 4695 
CLU_6313 3143300211826 3845 
CLU_6313 3143302149931 1122 
CLU_6313 3143302219093 5193 
CLU_6313 3143309352511 5747 
CLU_6313 3143309251553 1772 
CLU_6313 3143305998220 2580 
CLU_6313 3143309854304 3759 
CLU_6313 3143309690905 3440 
CLU_6313 3143307608756 7650 
CLU_6313 3143306409911 7479 
CLU_6313 3143307780907 2773 
CLU_6313 3143309936424 3956 
CLU_6313 3143309812075 3929 
CLU_6313 3143306301304 4189 
CLU_6313 3143303688100 4681 
CLU_6313 3143303180115 2403 
CLU_6313 3143305302854 3231 
CLU_6313 3143302219212 3628 
CLU_6313 3143302149958 1331 
CLU_6313 3143307282923 862 
CLU_6313 3143307951345 6604 
CLU_6313 3143302219077 2530 
CLU_6313 3143302219344 2919 
CLU_6313 3143307607660 4448 
CLU_6313 3143302150069 5827 
CLU_6313 3143307809131 7938 
CLU_6313 3143300186252 4087 
CLU_6313 3143304701852 3614 
CLU_6313 3143307836619 5461 
CLU_6313 3143305212545 3466 
CLU_6313 3143302150077 7650 
CLU_6313 3143302150034 5565 
CLU_6313 3143302219409 65915 
CLU_6313 3143305212529 14985 
CLU_6313 3143302219379 47998 
CLU_6313 CLU_6416 14985 
CLU_6315 3143309772235 4436 
CLU_6315 3143309772251 4221 
CLU_6315 3143309812059 5124 
CLU_6315 3143309690964 4825 
CLU_6315 3143305305063 4224 
CLU_6315 3143307781067 5433 
CLU_6315 3143309132481 5822 
CLU_6315 3143307831331 6036 
CLU_6315 3143300659134 7505 
CLU_6315 3143303180158 6767 
CLU_6315 3143307821506 6274 
CLU_6315 3143302150107 7680 
CLU_6315 3143309775978 6274 
CLU_6315 3143302219107 6766 
CLU_6315 3143302219352 4377 
CLU_6315 3143302219115 3282 
CLU_6315 3143303180182 3016 
CLU_6315 3143302150042 3905 
CLU_6315 3143302219085 4016 
CLU_6315 3143309812032 7177 
CLU_6315 3143302149915 7745 
CLU_6315 3143307299079 3295 
CLU_6315 3143302150018 5709 
CLU_6315 3143302218984 5871 
CLU_6315 3143306065295 7726 
CLU_6315 3143302219069 4282 
CLU_6315 3143306629296 6130 
CLU_6315 3143302149923 6914 
CLU_6315 3143306065341 7631 
CLU_6315 3143306329705 8209 
CLU_6315 3143306297943 16224 
CLU_6315 3143307780621 7268 
CLU_6315 3143302219301 7117 
CLU_6315 3143303180166 6274 
CLU_6315 3143305302803 2909 
CLU_6315 3143302149893 5192 
CLU_6315 3143302150026 0 
CLU_6315 3143300550108 7499 
CLU_6315 3143303413578 34553 
CLU_6315 3143306329632 6840 
CLU_6315 3143305212588 8023 
CLU_6315 3143309812083 6174 
CLU_6315 3143306023282 3368 
CLU_6315 3143302218968 7270 
CLU_6315 3143309772227 5822 
CLU_6315 3143302203480 3232 
CLU_6315 3143302219336 356 
CLU_6315 3143302150085 3295 
CLU_6315 3143300211826 5018 
CLU_6315 3143302149931 3171 
CLU_6315 3143302219093 8110 
CLU_6315 3143309352511 6616 
CLU_6315 3143309251553 1832 
CLU_6315 3143305998220 1465 
CLU_6315 3143309854304 1750 
CLU_6315 3143309690905 777 
CLU_6315 3143307608756 7102 
CLU_6315 3143306409911 7499 
CLU_6315 3143307780907 4854 
CLU_6315 3143309936424 762 
CLU_6315 3143309812075 6411 
CLU_6315 3143306301304 6174 
CLU_6315 3143303688100 7300 
CLU_6315 3143303180115 4221 
CLU_6315 3143305302854 3896 
CLU_6315 3143302219212 4705 
CLU_6315 3143302149958 4563 
CLU_6315 3143307282923 3546 
CLU_6315 3143307951345 8213 
CLU_6315 3143302219077 963 
CLU_6315 3143302219344 4282 
CLU_6315 3143307607660 7680 
CLU_6315 3143302150069 5571 
CLU_6315 3143307809131 9118 
CLU_6315 3143300186252 5595 
CLU_6315 3143304701852 5957 
CLU_6315 3143307836619 7177 
CLU_6315 3143305212545 2156 
CLU_6315 3143302150077 7102 
CLU_6315 3143302150034 4282 
CLU_6315 3143302219409 67901 
CLU_6315 3143305212529 17846 
CLU_6315 3143302219379 50396 
CLU_6315 CLU_6416 17846 
CLU_6322 3143309772235 6608 
CLU_6322 3143309772251 5639 
CLU_6322 3143309812059 7385 
CLU_6322 3143309690964 7748 
CLU_6322 3143305305063 4874 
CLU_6322 3143307781067 4085 
CLU_6322 3143309132481 4297 
CLU_6322 3143307831331 4355 
CLU_6322 3143300659134 6996 
CLU_6322 3143303180158 8135 
CLU_6322 3143307821506 8366 
CLU_6322 3143302150107 10099 
CLU_6322 3143309775978 8366 
CLU_6322 3143302219107 11238 
CLU_6322 3143302219352 7904 
CLU_6322 3143302219115 6646 
CLU_6322 3143303180182 4739 
CLU_6322 3143302150042 3923 
CLU_6322 3143302219085 3397 
CLU_6322 3143309812032 4988 
CLU_6322 3143302149915 4014 
CLU_6322 3143307299079 3829 
CLU_6322 3143302150018 1392 
CLU_6322 3143302218984 2062 
CLU_6322 3143306065295 3086 
CLU_6322 3143302219069 10386 
CLU_6322 3143306629296 1079 
CLU_6322 3143302149923 1605 
CLU_6322 3143306065341 1120 
CLU_6322 3143306329705 3116 
CLU_6322 3143306297943 10407 
CLU_6322 3143307780621 8463 
CLU_6322 3143302219301 8756 
CLU_6322 3143303180166 8366 
CLU_6322 3143305302803 5117 
CLU_6322 3143302149893 2975 
CLU_6322 3143302150026 7102 
CLU_6322 3143300550108 1314 
CLU_6322 3143303413578 28021 
CLU_6322 3143306329632 11880 
CLU_6322 3143305212588 10136 
CLU_6322 3143309812083 5471 
CLU_6322 3143306023282 6162 
CLU_6322 3143302218968 9574 
CLU_6322 3143309772227 4297 
CLU_6322 3143302203480 7650 
CLU_6322 3143302219336 7213 
CLU_6322 3143302150085 3829 
CLU_6322 3143300211826 11305 
CLU_6322 3143302149931 8592 
CLU_6322 3143302219093 8438 
CLU_6322 3143309352511 3207 
CLU_6322 3143309251553 6425 
CLU_6322 3143305998220 5976 
CLU_6322 3143309854304 5364 
CLU_6322 3143309690905 6343 
CLU_6322 3143307608756 0 
CLU_6322 3143306409911 1314 
CLU_6322 3143307780907 10418 
CLU_6322 3143309936424 6914 
CLU_6322 3143309812075 6544 
CLU_6322 3143306301304 5471 
CLU_6322 3143303688100 7142 
CLU_6322 3143303180115 5639 
CLU_6322 3143305302854 4450 
CLU_6322 3143302219212 4361 
CLU_6322 3143302149958 8226 
CLU_6322 3143307282923 6974 
CLU_6322 3143307951345 5004 
CLU_6322 3143302219077 6525 
CLU_6322 3143302219344 10386 
CLU_6322 3143307607660 10099 
CLU_6322 3143302150069 1828 
CLU_6322 3143307809131 4418 
CLU_6322 3143300186252 11669 
CLU_6322 3143304701852 6178 
CLU_6322 3143307836619 4988 
CLU_6322 3143305212545 9196 
CLU_6322 3143302150077 0 
CLU_6322 3143302150034 2910 
CLU_6322 3143302219409 73338 
CLU_6322 3143305212529 21564 
CLU_6322 3143302219379 55048 
CLU_6322 CLU_6416 21564 
CLU_6325 3143309772235 5370 
CLU_6325 3143309772251 6291 
CLU_6325 3143309812059 4808 
CLU_6325 3143309690964 4281 
CLU_6325 3143305305063 7032 
CLU_6325 3143307781067 8116 
CLU_6325 3143309132481 8148 
CLU_6325 3143307831331 8234 
CLU_6325 3143300659134 7164 
CLU_6325 3143303180158 5217 
CLU_6325 3143307821506 4484 
CLU_6325 3143302150107 3935 
CLU_6325 3143309775978 4484 
CLU_6325 3143302219107 1025 
CLU_6325 3143302219352 3997 
CLU_6325 3143302219115 5262 
CLU_6325 3143303180182 7319 
CLU_6325 3143302150042 7989 
CLU_6325 3143302219085 8599 
CLU_6325 3143309812032 8631 
CLU_6325 3143302149915 9957 
CLU_6325 3143307299079 9022 
CLU_6325 3143302150018 10717 
CLU_6325 3143302218984 9907 
CLU_6325 3143306065295 10612 
CLU_6325 3143302219069 2842 
CLU_6325 3143306629296 10809 
CLU_6325 3143302149923 10824 
CLU_6325 3143306065341 11803 
CLU_6325 3143306329705 11122 
CLU_6325 3143306297943 17593 
CLU_6325 3143307780621 5380 
CLU_6325 3143302219301 4876 
CLU_6325 3143303180166 4484 
CLU_6325 3143305302803 6914 
CLU_6325 3143302149893 8955 
CLU_6325 3143302150026 6840 
CLU_6325 3143300550108 11534 
CLU_6325 3143303413578 35939 
CLU_6325 3143306329632 0 
CLU_6325 3143305212588 14622 
CLU_6325 3143309812083 7374 
CLU_6325 3143306023282 5730 
CLU_6325 3143302218968 4068 
CLU_6325 3143309772227 8148 
CLU_6325 3143302203480 4344 
CLU_6325 3143302219336 6490 
CLU_6325 3143302150085 9022 
CLU_6325 3143300211826 2747 
CLU_6325 3143302149931 3752 
CLU_6325 3143302219093 6406 
CLU_6325 3143309352511 9526 
CLU_6325 3143309251553 5999 
CLU_6325 3143305998220 6768 
CLU_6325 3143309854304 7930 
CLU_6325 3143309690905 7352 
CLU_6325 3143307608756 11880 
CLU_6325 3143306409911 11534 
CLU_6325 3143307780907 2011 
CLU_6325 3143309936424 7593 
CLU_6325 3143309812075 6556 
CLU_6325 3143306301304 7374 
CLU_6325 3143303688100 6804 
CLU_6325 3143303180115 6291 
CLU_6325 3143305302854 7431 
CLU_6325 3143302219212 7608 
CLU_6325 3143302149958 3683 
CLU_6325 3143307282923 4913 
CLU_6325 3143307951345 9693 
CLU_6325 3143302219077 6521 
CLU_6325 3143302219344 2842 
CLU_6325 3143307607660 3935 
CLU_6325 3143302150069 10053 
CLU_6325 3143307809131 11262 
CLU_6325 3143300186252 2156 
CLU_6325 3143304701852 6560 
CLU_6325 3143307836619 8631 
CLU_6325 3143305212545 5610 
CLU_6325 3143302150077 11880 
CLU_6325 3143302150034 9908 
CLU_6325 3143302219409 61573 
CLU_6325 3143305212529 11040 
CLU_6325 3143302219379 43702 
CLU_6325 CLU_6416 11040 
CLU_6327 3143309772235 12048 
CLU_6327 3143309772251 11459 
CLU_6327 3143309812059 12879 
CLU_6327 3143309690964 12707 
CLU_6327 3143305305063 11049 
CLU_6327 3143307781067 11661 
CLU_6327 3143309132481 12107 
CLU_6327 3143307831331 12308 
CLU_6327 3143300659134 14642 
CLU_6327 3143303180158 14462 
CLU_6327 3143307821506 14106 
CLU_6327 3143302150107 15645 
CLU_6327 3143309775978 14106 
CLU_6327 3143302219107 14707 
CLU_6327 3143302219352 12331 
CLU_6327 3143302219115 11040 
CLU_6327 3143303180182 9652 
CLU_6327 3143302150042 9995 
CLU_6327 3143302219085 9530 
CLU_6327 3143309812032 13477 
CLU_6327 3143302149915 13294 
CLU_6327 3143307299079 8070 
CLU_6327 3143302150018 9330 
CLU_6327 3143302218984 10631 
CLU_6327 3143306065295 12700 
CLU_6327 3143302219069 11821 
CLU_6327 3143306629296 9927 
CLU_6327 3143302149923 11210 
CLU_6327 3143306065341 11227 
CLU_6327 3143306329705 12957 
CLU_6327 3143306297943 20507 
CLU_6327 3143307780621 14961 
CLU_6327 3143302219301 14910 
CLU_6327 3143303180166 14106 
CLU_6327 3143305302803 9863 
CLU_6327 3143302149893 10663 
CLU_6327 3143302150026 8023 
CLU_6327 3143300550108 11337 
CLU_6327 3143303413578 37390 
CLU_6327 3143306329632 14622 
CLU_6327 3143305212588 0 
CLU_6327 3143309812083 12991 
CLU_6327 3143306023282 10931 
CLU_6327 3143302218968 15203 
CLU_6327 3143309772227 12107 
CLU_6327 3143302203480 11227 
CLU_6327 3143302219336 8374 
CLU_6327 3143302150085 8070 
CLU_6327 3143300211826 12261 
CLU_6327 3143302149931 11152 
CLU_6327 3143302219093 15617 
CLU_6327 3143309352511 12067 
CLU_6327 3143309251553 9585 
CLU_6327 3143305998220 8843 
CLU_6327 3143309854304 7844 
CLU_6327 3143309690905 7818 
CLU_6327 3143307608756 10136 
CLU_6327 3143306409911 11337 
CLU_6327 3143307780907 12615 
CLU_6327 3143309936424 7277 
CLU_6327 3143309812075 13641 
CLU_6327 3143306301304 12991 
CLU_6327 3143303688100 14549 
CLU_6327 3143303180115 11459 
CLU_6327 3143305302854 10439 
CLU_6327 3143302219212 11182 
CLU_6327 3143302149958 12549 
CLU_6327 3143307282923 11378 
CLU_6327 3143307951345 14145 
CLU_6327 3143302219077 8720 
CLU_6327 3143302219344 11821 
CLU_6327 3143307607660 15645 
CLU_6327 3143302150069 10008 
CLU_6327 3143307809131 14241 
CLU_6327 3143300186252 12933 
CLU_6327 3143304701852 13139 
CLU_6327 3143307836619 13477 
CLU_6327 3143305212545 9049 
CLU_6327 3143302150077 10136 
CLU_6327 3143302150034 8161 
CLU_6327 3143302219409 74060 
CLU_6327 3143305212529 25649 
CLU_6327 3143302219379 57367 
CLU_6327 CLU_6416 25649 
CLU_6331 3143309772235 3363 
CLU_6331 3143309772251 4248 
CLU_6331 3143309812059 2457 
CLU_6331 3143309690964 2500 
CLU_6331 3143305305063 4965 
CLU_6331 3143307781067 5488 
CLU_6331 3143309132481 5319 
CLU_6331 3143307831331 5312 
CLU_6331 3143300659134 3378 
CLU_6331 3143303180158 1521 
CLU_6331 3143307821506 1247 
CLU_6331 3143302150107 529 
CLU_6331 3143309775978 1247 
CLU_6331 3143302219107 3043 
CLU_6331 3143302219352 2893 
CLU_6331 3143302219115 4185 
CLU_6331 3143303180182 5986 
CLU_6331 3143302150042 6205 
CLU_6331 3143302219085 6880 
CLU_6331 3143309812032 5253 
CLU_6331 3143302149915 6659 
CLU_6331 3143307299079 7901 
CLU_6331 3143302150018 8735 
CLU_6331 3143302218984 7514 
CLU_6331 3143306065295 7507 
CLU_6331 3143302219069 5321 
CLU_6331 3143306629296 8608 
CLU_6331 3143302149923 8188 
CLU_6331 3143306065341 9162 
CLU_6331 3143306329705 7959 
CLU_6331 3143306297943 13638 
CLU_6331 3143307780621 1440 
CLU_6331 3143302219301 954 
CLU_6331 3143303180166 1247 
CLU_6331 3143305302803 5645 
CLU_6331 3143302149893 6650 
CLU_6331 3143302150026 7270 
CLU_6331 3143300550108 8857 
CLU_6331 3143303413578 31898 
CLU_6331 3143306329632 4068 
CLU_6331 3143305212588 15203 
CLU_6331 3143309812083 4227 
CLU_6331 3143306023282 4386 
CLU_6331 3143302218968 0 
CLU_6331 3143309772227 5319 
CLU_6331 3143302203480 4049 
CLU_6331 3143302219336 6944 
CLU_6331 3143302150085 7901 
CLU_6331 3143300211826 5889 
CLU_6331 3143302149931 4548 
CLU_6331 3143302219093 2361 
CLU_6331 3143309352511 6628 
CLU_6331 3143309251553 5618 
CLU_6331 3143305998220 6376 
CLU_6331 3143309854304 7466 
CLU_6331 3143309690905 7385 
CLU_6331 3143307608756 9574 
CLU_6331 3143306409911 8857 
CLU_6331 3143307780907 4438 
CLU_6331 3143309936424 7974 
CLU_6331 3143309812075 3175 
CLU_6331 3143306301304 4227 
CLU_6331 3143303688100 3039 
CLU_6331 3143303180115 4248 
CLU_6331 3143305302854 5582 
CLU_6331 3143302219212 5305 
CLU_6331 3143302149958 2727 
CLU_6331 3143307282923 3830 
CLU_6331 3143307951345 6144 
CLU_6331 3143302219077 6488 
CLU_6331 3143302219344 5321 
CLU_6331 3143307607660 529 
CLU_6331 3143302150069 7881 
CLU_6331 3143307809131 7772 
CLU_6331 3143300186252 5615 
CLU_6331 3143304701852 3432 
CLU_6331 3143307836619 5253 
CLU_6331 3143305212545 7243 
CLU_6331 3143302150077 9574 
CLU_6331 3143302150034 8502 
CLU_6331 3143302219409 63957 
CLU_6331 3143305212529 11993 
CLU_6331 3143302219379 45487 
CLU_6331 CLU_6416 11993 
CLU_6338 3143309772235 4330 
CLU_6338 3143309772251 3949 
CLU_6338 3143309812059 5105 
CLU_6338 3143309690964 4893 
CLU_6338 3143305305063 3819 
CLU_6338 3143307781067 4934 
CLU_6338 3143309132481 5346 
CLU_6338 3143307831331 5563 
CLU_6338 3143300659134 7264 
CLU_6338 3143303180158 6727 
CLU_6338 3143307821506 6310 
CLU_6338 3143302150107 7827 
CLU_6338 3143309775978 6310 
CLU_6338 3143302219107 7188 
CLU_6338 3143302219352 4516 
CLU_6338 3143302219115 3246 
CLU_6338 3143303180182 2494 
CLU_6338 3143302150042 3316 
CLU_6338 3143302219085 3344 
CLU_6338 3143309812032 6736 
CLU_6338 3143302149915 7195 
CLU_6338 3143307299079 2525 
CLU_6338 3143302150018 4951 
CLU_6338 3143302218984 5188 
CLU_6338 3143306065295 7108 
CLU_6338 3143302219069 4917 
CLU_6338 3143306629296 5387 
CLU_6338 3143302149923 6218 
CLU_6338 3143306065341 6904 
CLU_6338 3143306329705 7576 
CLU_6338 3143306297943 15627 
CLU_6338 3143307780621 7230 
CLU_6338 3143302219301 7132 
CLU_6338 3143303180166 6310 
CLU_6338 3143305302803 2477 
CLU_6338 3143302149893 4565 
CLU_6338 3143302150026 777 
CLU_6338 3143300550108 6783 
CLU_6338 3143303413578 33901 
CLU_6338 3143306329632 7352 
CLU_6338 3143305212588 7818 
CLU_6338 3143309812083 5824 
CLU_6338 3143306023282 3215 
CLU_6338 3143302218968 7385 
CLU_6338 3143309772227 5346 
CLU_6338 3143302203480 3440 
CLU_6338 3143302219336 998 
CLU_6338 3143302150085 2525 
CLU_6338 3143300211826 5698 
CLU_6338 3143302149931 3614 
CLU_6338 3143302219093 7997 
CLU_6338 3143309352511 6029 
CLU_6338 3143309251553 1771 
CLU_6338 3143305998220 1105 
CLU_6338 3143309854304 980 
CLU_6338 3143309690905 0 
CLU_6338 3143307608756 6343 
CLU_6338 3143306409911 6783 
CLU_6338 3143307780907 5405 
CLU_6338 3143309936424 779 
CLU_6338 3143309812075 6183 
CLU_6338 3143306301304 5824 
CLU_6338 3143303688100 7090 
CLU_6338 3143303180115 3949 
CLU_6338 3143305302854 3403 
CLU_6338 3143302219212 4233 
CLU_6338 3143302149958 4744 
CLU_6338 3143307282923 3568 
CLU_6338 3143307951345 7727 
CLU_6338 3143302219077 910 
CLU_6338 3143302219344 4917 
CLU_6338 3143307607660 7827 
CLU_6338 3143302150069 4854 
CLU_6338 3143307809131 8539 
CLU_6338 3143300186252 6249 
CLU_6338 3143304701852 5706 
CLU_6338 3143307836619 6736 
CLU_6338 3143305212545 2933 
CLU_6338 3143302150077 6343 
CLU_6338 3143302150034 3507 
CLU_6338 3143302219409 68575 
CLU_6338 3143305212529 18294 
CLU_6338 3143302219379 50992 
CLU_6338 CLU_6416 18294 
CLU_6344 3143309772235 6170 
CLU_6344 3143309772251 5246 
CLU_6344 3143309812059 6850 
CLU_6344 3143309690964 7290 
CLU_6344 3143305305063 4527 
CLU_6344 3143307781067 3457 
CLU_6344 3143309132481 3546 
CLU_6344 3143307831331 3545 
CLU_6344 3143300659134 6019 
CLU_6344 3143303180158 7367 
CLU_6344 3143307821506 7701 
CLU_6344 3143302150107 9372 
CLU_6344 3143309775978 7701 
CLU_6344 3143302219107 10808 
CLU_6344 3143302219352 7538 
CLU_6344 3143302219115 6438 
CLU_6344 3143303180182 4783 
CLU_6344 3143302150042 3865 
CLU_6344 3143302219085 3521 
CLU_6344 3143309812032 3939 
CLU_6344 3143302149915 2807 
CLU_6344 3143307299079 4394 
CLU_6344 3143302150018 2121 
CLU_6344 3143302218984 1723 
CLU_6344 3143306065295 1829 
CLU_6344 3143302219069 10335 
CLU_6344 3143306629296 1528 
CLU_6344 3143302149923 710 
CLU_6344 3143306065341 314 
CLU_6344 3143306329705 1805 
CLU_6344 3143306297943 9324 
CLU_6344 3143307780621 7642 
CLU_6344 3143302219301 7985 
CLU_6344 3143303180166 7701 
CLU_6344 3143305302803 5109 
CLU_6344 3143302149893 2639 
CLU_6344 3143302150026 7499 
CLU_6344 3143300550108 0 
CLU_6344 3143303413578 27224 
CLU_6344 3143306329632 11534 
CLU_6344 3143305212588 11337 
CLU_6344 3143309812083 4646 
CLU_6344 3143306023282 5943 
CLU_6344 3143302218968 8857 
CLU_6344 3143309772227 3546 
CLU_6344 3143302203480 7479 
CLU_6344 3143302219336 7550 
CLU_6344 3143302150085 4394 
CLU_6344 3143300211826 11267 
CLU_6344 3143302149931 8508 
CLU_6344 3143302219093 7485 
CLU_6344 3143309352511 2249 
CLU_6344 3143309251553 6515 
CLU_6344 3143305998220 6215 
CLU_6344 3143309854304 5835 
CLU_6344 3143309690905 6783 
CLU_6344 3143307608756 1314 
CLU_6344 3143306409911 0 
CLU_6344 3143307780907 10244 
CLU_6344 3143309936424 7439 
CLU_6344 3143309812075 5723 
CLU_6344 3143306301304 4646 
CLU_6344 3143303688100 6210 
CLU_6344 3143303180115 5246 
CLU_6344 3143305302854 4260 
CLU_6344 3143302219212 3929 
CLU_6344 3143302149958 7851 
CLU_6344 3143307282923 6718 
CLU_6344 3143307951345 3787 
CLU_6344 3143302219077 6792 
CLU_6344 3143302219344 10335 
CLU_6344 3143307607660 9372 
CLU_6344 3143302150069 1929 
CLU_6344 3143307809131 3104 
CLU_6344 3143300186252 11563 
CLU_6344 3143304701852 5425 
CLU_6344 3143307836619 3939 
CLU_6344 3143305212545 9490 
CLU_6344 3143302150077 1314 
CLU_6344 3143302150034 3642 
CLU_6344 3143302219409 72779 
CLU_6344 3143305212529 20792 
CLU_6344 3143302219379 54331 
CLU_6344 CLU_6416 20792 
CLU_6351 3143309772235 3239 
CLU_6351 3143309772251 2848 
CLU_6351 3143309812059 4040 
CLU_6351 3143309690964 3876 
CLU_6351 3143305305063 2771 
CLU_6351 3143307781067 3967 
CLU_6351 3143309132481 4357 
CLU_6351 3143307831331 4571 
CLU_6351 3143300659134 6162 
CLU_6351 3143303180158 5647 
CLU_6351 3143307821506 5263 
CLU_6351 3143302150107 6836 
CLU_6351 3143309775978 5263 
CLU_6351 3143302219107 6475 
CLU_6351 3143302219352 3556 
CLU_6351 3143302219115 2197 
CLU_6351 3143303180182 1565 
CLU_6351 3143302150042 2481 
CLU_6351 3143302219085 2693 
CLU_6351 3143309812032 5719 
CLU_6351 3143302149915 6286 
CLU_6351 3143307299079 2386 
CLU_6351 3143302150018 4605 
CLU_6351 3143302218984 4535 
CLU_6351 3143306065295 6302 
CLU_6351 3143302219069 4625 
CLU_6351 3143306629296 4945 
CLU_6351 3143302149923 5591 
CLU_6351 3143306065341 6376 
CLU_6351 3143306329705 6795 
CLU_6351 3143306297943 14778 
CLU_6351 3143307780621 6149 
CLU_6351 3143302219301 6071 
CLU_6351 3143303180166 5263 
CLU_6351 3143305302803 1445 
CLU_6351 3143302149893 3788 
CLU_6351 3143302150026 1465 
CLU_6351 3143300550108 6215 
CLU_6351 3143303413578 33140 
CLU_6351 3143306329632 6768 
CLU_6351 3143305212588 8843 
CLU_6351 3143309812083 4751 
CLU_6351 3143306023282 2120 
CLU_6351 3143302218968 6376 
CLU_6351 3143309772227 4357 
CLU_6351 3143302203480 2580 
CLU_6351 3143302219336 1390 
CLU_6351 3143302150085 2386 
CLU_6351 3143300211826 5494 
CLU_6351 3143302149931 3039 
CLU_6351 3143302219093 6898 
CLU_6351 3143309352511 5174 
CLU_6351 3143309251553 808 
CLU_6351 3143305998220 0 
CLU_6351 3143309854304 1181 
CLU_6351 3143309690905 1105 
CLU_6351 3143307608756 5976 
CLU_6351 3143306409911 6215 
CLU_6351 3143307780907 4927 
CLU_6351 3143309936424 1855 
CLU_6351 3143309812075 5079 
CLU_6351 3143306301304 4751 
CLU_6351 3143303688100 5985 
CLU_6351 3143303180115 2848 
CLU_6351 3143305302854 2431 
CLU_6351 3143302219212 3240 
CLU_6351 3143302149958 3814 
CLU_6351 3143307282923 2546 
CLU_6351 3143307951345 6748 
CLU_6351 3143302219077 582 
CLU_6351 3143302219344 4625 
CLU_6351 3143307607660 6836 
CLU_6351 3143302150069 4313 
CLU_6351 3143307809131 7667 
CLU_6351 3143300186252 5963 
CLU_6351 3143304701852 4605 
CLU_6351 3143307836619 5719 
CLU_6351 3143305212545 3275 
CLU_6351 3143302150077 5976 
CLU_6351 3143302150034 3369 
CLU_6351 3143302219409 68226 
CLU_6351 3143305212529 17560 
CLU_6351 3143302219379 50470 
CLU_6351 CLU_6416 17560 
CLU_6354 3143309772235 5694 
CLU_6354 3143309772251 6439 
CLU_6354 3143309812059 5451 
CLU_6354 3143309690964 4840 
CLU_6354 3143305305063 7077 
CLU_6354 3143307781067 8342 
CLU_6354 3143309132481 8487 
CLU_6354 3143307831331 8621 
CLU_6354 3143300659134 8210 
CLU_6354 3143303180158 6395 
CLU_6354 3143307821506 5609 
CLU_6354 3143302150107 5640 
CLU_6354 3143309775978 5609 
CLU_6354 3143302219107 2907 
CLU_6354 3143302219352 4341 
CLU_6354 3143302219115 5133 
CLU_6354 3143303180182 6934 
CLU_6354 3143302150042 7762 
CLU_6354 3143302219085 8276 
CLU_6354 3143309812032 9278 
CLU_6354 3143302149915 10471 
CLU_6354 3143307299079 8345 
CLU_6354 3143302150018 10381 
CLU_6354 3143302218984 9855 
CLU_6354 3143306065295 10960 
CLU_6354 3143302219069 1341 
CLU_6354 3143306629296 10592 
CLU_6354 3143302149923 10862 
CLU_6354 3143306065341 11797 
CLU_6354 3143306329705 11487 
CLU_6354 3143306297943 18582 
CLU_6354 3143307780621 6692 
CLU_6354 3143302219301 6230 
CLU_6354 3143303180166 5609 
CLU_6354 3143305302803 6552 
CLU_6354 3143302149893 8923 
CLU_6354 3143302150026 5595 
CLU_6354 3143300550108 11563 
CLU_6354 3143303413578 37060 
CLU_6354 3143306329632 2156 
CLU_6354 3143305212588 12933 
CLU_6354 3143309812083 7975 
CLU_6354 3143306023282 5627 
CLU_6354 3143302218968 5615 
CLU_6354 3143309772227 8487 
CLU_6354 3143302203480 4087 
CLU_6354 3143302219336 5278 
CLU_6354 3143302150085 8345 
CLU_6354 3143300211826 678 
CLU_6354 3143302149931 3077 
CLU_6354 3143302219093 7777 
CLU_6354 3143309352511 9802 
CLU_6354 3143309251553 5321 
CLU_6354 3143305998220 5963 
CLU_6354 3143309854304 7016 
CLU_6354 3143309690905 6249 
CLU_6354 3143307608756 11669 
CLU_6354 3143306409911 11563 
CLU_6354 3143307780907 1406 
CLU_6354 3143309936424 6289 
CLU_6354 3143309812075 7384 
CLU_6354 3143306301304 7975 
CLU_6354 3143303688100 7859 
CLU_6354 3143303180115 6439 
CLU_6354 3143305302854 7306 
CLU_6354 3143302219212 7706 
CLU_6354 3143302149958 4112 
CLU_6354 3143307282923 4891 
CLU_6354 3143307951345 10407 
CLU_6354 3143302219077 5563 
CLU_6354 3143302219344 1341 
CLU_6354 3143307607660 5640 
CLU_6354 3143302150069 9864 
CLU_6354 3143307809131 11863 
CLU_6354 3143300186252 0 
CLU_6354 3143304701852 7242 
CLU_6354 3143307836619 9278 
CLU_6354 3143305212545 3908 
CLU_6354 3143302150077 11669 
CLU_6354 3143302150034 9312 
CLU_6354 3143302219409 62327 
CLU_6354 3143305212529 12777 
CLU_6354 3143302219379 44827 
CLU_6354 CLU_6416 12777 
CLU_6355 3143309772235 4296 
CLU_6355 3143309772251 5069 
CLU_6355 3143309812059 4048 
CLU_6355 3143309690964 3435 
CLU_6355 3143305305063 5731 
CLU_6355 3143307781067 6970 
CLU_6355 3143309132481 7101 
CLU_6355 3143307831331 7230 
CLU_6355 3143300659134 6833 
CLU_6355 3143303180158 5062 
CLU_6355 3143307821506 4277 
CLU_6355 3143302150107 4549 
CLU_6355 3143309775978 4277 
CLU_6355 3143302219107 2245 
CLU_6355 3143302219352 2935 
CLU_6355 3143302219115 3806 
CLU_6355 3143303180182 5714 
CLU_6355 3143302150042 6495 
CLU_6355 3143302219085 7045 
CLU_6355 3143309812032 7872 
CLU_6355 3143302149915 9072 
CLU_6355 3143307299079 7264 
CLU_6355 3143302150018 9167 
CLU_6355 3143302218984 8549 
CLU_6355 3143306065295 9579 
CLU_6355 3143302219069 976 
CLU_6355 3143306629296 9338 
CLU_6355 3143302149923 9538 
CLU_6355 3143306065341 10487 
CLU_6355 3143306329705 10105 
CLU_6355 3143306297943 17181 
CLU_6355 3143307780621 5392 
CLU_6355 3143302219301 4953 
CLU_6355 3143303180166 4277 
CLU_6355 3143305302803 5319 
CLU_6355 3143302149893 7608 
CLU_6355 3143302150026 4854 
CLU_6355 3143300550108 10244 
CLU_6355 3143303413578 35666 
CLU_6355 3143306329632 2011 
CLU_6355 3143305212588 12615 
CLU_6355 3143309812083 6569 
CLU_6355 3143306023282 4301 
CLU_6355 3143302218968 4438 
CLU_6355 3143309772227 7101 
CLU_6355 3143302203480 2773 
CLU_6355 3143302219336 4508 
CLU_6355 3143302150085 7264 
CLU_6355 3143300211826 1470 
CLU_6355 3143302149931 1898 
CLU_6355 3143302219093 6481 
CLU_6355 3143309352511 8428 
CLU_6355 3143309251553 4207 
CLU_6355 3143305998220 4927 
CLU_6355 3143309854304 6054 
CLU_6355 3143309690905 5405 
CLU_6355 3143307608756 10418 
CLU_6355 3143306409911 10244 
CLU_6355 3143307780907 0 
CLU_6355 3143309936424 5600 
CLU_6355 3143309812075 5985 
CLU_6355 3143306301304 6569 
CLU_6355 3143303688100 6485 
CLU_6355 3143303180115 5069 
CLU_6355 3143305302854 6004 
CLU_6355 3143302219212 6354 
CLU_6355 3143302149958 2706 
CLU_6355 3143307282923 3535 
CLU_6355 3143307951345 9000 
CLU_6355 3143302219077 4614 
CLU_6355 3143302219344 976 
CLU_6355 3143307607660 4549 
CLU_6355 3143302150069 8598 
CLU_6355 3143307809131 10461 
CLU_6355 3143300186252 1406 
CLU_6355 3143304701852 5836 
CLU_6355 3143307836619 7872 
CLU_6355 3143305212545 3634 
CLU_6355 3143302150077 10418 
CLU_6355 3143302150034 8199 
CLU_6355 3143302219409 63302 
CLU_6355 3143305212529 13052 
CLU_6355 3143302219379 45592 
CLU_6355 CLU_6416 13052 
CLU_6360 3143309772235 5028 
CLU_6360 3143309772251 4703 
CLU_6360 3143309812059 5766 
CLU_6360 3143309690964 5506 
CLU_6360 3143305305063 4596 
CLU_6360 3143307781067 5711 
CLU_6360 3143309132481 6125 
CLU_6360 3143307831331 6342 
CLU_6360 3143300659134 8015 
CLU_6360 3143303180158 7402 
CLU_6360 3143307821506 6944 
CLU_6360 3143302150107 8396 
CLU_6360 3143309775978 6944 
CLU_6360 3143302219107 7528 
CLU_6360 3143302219352 5083 
CLU_6360 3143302219115 3907 
CLU_6360 3143303180182 3271 
CLU_6360 3143302150042 4078 
CLU_6360 3143302219085 4062 
CLU_6360 3143309812032 7515 
CLU_6360 3143302149915 7961 
CLU_6360 3143307299079 3089 
CLU_6360 3143302150018 5530 
CLU_6360 3143302218984 5887 
CLU_6360 3143306065295 7847 
CLU_6360 3143302219069 4993 
CLU_6360 3143306629296 6003 
CLU_6360 3143302149923 6900 
CLU_6360 3143306065341 7542 
CLU_6360 3143306329705 8307 
CLU_6360 3143306297943 16371 
CLU_6360 3143307780621 7904 
CLU_6360 3143302219301 7779 
CLU_6360 3143303180166 6944 
CLU_6360 3143305302803 3254 
CLU_6360 3143302149893 5305 
CLU_6360 3143302150026 762 
CLU_6360 3143300550108 7439 
CLU_6360 3143303413578 34607 
CLU_6360 3143306329632 7593 
CLU_6360 3143305212588 7277 
CLU_6360 3143309812083 6597 
CLU_6360 3143306023282 3927 
CLU_6360 3143302218968 7974 
CLU_6360 3143309772227 6125 
CLU_6360 3143302203480 3956 
CLU_6360 3143302219336 1118 
CLU_6360 3143302150085 3089 
CLU_6360 3143300211826 5691 
CLU_6360 3143302149931 3933 
CLU_6360 3143302219093 8706 
CLU_6360 3143309352511 6784 
CLU_6360 3143309251553 2424 
CLU_6360 3143305998220 1855 
CLU_6360 3143309854304 1609 
CLU_6360 3143309690905 779 
CLU_6360 3143307608756 6914 
CLU_6360 3143306409911 7439 
CLU_6360 3143307780907 5600 
CLU_6360 3143309936424 0 
CLU_6360 3143309812075 6929 
CLU_6360 3143306301304 6597 
CLU_6360 3143303688100 7832 
CLU_6360 3143303180115 4703 
CLU_6360 3143305302854 4182 
CLU_6360 3143302219212 5012 
CLU_6360 3143302149958 5284 
CLU_6360 3143307282923 4201 
CLU_6360 3143307951345 8504 
CLU_6360 3143302219077 1518 
CLU_6360 3143302219344 4993 
CLU_6360 3143307607660 8396 
CLU_6360 3143302150069 5516 
CLU_6360 3143307809131 9294 
CLU_6360 3143300186252 6289 
CLU_6360 3143304701852 6458 
CLU_6360 3143307836619 7515 
CLU_6360 3143305212545 2650 
CLU_6360 3143302150077 6914 
CLU_6360 3143302150034 4023 
CLU_6360 3143302219409 68557 
CLU_6360 3143305212529 18605 
CLU_6360 3143302219379 51109 
CLU_6360 CLU_6416 18605 
CLU_6361 3143309772235 2094 
CLU_6361 3143309772251 2238 
CLU_6361 3143309812059 1944 
CLU_6361 3143309690964 2559 
CLU_6361 3143305305063 2602 
CLU_6361 3143307781067 2522 
CLU_6361 3143309132481 2247 
CLU_6361 3143307831331 2196 
CLU_6361 3143300659134 1095 
CLU_6361 3143303180158 1657 
CLU_6361 3143307821506 2153 
CLU_6361 3143302150107 3673 
CLU_6361 3143309775978 2153 
CLU_6361 3143302219107 5638 
CLU_6361 3143302219352 3117 
CLU_6361 3143302219115 3247 
CLU_6361 3143303180182 3989 
CLU_6361 3143302150042 3770 
CLU_6361 3143302219085 4379 
CLU_6361 3143309812032 2121 
CLU_6361 3143302149915 3513 
CLU_6361 3143307299079 5702 
CLU_6361 3143302150018 5889 
CLU_6361 3143302218984 4522 
CLU_6361 3143306065295 4333 
CLU_6361 3143302219069 6540 
CLU_6361 3143306629296 5657 
CLU_6361 3143302149923 5077 
CLU_6361 3143306065341 6033 
CLU_6361 3143306329705 4793 
CLU_6361 3143306297943 11198 
CLU_6361 3143307780621 1924 
CLU_6361 3143302219301 2268 
CLU_6361 3143303180166 2153 
CLU_6361 3143305302803 3809 
CLU_6361 3143302149893 3768 
CLU_6361 3143302150026 6411 
CLU_6361 3143300550108 5723 
CLU_6361 3143303413578 29683 
CLU_6361 3143306329632 6556 
CLU_6361 3143305212588 13641 
CLU_6361 3143309812083 1080 
CLU_6361 3143306023282 3049 
CLU_6361 3143302218968 3175 
CLU_6361 3143309772227 2247 
CLU_6361 3143302203480 3929 
CLU_6361 3143302219336 6184 
CLU_6361 3143302150085 5702 
CLU_6361 3143300211826 7380 
CLU_6361 3143302149931 4977 
CLU_6361 3143302219093 2065 
CLU_6361 3143309352511 3477 
CLU_6361 3143309251553 4584 
CLU_6361 3143305998220 5079 
CLU_6361 3143309854304 5851 
CLU_6361 3143309690905 6183 
CLU_6361 3143307608756 6544 
CLU_6361 3143306409911 5723 
CLU_6361 3143307780907 5985 
CLU_6361 3143309936424 6929 
CLU_6361 3143309812075 0 
CLU_6361 3143306301304 1080 
CLU_6361 3143303688100 914 
CLU_6361 3143303180115 2238 
CLU_6361 3143305302854 3236 
CLU_6361 3143302219212 2623 
CLU_6361 3143302149958 3291 
CLU_6361 3143307282923 3149 
CLU_6361 3143307951345 3138 
CLU_6361 3143302219077 5457 
CLU_6361 3143302219344 6540 
CLU_6361 3143307607660 3673 
CLU_6361 3143302150069 4984 
CLU_6361 3143307809131 4728 
CLU_6361 3143300186252 7384 
CLU_6361 3143304701852 503 
CLU_6361 3143307836619 2121 
CLU_6361 3143305212545 7325 
CLU_6361 3143302150077 6544 
CLU_6361 3143302150034 6029 
CLU_6361 3143302219409 67131 
CLU_6361 3143305212529 15069 
CLU_6361 3143302219379 48608 
CLU_6361 CLU_6416 15069 
CLU_6363 3143309772235 1403 
CLU_6363 3143309772251 1372 
CLU_6363 3143309812059 1610 
CLU_6363 3143309690964 2185 
CLU_6363 3143305305063 1764 
CLU_6363 3143307781067 1978 
CLU_6363 3143309132481 1839 
CLU_6363 3143307831331 1872 
CLU_6363 3143300659134 1944 
CLU_6363 3143303180158 2101 
CLU_6363 3143307821506 2319 
CLU_6363 3143302150107 4035 
CLU_6363 3143309775978 2319 
CLU_6363 3143302219107 5571 
CLU_6363 3143302219352 2655 
CLU_6363 3143302219115 2481 
CLU_6363 3143303180182 3129 
CLU_6363 3143302150042 2974 
CLU_6363 3143302219085 3610 
CLU_6363 3143309812032 2283 
CLU_6363 3143302149915 3546 
CLU_6363 3143307299079 4881 
CLU_6363 3143302150018 5275 
CLU_6363 3143302218984 4005 
CLU_6363 3143306065295 4217 
CLU_6363 3143302219069 6042 
CLU_6363 3143306629296 5110 
CLU_6363 3143302149923 4699 
CLU_6363 3143306065341 5682 
CLU_6363 3143306329705 4718 
CLU_6363 3143306297943 11645 
CLU_6363 3143307780621 2498 
CLU_6363 3143302219301 2715 
CLU_6363 3143303180166 2319 
CLU_6363 3143305302803 2941 
CLU_6363 3143302149893 3163 
CLU_6363 3143302150026 5568 
CLU_6363 3143300550108 5383 
CLU_6363 3143303413578 30157 
CLU_6363 3143306329632 6415 
CLU_6363 3143305212588 12782 
CLU_6363 3143309812083 982 
CLU_6363 3143306023282 2227 
CLU_6363 3143302218968 3509 
CLU_6363 3143309772227 1839 
CLU_6363 3143302203480 3277 
CLU_6363 3143302219336 5352 
CLU_6363 3143302150085 4881 
CLU_6363 3143300211826 6920 
CLU_6363 3143302149931 4373 
CLU_6363 3143302219093 2870 
CLU_6363 3143309352511 3202 
CLU_6363 3143309251553 3749 
CLU_6363 3143305998220 4218 
CLU_6363 3143309854304 4983 
CLU_6363 3143309690905 5320 
CLU_6363 3143307608756 6064 
CLU_6363 3143306409911 5383 
CLU_6363 3143307780907 5589 
CLU_6363 3143309936424 6071 
CLU_6363 3143309812075 868 
CLU_6363 3143306301304 982 
CLU_6363 3143303688100 1782 
CLU_6363 3143303180115 1372 
CLU_6363 3143305302854 2410 
CLU_6363 3143302219212 1886 
CLU_6363 3143302149958 2893 
CLU_6363 3143307282923 2446 
CLU_6363 3143307951345 3412 
CLU_6363 3143302219077 4611 
CLU_6363 3143302219344 6042 
CLU_6363 3143307607660 4035 
CLU_6363 3143302150069 4396 
CLU_6363 3143307809131 4892 
CLU_6363 3143300186252 6996 
CLU_6363 3143304701852 388 
CLU_6363 3143307836619 2283 
CLU_6363 3143305212545 6583 
CLU_6363 3143302150077 6064 
CLU_6363 3143302150034 5269 
CLU_6363 3143302219409 67396 
CLU_6363 3143305212529 15500 
CLU_6363 3143302219379 48993 
CLU_6363 CLU_6416 15500 
CLU_6364 3143309772235 1744 
CLU_6364 3143309772251 1757 
CLU_6364 3143309812059 1802 
CLU_6364 3143309690964 2405 
CLU_6364 3143305305063 2099 
CLU_6364 3143307781067 2111 
CLU_6364 3143309132481 1891 
CLU_6364 3143307831331 1880 
CLU_6364 3143300659134 1557 
CLU_6364 3143303180158 1957 
CLU_6364 3143307821506 2304 
CLU_6364 3143302150107 3948 
CLU_6364 3143309775978 2304 
CLU_6364 3143302219107 5683 
CLU_6364 3143302219352 2916 
CLU_6364 3143302219115 2853 
CLU_6364 3143303180182 3488 
CLU_6364 3143302150042 3275 
CLU_6364 3143302219085 3892 
CLU_6364 3143309812032 2075 
CLU_6364 3143302149915 3407 
CLU_6364 3143307299079 5202 
CLU_6364 3143302150018 5462 
CLU_6364 3143302218984 4135 
CLU_6364 3143306065295 4148 
CLU_6364 3143302219069 6329 
CLU_6364 3143306629296 5259 
CLU_6364 3143302149923 4758 
CLU_6364 3143306065341 5730 
CLU_6364 3143306329705 4632 
CLU_6364 3143306297943 11361 
CLU_6364 3143307780621 2300 
CLU_6364 3143302219301 2579 
CLU_6364 3143303180166 2304 
CLU_6364 3143305302803 3314 
CLU_6364 3143302149893 3340 
CLU_6364 3143302150026 5957 
CLU_6364 3143300550108 5425 
CLU_6364 3143303413578 29867 
CLU_6364 3143306329632 6560 
CLU_6364 3143305212588 13139 
CLU_6364 3143309812083 832 
CLU_6364 3143306023282 2613 
CLU_6364 3143302218968 3432 
CLU_6364 3143309772227 1891 
CLU_6364 3143302203480 3614 
CLU_6364 3143302219336 5740 
CLU_6364 3143302150085 5202 
CLU_6364 3143300211826 7194 
CLU_6364 3143302149931 4696 
CLU_6364 3143302219093 2554 
CLU_6364 3143309352511 3202 
CLU_6364 3143309251553 4137 
CLU_6364 3143305998220 4605 
CLU_6364 3143309854304 5354 
CLU_6364 3143309690905 5706 
CLU_6364 3143307608756 6178 
CLU_6364 3143306409911 5425 
CLU_6364 3143307780907 5836 
CLU_6364 3143309936424 6458 
CLU_6364 3143309812075 503 
CLU_6364 3143306301304 832 
CLU_6364 3143303688100 1412 
CLU_6364 3143303180115 1757 
CLU_6364 3143305302854 2735 
CLU_6364 3143302219212 2142 
CLU_6364 3143302149958 3130 
CLU_6364 3143307282923 2798 
CLU_6364 3143307951345 3175 
CLU_6364 3143302219077 4999 
CLU_6364 3143302219344 6329 
CLU_6364 3143307607660 3948 
CLU_6364 3143302150069 4566 
CLU_6364 3143307809131 4705 
CLU_6364 3143300186252 7242 
CLU_6364 3143304701852 0 
CLU_6364 3143307836619 2075 
CLU_6364 3143305212545 6953 
CLU_6364 3143302150077 6178 
CLU_6364 3143302150034 5546 
CLU_6364 3143302219409 67374 
CLU_6364 3143305212529 15395 
CLU_6364 3143302219379 48914 
CLU_6364 CLU_6416 15395 
CLU_6365 3143309772235 2919 
CLU_6365 3143309772251 3150 
CLU_6365 3143309812059 2568 
CLU_6365 3143309690964 3157 
CLU_6365 3143305305063 3502 
CLU_6365 3143307781067 3260 
CLU_6365 3143309132481 2916 
CLU_6365 3143307831331 2813 
CLU_6365 3143300659134 360 
CLU_6365 3143303180158 1600 
CLU_6365 3143307821506 2323 
CLU_6365 3143302150107 3472 
CLU_6365 3143309775978 2323 
CLU_6365 3143302219107 5829 
CLU_6365 3143302219352 3749 
CLU_6365 3143302219115 4092 
CLU_6365 3143303180182 4899 
CLU_6365 3143302150042 4642 
CLU_6365 3143302219085 5229 
CLU_6365 3143309812032 2337 
CLU_6365 3143302149915 3722 
CLU_6365 3143307299079 6583 
CLU_6365 3143302150018 6610 
CLU_6365 3143302218984 5181 
CLU_6365 3143306065295 4649 
CLU_6365 3143302219069 7128 
CLU_6365 3143306629296 6324 
CLU_6365 3143302149923 5609 
CLU_6365 3143306065341 6523 
CLU_6365 3143306329705 5053 
CLU_6365 3143306297943 10800 
CLU_6365 3143307780621 1612 
CLU_6365 3143302219301 2085 
CLU_6365 3143303180166 2323 
CLU_6365 3143305302803 4723 
CLU_6365 3143302149893 4510 
CLU_6365 3143302150026 7300 
CLU_6365 3143300550108 6210 
CLU_6365 3143303413578 29221 
CLU_6365 3143306329632 6804 
CLU_6365 3143305212588 14549 
CLU_6365 3143309812083 1744 
CLU_6365 3143306023282 3932 
CLU_6365 3143302218968 3039 
CLU_6365 3143309772227 2916 
CLU_6365 3143302203480 4681 
CLU_6365 3143302219336 7063 
CLU_6365 3143302150085 6583 
CLU_6365 3143300211826 7922 
CLU_6365 3143302149931 5676 
CLU_6365 3143302219093 1297 
CLU_6365 3143309352511 3972 
CLU_6365 3143309251553 5469 
CLU_6365 3143305998220 5985 
CLU_6365 3143309854304 6765 
CLU_6365 3143309690905 7090 
CLU_6365 3143307608756 7142 
CLU_6365 3143306409911 6210 
CLU_6365 3143307780907 6485 
CLU_6365 3143309936424 7832 
CLU_6365 3143309812075 914 
CLU_6365 3143306301304 1744 
CLU_6365 3143303688100 0 
CLU_6365 3143303180115 3150 
CLU_6365 3143305302854 4128 
CLU_6365 3143302219212 3471 
CLU_6365 3143302149958 3867 
CLU_6365 3143307282923 3952 
CLU_6365 3143307951345 3116 
CLU_6365 3143302219077 6351 
CLU_6365 3143302219344 7128 
CLU_6365 3143307607660 3472 
CLU_6365 3143302150069 5691 
CLU_6365 3143307809131 4745 
CLU_6365 3143300186252 7859 
CLU_6365 3143304701852 1412 
CLU_6365 3143307836619 2337 
CLU_6365 3143305212545 8123 
CLU_6365 3143302150077 7142 
CLU_6365 3143302150034 6865 
CLU_6365 3143302219409 66844 
CLU_6365 3143305212529 14641 
CLU_6365 3143302219379 48200 
CLU_6365 CLU_6416 14641 
CLU_6367 3143309772235 2290 
CLU_6367 3143309772251 1338 
CLU_6367 3143309812059 3167 
CLU_6367 3143309690964 3402 
CLU_6367 3143305305063 651 
CLU_6367 3143307781067 1538 
CLU_6367 3143309132481 1943 
CLU_6367 3143307831331 2159 
CLU_6367 3143300659134 4204 
CLU_6367 3143303180158 4384 
CLU_6367 3143307821506 4336 
CLU_6367 3143302150107 6106 
CLU_6367 3143309775978 4336 
CLU_6367 3143302219107 6820 
CLU_6367 3143302219352 3477 
CLU_6367 3143302219115 2204 
CLU_6367 3143303180182 912 
CLU_6367 3143302150042 624 
CLU_6367 3143302219085 1300 
CLU_6367 3143309812032 3339 
CLU_6367 3143302149915 3860 
CLU_6367 3143307299079 2470 
CLU_6367 3143302150018 3318 
CLU_6367 3143302218984 2549 
CLU_6367 3143306065295 3961 
CLU_6367 3143302219069 6076 
CLU_6367 3143306629296 3378 
CLU_6367 3143302149923 3565 
CLU_6367 3143306065341 4491 
CLU_6367 3143306329705 4475 
CLU_6367 3143306297943 12367 
CLU_6367 3143307780621 4836 
CLU_6367 3143302219301 4954 
CLU_6367 3143303180166 4336 
CLU_6367 3143305302803 1008 
CLU_6367 3143302149893 1623 
CLU_6367 3143302150026 3896 
CLU_6367 3143300550108 4260 
CLU_6367 3143303413578 30777 
CLU_6367 3143306329632 7431 
CLU_6367 3143305212588 10439 
CLU_6367 3143309812083 2569 
CLU_6367 3143306023282 1715 
CLU_6367 3143302218968 5582 
CLU_6367 3143309772227 1943 
CLU_6367 3143302203480 3231 
CLU_6367 3143302219336 3805 
CLU_6367 3143302150085 2470 
CLU_6367 3143300211826 7008 
CLU_6367 3143302149931 4248 
CLU_6367 3143302219093 5279 
CLU_6367 3143309352511 2797 
CLU_6367 3143309251553 2414 
CLU_6367 3143305998220 2431 
CLU_6367 3143309854304 2798 
CLU_6367 3143309690905 3403 
CLU_6367 3143307608756 4450 
CLU_6367 3143306409911 4260 
CLU_6367 3143307780907 6004 
CLU_6367 3143309936424 4182 
CLU_6367 3143309812075 3236 
CLU_6367 3143306301304 2569 
CLU_6367 3143303688100 4128 
CLU_6367 3143303180115 1338 
CLU_6367 3143305302854 0 
CLU_6367 3143302219212 832 
CLU_6367 3143302149958 3802 
CLU_6367 3143307282923 2523 
CLU_6367 3143307951345 4327 
CLU_6367 3143302219077 2982 
CLU_6367 3143302219344 6076 
CLU_6367 3143307607660 6106 
CLU_6367 3143302150069 2622 
CLU_6367 3143307809131 5256 
CLU_6367 3143300186252 7306 
CLU_6367 3143304701852 2735 
CLU_6367 3143307836619 3339 
CLU_6367 3143305212545 5537 
CLU_6367 3143302150077 4450 
CLU_6367 3143302150034 2927 
CLU_6367 3143302219409 68943 
CLU_6367 3143305212529 17467 
CLU_6367 3143302219379 50803 
CLU_6367 CLU_6416 17467 
CLU_6368 3143309772235 1694 
CLU_6368 3143309772251 2609 
CLU_6368 3143309812059 1347 
CLU_6368 3143309690964 732 
CLU_6368 3143305305063 3359 
CLU_6368 3143307781067 4443 
CLU_6368 3143309132481 4505 
CLU_6368 3143307831331 4611 
CLU_6368 3143300659134 4199 
CLU_6368 3143303180158 2641 
CLU_6368 3143307821506 1933 
CLU_6368 3143302150107 3118 
CLU_6368 3143309775978 1933 
CLU_6368 3143302219107 3018 
CLU_6368 3143302219352 324 
CLU_6368 3143302219115 1774 
CLU_6368 3143303180182 3851 
CLU_6368 3143302150042 4390 
CLU_6368 3143302219085 5034 
CLU_6368 3143309812032 5175 
CLU_6368 3143302149915 6412 
CLU_6368 3143307299079 5710 
CLU_6368 3143302150018 7118 
CLU_6368 3143302218984 6231 
CLU_6368 3143306065295 6987 
CLU_6368 3143302219069 3264 
CLU_6368 3143306629296 7165 
CLU_6368 3143302149923 7140 
CLU_6368 3143306065341 8120 
CLU_6368 3143306329705 7507 
CLU_6368 3143306297943 14479 
CLU_6368 3143307780621 3079 
CLU_6368 3143302219301 2770 
CLU_6368 3143303180166 1933 
CLU_6368 3143305302803 3453 
CLU_6368 3143302149893 5281 
CLU_6368 3143302150026 4563 
CLU_6368 3143300550108 7851 
CLU_6368 3143303413578 32973 
CLU_6368 3143306329632 3683 
CLU_6368 3143305212588 12549 
CLU_6368 3143309812083 3875 
CLU_6368 3143306023282 2167 
CLU_6368 3143302218968 2727 
CLU_6368 3143309772227 4505 
CLU_6368 3143302203480 1331 
CLU_6368 3143302219336 4230 
CLU_6368 3143302150085 5710 
CLU_6368 3143300211826 4088 
CLU_6368 3143302149931 1936 
CLU_6368 3143302219093 4119 
CLU_6368 3143309352511 5872 
CLU_6368 3143309251553 3016 
CLU_6368 3143305998220 3814 
CLU_6368 3143309854304 4970 
CLU_6368 3143309690905 4744 
CLU_6368 3143307608756 8226 
CLU_6368 3143306409911 7851 
CLU_6368 3143307780907 2706 
CLU_6368 3143309936424 5284 
CLU_6368 3143309812075 3291 
CLU_6368 3143306301304 3875 
CLU_6368 3143303688100 3867 
CLU_6368 3143303180115 2609 
CLU_6368 3143305302854 3802 
CLU_6368 3143302219212 3925 
CLU_6368 3143302149958 0 
CLU_6368 3143307282923 1384 
CLU_6368 3143307951345 6298 
CLU_6368 3143302219077 3835 
CLU_6368 3143302219344 3264 
CLU_6368 3143307607660 3118 
CLU_6368 3143302150069 6406 
CLU_6368 3143307809131 7780 
CLU_6368 3143300186252 4112 
CLU_6368 3143304701852 3130 
CLU_6368 3143307836619 5175 
CLU_6368 3143305212545 4603 
CLU_6368 3143302150077 8226 
CLU_6368 3143302150034 6488 
CLU_6368 3143302219409 65141 
CLU_6368 3143305212529 13864 
CLU_6368 3143302219379 47053 
CLU_6368 CLU_6416 13864 
CLU_6371 3143309772235 4769 
CLU_6371 3143309772251 4288 
CLU_6371 3143309812059 4977 
CLU_6371 3143309690964 5577 
CLU_6371 3143305305063 4019 
CLU_6371 3143307781067 2793 
CLU_6371 3143309132481 2390 
CLU_6371 3143307831331 2177 
CLU_6371 3143300659134 2802 
CLU_6371 3143303180158 4653 
CLU_6371 3143307821506 5268 
CLU_6371 3143302150107 6588 
CLU_6371 3143309775978 5268 
CLU_6371 3143302219107 8775 
CLU_6371 3143302219352 6067 
CLU_6371 3143302219115 5671 
CLU_6371 3143303180182 5233 
CLU_6371 3143302150042 4475 
CLU_6371 3143302219085 4733 
CLU_6371 3143309812032 1144 
CLU_6371 3143302149915 990 
CLU_6371 3143307299079 6181 
CLU_6371 3143302150018 5055 
CLU_6371 3143302218984 3584 
CLU_6371 3143306065295 1964 
CLU_6371 3143302219069 9441 
CLU_6371 3143306629296 4555 
CLU_6371 3143302149923 3415 
CLU_6371 3143306065341 4082 
CLU_6371 3143306329705 2181 
CLU_6371 3143306297943 8273 
CLU_6371 3143307780621 4728 
CLU_6371 3143302219301 5190 
CLU_6371 3143303180166 5268 
CLU_6371 3143305302803 5304 
CLU_6371 3143302149893 3502 
CLU_6371 3143302150026 8213 
CLU_6371 3143300550108 3787 
CLU_6371 3143303413578 26784 
CLU_6371 3143306329632 9693 
CLU_6371 3143305212588 14145 
CLU_6371 3143309812083 2439 
CLU_6371 3143306023282 5275 
CLU_6371 3143302218968 6144 
CLU_6371 3143309772227 2390 
CLU_6371 3143302203480 6604 
CLU_6371 3143302219336 8095 
CLU_6371 3143302150085 6181 
CLU_6371 3143300211826 10328 
CLU_6371 3143302149931 7723 
CLU_6371 3143302219093 4189 
CLU_6371 3143309352511 2092 
CLU_6371 3143309251553 6581 
CLU_6371 3143305998220 6748 
CLU_6371 3143309854304 7043 
CLU_6371 3143309690905 7727 
CLU_6371 3143307608756 5004 
CLU_6371 3143306409911 3787 
CLU_6371 3143307780907 9000 
CLU_6371 3143309936424 8504 
CLU_6371 3143309812075 3138 
CLU_6371 3143306301304 2439 
CLU_6371 3143303688100 3116 
CLU_6371 3143303180115 4288 
CLU_6371 3143305302854 4327 
CLU_6371 3143302219212 3507 
CLU_6371 3143302149958 6298 
CLU_6371 3143307282923 5744 
CLU_6371 3143307951345 0 
CLU_6371 3143302219077 7277 
CLU_6371 3143302219344 9441 
CLU_6371 3143307607660 6588 
CLU_6371 3143302150069 4218 
CLU_6371 3143307809131 1629 
CLU_6371 3143300186252 10407 
CLU_6371 3143304701852 3175 
CLU_6371 3143307836619 1144 
CLU_6371 3143305212545 9666 
CLU_6371 3143302150077 5004 
CLU_6371 3143302150034 5986 
CLU_6371 3143302219409 69907 
CLU_6371 3143305212529 17611 
CLU_6371 3143302219379 51156 
CLU_6371 CLU_6416 17611 
CLU_6374 3143309772235 4674 
CLU_6374 3143309772251 5319 
CLU_6374 3143309812059 4600 
CLU_6374 3143309690964 3988 
CLU_6374 3143305305063 5904 
CLU_6374 3143307781067 7208 
CLU_6374 3143309132481 7393 
CLU_6374 3143307831331 7544 
CLU_6374 3143300659134 7463 
CLU_6374 3143303180158 5797 
CLU_6374 3143307821506 5024 
CLU_6374 3143302150107 5471 
CLU_6374 3143309775978 5024 
CLU_6374 3143302219107 3209 
CLU_6374 3143302219352 3424 
CLU_6374 3143302219115 3958 
CLU_6374 3143303180182 5646 
CLU_6374 3143302150042 6501 
CLU_6374 3143302219085 6989 
CLU_6374 3143309812032 8300 
CLU_6374 3143302149915 9418 
CLU_6374 3143307299079 7009 
CLU_6374 3143302150018 9080 
CLU_6374 3143302218984 8618 
CLU_6374 3143306065295 9837 
CLU_6374 3143302219069 0 
CLU_6374 3143306629296 9312 
CLU_6374 3143302149923 9641 
CLU_6374 3143306065341 10559 
CLU_6374 3143306329705 10366 
CLU_6374 3143306297943 17687 
CLU_6374 3143307780621 6167 
CLU_6374 3143302219301 5757 
CLU_6374 3143303180166 5024 
CLU_6374 3143305302803 5274 
CLU_6374 3143302149893 7700 
CLU_6374 3143302150026 4282 
CLU_6374 3143300550108 10335 
CLU_6374 3143303413578 36196 
CLU_6374 3143306329632 2842 
CLU_6374 3143305212588 11821 
CLU_6374 3143309812083 7003 
CLU_6374 3143306023282 4442 
CLU_6374 3143302218968 5321 
CLU_6374 3143309772227 7393 
CLU_6374 3143302203480 2919 
CLU_6374 3143302219336 3956 
CLU_6374 3143302150085 7009 
CLU_6374 3143300211826 932 
CLU_6374 3143302149931 1831 
CLU_6374 3143302219093 7251 
CLU_6374 3143309352511 8666 
CLU_6374 3143309251553 4000 
CLU_6374 3143305998220 4625 
CLU_6374 3143309854304 5674 
CLU_6374 3143309690905 4917 
CLU_6374 3143307608756 10386 
CLU_6374 3143306409911 10335 
CLU_6374 3143307780907 976 
CLU_6374 3143309936424 4993 
CLU_6374 3143309812075 6540 
CLU_6374 3143306301304 7003 
CLU_6374 3143303688100 7128 
CLU_6374 3143303180115 5319 
CLU_6374 3143305302854 6076 
CLU_6374 3143302219212 6539 
CLU_6374 3143302149958 3264 
CLU_6374 3143307282923 3766 
CLU_6374 3143307951345 9441 
CLU_6374 3143302219077 4221 
CLU_6374 3143302219344 0 
CLU_6374 3143307607660 5471 
CLU_6374 3143302150069 8594 
CLU_6374 3143307809131 10832 
CLU_6374 3143300186252 1341 
CLU_6374 3143304701852 6329 
CLU_6374 3143307836619 8300 
CLU_6374 3143305212545 2778 
CLU_6374 3143302150077 10386 
CLU_6374 3143302150034 7981 
CLU_6374 3143302219409 63664 
CLU_6374 3143305212529 13828 
CLU_6374 3143302219379 46117 
CLU_6374 CLU_6416 13828 
CLU_6376 3143309772235 3317 
CLU_6376 3143309772251 3283 
CLU_6376 3143309812059 3184 
CLU_6376 3143309690964 3797 
CLU_6376 3143305305063 3440 
CLU_6376 3143307781067 2854 
CLU_6376 3143309132481 2444 
CLU_6376 3143307831331 2290 
CLU_6376 3143300659134 592 
CLU_6376 3143303180158 2482 
CLU_6376 3143307821506 3165 
CLU_6376 3143302150107 4375 
CLU_6376 3143309775978 3165 
CLU_6376 3143302219107 6688 
CLU_6376 3143302219352 4364 
CLU_6376 3143302219115 4440 
CLU_6376 3143303180182 4858 
CLU_6376 3143302150042 4434 
CLU_6376 3143302219085 4952 
CLU_6376 3143309812032 1536 
CLU_6376 3143302149915 2872 
CLU_6376 3143307299079 6376 
CLU_6376 3143302150018 6088 
CLU_6376 3143302218984 4610 
CLU_6376 3143306065295 3830 
CLU_6376 3143302219069 7785 
CLU_6376 3143306629296 5743 
CLU_6376 3143302149923 4911 
CLU_6376 3143306065341 5786 
CLU_6376 3143306329705 4206 
CLU_6376 3143306297943 10000 
CLU_6376 3143307780621 2516 
CLU_6376 3143302219301 2988 
CLU_6376 3143303180166 3165 
CLU_6376 3143305302803 4754 
CLU_6376 3143302149893 4057 
CLU_6376 3143302150026 7505 
CLU_6376 3143300550108 5472 
CLU_6376 3143303413578 28463 
CLU_6376 3143306329632 7647 
CLU_6376 3143305212588 14427 
CLU_6376 3143309812083 1437 
CLU_6376 3143306023282 4189 
CLU_6376 3143302218968 3942 
CLU_6376 3143309772227 2444 
CLU_6376 3143302203480 5172 
CLU_6376 3143302219336 7302 
CLU_6376 3143302150085 6376 
CLU_6376 3143300211826 8614 
CLU_6376 3143302149931 6228 
CLU_6376 3143302219093 2043 
CLU_6376 3143309352511 3279 
CLU_6376 3143309251553 5700 
CLU_6376 3143305998220 6116 
CLU_6376 3143309854304 6763 
CLU_6376 3143309690905 7205 
CLU_6376 3143307608756 6485 
CLU_6376 3143306409911 5472 
CLU_6376 3143307780907 7204 
CLU_6376 3143309936424 7970 
CLU_6376 3143309812075 1251 
CLU_6376 3143306301304 1437 
CLU_6376 3143303688100 903 
CLU_6376 3143303180115 3283 
CLU_6376 3143305302854 4005 
CLU_6376 3143302219212 3245 
CLU_6376 3143302149958 4527 
CLU_6376 3143307282923 4374 
CLU_6376 3143307951345 2215 
CLU_6376 3143302219077 6542 
CLU_6376 3143302219344 7785 
CLU_6376 3143307607660 4375 
CLU_6376 3143302150069 5168 
CLU_6376 3143307809131 3843 
CLU_6376 3143300186252 8596 
CLU_6376 3143304701852 1587 
CLU_6376 3143307836619 1536 
CLU_6376 3143305212545 8538 
CLU_6376 3143302150077 6485 
CLU_6376 3143302150034 6529 
CLU_6376 3143302219409 67718 
CLU_6376 3143305212529 15474 
CLU_6376 3143302219379 49033 
CLU_6376 CLU_6416 15474 
CLU_6378 3143309772235 2415 
CLU_6378 3143309772251 3109 
CLU_6378 3143309812059 1643 
CLU_6378 3143309690964 2053 
CLU_6378 3143305305063 3738 
CLU_6378 3143307781067 4058 
CLU_6378 3143309132481 3848 
CLU_6378 3143307831331 3824 
CLU_6378 3143300659134 1958 
CLU_6378 3143303180158 0 
CLU_6378 3143307821506 786 
CLU_6378 3143302150107 2015 
CLU_6378 3143309775978 786 
CLU_6378 3143302219107 4233 
CLU_6378 3143302219352 2633 
CLU_6378 3143302219115 3495 
CLU_6378 3143303180182 4941 
CLU_6378 3143302150042 4988 
CLU_6378 3143302219085 5649 
CLU_6378 3143309812032 3734 
CLU_6378 3143302149915 5139 
CLU_6378 3143307299079 6812 
CLU_6378 3143302150018 7376 
CLU_6378 3143302218984 6086 
CLU_6378 3143306065295 5986 
CLU_6378 3143302219069 5797 
CLU_6378 3143306629296 7203 
CLU_6378 3143302149923 6708 
CLU_6378 3143306065341 7674 
CLU_6378 3143306329705 6437 
CLU_6378 3143306297943 12376 
CLU_6378 3143307780621 502 
CLU_6378 3143302219301 621 
CLU_6378 3143303180166 786 
CLU_6378 3143305302803 4654 
CLU_6378 3143302149893 5263 
CLU_6378 3143302150026 6767 
CLU_6378 3143300550108 7367 
CLU_6378 3143303413578 30757 
CLU_6378 3143306329632 5217 
CLU_6378 3143305212588 14462 
CLU_6378 3143309812083 2723 
CLU_6378 3143306023282 3534 
CLU_6378 3143302218968 1521 
CLU_6378 3143309772227 3848 
CLU_6378 3143302203480 3747 
CLU_6378 3143302219336 6479 
CLU_6378 3143302150085 6812 
CLU_6378 3143300211826 6526 
CLU_6378 3143302149931 4569 
CLU_6378 3143302219093 1477 
CLU_6378 3143309352511 5127 
CLU_6378 3143309251553 4977 
CLU_6378 3143305998220 5647 
CLU_6378 3143309854304 6624 
CLU_6378 3143309690905 6727 
CLU_6378 3143307608756 8135 
CLU_6378 3143306409911 7367 
CLU_6378 3143307780907 5062 
CLU_6378 3143309936424 7402 
CLU_6378 3143309812075 1657 
CLU_6378 3143306301304 2723 
CLU_6378 3143303688100 1600 
CLU_6378 3143303180115 3109 
CLU_6378 3143305302854 4384 
CLU_6378 3143302219212 3973 
CLU_6378 3143302149958 2641 
CLU_6378 3143307282923 3224 
CLU_6378 3143307951345 4653 
CLU_6378 3143302219077 5883 
CLU_6378 3143302219344 5797 
CLU_6378 3143307607660 2015 
CLU_6378 3143302150069 6496 
CLU_6378 3143307809131 6277 
CLU_6378 3143300186252 6395 
CLU_6378 3143304701852 1957 
CLU_6378 3143307836619 3734 
CLU_6378 3143305212545 7191 
CLU_6378 3143302150077 8135 
CLU_6378 3143302150034 7303 
CLU_6378 3143302219409 65473 
CLU_6378 3143305212529 13439 
CLU_6378 3143302219379 46965 
CLU_6378 CLU_6416 13439 
CLU_6391 3143309772235 5230 
CLU_6391 3143309772251 5404 
CLU_6391 3143309812059 5628 
CLU_6391 3143309690964 5139 
CLU_6391 3143305305063 5674 
CLU_6391 3143307781067 7001 
CLU_6391 3143309132481 7327 
CLU_6391 3143307831331 7524 
CLU_6391 3143300659134 8396 
CLU_6391 3143303180158 7191 
CLU_6391 3143307821506 6530 
CLU_6391 3143302150107 7539 
CLU_6391 3143309775978 6530 
CLU_6391 3143302219107 5841 
CLU_6391 3143302219352 4561 
CLU_6391 3143302219115 4102 
CLU_6391 3143303180182 4777 
CLU_6391 3143302150042 5716 
CLU_6391 3143302219085 5969 
CLU_6391 3143309812032 8555 
CLU_6391 3143302149915 9356 
CLU_6391 3143307299079 5429 
CLU_6391 3143302150018 7808 
CLU_6391 3143302218984 7807 
CLU_6391 3143306065295 9494 
CLU_6391 3143302219069 2778 
CLU_6391 3143306629296 8192 
CLU_6391 3143302149923 8865 
CLU_6391 3143306065341 9648 
CLU_6391 3143306329705 10002 
CLU_6391 3143306297943 17869 
CLU_6391 3143307780621 7657 
CLU_6391 3143302219301 7373 
CLU_6391 3143303180166 6530 
CLU_6391 3143305302803 4538 
CLU_6391 3143302149893 7029 
CLU_6391 3143302150026 2156 
CLU_6391 3143300550108 9490 
CLU_6391 3143303413578 36311 
CLU_6391 3143306329632 5610 
CLU_6391 3143305212588 9049 
CLU_6391 3143309812083 7384 
CLU_6391 3143306023282 4420 
CLU_6391 3143302218968 7243 
CLU_6391 3143309772227 7327 
CLU_6391 3143302203480 3466 
CLU_6391 3143302219336 1988 
CLU_6391 3143302150085 5429 
CLU_6391 3143300211826 3252 
CLU_6391 3143302149931 2696 
CLU_6391 3143302219093 8652 
CLU_6391 3143309352511 8335 
CLU_6391 3143309251553 3128 
CLU_6391 3143305998220 3275 
CLU_6391 3143309854304 3894 
CLU_6391 3143309690905 2933 
CLU_6391 3143307608756 9196 
CLU_6391 3143306409911 9490 
CLU_6391 3143307780907 3634 
CLU_6391 3143309936424 2650 
CLU_6391 3143309812075 7325 
CLU_6391 3143306301304 7384 
CLU_6391 3143303688100 8123 
CLU_6391 3143303180115 5404 
CLU_6391 3143305302854 5537 
CLU_6391 3143302219212 6257 
CLU_6391 3143302149958 4603 
CLU_6391 3143307282923 4177 
CLU_6391 3143307951345 9666 
CLU_6391 3143302219077 2698 
CLU_6391 3143302219344 2778 
CLU_6391 3143307607660 7539 
CLU_6391 3143302150069 7583 
CLU_6391 3143307809131 10773 
CLU_6391 3143300186252 3908 
CLU_6391 3143304701852 6953 
CLU_6391 3143307836619 8555 
CLU_6391 3143305212545 0 
CLU_6391 3143302150077 9196 
CLU_6391 3143302150034 6424 
CLU_6391 3143302219409 65973 
CLU_6391 3143305212529 16605 
CLU_6391 3143302219379 48674 
CLU_6391 CLU_6416 16605 
CLU_6394 3143309772235 5166 
CLU_6394 3143309772251 4254 
CLU_6394 3143309812059 6066 
CLU_6394 3143309690964 6221 
CLU_6394 3143305305063 3566 
CLU_6394 3143307781067 3674 
CLU_6394 3143309132481 4097 
CLU_6394 3143307831331 4276 
CLU_6394 3143300659134 6865 
CLU_6394 3143303180158 7303 
CLU_6394 3143307821506 7258 
CLU_6394 3143302150107 9024 
CLU_6394 3143309775978 7258 
CLU_6394 3143302219107 9447 
CLU_6394 3143302219352 6171 
CLU_6394 3143302219115 4726 
CLU_6394 3143303180182 2637 
CLU_6394 3143302150042 2315 
CLU_6394 3143302219085 1659 
CLU_6394 3143309812032 5386 
CLU_6394 3143302149915 5137 
CLU_6394 3143307299079 1000 
CLU_6394 3143302150018 1561 
CLU_6394 3143302218984 2501 
CLU_6394 3143306065295 4618 
CLU_6394 3143302219069 7981 
CLU_6394 3143306629296 2117 
CLU_6394 3143302149923 3270 
CLU_6394 3143306065341 3673 
CLU_6394 3143306329705 4952 
CLU_6394 3143306297943 12923 
CLU_6394 3143307780621 7744 
CLU_6394 3143302219301 7880 
CLU_6394 3143303180166 7258 
CLU_6394 3143305302803 3037 
CLU_6394 3143302149893 2540 
CLU_6394 3143302150026 4282 
CLU_6394 3143300550108 3642 
CLU_6394 3143303413578 30844 
CLU_6394 3143306329632 9908 
CLU_6394 3143305212588 8161 
CLU_6394 3143309812083 5150 
CLU_6394 3143306023282 4325 
CLU_6394 3143302218968 8502 
CLU_6394 3143309772227 4097 
CLU_6394 3143302203480 5565 
CLU_6394 3143302219336 4440 
CLU_6394 3143302150085 1000 
CLU_6394 3143300211826 8861 
CLU_6394 3143302149931 6304 
CLU_6394 3143302219093 8095 
CLU_6394 3143309352511 3906 
CLU_6394 3143309251553 4000 
CLU_6394 3143305998220 3369 
CLU_6394 3143309854304 2532 
CLU_6394 3143309690905 3507 
CLU_6394 3143307608756 2910 
CLU_6394 3143306409911 3642 
CLU_6394 3143307780907 8199 
CLU_6394 3143309936424 4023 
CLU_6394 3143309812075 6029 
CLU_6394 3143306301304 5150 
CLU_6394 3143303688100 6865 
CLU_6394 3143303180115 4254 
CLU_6394 3143305302854 2927 
CLU_6394 3143302219212 3406 
CLU_6394 3143302149958 6488 
CLU_6394 3143307282923 5109 
CLU_6394 3143307951345 5986 
CLU_6394 3143302219077 3852 
CLU_6394 3143302219344 7981 
CLU_6394 3143307607660 9024 
CLU_6394 3143302150069 1911 
CLU_6394 3143307809131 6173 
CLU_6394 3143300186252 9312 
CLU_6394 3143304701852 5546 
CLU_6394 3143307836619 5386 
CLU_6394 3143305212545 6424 
CLU_6394 3143302150077 2910 
CLU_6394 3143302150034 0 
CLU_6394 3143302219409 71473 
CLU_6394 3143305212529 20314 
CLU_6394 3143302219379 53530 
CLU_6394 CLU_6416 20314 
CLU_6396 3143309772235 13029 
CLU_6396 3143309772251 12549 
CLU_6396 3143309812059 13133 
CLU_6396 3143309690964 13748 
CLU_6396 3143305305063 12196 
CLU_6396 3143307781067 10869 
CLU_6396 3143309132481 10544 
CLU_6396 3143307831331 10352 
CLU_6396 3143300659134 10440 
CLU_6396 3143303180158 12376 
CLU_6396 3143307821506 13122 
CLU_6396 3143302150107 13937 
CLU_6396 3143309775978 13122 
CLU_6396 3143302219107 16601 
CLU_6396 3143302219352 14278 
CLU_6396 3143302219115 13940 
CLU_6396 3143303180182 13213 
CLU_6396 3143302150042 12322 
CLU_6396 3143302219085 12318 
CLU_6396 3143309812032 9416 
CLU_6396 3143302149915 8515 
CLU_6396 3143307299079 13540 
CLU_6396 3143302150018 11443 
CLU_6396 3143302218984 10561 
CLU_6396 3143306065295 8524 
CLU_6396 3143302219069 17687 
CLU_6396 3143306629296 10843 
CLU_6396 3143302149923 9658 
CLU_6396 3143306065341 9368 
CLU_6396 3143306329705 8078 
CLU_6396 3143306297943 0 
CLU_6396 3143307780621 12238 
CLU_6396 3143302219301 12746 
CLU_6396 3143303180166 13122 
CLU_6396 3143305302803 13376 
CLU_6396 3143302149893 11065 
CLU_6396 3143302150026 16224 
CLU_6396 3143300550108 9324 
CLU_6396 3143303413578 18513 
CLU_6396 3143306329632 17593 
CLU_6396 3143305212588 20507 
CLU_6396 3143309812083 10695 
CLU_6396 3143306023282 13531 
CLU_6396 3143302218968 13638 
CLU_6396 3143309772227 10544 
CLU_6396 3143302203480 14877 
CLU_6396 3143302219336 16165 
CLU_6396 3143302150085 13540 
CLU_6396 3143300211826 18556 
CLU_6396 3143302149931 15994 
CLU_6396 3143302219093 11288 
CLU_6396 3143309352511 9608 
CLU_6396 3143309251553 14746 
CLU_6396 3143305998220 14778 
CLU_6396 3143309854304 14788 
CLU_6396 3143309690905 15627 
CLU_6396 3143307608756 10407 
CLU_6396 3143306409911 9324 
CLU_6396 3143307780907 17181 
CLU_6396 3143309936424 16371 
CLU_6396 3143309812075 11198 
CLU_6396 3143306301304 10695 
CLU_6396 3143303688100 10800 
CLU_6396 3143303180115 12549 
CLU_6396 3143305302854 12367 
CLU_6396 3143302219212 11614 
CLU_6396 3143302149958 14479 
CLU_6396 3143307282923 14018 
CLU_6396 3143307951345 8273 
CLU_6396 3143302219077 15343 
CLU_6396 3143302219344 17687 
CLU_6396 3143307607660 13937 
CLU_6396 3143302150069 11054 
CLU_6396 3143307809131 7111 
CLU_6396 3143300186252 18582 
CLU_6396 3143304701852 11361 
CLU_6396 3143307836619 9416 
CLU_6396 3143305212545 17869 
CLU_6396 3143302150077 10407 
CLU_6396 3143302150034 12923 
CLU_6396 3143302219409 75272 
CLU_6396 3143305212529 23111 
CLU_6396 3143302219379 55799 
CLU_6396 CLU_6416 23111 
CLU_6405 3143309772235 3173 
CLU_6405 3143309772251 3314 
CLU_6405 3143309812059 2886 
CLU_6405 3143309690964 3483 
CLU_6405 3143305305063 3597 
CLU_6405 3143307781067 3216 
CLU_6405 3143309132481 2841 
CLU_6405 3143307831331 2715 
CLU_6405 3143300659134 0 
CLU_6405 3143303180158 1958 
CLU_6405 3143307821506 2683 
CLU_6405 3143302150107 3798 
CLU_6405 3143309775978 2683 
CLU_6405 3143302219107 6189 
CLU_6405 3143302219352 4070 
CLU_6405 3143302219115 4336 
CLU_6405 3143303180182 5011 
CLU_6405 3143302150042 4687 
CLU_6405 3143302219085 5249 
CLU_6405 3143309812032 2102 
CLU_6405 3143302149915 3459 
CLU_6405 3143307299079 6635 
CLU_6405 3143302150018 6528 
CLU_6405 3143302218984 5074 
CLU_6405 3143306065295 4408 
CLU_6405 3143302219069 7463 
CLU_6405 3143306629296 6214 
CLU_6405 3143302149923 5439 
CLU_6405 3143306065341 6333 
CLU_6405 3143306329705 4793 
CLU_6405 3143306297943 10440 
CLU_6405 3143307780621 1943 
CLU_6405 3143302219301 2427 
CLU_6405 3143303180166 2683 
CLU_6405 3143305302803 4860 
CLU_6405 3143302149893 4453 
CLU_6405 3143302150026 7505 
CLU_6405 3143300550108 6019 
CLU_6405 3143303413578 28865 
CLU_6405 3143306329632 7164 
CLU_6405 3143305212588 14642 
CLU_6405 3143309812083 1714 
CLU_6405 3143306023282 4145 
CLU_6405 3143302218968 3378 
CLU_6405 3143309772227 2841 
CLU_6405 3143302203480 4971 
CLU_6405 3143302219336 7279 
CLU_6405 3143302150085 6635 
CLU_6405 3143300211826 8266 
CLU_6405 3143302149931 5985 
CLU_6405 3143302219093 1469 
CLU_6405 3143309352511 3801 
CLU_6405 3143309251553 5679 
CLU_6405 3143305998220 6162 
CLU_6405 3143309854304 6896 
CLU_6405 3143309690905 7264 
CLU_6405 3143307608756 6996 
CLU_6405 3143306409911 6019 
CLU_6405 3143307780907 6833 
CLU_6405 3143309936424 8015 
CLU_6405 3143309812075 1095 
CLU_6405 3143306301304 1714 
CLU_6405 3143303688100 360 
CLU_6405 3143303180115 3314 
CLU_6405 3143305302854 4204 
CLU_6405 3143302219212 3502 
CLU_6405 3143302149958 4199 
CLU_6405 3143307282923 4219 
CLU_6405 3143307951345 2802 
CLU_6405 3143302219077 6550 
CLU_6405 3143302219344 7463 
CLU_6405 3143307607660 3798 
CLU_6405 3143302150069 5607 
CLU_6405 3143307809131 4428 
CLU_6405 3143300186252 8210 
CLU_6405 3143304701852 1557 
CLU_6405 3143307836619 2102 
CLU_6405 3143305212545 8396 
CLU_6405 3143302150077 6996 
CLU_6405 3143302150034 6865 
CLU_6405 3143302219409 67126 
CLU_6405 3143305212529 14887 
CLU_6405 3143302219379 48447 
CLU_6405 CLU_6416 14887 
CLU_6408 3143309772235 5579 
CLU_6408 3143309772251 4604 
CLU_6408 3143309812059 6417 
CLU_6408 3143309690964 6709 
CLU_6408 3143305305063 3837 
CLU_6408 3143307781067 3368 
CLU_6408 3143309132481 3694 
CLU_6408 3143307831331 3813 
CLU_6408 3143300659134 6528 
CLU_6408 3143303180158 7376 
CLU_6408 3143307821506 7497 
CLU_6408 3143302150107 9264 
CLU_6408 3143309775978 7497 
CLU_6408 3143302219107 10136 
CLU_6408 3143302219352 6793 
CLU_6408 3143302219115 5455 
CLU_6408 3143303180182 3454 
CLU_6408 3143302150042 2732 
CLU_6408 3143302219085 2126 
CLU_6408 3143309812032 4721 
CLU_6408 3143302149915 4108 
CLU_6408 3143307299079 2441 
CLU_6408 3143302150018 0 
CLU_6408 3143302218984 1507 
CLU_6408 3143306065295 3391 
CLU_6408 3143302219069 9080 
CLU_6408 3143306629296 606 
CLU_6408 3143302149923 1881 
CLU_6408 3143306065341 2122 
CLU_6408 3143306329705 3627 
CLU_6408 3143306297943 11443 
CLU_6408 3143307780621 7758 
CLU_6408 3143302219301 7988 
CLU_6408 3143303180166 7497 
CLU_6408 3143305302803 3848 
CLU_6408 3143302149893 2122 
CLU_6408 3143302150026 5709 
CLU_6408 3143300550108 2121 
CLU_6408 3143303413578 29286 
CLU_6408 3143306329632 10717 
CLU_6408 3143305212588 9330 
CLU_6408 3143309812083 4870 
CLU_6408 3143306023282 4989 
CLU_6408 3143302218968 8735 
CLU_6408 3143309772227 3694 
CLU_6408 3143302203480 6421 
CLU_6408 3143302219336 5823 
CLU_6408 3143302150085 2441 
CLU_6408 3143300211826 9991 
CLU_6408 3143302149931 7311 
CLU_6408 3143302219093 7899 
CLU_6408 3143309352511 2997 
CLU_6408 3143309251553 5093 
CLU_6408 3143305998220 4605 
CLU_6408 3143309854304 3972 
CLU_6408 3143309690905 4951 
CLU_6408 3143307608756 1392 
CLU_6408 3143306409911 2121 
CLU_6408 3143307780907 9167 
CLU_6408 3143309936424 5530 
CLU_6408 3143309812075 5889 
CLU_6408 3143306301304 4870 
CLU_6408 3143303688100 6610 
CLU_6408 3143303180115 4604 
CLU_6408 3143305302854 3318 
CLU_6408 3143302219212 3430 
CLU_6408 3143302149958 7118 
CLU_6408 3143307282923 5806 
CLU_6408 3143307951345 5055 
CLU_6408 3143302219077 5146 
CLU_6408 3143302219344 9080 
CLU_6408 3143307607660 9264 
CLU_6408 3143302150069 921 
CLU_6408 3143307809131 4916 
CLU_6408 3143300186252 10381 
CLU_6408 3143304701852 5462 
CLU_6408 3143307836619 4721 
CLU_6408 3143305212545 7808 
CLU_6408 3143302150077 1392 
CLU_6408 3143302150034 1561 
CLU_6408 3143302219409 72258 
CLU_6408 3143305212529 20707 
CLU_6408 3143302219379 54104 
CLU_6408 CLU_6416 20707 
CLU_6413 3143309772235 48525 
CLU_6413 3143309772251 49499 
CLU_6413 3143309812059 47693 
CLU_6413 3143309690964 47401 
CLU_6413 3143305305063 50267 
CLU_6413 3143307781067 50970 
CLU_6413 3143309132481 50805 
CLU_6413 3143307831331 50789 
CLU_6413 3143300659134 48447 
CLU_6413 3143303180158 46965 
CLU_6413 3143307821506 46682 
CLU_6413 3143302150107 44966 
CLU_6413 3143309775978 46682 
CLU_6413 3143302219107 44085 
CLU_6413 3143302219352 47374 
CLU_6413 3143302219115 48805 
CLU_6413 3143303180182 50896 
CLU_6413 3143302150042 51414 
CLU_6413 3143302219085 52074 
CLU_6413 3143309812032 50537 
CLU_6413 3143302149915 51905 
CLU_6413 3143307299079 52693 
CLU_6413 3143302150018 54104 
CLU_6413 3143302218984 52985 
CLU_6413 3143306065295 52849 
CLU_6413 3143302219069 46117 
CLU_6413 3143306629296 54051 
CLU_6413 3143302149923 53672 
CLU_6413 3143306065341 54639 
CLU_6413 3143306329705 53239 
CLU_6413 3143306297943 55799 
CLU_6413 3143307780621 46696 
CLU_6413 3143302219301 46345 
CLU_6413 3143303180166 46682 
CLU_6413 3143305302803 50494 
CLU_6413 3143302149893 52090 
CLU_6413 3143302150026 50396 
CLU_6413 3143300550108 54331 
CLU_6413 3143303413578 69044 
CLU_6413 3143306329632 43702 
CLU_6413 3143305212588 57367 
CLU_6413 3143309812083 49685 
CLU_6413 3143306023282 49220 
CLU_6413 3143302218968 45487 
CLU_6413 3143309772227 50805 
CLU_6413 3143302203480 47998 
CLU_6413 3143302219336 50063 
CLU_6413 3143302150085 52693 
CLU_6413 3143300211826 45448 
CLU_6413 3143302149931 47443 
CLU_6413 3143302219093 46994 
CLU_6413 3143309352511 52086 
CLU_6413 3143309251553 49699 
CLU_6413 3143305998220 50470 
CLU_6413 3143309854304 51628 
CLU_6413 3143309690905 50992 
CLU_6413 3143307608756 55048 
CLU_6413 3143306409911 54331 
CLU_6413 3143307780907 45592 
CLU_6413 3143309936424 51109 
CLU_6413 3143309812075 48608 
CLU_6413 3143306301304 49685 
CLU_6413 3143303688100 48200 
CLU_6413 3143303180115 49499 
CLU_6413 3143305302854 50803 
CLU_6413 3143302219212 50712 
CLU_6413 3143302149958 47053 
CLU_6413 3143307282923 48423 
CLU_6413 3143307951345 51156 
CLU_6413 3143302219077 50202 
CLU_6413 3143302219344 46117 
CLU_6413 3143307607660 44966 
CLU_6413 3143302150069 53305 
CLU_6413 3143307809131 52697 
CLU_6413 3143300186252 44827 
CLU_6413 3143304701852 48914 
CLU_6413 3143307836619 50537 
CLU_6413 3143305212545 48674 
CLU_6413 3143302150077 55048 
CLU_6413 3143302150034 53530 
CLU_6413 3143302219409 20322 
CLU_6413 3143305212529 33559 
CLU_6413 3143302219379 0 
CLU_6413 CLU_6416 33559 
CLU_6416 3143309772235 15178 
CLU_6416 3143309772251 16135 
CLU_6416 3143309812059 14305 
CLU_6416 3143309690964 14094 
CLU_6416 3143305305063 16888 
CLU_6416 3143307781067 17479 
CLU_6416 3143309132481 17287 
CLU_6416 3143307831331 17260 
CLU_6416 3143300659134 14887 
CLU_6416 3143303180158 13439 
CLU_6416 3143307821506 13216 
CLU_6416 3143302150107 11465 
CLU_6416 3143309775978 13216 
CLU_6416 3143302219107 11107 
CLU_6416 3143302219352 14170 
CLU_6416 3143302219115 15638 
CLU_6416 3143303180182 17691 
CLU_6416 3143302150042 18089 
CLU_6416 3143302219085 18763 
CLU_6416 3143309812032 16977 
CLU_6416 3143302149915 18346 
CLU_6416 3143307299079 19573 
CLU_6416 3143302150018 20707 
CLU_6416 3143302218984 19506 
CLU_6416 3143306065295 19290 
CLU_6416 3143302219069 13828 
CLU_6416 3143306629296 20600 
CLU_6416 3143302149923 20144 
CLU_6416 3143306065341 21103 
CLU_6416 3143306329705 19680 
CLU_6416 3143306297943 23111 
CLU_6416 3143307780621 13150 
CLU_6416 3143302219301 12817 
CLU_6416 3143303180166 13216 
CLU_6416 3143305302803 17303 
CLU_6416 3143302149893 18640 
CLU_6416 3143302150026 17846 
CLU_6416 3143300550108 20792 
CLU_6416 3143303413578 39330 
CLU_6416 3143306329632 11040 
CLU_6416 3143305212588 25649 
CLU_6416 3143309812083 16149 
CLU_6416 3143306023282 16000 
CLU_6416 3143302218968 11993 
CLU_6416 3143309772227 17287 
CLU_6416 3143302203480 14985 
CLU_6416 3143302219336 17491 
CLU_6416 3143302150085 19573 
CLU_6416 3143300211826 13456 
CLU_6416 3143302149931 14689 
CLU_6416 3143302219093 13437 
CLU_6416 3143309352511 18544 
CLU_6416 3143309251553 16754 
CLU_6416 3143305998220 17560 
CLU_6416 3143309854304 18741 
CLU_6416 3143309690905 18294 
CLU_6416 3143307608756 21564 
CLU_6416 3143306409911 20792 
CLU_6416 3143307780907 13052 
CLU_6416 3143309936424 18605 
CLU_6416 3143309812075 15069 
CLU_6416 3143306301304 16149 
CLU_6416 3143303688100 14641 
CLU_6416 3143303180115 16135 
CLU_6416 3143305302854 17467 
CLU_6416 3143302219212 17282 
CLU_6416 3143302149958 13864 
CLU_6416 3143307282923 15248 
CLU_6416 3143307951345 17611 
CLU_6416 3143302219077 17418 
CLU_6416 3143302219344 13828 
CLU_6416 3143307607660 11465 
CLU_6416 3143302150069 19869 
CLU_6416 3143307809131 19172 
CLU_6416 3143300186252 12777 
CLU_6416 3143304701852 15395 
CLU_6416 3143307836619 16977 
CLU_6416 3143305212545 16605 
CLU_6416 3143302150077 21564 
CLU_6416 3143302150034 20314 
CLU_6416 3143302219409 52410 
CLU_6416 3143305212529 0 
CLU_6416 3143302219379 33559 
CLU_6416 CLU_6416 0 
CLU_6417 3143309772235 1139 
CLU_6417 3143309772251 2112 
CLU_6417 3143309812059 615 
CLU_6417 3143309690964 0 
CLU_6417 3143305305063 2882 
CLU_6417 3143307781067 3846 
CLU_6417 3143309132481 3866 
CLU_6417 3143307831331 3956 
CLU_6417 3143300659134 3483 
CLU_6417 3143303180158 2053 
CLU_6417 3143307821506 1453 
CLU_6417 3143302150107 2967 
CLU_6417 3143309775978 1453 
CLU_6417 3143302219107 3518 
CLU_6417 3143302219352 599 
CLU_6417 3143302219115 1689 
CLU_6417 3143303180182 3613 
CLU_6417 3143302150042 4016 
CLU_6417 3143302219085 4683 
CLU_6417 3143309812032 4461 
CLU_6417 3143302149915 5723 
CLU_6417 3143307299079 5522 
CLU_6417 3143302150018 6709 
CLU_6417 3143302218984 5717 
CLU_6417 3143306065295 6335 
CLU_6417 3143302219069 3988 
CLU_6417 3143306629296 6704 
CLU_6417 3143302149923 6582 
CLU_6417 3143306065341 7568 
CLU_6417 3143306329705 6850 
CLU_6417 3143306297943 13748 
CLU_6417 3143307780621 2528 
CLU_6417 3143302219301 2305 
CLU_6417 3143303180166 1453 
CLU_6417 3143305302803 3240 
CLU_6417 3143302149893 4777 
CLU_6417 3143302150026 4825 
CLU_6417 3143300550108 7290 
CLU_6417 3143303413578 32241 
CLU_6417 3143306329632 4281 
CLU_6417 3143305212588 12707 
CLU_6417 3143309812083 3165 
CLU_6417 3143306023282 1941 
CLU_6417 3143302218968 2500 
CLU_6417 3143309772227 3866 
CLU_6417 3143302203480 1699 
CLU_6417 3143302219336 4515 
CLU_6417 3143302150085 5522 
CLU_6417 3143300211826 4820 
CLU_6417 3143302149931 2550 
CLU_6417 3143302219093 3514 
CLU_6417 3143309352511 5245 
CLU_6417 3143309251553 3123 
CLU_6417 3143305998220 3876 
CLU_6417 3143309854304 4974 
CLU_6417 3143309690905 4893 
CLU_6417 3143307608756 7748 
CLU_6417 3143306409911 7290 
CLU_6417 3143307780907 3435 
CLU_6417 3143309936424 5506 
CLU_6417 3143309812075 2559 
CLU_6417 3143306301304 3165 
CLU_6417 3143303688100 3157 
CLU_6417 3143303180115 2112 
CLU_6417 3143305302854 3402 
CLU_6417 3143302219212 3396 
CLU_6417 3143302149958 732 
CLU_6417 3143307282923 1330 
CLU_6417 3143307951345 5577 
CLU_6417 3143302219077 4004 
CLU_6417 3143302219344 3988 
CLU_6417 3143307607660 2967 
CLU_6417 3143302150069 5947 
CLU_6417 3143307809131 7077 
CLU_6417 3143300186252 4840 
CLU_6417 3143304701852 2405 
CLU_6417 3143307836619 4461 
CLU_6417 3143305212545 5139 
CLU_6417 3143302150077 7748 
CLU_6417 3143302150034 6221 
CLU_6417 3143302219409 65590 
CLU_6417 3143305212529 14094 
CLU_6417 3143302219379 47401 
CLU_6417 CLU_6416 14094 
CLU_6418 3143309772235 1175 
CLU_6418 3143309772251 1398 
CLU_6418 3143309812059 1861 
CLU_6418 3143309690964 1689 
CLU_6418 3143305305063 1948 
CLU_6418 3143307781067 3255 
CLU_6418 3143309132481 3469 
CLU_6418 3143307831331 3636 
CLU_6418 3143300659134 4336 
CLU_6418 3143303180158 3495 
CLU_6418 3143307821506 3067 
CLU_6418 3143302150107 4656 
CLU_6418 3143309775978 3067 
CLU_6418 3143302219107 4728 
CLU_6418 3143302219352 1469 
CLU_6418 3143302219115 0 
CLU_6418 3143303180182 2091 
CLU_6418 3143302150042 2732 
CLU_6418 3143302219085 3337 
CLU_6418 3143309812032 4534 
CLU_6418 3143302149915 5519 
CLU_6418 3143307299079 3936 
CLU_6418 3143302150018 5455 
CLU_6418 3143302218984 4743 
CLU_6418 3143306065295 5884 
CLU_6418 3143302219069 3958 
CLU_6418 3143306629296 5569 
CLU_6418 3143302149923 5733 
CLU_6418 3143306065341 6680 
CLU_6418 3143306329705 6412 
CLU_6418 3143306297943 13940 
CLU_6418 3143307780621 3997 
CLU_6418 3143302219301 3885 
CLU_6418 3143303180166 3067 
CLU_6418 3143305302803 1688 
CLU_6418 3143302149893 3801 
CLU_6418 3143302150026 3282 
CLU_6418 3143300550108 6438 
CLU_6418 3143303413578 32443 
CLU_6418 3143306329632 5262 
CLU_6418 3143305212588 11040 
CLU_6418 3143309812083 3306 
CLU_6418 3143306023282 494 
CLU_6418 3143302218968 4185 
CLU_6418 3143309772227 3469 
CLU_6418 3143302203480 1047 
CLU_6418 3143302219336 3010 
CLU_6418 3143302150085 3936 
CLU_6418 3143300211826 4887 
CLU_6418 3143302149931 2138 
CLU_6418 3143302219093 4829 
CLU_6418 3143309352511 4709 
CLU_6418 3143309251553 1483 
CLU_6418 3143305998220 2197 
CLU_6418 3143309854304 3286 
CLU_6418 3143309690905 3246 
CLU_6418 3143307608756 6646 
CLU_6418 3143306409911 6438 
CLU_6418 3143307780907 3806 
CLU_6418 3143309936424 3907 
CLU_6418 3143309812075 3247 
CLU_6418 3143306301304 3306 
CLU_6418 3143303688100 4092 
CLU_6418 3143303180115 1398 
CLU_6418 3143305302854 2204 
CLU_6418 3143302219212 2582 
CLU_6418 3143302149958 1774 
CLU_6418 3143307282923 390 
CLU_6418 3143307951345 5671 
CLU_6418 3143302219077 2388 
CLU_6418 3143302219344 3958 
CLU_6418 3143307607660 4656 
CLU_6418 3143302150069 4819 
CLU_6418 3143307809131 6946 
CLU_6418 3143300186252 5133 
CLU_6418 3143304701852 2853 
CLU_6418 3143307836619 4534 
CLU_6418 3143305212545 4102 
CLU_6418 3143302150077 6646 
CLU_6418 3143302150034 4726 
CLU_6418 3143302219409 66822 
CLU_6418 3143305212529 15638 
CLU_6418 3143302219379 48805 
CLU_6418 CLU_6416 15638 
CLU_6419 3143309772235 2883 
CLU_6419 3143309772251 3654 
CLU_6419 3143309812059 2031 
CLU_6419 3143309690964 2305 
CLU_6419 3143305305063 4314 
CLU_6419 3143307781067 4677 
CLU_6419 3143309132481 4469 
CLU_6419 3143307831331 4444 
CLU_6419 3143300659134 2427 
CLU_6419 3143303180158 621 
CLU_6419 3143307821506 853 
CLU_6419 3143302150107 1415 
CLU_6419 3143309775978 853 
CLU_6419 3143302219107 3866 
CLU_6419 3143302219352 2833 
CLU_6419 3143302219115 3885 
CLU_6419 3143303180182 5467 
CLU_6419 3143302150042 5565 
CLU_6419 3143302219085 6231 
CLU_6419 3143309812032 4314 
CLU_6419 3143302149915 5720 
CLU_6419 3143307299079 7358 
CLU_6419 3143302150018 7988 
CLU_6419 3143302218984 6707 
CLU_6419 3143306065295 6585 
CLU_6419 3143302219069 5757 
CLU_6419 3143306629296 7821 
CLU_6419 3143302149923 7329 
CLU_6419 3143306065341 8293 
CLU_6419 3143306329705 7028 
CLU_6419 3143306297943 12746 
CLU_6419 3143307780621 507 
CLU_6419 3143302219301 0 
CLU_6419 3143303180166 853 
CLU_6419 3143305302803 5162 
CLU_6419 3143302149893 5878 
CLU_6419 3143302150026 7117 
CLU_6419 3143300550108 7985 
CLU_6419 3143303413578 31062 
CLU_6419 3143306329632 4876 
CLU_6419 3143305212588 14910 
CLU_6419 3143309812083 3340 
CLU_6419 3143306023282 3985 
CLU_6419 3143302218968 954 
CLU_6419 3143309772227 4469 
CLU_6419 3143302203480 3992 
CLU_6419 3143302219336 6813 
CLU_6419 3143302150085 7358 
CLU_6419 3143300211826 6423 
CLU_6419 3143302149931 4700 
CLU_6419 3143302219093 1553 
CLU_6419 3143309352511 5743 
CLU_6419 3143309251553 5366 
CLU_6419 3143305998220 6071 
CLU_6419 3143309854304 7092 
CLU_6419 3143309690905 7132 
CLU_6419 3143307608756 8756 
CLU_6419 3143306409911 7985 
CLU_6419 3143307780907 4953 
CLU_6419 3143309936424 7779 
CLU_6419 3143309812075 2268 
CLU_6419 3143306301304 3340 
CLU_6419 3143303688100 2085 
CLU_6419 3143303180115 3654 
CLU_6419 3143305302854 4954 
CLU_6419 3143302219212 4576 
CLU_6419 3143302149958 2770 
CLU_6419 3143307282923 3578 
CLU_6419 3143307951345 5190 
CLU_6419 3143302219077 6265 
CLU_6419 3143302219344 5757 
CLU_6419 3143307607660 1415 
CLU_6419 3143302150069 7112 
CLU_6419 3143307809131 6819 
CLU_6419 3143300186252 6230 
CLU_6419 3143304701852 2579 
CLU_6419 3143307836619 4314 
CLU_6419 3143305212545 7373 
CLU_6419 3143302150077 8756 
CLU_6419 3143302150034 7880 
CLU_6419 3143302219409 64870 
CLU_6419 3143305212529 12817 
CLU_6419 3143302219379 46345 
CLU_6419 CLU_6416 12817 
CLU_6420 3143309772235 2292 
CLU_6420 3143309772251 1595 
CLU_6420 3143309812059 3191 
CLU_6420 3143309690964 3240 
CLU_6420 3143305305063 1342 
CLU_6420 3143307781067 2530 
CLU_6420 3143309132481 2913 
CLU_6420 3143307831331 3126 
CLU_6420 3143300659134 4860 
CLU_6420 3143303180158 4654 
CLU_6420 3143307821506 4434 
CLU_6420 3143302150107 6148 
CLU_6420 3143309775978 4434 
CLU_6420 3143302219107 6415 
CLU_6420 3143302219352 3139 
CLU_6420 3143302219115 1688 
CLU_6420 3143303180182 406 
CLU_6420 3143302150042 1244 
CLU_6420 3143302219085 1727 
CLU_6420 3143309812032 4275 
CLU_6420 3143302149915 4867 
CLU_6420 3143307299079 2281 
CLU_6420 3143302150018 3848 
CLU_6420 3143302218984 3387 
CLU_6420 3143306065295 4956 
CLU_6420 3143302219069 5274 
CLU_6420 3143306629296 4040 
CLU_6420 3143302149923 4437 
CLU_6420 3143306065341 5313 
CLU_6420 3143306329705 5464 
CLU_6420 3143306297943 13376 
CLU_6420 3143307780621 5142 
CLU_6420 3143302219301 5162 
CLU_6420 3143303180166 4434 
CLU_6420 3143305302803 0 
CLU_6420 3143302149893 2526 
CLU_6420 3143302150026 2909 
CLU_6420 3143300550108 5109 
CLU_6420 3143303413578 31782 
CLU_6420 3143306329632 6914 
CLU_6420 3143305212588 9863 
CLU_6420 3143309812083 3353 
CLU_6420 3143306023282 1305 
CLU_6420 3143302218968 5645 
CLU_6420 3143309772227 2913 
CLU_6420 3143302203480 2582 
CLU_6420 3143302219336 2802 
CLU_6420 3143302150085 2281 
CLU_6420 3143300211826 6198 
CLU_6420 3143302149931 3475 
CLU_6420 3143302219093 5753 
CLU_6420 3143309352511 3799 
CLU_6420 3143309251553 1432 
CLU_6420 3143305998220 1445 
CLU_6420 3143309854304 2041 
CLU_6420 3143309690905 2477 
CLU_6420 3143307608756 5117 
CLU_6420 3143306409911 5109 
CLU_6420 3143307780907 5319 
CLU_6420 3143309936424 3254 
CLU_6420 3143309812075 3809 
CLU_6420 3143306301304 3353 
CLU_6420 3143303688100 4723 
CLU_6420 3143303180115 1595 
CLU_6420 3143305302854 1008 
CLU_6420 3143302219212 1797 
CLU_6420 3143302149958 3453 
CLU_6420 3143307282923 2072 
CLU_6420 3143307951345 5304 
CLU_6420 3143302219077 1979 
CLU_6420 3143302219344 5274 
CLU_6420 3143307607660 6148 
CLU_6420 3143302150069 3320 
CLU_6420 3143307809131 6265 
CLU_6420 3143300186252 6552 
CLU_6420 3143304701852 3314 
CLU_6420 3143307836619 4275 
CLU_6420 3143305212545 4538 
CLU_6420 3143302150077 5117 
CLU_6420 3143302150034 3037 
CLU_6420 3143302219409 68486 
CLU_6420 3143305212529 17303 
CLU_6420 3143302219379 50494 
CLU_6420 CLU_6416 17303 
CLU_6421 3143309772235 4176 
CLU_6421 3143309772251 4023 
CLU_6421 3143309812059 4835 
CLU_6421 3143309690964 4515 
CLU_6421 3143305305063 4084 
CLU_6421 3143307781067 5333 
CLU_6421 3143309132481 5708 
CLU_6421 3143307831331 5918 
CLU_6421 3143300659134 7279 
CLU_6421 3143303180158 6479 
CLU_6421 3143307821506 5967 
CLU_6421 3143302150107 7348 
CLU_6421 3143309775978 5967 
CLU_6421 3143302219107 6409 
CLU_6421 3143302219352 4052 
CLU_6421 3143302219115 3010 
CLU_6421 3143303180182 2955 
CLU_6421 3143302150042 3870 
CLU_6421 3143302219085 4041 
CLU_6421 3143309812032 7039 
CLU_6421 3143302149915 7665 
CLU_6421 3143307299079 3443 
CLU_6421 3143302150018 5823 
CLU_6421 3143302218984 5895 
CLU_6421 3143306065295 7693 
CLU_6421 3143302219069 3956 
CLU_6421 3143306629296 6219 
CLU_6421 3143302149923 6946 
CLU_6421 3143306065341 7696 
CLU_6421 3143306329705 8184 
CLU_6421 3143306297943 16165 
CLU_6421 3143307780621 6978 
CLU_6421 3143302219301 6813 
CLU_6421 3143303180166 5967 
CLU_6421 3143305302803 2802 
CLU_6421 3143302149893 5174 
CLU_6421 3143302150026 356 
CLU_6421 3143300550108 7550 
CLU_6421 3143303413578 34531 
CLU_6421 3143306329632 6490 
CLU_6421 3143305212588 8374 
CLU_6421 3143309812083 5997 
CLU_6421 3143306023282 3134 
CLU_6421 3143302218968 6944 
CLU_6421 3143309772227 5708 
CLU_6421 3143302203480 2899 
CLU_6421 3143302219336 0 
CLU_6421 3143302150085 3443 
CLU_6421 3143300211826 4713 
CLU_6421 3143302149931 2815 
CLU_6421 3143302219093 7840 
CLU_6421 3143309352511 6564 
CLU_6421 3143309251553 1603 
CLU_6421 3143305998220 1390 
CLU_6421 3143309854304 1917 
CLU_6421 3143309690905 998 
CLU_6421 3143307608756 7213 
CLU_6421 3143306409911 7550 
CLU_6421 3143307780907 4508 
CLU_6421 3143309936424 1118 
CLU_6421 3143309812075 6184 
CLU_6421 3143306301304 5997 
CLU_6421 3143303688100 7063 
CLU_6421 3143303180115 4023 
CLU_6421 3143305302854 3805 
CLU_6421 3143302219212 4596 
CLU_6421 3143302149958 4230 
CLU_6421 3143307282923 3254 
CLU_6421 3143307951345 8095 
CLU_6421 3143302219077 823 
CLU_6421 3143302219344 3956 
CLU_6421 3143307607660 7348 
CLU_6421 3143302150069 5630 
CLU_6421 3143307809131 9054 
CLU_6421 3143300186252 5278 
CLU_6421 3143304701852 5740 
CLU_6421 3143307836619 7039 
CLU_6421 3143305212545 1988 
CLU_6421 3143302150077 7213 
CLU_6421 3143302150034 4440 
CLU_6421 3143302219409 67597 
CLU_6421 3143305212529 17491 
CLU_6421 3143302219379 50063 
CLU_6421 CLU_6416 17491 
CLU_6422 3143309772235 3678 
CLU_6422 3143309772251 4158 
CLU_6422 3143309812059 3044 
CLU_6422 3143309690964 3514 
CLU_6422 3143305305063 4634 
CLU_6422 3143307781067 4540 
CLU_6422 3143309132481 4209 
CLU_6422 3143307831331 4110 
CLU_6422 3143300659134 1469 
CLU_6422 3143303180158 1477 
CLU_6422 3143307821506 2229 
CLU_6422 3143302150107 2653 
CLU_6422 3143309775978 2229 
CLU_6422 3143302219107 5387 
CLU_6422 3143302219352 4103 
CLU_6422 3143302219115 4829 
CLU_6422 3143303180182 5980 
CLU_6422 3143302150042 5830 
CLU_6422 3143302219085 6445 
CLU_6422 3143309812032 3570 
CLU_6422 3143302149915 4912 
CLU_6422 3143307299079 7750 
CLU_6422 3143302150018 7899 
CLU_6422 3143302218984 6478 
CLU_6422 3143306065295 5873 
CLU_6422 3143302219069 7251 
CLU_6422 3143306629296 7621 
CLU_6422 3143302149923 6896 
CLU_6422 3143306065341 7799 
CLU_6422 3143306329705 6246 
CLU_6422 3143306297943 11288 
CLU_6422 3143307780621 1089 
CLU_6422 3143302219301 1553 
CLU_6422 3143303180166 2229 
CLU_6422 3143305302803 5753 
CLU_6422 3143302149893 5791 
CLU_6422 3143302150026 8110 
CLU_6422 3143300550108 7485 
CLU_6422 3143303413578 29540 
CLU_6422 3143306329632 6406 
CLU_6422 3143305212588 15617 
CLU_6422 3143309812083 3029 
CLU_6422 3143306023282 4783 
CLU_6422 3143302218968 2361 
CLU_6422 3143309772227 4209 
CLU_6422 3143302203480 5193 
CLU_6422 3143302219336 7840 
CLU_6422 3143302150085 7750 
CLU_6422 3143300211826 7951 
CLU_6422 3143302149931 6045 
CLU_6422 3143302219093 0 
CLU_6422 3143309352511 5258 
CLU_6422 3143309251553 6290 
CLU_6422 3143305998220 6898 
CLU_6422 3143309854304 7783 
CLU_6422 3143309690905 7997 
CLU_6422 3143307608756 8438 
CLU_6422 3143306409911 7485 
CLU_6422 3143307780907 6481 
CLU_6422 3143309936424 8706 
CLU_6422 3143309812075 2065 
CLU_6422 3143306301304 3029 
CLU_6422 3143303688100 1297 
CLU_6422 3143303180115 4158 
CLU_6422 3143305302854 5279 
CLU_6422 3143302219212 4689 
CLU_6422 3143302149958 4119 
CLU_6422 3143307282923 4603 
CLU_6422 3143307951345 4189 
CLU_6422 3143302219077 7194 
CLU_6422 3143302219344 7251 
CLU_6422 3143307607660 2653 
CLU_6422 3143302150069 6983 
CLU_6422 3143307809131 5789 
CLU_6422 3143300186252 7777 
CLU_6422 3143304701852 2554 
CLU_6422 3143307836619 3570 
CLU_6422 3143305212545 8652 
CLU_6422 3143302150077 8438 
CLU_6422 3143302150034 8095 
CLU_6422 3143302219409 65718 
CLU_6422 3143305212529 13437 
CLU_6422 3143302219379 46994 
CLU_6422 CLU_6416 13437 
CLU_6423 3143309772235 4213 
CLU_6423 3143309772251 3631 
CLU_6423 3143309812059 5070 
CLU_6423 3143309690964 4974 
CLU_6423 3143305305063 3323 
CLU_6423 3143307781067 4269 
CLU_6423 3143309132481 4704 
CLU_6423 3143307831331 4921 
CLU_6423 3143300659134 6896 
CLU_6423 3143303180158 6624 
CLU_6423 3143307821506 6312 
CLU_6423 3143302150107 7942 
CLU_6423 3143309775978 6312 
CLU_6423 3143302219107 7655 
CLU_6423 3143302219352 4700 
CLU_6423 3143302219115 3286 
CLU_6423 3143303180182 1906 
CLU_6423 3143302150042 2568 
CLU_6423 3143302219085 2469 
CLU_6423 3143309812032 6118 
CLU_6423 3143302149915 6435 
CLU_6423 3143307299079 1545 
CLU_6423 3143302150018 3972 
CLU_6423 3143302218984 4280 
CLU_6423 3143306065295 6264 
CLU_6423 3143302219069 5674 
CLU_6423 3143306629296 4418 
CLU_6423 3143302149923 5291 
CLU_6423 3143306065341 5945 
CLU_6423 3143306329705 6715 
CLU_6423 3143306297943 14788 
CLU_6423 3143307780621 7121 
CLU_6423 3143302219301 7092 
CLU_6423 3143303180166 6312 
CLU_6423 3143305302803 2041 
CLU_6423 3143302149893 3732 
CLU_6423 3143302150026 1750 
CLU_6423 3143300550108 5835 
CLU_6423 3143303413578 32999 
CLU_6423 3143306329632 7930 
CLU_6423 3143305212588 7844 
CLU_6423 3143309812083 5340 
CLU_6423 3143306023282 3107 
CLU_6423 3143302218968 7466 
CLU_6423 3143309772227 4704 
CLU_6423 3143302203480 3759 
CLU_6423 3143302219336 1917 
CLU_6423 3143302150085 1545 
CLU_6423 3143300211826 6504 
CLU_6423 3143302149931 4185 
CLU_6423 3143302219093 7783 
CLU_6423 3143309352511 5231 
CLU_6423 3143309251553 1987 
CLU_6423 3143305998220 1181 
CLU_6423 3143309854304 0 
CLU_6423 3143309690905 980 
CLU_6423 3143307608756 5364 
CLU_6423 3143306409911 5835 
CLU_6423 3143307780907 6054 
CLU_6423 3143309936424 1609 
CLU_6423 3143309812075 5851 
CLU_6423 3143306301304 5340 
CLU_6423 3143303688100 6765 
CLU_6423 3143303180115 3631 
CLU_6423 3143305302854 2798 
CLU_6423 3143302219212 3622 
CLU_6423 3143302149958 4970 
CLU_6423 3143307282923 3657 
CLU_6423 3143307951345 7043 
CLU_6423 3143302219077 1454 
CLU_6423 3143302219344 5674 
CLU_6423 3143307607660 7942 
CLU_6423 3143302150069 3909 
CLU_6423 3143307809131 7736 
CLU_6423 3143300186252 7016 
CLU_6423 3143304701852 5354 
CLU_6423 3143307836619 6118 
CLU_6423 3143305212545 3894 
CLU_6423 3143302150077 5364 
CLU_6423 3143302150034 2532 
CLU_6423 3143302219409 69328 
CLU_6423 3143305212529 18741 
CLU_6423 3143302219379 51628 
CLU_6423 CLU_6416 18741 
CLU_6424 3143309772235 1057 
CLU_6424 3143309772251 1555 
CLU_6424 3143309812059 1581 
CLU_6424 3143309690964 1330 
CLU_6424 3143305305063 2197 
CLU_6424 3143307781067 3454 
CLU_6424 3143309132481 3627 
CLU_6424 3143307831331 3779 
CLU_6424 3143300659134 4219 
CLU_6424 3143303180158 3224 
CLU_6424 3143307821506 2745 
CLU_6424 3143302150107 4292 
CLU_6424 3143309775978 2745 
CLU_6424 3143302219107 4354 
CLU_6424 3143302219352 1078 
CLU_6424 3143302219115 390 
CLU_6424 3143303180182 2473 
CLU_6424 3143302150042 3076 
CLU_6424 3143302219085 3696 
CLU_6424 3143309812032 4601 
CLU_6424 3143302149915 5658 
CLU_6424 3143307299079 4326 
CLU_6424 3143302150018 5806 
CLU_6424 3143302218984 5040 
CLU_6424 3143306065295 6079 
CLU_6424 3143302219069 3766 
CLU_6424 3143306629296 5900 
CLU_6424 3143302149923 6010 
CLU_6424 3143306065341 6969 
CLU_6424 3143306329705 6607 
CLU_6424 3143306297943 14018 
CLU_6424 3143307780621 3724 
CLU_6424 3143302219301 3578 
CLU_6424 3143303180166 2745 
CLU_6424 3143305302803 2072 
CLU_6424 3143302149893 4092 
CLU_6424 3143302150026 3546 
CLU_6424 3143300550108 6718 
CLU_6424 3143303413578 32529 
CLU_6424 3143306329632 4913 
CLU_6424 3143305212588 11378 
CLU_6424 3143309812083 3336 
CLU_6424 3143306023282 817 
CLU_6424 3143302218968 3830 
CLU_6424 3143309772227 3627 
CLU_6424 3143302203480 862 
CLU_6424 3143302219336 3254 
CLU_6424 3143302150085 4326 
CLU_6424 3143300211826 4686 
CLU_6424 3143302149931 1984 
CLU_6424 3143302219093 4603 
CLU_6424 3143309352511 4914 
CLU_6424 3143309251553 1796 
CLU_6424 3143305998220 2546 
CLU_6424 3143309854304 3657 
CLU_6424 3143309690905 3568 
CLU_6424 3143307608756 6974 
CLU_6424 3143306409911 6718 
CLU_6424 3143307780907 3535 
CLU_6424 3143309936424 4201 
CLU_6424 3143309812075 3149 
CLU_6424 3143306301304 3336 
CLU_6424 3143303688100 3952 
CLU_6424 3143303180115 1555 
CLU_6424 3143305302854 2523 
CLU_6424 3143302219212 2819 
CLU_6424 3143302149958 1384 
CLU_6424 3143307282923 0 
CLU_6424 3143307951345 5744 
CLU_6424 3143302219077 2689 
CLU_6424 3143302219344 3766 
CLU_6424 3143307607660 4292 
CLU_6424 3143302150069 5145 
CLU_6424 3143307809131 7078 
CLU_6424 3143300186252 4891 
CLU_6424 3143304701852 2798 
CLU_6424 3143307836619 4601 
CLU_6424 3143305212545 4177 
CLU_6424 3143302150077 6974 
CLU_6424 3143302150034 5109 
CLU_6424 3143302219409 66460 
CLU_6424 3143305212529 15248 
CLU_6424 3143302219379 48423 
CLU_6424 CLU_6416 15248 
CLU_6425 3143309772235 3558 
CLU_6425 3143309772251 3578 
CLU_6425 3143309812059 4127 
CLU_6425 3143309690964 3753 
CLU_6425 3143305305063 3792 
CLU_6425 3143307781067 5113 
CLU_6425 3143309132481 5446 
CLU_6425 3143307831331 5646 
CLU_6425 3143300659134 6719 
CLU_6425 3143303180158 5763 
CLU_6425 3143307821506 5206 
CLU_6425 3143302150107 6524 
CLU_6425 3143309775978 5206 
CLU_6425 3143302219107 5548 
CLU_6425 3143302219352 3255 
CLU_6425 3143302219115 2384 
CLU_6425 3143303180182 2912 
CLU_6425 3143302150042 3852 
CLU_6425 3143302219085 4160 
CLU_6425 3143309812032 6702 
CLU_6425 3143302149915 7468 
CLU_6425 3143307299079 3859 
CLU_6425 3143302150018 6113 
CLU_6425 3143302218984 5970 
CLU_6425 3143306065295 7608 
CLU_6425 3143302219069 3235 
CLU_6425 3143306629296 6443 
CLU_6425 3143302149923 7029 
CLU_6425 3143306065341 7848 
CLU_6425 3143306329705 8118 
CLU_6425 3143306297943 15982 
CLU_6425 3143307780621 6256 
CLU_6425 3143302219301 6058 
CLU_6425 3143303180166 5206 
CLU_6425 3143305302803 2653 
CLU_6425 3143302149893 5161 
CLU_6425 3143302150026 1222 
CLU_6425 3143300550108 7673 
CLU_6425 3143303413578 34420 
CLU_6425 3143306329632 5658 
CLU_6425 3143305212588 9237 
CLU_6425 3143309812083 5571 
CLU_6425 3143306023282 2616 
CLU_6425 3143302218968 6135 
CLU_6425 3143309772227 5446 
CLU_6425 3143302203480 2088 
CLU_6425 3143302219336 866 
CLU_6425 3143302150085 3859 
CLU_6425 3143300211826 4057 
CLU_6425 3143302149931 1953 
CLU_6425 3143302219093 7164 
CLU_6425 3143309352511 6445 
CLU_6425 3143309251553 1237 
CLU_6425 3143305998220 1508 
CLU_6425 3143309854304 2447 
CLU_6425 3143309690905 1706 
CLU_6425 3143307608756 7481 
CLU_6425 3143306409911 7673 
CLU_6425 3143307780907 3699 
CLU_6425 3143309936424 1983 
CLU_6425 3143309812075 5627 
CLU_6425 3143306301304 5571 
CLU_6425 3143303688100 6476 
CLU_6425 3143303180115 3578 
CLU_6425 3143305302854 3648 
CLU_6425 3143302219212 4368 
CLU_6425 3143302149958 3410 
CLU_6425 3143307282923 2561 
CLU_6425 3143307951345 7800 
CLU_6425 3143302219077 1008 
CLU_6425 3143302219344 3235 
CLU_6425 3143307607660 6524 
CLU_6425 3143302150069 5793 
CLU_6425 3143307809131 8883 
CLU_6425 3143300186252 4575 
CLU_6425 3143304701852 5215 
CLU_6425 3143307836619 6702 
CLU_6425 3143305212545 1890 
CLU_6425 3143302150077 7481 
CLU_6425 3143302150034 4854 
CLU_6425 3143302219409 66899 
CLU_6425 3143305212529 16639 
CLU_6425 3143302219379 49286 
CLU_6425 CLU_6416 16639 
CLU_6426 3143309772235 66730 
CLU_6426 3143309772251 67702 
CLU_6426 3143309812059 65965 
CLU_6426 3143309690964 65590 
CLU_6426 3143305305063 68470 
CLU_6426 3143307781067 69337 
CLU_6426 3143309132481 69234 
CLU_6426 3143307831331 69250 
CLU_6426 3143300659134 67126 
CLU_6426 3143303180158 65473 
CLU_6426 3143307821506 65081 
CLU_6426 3143302150107 63458 
CLU_6426 3143309775978 65081 
CLU_6426 3143302219107 62122 
CLU_6426 3143302219352 65465 
CLU_6426 3143302219115 66822 
CLU_6426 3143303180182 68892 
CLU_6426 3143302150042 69527 
CLU_6426 3143302219085 70156 
CLU_6426 3143309812032 69165 
CLU_6426 3143302149915 70564 
CLU_6426 3143307299079 70561 
CLU_6426 3143302150018 72258 
CLU_6426 3143302218984 71297 
CLU_6426 3143306065295 71454 
CLU_6426 3143302219069 63664 
CLU_6426 3143306629296 72293 
CLU_6426 3143302149923 72090 
CLU_6426 3143306065341 73076 
CLU_6426 3143306329705 71888 
CLU_6426 3143306297943 75272 
CLU_6426 3143307780621 65272 
CLU_6426 3143302219301 64870 
CLU_6426 3143303180166 65081 
CLU_6426 3143305302803 68486 
CLU_6426 3143302149893 70364 
CLU_6426 3143302150026 67901 
CLU_6426 3143300550108 72779 
CLU_6426 3143303413578 89235 
CLU_6426 3143306329632 61573 
CLU_6426 3143305212588 74060 
CLU_6426 3143309812083 68182 
CLU_6426 3143306023282 67276 
CLU_6426 3143302218968 63957 
CLU_6426 3143309772227 69234 
CLU_6426 3143302203480 65915 
CLU_6426 3143302219336 67597 
CLU_6426 3143302150085 70561 
CLU_6426 3143300211826 62884 
CLU_6426 3143302149931 65199 
CLU_6426 3143302219093 65718 
CLU_6426 3143309352511 70576 
CLU_6426 3143309251553 67506 
CLU_6426 3143305998220 68226 
CLU_6426 3143309854304 69328 
CLU_6426 3143309690905 68575 
CLU_6426 3143307608756 73338 
CLU_6426 3143306409911 72779 
CLU_6426 3143307780907 63302 
CLU_6426 3143309936424 68557 
CLU_6426 3143309812075 67131 
CLU_6426 3143306301304 68182 
CLU_6426 3143303688100 66844 
CLU_6426 3143303180115 67702 
CLU_6426 3143305302854 68943 
CLU_6426 3143302219212 68979 
CLU_6426 3143302149958 65141 
CLU_6426 3143307282923 66460 
CLU_6426 3143307951345 69907 
CLU_6426 3143302219077 67874 
CLU_6426 3143302219344 63664 
CLU_6426 3143307607660 63458 
CLU_6426 3143302150069 71534 
CLU_6426 3143307809131 71503 
CLU_6426 3143300186252 62327 
CLU_6426 3143304701852 67374 
CLU_6426 3143307836619 69165 
CLU_6426 3143305212545 65973 
CLU_6426 3143302150077 73338 
CLU_6426 3143302150034 71473 
CLU_6426 3143302219409 0 
CLU_6426 3143305212529 52410 
CLU_6426 3143302219379 20322 
CLU_6426 CLU_6416 52410 
;

end;
