#############################################################################

# Project CNPq: Increasing PHC with team sizing

# Author: João Flávio de Freitas Almeida <joao.flavio@dep.ufmg.br>

# LEPOINT: Laboratório de Estudos em Planejamento de Operações Integradas

# Departmento de Engenharia de Produção

# Universidade Federal de Minas Gerais - Escola de Engenharia

#############################################################################

# Health Care Facility Location Problem: Considering fixed facilities, 

# choose intermediate facilities accorting a criteria that improve service

# quality. Consider health care teams. 

#############################################################################

# glpsol -m aps.mod -d LS.dat --cuts

data;

# SET EL[1]; # CNES

# SET CL[1]; # CLUSTER CANDIDATOS

# POIS ... set L{k in K} := EL[k] union CL[k]; 



# Distance matrix between same-level facilities (for team transfer)

# {EL[1], L[1]} default 0; # Distance between L1 facilities (min)

param DL1 :=

# EL[1] x L[1]: 15 x 40 = 600 pairs

313760105000013	313760105000010	918

313760105000013	313760105000013	0

313760105000013	313760105000048	4454

313760105000013	313760105000050	6235

313760105000013	313760105000058	6026

313760105000013	313760105000076	1378

313760105000013	313760105000102	2682

313760105000013	313760105000122	4232

313760105000013	313760105000125	3242

313760105000013	313760105000132	4014

313760105000013	313760105000135	5862

313760105000013	313760105000139	7251

313760105000013	313760105000145	2387

313760105000013	313760105000146	5539

313760105000013	313760105000152	9857

313760105000013	313760105000168	3501

313760105000013	313760105000172	7217

313760105000013	313760105000186	7063

313760105000013	313760105000201	1978

313760105000013	313760105000226	6097

313760105000013	313760105000229	6318

313760105000013	313760105000230	6181

313760105000013	313760105000231	6521

313760105000013	313760105000235	4116

313760105000013	313760105000239	2087

313760105000013	313760105000257	1687

313760105000013	313760105000259	3884

313760105000013	313760105000264	6224

313760105000013	313760105000272	4794

313760105000013	313760105000273	5040

313760105000013	313760105000280	8121

313760105000013	313760114000002	4855

313760105000013	313760114000007	4523

313760105000013	313760114000008	4056

313760105000013	313760114000009	3263

313760105000013	313760114000010	6749

313760105000013	313760115000005	10945

313760105000013	313760115000006	13640

313760105000013	313760115000007	12106

313760105000013	313760115000015	8598

313760105000076	313760105000010	789

313760105000076	313760105000013	1378

313760105000076	313760105000048	4956

313760105000076	313760105000050	6443

313760105000076	313760105000058	5750

313760105000076	313760105000076	0

313760105000076	313760105000102	3605

313760105000076	313760105000122	3434

313760105000076	313760105000125	2569

313760105000076	313760105000132	2818

313760105000076	313760105000135	4578

313760105000076	313760105000139	5903

313760105000076	313760105000145	3527

313760105000076	313760105000146	5016

313760105000076	313760105000152	8481

313760105000076	313760105000168	2296

313760105000076	313760105000172	6419

313760105000076	313760105000186	5712

313760105000076	313760105000201	2856

313760105000076	313760105000226	4724

313760105000076	313760105000229	4941

313760105000076	313760105000230	6014

313760105000076	313760105000231	6303

313760105000076	313760105000235	3466

313760105000076	313760105000239	723

313760105000076	313760105000257	536

313760105000076	313760105000259	2535

313760105000076	313760105000264	5082

313760105000076	313760105000272	5367

313760105000076	313760105000273	5594

313760105000076	313760105000280	6815

313760105000076	313760114000002	6231

313760105000076	313760114000007	5815

313760105000076	313760114000008	5371

313760105000076	313760114000009	4519

313760105000076	313760114000010	7891

313760105000076	313760115000005	9801

313760105000076	313760115000006	12303

313760105000076	313760115000007	10728

313760105000076	313760115000015	7354

313760105000102	313760105000010	3536

313760105000102	313760105000013	2682

313760105000102	313760105000048	6623

313760105000102	313760105000050	4116

313760105000102	313760105000058	4764

313760105000102	313760105000076	3605

313760105000102	313760105000102	0

313760105000102	313760105000122	4397

313760105000102	313760105000125	3531

313760105000102	313760105000132	5108

313760105000102	313760105000135	6978

313760105000102	313760105000139	8588

313760105000102	313760105000145	3906

313760105000102	313760105000146	8218

313760105000102	313760105000152	11582

313760105000102	313760105000168	4728

313760105000102	313760105000172	6872

313760105000102	313760105000186	8432

313760105000102	313760105000201	749

313760105000102	313760105000226	7714

313760105000102	313760105000229	7989

313760105000102	313760105000230	4695

313760105000102	313760105000231	5086

313760105000102	313760105000235	4023

313760105000102	313760105000239	4272

313760105000102	313760105000257	4099

313760105000102	313760105000259	5497

313760105000102	313760105000264	8686

313760105000102	313760105000272	2300

313760105000102	313760105000273	2550

313760105000102	313760105000280	10293

313760105000102	313760114000002	4268

313760105000102	313760114000007	4899

313760105000102	313760114000008	4382

313760105000102	313760114000009	4114

313760105000102	313760114000010	7487

313760105000102	313760115000005	11273

313760105000102	313760115000006	14721

313760105000102	313760115000007	13776

313760105000102	313760115000015	9376

313760105000122	313760105000010	4168

313760105000122	313760105000013	4232

313760105000122	313760105000048	8388

313760105000122	313760105000050	4475

313760105000122	313760105000058	2852

313760105000122	313760105000076	3434

313760105000122	313760105000102	4397

313760105000122	313760105000122	0

313760105000122	313760105000125	1006

313760105000122	313760105000132	1598

313760105000122	313760105000135	2899

313760105000122	313760105000139	4551

313760105000122	313760105000145	6615

313760105000122	313760105000146	7918

313760105000122	313760105000152	7768

313760105000122	313760105000168	1736

313760105000122	313760105000172	3003

313760105000122	313760105000186	4439

313760105000122	313760105000201	3974

313760105000122	313760105000226	4112

313760105000122	313760105000229	4420

313760105000122	313760105000230	3291

313760105000122	313760105000231	3437

313760105000122	313760105000235	479

313760105000122	313760105000239	3359

313760105000122	313760105000257	3781

313760105000122	313760105000259	2604

313760105000122	313760105000264	6687

313760105000122	313760105000272	4586

313760105000122	313760105000273	4696

313760105000122	313760105000280	7299

313760105000122	313760114000002	8442

313760105000122	313760114000007	8574

313760105000122	313760114000008	8068

313760105000122	313760114000009	7407

313760105000122	313760114000010	10945

313760105000122	313760115000005	6939

313760105000122	313760115000006	10373

313760105000122	313760115000007	9822

313760105000122	313760115000015	4994

313760105000125	313760105000010	3253

313760105000125	313760105000013	3242

313760105000125	313760105000048	7484

313760105000125	313760105000050	4454

313760105000125	313760105000058	3277

313760105000125	313760105000076	2569

313760105000125	313760105000102	3531

313760105000125	313760105000122	1006

313760105000125	313760105000125	0

313760105000125	313760105000132	1740

313760105000125	313760105000135	3490

313760105000125	313760105000139	5133

313760105000125	313760105000145	5619

313760105000125	313760105000146	7326

313760105000125	313760105000152	8256

313760105000125	313760105000168	1562

313760105000125	313760105000172	3975

313760105000125	313760105000186	4993

313760105000125	313760105000201	3037

313760105000125	313760105000226	4448

313760105000125	313760105000229	4747

313760105000125	313760105000230	3616

313760105000125	313760105000231	3853

313760105000125	313760105000235	903

313760105000125	313760105000239	2642

313760105000125	313760105000257	2983

313760105000125	313760105000259	2507

313760105000125	313760105000264	6485

313760105000125	313760105000272	4118

313760105000125	313760105000273	4273

313760105000125	313760105000280	7441

313760105000125	313760114000002	7471

313760105000125	313760114000007	7569

313760105000125	313760114000008	7064

313760105000125	313760114000009	6401

313760105000125	313760114000010	9940

313760105000125	313760115000005	7917

313760105000125	313760115000006	11190

313760105000125	313760115000007	10389

313760105000125	313760115000015	5859

313760105000132	313760105000010	3606

313760105000132	313760105000013	4014

313760105000132	313760105000048	7605

313760105000132	313760105000050	6020

313760105000132	313760105000058	4444

313760105000132	313760105000076	2818

313760105000132	313760105000102	5108

313760105000132	313760105000122	1598

313760105000132	313760105000125	1740

313760105000132	313760105000132	0

313760105000132	313760105000135	1910

313760105000132	313760105000139	3482

313760105000132	313760105000145	6326

313760105000132	313760105000146	6573

313760105000132	313760105000152	6533

313760105000132	313760105000168	522

313760105000132	313760105000172	3992

313760105000132	313760105000186	3324

313760105000132	313760105000201	4507

313760105000132	313760105000226	2708

313760105000132	313760105000229	3007

313760105000132	313760105000230	4889

313760105000132	313760105000231	5027

313760105000132	313760105000235	2006

313760105000132	313760105000239	2423

313760105000132	313760105000257	2955

313760105000132	313760105000259	1037

313760105000132	313760105000264	5102

313760105000132	313760105000272	5856

313760105000132	313760105000273	6005

313760105000132	313760105000280	5760

313760105000132	313760114000002	8716

313760105000132	313760114000007	8537

313760105000132	313760114000008	8064

313760105000132	313760114000009	7271

313760105000132	313760114000010	10701

313760105000132	313760115000005	6983

313760105000132	313760115000006	9735

313760105000132	313760115000007	8691

313760105000132	313760115000015	4585

313760105000135	313760105000010	5344

313760105000135	313760105000013	5862

313760105000135	313760105000048	9049

313760105000135	313760105000050	7261

313760105000135	313760105000058	5326

313760105000135	313760105000076	4578

313760105000135	313760105000102	6978

313760105000135	313760105000122	2899

313760105000135	313760105000125	3490

313760105000135	313760105000132	1910

313760105000135	313760105000135	0

313760105000135	313760105000139	1657

313760105000135	313760105000145	8103

313760105000135	313760105000146	7307

313760105000135	313760105000152	4873

313760105000135	313760105000168	2385

313760105000135	313760105000172	3760

313760105000135	313760105000186	1540

313760105000135	313760105000201	6403

313760105000135	313760105000226	1520

313760105000135	313760105000229	1796

313760105000135	313760105000230	5837

313760105000135	313760105000231	5853

313760105000135	313760105000235	3378

313760105000135	313760105000239	4039

313760105000135	313760105000257	4589

313760105000135	313760105000259	2123

313760105000135	313760105000264	5029

313760105000135	313760105000272	7477

313760105000135	313760105000273	7594

313760105000135	313760105000280	4797

313760105000135	313760114000002	10617

313760105000135	313760114000007	10377

313760105000135	313760114000008	9917

313760105000135	313760114000009	9092

313760105000135	313760114000010	12449

313760105000135	313760115000005	5400

313760105000135	313760115000006	7827

313760105000135	313760115000007	6932

313760105000135	313760115000015	2797

313760105000139	313760105000010	6621

313760105000139	313760105000013	7251

313760105000139	313760105000048	9939

313760105000139	313760105000050	8850

313760105000139	313760105000058	6836

313760105000139	313760105000076	5903

313760105000139	313760105000102	8588

313760105000139	313760105000122	4551

313760105000139	313760105000125	5133

313760105000139	313760105000132	3482

313760105000139	313760105000135	1657

313760105000139	313760105000139	0

313760105000139	313760105000145	9366

313760105000139	313760105000146	7621

313760105000139	313760105000152	3252

313760105000139	313760105000168	3900

313760105000139	313760105000172	4855

313760105000139	313760105000186	204

313760105000139	313760105000201	7985

313760105000139	313760105000226	1378

313760105000139	313760105000229	1368

313760105000139	313760105000230	7356

313760105000139	313760105000231	7329

313760105000139	313760105000235	5029

313760105000139	313760105000239	5274

313760105000139	313760105000257	5805

313760105000139	313760105000259	3370

313760105000139	313760105000264	4830

313760105000139	313760105000272	9133

313760105000139	313760105000273	9247

313760105000139	313760105000280	3785

313760105000139	313760114000002	12079

313760105000139	313760114000007	11709

313760105000139	313760114000008	11273

313760105000139	313760114000009	10402

313760105000139	313760114000010	13632

313760105000139	313760115000005	4917

313760105000139	313760115000006	6402

313760105000139	313760115000007	5275

313760105000139	313760115000015	2196

313760105000168	313760105000010	3085

313760105000168	313760105000013	3501

313760105000168	313760105000048	7109

313760105000168	313760105000050	5985

313760105000168	313760105000058	4569

313760105000168	313760105000076	2296

313760105000168	313760105000102	4728

313760105000168	313760105000122	1736

313760105000168	313760105000125	1562

313760105000168	313760105000132	522

313760105000168	313760105000135	2385

313760105000168	313760105000139	3900

313760105000168	313760105000145	5805

313760105000168	313760105000146	6230

313760105000168	313760105000152	6861

313760105000168	313760105000168	0

313760105000168	313760105000172	4397

313760105000168	313760105000186	3732

313760105000168	313760105000201	4095

313760105000168	313760105000226	2998

313760105000168	313760105000229	3283

313760105000168	313760105000230	4982

313760105000168	313760105000231	5156

313760105000168	313760105000235	2059

313760105000168	313760105000239	1924

313760105000168	313760105000257	2447

313760105000168	313760105000259	948

313760105000168	313760105000264	4995

313760105000168	313760105000272	5648

313760105000168	313760105000273	5814

313760105000168	313760105000280	5884

313760105000168	313760114000002	8233

313760105000168	313760114000007	8024

313760105000168	313760114000008	7554

313760105000168	313760114000009	6755

313760105000168	313760114000010	10179

313760105000168	313760115000005	7505

313760105000168	313760115000006	10208

313760105000168	313760115000007	9049

313760105000168	313760115000015	5098

313760105000186	313760105000010	6426

313760105000186	313760105000013	7063

313760105000186	313760105000048	9735

313760105000186	313760105000050	8772

313760105000186	313760105000058	6780

313760105000186	313760105000076	5712

313760105000186	313760105000102	8432

313760105000186	313760105000122	4439

313760105000186	313760105000125	4993

313760105000186	313760105000132	3324

313760105000186	313760105000135	1540

313760105000186	313760105000139	204

313760105000186	313760105000145	9168

313760105000186	313760105000146	7430

313760105000186	313760105000152	3338

313760105000186	313760105000168	3732

313760105000186	313760105000172	4870

313760105000186	313760105000186	0

313760105000186	313760105000201	7822

313760105000186	313760105000226	1176

313760105000186	313760105000229	1179

313760105000186	313760105000230	7298

313760105000186	313760105000231	7282

313760105000186	313760105000235	4918

313760105000186	313760105000239	5078

313760105000186	313760105000257	5608

313760105000186	313760105000259	3180

313760105000186	313760105000264	4664

313760105000186	313760105000272	9015

313760105000186	313760105000273	9133

313760105000186	313760105000280	3708

313760105000186	313760114000002	11896

313760105000186	313760114000007	11515

313760105000186	313760114000008	11080

313760105000186	313760114000009	10207

313760105000186	313760114000010	13431

313760105000186	313760115000005	5094

313760105000186	313760115000006	6597

313760105000186	313760115000007	5400

313760105000186	313760115000015	2365

313760105000201	313760105000010	2803

313760105000201	313760105000013	1978

313760105000201	313760105000048	6122

313760105000201	313760105000050	4483

313760105000201	313760105000058	4790

313760105000201	313760105000076	2856

313760105000201	313760105000102	749

313760105000201	313760105000122	3974

313760105000201	313760105000125	3037

313760105000201	313760105000132	4507

313760105000201	313760105000135	6403

313760105000201	313760105000139	7985

313760105000201	313760105000145	3518

313760105000201	313760105000146	7513

313760105000201	313760105000152	10924

313760105000201	313760105000168	4095

313760105000201	313760105000172	6645

313760105000201	313760105000186	7822

313760105000201	313760105000201	0

313760105000201	313760105000226	7057

313760105000201	313760105000229	7325

313760105000201	313760105000230	4803

313760105000201	313760105000231	5183

313760105000201	313760105000235	3652

313760105000201	313760105000239	3528

313760105000201	313760105000257	3350

313760105000201	313760105000259	4820

313760105000201	313760105000264	7938

313760105000201	313760105000272	2851

313760105000201	313760105000273	3100

313760105000201	313760105000280	9569

313760105000201	313760114000002	4489

313760105000201	313760114000007	4865

313760105000201	313760114000008	4342

313760105000201	313760114000009	3914

313760105000201	313760114000010	7405

313760105000201	313760115000005	10907

313760105000201	313760115000006	14194

313760105000201	313760115000007	13132

313760105000201	313760115000015	8892

313760105000235	313760105000010	4156

313760105000235	313760105000013	4116

313760105000235	313760105000048	8387

313760105000235	313760105000050	4024

313760105000235	313760105000058	2519

313760105000235	313760105000076	3466

313760105000235	313760105000102	4023

313760105000235	313760105000122	479

313760105000235	313760105000125	903

313760105000235	313760105000132	2006

313760105000235	313760105000135	3378

313760105000235	313760105000139	5029

313760105000235	313760105000145	6478

313760105000235	313760105000146	8130

313760105000235	313760105000152	8247

313760105000235	313760105000168	2059

313760105000235	313760105000172	3114

313760105000235	313760105000186	4918

313760105000235	313760105000201	3652

313760105000235	313760105000226	4580

313760105000235	313760105000229	4887

313760105000235	313760105000230	2923

313760105000235	313760105000231	3106

313760105000235	313760105000235	0

313760105000235	313760105000239	3489

313760105000235	313760105000257	3863

313760105000235	313760105000259	2973

313760105000235	313760105000264	7050

313760105000235	313760105000272	4110

313760105000235	313760105000273	4219

313760105000235	313760105000280	7745

313760105000235	313760114000002	8139

313760105000235	313760114000007	8350

313760105000235	313760114000008	7838

313760105000235	313760114000009	7218

313760105000235	313760114000010	10767

313760105000235	313760115000005	7262

313760105000235	313760115000006	10804

313760105000235	313760115000007	10300

313760105000235	313760115000015	5414

313760105000239	313760105000010	1349

313760105000239	313760105000013	2087

313760105000239	313760105000048	5185

313760105000239	313760105000050	6825

313760105000239	313760105000058	5913

313760105000239	313760105000076	723

313760105000239	313760105000102	4272

313760105000239	313760105000122	3359

313760105000239	313760105000125	2642

313760105000239	313760105000132	2423

313760105000239	313760105000135	4039

313760105000239	313760105000139	5274

313760105000239	313760105000145	4096

313760105000239	313760105000146	4701

313760105000239	313760105000152	7773

313760105000239	313760105000168	1924

313760105000239	313760105000172	6257

313760105000239	313760105000186	5078

313760105000239	313760105000201	3528

313760105000239	313760105000226	4052

313760105000239	313760105000229	4256

313760105000239	313760105000230	6228

313760105000239	313760105000231	6485

313760105000239	313760105000235	3489

313760105000239	313760105000239	0

313760105000239	313760105000257	550

313760105000239	313760105000259	1934

313760105000239	313760105000264	4430

313760105000239	313760105000272	5908

313760105000239	313760105000273	6125

313760105000239	313760105000280	6096

313760105000239	313760114000002	6927

313760105000239	313760114000007	6438

313760105000239	313760114000008	6011

313760105000239	313760114000009	5129

313760105000239	313760114000010	8414

313760105000239	313760115000005	9357

313760105000239	313760115000006	11676

313760105000239	313760115000007	10023

313760105000239	313760115000015	6834

313760105000259	313760105000010	3268

313760105000259	313760105000013	3884

313760105000259	313760105000048	6950

313760105000259	313760105000050	6931

313760105000259	313760105000058	5456

313760105000259	313760105000076	2535

313760105000259	313760105000102	5497

313760105000259	313760105000122	2604

313760105000259	313760105000125	2507

313760105000259	313760105000132	1037

313760105000259	313760105000135	2123

313760105000259	313760105000139	3370

313760105000259	313760105000145	6026

313760105000259	313760105000146	5597

313760105000259	313760105000152	6110

313760105000259	313760105000168	948

313760105000259	313760105000172	4957

313760105000259	313760105000186	3180

313760105000259	313760105000201	4820

313760105000259	313760105000226	2257

313760105000259	313760105000229	2511

313760105000259	313760105000230	5887

313760105000259	313760105000231	6042

313760105000259	313760105000235	2973

313760105000259	313760105000239	1934

313760105000259	313760105000257	2480

313760105000259	313760105000259	0

313760105000259	313760105000264	4084

313760105000259	313760105000272	6567

313760105000259	313760105000273	6739

313760105000259	313760105000280	4956

313760105000259	313760114000002	8725

313760105000259	313760114000007	8347

313760105000259	313760114000008	7905

313760105000259	313760114000009	7045

313760105000259	313760114000010	10347

313760105000259	313760115000005	7499

313760105000259	313760115000006	9768

313760105000259	313760115000007	8333

313760105000259	313760115000015	4919

313760105000264	313760105000010	5307

313760105000264	313760105000013	6224

313760105000264	313760105000048	6507

313760105000264	313760105000050	10937

313760105000264	313760105000058	9539

313760105000264	313760105000076	5082

313760105000264	313760105000102	8686

313760105000264	313760105000122	6687

313760105000264	313760105000125	6485

313760105000264	313760105000132	5102

313760105000264	313760105000135	5029

313760105000264	313760105000139	4830

313760105000264	313760105000145	7292

313760105000264	313760105000146	3174

313760105000264	313760105000152	5242

313760105000264	313760105000168	4995

313760105000264	313760105000172	8703

313760105000264	313760105000186	4664

313760105000264	313760105000201	7938

313760105000264	313760105000226	3669

313760105000264	313760105000229	3526

313760105000264	313760105000230	9970

313760105000264	313760105000231	10124

313760105000264	313760105000235	7050

313760105000264	313760105000239	4430

313760105000264	313760105000257	4603

313760105000264	313760105000259	4084

313760105000264	313760105000264	0

313760105000264	313760105000272	10285

313760105000264	313760105000273	10490

313760105000264	313760105000280	2516

313760105000264	313760114000002	10618

313760105000264	313760114000007	9625

313760105000264	313760114000008	9346

313760105000264	313760114000009	8377

313760105000264	313760114000010	10793

313760105000264	313760115000005	9737

313760105000264	313760115000006	10082

313760105000264	313760115000007	7269

313760105000264	313760115000015	7026

;















param D0_1 := 

# I x L[1]: 257 x 40 = 10280 pairs

313760105000002	313760105000010	2491

313760105000002	313760105000013	3115

313760105000002	313760105000048	6275

313760105000002	313760105000050	6721

313760105000002	313760105000058	5463

313760105000002	313760105000076	1758

313760105000002	313760105000102	4878

313760105000002	313760105000122	2675

313760105000002	313760105000125	2278

313760105000002	313760105000132	1378

313760105000002	313760105000135	2872

313760105000002	313760105000139	4146

313760105000002	313760105000145	5250

313760105000002	313760105000146	5261

313760105000002	313760105000152	6810

313760105000002	313760105000168	971

313760105000002	313760105000172	5354

313760105000002	313760105000186	3955

313760105000002	313760105000201	4174

313760105000002	313760105000226	2992

313760105000002	313760105000229	3228

313760105000002	313760105000230	5849

313760105000002	313760105000231	6049

313760105000002	313760105000235	2945

313760105000002	313760105000239	1167

313760105000002	313760105000257	1717

313760105000002	313760105000259	778

313760105000002	313760105000264	4219

313760105000002	313760105000272	6146

313760105000002	313760105000273	6336

313760105000002	313760105000280	5441

313760105000002	313760114000002	7964

313760105000002	313760114000007	7568

313760105000002	313760114000008	7128

313760105000002	313760114000009	6267

313760105000002	313760114000010	9580

313760105000002	313760115000005	8208

313760105000002	313760115000006	10546

313760105000002	313760115000007	9046

313760105000002	313760115000015	5668

313760105000003	313760105000010	2945

313760105000003	313760105000013	3655

313760105000003	313760105000048	6440

313760105000003	313760105000050	7282

313760105000003	313760105000058	5914

313760105000003	313760105000076	2277

313760105000003	313760105000102	5521

313760105000003	313760105000122	3074

313760105000003	313760105000125	2829

313760105000003	313760105000132	1569

313760105000003	313760105000135	2609

313760105000003	313760105000139	3693

313760105000003	313760105000145	5674

313760105000003	313760105000146	5026

313760105000003	313760105000152	6216

313760105000003	313760105000168	1346

313760105000003	313760105000172	5526

313760105000003	313760105000186	3495

313760105000003	313760105000201	4812

313760105000003	313760105000226	2454

313760105000003	313760105000229	2664

313760105000003	313760105000230	6326

313760105000003	313760105000231	6501

313760105000003	313760105000235	3404

313760105000003	313760105000239	1598

313760105000003	313760105000257	2115

313760105000003	313760105000259	575

313760105000003	313760105000264	3662

313760105000003	313760105000272	6775

313760105000003	313760105000273	6961

313760105000003	313760105000280	4795

313760105000003	313760114000002	8508

313760105000003	313760114000007	8032

313760105000003	313760114000008	7609

313760105000003	313760114000009	6721

313760105000003	313760114000010	9948

313760105000003	313760115000005	8007

313760105000003	313760115000006	10090

313760105000003	313760115000007	8460

313760105000003	313760115000015	5385

313760105000004	313760105000010	2322

313760105000004	313760105000013	3014

313760105000004	313760105000048	5992

313760105000004	313760105000050	6957

313760105000004	313760105000058	5752

313760105000004	313760105000076	1638

313760105000004	313760105000102	4938

313760105000004	313760105000122	2983

313760105000004	313760105000125	2535

313760105000004	313760105000132	1694

313760105000004	313760105000135	3105

313760105000004	313760105000139	4300

313760105000004	313760105000145	5068

313760105000004	313760105000146	4945

313760105000004	313760105000152	6855

313760105000004	313760105000168	1290

313760105000004	313760105000172	5674

313760105000004	313760105000186	4105

313760105000004	313760105000201	4218

313760105000004	313760105000226	3089

313760105000004	313760105000229	3304

313760105000004	313760105000230	6129

313760105000004	313760105000231	6337

313760105000004	313760105000235	3237

313760105000004	313760105000239	973

313760105000004	313760105000257	1509

313760105000004	313760105000259	983

313760105000004	313760105000264	4005

313760105000004	313760105000272	6308

313760105000004	313760105000273	6505

313760105000004	313760105000280	5355

313760105000004	313760114000002	7869

313760105000004	313760114000007	7411

313760105000004	313760114000008	6982

313760105000004	313760114000009	6103

313760105000004	313760114000010	9371

313760105000004	313760115000005	8470

313760105000004	313760115000006	10702

313760105000004	313760115000007	9099

313760105000004	313760115000015	5902

313760105000005	313760105000010	1434

313760105000005	313760105000013	2055

313760105000005	313760105000048	5431

313760105000005	313760105000050	6513

313760105000005	313760105000058	5590

313760105000005	313760105000076	686

313760105000005	313760105000102	4071

313760105000005	313760105000122	3055

313760105000005	313760105000125	2321

313760105000005	313760105000132	2209

313760105000005	313760105000135	3910

313760105000005	313760105000139	5217

313760105000005	313760105000145	4194

313760105000005	313760105000146	5024

313760105000005	313760105000152	7819

313760105000005	313760105000168	1696

313760105000005	313760105000172	5977

313760105000005	313760105000186	5026

313760105000005	313760105000201	3334

313760105000005	313760105000226	4043

313760105000005	313760105000229	4265

313760105000005	313760105000230	5904

313760105000005	313760105000231	6162

313760105000005	313760105000235	3173

313760105000005	313760105000239	324

313760105000005	313760105000257	757

313760105000005	313760105000259	1849

313760105000005	313760105000264	4672

313760105000005	313760105000272	5634

313760105000005	313760105000273	5847

313760105000005	313760105000280	6246

313760105000005	313760114000002	6909

313760105000005	313760114000007	6498

313760105000005	313760114000008	6056

313760105000005	313760114000009	5199

313760105000005	313760114000010	8543

313760105000005	313760115000005	9179

313760105000005	313760115000006	11617

313760105000005	313760115000007	10064

313760105000005	313760115000015	6696

313760105000007	313760105000010	1565

313760105000007	313760105000013	2020

313760105000007	313760105000048	5697

313760105000007	313760105000050	6121

313760105000007	313760105000058	5206

313760105000007	313760105000076	777

313760105000007	313760105000102	3796

313760105000007	313760105000122	2724

313760105000007	313760105000125	1944

313760105000007	313760105000132	2048

313760105000007	313760105000135	3848

313760105000007	313760105000139	5239

313760105000007	313760105000145	4281

313760105000007	313760105000146	5416

313760105000007	313760105000152	7953

313760105000007	313760105000168	1526

313760105000007	313760105000172	5681

313760105000007	313760105000186	5053

313760105000007	313760105000201	3073

313760105000007	313760105000226	4130

313760105000007	313760105000229	4370

313760105000007	313760105000230	5514

313760105000007	313760105000231	5775

313760105000007	313760105000235	2812

313760105000007	313760105000239	716

313760105000007	313760105000257	1058

313760105000007	313760105000259	1883

313760105000007	313760105000264	5015

313760105000007	313760105000272	5275

313760105000007	313760105000273	5484

313760105000007	313760105000280	6497

313760105000007	313760114000002	6844

313760105000007	313760114000007	6529

313760105000007	313760114000008	6071

313760105000007	313760114000009	5247

313760105000007	313760114000010	8654

313760105000007	313760115000005	9030

313760105000007	313760115000006	11621

313760105000007	313760115000007	10190

313760105000007	313760115000015	6606

313760105000008	313760105000010	1283

313760105000008	313760105000013	1842

313760105000008	313760105000048	5376

313760105000008	313760105000050	6363

313760105000008	313760105000058	5508

313760105000008	313760105000076	502

313760105000008	313760105000102	3842

313760105000008	313760105000122	3050

313760105000008	313760105000125	2258

313760105000008	313760105000132	2325

313760105000008	313760105000135	4076

313760105000008	313760105000139	5415

313760105000008	313760105000145	4030

313760105000008	313760105000146	5135

313760105000008	313760105000152	8045

313760105000008	313760105000168	1804

313760105000008	313760105000172	6006

313760105000008	313760105000186	5225

313760105000008	313760105000201	3103

313760105000008	313760105000226	4258

313760105000008	313760105000229	4484

313760105000008	313760105000230	5806

313760105000008	313760105000231	6074

313760105000008	313760105000235	3133

313760105000008	313760105000239	473

313760105000008	313760105000257	732

313760105000008	313760105000259	2045

313760105000008	313760105000264	4886

313760105000008	313760105000272	5437

313760105000008	313760105000273	5653

313760105000008	313760105000280	6480

313760105000008	313760114000002	6694

313760105000008	313760114000007	6312

313760105000008	313760114000008	5865

313760105000008	313760114000009	5019

313760105000008	313760114000010	8392

313760105000008	313760115000005	9307

313760105000008	313760115000006	11811

313760105000008	313760115000007	10289

313760105000008	313760115000015	6852

313760105000009	313760105000010	684

313760105000009	313760105000013	1582

313760105000009	313760105000048	3975

313760105000009	313760105000050	7412

313760105000009	313760105000058	6799

313760105000009	313760105000076	1052

313760105000009	313760105000102	4219

313760105000009	313760105000122	4454

313760105000009	313760105000125	3616

313760105000009	313760105000132	3650

313760105000009	313760105000135	5244

313760105000009	313760105000139	6393

313760105000009	313760105000145	3010

313760105000009	313760105000146	4088

313760105000009	313760105000152	8676

313760105000009	313760105000168	3144

313760105000009	313760105000172	7414

313760105000009	313760105000186	6193

313760105000009	313760105000201	3486

313760105000009	313760105000226	5108

313760105000009	313760105000229	5278

313760105000009	313760105000230	7054

313760105000009	313760105000231	7348

313760105000009	313760105000235	4509

313760105000009	313760105000239	1230

313760105000009	313760105000257	699

313760105000009	313760105000259	3123

313760105000009	313760105000264	4677

313760105000009	313760105000272	6195

313760105000009	313760105000273	6433

313760105000009	313760105000280	6706

313760105000009	313760114000002	6093

313760105000009	313760114000007	5404

313760105000009	313760114000008	5017

313760105000009	313760114000009	4088

313760105000009	313760114000010	7243

313760105000009	313760115000005	10584

313760105000009	313760115000006	12777

313760105000009	313760115000007	10923

313760105000009	313760115000015	8041

313760105000010	313760105000010	0

313760105000010	313760105000013	918

313760105000010	313760105000048	4231

313760105000010	313760105000050	6811

313760105000010	313760105000058	6328

313760105000010	313760105000076	789

313760105000010	313760105000102	3536

313760105000010	313760105000122	4168

313760105000010	313760105000125	3253

313760105000010	313760105000132	3606

313760105000010	313760105000135	5344

313760105000010	313760105000139	6621

313760105000010	313760105000145	2761

313760105000010	313760105000146	4746

313760105000010	313760105000152	9080

313760105000010	313760105000168	3085

313760105000010	313760105000172	7166

313760105000010	313760105000186	6426

313760105000010	313760105000201	2803

313760105000010	313760105000226	5397

313760105000010	313760105000229	5595

313760105000010	313760105000230	6549

313760105000010	313760105000231	6860

313760105000010	313760105000235	4156

313760105000010	313760105000239	1349

313760105000010	313760105000257	848

313760105000010	313760105000259	3268

313760105000010	313760105000264	5307

313760105000010	313760105000272	5533

313760105000010	313760105000273	5772

313760105000010	313760105000280	7244

313760105000010	313760114000002	5622

313760105000010	313760114000007	5089

313760105000010	313760114000008	4664

313760105000010	313760114000009	3782

313760105000010	313760114000010	7111

313760105000010	313760115000005	10589

313760105000010	313760115000006	13023

313760105000010	313760115000007	11331

313760105000010	313760115000015	8128

313760105000011	313760105000010	776

313760105000011	313760105000013	607

313760105000011	313760105000048	4844

313760105000011	313760105000050	6041

313760105000011	313760105000058	5640

313760105000011	313760105000076	858

313760105000011	313760105000102	2833

313760105000011	313760105000122	3680

313760105000011	313760105000125	2708

313760105000011	313760105000132	3407

313760105000011	313760105000135	5257

313760105000011	313760105000139	6661

313760105000011	313760105000145	2968

313760105000011	313760105000146	5515

313760105000011	313760105000152	9316

313760105000011	313760105000168	2893

313760105000011	313760105000172	6678

313760105000011	313760105000186	6474

313760105000011	313760105000201	2087

313760105000011	313760105000226	5528

313760105000011	313760105000229	5757

313760105000011	313760105000230	5835

313760105000011	313760105000231	6158

313760105000011	313760105000235	3598

313760105000011	313760105000239	1581

313760105000011	313760105000257	1284

313760105000011	313760105000259	3298

313760105000011	313760105000264	5888

313760105000011	313760105000272	4764

313760105000011	313760105000273	5002

313760105000011	313760105000280	7671

313760105000011	313760114000002	5427

313760105000011	313760114000007	5131

313760105000011	313760114000008	4662

313760105000011	313760114000009	3868

313760105000011	313760114000010	7341

313760105000011	313760115000005	10344

313760105000011	313760115000006	13044

313760105000011	313760115000007	11561

313760105000011	313760115000015	7991

313760105000012	313760105000010	473

313760105000012	313760105000013	450

313760105000012	313760105000048	4366

313760105000012	313760105000050	6471

313760105000012	313760105000058	6116

313760105000012	313760105000076	1000

313760105000012	313760105000102	3078

313760105000012	313760105000122	4131

313760105000012	313760105000125	3170

313760105000012	313760105000132	3753

313760105000012	313760105000135	5560

313760105000012	313760105000139	6904

313760105000012	313760105000145	2576

313760105000012	313760105000146	5169

313760105000012	313760105000152	9452

313760105000012	313760105000168	3233

313760105000012	313760105000172	7133

313760105000012	313760105000186	6712

313760105000012	313760105000201	2353

313760105000012	313760105000226	5719

313760105000012	313760105000229	5931

313760105000012	313760105000230	6305

313760105000012	313760105000231	6631

313760105000012	313760105000235	4065

313760105000012	313760105000239	1680

313760105000012	313760105000257	1248

313760105000012	313760105000259	3534

313760105000012	313760105000264	5774

313760105000012	313760105000272	5121

313760105000012	313760105000273	5363

313760105000012	313760105000280	7679

313760105000012	313760114000002	5247

313760105000012	313760114000007	4821

313760105000012	313760114000008	4372

313760105000012	313760114000009	3532

313760105000012	313760114000010	6954

313760105000012	313760115000005	10722

313760105000012	313760115000006	13302

313760105000012	313760115000007	11702

313760105000012	313760115000015	8321

313760105000013	313760105000010	918

313760105000013	313760105000013	0

313760105000013	313760105000048	4454

313760105000013	313760105000050	6235

313760105000013	313760105000058	6026

313760105000013	313760105000076	1378

313760105000013	313760105000102	2682

313760105000013	313760105000122	4232

313760105000013	313760105000125	3242

313760105000013	313760105000132	4014

313760105000013	313760105000135	5862

313760105000013	313760105000139	7251

313760105000013	313760105000145	2387

313760105000013	313760105000146	5539

313760105000013	313760105000152	9857

313760105000013	313760105000168	3501

313760105000013	313760105000172	7217

313760105000013	313760105000186	7063

313760105000013	313760105000201	1978

313760105000013	313760105000226	6097

313760105000013	313760105000229	6318

313760105000013	313760105000230	6181

313760105000013	313760105000231	6521

313760105000013	313760105000235	4116

313760105000013	313760105000239	2087

313760105000013	313760105000257	1687

313760105000013	313760105000259	3884

313760105000013	313760105000264	6224

313760105000013	313760105000272	4794

313760105000013	313760105000273	5040

313760105000013	313760105000280	8121

313760105000013	313760114000002	4855

313760105000013	313760114000007	4523

313760105000013	313760114000008	4056

313760105000013	313760114000009	3263

313760105000013	313760114000010	6749

313760105000013	313760115000005	10945

313760105000013	313760115000006	13640

313760105000013	313760115000007	12106

313760105000013	313760115000015	8598

313760105000015	313760105000010	1813

313760105000015	313760105000013	1827

313760105000015	313760105000048	6038

313760105000015	313760105000050	5282

313760105000015	313760105000058	4549

313760105000015	313760105000076	1208

313760105000015	313760105000102	2986

313760105000015	313760105000122	2418

313760105000015	313760105000125	1455

313760105000015	313760105000132	2327

313760105000015	313760105000135	4234

313760105000015	313760105000139	5753

313760105000015	313760105000145	4214

313760105000015	313760105000146	6191

313760105000015	313760105000152	8631

313760105000015	313760105000168	1858

313760105000015	313760105000172	5418

313760105000015	313760105000186	5581

313760105000015	313760105000201	2296

313760105000015	313760105000226	4768

313760105000015	313760105000229	5032

313760105000015	313760105000230	4806

313760105000015	313760105000231	5097

313760105000015	313760105000235	2355

313760105000015	313760105000239	1558

313760105000015	313760105000257	1705

313760105000015	313760105000259	2524

313760105000015	313760105000264	5910

313760105000015	313760105000272	4378

313760105000015	313760105000273	4589

313760105000015	313760105000280	7329

313760105000015	313760114000002	6390

313760105000015	313760114000007	6286

313760105000015	313760114000008	5797

313760105000015	313760114000009	5062

313760105000015	313760114000010	8572

313760105000015	313760115000005	9149

313760105000015	313760115000006	12061

313760105000015	313760115000007	10846

313760105000015	313760115000015	6883

313760105000016	313760105000010	2247

313760105000016	313760105000013	1341

313760105000016	313760105000048	4826

313760105000016	313760105000050	5827

313760105000016	313760105000058	6099

313760105000016	313760105000076	2672

313760105000016	313760105000102	1799

313760105000016	313760105000122	4897

313760105000016	313760105000125	3897

313760105000016	313760105000132	5042

313760105000016	313760105000135	6942

313760105000016	313760105000139	8418

313760105000016	313760105000145	2161

313760105000016	313760105000146	6626

313760105000016	313760105000152	11135

313760105000016	313760105000168	4558

313760105000016	313760105000172	7752

313760105000016	313760105000186	8237

313760105000016	313760105000201	1358

313760105000016	313760105000226	7329

313760105000016	313760105000229	7566

313760105000016	313760105000230	6141

313760105000016	313760105000231	6515

313760105000016	313760105000235	4662

313760105000016	313760105000239	3394

313760105000016	313760105000257	3025

313760105000016	313760105000259	5082

313760105000016	313760105000264	7551

313760105000016	313760105000272	4095

313760105000016	313760105000273	4345

313760105000016	313760105000280	9459

313760105000016	313760114000002	3675

313760105000016	313760114000007	3689

313760105000016	313760114000008	3176

313760105000016	313760114000009	2615

313760105000016	313760114000010	6153

313760105000016	313760115000005	11800

313760105000016	313760115000006	14765

313760105000016	313760115000007	13378

313760105000016	313760115000015	9598

313760105000020	313760105000010	3073

313760105000020	313760105000013	2860

313760105000020	313760105000048	7252

313760105000020	313760105000050	4061

313760105000020	313760105000058	3256

313760105000020	313760105000076	2512

313760105000020	313760105000102	2794

313760105000020	313760105000122	1640

313760105000020	313760105000125	744

313760105000020	313760105000132	2440

313760105000020	313760105000135	4230

313760105000020	313760105000139	5870

313760105000020	313760105000145	5176

313760105000020	313760105000146	7471

313760105000020	313760105000152	8972

313760105000020	313760105000168	2180

313760105000020	313760105000172	4450

313760105000020	313760105000186	5727

313760105000020	313760105000201	2335

313760105000020	313760105000226	5141

313760105000020	313760105000229	5435

313760105000020	313760105000230	3502

313760105000020	313760105000231	3797

313760105000020	313760105000235	1354

313760105000020	313760105000239	2784

313760105000020	313760105000257	3002

313760105000020	313760105000259	3094

313760105000020	313760105000264	6929

313760105000020	313760105000272	3473

313760105000020	313760105000273	3646

313760105000020	313760105000280	8050

313760105000020	313760114000002	6805

313760105000020	313760114000007	6998

313760105000020	313760114000008	6485

313760105000020	313760114000009	5878

313760105000020	313760114000010	9429

313760105000020	313760115000005	8577

313760105000020	313760115000006	11928

313760105000020	313760115000007	11117

313760105000020	313760115000015	6585

313760105000021	313760105000010	3247

313760105000021	313760105000013	3114

313760105000021	313760105000048	7458

313760105000021	313760105000050	4120

313760105000021	313760105000058	3125

313760105000021	313760105000076	2629

313760105000021	313760105000102	3134

313760105000021	313760105000122	1295

313760105000021	313760105000125	435

313760105000021	313760105000132	2172

313760105000021	313760105000135	3918

313760105000021	313760105000139	5565

313760105000021	313760105000145	5458

313760105000021	313760105000146	7515

313760105000021	313760105000152	8691

313760105000021	313760105000168	1965

313760105000021	313760105000172	4143

313760105000021	313760105000186	5426

313760105000021	313760105000201	2681

313760105000021	313760105000226	4879

313760105000021	313760105000229	5178

313760105000021	313760105000230	3416

313760105000021	313760105000231	3686

313760105000021	313760105000235	1032

313760105000021	313760105000239	2814

313760105000021	313760105000257	3089

313760105000021	313760105000259	2901

313760105000021	313760105000264	6823

313760105000021	313760105000272	3693

313760105000021	313760105000273	3852

313760105000021	313760105000280	7849

313760105000021	313760114000002	7149

313760105000021	313760114000007	7321

313760105000021	313760114000008	6810

313760105000021	313760114000009	6187

313760105000021	313760114000010	9736

313760105000021	313760115000005	8233

313760105000021	313760115000006	11592

313760105000021	313760115000007	10823

313760105000021	313760115000015	6242

313760105000022	313760105000010	3510

313760105000022	313760105000013	3297

313760105000022	313760105000048	7694

313760105000022	313760105000050	3755

313760105000022	313760105000058	2825

313760105000022	313760105000076	2930

313760105000022	313760105000102	3007

313760105000022	313760105000122	1396

313760105000022	313760105000125	750

313760105000022	313760105000132	2481

313760105000022	313760105000135	4163

313760105000022	313760105000139	5818

313760105000022	313760105000145	5600

313760105000022	313760105000146	7855

313760105000022	313760105000152	8973

313760105000022	313760105000168	2309

313760105000022	313760105000172	4062

313760105000022	313760105000186	5686

313760105000022	313760105000201	2632

313760105000022	313760105000226	5185

313760105000022	313760105000229	5486

313760105000022	313760105000230	3089

313760105000022	313760105000231	3373

313760105000022	313760105000235	1023

313760105000022	313760105000239	3156

313760105000022	313760105000257	3407

313760105000022	313760105000259	3251

313760105000022	313760105000264	7188

313760105000022	313760105000272	3376

313760105000022	313760105000273	3526

313760105000022	313760105000280	8191

313760105000022	313760114000002	7120

313760105000022	313760114000007	7376

313760105000022	313760114000008	6860

313760105000022	313760114000009	6279

313760105000022	313760114000010	9829

313760105000022	313760115000005	8285

313760105000022	313760115000006	11762

313760105000022	313760115000007	11086

313760105000022	313760115000015	6389

313760105000024	313760105000010	6055

313760105000024	313760105000013	5624

313760105000024	313760105000048	10072

313760105000024	313760105000050	1353

313760105000024	313760105000058	978

313760105000024	313760105000076	5571

313760105000024	313760105000102	4013

313760105000024	313760105000122	3186

313760105000024	313760105000125	3316

313760105000024	313760105000132	4764

313760105000024	313760105000135	5920

313760105000024	313760105000139	7499

313760105000024	313760105000145	7644

313760105000024	313760105000146	10544

313760105000024	313760105000152	10751

313760105000024	313760105000168	4784

313760105000024	313760105000172	3733

313760105000024	313760105000186	7424

313760105000024	313760105000201	4155

313760105000024	313760105000226	7261

313760105000024	313760105000229	7569

313760105000024	313760105000230	698

313760105000024	313760105000231	1091

313760105000024	313760105000235	2758

313760105000024	313760105000239	5850

313760105000024	313760105000257	6073

313760105000024	313760105000259	5717

313760105000024	313760105000264	9774

313760105000024	313760105000272	2524

313760105000024	313760105000273	2462

313760105000024	313760105000280	10482

313760105000024	313760114000002	8177

313760105000024	313760114000007	8912

313760105000024	313760114000008	8394

313760105000024	313760114000009	8059

313760105000024	313760114000010	11495

313760105000024	313760115000005	8402

313760105000024	313760115000006	12615

313760105000024	313760115000007	12673

313760105000024	313760115000015	7304

313760105000026	313760105000010	3827

313760105000026	313760105000013	3656

313760105000026	313760105000048	8031

313760105000026	313760105000050	3677

313760105000026	313760105000058	2546

313760105000026	313760105000076	3212

313760105000026	313760105000102	3338

313760105000026	313760105000122	1118

313760105000026	313760105000125	788

313760105000026	313760105000132	2403

313760105000026	313760105000135	3974

313760105000026	313760105000139	5631

313760105000026	313760105000145	5972

313760105000026	313760105000146	8075

313760105000026	313760105000152	8820

313760105000026	313760105000168	2311

313760105000026	313760105000172	3684

313760105000026	313760105000186	5509

313760105000026	313760105000201	2994

313760105000026	313760105000226	5078

313760105000026	313760105000229	5383

313760105000026	313760105000230	2853

313760105000026	313760105000231	3111

313760105000026	313760105000235	690

313760105000026	313760105000239	3377

313760105000026	313760105000257	3669

313760105000026	313760105000259	3259

313760105000026	313760105000264	7268

313760105000026	313760105000272	3508

313760105000026	313760105000273	3637

313760105000026	313760105000280	8156

313760105000026	313760114000002	7484

313760105000026	313760114000007	7754

313760105000026	313760114000008	7237

313760105000026	313760114000009	6657

313760105000026	313760114000010	10207

313760105000026	313760115000005	7939

313760105000026	313760115000006	11485

313760105000026	313760115000007	10906

313760105000026	313760115000015	6098

313760105000027	313760105000010	4674

313760105000027	313760105000013	4690

313760105000027	313760105000048	8902

313760105000027	313760105000050	4186

313760105000027	313760105000058	2405

313760105000027	313760105000076	3954

313760105000027	313760105000102	4609

313760105000027	313760105000122	540

313760105000027	313760105000125	1449

313760105000027	313760105000132	2054

313760105000027	313760105000135	3082

313760105000027	313760105000139	4699

313760105000027	313760105000145	7062

313760105000027	313760105000146	8454

313760105000027	313760105000152	7945

313760105000027	313760105000168	2252

313760105000027	313760105000172	2528

313760105000027	313760105000186	4607

313760105000027	313760105000201	4257

313760105000027	313760105000226	4408

313760105000027	313760105000229	4714

313760105000027	313760105000230	2873

313760105000027	313760105000231	2982

313760105000027	313760105000235	610

313760105000027	313760105000239	3897

313760105000027	313760105000257	4313

313760105000027	313760105000259	3083

313760105000027	313760105000264	7155

313760105000027	313760105000272	4526

313760105000027	313760105000273	4610

313760105000027	313760105000280	7649

313760105000027	313760114000002	8746

313760105000027	313760114000007	8957

313760105000027	313760114000008	8446

313760105000027	313760114000009	7819

313760105000027	313760114000010	11365

313760105000027	313760115000005	6666

313760105000027	313760115000006	10296

313760105000027	313760115000007	9941

313760105000027	313760115000015	4897

313760105000028	313760105000010	3866

313760105000028	313760105000013	3955

313760105000028	313760105000048	8082

313760105000028	313760105000050	4628

313760105000028	313760105000058	3101

313760105000028	313760105000076	3127

313760105000028	313760105000102	4261

313760105000028	313760105000122	312

313760105000028	313760105000125	773

313760105000028	313760105000132	1396

313760105000028	313760105000135	2878

313760105000028	313760105000139	4535

313760105000028	313760105000145	6341

313760105000028	313760105000146	7619

313760105000028	313760105000152	7723

313760105000028	313760105000168	1468

313760105000028	313760105000172	3301

313760105000028	313760105000186	4411

313760105000028	313760105000201	3799

313760105000028	313760105000226	4004

313760105000028	313760105000229	4311

313760105000028	313760105000230	3522

313760105000028	313760105000231	3689

313760105000028	313760105000235	611

313760105000028	313760105000239	3048

313760105000028	313760105000257	3470

313760105000028	313760105000259	2367

313760105000028	313760105000264	6448

313760105000028	313760105000272	4606

313760105000028	313760105000273	4732

313760105000028	313760105000280	7143

313760105000028	313760114000002	8243

313760105000028	313760114000007	8331

313760105000028	313760114000008	7828

313760105000028	313760114000009	7150

313760105000028	313760114000010	10682

313760105000028	313760115000005	7143

313760105000028	313760115000006	10471

313760105000028	313760115000007	9809

313760105000028	313760115000015	5115

313760105000029	313760105000010	3206

313760105000029	313760105000013	3452

313760105000029	313760105000048	7368

313760105000029	313760105000050	5326

313760105000029	313760105000058	3937

313760105000029	313760105000076	2432

313760105000029	313760105000102	4298

313760105000029	313760105000122	1153

313760105000029	313760105000125	930

313760105000029	313760105000132	829

313760105000029	313760105000135	2684

313760105000029	313760105000139	4293

313760105000029	313760105000145	5822

313760105000029	313760105000146	6765

313760105000029	313760105000152	7362

313760105000029	313760105000168	660

313760105000029	313760105000172	4019

313760105000029	313760105000186	4141

313760105000029	313760105000201	3721

313760105000029	313760105000226	3531

313760105000029	313760105000229	3827

313760105000029	313760105000230	4337

313760105000029	313760105000231	4524

313760105000029	313760105000235	1419

313760105000029	313760105000239	2245

313760105000029	313760105000257	2708

313760105000029	313760105000259	1605

313760105000029	313760105000264	5650

313760105000029	313760105000272	5046

313760105000029	313760105000273	5203

313760105000029	313760105000280	6515

313760105000029	313760114000002	8017

313760105000029	313760114000007	7941

313760105000029	313760114000008	7454

313760105000029	313760114000009	6708

313760105000029	313760114000010	10197

313760105000029	313760115000005	7497

313760105000029	313760115000006	10481

313760105000029	313760115000007	9517

313760105000029	313760115000015	5241

313760105000030	313760105000010	2806

313760105000030	313760105000013	3357

313760105000030	313760105000048	6673

313760105000030	313760105000050	6498

313760105000030	313760105000058	5148

313760105000030	313760105000076	2042

313760105000030	313760105000102	4918

313760105000030	313760105000122	2327

313760105000030	313760105000125	2045

313760105000030	313760105000132	967

313760105000030	313760105000135	2539

313760105000030	313760105000139	3900

313760105000030	313760105000145	5564

313760105000030	313760105000146	5646

313760105000030	313760105000152	6689

313760105000030	313760105000168	593

313760105000030	313760105000172	4948

313760105000030	313760105000186	3716

313760105000030	313760105000201	4240

313760105000030	313760105000226	2831

313760105000030	313760105000229	3090

313760105000030	313760105000230	5552

313760105000030	313760105000231	5735

313760105000030	313760105000235	2632

313760105000030	313760105000239	1525

313760105000030	313760105000257	2073

313760105000030	313760105000259	580

313760105000030	313760105000264	4448

313760105000030	313760105000272	6038

313760105000030	313760105000273	6217

313760105000030	313760105000280	5492

313760105000030	313760114000002	8180

313760105000030	313760114000007	7852

313760105000030	313760114000008	7401

313760105000030	313760114000009	6560

313760105000030	313760114000010	9914

313760105000030	313760115000005	7832

313760105000030	313760115000006	10283

313760105000030	313760115000007	8909

313760105000030	313760115000015	5325

313760105000036	313760105000010	3728

313760105000036	313760105000013	4132

313760105000036	313760105000048	7724

313760105000036	313760105000050	6024

313760105000036	313760105000058	4413

313760105000036	313760105000076	2940

313760105000036	313760105000102	5193

313760105000036	313760105000122	1579

313760105000036	313760105000125	1792

313760105000036	313760105000132	122

313760105000036	313760105000135	1808

313760105000036	313760105000139	3395

313760105000036	313760105000145	6447

313760105000036	313760105000146	6664

313760105000036	313760105000152	6468

313760105000036	313760105000168	644

313760105000036	313760105000172	3895

313760105000036	313760105000186	3241

313760105000036	313760105000201	4600

313760105000036	313760105000226	2659

313760105000036	313760105000229	2961

313760105000036	313760105000230	4865

313760105000036	313760105000231	4994

313760105000036	313760105000235	2003

313760105000036	313760105000239	2544

313760105000036	313760105000257	3076

313760105000036	313760105000259	1102

313760105000036	313760105000264	5143

313760105000036	313760105000272	5901

313760105000036	313760105000273	6047

313760105000036	313760105000280	5748

313760105000036	313760114000002	8826

313760105000036	313760114000007	8655

313760105000036	313760114000008	8181

313760105000036	313760114000009	7391

313760105000036	313760114000010	10822

313760105000036	313760115000005	6861

313760105000036	313760115000006	9630

313760105000036	313760115000007	8617

313760105000036	313760115000015	4468

313760105000037	313760105000010	3975

313760105000037	313760105000013	4394

313760105000037	313760105000048	7937

313760105000037	313760105000050	6151

313760105000037	313760105000058	4471

313760105000037	313760105000076	3188

313760105000037	313760105000102	5443

313760105000037	313760105000122	1680

313760105000037	313760105000125	2008

313760105000037	313760105000132	380

313760105000037	313760105000135	1546

313760105000037	313760105000139	3148

313760105000037	313760105000145	6702

313760105000037	313760105000146	6774

313760105000037	313760105000152	6249

313760105000037	313760105000168	897

313760105000037	313760105000172	3779

313760105000037	313760105000186	2998

313760105000037	313760105000201	4858

313760105000037	313760105000226	2472

313760105000037	313760105000229	2777

313760105000037	313760105000230	4937

313760105000037	313760105000231	5046

313760105000037	313760105000235	2129

313760105000037	313760105000239	2766

313760105000037	313760105000257	3305

313760105000037	313760105000259	1178

313760105000037	313760105000264	5131

313760105000037	313760105000272	6098

313760105000037	313760105000273	6237

313760105000037	313760105000280	5619

313760105000037	313760114000002	9091

313760105000037	313760114000007	8917

313760105000037	313760114000008	8444

313760105000037	313760114000009	7651

313760105000037	313760114000010	11075

313760105000037	313760115000005	6615

313760105000037	313760115000006	9366

313760105000037	313760115000007	8385

313760105000037	313760115000015	4205

313760105000039	313760105000010	5851

313760105000039	313760105000013	6411

313760105000039	313760105000048	9425

313760105000039	313760105000050	7832

313760105000039	313760105000058	5852

313760105000039	313760105000076	5100

313760105000039	313760105000102	7599

313760105000039	313760105000122	3513

313760105000039	313760105000125	4116

313760105000039	313760105000132	2513

313760105000039	313760105000135	627

313760105000039	313760105000139	1038

313760105000039	313760105000145	8612

313760105000039	313760105000146	7459

313760105000039	313760105000152	4277

313760105000039	313760105000168	2968

313760105000039	313760105000172	4068

313760105000039	313760105000186	940

313760105000039	313760105000201	7016

313760105000039	313760105000226	1305

313760105000039	313760105000229	1510

313760105000039	313760105000230	6368

313760105000039	313760105000231	6361

313760105000039	313760105000235	3991

313760105000039	313760105000239	4523

313760105000039	313760105000257	5069

313760105000039	313760105000259	2589

313760105000039	313760105000264	4966

313760105000039	313760105000272	8096

313760105000039	313760105000273	8209

313760105000039	313760105000280	4431

313760105000039	313760114000002	11196

313760105000039	313760114000007	10913

313760105000039	313760114000008	10461

313760105000039	313760114000009	9619

313760105000039	313760114000010	12935

313760105000039	313760115000005	5089

313760105000039	313760115000006	7243

313760105000039	313760115000007	6311

313760105000039	313760115000015	2392

313760105000040	313760105000010	6148

313760105000040	313760105000013	6699

313760105000040	313760105000048	9728

313760105000040	313760105000050	7939

313760105000040	313760105000058	5921

313760105000040	313760105000076	5394

313760105000040	313760105000102	7836

313760105000040	313760105000122	3685

313760105000040	313760105000125	4335

313760105000040	313760105000132	2772

313760105000040	313760105000135	863

313760105000040	313760105000139	916

313760105000040	313760105000145	8909

313760105000040	313760105000146	7732

313760105000040	313760105000152	4163

313760105000040	313760105000168	3240

313760105000040	313760105000172	4008

313760105000040	313760105000186	877

313760105000040	313760105000201	7265

313760105000040	313760105000226	1516

313760105000040	313760105000229	1684

313760105000040	313760105000230	6440

313760105000040	313760105000231	6415

313760105000040	313760105000235	4160

313760105000040	313760105000239	4823

313760105000040	313760105000257	5370

313760105000040	313760105000259	2890

313760105000040	313760105000264	5185

313760105000040	313760105000272	8270

313760105000040	313760105000273	8376

313760105000040	313760105000280	4516

313760105000040	313760114000002	11473

313760105000040	313760114000007	11205

313760105000040	313760114000008	10750

313760105000040	313760114000009	9913

313760105000040	313760114000010	13236

313760105000040	313760115000005	4798

313760105000040	313760115000006	6968

313760105000040	313760115000007	6144

313760105000040	313760115000015	2091

313760105000043	313760105000010	6540

313760105000043	313760105000013	7204

313760105000043	313760105000048	9750

313760105000043	313760105000050	9057

313760105000043	313760105000058	7075

313760105000043	313760105000076	5842

313760105000043	313760105000102	8643

313760105000043	313760105000122	4704

313760105000043	313760105000125	5231

313760105000043	313760105000132	3540

313760105000043	313760105000135	1809

313760105000043	313760105000139	354

313760105000043	313760105000145	9269

313760105000043	313760105000146	7343

313760105000043	313760105000152	3064

313760105000043	313760105000168	3927

313760105000043	313760105000172	5167

313760105000043	313760105000186	301

313760105000043	313760105000201	8022

313760105000043	313760105000226	1187

313760105000043	313760105000229	1111

313760105000043	313760105000230	7592

313760105000043	313760105000231	7579

313760105000043	313760105000235	5184

313760105000043	313760105000239	5192

313760105000043	313760105000257	5713

313760105000043	313760105000259	3323

313760105000043	313760105000264	4506

313760105000043	313760105000272	9273

313760105000043	313760105000273	9395

313760105000043	313760105000280	3436

313760105000043	313760114000002	12047

313760105000043	313760114000007	11629

313760105000043	313760114000008	11202

313760105000043	313760114000009	10318

313760105000043	313760114000010	13505

313760105000043	313760115000005	5231

313760105000043	313760115000006	6498

313760105000043	313760115000007	5158

313760105000043	313760115000015	2527

313760105000045	313760105000010	5992

313760105000045	313760105000013	6629

313760105000045	313760105000048	9334

313760105000045	313760105000050	8484

313760105000045	313760105000058	6536

313760105000045	313760105000076	5277

313760105000045	313760105000102	8025

313760105000045	313760105000122	4101

313760105000045	313760105000125	4610

313760105000045	313760105000132	2920

313760105000045	313760105000135	1223

313760105000045	313760105000139	630

313760105000045	313760105000145	8735

313760105000045	313760105000146	7114

313760105000045	313760105000152	3670

313760105000045	313760105000168	3313

313760105000045	313760105000172	4772

313760105000045	313760105000186	435

313760105000045	313760105000201	7407

313760105000045	313760105000226	824

313760105000045	313760105000229	918

313760105000045	313760105000230	7049

313760105000045	313760105000231	7054

313760105000045	313760105000235	4580

313760105000045	313760105000239	4644

313760105000045	313760105000257	5174

313760105000045	313760105000259	2746

313760105000045	313760105000264	4444

313760105000045	313760105000272	8660

313760105000045	313760105000273	8785

313760105000045	313760105000280	3732

313760105000045	313760114000002	11463

313760105000045	313760114000007	11080

313760105000045	313760114000008	10646

313760105000045	313760114000009	9773

313760105000045	313760114000010	13004

313760105000045	313760115000005	5387

313760105000045	313760115000006	7032

313760105000045	313760115000007	5779

313760105000045	313760115000015	2645

313760105000048	313760105000010	4231

313760105000048	313760105000013	4454

313760105000048	313760105000048	0

313760105000048	313760105000050	10591

313760105000048	313760105000058	10471

313760105000048	313760105000076	4956

313760105000048	313760105000102	6623

313760105000048	313760105000122	8388

313760105000048	313760105000125	7484

313760105000048	313760105000132	7605

313760105000048	313760105000135	9049

313760105000048	313760105000139	9939

313760105000048	313760105000145	2818

313760105000048	313760105000146	3750

313760105000048	313760105000152	11558

313760105000048	313760105000168	7109

313760105000048	313760105000172	11374

313760105000048	313760105000186	9735

313760105000048	313760105000201	6122

313760105000048	313760105000226	8570

313760105000048	313760105000229	8655

313760105000048	313760105000230	10635

313760105000048	313760105000231	10973

313760105000048	313760105000235	8387

313760105000048	313760105000239	5185

313760105000048	313760105000257	4673

313760105000048	313760105000259	6950

313760105000048	313760105000264	6507

313760105000048	313760105000272	8921

313760105000048	313760105000273	9172

313760105000048	313760105000280	9008

313760105000048	313760114000002	5587

313760105000048	313760114000007	4039

313760105000048	313760114000008	4050

313760105000048	313760114000009	3312

313760105000048	313760114000010	4364

313760105000048	313760115000005	14446

313760105000048	313760115000006	16127

313760105000048	313760115000007	13704

313760105000048	313760115000015	11813

313760105000050	313760105000010	6811

313760105000050	313760105000013	6235

313760105000050	313760105000048	10591

313760105000050	313760105000050	0

313760105000050	313760105000058	2190

313760105000050	313760105000076	6443

313760105000050	313760105000102	4116

313760105000050	313760105000122	4475

313760105000050	313760105000125	4454

313760105000050	313760105000132	6020

313760105000050	313760105000135	7261

313760105000050	313760105000139	8850

313760105000050	313760105000145	7984

313760105000050	313760105000146	11459

313760105000050	313760105000152	12101

313760105000050	313760105000168	5985

313760105000050	313760105000172	4953

313760105000050	313760105000186	8772

313760105000050	313760105000201	4483

313760105000050	313760105000226	8578

313760105000050	313760105000229	8886

313760105000050	313760105000230	1707

313760105000050	313760105000231	1971

313760105000050	313760105000235	4024

313760105000050	313760105000239	6825

313760105000050	313760105000257	6968

313760105000050	313760105000259	6931

313760105000050	313760105000264	10937

313760105000050	313760105000272	2017

313760105000050	313760105000273	1835

313760105000050	313760105000280	11769

313760105000050	313760114000002	7944

313760105000050	313760114000007	8908

313760105000050	313760114000008	8407

313760105000050	313760114000009	8224

313760105000050	313760114000010	11503

313760105000050	313760115000005	9581

313760105000050	313760115000006	13901

313760105000050	313760115000007	14025

313760105000050	313760115000015	8627

313760105000058	313760105000010	6328

313760105000058	313760105000013	6026

313760105000058	313760105000048	10471

313760105000058	313760105000050	2190

313760105000058	313760105000058	0

313760105000058	313760105000076	5750

313760105000058	313760105000102	4764

313760105000058	313760105000122	2852

313760105000058	313760105000125	3277

313760105000058	313760105000132	4444

313760105000058	313760105000135	5326

313760105000058	313760105000139	6836

313760105000058	313760105000145	8189

313760105000058	313760105000146	10603

313760105000058	313760105000152	10073

313760105000058	313760105000168	4569

313760105000058	313760105000172	2778

313760105000058	313760105000186	6780

313760105000058	313760105000201	4790

313760105000058	313760105000226	6749

313760105000058	313760105000229	7052

313760105000058	313760105000230	523

313760105000058	313760105000231	587

313760105000058	313760105000235	2519

313760105000058	313760105000239	5913

313760105000058	313760105000257	6214

313760105000058	313760105000259	5456

313760105000058	313760105000264	9539

313760105000058	313760105000272	3486

313760105000058	313760105000273	3436

313760105000058	313760105000280	10022

313760105000058	313760114000002	8997

313760105000058	313760114000007	9630

313760105000058	313760114000008	9108

313760105000058	313760114000009	8699

313760105000058	313760114000010	12191

313760105000058	313760115000005	7438

313760105000058	313760115000006	11711

313760105000058	313760115000007	11923

313760105000058	313760115000015	6452

313760105000064	313760105000010	7001

313760105000064	313760105000013	7690

313760105000064	313760105000048	10074

313760105000064	313760105000050	9606

313760105000064	313760105000058	7607

313760105000064	313760105000076	6321

313760105000064	313760105000102	9188

313760105000064	313760105000122	5264

313760105000064	313760105000125	5788

313760105000064	313760105000132	4090

313760105000064	313760105000135	2367

313760105000064	313760105000139	777

313760105000064	313760105000145	9710

313760105000064	313760105000146	7502

313760105000064	313760105000152	2506

313760105000064	313760105000168	4465

313760105000064	313760105000172	5618

313760105000064	313760105000186	834

313760105000064	313760105000201	8559

313760105000064	313760105000226	1604

313760105000064	313760105000229	1439

313760105000064	313760105000230	8126

313760105000064	313760105000231	8104

313760105000064	313760105000235	5744

313760105000064	313760105000239	5655

313760105000064	313760105000257	6165

313760105000064	313760105000259	3822

313760105000064	313760105000264	4543

313760105000064	313760105000272	9833

313760105000064	313760105000273	9955

313760105000064	313760105000280	3161

313760105000064	313760114000002	12541

313760105000064	313760114000007	12083

313760105000064	313760114000008	11665

313760105000064	313760114000009	10769

313760105000064	313760114000010	13908

313760105000064	313760115000005	5245

313760105000064	313760115000006	6091

313760105000064	313760115000007	4603

313760105000064	313760115000015	2640

313760105000066	313760105000010	3524

313760105000066	313760105000013	4053

313760105000066	313760105000048	7350

313760105000066	313760105000050	6582

313760105000066	313760105000058	5028

313760105000066	313760105000076	2757

313760105000066	313760105000102	5432

313760105000066	313760105000122	2181

313760105000066	313760105000125	2227

313760105000066	313760105000132	584

313760105000066	313760105000135	1822

313760105000066	313760105000139	3238

313760105000066	313760105000145	6282

313760105000066	313760105000146	6089

313760105000066	313760105000152	6152

313760105000066	313760105000168	711

313760105000066	313760105000172	4464

313760105000066	313760105000186	3062

313760105000066	313760105000201	4790

313760105000066	313760105000226	2287

313760105000066	313760105000229	2572

313760105000066	313760105000230	5473

313760105000066	313760105000231	5611

313760105000066	313760105000235	2581

313760105000066	313760105000239	2237

313760105000066	313760105000257	2787

313760105000066	313760105000259	493

313760105000066	313760105000264	4519

313760105000066	313760105000272	6338

313760105000066	313760105000273	6498

313760105000066	313760105000280	5221

313760105000066	313760114000002	8850

313760105000066	313760114000007	8560

313760105000066	313760114000008	8104

313760105000066	313760114000009	7272

313760105000066	313760114000010	10633

313760105000066	313760115000005	7126

313760105000066	313760115000006	9595

313760105000066	313760115000007	8345

313760105000066	313760115000015	4606

313760105000067	313760105000010	3309

313760105000067	313760105000013	3805

313760105000067	313760105000048	7209

313760105000067	313760105000050	6369

313760105000067	313760105000058	4874

313760105000067	313760105000076	2532

313760105000067	313760105000102	5152

313760105000067	313760105000122	2022

313760105000067	313760105000125	1979

313760105000067	313760105000132	482

313760105000067	313760105000135	2057

313760105000067	313760105000139	3510

313760105000067	313760105000145	6059

313760105000067	313760105000146	6093

313760105000067	313760105000152	6432

313760105000067	313760105000168	436

313760105000067	313760105000172	4467

313760105000067	313760105000186	3336

313760105000067	313760105000201	4509

313760105000067	313760105000226	2567

313760105000067	313760105000229	2850

313760105000067	313760105000230	5306

313760105000067	313760105000231	5459

313760105000067	313760105000235	2394

313760105000067	313760105000239	2054

313760105000067	313760105000257	2600

313760105000067	313760105000259	582

313760105000067	313760105000264	4666

313760105000067	313760105000272	6079

313760105000067	313760105000273	6242

313760105000067	313760105000280	5463

313760105000067	313760114000002	8587

313760105000067	313760114000007	8320

313760105000067	313760114000008	7860

313760105000067	313760114000009	7037

313760105000067	313760114000010	10420

313760105000067	313760115000005	7304

313760105000067	313760115000006	9854

313760105000067	313760115000007	8626

313760105000067	313760115000015	4822

313760105000068	313760105000010	2918

313760105000068	313760105000013	3547

313760105000068	313760105000048	6623

313760105000068	313760105000050	6872

313760105000068	313760105000058	5492

313760105000068	313760105000076	2191

313760105000068	313760105000102	5243

313760105000068	313760105000122	2654

313760105000068	313760105000125	2421

313760105000068	313760105000132	1180

313760105000068	313760105000135	2469

313760105000068	313760105000139	3713

313760105000068	313760105000145	5676

313760105000068	313760105000146	5394

313760105000068	313760105000152	6400

313760105000068	313760105000168	924

313760105000068	313760105000172	5164

313760105000068	313760105000186	3521

313760105000068	313760105000201	4552

313760105000068	313760105000226	2567

313760105000068	313760105000229	2809

313760105000068	313760105000230	5904

313760105000068	313760105000231	6080

313760105000068	313760105000235	2982

313760105000068	313760105000239	1583

313760105000068	313760105000257	2130

313760105000068	313760105000259	351

313760105000068	313760105000264	4080

313760105000068	313760105000272	6410

313760105000068	313760105000273	6590

313760105000068	313760105000280	5127

313760105000068	313760114000002	8394

313760105000068	313760114000007	8000

313760105000068	313760114000008	7560

313760105000068	313760114000009	6697

313760105000068	313760114000010	9996

313760105000068	313760115000005	7833

313760105000068	313760115000006	10113

313760105000068	313760115000007	8631

313760105000068	313760115000015	5265

313760105000069	313760105000010	3031

313760105000069	313760105000013	3646

313760105000069	313760105000048	6750

313760105000069	313760105000050	6843

313760105000069	313760105000058	5431

313760105000069	313760105000076	2297

313760105000069	313760105000102	5294

313760105000069	313760105000122	2586

313760105000069	313760105000125	2398

313760105000069	313760105000132	1080

313760105000069	313760105000135	2345

313760105000069	313760105000139	3608

313760105000069	313760105000145	5791

313760105000069	313760105000146	5499

313760105000069	313760105000152	6328

313760105000069	313760105000168	870

313760105000069	313760105000172	5055

313760105000069	313760105000186	3418

313760105000069	313760105000201	4610

313760105000069	313760105000226	2484

313760105000069	313760105000229	2733

313760105000069	313760105000230	5849

313760105000069	313760105000231	6018

313760105000069	313760105000235	2927

313760105000069	313760105000239	1701

313760105000069	313760105000257	2249

313760105000069	313760105000259	238

313760105000069	313760105000264	4125

313760105000069	313760105000272	6418

313760105000069	313760105000273	6596

313760105000069	313760105000280	5109

313760105000069	313760114000002	8489

313760105000069	313760114000007	8109

313760105000069	313760114000008	7667

313760105000069	313760114000009	6808

313760105000069	313760114000010	10115

313760105000069	313760115000005	7707

313760105000069	313760115000006	10006

313760105000069	313760115000007	8555

313760105000069	313760115000015	5142

313760105000071	313760105000010	1964

313760105000071	313760105000013	2760

313760105000071	313760105000048	5438

313760105000071	313760105000050	7277

313760105000071	313760105000058	6192

313760105000071	313760105000076	1411

313760105000071	313760105000102	4937

313760105000071	313760105000122	3481

313760105000071	313760105000125	2930

313760105000071	313760105000132	2260

313760105000071	313760105000135	3630

313760105000071	313760105000139	4732

313760105000071	313760105000145	4650

313760105000071	313760105000146	4439

313760105000071	313760105000152	7118

313760105000071	313760105000168	1836

313760105000071	313760105000172	6231

313760105000071	313760105000186	4532

313760105000071	313760105000201	4197

313760105000071	313760105000226	3458

313760105000071	313760105000229	3642

313760105000071	313760105000230	6546

313760105000071	313760105000231	6774

313760105000071	313760105000235	3697

313760105000071	313760105000239	689

313760105000071	313760105000257	1116

313760105000071	313760105000259	1514

313760105000071	313760105000264	3806

313760105000071	313760105000272	6485

313760105000071	313760105000273	6694

313760105000071	313760105000280	5408

313760105000071	313760114000002	7580

313760105000071	313760114000007	7024

313760105000071	313760114000008	6614

313760105000071	313760114000009	5710

313760105000071	313760114000010	8903

313760105000071	313760115000005	9013

313760105000071	313760115000006	11120

313760105000071	313760115000007	9369

313760105000071	313760115000015	6419

313760105000072	313760105000010	1780

313760105000072	313760105000013	2368

313760105000072	313760105000048	5748

313760105000072	313760105000050	6459

313760105000072	313760105000058	5429

313760105000072	313760105000076	1020

313760105000072	313760105000102	4240

313760105000072	313760105000122	2809

313760105000072	313760105000125	2153

313760105000072	313760105000132	1872

313760105000072	313760105000135	3565

313760105000072	313760105000139	4888

313760105000072	313760105000145	4538

313760105000072	313760105000146	5174

313760105000072	313760105000152	7539

313760105000072	313760105000168	1364

313760105000072	313760105000172	5690

313760105000072	313760105000186	4698

313760105000072	313760105000201	3516

313760105000072	313760105000226	3736

313760105000072	313760105000229	3967

313760105000072	313760105000230	5765

313760105000072	313760105000231	6006

313760105000072	313760105000235	2967

313760105000072	313760105000239	569

313760105000072	313760105000257	1084

313760105000072	313760105000259	1518

313760105000072	313760105000264	4600

313760105000072	313760105000272	5686

313760105000072	313760105000273	5891

313760105000072	313760105000280	6053

313760105000072	313760114000002	7217

313760105000072	313760114000007	6835

313760105000072	313760114000008	6390

313760105000072	313760114000009	5539

313760105000072	313760114000010	8889

313760105000072	313760115000005	8834

313760105000072	313760115000006	11285

313760105000072	313760115000007	9779

313760105000072	313760115000015	6349

313760105000074	313760105000010	1299

313760105000074	313760105000013	1685

313760105000074	313760105000048	5494

313760105000074	313760105000050	6044

313760105000074	313760105000058	5250

313760105000074	313760105000076	540

313760105000074	313760105000102	3520

313760105000074	313760105000122	2895

313760105000074	313760105000125	2038

313760105000074	313760105000132	2355

313760105000074	313760105000135	4178

313760105000074	313760105000139	5578

313760105000074	313760105000145	3972

313760105000074	313760105000146	5434

313760105000074	313760105000152	8284

313760105000074	313760105000168	1835

313760105000074	313760105000172	5882

313760105000074	313760105000186	5393

313760105000074	313760105000201	2787

313760105000074	313760105000226	4466

313760105000074	313760105000229	4705

313760105000074	313760105000230	5532

313760105000074	313760105000231	5810

313760105000074	313760105000235	2932

313760105000074	313760105000239	812

313760105000074	313760105000257	965

313760105000074	313760105000259	2222

313760105000074	313760105000264	5223

313760105000074	313760105000272	5097

313760105000074	313760105000273	5314

313760105000074	313760105000280	6784

313760105000074	313760114000002	6504

313760105000074	313760114000007	6200

313760105000074	313760114000008	5739

313760105000074	313760114000009	4923

313760105000074	313760114000010	8349

313760105000074	313760115000005	9328

313760105000074	313760115000006	11959

313760105000074	313760115000007	10522

313760105000074	313760115000015	6927

313760105000075	313760105000010	1031

313760105000075	313760105000013	1505

313760105000075	313760105000048	5217

313760105000075	313760105000050	6242

313760105000075	313760105000058	5504

313760105000075	313760105000076	262

313760105000075	313760105000102	3547

313760105000075	313760105000122	3172

313760105000075	313760105000125	2309

313760105000075	313760105000132	2593

313760105000075	313760105000135	4385

313760105000075	313760105000139	5747

313760105000075	313760105000145	3736

313760105000075	313760105000146	5221

313760105000075	313760105000152	8388

313760105000075	313760105000168	2071

313760105000075	313760105000172	6159

313760105000075	313760105000186	5559

313760105000075	313760105000201	2802

313760105000075	313760105000226	4599

313760105000075	313760105000229	4827

313760105000075	313760105000230	5775

313760105000075	313760105000231	6059

313760105000075	313760105000235	3205

313760105000075	313760105000239	726

313760105000075	313760105000257	730

313760105000075	313760105000259	2379

313760105000075	313760105000264	5151

313760105000075	313760105000272	5224

313760105000075	313760105000273	5447

313760105000075	313760105000280	6802

313760105000075	313760114000002	6353

313760105000075	313760114000007	5994

313760105000075	313760114000008	5541

313760105000075	313760114000009	4707

313760105000075	313760114000010	8108

313760105000075	313760115000005	9574

313760105000075	313760115000006	12140

313760105000075	313760115000007	10632

313760105000075	313760115000015	7149

313760105000076	313760105000010	789

313760105000076	313760105000013	1378

313760105000076	313760105000048	4956

313760105000076	313760105000050	6443

313760105000076	313760105000058	5750

313760105000076	313760105000076	0

313760105000076	313760105000102	3605

313760105000076	313760105000122	3434

313760105000076	313760105000125	2569

313760105000076	313760105000132	2818

313760105000076	313760105000135	4578

313760105000076	313760105000139	5903

313760105000076	313760105000145	3527

313760105000076	313760105000146	5016

313760105000076	313760105000152	8481

313760105000076	313760105000168	2296

313760105000076	313760105000172	6419

313760105000076	313760105000186	5712

313760105000076	313760105000201	2856

313760105000076	313760105000226	4724

313760105000076	313760105000229	4941

313760105000076	313760105000230	6014

313760105000076	313760105000231	6303

313760105000076	313760105000235	3466

313760105000076	313760105000239	723

313760105000076	313760105000257	536

313760105000076	313760105000259	2535

313760105000076	313760105000264	5082

313760105000076	313760105000272	5367

313760105000076	313760105000273	5594

313760105000076	313760105000280	6815

313760105000076	313760114000002	6231

313760105000076	313760114000007	5815

313760105000076	313760114000008	5371

313760105000076	313760114000009	4519

313760105000076	313760114000010	7891

313760105000076	313760115000005	9801

313760105000076	313760115000006	12303

313760105000076	313760115000007	10728

313760105000076	313760115000015	7354

313760105000077	313760105000010	1006

313760105000077	313760105000013	1641

313760105000077	313760105000048	5088

313760105000077	313760105000050	6515

313760105000077	313760105000058	5734

313760105000077	313760105000076	263

313760105000077	313760105000102	3812

313760105000077	313760105000122	3326

313760105000077	313760105000125	2506

313760105000077	313760105000132	2610

313760105000077	313760105000135	4340

313760105000077	313760105000139	5648

313760105000077	313760105000145	3763

313760105000077	313760105000146	4953

313760105000077	313760105000152	8218

313760105000077	313760105000168	2091

313760105000077	313760105000172	6290

313760105000077	313760105000186	5456

313760105000077	313760105000201	3066

313760105000077	313760105000226	4463

313760105000077	313760105000229	4679

313760105000077	313760105000230	6018

313760105000077	313760105000231	6295

313760105000077	313760105000235	3391

313760105000077	313760105000239	473

313760105000077	313760105000257	480

313760105000077	313760105000259	2281

313760105000077	313760105000264	4878

313760105000077	313760105000272	5509

313760105000077	313760105000273	5732

313760105000077	313760105000280	6569

313760105000077	313760114000002	6494

313760105000077	313760114000007	6066

313760105000077	313760114000008	5625

313760105000077	313760114000009	4766

313760105000077	313760114000010	8117

313760105000077	313760115000005	9590

313760105000077	313760115000006	12049

313760105000077	313760115000007	10466

313760105000077	313760115000015	7122

313760105000078	313760105000010	611

313760105000078	313760105000013	1508

313760105000078	313760105000048	4396

313760105000078	313760105000050	7064

313760105000078	313760105000058	6393

313760105000078	313760105000076	644

313760105000078	313760105000102	4032

313760105000078	313760105000122	4026

313760105000078	313760105000125	3194

313760105000078	313760105000132	3250

313760105000078	313760105000135	4891

313760105000078	313760105000139	6098

313760105000078	313760105000145	3269

313760105000078	313760105000146	4402

313760105000078	313760105000152	8489

313760105000078	313760105000168	2739

313760105000078	313760105000172	6988

313760105000078	313760105000186	5900

313760105000078	313760105000201	3287

313760105000078	313760105000226	4844

313760105000078	313760105000229	5031

313760105000078	313760105000230	6658

313760105000078	313760105000231	6946

313760105000078	313760105000235	4085

313760105000078	313760105000239	853

313760105000078	313760105000257	302

313760105000078	313760105000259	2781

313760105000078	313760105000264	4724

313760105000078	313760105000272	5919

313760105000078	313760105000273	6151

313760105000078	313760105000280	6633

313760105000078	313760114000002	6223

313760105000078	313760114000007	5636

313760105000078	313760114000008	5226

313760105000078	313760114000009	4322

313760105000078	313760114000010	7566

313760105000078	313760115000005	10205

313760105000078	313760115000006	12495

313760105000078	313760115000007	10739

313760105000078	313760115000015	7687

313760105000080	313760105000010	572

313760105000080	313760105000013	1340

313760105000080	313760105000048	4655

313760105000080	313760105000050	6719

313760105000080	313760105000058	6059

313760105000080	313760105000076	312

313760105000080	313760105000102	3750

313760105000080	313760105000122	3739

313760105000080	313760105000125	2880

313760105000080	313760105000132	3063

313760105000080	313760105000135	4776

313760105000080	313760105000139	6051

313760105000080	313760105000145	3332

313760105000080	313760105000146	4744

313760105000080	313760105000152	8545

313760105000080	313760105000168	2543

313760105000080	313760105000172	6719

313760105000080	313760105000186	5856

313760105000080	313760105000201	3002

313760105000080	313760105000226	4835

313760105000080	313760105000229	5039

313760105000080	313760105000230	6318

313760105000080	313760105000231	6610

313760105000080	313760105000235	3777

313760105000080	313760105000239	784

313760105000080	313760105000257	358

313760105000080	313760105000259	2696

313760105000080	313760105000264	4960

313760105000080	313760105000272	5592

313760105000080	313760105000273	5823

313760105000080	313760105000280	6785

313760105000080	313760114000002	6153

313760105000080	313760114000007	5658

313760105000080	313760114000008	5229

313760105000080	313760114000009	4352

313760105000080	313760114000010	7675

313760105000080	313760115000005	10041

313760105000080	313760115000006	12453

313760105000080	313760115000007	10795

313760105000080	313760115000015	7564

313760105000081	313760105000010	528

313760105000081	313760105000013	1093

313760105000081	313760105000048	3704

313760105000081	313760105000050	7236

313760105000081	313760105000058	6830

313760105000081	313760105000076	1295

313760105000081	313760105000102	3773

313760105000081	313760105000122	4696

313760105000081	313760105000125	3780

313760105000081	313760105000132	4094

313760105000081	313760105000135	5787

313760105000081	313760105000139	7006

313760105000081	313760105000145	2363

313760105000081	313760105000146	4446

313760105000081	313760105000152	9351

313760105000081	313760105000168	3574

313760105000081	313760105000172	7693

313760105000081	313760105000186	6808

313760105000081	313760105000201	3070

313760105000081	313760105000226	5745

313760105000081	313760105000229	5926

313760105000081	313760105000230	7038

313760105000081	313760105000231	7356

313760105000081	313760105000235	4683

313760105000081	313760105000239	1751

313760105000081	313760105000257	1205

313760105000081	313760105000259	3685

313760105000081	313760105000264	5324

313760105000081	313760105000272	5871

313760105000081	313760105000273	6115

313760105000081	313760105000280	7389

313760105000081	313760114000002	5407

313760105000081	313760114000007	4741

313760105000081	313760114000008	4344

313760105000081	313760114000009	3425

313760105000081	313760114000010	6664

313760105000081	313760115000005	11071

313760105000081	313760115000006	13402

313760105000081	313760115000007	11600

313760105000081	313760115000015	8580

313760105000082	313760105000010	70

313760105000082	313760105000013	869

313760105000082	313760105000048	4287

313760105000082	313760105000050	6740

313760105000082	313760105000058	6263

313760105000082	313760105000076	760

313760105000082	313760105000102	3472

313760105000082	313760105000122	4117

313760105000082	313760105000125	3197

313760105000082	313760105000132	3578

313760105000082	313760105000135	5327

313760105000082	313760105000139	6617

313760105000082	313760105000145	2775

313760105000082	313760105000146	4815

313760105000082	313760105000152	9095

313760105000082	313760105000168	3056

313760105000082	313760105000172	7117

313760105000082	313760105000186	6423

313760105000082	313760105000201	2738

313760105000082	313760105000226	5401

313760105000082	313760105000229	5602

313760105000082	313760105000230	6482

313760105000082	313760105000231	6794

313760105000082	313760105000235	4100

313760105000082	313760105000239	1349

313760105000082	313760105000257	865

313760105000082	313760105000259	3259

313760105000082	313760105000264	5355

313760105000082	313760105000272	5464

313760105000082	313760105000273	5703

313760105000082	313760105000280	7277

313760105000082	313760114000002	5604

313760105000082	313760114000007	5092

313760105000082	313760114000008	4662

313760105000082	313760114000009	3787

313760105000082	313760114000010	7133

313760105000082	313760115000005	10561

313760105000082	313760115000006	13019

313760105000082	313760115000007	11346

313760105000082	313760115000015	8109

313760105000083	313760105000010	447

313760105000083	313760105000013	688

313760105000083	313760105000048	4600

313760105000083	313760105000050	6364

313760105000083	313760105000058	5912

313760105000083	313760105000076	696

313760105000083	313760105000102	3146

313760105000083	313760105000122	3846

313760105000083	313760105000125	2900

313760105000083	313760105000132	3434

313760105000083	313760105000135	5241

313760105000083	313760105000139	6593

313760105000083	313760105000145	2894

313760105000083	313760105000146	5182

313760105000083	313760105000152	9170

313760105000083	313760105000168	2913

313760105000083	313760105000172	6849

313760105000083	313760105000186	6403

313760105000083	313760105000201	2404

313760105000083	313760105000226	5420

313760105000083	313760105000229	5637

313760105000083	313760105000230	6122

313760105000083	313760105000231	6439

313760105000083	313760105000235	3800

313760105000083	313760105000239	1399

313760105000083	313760105000257	1021

313760105000083	313760105000259	3223

313760105000083	313760105000264	5608

313760105000083	313760105000272	5098

313760105000083	313760105000273	5336

313760105000083	313760105000280	7449

313760105000083	313760114000002	5536

313760105000083	313760114000007	5138

313760105000083	313760114000008	4687

313760105000083	313760114000009	3851

313760105000083	313760114000010	7271

313760105000083	313760115000005	10405

313760105000083	313760115000006	12990

313760105000083	313760115000007	11419

313760105000083	313760115000015	8002

313760105000084	313760105000010	576

313760105000084	313760105000013	1016

313760105000084	313760105000048	4807

313760105000084	313760105000050	6342

313760105000084	313760105000058	5775

313760105000084	313760105000076	363

313760105000084	313760105000102	3319

313760105000084	313760105000122	3595

313760105000084	313760105000125	2678

313760105000084	313760105000132	3108

313760105000084	313760105000135	4904

313760105000084	313760105000139	6253

313760105000084	313760105000145	3219

313760105000084	313760105000146	5140

313760105000084	313760105000152	8844

313760105000084	313760105000168	2587

313760105000084	313760105000172	6596

313760105000084	313760105000186	6063

313760105000084	313760105000201	2570

313760105000084	313760105000226	5083

313760105000084	313760105000229	5302

313760105000084	313760105000230	6010

313760105000084	313760105000231	6314

313760105000084	313760105000235	3581

313760105000084	313760105000239	1081

313760105000084	313760105000257	781

313760105000084	313760105000259	2883

313760105000084	313760105000264	5382

313760105000084	313760105000272	5171

313760105000084	313760105000273	5404

313760105000084	313760105000280	7162

313760105000084	313760114000002	5870

313760105000084	313760114000007	5477

313760105000084	313760114000008	5027

313760105000084	313760114000009	4188

313760105000084	313760114000010	7593

313760105000084	313760115000005	10086

313760105000084	313760115000006	12649

313760105000084	313760115000007	11091

313760105000084	313760115000015	7669

313760105000085	313760105000010	791

313760105000085	313760105000013	1122

313760105000085	313760105000048	5022

313760105000085	313760105000050	6168

313760105000085	313760105000058	5567

313760105000085	313760105000076	351

313760105000085	313760105000102	3254

313760105000085	313760105000122	3382

313760105000085	313760105000125	2463

313760105000085	313760105000132	2934

313760105000085	313760105000135	4752

313760105000085	313760105000139	6129

313760105000085	313760105000145	3395

313760105000085	313760105000146	5300

313760105000085	313760105000152	8770

313760105000085	313760105000168	2414

313760105000085	313760105000172	6384

313760105000085	313760105000186	5941

313760105000085	313760105000201	2505

313760105000085	313760105000226	4984

313760105000085	313760105000229	5212

313760105000085	313760105000230	5808

313760105000085	313760105000231	6109

313760105000085	313760105000235	3366

313760105000085	313760105000239	1054

313760105000085	313760105000257	865

313760105000085	313760105000259	2762

313760105000085	313760105000264	5433

313760105000085	313760105000272	5041

313760105000085	313760105000273	5270

313760105000085	313760105000280	7150

313760105000085	313760114000002	5968

313760105000085	313760114000007	5625

313760105000085	313760114000008	5167

313760105000085	313760114000009	4345

313760105000085	313760114000010	7772

313760105000085	313760115000005	9904

313760105000085	313760115000006	12519

313760105000085	313760115000007	11015

313760105000085	313760115000015	7506

313760105000086	313760105000010	1006

313760105000086	313760105000013	1186

313760105000086	313760105000048	5233

313760105000086	313760105000050	5939

313760105000086	313760105000058	5336

313760105000086	313760105000076	530

313760105000086	313760105000102	3108

313760105000086	313760105000122	3189

313760105000086	313760105000125	2253

313760105000086	313760105000132	2830

313760105000086	313760105000135	4679

313760105000086	313760105000139	6094

313760105000086	313760105000145	3523

313760105000086	313760105000146	5525

313760105000086	313760105000152	8794

313760105000086	313760105000168	2315

313760105000086	313760105000172	6193

313760105000086	313760105000186	5909

313760105000086	313760105000201	2363

313760105000086	313760105000226	4983

313760105000086	313760105000229	5219

313760105000086	313760105000230	5574

313760105000086	313760105000231	5876

313760105000086	313760105000235	3155

313760105000086	313760105000239	1166

313760105000086	313760105000257	1064

313760105000086	313760105000259	2740

313760105000086	313760105000264	5583

313760105000086	313760105000272	4838

313760105000086	313760105000273	5065

313760105000086	313760105000280	7242

313760105000086	313760114000002	5987

313760105000086	313760114000007	5709

313760105000086	313760114000008	5241

313760105000086	313760114000009	4443

313760105000086	313760114000010	7900

313760105000086	313760115000005	9778

313760105000086	313760115000006	12471

313760105000086	313760115000007	11034

313760105000086	313760115000015	7413

313760105000087	313760105000010	1071

313760105000087	313760105000013	1219

313760105000087	313760105000048	3272

313760105000087	313760105000050	7452

313760105000087	313760105000058	7201

313760105000087	313760105000076	1860

313760105000087	313760105000102	3762

313760105000087	313760105000122	5200

313760105000087	313760105000125	4256

313760105000087	313760105000132	4674

313760105000087	313760105000135	6382

313760105000087	313760105000139	7600

313760105000087	313760105000145	1776

313760105000087	313760105000146	4529

313760105000087	313760105000152	9908

313760105000087	313760105000168	4153

313760105000087	313760105000172	8204

313760105000087	313760105000186	7402

313760105000087	313760105000201	3115

313760105000087	313760105000226	6333

313760105000087	313760105000229	6509

313760105000087	313760105000230	7377

313760105000087	313760105000231	7709

313760105000087	313760105000235	5155

313760105000087	313760105000239	2348

313760105000087	313760105000257	1802

313760105000087	313760105000259	4282

313760105000087	313760105000264	5732

313760105000087	313760105000272	5962

313760105000087	313760105000273	6211

313760105000087	313760105000280	7879

313760105000087	313760114000002	4915

313760105000087	313760114000007	4168

313760105000087	313760114000008	3786

313760105000087	313760114000009	2853

313760105000087	313760114000010	6067

313760105000087	313760115000005	11655

313760105000087	313760115000006	13994

313760105000087	313760115000007	12155

313760105000087	313760115000015	9174

313760105000088	313760105000010	1403

313760105000088	313760105000013	1202

313760105000088	313760105000048	3285

313760105000088	313760105000050	7324

313760105000088	313760105000058	7221

313760105000088	313760105000076	2176

313760105000088	313760105000102	3489

313760105000088	313760105000122	5385

313760105000088	313760105000125	4411

313760105000088	313760105000132	4987

313760105000088	313760105000135	6747

313760105000088	313760105000139	8012

313760105000088	313760105000145	1358

313760105000088	313760105000146	4928

313760105000088	313760105000152	10376

313760105000088	313760105000168	4465

313760105000088	313760105000172	8383

313760105000088	313760105000186	7815

313760105000088	313760105000201	2896

313760105000088	313760105000226	6765

313760105000088	313760105000229	6950

313760105000088	313760105000230	7362

313760105000088	313760105000231	7708

313760105000088	313760105000235	5297

313760105000088	313760105000239	2740

313760105000088	313760105000257	2208

313760105000088	313760105000259	4668

313760105000088	313760105000264	6225

313760105000088	313760105000272	5742

313760105000088	313760105000273	5992

313760105000088	313760105000280	8371

313760105000088	313760114000002	4421

313760105000088	313760114000007	3716

313760105000088	313760114000008	3317

313760105000088	313760114000009	2401

313760105000088	313760114000010	5715

313760105000088	313760115000005	11968

313760105000088	313760115000006	14412

313760105000088	313760115000007	12624

313760105000088	313760115000015	9529

313760105000089	313760105000010	696

313760105000089	313760105000013	531

313760105000089	313760105000048	3963

313760105000089	313760105000050	6764

313760105000089	313760105000058	6508

313760105000089	313760105000076	1407

313760105000089	313760105000102	3175

313760105000089	313760105000122	4583

313760105000089	313760105000125	3616

313760105000089	313760105000132	4196

313760105000089	313760105000135	5984

313760105000089	313760105000139	7297

313760105000089	313760105000145	2130

313760105000089	313760105000146	5047

313760105000089	313760105000152	9776

313760105000089	313760105000168	3675

313760105000089	313760105000172	7584

313760105000089	313760105000186	7104

313760105000089	313760105000201	2489

313760105000089	313760105000226	6087

313760105000089	313760105000229	6288

313760105000089	313760105000230	6679

313760105000089	313760105000231	7013

313760105000089	313760105000235	4508

313760105000089	313760105000239	2035

313760105000089	313760105000257	1545

313760105000089	313760105000259	3934

313760105000089	313760105000264	5909

313760105000089	313760105000272	5319

313760105000089	313760105000273	5566

313760105000089	313760105000280	7912

313760105000089	313760114000002	4928

313760105000089	313760114000007	4413

313760105000089	313760114000008	3978

313760105000089	313760114000009	3112

313760105000089	313760114000010	6506

313760105000089	313760115000005	11171

313760105000089	313760115000006	13699

313760105000089	313760115000007	12027

313760105000089	313760115000015	8755

313760105000090	313760105000010	1126

313760105000090	313760105000013	542

313760105000090	313760105000048	3981

313760105000090	313760105000050	6640

313760105000090	313760105000058	6529

313760105000090	313760105000076	1780

313760105000090	313760105000102	2890

313760105000090	313760105000122	4773

313760105000090	313760105000125	3784

313760105000090	313760105000132	4512

313760105000090	313760105000135	6334

313760105000090	313760105000139	7683

313760105000090	313760105000145	1850

313760105000090	313760105000146	5376

313760105000090	313760105000152	10203

313760105000090	313760105000168	3994

313760105000090	313760105000172	7759

313760105000090	313760105000186	7492

313760105000090	313760105000201	2251

313760105000090	313760105000226	6492

313760105000090	313760105000229	6700

313760105000090	313760105000230	6666

313760105000090	313760105000231	7013

313760105000090	313760105000235	4657

313760105000090	313760105000239	2443

313760105000090	313760105000257	1972

313760105000090	313760105000259	4314

313760105000090	313760105000264	6344

313760105000090	313760105000272	5101

313760105000090	313760105000273	5351

313760105000090	313760105000280	8355

313760105000090	313760114000002	4496

313760105000090	313760114000007	4043

313760105000090	313760114000008	3592

313760105000090	313760114000009	2761

313760105000090	313760114000010	6220

313760105000090	313760115000005	11463

313760105000090	313760115000006	14082

313760105000090	313760115000007	12453

313760105000090	313760115000015	9089

313760105000091	313760105000010	1505

313760105000091	313760105000013	661

313760105000091	313760105000048	4318

313760105000091	313760105000050	6274

313760105000091	313760105000058	6291

313760105000091	313760105000076	2039

313760105000091	313760105000102	2430

313760105000091	313760105000122	4731

313760105000091	313760105000125	3727

313760105000091	313760105000132	4635

313760105000091	313760105000135	6500

313760105000091	313760105000139	7907

313760105000091	313760105000145	1926

313760105000091	313760105000146	5862

313760105000091	313760105000152	10516

313760105000091	313760105000168	4127

313760105000091	313760105000172	7681

313760105000091	313760105000186	7719

313760105000091	313760105000201	1827

313760105000091	313760105000226	6758

313760105000091	313760105000229	6979

313760105000091	313760105000230	6396

313760105000091	313760105000231	6753

313760105000091	313760105000235	4567

313760105000091	313760105000239	2743

313760105000091	313760105000257	2321

313760105000091	313760105000259	4541

313760105000091	313760105000264	6787

313760105000091	313760105000272	4672

313760105000091	313760105000273	4923

313760105000091	313760105000280	8747

313760105000091	313760114000002	4193

313760105000091	313760114000007	3911

313760105000091	313760114000008	3430

313760105000091	313760114000009	2685

313760105000091	313760114000010	6214

313760105000091	313760115000005	11528

313760105000091	313760115000006	14291

313760105000091	313760115000007	12765

313760105000091	313760115000015	9220

313760105000092	313760105000010	2231

313760105000092	313760105000013	1517

313760105000092	313760105000048	3947

313760105000092	313760105000050	6747

313760105000092	313760105000058	6984

313760105000092	313760105000076	2868

313760105000092	313760105000102	2689

313760105000092	313760105000122	5589

313760105000092	313760105000125	4583

313760105000092	313760105000132	5518

313760105000092	313760105000135	7377

313760105000092	313760105000139	8764

313760105000092	313760105000145	1239

313760105000092	313760105000146	6071

313760105000092	313760105000152	11309

313760105000092	313760105000168	5009

313760105000092	313760105000172	8514

313760105000092	313760105000186	8575

313760105000092	313760105000201	2279

313760105000092	313760105000226	7590

313760105000092	313760105000229	7802

313760105000092	313760105000230	7044

313760105000092	313760105000231	7414

313760105000092	313760105000235	5402

313760105000092	313760105000239	3547

313760105000092	313760105000257	3078

313760105000092	313760105000259	5394

313760105000092	313760105000264	7358

313760105000092	313760105000272	4989

313760105000092	313760105000273	5238

313760105000092	313760105000280	9434

313760105000092	313760114000002	3391

313760105000092	313760114000007	3025

313760105000092	313760114000008	2546

313760105000092	313760114000009	1819

313760105000092	313760114000010	5365

313760105000092	313760115000005	12411

313760105000092	313760115000006	15156

313760105000092	313760115000007	13560

313760105000092	313760115000015	10104

313760105000094	313760105000010	1654

313760105000094	313760105000013	746

313760105000094	313760105000048	4892

313760105000094	313760105000050	5703

313760105000094	313760105000058	5720

313760105000094	313760105000076	1974

313760105000094	313760105000102	1961

313760105000094	313760105000122	4270

313760105000094	313760105000125	3264

313760105000094	313760105000132	4327

313760105000094	313760105000135	6222

313760105000094	313760105000139	7690

313760105000094	313760105000145	2476

313760105000094	313760105000146	6260

313760105000094	313760105000152	10414

313760105000094	313760105000168	3837

313760105000094	313760105000172	7184

313760105000094	313760105000186	7509

313760105000094	313760105000201	1296

313760105000094	313760105000226	6603

313760105000094	313760105000229	6841

313760105000094	313760105000230	5818

313760105000094	313760105000231	6178

313760105000094	313760105000235	4073

313760105000094	313760105000239	2697

313760105000094	313760105000257	2367

313760105000094	313760105000259	4355

313760105000094	313760105000264	6946

313760105000094	313760105000272	4145

313760105000094	313760105000273	4394

313760105000094	313760105000280	8784

313760105000094	313760114000002	4397

313760105000094	313760114000007	4309

313760105000094	313760114000008	3809

313760105000094	313760114000009	3145

313760105000094	313760114000010	6694

313760105000094	313760115000005	11133

313760105000094	313760115000006	14042

313760105000094	313760115000007	12656

313760105000094	313760115000015	8894

313760105000095	313760105000010	1402

313760105000095	313760105000013	634

313760105000095	313760105000048	5060

313760105000095	313760105000050	5601

313760105000095	313760105000058	5447

313760105000095	313760105000076	1566

313760105000095	313760105000102	2136

313760105000095	313760105000122	3839

313760105000095	313760105000125	2834

313760105000095	313760105000132	3849

313760105000095	313760105000135	5743

313760105000095	313760105000139	7214

313760105000095	313760105000145	2819

313760105000095	313760105000146	6123

313760105000095	313760105000152	9958

313760105000095	313760105000168	3359

313760105000095	313760105000172	6783

313760105000095	313760105000186	7034

313760105000095	313760105000201	1401

313760105000095	313760105000226	6137

313760105000095	313760105000229	6378

313760105000095	313760105000230	5582

313760105000095	313760105000231	5929

313760105000095	313760105000235	3669

313760105000095	313760105000239	2283

313760105000095	313760105000257	2007

313760105000095	313760105000259	3885

313760105000095	313760105000264	6610

313760105000095	313760105000272	4177

313760105000095	313760105000273	4421

313760105000095	313760105000280	8379

313760105000095	313760114000002	4876

313760105000095	313760114000007	4761

313760105000095	313760114000008	4266

313760105000095	313760114000009	3568

313760105000095	313760114000010	7107

313760105000095	313760115000005	10674

313760105000095	313760115000006	13564

313760105000095	313760115000007	12197

313760105000095	313760115000015	8418

313760105000096	313760105000010	2140

313760105000096	313760105000013	1488

313760105000096	313760105000048	5909

313760105000096	313760105000050	4748

313760105000096	313760105000058	4641

313760105000096	313760105000076	2041

313760105000096	313760105000102	1605

313760105000096	313760105000122	3329

313760105000096	313760105000125	2340

313760105000096	313760105000132	3677

313760105000096	313760105000135	5583

313760105000096	313760105000139	7142

313760105000096	313760105000145	3557

313760105000096	313760105000146	6885

313760105000096	313760105000152	10049

313760105000096	313760105000168	3244

313760105000096	313760105000172	6166

313760105000096	313760105000186	6975

313760105000096	313760105000201	884

313760105000096	313760105000226	6185

313760105000096	313760105000229	6450

313760105000096	313760105000230	4751

313760105000096	313760105000231	5105

313760105000096	313760105000235	3077

313760105000096	313760105000239	2680

313760105000096	313760105000257	2559

313760105000096	313760105000259	3942

313760105000096	313760105000264	7106

313760105000096	313760105000272	3394

313760105000096	313760105000273	3632

313760105000096	313760105000280	8690

313760105000096	313760114000002	5136

313760105000096	313760114000007	5276

313760105000096	313760114000008	4762

313760105000096	313760114000009	4177

313760105000096	313760114000010	7726

313760105000096	313760115000005	10257

313760105000096	313760115000006	13398

313760105000096	313760115000007	12262

313760105000096	313760115000015	8140

313760105000097	313760105000010	1733

313760105000097	313760105000013	1207

313760105000097	313760105000048	5661

313760105000097	313760105000050	5094

313760105000097	313760105000058	4821

313760105000097	313760105000076	1586

313760105000097	313760105000102	2049

313760105000097	313760105000122	3226

313760105000097	313760105000125	2220

313760105000097	313760105000132	3384

313760105000097	313760105000135	5294

313760105000097	313760105000139	6820

313760105000097	313760105000145	3464

313760105000097	313760105000146	6465

313760105000097	313760105000152	9673

313760105000097	313760105000168	2924

313760105000097	313760105000172	6147

313760105000097	313760105000186	6647

313760105000097	313760105000201	1311

313760105000097	313760105000226	5818

313760105000097	313760105000229	6076

313760105000097	313760105000230	4974

313760105000097	313760105000231	5313

313760105000097	313760105000235	3034

313760105000097	313760105000239	2227

313760105000097	313760105000257	2106

313760105000097	313760105000259	3564

313760105000097	313760105000264	6652

313760105000097	313760105000272	3824

313760105000097	313760105000273	4058

313760105000097	313760105000280	8258

313760105000097	313760114000002	5348

313760105000097	313760114000007	5350

313760105000097	313760114000008	4847

313760105000097	313760114000009	4187

313760105000097	313760114000010	7734

313760105000097	313760115000005	10105

313760105000097	313760115000006	13120

313760105000097	313760115000007	11896

313760105000097	313760115000015	7911

313760105000098	313760105000010	1606

313760105000098	313760105000013	1250

313760105000098	313760105000048	5668

313760105000098	313760105000050	5207

313760105000098	313760105000058	4804

313760105000098	313760105000076	1343

313760105000098	313760105000102	2338

313760105000098	313760105000122	3039

313760105000098	313760105000125	2035

313760105000098	313760105000132	3105

313760105000098	313760105000135	5012

313760105000098	313760105000139	6527

313760105000098	313760105000145	3593

313760105000098	313760105000146	6293

313760105000098	313760105000152	9370

313760105000098	313760105000168	2635

313760105000098	313760105000172	5996

313760105000098	313760105000186	6353

313760105000098	313760105000201	1608

313760105000098	313760105000226	5515

313760105000098	313760105000229	5773

313760105000098	313760105000230	4987

313760105000098	313760105000231	5314

313760105000098	313760105000235	2885

313760105000098	313760105000239	1952

313760105000098	313760105000257	1874

313760105000098	313760105000259	3261

313760105000098	313760105000264	6381

313760105000098	313760105000272	4029

313760105000098	313760105000273	4258

313760105000098	313760105000280	7960

313760105000098	313760114000002	5615

313760105000098	313760114000007	5561

313760105000098	313760114000008	5064

313760105000098	313760114000009	4370

313760105000098	313760114000010	7906

313760105000098	313760115000005	9876

313760105000098	313760115000006	12839

313760105000098	313760115000007	11593

313760105000098	313760115000015	7649

313760105000099	313760105000010	1980

313760105000099	313760105000013	1749

313760105000099	313760105000048	6130

313760105000099	313760105000050	4913

313760105000099	313760105000058	4358

313760105000099	313760105000076	1531

313760105000099	313760105000102	2500

313760105000099	313760105000122	2532

313760105000099	313760105000125	1527

313760105000099	313760105000132	2712

313760105000099	313760105000135	4620

313760105000099	313760105000139	6175

313760105000099	313760105000145	4104

313760105000099	313760105000146	6546

313760105000099	313760105000152	9097

313760105000099	313760105000168	2276

313760105000099	313760105000172	5486

313760105000099	313760105000186	6007

313760105000099	313760105000201	1828

313760105000099	313760105000226	5230

313760105000099	313760105000229	5499

313760105000099	313760105000230	4569

313760105000099	313760105000231	4883

313760105000099	313760105000235	2374

313760105000099	313760105000239	1999

313760105000099	313760105000257	2060

313760105000099	313760105000259	2999

313760105000099	313760105000264	6390

313760105000099	313760105000272	3911

313760105000099	313760105000273	4126

313760105000099	313760105000280	7826

313760105000099	313760114000002	6049

313760105000099	313760114000007	6054

313760105000099	313760114000008	5553

313760105000099	313760114000009	4875

313760105000099	313760114000010	8414

313760105000099	313760115000005	9394

313760105000099	313760115000006	12440

313760105000099	313760115000007	11304

313760105000099	313760115000015	7209

313760105000101	313760105000010	2624

313760105000101	313760105000013	1707

313760105000101	313760105000048	5198

313760105000101	313760105000050	5522

313760105000101	313760105000058	5925

313760105000101	313760105000076	2984

313760105000101	313760105000102	1436

313760105000101	313760105000122	4927

313760105000101	313760105000125	3942

313760105000101	313760105000132	5203

313760105000101	313760105000135	7112

313760105000101	313760105000139	8623

313760105000101	313760105000145	2472

313760105000101	313760105000146	7053

313760105000101	313760105000152	11403

313760105000101	313760105000168	4736

313760105000101	313760105000172	7710

313760105000101	313760105000186	8446

313760105000101	313760105000201	1135

313760105000101	313760105000226	7574

313760105000101	313760105000229	7819

313760105000101	313760105000230	5934

313760105000101	313760105000231	6315

313760105000101	313760105000235	4655

313760105000101	313760105000239	3707

313760105000101	313760105000257	3372

313760105000101	313760105000259	5319

313760105000101	313760105000264	7931

313760105000101	313760105000272	3735

313760105000101	313760105000273	3984

313760105000101	313760105000280	9794

313760105000101	313760114000002	3540

313760105000101	313760114000007	3747

313760105000101	313760114000008	3226

313760105000101	313760114000009	2781

313760105000101	313760114000010	6273

313760105000101	313760115000005	11858

313760105000101	313760115000006	14938

313760105000101	313760115000007	13640

313760105000101	313760115000015	9721

313760105000102	313760105000010	3536

313760105000102	313760105000013	2682

313760105000102	313760105000048	6623

313760105000102	313760105000050	4116

313760105000102	313760105000058	4764

313760105000102	313760105000076	3605

313760105000102	313760105000102	0

313760105000102	313760105000122	4397

313760105000102	313760105000125	3531

313760105000102	313760105000132	5108

313760105000102	313760105000135	6978

313760105000102	313760105000139	8588

313760105000102	313760105000145	3906

313760105000102	313760105000146	8218

313760105000102	313760105000152	11582

313760105000102	313760105000168	4728

313760105000102	313760105000172	6872

313760105000102	313760105000186	8432

313760105000102	313760105000201	749

313760105000102	313760105000226	7714

313760105000102	313760105000229	7989

313760105000102	313760105000230	4695

313760105000102	313760105000231	5086

313760105000102	313760105000235	4023

313760105000102	313760105000239	4272

313760105000102	313760105000257	4099

313760105000102	313760105000259	5497

313760105000102	313760105000264	8686

313760105000102	313760105000272	2300

313760105000102	313760105000273	2550

313760105000102	313760105000280	10293

313760105000102	313760114000002	4268

313760105000102	313760114000007	4899

313760105000102	313760114000008	4382

313760105000102	313760114000009	4114

313760105000102	313760114000010	7487

313760105000102	313760115000005	11273

313760105000102	313760115000006	14721

313760105000102	313760115000007	13776

313760105000102	313760115000015	9376

313760105000103	313760105000010	3296

313760105000103	313760105000013	2381

313760105000103	313760105000048	5906

313760105000103	313760105000050	4968

313760105000103	313760105000058	5610

313760105000103	313760105000076	3554

313760105000103	313760105000102	870

313760105000103	313760105000122	4994

313760105000103	313760105000125	4058

313760105000103	313760105000132	5493

313760105000103	313760105000135	7397

313760105000103	313760105000139	8961

313760105000103	313760105000145	3131

313760105000103	313760105000146	7804

313760105000103	313760105000152	11844

313760105000103	313760105000168	5062

313760105000103	313760105000172	7618

313760105000103	313760105000186	8793

313760105000103	313760105000201	1022

313760105000103	313760105000226	7987

313760105000103	313760105000229	8246

313760105000103	313760105000230	5557

313760105000103	313760105000231	5947

313760105000103	313760105000235	4664

313760105000103	313760105000239	4267

313760105000103	313760105000257	3989

313760105000103	313760105000259	5735

313760105000103	313760105000264	8583

313760105000103	313760105000272	3089

313760105000103	313760105000273	3334

313760105000103	313760105000280	10361

313760105000103	313760114000002	3496

313760105000103	313760114000007	4034

313760105000103	313760114000008	3515

313760105000103	313760114000009	3256

313760105000103	313760114000010	6618

313760105000103	313760115000005	11924

313760105000103	313760115000006	15202

313760105000103	313760115000007	14066

313760105000103	313760115000015	9911

313760105000105	313760105000010	4022

313760105000105	313760105000013	3118

313760105000105	313760105000048	6643

313760105000105	313760105000050	4471

313760105000105	313760105000058	5389

313760105000105	313760105000076	4208

313760105000105	313760105000102	795

313760105000105	313760105000122	5189

313760105000105	313760105000125	4325

313760105000105	313760105000132	5887

313760105000105	313760105000135	7765

313760105000105	313760105000139	9368

313760105000105	313760105000145	3843

313760105000105	313760105000146	8579

313760105000105	313760105000152	12337

313760105000105	313760105000168	5494

313760105000105	313760105000172	7611

313760105000105	313760105000186	9210

313760105000105	313760105000201	1419

313760105000105	313760105000226	8469

313760105000105	313760105000229	8740

313760105000105	313760105000230	5267

313760105000105	313760105000231	5661

313760105000105	313760105000235	4809

313760105000105	313760105000239	4904

313760105000105	313760105000257	4671

313760105000105	313760105000259	6237

313760105000105	313760105000264	9274

313760105000105	313760105000272	2501

313760105000105	313760105000273	2732

313760105000105	313760105000280	10974

313760105000105	313760114000002	3610

313760105000105	313760114000007	4437

313760105000105	313760114000008	3937

313760105000105	313760114000009	3834

313760105000105	313760114000010	7032

313760105000105	313760115000005	12050

313760105000105	313760115000006	15515

313760105000105	313760115000007	14540

313760105000105	313760115000015	10170

313760105000106	313760105000010	3586

313760105000106	313760105000013	3214

313760105000106	313760105000048	7665

313760105000106	313760105000050	3364

313760105000106	313760105000058	2814

313760105000106	313760105000076	3115

313760105000106	313760105000102	2467

313760105000106	313760105000122	1992

313760105000106	313760105000125	1344

313760105000106	313760105000132	3084

313760105000106	313760105000135	4787

313760105000106	313760105000139	6441

313760105000106	313760105000145	5403

313760105000106	313760105000146	8118

313760105000106	313760105000152	9592

313760105000106	313760105000168	2873

313760105000106	313760105000172	4455

313760105000106	313760105000186	6309

313760105000106	313760105000201	2191

313760105000106	313760105000226	5791

313760105000106	313760105000229	6091

313760105000106	313760105000230	2977

313760105000106	313760105000231	3309

313760105000106	313760105000235	1575

313760105000106	313760105000239	3462

313760105000106	313760105000257	3628

313760105000106	313760105000259	3802

313760105000106	313760105000264	7654

313760105000106	313760105000272	2778

313760105000106	313760105000273	2940

313760105000106	313760105000280	8755

313760105000106	313760114000002	6662

313760105000106	313760114000007	7028

313760105000106	313760114000008	6508

313760105000106	313760114000009	5993

313760105000106	313760114000010	9531

313760105000106	313760115000005	8807

313760105000106	313760115000006	12365

313760105000106	313760115000007	11709

313760105000106	313760115000015	6982

313760105000108	313760105000010	2829

313760105000108	313760105000013	2758

313760105000108	313760105000048	7051

313760105000108	313760105000050	4516

313760105000108	313760105000058	3567

313760105000108	313760105000076	2191

313760105000108	313760105000102	3124

313760105000108	313760105000122	1506

313760105000108	313760105000125	500

313760105000108	313760105000132	2012

313760105000108	313760105000135	3855

313760105000108	313760105000139	5476

313760105000108	313760105000145	5128

313760105000108	313760105000146	7076

313760105000108	313760105000152	8542

313760105000108	313760105000168	1715

313760105000108	313760105000172	4462

313760105000108	313760105000186	5326

313760105000108	313760105000201	2586

313760105000108	313760105000226	4696

313760105000108	313760105000229	4987

313760105000108	313760105000230	3857

313760105000108	313760105000231	4128

313760105000108	313760105000235	1360

313760105000108	313760105000239	2376

313760105000108	313760105000257	2648

313760105000108	313760105000259	2616

313760105000108	313760105000264	6452

313760105000108	313760105000272	3951

313760105000108	313760105000273	4127

313760105000108	313760105000280	7572

313760105000108	313760114000002	6989

313760105000108	313760114000007	7070

313760105000108	313760114000008	6565

313760105000108	313760114000009	5902

313760105000108	313760114000010	9442

313760105000108	313760115000005	8407

313760105000108	313760115000006	11613

313760105000108	313760115000007	10703

313760105000108	313760115000015	6309

313760105000109	313760105000010	3087

313760105000109	313760105000013	3025

313760105000109	313760105000048	7313

313760105000109	313760105000050	4392

313760105000109	313760105000058	3343

313760105000109	313760105000076	2434

313760105000109	313760105000102	3277

313760105000109	313760105000122	1255

313760105000109	313760105000125	261

313760105000109	313760105000132	1936

313760105000109	313760105000135	3726

313760105000109	313760105000139	5363

313760105000109	313760105000145	5393

313760105000109	313760105000146	7275

313760105000109	313760105000152	8466

313760105000109	313760105000168	1702

313760105000109	313760105000172	4196

313760105000109	313760105000186	5219

313760105000109	313760105000201	2776

313760105000109	313760105000226	4640

313760105000109	313760105000229	4937

313760105000109	313760105000230	3653

313760105000109	313760105000231	3911

313760105000109	313760105000235	1092

313760105000109	313760105000239	2576

313760105000109	313760105000257	2876

313760105000109	313760105000259	2634

313760105000109	313760105000264	6550

313760105000109	313760105000272	3948

313760105000109	313760105000273	4111

313760105000109	313760105000280	7585

313760105000109	313760114000002	7210

313760105000109	313760114000007	7320

313760105000109	313760114000008	6813

313760105000109	313760114000009	6160

313760105000109	313760114000010	9703

313760105000109	313760115000005	8176

313760105000109	313760115000006	11445

313760105000109	313760115000007	10610

313760105000109	313760115000015	6118

313760105000110	313760105000010	3644

313760105000110	313760105000013	3360

313760105000110	313760105000048	7789

313760105000110	313760105000050	3489

313760105000110	313760105000058	2689

313760105000110	313760105000076	3106

313760105000110	313760105000102	2825

313760105000110	313760105000122	1623

313760105000110	313760105000125	1045

313760105000110	313760105000132	2774

313760105000110	313760105000135	4437

313760105000110	313760105000139	6093

313760105000110	313760105000145	5615

313760105000110	313760105000146	8069

313760105000110	313760105000152	9258

313760105000110	313760105000168	2603

313760105000110	313760105000172	4138

313760105000110	313760105000186	5964

313760105000110	313760105000201	2511

313760105000110	313760105000226	5477

313760105000110	313760105000229	5778

313760105000110	313760105000230	2912

313760105000110	313760105000231	3217

313760105000110	313760105000235	1207

313760105000110	313760105000239	3379

313760105000110	313760105000257	3600

313760105000110	313760105000259	3544

313760105000110	313760105000264	7465

313760105000110	313760105000272	3084

313760105000110	313760105000273	3231

313760105000110	313760105000280	8486

313760105000110	313760114000002	6995

313760105000110	313760114000007	7315

313760105000110	313760114000008	6796

313760105000110	313760114000009	6250

313760105000110	313760114000010	9796

313760105000110	313760115000005	8449

313760105000110	313760115000006	11996

313760105000110	313760115000007	11365

313760105000110	313760115000015	6612

313760105000112	313760105000010	4397

313760105000112	313760105000013	4017

313760105000112	313760105000048	8470

313760105000112	313760105000050	2666

313760105000112	313760105000058	2031

313760105000112	313760105000076	3906

313760105000112	313760105000102	2911

313760105000112	313760105000122	2067

313760105000112	313760105000125	1802

313760105000112	313760105000132	3458

313760105000112	313760105000135	4965

313760105000112	313760105000139	6617

313760105000112	313760105000145	6159

313760105000112	313760105000146	8890

313760105000112	313760105000152	9832

313760105000112	313760105000168	3356

313760105000112	313760105000172	3983

313760105000112	313760105000186	6505

313760105000112	313760105000201	2807

313760105000112	313760105000226	6123

313760105000112	313760105000229	6429

313760105000112	313760105000230	2166

313760105000112	313760105000231	2504

313760105000112	313760105000235	1588

313760105000112	313760105000239	4207

313760105000112	313760105000257	4410

313760105000112	313760105000259	4304

313760105000112	313760105000264	8275

313760105000112	313760105000272	2528

313760105000112	313760105000273	2631

313760105000112	313760105000280	9212

313760105000112	313760114000002	7176

313760105000112	313760114000007	7671

313760105000112	313760114000008	7149

313760105000112	313760114000009	6693

313760105000112	313760114000010	10208

313760105000112	313760115000005	8505

313760105000112	313760115000006	12297

313760105000112	313760115000007	11887

313760105000112	313760115000015	6898

313760105000114	313760105000010	5265

313760105000114	313760105000013	4621

313760105000114	313760105000048	8927

313760105000114	313760105000050	1681

313760105000114	313760105000058	2719

313760105000114	313760105000076	4990

313760105000114	313760105000102	2445

313760105000114	313760105000122	3817

313760105000114	313760105000125	3439

313760105000114	313760105000132	5159

313760105000114	313760105000135	6715

313760105000114	313760105000139	8367

313760105000114	313760105000145	6304

313760105000114	313760105000146	9980

313760105000114	313760105000152	11580

313760105000114	313760105000168	4994

313760105000114	313760105000172	5321

313760105000114	313760105000186	8255

313760105000114	313760105000201	2808

313760105000114	313760105000226	7849

313760105000114	313760105000229	8153

313760105000114	313760105000230	2480

313760105000114	313760105000231	2869

313760105000114	313760105000235	3338

313760105000114	313760105000239	5463

313760105000114	313760105000257	5525

313760105000114	313760105000259	5930

313760105000114	313760105000264	9763

313760105000114	313760105000272	826

313760105000114	313760105000273	885

313760105000114	313760105000280	10878

313760105000114	313760114000002	6442

313760105000114	313760114000007	7293

313760105000114	313760114000008	6784

313760105000114	313760114000009	6559

313760105000114	313760114000010	9889

313760105000114	313760115000005	9973

313760105000114	313760115000006	13957

313760105000114	313760115000007	13636

313760105000114	313760115000015	8568

313760105000115	313760105000010	4980

313760105000115	313760105000013	4542

313760105000115	313760105000048	8991

313760105000115	313760105000050	2031

313760105000115	313760105000058	1669

313760105000115	313760105000076	4520

313760105000115	313760105000102	3096

313760105000115	313760105000122	2564

313760105000115	313760105000125	2424

313760105000115	313760105000132	4037

313760105000115	313760105000135	5447

313760105000115	313760105000139	7084

313760105000115	313760105000145	6592

313760105000115	313760105000146	9516

313760105000115	313760105000152	10320

313760105000115	313760105000168	3966

313760105000115	313760105000172	4016

313760105000115	313760105000186	6983

313760105000115	313760105000201	3139

313760105000115	313760105000226	6666

313760105000115	313760105000229	6974

313760105000115	313760105000230	1674

313760105000115	313760105000231	2046

313760105000115	313760105000235	2089

313760105000115	313760105000239	4840

313760105000115	313760105000257	5030

313760105000115	313760105000259	4914

313760105000115	313760105000264	8906

313760105000115	313760105000272	2188

313760105000115	313760105000273	2238

313760105000115	313760105000280	9797

313760105000115	313760114000002	7343

313760105000115	313760114000007	7962

313760105000115	313760114000008	7441

313760105000115	313760114000009	7053

313760105000115	313760114000010	10529

313760105000115	313760115000005	8639

313760105000115	313760115000006	12593

313760105000115	313760115000007	12338

313760105000115	313760115000015	7206

313760105000118	313760105000010	4977

313760105000118	313760105000013	4696

313760105000118	313760105000048	9131

313760105000118	313760105000050	2654

313760105000118	313760105000058	1351

313760105000118	313760105000076	4404

313760105000118	313760105000102	3729

313760105000118	313760105000122	1823

313760105000118	313760105000125	1987

313760105000118	313760105000132	3389

313760105000118	313760105000135	4638

313760105000118	313760105000139	6257

313760105000118	313760105000145	6910

313760105000118	313760105000146	9295

313760105000118	313760105000152	9504

313760105000118	313760105000168	3412

313760105000118	313760105000172	3194

313760105000118	313760105000186	6166

313760105000118	313760105000201	3617

313760105000118	313760105000226	5926

313760105000118	313760105000229	6234

313760105000118	313760105000230	1633

313760105000118	313760105000231	1899

313760105000118	313760105000235	1383

313760105000118	313760105000239	4596

313760105000118	313760105000257	4875

313760105000118	313760105000259	4343

313760105000118	313760105000264	8406

313760105000118	313760105000272	3082

313760105000118	313760105000273	3131

313760105000118	313760105000280	9121

313760105000118	313760114000002	7995

313760105000118	313760114000007	8481

313760105000118	313760114000008	7959

313760105000118	313760114000009	7483

313760105000118	313760114000010	11008

313760105000118	313760115000005	7774

313760105000118	313760115000006	11700

313760105000118	313760115000007	11491

313760105000118	313760115000015	6314

313760105000120	313760105000010	3955

313760105000120	313760105000013	3694

313760105000120	313760105000048	8117

313760105000120	313760105000050	3324

313760105000120	313760105000058	2373

313760105000120	313760105000076	3393

313760105000120	313760105000102	3088

313760105000120	313760105000122	1479

313760105000120	313760105000125	1132

313760105000120	313760105000132	2791

313760105000120	313760105000135	4357

313760105000120	313760105000139	6013

313760105000120	313760105000145	5953

313760105000120	313760105000146	8323

313760105000120	313760105000152	9208

313760105000120	313760105000168	2682

313760105000120	313760105000172	3827

313760105000120	313760105000186	5893

313760105000120	313760105000201	2818

313760105000120	313760105000226	5469

313760105000120	313760105000229	5774

313760105000120	313760105000230	2623

313760105000120	313760105000231	2913

313760105000120	313760105000235	1020

313760105000120	313760105000239	3624

313760105000120	313760105000257	3874

313760105000120	313760105000259	3630

313760105000120	313760105000264	7613

313760105000120	313760105000272	3122

313760105000120	313760105000273	3247

313760105000120	313760105000280	8541

313760105000120	313760114000002	7292

313760105000120	313760114000007	7640

313760105000120	313760114000008	7120

313760105000120	313760114000009	6583

313760105000120	313760114000010	10128

313760105000120	313760115000005	8192

313760105000120	313760115000006	11821

313760105000120	313760115000007	11288

313760105000120	313760115000015	6426

313760105000122	313760105000010	4168

313760105000122	313760105000013	4232

313760105000122	313760105000048	8388

313760105000122	313760105000050	4475

313760105000122	313760105000058	2852

313760105000122	313760105000076	3434

313760105000122	313760105000102	4397

313760105000122	313760105000122	0

313760105000122	313760105000125	1006

313760105000122	313760105000132	1598

313760105000122	313760105000135	2899

313760105000122	313760105000139	4551

313760105000122	313760105000145	6615

313760105000122	313760105000146	7918

313760105000122	313760105000152	7768

313760105000122	313760105000168	1736

313760105000122	313760105000172	3003

313760105000122	313760105000186	4439

313760105000122	313760105000201	3974

313760105000122	313760105000226	4112

313760105000122	313760105000229	4420

313760105000122	313760105000230	3291

313760105000122	313760105000231	3437

313760105000122	313760105000235	479

313760105000122	313760105000239	3359

313760105000122	313760105000257	3781

313760105000122	313760105000259	2604

313760105000122	313760105000264	6687

313760105000122	313760105000272	4586

313760105000122	313760105000273	4696

313760105000122	313760105000280	7299

313760105000122	313760114000002	8442

313760105000122	313760114000007	8574

313760105000122	313760114000008	8068

313760105000122	313760114000009	7407

313760105000122	313760114000010	10945

313760105000122	313760115000005	6939

313760105000122	313760115000006	10373

313760105000122	313760115000007	9822

313760105000122	313760115000015	4994

313760105000123	313760105000010	3345

313760105000123	313760105000013	3490

313760105000123	313760105000048	7550

313760105000123	313760105000050	4940

313760105000123	313760105000058	3567

313760105000123	313760105000076	2595

313760105000123	313760105000102	4081

313760105000123	313760105000122	857

313760105000123	313760105000125	594

313760105000123	313760105000132	1153

313760105000123	313760105000135	2909

313760105000123	313760105000139	4547

313760105000123	313760105000145	5876

313760105000123	313760105000146	7094

313760105000123	313760105000152	7663

313760105000123	313760105000168	1047

313760105000123	313760105000172	3825

313760105000123	313760105000186	4404

313760105000123	313760105000201	3547

313760105000123	313760105000226	3858

313760105000123	313760105000229	4158

313760105000123	313760105000230	3959

313760105000123	313760105000231	4154

313760105000123	313760105000235	1050

313760105000123	313760105000239	2503

313760105000123	313760105000257	2927

313760105000123	313760105000259	1991

313760105000123	313760105000264	6036

313760105000123	313760105000272	4704

313760105000123	313760105000273	4853

313760105000123	313760105000280	6886

313760105000123	313760114000002	7922

313760105000123	313760114000007	7927

313760105000123	313760114000008	7431

313760105000123	313760114000009	6720

313760105000123	313760114000010	10235

313760105000123	313760115000005	7511

313760105000123	313760115000006	10650

313760105000123	313760115000007	9797

313760105000123	313760115000015	5353

313760105000124	313760105000010	3490

313760105000124	313760105000013	3501

313760105000124	313760105000048	7721

313760105000124	313760105000050	4429

313760105000124	313760105000058	3133

313760105000124	313760105000076	2790

313760105000124	313760105000102	3745

313760105000124	313760105000122	744

313760105000124	313760105000125	262

313760105000124	313760105000132	1654

313760105000124	313760105000135	3323

313760105000124	313760105000139	4975

313760105000124	313760105000145	5880

313760105000124	313760105000146	7479

313760105000124	313760105000152	8128

313760105000124	313760105000168	1556

313760105000124	313760105000172	3718

313760105000124	313760105000186	4842

313760105000124	313760105000201	3274

313760105000124	313760105000226	4348

313760105000124	313760105000229	4651

313760105000124	313760105000230	3499

313760105000124	313760105000231	3716

313760105000124	313760105000235	678

313760105000124	313760105000239	2818

313760105000124	313760105000257	3185

313760105000124	313760105000259	2503

313760105000124	313760105000264	6532

313760105000124	313760105000272	4214

313760105000124	313760105000273	4357

313760105000124	313760105000280	7400

313760105000124	313760114000002	7721

313760105000124	313760114000007	7830

313760105000124	313760114000008	7324

313760105000124	313760114000009	6663

313760105000124	313760114000010	10203

313760105000124	313760115000005	7663

313760105000124	313760115000006	10979

313760105000124	313760115000007	10242

313760105000124	313760115000015	5633

313760105000125	313760105000010	3253

313760105000125	313760105000013	3242

313760105000125	313760105000048	7484

313760105000125	313760105000050	4454

313760105000125	313760105000058	3277

313760105000125	313760105000076	2569

313760105000125	313760105000102	3531

313760105000125	313760105000122	1006

313760105000125	313760105000125	0

313760105000125	313760105000132	1740

313760105000125	313760105000135	3490

313760105000125	313760105000139	5133

313760105000125	313760105000145	5619

313760105000125	313760105000146	7326

313760105000125	313760105000152	8256

313760105000125	313760105000168	1562

313760105000125	313760105000172	3975

313760105000125	313760105000186	4993

313760105000125	313760105000201	3037

313760105000125	313760105000226	4448

313760105000125	313760105000229	4747

313760105000125	313760105000230	3616

313760105000125	313760105000231	3853

313760105000125	313760105000235	903

313760105000125	313760105000239	2642

313760105000125	313760105000257	2983

313760105000125	313760105000259	2507

313760105000125	313760105000264	6485

313760105000125	313760105000272	4118

313760105000125	313760105000273	4273

313760105000125	313760105000280	7441

313760105000125	313760114000002	7471

313760105000125	313760114000007	7569

313760105000125	313760114000008	7064

313760105000125	313760114000009	6401

313760105000125	313760114000010	9940

313760105000125	313760115000005	7917

313760105000125	313760115000006	11190

313760105000125	313760115000007	10389

313760105000125	313760115000015	5859

313760105000126	313760105000010	2836

313760105000126	313760105000013	3327

313760105000126	313760105000048	6791

313760105000126	313760105000050	6255

313760105000126	313760105000058	4902

313760105000126	313760105000076	2056

313760105000126	313760105000102	4761

313760105000126	313760105000122	2087

313760105000126	313760105000125	1804

313760105000126	313760105000132	815

313760105000126	313760105000135	2536

313760105000126	313760105000139	3967

313760105000126	313760105000145	5583

313760105000126	313760105000146	5865

313760105000126	313760105000152	6826

313760105000126	313760105000168	366

313760105000126	313760105000172	4757

313760105000126	313760105000186	3788

313760105000126	313760105000201	4098

313760105000126	313760105000226	2959

313760105000126	313760105000229	3229

313760105000126	313760105000230	5304

313760105000126	313760105000231	5490

313760105000126	313760105000235	2385

313760105000126	313760105000239	1612

313760105000126	313760105000257	2149

313760105000126	313760105000259	753

313760105000126	313760105000264	4694

313760105000126	313760105000272	5822

313760105000126	313760105000273	5997

313760105000126	313760105000280	5702

313760105000126	313760114000002	8119

313760105000126	313760114000007	7841

313760105000126	313760114000008	7381

313760105000126	313760114000009	6558

313760105000126	313760114000010	9946

313760105000126	313760115000005	7763

313760105000126	313760115000006	10326

313760105000126	313760115000007	9036

313760105000126	313760115000015	5299

313760105000127	313760105000010	2890

313760105000127	313760105000013	3272

313760105000127	313760105000048	6964

313760105000127	313760105000050	5839

313760105000127	313760105000058	4498

313760105000127	313760105000076	2101

313760105000127	313760105000102	4481

313760105000127	313760105000122	1706

313760105000127	313760105000125	1392

313760105000127	313760105000132	742

313760105000127	313760105000135	2630

313760105000127	313760105000139	4151

313760105000127	313760105000145	5592

313760105000127	313760105000146	6217

313760105000127	313760105000152	7105

313760105000127	313760105000168	251

313760105000127	313760105000172	4482

313760105000127	313760105000186	3983

313760105000127	313760105000201	3845

313760105000127	313760105000226	3239

313760105000127	313760105000229	3522

313760105000127	313760105000230	4894

313760105000127	313760105000231	5085

313760105000127	313760105000235	1979

313760105000127	313760105000239	1788

313760105000127	313760105000257	2292

313760105000127	313760105000259	1128

313760105000127	313760105000264	5111

313760105000127	313760105000272	5442

313760105000127	313760105000273	5612

313760105000127	313760105000280	6082

313760105000127	313760114000002	7987

313760105000127	313760114000007	7794

313760105000127	313760114000008	7322

313760105000127	313760114000009	6530

313760105000127	313760114000010	9969

313760105000127	313760115000005	7709

313760105000127	313760115000006	10455

313760105000127	313760115000007	9296

313760105000127	313760115000015	5328

313760105000128	313760105000010	4195

313760105000128	313760105000013	4409

313760105000128	313760105000048	8350

313760105000128	313760105000050	5168

313760105000128	313760105000058	3452

313760105000128	313760105000076	3421

313760105000128	313760105000102	4929

313760105000128	313760105000122	705

313760105000128	313760105000125	1404

313760105000128	313760105000132	1037

313760105000128	313760105000135	2206

313760105000128	313760105000139	3862

313760105000128	313760105000145	6789

313760105000128	313760105000146	7570

313760105000128	313760105000152	7069

313760105000128	313760105000168	1347

313760105000128	313760105000172	3065

313760105000128	313760105000186	3745

313760105000128	313760105000201	4439

313760105000128	313760105000226	3412

313760105000128	313760105000229	3720

313760105000128	313760105000230	3918

313760105000128	313760105000231	4029

313760105000128	313760105000235	1182

313760105000128	313760105000239	3197

313760105000128	313760105000257	3681

313760105000128	313760105000259	2074

313760105000128	313760105000264	6123

313760105000128	313760105000272	5271

313760105000128	313760105000273	5389

313760105000128	313760105000280	6620

313760105000128	313760114000002	8848

313760105000128	313760114000007	8862

313760105000128	313760114000008	8367

313760105000128	313760114000009	7650

313760105000128	313760114000010	11157

313760105000128	313760115000005	6574

313760105000128	313760115000006	9794

313760105000128	313760115000007	9137

313760105000128	313760115000015	4455

313760105000129	313760105000010	5106

313760105000129	313760105000013	5200

313760105000129	313760105000048	9310

313760105000129	313760105000050	4612

313760105000129	313760105000058	2651

313760105000129	313760105000076	4356

313760105000129	313760105000102	5239

313760105000129	313760105000122	969

313760105000129	313760105000125	1973

313760105000129	313760105000132	2077

313760105000129	313760105000135	2681

313760105000129	313760105000139	4238

313760105000129	313760105000145	7584

313760105000129	313760105000146	8628

313760105000129	313760105000152	7490

313760105000129	313760105000168	2403

313760105000129	313760105000172	2064

313760105000129	313760105000186	4165

313760105000129	313760105000201	4874

313760105000129	313760105000226	4103

313760105000129	313760105000229	4404

313760105000129	313760105000230	3157

313760105000129	313760105000231	3192

313760105000129	313760105000235	1223

313760105000129	313760105000239	4208

313760105000129	313760105000257	4666

313760105000129	313760105000259	3106

313760105000129	313760105000264	7101

313760105000129	313760105000272	5108

313760105000129	313760105000273	5180

313760105000129	313760105000280	7387

313760105000129	313760114000002	9359

313760105000129	313760114000007	9533

313760105000129	313760114000008	9025

313760105000129	313760114000009	8374

313760105000129	313760114000010	11913

313760105000129	313760115000005	6040

313760105000129	313760115000006	9686

313760105000129	313760115000007	9435

313760105000129	313760115000015	4287

313760105000132	313760105000010	3606

313760105000132	313760105000013	4014

313760105000132	313760105000048	7605

313760105000132	313760105000050	6020

313760105000132	313760105000058	4444

313760105000132	313760105000076	2818

313760105000132	313760105000102	5108

313760105000132	313760105000122	1598

313760105000132	313760105000125	1740

313760105000132	313760105000132	0

313760105000132	313760105000135	1910

313760105000132	313760105000139	3482

313760105000132	313760105000145	6326

313760105000132	313760105000146	6573

313760105000132	313760105000152	6533

313760105000132	313760105000168	522

313760105000132	313760105000172	3992

313760105000132	313760105000186	3324

313760105000132	313760105000201	4507

313760105000132	313760105000226	2708

313760105000132	313760105000229	3007

313760105000132	313760105000230	4889

313760105000132	313760105000231	5027

313760105000132	313760105000235	2006

313760105000132	313760105000239	2423

313760105000132	313760105000257	2955

313760105000132	313760105000259	1037

313760105000132	313760105000264	5102

313760105000132	313760105000272	5856

313760105000132	313760105000273	6005

313760105000132	313760105000280	5760

313760105000132	313760114000002	8716

313760105000132	313760114000007	8537

313760105000132	313760114000008	8064

313760105000132	313760114000009	7271

313760105000132	313760114000010	10701

313760105000132	313760115000005	6983

313760105000132	313760115000006	9735

313760105000132	313760115000007	8691

313760105000132	313760115000015	4585

313760105000133	313760105000010	4191

313760105000133	313760105000013	4684

313760105000133	313760105000048	8024

313760105000133	313760105000050	6610

313760105000133	313760105000058	4885

313760105000133	313760105000076	3416

313760105000133	313760105000102	5876

313760105000133	313760105000122	2135

313760105000133	313760105000125	2475

313760105000133	313760105000132	768

313760105000133	313760105000135	1179

313760105000133	313760105000139	2715

313760105000133	313760105000145	6944

313760105000133	313760105000146	6632

313760105000133	313760105000152	5781

313760105000133	313760105000168	1209

313760105000133	313760105000172	3973

313760105000133	313760105000186	2556

313760105000133	313760105000201	5272

313760105000133	313760105000226	1998

313760105000133	313760105000229	2304

313760105000133	313760105000230	5361

313760105000133	313760105000231	5453

313760105000133	313760105000235	2593

313760105000133	313760105000239	2916

313760105000133	313760105000257	3465

313760105000133	313760105000259	1094

313760105000133	313760105000264	4802

313760105000133	313760105000272	6572

313760105000133	313760105000273	6712

313760105000133	313760105000280	5168

313760105000133	313760114000002	9441

313760105000133	313760114000007	9203

313760105000133	313760114000008	8740

313760105000133	313760114000009	7921

313760105000133	313760114000010	11302

313760105000133	313760115000005	6446

313760105000133	313760115000006	8999

313760105000133	313760115000007	7928

313760105000133	313760115000015	3938

313760105000134	313760105000010	4499

313760105000134	313760105000013	4836

313760105000134	313760105000048	8536

313760105000134	313760105000050	5848

313760105000134	313760105000058	4029

313760105000134	313760105000076	3710

313760105000134	313760105000102	5599

313760105000134	313760105000122	1426

313760105000134	313760105000125	2071

313760105000134	313760105000132	932

313760105000134	313760105000135	1476

313760105000134	313760105000139	3132

313760105000134	313760105000145	7185

313760105000134	313760105000146	7423

313760105000134	313760105000152	6342

313760105000134	313760105000168	1431

313760105000134	313760105000172	3133

313760105000134	313760105000186	3015

313760105000134	313760105000201	5073

313760105000134	313760105000226	2739

313760105000134	313760105000229	3046

313760105000134	313760105000230	4518

313760105000134	313760105000231	4589

313760105000134	313760105000235	1905

313760105000134	313760105000239	3352

313760105000134	313760105000257	3878

313760105000134	313760105000259	1826

313760105000134	313760105000264	5699

313760105000134	313760105000272	6002

313760105000134	313760105000273	6118

313760105000134	313760105000280	5994

313760105000134	313760114000002	9420

313760105000134	313760114000007	9342

313760105000134	313760114000008	8858

313760105000134	313760114000009	8098

313760105000134	313760114000010	11564

313760105000134	313760115000005	6113

313760105000134	313760115000006	9126

313760105000134	313760115000007	8406

313760105000134	313760115000015	3838

313760105000135	313760105000010	5344

313760105000135	313760105000013	5862

313760105000135	313760105000048	9049

313760105000135	313760105000050	7261

313760105000135	313760105000058	5326

313760105000135	313760105000076	4578

313760105000135	313760105000102	6978

313760105000135	313760105000122	2899

313760105000135	313760105000125	3490

313760105000135	313760105000132	1910

313760105000135	313760105000135	0

313760105000135	313760105000139	1657

313760105000135	313760105000145	8103

313760105000135	313760105000146	7307

313760105000135	313760105000152	4873

313760105000135	313760105000168	2385

313760105000135	313760105000172	3760

313760105000135	313760105000186	1540

313760105000135	313760105000201	6403

313760105000135	313760105000226	1520

313760105000135	313760105000229	1796

313760105000135	313760105000230	5837

313760105000135	313760105000231	5853

313760105000135	313760105000235	3378

313760105000135	313760105000239	4039

313760105000135	313760105000257	4589

313760105000135	313760105000259	2123

313760105000135	313760105000264	5029

313760105000135	313760105000272	7477

313760105000135	313760105000273	7594

313760105000135	313760105000280	4797

313760105000135	313760114000002	10617

313760105000135	313760114000007	10377

313760105000135	313760114000008	9917

313760105000135	313760114000009	9092

313760105000135	313760114000010	12449

313760105000135	313760115000005	5400

313760105000135	313760115000006	7827

313760105000135	313760115000007	6932

313760105000135	313760115000015	2797

313760105000136	313760105000010	5655

313760105000136	313760105000013	6225

313760105000136	313760105000048	9216

313760105000136	313760105000050	7790

313760105000136	313760105000058	5839

313760105000136	313760105000076	4908

313760105000136	313760105000102	7457

313760105000136	313760105000122	3428

313760105000136	313760105000125	3992

313760105000136	313760105000132	2358

313760105000136	313760105000135	532

313760105000136	313760105000139	1141

313760105000136	313760105000145	8415

313760105000136	313760105000146	7262

313760105000136	313760105000152	4342

313760105000136	313760105000168	2800

313760105000136	313760105000172	4147

313760105000136	313760105000186	1012

313760105000136	313760105000201	6865

313760105000136	313760105000226	1162

313760105000136	313760105000229	1394

313760105000136	313760105000230	6352

313760105000136	313760105000231	6358

313760105000136	313760105000235	3908

313760105000136	313760105000239	4324

313760105000136	313760105000257	4869

313760105000136	313760105000259	2390

313760105000136	313760105000264	4802

313760105000136	313760105000272	8003

313760105000136	313760105000273	8122

313760105000136	313760105000280	4358

313760105000136	313760114000002	11020

313760105000136	313760114000007	10722

313760105000136	313760114000008	10272

313760105000136	313760114000009	9426

313760105000136	313760114000010	12734

313760105000136	313760115000005	5296

313760105000136	313760115000006	7421

313760105000136	313760115000007	6410

313760105000136	313760115000015	2601

313760105000138	313760105000010	6796

313760105000138	313760105000013	7414

313760105000138	313760105000048	10144

313760105000138	313760105000050	8872

313760105000138	313760105000058	6836

313760105000138	313760105000076	6072

313760105000138	313760105000102	8705

313760105000138	313760105000122	4616

313760105000138	313760105000125	5231

313760105000138	313760105000132	3604

313760105000138	313760105000135	1742

313760105000138	313760105000139	213

313760105000138	313760105000145	9545

313760105000138	313760105000146	7833

313760105000138	313760105000152	3238

313760105000138	313760105000168	4036

313760105000138	313760105000172	4785

313760105000138	313760105000186	412

313760105000138	313760105000201	8111

313760105000138	313760105000226	1588

313760105000138	313760105000229	1581

313760105000138	313760105000230	7357

313760105000138	313760105000231	7319

313760105000138	313760105000235	5092

313760105000138	313760105000239	5451

313760105000138	313760105000257	5984

313760105000138	313760105000259	3538

313760105000138	313760105000264	5033

313760105000138	313760105000272	9201

313760105000138	313760105000273	9310

313760105000138	313760105000280	3930

313760105000138	313760114000002	12234

313760105000138	313760114000007	11882

313760105000138	313760114000008	11443

313760105000138	313760114000009	10577

313760105000138	313760114000010	13821

313760105000138	313760115000005	4709

313760105000138	313760115000006	6230

313760105000138	313760115000007	5208

313760105000138	313760115000015	1995

313760105000139	313760105000010	6621

313760105000139	313760105000013	7251

313760105000139	313760105000048	9939

313760105000139	313760105000050	8850

313760105000139	313760105000058	6836

313760105000139	313760105000076	5903

313760105000139	313760105000102	8588

313760105000139	313760105000122	4551

313760105000139	313760105000125	5133

313760105000139	313760105000132	3482

313760105000139	313760105000135	1657

313760105000139	313760105000139	0

313760105000139	313760105000145	9366

313760105000139	313760105000146	7621

313760105000139	313760105000152	3252

313760105000139	313760105000168	3900

313760105000139	313760105000172	4855

313760105000139	313760105000186	204

313760105000139	313760105000201	7985

313760105000139	313760105000226	1378

313760105000139	313760105000229	1368

313760105000139	313760105000230	7356

313760105000139	313760105000231	7329

313760105000139	313760105000235	5029

313760105000139	313760105000239	5274

313760105000139	313760105000257	5805

313760105000139	313760105000259	3370

313760105000139	313760105000264	4830

313760105000139	313760105000272	9133

313760105000139	313760105000273	9247

313760105000139	313760105000280	3785

313760105000139	313760114000002	12079

313760105000139	313760114000007	11709

313760105000139	313760114000008	11273

313760105000139	313760114000009	10402

313760105000139	313760114000010	13632

313760105000139	313760115000005	4917

313760105000139	313760115000006	6402

313760105000139	313760115000007	5275

313760105000139	313760115000015	2196

313760105000140	313760105000010	6182

313760105000140	313760105000013	6837

313760105000140	313760105000048	9451

313760105000140	313760105000050	8742

313760105000140	313760105000058	6786

313760105000140	313760105000076	5478

313760105000140	313760105000102	8270

313760105000140	313760105000122	4362

313760105000140	313760105000125	4866

313760105000140	313760105000132	3169

313760105000140	313760105000135	1481

313760105000140	313760105000139	493

313760105000140	313760105000145	8918

313760105000140	313760105000146	7140

313760105000140	313760105000152	3409

313760105000140	313760105000168	3553

313760105000140	313760105000172	4978

313760105000140	313760105000186	292

313760105000140	313760105000201	7648

313760105000140	313760105000226	886

313760105000140	313760105000229	891

313760105000140	313760105000230	7301

313760105000140	313760105000231	7301

313760105000140	313760105000235	4841

313760105000140	313760105000239	4833

313760105000140	313760105000257	5358

313760105000140	313760105000259	2954

313760105000140	313760105000264	4394

313760105000140	313760105000272	8920

313760105000140	313760105000273	9045

313760105000140	313760105000280	3545

313760105000140	313760114000002	11678

313760105000140	313760114000007	11272

313760105000140	313760114000008	10842

313760105000140	313760114000009	9962

313760105000140	313760114000010	13167

313760105000140	313760115000005	5379

313760105000140	313760115000006	6847

313760105000140	313760115000007	5525

313760105000140	313760115000015	2644

313760105000141	313760105000010	5949

313760105000141	313760105000013	6569

313760105000141	313760105000048	9349

313760105000141	313760105000050	8326

313760105000141	313760105000058	6370

313760105000141	313760105000076	5225

313760105000141	313760105000102	7917

313760105000141	313760105000122	3955

313760105000141	313760105000125	4485

313760105000141	313760105000132	2810

313760105000141	313760105000135	1066

313760105000141	313760105000139	686

313760105000141	313760105000145	8699

313760105000141	313760105000146	7190

313760105000141	313760105000152	3813

313760105000141	313760105000168	3218

313760105000141	313760105000172	4603

313760105000141	313760105000186	515

313760105000141	313760105000201	7307

313760105000141	313760105000226	911

313760105000141	313760105000229	1046

313760105000141	313760105000230	6884

313760105000141	313760105000231	6886

313760105000141	313760105000235	4434

313760105000141	313760105000239	4604

313760105000141	313760105000257	5139

313760105000141	313760105000259	2690

313760105000141	313760105000264	4564

313760105000141	313760105000272	8521

313760105000141	313760105000273	8643

313760105000141	313760105000280	3899

313760105000141	313760114000002	11394

313760105000141	313760114000007	11034

313760105000141	313760114000008	10595

313760105000141	313760114000009	9730

313760105000141	313760114000010	12982

313760105000141	313760115000005	5309

313760105000141	313760115000006	7078

313760105000141	313760115000007	5905

313760105000141	313760115000015	2570

313760105000142	313760105000010	5426

313760105000142	313760105000013	6029

313760105000142	313760105000048	8917

313760105000142	313760105000050	7884

313760105000142	313760105000058	5983

313760105000142	313760105000076	4692

313760105000142	313760105000102	7368

313760105000142	313760105000122	3468

313760105000142	313760105000125	3952

313760105000142	313760105000132	2262

313760105000142	313760105000135	673

313760105000142	313760105000139	1237

313760105000142	313760105000145	8182

313760105000142	313760105000146	6922

313760105000142	313760105000152	4316

313760105000142	313760105000168	2665

313760105000142	313760105000172	4411

313760105000142	313760105000186	1067

313760105000142	313760105000201	6756

313760105000142	313760105000226	864

313760105000142	313760105000229	1127

313760105000142	313760105000230	6489

313760105000142	313760105000231	6515

313760105000142	313760105000235	3946

313760105000142	313760105000239	4086

313760105000142	313760105000257	4626

313760105000142	313760105000259	2160

313760105000142	313760105000264	4472

313760105000142	313760105000272	8012

313760105000142	313760105000273	8140

313760105000142	313760105000280	4124

313760105000142	313760114000002	10847

313760105000142	313760114000007	10506

313760105000142	313760114000008	10063

313760105000142	313760114000009	9205

313760105000142	313760114000010	12483

313760105000142	313760115000005	5623

313760105000142	313760115000006	7613

313760105000142	313760115000007	6438

313760105000142	313760115000015	2915

313760105000144	313760105000010	1915

313760105000144	313760105000013	2042

313760105000144	313760105000048	2413

313760105000144	313760105000050	8227

313760105000144	313760105000058	8060

313760105000144	313760105000076	2693

313760105000144	313760105000102	4386

313760105000144	313760105000122	6071

313760105000144	313760105000125	5131

313760105000144	313760105000132	5482

313760105000144	313760105000135	7128

313760105000144	313760105000139	8264

313760105000144	313760105000145	1383

313760105000144	313760105000146	4223

313760105000144	313760105000152	10399

313760105000144	313760105000168	4965

313760105000144	313760105000172	9073

313760105000144	313760105000186	8063

313760105000144	313760105000201	3805

313760105000144	313760105000226	6957

313760105000144	313760105000229	7109

313760105000144	313760105000230	8222

313760105000144	313760105000231	8560

313760105000144	313760105000235	6030

313760105000144	313760105000239	3097

313760105000144	313760105000257	2547

313760105000144	313760105000259	5009

313760105000144	313760105000264	5914

313760105000144	313760105000272	6649

313760105000144	313760105000273	6899

313760105000144	313760105000280	8206

313760105000144	313760114000002	4747

313760105000144	313760114000007	3733

313760105000144	313760114000008	3432

313760105000144	313760114000009	2464

313760105000144	313760114000010	5369

313760105000144	313760115000005	12449

313760105000144	313760115000006	14631

313760105000144	313760115000007	12632

313760105000144	313760115000015	9926

313760105000145	313760105000010	2761

313760105000145	313760105000013	2387

313760105000145	313760105000048	2818

313760105000145	313760105000050	7984

313760105000145	313760105000058	8189

313760105000145	313760105000076	3527

313760105000145	313760105000102	3906

313760105000145	313760105000122	6615

313760105000145	313760105000125	5619

313760105000145	313760105000132	6326

313760105000145	313760105000135	8103

313760105000145	313760105000139	9366

313760105000145	313760105000145	0

313760105000145	313760105000146	5496

313760105000145	313760105000152	11669

313760105000145	313760105000168	5805

313760105000145	313760105000172	9589

313760105000145	313760105000186	9168

313760105000145	313760105000201	3518

313760105000145	313760105000226	8108

313760105000145	313760105000229	8285

313760105000145	313760105000230	8266

313760105000145	313760105000231	8633

313760105000145	313760105000235	6478

313760105000145	313760105000239	4096

313760105000145	313760105000257	3561

313760105000145	313760105000259	6026

313760105000145	313760105000264	7292

313760105000145	313760105000272	6201

313760105000145	313760105000273	6449

313760105000145	313760105000280	9556

313760105000145	313760114000002	3373

313760105000145	313760114000007	2404

313760105000145	313760114000008	2062

313760105000145	313760114000009	1099

313760105000145	313760114000010	4378

313760105000145	313760115000005	13298

313760105000145	313760115000006	15764

313760105000145	313760115000007	13912

313760105000145	313760115000015	10881

313760105000146	313760105000010	4746

313760105000146	313760105000013	5539

313760105000146	313760105000048	3750

313760105000146	313760105000050	11459

313760105000146	313760105000058	10603

313760105000146	313760105000076	5016

313760105000146	313760105000102	8218

313760105000146	313760105000122	7918

313760105000146	313760105000125	7326

313760105000146	313760105000132	6573

313760105000146	313760105000135	7307

313760105000146	313760105000139	7621

313760105000146	313760105000145	5496

313760105000146	313760105000146	0

313760105000146	313760105000152	8416

313760105000146	313760105000168	6230

313760105000146	313760105000172	10552

313760105000146	313760105000186	7430

313760105000146	313760105000201	7513

313760105000146	313760105000226	6290

313760105000146	313760105000229	6253

313760105000146	313760105000230	10928

313760105000146	313760105000231	11179

313760105000146	313760105000235	8130

313760105000146	313760105000239	4701

313760105000146	313760105000257	4492

313760105000146	313760105000259	5597

313760105000146	313760105000264	3174

313760105000146	313760105000272	10278

313760105000146	313760105000273	10517

313760105000146	313760105000280	5645

313760105000146	313760114000002	8821

313760105000146	313760114000007	7499

313760105000146	313760114000008	7357

313760105000146	313760114000009	6438

313760105000146	313760114000010	8108

313760105000146	313760115000005	12499

313760105000146	313760115000006	13243

313760105000146	313760115000007	10409

313760105000146	313760115000015	9758

313760105000147	313760105000010	6331

313760105000147	313760105000013	6380

313760105000147	313760105000048	10543

313760105000147	313760105000050	4607

313760105000147	313760105000058	2427

313760105000147	313760105000076	5587

313760105000147	313760105000102	6121

313760105000147	313760105000122	2166

313760105000147	313760105000125	3138

313760105000147	313760105000132	3235

313760105000147	313760105000135	3298

313760105000147	313760105000139	4605

313760105000147	313760105000145	8754

313760105000147	313760105000146	9808

313760105000147	313760105000152	7778

313760105000147	313760105000168	3611

313760105000147	313760105000172	838

313760105000147	313760105000186	4585

313760105000147	313760105000201	5857

313760105000147	313760105000226	4815

313760105000147	313760105000229	5095

313760105000147	313760105000230	2941

313760105000147	313760105000231	2820

313760105000147	313760105000235	2284

313760105000147	313760105000239	5443

313760105000147	313760105000257	5903

313760105000147	313760105000259	4232

313760105000147	313760105000264	8099

313760105000147	313760105000272	5564

313760105000147	313760105000273	5582

313760105000147	313760105000280	8094

313760105000147	313760114000002	10338

313760105000147	313760114000007	10624

313760105000147	313760114000008	10109

313760105000147	313760114000009	9502

313760105000147	313760114000010	13051

313760105000147	313760115000005	5250

313760105000147	313760115000006	9314

313760105000147	313760115000007	9541

313760105000147	313760115000015	4025

313760105000150	313760105000010	6995

313760105000150	313760105000013	7702

313760105000150	313760105000048	9997

313760105000150	313760105000050	9747

313760105000150	313760105000058	7763

313760105000150	313760105000076	6328

313760105000150	313760105000102	9252

313760105000150	313760105000122	5382

313760105000150	313760105000125	5878

313760105000150	313760105000132	4167

313760105000150	313760105000135	2494

313760105000150	313760105000139	954

313760105000150	313760105000145	9690

313760105000150	313760105000146	7370

313760105000150	313760105000152	2388

313760105000150	313760105000168	4525

313760105000150	313760105000172	5807

313760105000150	313760105000186	983

313760105000150	313760105000201	8615

313760105000150	313760105000226	1604

313760105000150	313760105000229	1405

313760105000150	313760105000230	8281

313760105000150	313760105000231	8265

313760105000150	313760105000235	5862

313760105000150	313760105000239	5652

313760105000150	313760105000257	6155

313760105000150	313760105000259	3849

313760105000150	313760105000264	4383

313760105000150	313760105000272	9941

313760105000150	313760105000273	10066

313760105000150	313760105000280	2956

313760105000150	313760114000002	12555

313760105000150	313760114000007	12070

313760105000150	313760114000008	11657

313760105000150	313760114000009	10755

313760105000150	313760114000010	13865

313760105000150	313760115000005	5430

313760105000150	313760115000006	6145

313760105000150	313760115000007	4526

313760105000150	313760115000015	2841

313760105000151	313760105000010	7377

313760105000151	313760105000013	8074

313760105000151	313760105000048	10388

313760105000151	313760105000050	9958

313760105000151	313760105000058	7939

313760105000151	313760105000076	6703

313760105000151	313760105000102	9581

313760105000151	313760105000122	5639

313760105000151	313760105000125	6177

313760105000151	313760105000132	4482

313760105000151	313760105000135	2740

313760105000151	313760105000139	1108

313760105000151	313760105000145	10077

313760105000151	313760105000146	7729

313760105000151	313760105000152	2144

313760105000151	313760105000168	4858

313760105000151	313760105000172	5877

313760105000151	313760105000186	1201

313760105000151	313760105000201	8953

313760105000151	313760105000226	1980

313760105000151	313760105000229	1794

313760105000151	313760105000230	8460

313760105000151	313760105000231	8427

313760105000151	313760105000235	6118

313760105000151	313760105000239	6032

313760105000151	313760105000257	6538

313760105000151	313760105000259	4211

313760105000151	313760105000264	4709

313760105000151	313760105000272	10214

313760105000151	313760105000273	10333

313760105000151	313760105000280	3121

313760105000151	313760114000002	12927

313760105000151	313760114000007	12455

313760105000151	313760114000008	12040

313760105000151	313760114000009	11140

313760105000151	313760114000010	14257

313760105000151	313760115000005	5184

313760105000151	313760115000006	5753

313760105000151	313760115000007	4213

313760105000151	313760115000015	2683

313760105000152	313760105000010	9080

313760105000152	313760105000013	9857

313760105000152	313760105000048	11558

313760105000152	313760105000050	12101

313760105000152	313760105000058	10073

313760105000152	313760105000076	8481

313760105000152	313760105000102	11582

313760105000152	313760105000122	7768

313760105000152	313760105000125	8256

313760105000152	313760105000132	6533

313760105000152	313760105000135	4873

313760105000152	313760105000139	3252

313760105000152	313760105000145	11669

313760105000152	313760105000146	8416

313760105000152	313760105000152	0

313760105000152	313760105000168	6861

313760105000152	313760105000172	7905

313760105000152	313760105000186	3338

313760105000152	313760105000201	10924

313760105000152	313760105000226	3868

313760105000152	313760105000229	3599

313760105000152	313760105000230	10594

313760105000152	313760105000231	10552

313760105000152	313760105000235	8247

313760105000152	313760105000239	7773

313760105000152	313760105000257	8232

313760105000152	313760105000259	6110

313760105000152	313760105000264	5242

313760105000152	313760105000272	12329

313760105000152	313760105000273	12454

313760105000152	313760105000280	2857

313760105000152	313760114000002	14697

313760105000152	313760114000007	14072

313760105000152	313760114000008	13693

313760105000152	313760114000009	12759

313760105000152	313760114000010	15663

313760105000152	313760115000005	6203

313760105000152	313760115000006	4920

313760105000152	313760115000007	2251

313760105000152	313760115000015	4303

313760105000161	313760105000010	4248

313760105000161	313760105000013	4048

313760105000161	313760105000048	8442

313760105000161	313760105000050	3354

313760105000161	313760105000058	2119

313760105000161	313760105000076	3639

313760105000161	313760105000102	3509

313760105000161	313760105000122	1205

313760105000161	313760105000125	1183

313760105000161	313760105000132	2670

313760105000161	313760105000135	4103

313760105000161	313760105000139	5753

313760105000161	313760105000145	6338

313760105000161	313760105000146	8496

313760105000161	313760105000152	8973

313760105000161	313760105000168	2642

313760105000161	313760105000172	3401

313760105000161	313760105000186	5643

313760105000161	313760105000201	3243

313760105000161	313760105000226	5293

313760105000161	313760105000229	5600

313760105000161	313760105000230	2436

313760105000161	313760105000231	2686

313760105000161	313760105000235	725

313760105000161	313760105000239	3799

313760105000161	313760105000257	4096

313760105000161	313760105000259	3583

313760105000161	313760105000264	7626

313760105000161	313760105000272	3394

313760105000161	313760105000273	3497

313760105000161	313760105000280	8429

313760105000161	313760114000002	7718

313760105000161	313760114000007	8058

313760105000161	313760114000008	7539

313760105000161	313760114000009	6990

313760105000161	313760114000010	10537

313760105000161	313760115000005	7779

313760105000161	313760115000006	11462

313760105000161	313760115000007	11022

313760105000161	313760115000015	6064

313760105000162	313760105000010	6807

313760105000162	313760105000013	7471

313760105000162	313760105000048	9994

313760105000162	313760105000050	9251

313760105000162	313760105000058	7247

313760105000162	313760105000076	6109

313760105000162	313760105000102	8899

313760105000162	313760105000122	4926

313760105000162	313760105000125	5474

313760105000162	313760105000132	3793

313760105000162	313760105000135	2027

313760105000162	313760105000139	416

313760105000162	313760105000145	9534

313760105000162	313760105000146	7537

313760105000162	313760105000152	2854

313760105000162	313760105000168	4187

313760105000162	313760105000172	5265

313760105000162	313760105000186	487

313760105000162	313760105000201	8281

313760105000162	313760105000226	1443

313760105000162	313760105000229	1342

313760105000162	313760105000230	7766

313760105000162	313760105000231	7743

313760105000162	313760105000235	5405

313760105000162	313760105000239	5458

313760105000162	313760105000257	5978

313760105000162	313760105000259	3590

313760105000162	313760105000264	4653

313760105000162	313760105000272	9502

313760105000162	313760105000273	9620

313760105000162	313760105000280	3438

313760105000162	313760114000002	12314

313760105000162	313760114000007	11895

313760105000162	313760114000008	11469

313760105000162	313760114000009	10584

313760105000162	313760114000010	13765

313760105000162	313760115000005	5089

313760105000162	313760115000006	6235

313760105000162	313760115000007	4916

313760105000162	313760115000015	2421

313760105000163	313760105000010	6865

313760105000163	313760105000013	7527

313760105000163	313760105000048	10053

313760105000163	313760105000050	9281

313760105000163	313760105000058	7272

313760105000163	313760105000076	6167

313760105000163	313760105000102	8948

313760105000163	313760105000122	4964

313760105000163	313760105000125	5519

313760105000163	313760105000132	3842

313760105000163	313760105000135	2066

313760105000163	313760105000139	436

313760105000163	313760105000145	9593

313760105000163	313760105000146	7591

313760105000163	313760105000152	2821

313760105000163	313760105000168	4238

313760105000163	313760105000172	5271

313760105000163	313760105000186	528

313760105000163	313760105000201	8332

313760105000163	313760105000226	1502

313760105000163	313760105000229	1400

313760105000163	313760105000230	7791

313760105000163	313760105000231	7765

313760105000163	313760105000235	5443

313760105000163	313760105000239	5516

313760105000163	313760105000257	6037

313760105000163	313760105000259	3646

313760105000163	313760105000264	4699

313760105000163	313760105000272	9542

313760105000163	313760105000273	9659

313760105000163	313760105000280	3458

313760105000163	313760114000002	12370

313760105000163	313760114000007	11953

313760105000163	313760114000008	11526

313760105000163	313760114000009	10642

313760105000163	313760114000010	13824

313760105000163	313760115000005	5046

313760105000163	313760115000006	6176

313760105000163	313760115000007	4873

313760105000163	313760115000015	2386

313760105000164	313760105000010	6826

313760105000164	313760105000013	7507

313760105000164	313760105000048	9949

313760105000164	313760105000050	9403

313760105000164	313760105000058	7410

313760105000164	313760105000076	6140

313760105000164	313760105000102	8985

313760105000164	313760105000122	5057

313760105000164	313760105000125	5581

313760105000164	313760105000132	3885

313760105000164	313760105000135	2161

313760105000164	313760105000139	596

313760105000164	313760105000145	9543

313760105000164	313760105000146	7435

313760105000164	313760105000152	2713

313760105000164	313760105000168	4264

313760105000164	313760105000172	5450

313760105000164	313760105000186	632

313760105000164	313760105000201	8359

313760105000164	313760105000226	1436

313760105000164	313760105000229	1296

313760105000164	313760105000230	7928

313760105000164	313760105000231	7910

313760105000164	313760105000235	5536

313760105000164	313760105000239	5479

313760105000164	313760105000257	5993

313760105000164	313760105000259	3633

313760105000164	313760105000264	4518

313760105000164	313760105000272	9626

313760105000164	313760105000273	9747

313760105000164	313760105000280	3252

313760105000164	313760114000002	12356

313760105000164	313760114000007	11912

313760105000164	313760114000008	11490

313760105000164	313760114000009	10599

313760105000164	313760114000010	13755

313760105000164	313760115000005	5236

313760105000164	313760115000006	6242

313760105000164	313760115000007	4809

313760105000164	313760115000015	2588

313760105000165	313760105000010	2953

313760105000165	313760105000013	2922

313760105000165	313760105000048	7182

313760105000165	313760105000050	4543

313760105000165	313760105000058	3500

313760105000165	313760105000076	2288

313760105000165	313760105000102	3306

313760105000165	313760105000122	1324

313760105000165	313760105000125	320

313760105000165	313760105000132	1854

313760105000165	313760105000135	3678

313760105000165	313760105000139	5306

313760105000165	313760105000145	5299

313760105000165	313760105000146	7116

313760105000165	313760105000152	8387

313760105000165	313760105000168	1588

313760105000165	313760105000172	4295

313760105000165	313760105000186	5158

313760105000165	313760105000201	2776

313760105000165	313760105000226	4550

313760105000165	313760105000229	4844

313760105000165	313760105000230	3812

313760105000165	313760105000231	4069

313760105000165	313760105000235	1210

313760105000165	313760105000239	2417

313760105000165	313760105000257	2723

313760105000165	313760105000259	2510

313760105000165	313760105000264	6402

313760105000165	313760105000272	4061

313760105000165	313760105000273	4230

313760105000165	313760105000280	7465

313760105000165	313760114000002	7182

313760105000165	313760114000007	7257

313760105000165	313760114000008	6753

313760105000165	313760114000009	6083

313760105000165	313760114000010	9622

313760105000165	313760115000005	8215

313760105000165	313760115000006	11426

313760105000165	313760115000007	10541

313760105000165	313760115000015	6117

313760105000166	313760105000010	4497

313760105000166	313760105000013	4191

313760105000166	313760105000048	8632

313760105000166	313760105000050	2825

313760105000166	313760105000058	1839

313760105000166	313760105000076	3950

313760105000166	313760105000102	3277

313760105000166	313760105000122	1742

313760105000166	313760105000125	1647

313760105000166	313760105000132	3211

313760105000166	313760105000135	4635

313760105000166	313760105000139	6280

313760105000166	313760105000145	6399

313760105000166	313760105000146	8885

313760105000166	313760105000152	9507

313760105000166	313760105000168	3160

313760105000166	313760105000172	3601

313760105000166	313760105000186	6174

313760105000166	313760105000201	3125

313760105000166	313760105000226	5837

313760105000166	313760105000229	6144

313760105000166	313760105000230	2064

313760105000166	313760105000231	2364

313760105000166	313760105000235	1264

313760105000166	313760105000239	4185

313760105000166	313760105000257	4434

313760105000166	313760105000259	4106

313760105000166	313760105000264	8127

313760105000166	313760105000272	2895

313760105000166	313760105000273	2983

313760105000166	313760105000280	8970

313760105000166	313760114000002	7536

313760105000166	313760114000007	7986

313760105000166	313760114000008	7464

313760105000166	313760114000009	6977

313760105000166	313760114000010	10506

313760105000166	313760115000005	8108

313760105000166	313760115000006	11908

313760105000166	313760115000007	11543

313760105000166	313760115000015	6509

313760105000167	313760105000010	4128

313760105000167	313760105000013	3806

313760105000167	313760105000048	8250

313760105000167	313760105000050	3027

313760105000167	313760105000058	2221

313760105000167	313760105000076	3603

313760105000167	313760105000102	2962

313760105000167	313760105000122	1755

313760105000167	313760105000125	1436

313760105000167	313760105000132	3101

313760105000167	313760105000135	4646

313760105000167	313760105000139	6301

313760105000167	313760105000145	6012

313760105000167	313760105000146	8566

313760105000167	313760105000152	9504

313760105000167	313760105000168	2990

313760105000167	313760105000172	3913

313760105000167	313760105000186	6184

313760105000167	313760105000201	2764

313760105000167	313760105000226	5776

313760105000167	313760105000229	6081

313760105000167	313760105000230	2421

313760105000167	313760105000231	2735

313760105000167	313760105000235	1283

313760105000167	313760105000239	3873

313760105000167	313760105000257	4098

313760105000167	313760105000259	3938

313760105000167	313760105000264	7911

313760105000167	313760105000272	2832

313760105000167	313760105000273	2950

313760105000167	313760105000280	8851

313760105000167	313760114000002	7203

313760105000167	313760114000007	7619

313760105000167	313760114000008	7097

313760105000167	313760114000009	6597

313760105000167	313760114000010	10131

313760105000167	313760115000005	8356

313760105000167	313760115000006	12057

313760105000167	313760115000007	11575

313760105000167	313760115000015	6659

313760105000168	313760105000010	3085

313760105000168	313760105000013	3501

313760105000168	313760105000048	7109

313760105000168	313760105000050	5985

313760105000168	313760105000058	4569

313760105000168	313760105000076	2296

313760105000168	313760105000102	4728

313760105000168	313760105000122	1736

313760105000168	313760105000125	1562

313760105000168	313760105000132	522

313760105000168	313760105000135	2385

313760105000168	313760105000139	3900

313760105000168	313760105000145	5805

313760105000168	313760105000146	6230

313760105000168	313760105000152	6861

313760105000168	313760105000168	0

313760105000168	313760105000172	4397

313760105000168	313760105000186	3732

313760105000168	313760105000201	4095

313760105000168	313760105000226	2998

313760105000168	313760105000229	3283

313760105000168	313760105000230	4982

313760105000168	313760105000231	5156

313760105000168	313760105000235	2059

313760105000168	313760105000239	1924

313760105000168	313760105000257	2447

313760105000168	313760105000259	948

313760105000168	313760105000264	4995

313760105000168	313760105000272	5648

313760105000168	313760105000273	5814

313760105000168	313760105000280	5884

313760105000168	313760114000002	8233

313760105000168	313760114000007	8024

313760105000168	313760114000008	7554

313760105000168	313760114000009	6755

313760105000168	313760114000010	10179

313760105000168	313760115000005	7505

313760105000168	313760115000006	10208

313760105000168	313760115000007	9049

313760105000168	313760115000015	5098

313760105000169	313760105000010	3260

313760105000169	313760105000013	3610

313760105000169	313760105000048	7341

313760105000169	313760105000050	5729

313760105000169	313760105000058	4275

313760105000169	313760105000076	2471

313760105000169	313760105000102	4657

313760105000169	313760105000122	1436

313760105000169	313760105000125	1350

313760105000169	313760105000132	453

313760105000169	313760105000135	2360

313760105000169	313760105000139	3934

313760105000169	313760105000145	5947

313760105000169	313760105000146	6529

313760105000169	313760105000152	6966

313760105000169	313760105000168	303

313760105000169	313760105000172	4120

313760105000169	313760105000186	3775

313760105000169	313760105000201	4054

313760105000169	313760105000226	3123

313760105000169	313760105000229	3417

313760105000169	313760105000230	4693

313760105000169	313760105000231	4862

313760105000169	313760105000235	1772

313760105000169	313760105000239	2163

313760105000169	313760105000257	2669

313760105000169	313760105000259	1207

313760105000169	313760105000264	5278

313760105000169	313760105000272	5464

313760105000169	313760105000273	5621

313760105000169	313760105000280	6097

313760105000169	313760114000002	8277

313760105000169	313760114000007	8127

313760105000169	313760114000008	7650

313760105000169	313760114000009	6872

313760105000169	313760114000010	10325

313760105000169	313760115000005	7350

313760105000169	313760115000006	10182

313760105000169	313760115000007	9133

313760105000169	313760115000015	5004

313760105000170	313760105000010	3435

313760105000170	313760105000013	2632

313760105000170	313760105000048	6753

313760105000170	313760105000050	3888

313760105000170	313760105000058	4404

313760105000170	313760105000076	3419

313760105000170	313760105000102	404

313760105000170	313760105000122	4000

313760105000170	313760105000125	3148

313760105000170	313760105000132	4753

313760105000170	313760105000135	6611

313760105000170	313760105000139	8230

313760105000170	313760105000145	4097

313760105000170	313760105000146	8162

313760105000170	313760105000152	11250

313760105000170	313760105000168	4389

313760105000170	313760105000172	6473

313760105000170	313760105000186	8076

313760105000170	313760105000201	661

313760105000170	313760105000226	7383

313760105000170	313760105000229	7663

313760105000170	313760105000230	4359

313760105000170	313760105000231	4747

313760105000170	313760105000235	3622

313760105000170	313760105000239	4058

313760105000170	313760105000257	3931

313760105000170	313760105000259	5184

313760105000170	313760105000264	8486

313760105000170	313760105000272	2193

313760105000170	313760105000273	2443

313760105000170	313760105000280	10024

313760105000170	313760114000002	4657

313760105000170	313760114000007	5233

313760105000170	313760114000008	4713

313760105000170	313760114000009	4389

313760105000170	313760114000010	7811

313760105000170	313760115000005	10870

313760105000170	313760115000006	14336

313760105000170	313760115000007	13435

313760105000170	313760115000015	8984

313760105000171	313760105000010	3149

313760105000171	313760105000013	2320

313760105000171	313760105000048	6403

313760105000171	313760105000050	4234

313760105000171	313760105000058	4680

313760105000171	313760105000076	3190

313760105000171	313760105000102	421

313760105000171	313760105000122	4084

313760105000171	313760105000125	3184

313760105000171	313760105000132	4722

313760105000171	313760105000135	6604

313760105000171	313760105000139	8204

313760105000171	313760105000145	3750

313760105000171	313760105000146	7858

313760105000171	313760105000152	11178

313760105000171	313760105000168	4330

313760105000171	313760105000172	6658

313760105000171	313760105000186	8045

313760105000171	313760105000201	347

313760105000171	313760105000226	7310

313760105000171	313760105000229	7583

313760105000171	313760105000230	4658

313760105000171	313760105000231	5044

313760105000171	313760105000235	3732

313760105000171	313760105000239	3853

313760105000171	313760105000257	3689

313760105000171	313760105000259	5086

313760105000171	313760105000264	8270

313760105000171	313760105000272	2537

313760105000171	313760105000273	2787

313760105000171	313760105000280	9872

313760105000171	313760114000002	4455

313760105000171	313760114000007	4949

313760105000171	313760114000008	4427

313760105000171	313760114000009	4068

313760105000171	313760114000010	7515

313760105000171	313760115000005	10994

313760105000171	313760115000006	14369

313760105000171	313760115000007	13377

313760105000171	313760115000015	9041

313760105000172	313760105000010	7166

313760105000172	313760105000013	7217

313760105000172	313760105000048	11374

313760105000172	313760105000050	4953

313760105000172	313760105000058	2778

313760105000172	313760105000076	6419

313760105000172	313760105000102	6872

313760105000172	313760105000122	3003

313760105000172	313760105000125	3975

313760105000172	313760105000132	3992

313760105000172	313760105000135	3760

313760105000172	313760105000139	4855

313760105000172	313760105000145	9589

313760105000172	313760105000146	10552

313760105000172	313760105000152	7905

313760105000172	313760105000168	4397

313760105000172	313760105000172	0

313760105000172	313760105000186	4870

313760105000172	313760105000201	6645

313760105000172	313760105000226	5274

313760105000172	313760105000229	5534

313760105000172	313760105000230	3247

313760105000172	313760105000231	3031

313760105000172	313760105000235	3114

313760105000172	313760105000239	6257

313760105000172	313760105000257	6726

313760105000172	313760105000259	4957

313760105000172	313760105000264	8703

313760105000172	313760105000272	6136

313760105000172	313760105000273	6127

313760105000172	313760105000280	8499

313760105000172	313760114000002	11113

313760105000172	313760114000007	11438

313760105000172	313760114000008	10922

313760105000172	313760114000009	10328

313760105000172	313760114000010	13878

313760105000172	313760115000005	4672

313760105000172	313760115000006	8976

313760105000172	313760115000007	9524

313760105000172	313760115000015	3879

313760105000173	313760105000010	5695

313760105000173	313760105000013	5432

313760105000173	313760105000048	9863

313760105000173	313760105000050	2505

313760105000173	313760105000058	667

313760105000173	313760105000076	5101

313760105000173	313760105000102	4375

313760105000173	313760105000122	2211

313760105000173	313760105000125	2611

313760105000173	313760105000132	3808

313760105000173	313760105000135	4805

313760105000173	313760105000139	6363

313760105000173	313760105000145	7644

313760105000173	313760105000146	9937

313760105000173	313760105000152	9612

313760105000173	313760105000168	3913

313760105000173	313760105000172	2724

313760105000173	313760105000186	6293

313760105000173	313760105000201	4318

313760105000173	313760105000226	6188

313760105000173	313760105000229	6493

313760105000173	313760105000230	1082

313760105000173	313760105000231	1251

313760105000173	313760105000235	1858

313760105000173	313760105000239	5250

313760105000173	313760105000257	5558

313760105000173	313760105000259	4811

313760105000173	313760105000264	8894

313760105000173	313760105000272	3413

313760105000173	313760105000273	3411

313760105000173	313760105000280	9442

313760105000173	313760114000002	8640

313760105000173	313760114000007	9181

313760105000173	313760114000008	8658

313760105000173	313760114000009	8203

313760105000173	313760114000010	11720

313760105000173	313760115000005	7384

313760105000173	313760115000006	11495

313760105000173	313760115000007	11521

313760105000173	313760115000015	6162

313760105000174	313760105000010	6275

313760105000174	313760105000013	6005

313760105000174	313760105000048	10440

313760105000174	313760105000050	2413

313760105000174	313760105000058	227

313760105000174	313760105000076	5679

313760105000174	313760105000102	4843

313760105000174	313760105000122	2694

313760105000174	313760105000125	3174

313760105000174	313760105000132	4277

313760105000174	313760105000135	5116

313760105000174	313760105000139	6617

313760105000174	313760105000145	8200

313760105000174	313760105000146	10495

313760105000174	313760105000152	9852

313760105000174	313760105000168	4421

313760105000174	313760105000172	2567

313760105000174	313760105000186	6563

313760105000174	313760105000201	4835

313760105000174	313760105000226	6547

313760105000174	313760105000229	6849

313760105000174	313760105000230	748

313760105000174	313760105000231	755

313760105000174	313760105000235	2384

313760105000174	313760105000239	5816

313760105000174	313760105000257	6132

313760105000174	313760105000259	5297

313760105000174	313760105000264	9378

313760105000174	313760105000272	3654

313760105000174	313760105000273	3614

313760105000174	313760105000280	9825

313760105000174	313760114000002	9092

313760105000174	313760114000007	9688

313760105000174	313760114000008	9166

313760105000174	313760114000009	8736

313760105000174	313760114000010	12240

313760105000174	313760115000005	7232

313760105000174	313760115000006	11489

313760105000174	313760115000007	11697

313760105000174	313760115000015	6226

313760105000175	313760105000010	3468

313760105000175	313760105000013	3864

313760105000175	313760105000048	7491

313760105000175	313760105000050	5941

313760105000175	313760105000058	4408

313760105000175	313760105000076	2679

313760105000175	313760105000102	4958

313760105000175	313760105000122	1556

313760105000175	313760105000125	1618

313760105000175	313760105000132	156

313760105000175	313760105000135	2065

313760105000175	313760105000139	3633

313760105000175	313760105000145	6182

313760105000175	313760105000146	6527

313760105000175	313760105000152	6671

313760105000175	313760105000168	386

313760105000175	313760105000172	4057

313760105000175	313760105000186	3474

313760105000175	313760105000201	4354

313760105000175	313760105000226	2836

313760105000175	313760105000229	3132

313760105000175	313760105000230	4845

313760105000175	313760105000231	4993

313760105000175	313760105000235	1942

313760105000175	313760105000239	2306

313760105000175	313760105000257	2832

313760105000175	313760105000259	1049

313760105000175	313760105000264	5131

313760105000175	313760105000272	5737

313760105000175	313760105000273	5890

313760105000175	313760105000280	5853

313760105000175	313760114000002	8561

313760105000175	313760114000007	8386

313760105000175	313760114000008	7912

313760105000175	313760114000009	7122

313760105000175	313760114000010	10557

313760105000175	313760115000005	7123

313760105000175	313760115000006	9891

313760105000175	313760115000007	8834

313760105000175	313760115000015	4737

313760105000176	313760105000010	3309

313760105000176	313760105000013	3751

313760105000176	313760105000048	7285

313760105000176	313760105000050	6124

313760105000176	313760105000058	4634

313760105000176	313760105000076	2523

313760105000176	313760105000102	4981

313760105000176	313760105000122	1783

313760105000176	313760105000125	1745

313760105000176	313760105000132	322

313760105000176	313760105000135	2125

313760105000176	313760105000139	3638

313760105000176	313760105000145	6042

313760105000176	313760105000146	6279

313760105000176	313760105000152	6614

313760105000176	313760105000168	263

313760105000176	313760105000172	4300

313760105000176	313760105000186	3471

313760105000176	313760105000201	4354

313760105000176	313760105000226	2757

313760105000176	313760105000229	3046

313760105000176	313760105000230	5063

313760105000176	313760105000231	5219

313760105000176	313760105000235	2149

313760105000176	313760105000239	2106

313760105000176	313760105000257	2641

313760105000176	313760105000259	825

313760105000176	313760105000264	4908

313760105000176	313760105000272	5854

313760105000176	313760105000273	6014

313760105000176	313760105000280	5699

313760105000176	313760114000002	8494

313760105000176	313760114000007	8273

313760105000176	313760114000008	7806

313760105000176	313760114000009	7000

313760105000176	313760114000010	10412

313760105000176	313760115000005	7282

313760105000176	313760115000006	9947

313760105000176	313760115000007	8796

313760105000176	313760115000015	4850

313760105000177	313760105000010	4817

313760105000177	313760105000013	4971

313760105000177	313760105000048	8996

313760105000177	313760105000050	4913

313760105000177	313760105000058	3022

313760105000177	313760105000076	4052

313760105000177	313760105000102	5218

313760105000177	313760105000122	826

313760105000177	313760105000125	1805

313760105000177	313760105000132	1663

313760105000177	313760105000135	2349

313760105000177	313760105000139	3951

313760105000177	313760105000145	7357

313760105000177	313760105000146	8227

313760105000177	313760105000152	7200

313760105000177	313760105000168	2014

313760105000177	313760105000172	2399

313760105000177	313760105000186	3864

313760105000177	313760105000201	4800

313760105000177	313760105000226	3729

313760105000177	313760105000229	4033

313760105000177	313760105000230	3518

313760105000177	313760105000231	3576

313760105000177	313760105000235	1218

313760105000177	313760105000239	3859

313760105000177	313760105000257	4335

313760105000177	313760105000259	2688

313760105000177	313760105000264	6680

313760105000177	313760105000272	5271

313760105000177	313760105000273	5359

313760105000177	313760105000280	7001

313760105000177	313760114000002	9264

313760105000177	313760114000007	9367

313760105000177	313760114000008	8864

313760105000177	313760114000009	8182

313760105000177	313760114000010	11709

313760105000177	313760115000005	6117

313760105000177	313760115000006	9588

313760105000177	313760115000007	9188

313760105000177	313760115000015	4196

313760105000178	313760105000010	4849

313760105000178	313760105000013	4997

313760105000178	313760105000048	9030

313760105000178	313760105000050	4888

313760105000178	313760105000058	2989

313760105000178	313760105000076	4085

313760105000178	313760105000102	5225

313760105000178	313760105000122	838

313760105000178	313760105000125	1824

313760105000178	313760105000132	1704

313760105000178	313760105000135	2375

313760105000178	313760105000139	3972

313760105000178	313760105000145	7384

313760105000178	313760105000146	8266

313760105000178	313760105000152	7222

313760105000178	313760105000168	2053

313760105000178	313760105000172	2362

313760105000178	313760105000186	3886

313760105000178	313760105000201	4812

313760105000178	313760105000226	3760

313760105000178	313760105000229	4064

313760105000178	313760105000230	3487

313760105000178	313760105000231	3542

313760105000178	313760105000235	1219

313760105000178	313760105000239	3895

313760105000178	313760105000257	4369

313760105000178	313760105000259	2729

313760105000178	313760105000264	6720

313760105000178	313760105000272	5260

313760105000178	313760105000273	5347

313760105000178	313760105000280	7035

313760105000178	313760114000002	9279

313760105000178	313760114000007	9388

313760105000178	313760114000008	8885

313760105000178	313760114000009	8205

313760105000178	313760114000010	11734

313760105000178	313760115000005	6102

313760105000178	313760115000006	9590

313760105000178	313760115000007	9205

313760105000178	313760115000015	4196

313760105000179	313760105000010	4673

313760105000179	313760105000013	4921

313760105000179	313760105000048	8791

313760105000179	313760105000050	5402

313760105000179	313760105000058	3539

313760105000179	313760105000076	3891

313760105000179	313760105000102	5432

313760105000179	313760105000122	1089

313760105000179	313760105000125	1920

313760105000179	313760105000132	1273

313760105000179	313760105000135	1866

313760105000179	313760105000139	3496

313760105000179	313760105000145	7297

313760105000179	313760105000146	7839

313760105000179	313760105000152	6735

313760105000179	313760105000168	1703

313760105000179	313760105000172	2719

313760105000179	313760105000186	3397

313760105000179	313760105000201	4957

313760105000179	313760105000226	3214

313760105000179	313760105000229	3519

313760105000179	313760105000230	4034

313760105000179	313760105000231	4094

313760105000179	313760105000235	1554

313760105000179	313760105000239	3613

313760105000179	313760105000257	4118

313760105000179	313760105000259	2258

313760105000179	313760105000264	6192

313760105000179	313760105000272	5662

313760105000179	313760105000273	5765

313760105000179	313760105000280	6483

313760105000179	313760114000002	9374

313760105000179	313760114000007	9385

313760105000179	313760114000008	8891

313760105000179	313760114000009	8168

313760105000179	313760114000010	11668

313760105000179	313760115000005	6049

313760105000179	313760115000006	9302

313760105000179	313760115000007	8756

313760105000179	313760115000015	3944

313760105000180	313760105000010	4774

313760105000180	313760105000013	4985

313760105000180	313760105000048	8918

313760105000180	313760105000050	5219

313760105000180	313760105000058	3332

313760105000180	313760105000076	3997

313760105000180	313760105000102	5386

313760105000180	313760105000122	999

313760105000180	313760105000125	1906

313760105000180	313760105000132	1456

313760105000180	313760105000135	2043

313760105000180	313760105000139	3655

313760105000180	313760105000145	7367

313760105000180	313760105000146	8029

313760105000180	313760105000152	6901

313760105000180	313760105000168	1859

313760105000180	313760105000172	2542

313760105000180	313760105000186	3563

313760105000180	313760105000201	4935

313760105000180	313760105000226	3418

313760105000180	313760105000229	3721

313760105000180	313760105000230	3829

313760105000180	313760105000231	3884

313760105000180	313760105000235	1442

313760105000180	313760105000239	3751

313760105000180	313760105000257	4246

313760105000180	313760105000259	2458

313760105000180	313760105000264	6408

313760105000180	313760105000272	5533

313760105000180	313760105000273	5629

313760105000180	313760105000280	6692

313760105000180	313760114000002	9376

313760105000180	313760114000007	9425

313760105000180	313760114000008	8927

313760105000180	313760114000009	8220

313760105000180	313760114000010	11733

313760105000180	313760115000005	6021

313760105000180	313760115000006	9374

313760105000180	313760115000007	8903

313760105000180	313760115000015	3996

313760105000181	313760105000010	4746

313760105000181	313760105000013	4908

313760105000181	313760105000048	8922

313760105000181	313760105000050	4950

313760105000181	313760105000058	3078

313760105000181	313760105000076	3980

313760105000181	313760105000102	5190

313760105000181	313760105000122	793

313760105000181	313760105000125	1757

313760105000181	313760105000132	1583

313760105000181	313760105000135	2312

313760105000181	313760105000139	3923

313760105000181	313760105000145	7294

313760105000181	313760105000146	8146

313760105000181	313760105000152	7170

313760105000181	313760105000168	1933

313760105000181	313760105000172	2477

313760105000181	313760105000186	3832

313760105000181	313760105000201	4763

313760105000181	313760105000226	3676

313760105000181	313760105000229	3981

313760105000181	313760105000230	3572

313760105000181	313760105000231	3635

313760105000181	313760105000235	1205

313760105000181	313760105000239	3781

313760105000181	313760105000257	4258

313760105000181	313760105000259	2609

313760105000181	313760105000264	6606

313760105000181	313760105000272	5278

313760105000181	313760105000273	5370

313760105000181	313760105000280	6944

313760105000181	313760114000002	9222

313760105000181	313760114000007	9313

313760105000181	313760114000008	8811

313760105000181	313760114000009	8124

313760105000181	313760114000010	11649

313760105000181	313760115000005	6161

313760105000181	313760115000006	9599

313760105000181	313760115000007	9168

313760105000181	313760115000015	4211

313760105000182	313760105000010	7250

313760105000182	313760105000013	7879

313760105000182	313760105000048	10534

313760105000182	313760105000050	9277

313760105000182	313760105000058	7215

313760105000182	313760105000076	6532

313760105000182	313760105000102	9177

313760105000182	313760105000122	5064

313760105000182	313760105000125	5698

313760105000182	313760105000132	4078

313760105000182	313760105000135	2208

313760105000182	313760105000139	629

313760105000182	313760105000145	9994

313760105000182	313760105000146	8118

313760105000182	313760105000152	2872

313760105000182	313760105000168	4510

313760105000182	313760105000172	5060

313760105000182	313760105000186	826

313760105000182	313760105000201	8585

313760105000182	313760105000226	1965

313760105000182	313760105000229	1902

313760105000182	313760105000230	7738

313760105000182	313760105000231	7685

313760105000182	313760105000235	5539

313760105000182	313760105000239	5902

313760105000182	313760105000257	6433

313760105000182	313760105000259	3998

313760105000182	313760105000264	5229

313760105000182	313760105000272	9649

313760105000182	313760105000273	9755

313760105000182	313760105000280	3896

313760105000182	313760114000002	12703

313760105000182	313760114000007	12338

313760105000182	313760114000008	11902

313760105000182	313760114000009	11031

313760105000182	313760114000010	14255

313760105000182	313760115000005	4523

313760105000182	313760115000006	5773

313760105000182	313760115000007	4771

313760105000182	313760115000015	1899

313760105000183	313760105000010	7241

313760105000183	313760105000013	7873

313760105000183	313760105000048	10514

313760105000183	313760105000050	9298

313760105000183	313760105000058	7239

313760105000183	313760105000076	6525

313760105000183	313760105000102	9182

313760105000183	313760105000122	5078

313760105000183	313760105000125	5706

313760105000183	313760105000132	4081

313760105000183	313760105000135	2216

313760105000183	313760105000139	622

313760105000183	313760105000145	9983

313760105000183	313760105000146	8089

313760105000183	313760105000152	2845

313760105000183	313760105000168	4510

313760105000183	313760105000172	5092

313760105000183	313760105000186	815

313760105000183	313760105000201	8588

313760105000183	313760105000226	1946

313760105000183	313760105000229	1878

313760105000183	313760105000230	7761

313760105000183	313760105000231	7710

313760105000183	313760105000235	5553

313760105000183	313760105000239	5893

313760105000183	313760105000257	6423

313760105000183	313760105000259	3992

313760105000183	313760105000264	5195

313760105000183	313760105000272	9663

313760105000183	313760105000273	9769

313760105000183	313760105000280	3858

313760105000183	313760114000002	12700

313760105000183	313760114000007	12329

313760105000183	313760114000008	11894

313760105000183	313760114000009	11022

313760105000183	313760114000010	14242

313760105000183	313760115000005	4559

313760105000183	313760115000006	5782

313760105000183	313760115000007	4754

313760105000183	313760115000015	1937

313760105000184	313760105000010	7112

313760105000184	313760105000013	7790

313760105000184	313760105000048	10222

313760105000184	313760105000050	9591

313760105000184	313760105000058	7575

313760105000184	313760105000076	6424

313760105000184	313760105000102	9247

313760105000184	313760105000122	5277

313760105000184	313760105000125	5827

313760105000184	313760105000132	4143

313760105000184	313760105000135	2379

313760105000184	313760105000139	742

313760105000184	313760105000145	9829

313760105000184	313760105000146	7669

313760105000184	313760105000152	2510

313760105000184	313760105000168	4531

313760105000184	313760105000172	5539

313760105000184	313760105000186	840

313760105000184	313760105000201	8626

313760105000184	313760105000226	1722

313760105000184	313760105000229	1576

313760105000184	313760105000230	8095

313760105000184	313760105000231	8065

313760105000184	313760105000235	5756

313760105000184	313760105000239	5764

313760105000184	313760105000257	6278

313760105000184	313760105000259	3914

313760105000184	313760105000264	4714

313760105000184	313760105000272	9854

313760105000184	313760105000273	9972

313760105000184	313760105000280	3309

313760105000184	313760114000002	12638

313760105000184	313760114000007	12197

313760105000184	313760114000008	11775

313760105000184	313760114000009	10885

313760105000184	313760114000010	14039

313760105000184	313760115000005	5077

313760105000184	313760115000006	5958

313760105000184	313760115000007	4563

313760105000184	313760115000015	2484

313760105000185	313760105000010	7174

313760105000185	313760105000013	7866

313760105000185	313760105000048	10227

313760105000185	313760105000050	9749

313760105000185	313760105000058	7739

313760105000185	313760105000076	6496

313760105000185	313760105000102	9360

313760105000185	313760105000122	5422

313760105000185	313760105000125	5955

313760105000185	313760105000132	4261

313760105000185	313760105000135	2523

313760105000185	313760105000139	903

313760105000185	313760105000145	9881

313760105000185	313760105000146	7622

313760105000185	313760105000152	2355

313760105000185	313760105000168	4639

313760105000185	313760105000172	5711

313760105000185	313760105000186	984

313760105000185	313760105000201	8733

313760105000185	313760105000226	1777

313760105000185	313760105000229	1605

313760105000185	313760105000230	8259

313760105000185	313760105000231	8231

313760105000185	313760105000235	5901

313760105000185	313760105000239	5828

313760105000185	313760105000257	6337

313760105000185	313760105000259	3998

313760105000185	313760105000264	4636

313760105000185	313760105000272	9994

313760105000185	313760105000273	10114

313760105000185	313760105000280	3164

313760105000185	313760114000002	12717

313760105000185	313760114000007	12256

313760105000185	313760114000008	11838

313760105000185	313760114000009	10942

313760105000185	313760114000010	14074

313760105000185	313760115000005	5189

313760105000185	313760115000006	5928

313760105000185	313760115000007	4434

313760105000185	313760115000015	2626

313760105000186	313760105000010	6426

313760105000186	313760105000013	7063

313760105000186	313760105000048	9735

313760105000186	313760105000050	8772

313760105000186	313760105000058	6780

313760105000186	313760105000076	5712

313760105000186	313760105000102	8432

313760105000186	313760105000122	4439

313760105000186	313760105000125	4993

313760105000186	313760105000132	3324

313760105000186	313760105000135	1540

313760105000186	313760105000139	204

313760105000186	313760105000145	9168

313760105000186	313760105000146	7430

313760105000186	313760105000152	3338

313760105000186	313760105000168	3732

313760105000186	313760105000172	4870

313760105000186	313760105000186	0

313760105000186	313760105000201	7822

313760105000186	313760105000226	1176

313760105000186	313760105000229	1179

313760105000186	313760105000230	7298

313760105000186	313760105000231	7282

313760105000186	313760105000235	4918

313760105000186	313760105000239	5078

313760105000186	313760105000257	5608

313760105000186	313760105000259	3180

313760105000186	313760105000264	4664

313760105000186	313760105000272	9015

313760105000186	313760105000273	9133

313760105000186	313760105000280	3708

313760105000186	313760114000002	11896

313760105000186	313760114000007	11515

313760105000186	313760114000008	11080

313760105000186	313760114000009	10207

313760105000186	313760114000010	13431

313760105000186	313760115000005	5094

313760105000186	313760115000006	6597

313760105000186	313760115000007	5400

313760105000186	313760115000015	2365

313760105000187	313760105000010	6218

313760105000187	313760105000013	6852

313760105000187	313760105000048	9555

313760105000187	313760105000050	8604

313760105000187	313760105000058	6630

313760105000187	313760105000076	5502

313760105000187	313760105000102	8222

313760105000187	313760105000122	4251

313760105000187	313760105000125	4790

313760105000187	313760105000132	3115

313760105000187	313760105000135	1354

313760105000187	313760105000139	403

313760105000187	313760105000145	8963

313760105000187	313760105000146	7301

313760105000187	313760105000152	3519

313760105000187	313760105000168	3519

313760105000187	313760105000172	4783

313760105000187	313760105000186	213

313760105000187	313760105000201	7611

313760105000187	313760105000226	1019

313760105000187	313760105000229	1067

313760105000187	313760105000230	7146

313760105000187	313760105000231	7139

313760105000187	313760105000235	4730

313760105000187	313760105000239	4871

313760105000187	313760105000257	5402

313760105000187	313760105000259	2969

313760105000187	313760105000264	4585

313760105000187	313760105000272	8822

313760105000187	313760105000273	8942

313760105000187	313760105000280	3749

313760105000187	313760114000002	11683

313760105000187	313760114000007	11306

313760105000187	313760114000008	10871

313760105000187	313760114000009	10000

313760105000187	313760114000010	13231

313760105000187	313760115000005	5206

313760105000187	313760115000006	6805

313760105000187	313760115000007	5600

313760105000187	313760115000015	2467

313760105000188	313760105000010	3844

313760105000188	313760105000013	4404

313760105000188	313760105000048	7580

313760105000188	313760105000050	6849

313760105000188	313760105000058	5219

313760105000188	313760105000076	3088

313760105000188	313760105000102	5804

313760105000188	313760105000122	2401

313760105000188	313760105000125	2553

313760105000188	313760105000132	834

313760105000188	313760105000135	1508

313760105000188	313760105000139	2870

313760105000188	313760105000145	6605

313760105000188	313760105000146	6141

313760105000188	313760105000152	5783

313760105000188	313760105000168	1078

313760105000188	313760105000172	4451

313760105000188	313760105000186	2691

313760105000188	313760105000201	5163

313760105000188	313760105000226	1923

313760105000188	313760105000229	2212

313760105000188	313760105000230	5679

313760105000188	313760105000231	5796

313760105000188	313760105000235	2828

313760105000188	313760105000239	2531

313760105000188	313760105000257	3081

313760105000188	313760105000259	630

313760105000188	313760105000264	4379

313760105000188	313760105000272	6671

313760105000188	313760105000273	6826

313760105000188	313760105000280	4927

313760105000188	313760114000002	9213

313760105000188	313760114000007	8900

313760105000188	313760114000008	8449

313760105000188	313760114000009	7607

313760105000188	313760114000010	10943

313760105000188	313760115000005	6870

313760105000188	313760115000006	9238

313760105000188	313760115000007	7973

313760105000188	313760115000015	4305

313760105000189	313760105000010	4283

313760105000189	313760105000013	4845

313760105000189	313760105000048	7971

313760105000189	313760105000050	7042

313760105000189	313760105000058	5316

313760105000189	313760105000076	3529

313760105000189	313760105000102	6195

313760105000189	313760105000122	2567

313760105000189	313760105000125	2860

313760105000189	313760105000132	1123

313760105000189	313760105000135	1086

313760105000189	313760105000139	2438

313760105000189	313760105000145	7044

313760105000189	313760105000146	6385

313760105000189	313760105000152	5414

313760105000189	313760105000168	1472

313760105000189	313760105000172	4306

313760105000189	313760105000186	2264

313760105000189	313760105000201	5568

313760105000189	313760105000226	1589

313760105000189	313760105000229	1891

313760105000189	313760105000230	5794

313760105000189	313760105000231	5883

313760105000189	313760105000235	3023

313760105000189	313760105000239	2963

313760105000189	313760105000257	3512

313760105000189	313760105000259	1038

313760105000189	313760105000264	4420

313760105000189	313760105000272	6972

313760105000189	313760105000273	7117

313760105000189	313760105000280	4734

313760105000189	313760114000002	9651

313760105000189	313760114000007	9342

313760105000189	313760114000008	8891

313760105000189	313760114000009	8048

313760105000189	313760114000010	11377

313760105000189	313760115000005	6475

313760105000189	313760115000006	8797

313760105000189	313760115000007	7585

313760105000189	313760115000015	3881

313760105000190	313760105000010	7204

313760105000190	313760105000013	7937

313760105000190	313760105000048	10063

313760105000190	313760105000050	10148

313760105000190	313760105000058	8175

313760105000190	313760105000076	6560

313760105000190	313760105000102	9567

313760105000190	313760105000122	5764

313760105000190	313760105000125	6230

313760105000190	313760105000132	4506

313760105000190	313760105000135	2888

313760105000190	313760105000139	1373

313760105000190	313760105000145	9869

313760105000190	313760105000146	7308

313760105000190	313760105000152	2028

313760105000190	313760105000168	4841

313760105000190	313760105000172	6224

313760105000190	313760105000186	1397

313760105000190	313760105000201	8917

313760105000190	313760105000226	1865

313760105000190	313760105000229	1621

313760105000190	313760105000230	8691

313760105000190	313760105000231	8679

313760105000190	313760105000235	6243

313760105000190	313760105000239	5870

313760105000190	313760105000257	6358

313760105000190	313760105000259	4121

313760105000190	313760105000264	4251

313760105000190	313760105000272	10309

313760105000190	313760105000273	10439

313760105000190	313760105000280	2627

313760105000190	313760114000002	12791

313760105000190	313760114000007	12260

313760105000190	313760114000008	11857

313760105000190	313760114000009	10944

313760105000190	313760114000010	13998

313760105000190	313760115000005	5682

313760105000190	313760115000006	6064

313760105000190	313760115000007	4215

313760105000190	313760115000015	3166

313760105000191	313760105000010	7189

313760105000191	313760105000013	7918

313760105000191	313760105000048	10068

313760105000191	313760105000050	10100

313760105000191	313760105000058	8125

313760105000191	313760105000076	6542

313760105000191	313760105000102	9536

313760105000191	313760105000122	5721

313760105000191	313760105000125	6192

313760105000191	313760105000132	4470

313760105000191	313760105000135	2842

313760105000191	313760105000139	1319

313760105000191	313760105000145	9859

313760105000191	313760105000146	7329

313760105000191	313760105000152	2064

313760105000191	313760105000168	4809

313760105000191	313760105000172	6169

313760105000191	313760105000186	1346

313760105000191	313760105000201	8888

313760105000191	313760105000226	1839

313760105000191	313760105000229	1601

313760105000191	313760105000230	8642

313760105000191	313760105000231	8628

313760105000191	313760105000235	6200

313760105000191	313760105000239	5854

313760105000191	313760105000257	6344

313760105000191	313760105000259	4096

313760105000191	313760105000264	4280

313760105000191	313760105000272	10269

313760105000191	313760105000273	10398

313760105000191	313760105000280	2678

313760105000191	313760114000002	12773

313760105000191	313760114000007	12248

313760105000191	313760114000008	11844

313760105000191	313760114000009	10932

313760105000191	313760114000010	13995

313760105000191	313760115000005	5637

313760105000191	313760115000006	6058

313760105000191	313760115000007	4244

313760105000191	313760115000015	3114

313760105000192	313760105000010	7467

313760105000192	313760105000013	8233

313760105000192	313760105000048	10128

313760105000192	313760105000050	10666

313760105000192	313760105000058	8711

313760105000192	313760105000076	6855

313760105000192	313760105000102	9964

313760105000192	313760105000122	6259

313760105000192	313760105000125	6682

313760105000192	313760105000132	4947

313760105000192	313760105000135	3405

313760105000192	313760105000139	1928

313760105000192	313760105000145	10085

313760105000192	313760105000146	7214

313760105000192	313760105000152	1630

313760105000192	313760105000168	5252

313760105000192	313760105000172	6779

313760105000192	313760105000186	1944

313760105000192	313760105000201	9300

313760105000192	313760105000226	2254

313760105000192	313760105000229	1975

313760105000192	313760105000230	9226

313760105000192	313760105000231	9220

313760105000192	313760105000235	6736

313760105000192	313760105000239	6151

313760105000192	313760105000257	6618

313760105000192	313760105000259	4482

313760105000192	313760105000264	4088

313760105000192	313760105000272	10780

313760105000192	313760105000273	10915

313760105000192	313760105000280	2201

313760105000192	313760114000002	13078

313760105000192	313760114000007	12485

313760105000192	313760114000008	12096

313760105000192	313760114000009	11170

313760105000192	313760114000010	14146

313760105000192	313760115000005	6080

313760105000192	313760115000006	6050

313760105000192	313760115000007	3873

313760105000192	313760115000015	3652

313760105000193	313760105000010	7139

313760105000193	313760105000013	7851

313760105000193	313760105000048	10103

313760105000193	313760105000050	9907

313760105000193	313760105000058	7918

313760105000193	313760105000076	6477

313760105000193	313760105000102	9414

313760105000193	313760105000122	5546

313760105000193	313760105000125	6043

313760105000193	313760105000132	4331

313760105000193	313760105000135	2656

313760105000193	313760105000139	1096

313760105000193	313760105000145	9827

313760105000193	313760105000146	7432

313760105000193	313760105000152	2223

313760105000193	313760105000168	4687

313760105000193	313760105000172	5939

313760105000193	313760105000186	1139

313760105000193	313760105000201	8776

313760105000193	313760105000226	1755

313760105000193	313760105000229	1544

313760105000193	313760105000230	8436

313760105000193	313760105000231	8418

313760105000193	313760105000235	6026

313760105000193	313760105000239	5798

313760105000193	313760105000257	6297

313760105000193	313760105000259	4005

313760105000193	313760105000264	4416

313760105000193	313760105000272	10106

313760105000193	313760105000273	10231

313760105000193	313760105000280	2896

313760105000193	313760114000002	12705

313760105000193	313760114000007	12210

313760105000193	313760114000008	11799

313760105000193	313760114000009	10895

313760105000193	313760114000010	13991

313760105000193	313760115000005	5443

313760105000193	313760115000006	6030

313760105000193	313760115000007	4363

313760105000193	313760115000015	2893

313760105000194	313760105000010	6961

313760105000194	313760105000013	7679

313760105000194	313760105000048	9912

313760105000194	313760105000050	9825

313760105000194	313760105000058	7855

313760105000194	313760105000076	6303

313760105000194	313760105000102	9268

313760105000194	313760105000122	5443

313760105000194	313760105000125	5916

313760105000194	313760105000132	4197

313760105000194	313760105000135	2566

313760105000194	313760105000139	1075

313760105000194	313760105000145	9645

313760105000194	313760105000146	7250

313760105000194	313760105000152	2340

313760105000194	313760105000168	4541

313760105000194	313760105000172	5930

313760105000194	313760105000186	1083

313760105000194	313760105000201	8625

313760105000194	313760105000226	1587

313760105000194	313760105000229	1365

313760105000194	313760105000230	8372

313760105000194	313760105000231	8362

313760105000194	313760105000235	5922

313760105000194	313760105000239	5621

313760105000194	313760105000257	6118

313760105000194	313760105000259	3842

313760105000194	313760105000264	4248

313760105000194	313760105000272	9991

313760105000194	313760105000273	10120

313760105000194	313760105000280	2805

313760105000194	313760114000002	12533

313760105000194	313760114000007	12029

313760105000194	313760114000008	11620

313760105000194	313760114000009	10714

313760105000194	313760114000010	13803

313760105000194	313760115000005	5579

313760105000194	313760115000006	6220

313760105000194	313760115000007	4508

313760105000194	313760115000015	2993

313760105000195	313760105000010	4637

313760105000195	313760105000013	5419

313760105000195	313760105000048	7537

313760105000195	313760105000050	8724

313760105000195	313760105000058	7077

313760105000195	313760105000076	4046

313760105000195	313760105000102	7327

313760105000195	313760105000122	4278

313760105000195	313760105000125	4364

313760105000195	313760105000132	2704

313760105000195	313760105000135	2288

313760105000195	313760105000139	2459

313760105000195	313760105000145	7265

313760105000195	313760105000146	5204

313760105000195	313760105000152	4444

313760105000195	313760105000168	2807

313760105000195	313760105000172	5979

313760105000195	313760105000186	2260

313760105000195	313760105000201	6626

313760105000195	313760105000226	1092

313760105000195	313760105000229	1121

313760105000195	313760105000230	7547

313760105000195	313760105000231	7649

313760105000195	313760105000235	4707

313760105000195	313760105000239	3333

313760105000195	313760105000257	3788

313760105000195	313760105000259	1886

313760105000195	313760105000264	2743

313760105000195	313760105000272	8450

313760105000195	313760105000273	8619

313760105000195	313760105000280	3077

313760105000195	313760114000002	10253

313760105000195	313760114000007	9660

313760105000195	313760114000008	9267

313760105000195	313760114000009	8345

313760105000195	313760114000010	11393

313760105000195	313760115000005	7295

313760105000195	313760115000006	8624

313760105000195	313760115000007	6695

313760105000195	313760115000015	4555

313760105000196	313760105000010	4077

313760105000196	313760105000013	4817

313760105000196	313760105000048	7262

313760105000196	313760105000050	8056

313760105000196	313760105000058	6463

313760105000196	313760105000076	3439

313760105000196	313760105000102	6643

313760105000196	313760105000122	3636

313760105000196	313760105000125	3673

313760105000196	313760105000132	2045

313760105000196	313760105000135	2040

313760105000196	313760105000139	2687

313760105000196	313760105000145	6766

313760105000196	313760105000146	5268

313760105000196	313760105000152	5047

313760105000196	313760105000168	2113

313760105000196	313760105000172	5554

313760105000196	313760105000186	2483

313760105000196	313760105000201	5949

313760105000196	313760105000226	1351

313760105000196	313760105000229	1521

313760105000196	313760105000230	6921

313760105000196	313760105000231	7040

313760105000196	313760105000235	4050

313760105000196	313760105000239	2743

313760105000196	313760105000257	3233

313760105000196	313760105000259	1186

313760105000196	313760105000264	3171

313760105000196	313760105000272	7752

313760105000196	313760105000273	7922

313760105000196	313760105000280	3773

313760105000196	313760114000002	9667

313760105000196	313760114000007	9145

313760105000196	313760114000008	8734

313760105000196	313760114000009	7830

313760105000196	313760114000010	10973

313760105000196	313760115000005	7322

313760105000196	313760115000006	9025

313760105000196	313760115000007	7292

313760105000196	313760115000015	4611

313760105000198	313760105000010	2771

313760105000198	313760105000013	1977

313760105000198	313760105000048	6195

313760105000198	313760105000050	4399

313760105000198	313760105000058	4647

313760105000198	313760105000076	2779

313760105000198	313760105000102	838

313760105000198	313760105000122	3804

313760105000198	313760105000125	2869

313760105000198	313760105000132	4352

313760105000198	313760105000135	6245

313760105000198	313760105000139	7832

313760105000198	313760105000145	3625

313760105000198	313760105000146	7500

313760105000198	313760105000152	10783

313760105000198	313760105000168	3947

313760105000198	313760105000172	6477

313760105000198	313760105000186	7670

313760105000198	313760105000201	171

313760105000198	313760105000226	6916

313760105000198	313760105000229	7186

313760105000198	313760105000230	4671

313760105000198	313760105000231	5048

313760105000198	313760105000235	3481

313760105000198	313760105000239	3437

313760105000198	313760105000257	3283

313760105000198	313760105000259	4684

313760105000198	313760105000264	7857

313760105000198	313760105000272	2822

313760105000198	313760105000273	3070

313760105000198	313760105000280	9457

313760105000198	313760114000002	4660

313760105000198	313760114000007	5021

313760105000198	313760114000008	4499

313760105000198	313760114000009	4053

313760105000198	313760114000010	7555

313760105000198	313760115000005	10737

313760105000198	313760115000006	14031

313760105000198	313760115000007	12988

313760105000198	313760115000015	8725

313760105000199	313760105000010	2559

313760105000199	313760105000013	1713

313760105000199	313760105000048	5844

313760105000199	313760105000050	4755

313760105000199	313760105000058	5004

313760105000199	313760105000076	2662

313760105000199	313760105000102	977

313760105000199	313760105000122	4041

313760105000199	313760105000125	3078

313760105000199	313760105000132	4473

313760105000199	313760105000135	6379

313760105000199	313760105000139	7941

313760105000199	313760105000145	3259

313760105000199	313760105000146	7252

313760105000199	313760105000152	10837

313760105000199	313760105000168	4042

313760105000199	313760105000172	6778

313760105000199	313760105000186	7773

313760105000199	313760105000201	281

313760105000199	313760105000226	6976

313760105000199	313760105000229	7238

313760105000199	313760105000230	5035

313760105000199	313760105000231	5411

313760105000199	313760105000235	3745

313760105000199	313760105000239	3351

313760105000199	313760105000257	3141

313760105000199	313760105000259	4727

313760105000199	313760105000264	7740

313760105000199	313760105000272	3131

313760105000199	313760105000273	3381

313760105000199	313760105000280	9419

313760105000199	313760114000002	4401

313760105000199	313760114000007	4688

313760105000199	313760114000008	4167

313760105000199	313760114000009	3696

313760105000199	313760114000010	7208

313760105000199	313760115000005	10980

313760105000199	313760115000006	14189

313760105000199	313760115000007	13054

313760105000199	313760115000015	8914

313760105000200	313760105000010	2434

313760105000200	313760105000013	1646

313760105000200	313760105000048	5917

313760105000200	313760105000050	4675

313760105000200	313760105000058	4804

313760105000200	313760105000076	2459

313760105000200	313760105000102	1146

313760105000200	313760105000122	3749

313760105000200	313760105000125	2781

313760105000200	313760105000132	4177

313760105000200	313760105000135	6081

313760105000200	313760105000139	7647

313760105000200	313760105000145	3407

313760105000200	313760105000146	7163

313760105000200	313760105000152	10557

313760105000200	313760105000168	3750

313760105000200	313760105000172	6510

313760105000200	313760105000186	7481

313760105000200	313760105000201	398

313760105000200	313760105000226	6693

313760105000200	313760105000229	6958

313760105000200	313760105000230	4861

313760105000200	313760105000231	5230

313760105000200	313760105000235	3461

313760105000200	313760105000239	3130

313760105000200	313760105000257	2956

313760105000200	313760105000259	4449

313760105000200	313760105000264	7541

313760105000200	313760105000272	3149

313760105000200	313760105000273	3395

313760105000200	313760105000280	9175

313760105000200	313760114000002	4693

313760105000200	313760114000007	4940

313760105000200	313760114000008	4420

313760105000200	313760114000009	3911

313760105000200	313760114000010	7440

313760105000200	313760115000005	10688

313760105000200	313760115000006	13890

313760105000200	313760115000007	12771

313760105000200	313760115000015	8614

313760105000201	313760105000010	2803

313760105000201	313760105000013	1978

313760105000201	313760105000048	6122

313760105000201	313760105000050	4483

313760105000201	313760105000058	4790

313760105000201	313760105000076	2856

313760105000201	313760105000102	749

313760105000201	313760105000122	3974

313760105000201	313760105000125	3037

313760105000201	313760105000132	4507

313760105000201	313760105000135	6403

313760105000201	313760105000139	7985

313760105000201	313760105000145	3518

313760105000201	313760105000146	7513

313760105000201	313760105000152	10924

313760105000201	313760105000168	4095

313760105000201	313760105000172	6645

313760105000201	313760105000186	7822

313760105000201	313760105000201	0

313760105000201	313760105000226	7057

313760105000201	313760105000229	7325

313760105000201	313760105000230	4803

313760105000201	313760105000231	5183

313760105000201	313760105000235	3652

313760105000201	313760105000239	3528

313760105000201	313760105000257	3350

313760105000201	313760105000259	4820

313760105000201	313760105000264	7938

313760105000201	313760105000272	2851

313760105000201	313760105000273	3100

313760105000201	313760105000280	9569

313760105000201	313760114000002	4489

313760105000201	313760114000007	4865

313760105000201	313760114000008	4342

313760105000201	313760114000009	3914

313760105000201	313760114000010	7405

313760105000201	313760115000005	10907

313760105000201	313760115000006	14194

313760105000201	313760115000007	13132

313760105000201	313760115000015	8892

313760105000202	313760105000010	3027

313760105000202	313760105000013	2180

313760105000202	313760105000048	6225

313760105000202	313760105000050	4416

313760105000202	313760105000058	4843

313760105000202	313760105000076	3106

313760105000202	313760105000102	509

313760105000202	313760105000122	4166

313760105000202	313760105000125	3246

313760105000202	313760105000132	4745

313760105000202	313760105000135	6637

313760105000202	313760105000139	8226

313760105000202	313760105000145	3568

313760105000202	313760105000146	7718

313760105000202	313760105000152	11175

313760105000202	313760105000168	4340

313760105000202	313760105000172	6783

313760105000202	313760105000186	8064

313760105000202	313760105000201	257

313760105000202	313760105000226	7308

313760105000202	313760105000229	7577

313760105000202	313760105000230	4829

313760105000202	313760105000231	5213

313760105000202	313760105000235	3828

313760105000202	313760105000239	3782

313760105000202	313760105000257	3595

313760105000202	313760105000259	5073

313760105000202	313760105000264	8187

313760105000202	313760105000272	2708

313760105000202	313760105000273	2959

313760105000202	313760105000280	9826

313760105000202	313760114000002	4333

313760105000202	313760114000007	4789

313760105000202	313760114000008	4266

313760105000202	313760114000009	3893

313760105000202	313760114000010	7349

313760105000202	313760115000005	11089

313760105000202	313760115000006	14418

313760105000202	313760115000007	13381

313760105000202	313760115000015	9105

313760105000203	313760105000010	3272

313760105000203	313760105000013	3095

313760105000203	313760105000048	7469

313760105000203	313760105000050	3998

313760105000203	313760105000058	3072

313760105000203	313760105000076	2679

313760105000203	313760105000102	3003

313760105000203	313760105000122	1406

313760105000203	313760105000125	588

313760105000203	313760105000132	2325

313760105000203	313760105000135	4068

313760105000203	313760105000139	5716

313760105000203	313760105000145	5421

313760105000203	313760105000146	7598

313760105000203	313760105000152	8845

313760105000203	313760105000168	2114

313760105000203	313760105000172	4199

313760105000203	313760105000186	5578

313760105000203	313760105000201	2570

313760105000203	313760105000226	5033

313760105000203	313760105000229	5331

313760105000203	313760105000230	3344

313760105000203	313760105000231	3624

313760105000203	313760105000235	1104

313760105000203	313760105000239	2899

313760105000203	313760105000257	3153

313760105000203	313760105000259	3048

313760105000203	313760105000264	6953

313760105000203	313760105000272	3541

313760105000203	313760105000273	3701

313760105000203	313760105000280	7998

313760105000203	313760114000002	7047

313760105000203	313760114000007	7249

313760105000203	313760114000008	6735

313760105000203	313760114000009	6129

313760105000203	313760114000010	9679

313760105000203	313760115000005	8338

313760105000203	313760115000006	11729

313760105000203	313760115000007	10975

313760105000203	313760115000015	6373

313760105000204	313760105000010	3391

313760105000204	313760105000013	3163

313760105000204	313760105000048	7566

313760105000204	313760105000050	3798

313760105000204	313760105000058	2938

313760105000204	313760105000076	2827

313760105000204	313760105000102	2889

313760105000204	313760105000122	1509

313760105000204	313760105000125	780

313760105000204	313760105000132	2520

313760105000204	313760105000135	4237

313760105000204	313760105000139	5889

313760105000204	313760105000145	5460

313760105000204	313760105000146	7772

313760105000204	313760105000152	9030

313760105000204	313760105000168	2320

313760105000204	313760105000172	4203

313760105000204	313760105000186	5754

313760105000204	313760105000201	2498

313760105000204	313760105000226	5227

313760105000204	313760105000229	5527

313760105000204	313760105000230	3188

313760105000204	313760105000231	3480

313760105000204	313760105000235	1154

313760105000204	313760105000239	3078

313760105000204	313760105000257	3312

313760105000204	313760105000259	3255

313760105000204	313760105000264	7158

313760105000204	313760105000272	3340

313760105000204	313760105000273	3498

313760105000204	313760105000280	8204

313760105000204	313760114000002	6986

313760105000204	313760114000007	7235

313760105000204	313760114000008	6719

313760105000204	313760114000009	6137

313760105000204	313760114000010	9688

313760105000204	313760115000005	8414

313760105000204	313760115000006	11865

313760105000204	313760115000007	11153

313760105000204	313760115000015	6497

313760105000205	313760105000010	4586

313760105000205	313760105000013	4360

313760105000205	313760105000048	8770

313760105000205	313760105000050	3081

313760105000205	313760105000058	1769

313760105000205	313760105000076	3986

313760105000205	313760105000102	3648

313760105000205	313760105000122	1404

313760105000205	313760105000125	1527

313760105000205	313760105000132	2942

313760105000205	313760105000135	4271

313760105000205	313760105000139	5907

313760105000205	313760105000145	6625

313760105000205	313760105000146	8846

313760105000205	313760105000152	9144

313760105000205	313760105000168	2950

313760105000205	313760105000172	3225

313760105000205	313760105000186	5807

313760105000205	313760105000201	3446

313760105000205	313760105000226	5516

313760105000205	313760105000229	5824

313760105000205	313760105000230	2089

313760105000205	313760105000231	2335

313760105000205	313760105000235	943

313760105000205	313760105000239	4150

313760105000205	313760105000257	4446

313760105000205	313760105000259	3884

313760105000205	313760105000264	7943

313760105000205	313760105000272	3302

313760105000205	313760105000273	3382

313760105000205	313760105000280	8688

313760105000205	313760114000002	7892

313760105000205	313760114000007	8290

313760105000205	313760114000008	7770

313760105000205	313760114000009	7248

313760105000205	313760114000010	10789

313760105000205	313760115000005	7698

313760105000205	313760115000006	11493

313760105000205	313760115000007	11162

313760105000205	313760115000015	6094

313760105000206	313760105000010	4612

313760105000206	313760105000013	4455

313760105000206	313760105000048	8824

313760105000206	313760105000050	3371

313760105000206	313760105000058	1860

313760105000206	313760105000076	3972

313760105000206	313760105000102	3929

313760105000206	313760105000122	1106

313760105000206	313760105000125	1432

313760105000206	313760105000132	2684

313760105000206	313760105000135	3938

313760105000206	313760105000139	5568

313760105000206	313760105000145	6762

313760105000206	313760105000146	8750

313760105000206	313760105000152	8809

313760105000206	313760105000168	2739

313760105000206	313760105000172	2965

313760105000206	313760105000186	5471

313760105000206	313760105000201	3680

313760105000206	313760105000226	5209

313760105000206	313760105000229	5517

313760105000206	313760105000230	2245

313760105000206	313760105000231	2445

313760105000206	313760105000235	683

313760105000206	313760105000239	4074

313760105000206	313760105000257	4407

313760105000206	313760105000259	3656

313760105000206	313760105000264	7732

313760105000206	313760105000272	3653

313760105000206	313760105000273	3732

313760105000206	313760105000280	8405

313760105000206	313760114000002	8150

313760105000206	313760114000007	8496

313760105000206	313760114000008	7977

313760105000206	313760114000009	7425

313760105000206	313760114000010	10973

313760105000206	313760115000005	7381

313760105000206	313760115000006	11144

313760105000206	313760115000007	10819

313760105000206	313760115000015	5745

313760105000207	313760105000010	4635

313760105000207	313760105000013	4686

313760105000207	313760105000048	8855

313760105000207	313760105000050	4370

313760105000207	313760105000058	2578

313760105000207	313760105000076	3902

313760105000207	313760105000102	4707

313760105000207	313760105000122	468

313760105000207	313760105000125	1447

313760105000207	313760105000132	1896

313760105000207	313760105000135	2900

313760105000207	313760105000139	4520

313760105000207	313760105000145	7066

313760105000207	313760105000146	8337

313760105000207	313760105000152	7765

313760105000207	313760105000168	2119

313760105000207	313760105000172	2539

313760105000207	313760105000186	4427

313760105000207	313760105000201	4332

313760105000207	313760105000226	4224

313760105000207	313760105000229	4531

313760105000207	313760105000230	3051

313760105000207	313760105000231	3153

313760105000207	313760105000235	685

313760105000207	313760105000239	3813

313760105000207	313760105000257	4244

313760105000207	313760105000259	2929

313760105000207	313760105000264	6994

313760105000207	313760105000272	4687

313760105000207	313760105000273	4775

313760105000207	313760105000280	7467

313760105000207	313760114000002	8816

313760105000207	313760114000007	8994

313760105000207	313760114000008	8485

313760105000207	313760114000009	7842

313760105000207	313760114000010	11384

313760105000207	313760115000005	6579

313760105000207	313760115000006	10154

313760105000207	313760115000007	9767

313760105000207	313760115000015	4757

313760105000208	313760105000010	4424

313760105000208	313760105000013	4484

313760105000208	313760105000048	8643

313760105000208	313760105000050	4429

313760105000208	313760105000058	2710

313760105000208	313760105000076	3689

313760105000208	313760105000102	4577

313760105000208	313760105000122	256

313760105000208	313760105000125	1251

313760105000208	313760105000132	1738

313760105000208	313760105000135	2872

313760105000208	313760105000139	4510

313760105000208	313760105000145	6866

313760105000208	313760105000146	8138

313760105000208	313760105000152	7745

313760105000208	313760105000168	1931

313760105000208	313760105000172	2748

313760105000208	313760105000186	4408

313760105000208	313760105000201	4178

313760105000208	313760105000226	4150

313760105000208	313760105000229	4457

313760105000208	313760105000230	3169

313760105000208	313760105000231	3291

313760105000208	313760105000235	569

313760105000208	313760105000239	3602

313760105000208	313760105000257	4031

313760105000208	313760105000259	2764

313760105000208	313760105000264	6839

313760105000208	313760105000272	4653

313760105000208	313760105000273	4752

313760105000208	313760105000280	7371

313760105000208	313760114000002	8656

313760105000208	313760114000007	8811

313760105000208	313760114000008	8303

313760105000208	313760114000009	7651

313760105000208	313760114000010	11191

313760105000208	313760115000005	6729

313760105000208	313760115000006	10236

313760105000208	313760115000007	9771

313760105000208	313760115000015	4845

313760105000209	313760105000010	7020

313760105000209	313760105000013	7681

313760105000209	313760105000048	10202

313760105000209	313760105000050	9383

313760105000209	313760105000058	7360

313760105000209	313760105000076	6321

313760105000209	313760105000102	9091

313760105000209	313760105000122	5085

313760105000209	313760105000125	5654

313760105000209	313760105000132	3984

313760105000209	313760105000135	2189

313760105000209	313760105000139	536

313760105000209	313760105000145	9748

313760105000209	313760105000146	7718

313760105000209	313760105000152	2719

313760105000209	313760105000168	4384

313760105000209	313760105000172	5317

313760105000209	313760105000186	661

313760105000209	313760105000201	8478

313760105000209	313760105000226	1656

313760105000209	313760105000229	1547

313760105000209	313760105000230	7881

313760105000209	313760105000231	7848

313760105000209	313760105000235	5564

313760105000209	313760105000239	5671

313760105000209	313760105000257	6192

313760105000209	313760105000259	3799

313760105000209	313760105000264	4804

313760105000209	313760105000272	9666

313760105000209	313760105000273	9781

313760105000209	313760105000280	3490

313760105000209	313760114000002	12523

313760105000209	313760114000007	12108

313760105000209	313760114000008	11681

313760105000209	313760114000009	10798

313760105000209	313760114000010	13979

313760105000209	313760115000005	4953

313760105000209	313760115000006	6021

313760105000209	313760115000007	4744

313760105000209	313760115000015	2321

313760105000210	313760105000010	7375

313760105000210	313760105000013	8038

313760105000210	313760105000048	10530

313760105000210	313760105000050	9650

313760105000210	313760105000058	7604

313760105000210	313760105000076	6677

313760105000210	313760105000102	9434

313760105000210	313760105000122	5391

313760105000210	313760105000125	5984

313760105000210	313760105000132	4326

313760105000210	313760105000135	2505

313760105000210	313760105000139	850

313760105000210	313760105000145	10102

313760105000210	313760105000146	7989

313760105000210	313760105000152	2471

313760105000210	313760105000168	4733

313760105000210	313760105000172	5477

313760105000210	313760105000186	1003

313760105000210	313760105000201	8825

313760105000210	313760105000226	2003

313760105000210	313760105000229	1877

313760105000210	313760105000230	8126

313760105000210	313760105000231	8080

313760105000210	313760105000235	5869

313760105000210	313760105000239	6027

313760105000210	313760105000257	6546

313760105000210	313760105000259	4156

313760105000210	313760105000264	5026

313760105000210	313760105000272	9976

313760105000210	313760105000273	10087

313760105000210	313760105000280	3547

313760105000210	313760114000002	12879

313760105000210	313760114000007	12464

313760105000210	313760114000008	12037

313760105000210	313760114000009	11153

313760105000210	313760114000010	14327

313760105000210	313760115000005	4789

313760105000210	313760115000006	5671

313760105000210	313760115000007	4431

313760105000210	313760115000015	2247

313760105000211	313760105000010	1777

313760105000211	313760105000013	2221

313760105000211	313760105000048	5893

313760105000211	313760105000050	6074

313760105000211	313760105000058	5090

313760105000211	313760105000076	988

313760105000211	313760105000102	3899

313760105000211	313760105000122	2552

313760105000211	313760105000125	1816

313760105000211	313760105000132	1835

313760105000211	313760105000135	3642

313760105000211	313760105000139	5048

313760105000211	313760105000145	4493

313760105000211	313760105000146	5516

313760105000211	313760105000152	7796

313760105000211	313760105000168	1313

313760105000211	313760105000172	5493

313760105000211	313760105000186	4864

313760105000211	313760105000201	3187

313760105000211	313760105000226	3959

313760105000211	313760105000229	4205

313760105000211	313760105000230	5413

313760105000211	313760105000231	5664

313760105000211	313760105000235	2664

313760105000211	313760105000239	827

313760105000211	313760105000257	1235

313760105000211	313760105000259	1705

313760105000211	313760105000264	4989

313760105000211	313760105000272	5297

313760105000211	313760105000273	5501

313760105000211	313760105000280	6398

313760105000211	313760114000002	7032

313760105000211	313760114000007	6735

313760105000211	313760114000008	6275

313760105000211	313760114000009	5455

313760105000211	313760114000010	8866

313760105000211	313760115000005	8817

313760105000211	313760115000006	11425

313760105000211	313760115000007	10028

313760105000211	313760115000015	6396

313760105000212	313760105000010	1589

313760105000212	313760105000013	1934

313760105000212	313760105000048	5779

313760105000212	313760105000050	5897

313760105000212	313760105000058	5023

313760105000212	313760105000076	823

313760105000212	313760105000102	3580

313760105000212	313760105000122	2614

313760105000212	313760105000125	1782

313760105000212	313760105000132	2085

313760105000212	313760105000135	3931

313760105000212	313760105000139	5362

313760105000212	313760105000145	4249

313760105000212	313760105000146	5619

313760105000212	313760105000152	8126

313760105000212	313760105000168	1568

313760105000212	313760105000172	5596

313760105000212	313760105000186	5180

313760105000212	313760105000201	2862

313760105000212	313760105000226	4287

313760105000212	313760105000229	4535

313760105000212	313760105000230	5320

313760105000212	313760105000231	5588

313760105000212	313760105000235	2667

313760105000212	313760105000239	929

313760105000212	313760105000257	1200

313760105000212	313760105000259	2031

313760105000212	313760105000264	5251

313760105000212	313760105000272	5038

313760105000212	313760105000273	5248

313760105000212	313760105000280	6714

313760105000212	313760114000002	6718

313760105000212	313760114000007	6457

313760105000212	313760114000008	5990

313760105000212	313760114000009	5187

313760105000212	313760114000010	8626

313760105000212	313760115000005	9050

313760105000212	313760115000006	11730

313760105000212	313760115000007	10357

313760105000212	313760115000015	6666

313760105000213	313760105000010	2576

313760105000213	313760105000013	1695

313760105000213	313760105000048	5697

313760105000213	313760105000050	4924

313760105000213	313760105000058	5229

313760105000213	313760105000076	2748

313760105000213	313760105000102	1002

313760105000213	313760105000122	4275

313760105000213	313760105000125	3306

313760105000213	313760105000132	4672

313760105000213	313760105000135	6580

313760105000213	313760105000139	8132

313760105000213	313760105000145	3069

313760105000213	313760105000146	7223

313760105000213	313760105000152	11002

313760105000213	313760105000168	4232

313760105000213	313760105000172	7018

313760105000213	313760105000186	7962

313760105000213	313760105000201	451

313760105000213	313760105000226	7146

313760105000213	313760105000229	7405

313760105000213	313760105000230	5251

313760105000213	313760105000231	5629

313760105000213	313760105000235	3982

313760105000213	313760105000239	3451

313760105000213	313760105000257	3207

313760105000213	313760105000259	4893

313760105000213	313760105000264	7811

313760105000213	313760105000272	3242

313760105000213	313760105000273	3493

313760105000213	313760105000280	9537

313760105000213	313760114000002	4168

313760105000213	313760114000007	4451

313760105000213	313760114000008	3929

313760105000213	313760114000009	3471

313760105000213	313760114000010	6976

313760105000213	313760115000005	11213

313760105000213	313760115000006	14396

313760105000213	313760115000007	13225

313760105000213	313760115000015	9133

313760105000214	313760105000010	2248

313760105000214	313760105000013	1403

313760105000214	313760105000048	5595

313760105000214	313760105000050	4997

313760105000214	313760105000058	5137

313760105000214	313760105000076	2375

313760105000214	313760105000102	1288

313760105000214	313760105000122	3994

313760105000214	313760105000125	3009

313760105000214	313760105000132	4317

313760105000214	313760105000135	6227

313760105000214	313760105000139	7767

313760105000214	313760105000145	3071

313760105000214	313760105000146	6941

313760105000214	313760105000152	10622

313760105000214	313760105000168	3868

313760105000214	313760105000172	6799

313760105000214	313760105000186	7596

313760105000214	313760105000201	577

313760105000214	313760105000226	6769

313760105000214	313760105000229	7026

313760105000214	313760105000230	5197

313760105000214	313760105000231	5566

313760105000214	313760105000235	3728

313760105000214	313760105000239	3073

313760105000214	313760105000257	2844

313760105000214	313760105000259	4515

313760105000214	313760105000264	7446

313760105000214	313760105000272	3421

313760105000214	313760105000273	3670

313760105000214	313760105000280	9156

313760105000214	313760114000002	4467

313760105000214	313760114000007	4640

313760105000214	313760114000008	4123

313760105000214	313760114000009	3588

313760105000214	313760114000010	7124

313760105000214	313760115000005	10925

313760105000214	313760115000006	14048

313760105000214	313760115000007	12847

313760105000214	313760115000015	8805

313760105000215	313760105000010	5658

313760105000215	313760105000013	5191

313760105000215	313760105000048	9630

313760105000215	313760105000050	1394

313760105000215	313760105000058	1372

313760105000215	313760105000076	5209

313760105000215	313760105000102	3524

313760105000215	313760105000122	3091

313760105000215	313760105000125	3076

313760105000215	313760105000132	4626

313760105000215	313760105000135	5917

313760105000215	313760105000139	7529

313760105000215	313760105000145	7174

313760105000215	313760105000146	10207

313760105000215	313760105000152	10778

313760105000215	313760105000168	4595

313760105000215	313760105000172	4035

313760105000215	313760105000186	7441

313760105000215	313760105000201	3676

313760105000215	313760105000226	7201

313760105000215	313760105000229	7509

313760105000215	313760105000230	1179

313760105000215	313760105000231	1573

313760105000215	313760105000235	2634

313760105000215	313760105000239	5530

313760105000215	313760105000257	5721

313760105000215	313760105000259	5540

313760105000215	313760105000264	9561

313760105000215	313760105000272	2124

313760105000215	313760105000273	2095

313760105000215	313760105000280	10378

313760105000215	313760114000002	7695

313760105000215	313760114000007	8423

313760105000215	313760114000008	7905

313760105000215	313760114000009	7575

313760105000215	313760114000010	11007

313760105000215	313760115000005	8705

313760105000215	313760115000006	12824

313760105000215	313760115000007	12747

313760105000215	313760115000015	7474

313760105000216	313760105000010	4939

313760105000216	313760105000013	4586

313760105000216	313760105000048	9038

313760105000216	313760105000050	2362

313760105000216	313760105000058	1455

313760105000216	313760105000076	4416

313760105000216	313760105000102	3413

313760105000216	313760105000122	2136

313760105000216	313760105000125	2135

313760105000216	313760105000132	3658

313760105000216	313760105000135	4995

313760105000216	313760105000139	6625

313760105000216	313760105000145	6735

313760105000216	313760105000146	9367

313760105000216	313760105000152	9866

313760105000216	313760105000168	3633

313760105000216	313760105000172	3572

313760105000216	313760105000186	6528

313760105000216	313760105000201	3362

313760105000216	313760105000226	6248

313760105000216	313760105000229	6555

313760105000216	313760105000230	1610

313760105000216	313760105000231	1935

313760105000216	313760105000235	1671

313760105000216	313760105000239	4669

313760105000216	313760105000257	4908

313760105000216	313760105000259	4576

313760105000216	313760105000264	8610

313760105000216	313760105000272	2674

313760105000216	313760105000273	2725

313760105000216	313760105000280	9412

313760105000216	313760114000002	7679

313760105000216	313760114000007	8221

313760105000216	313760114000008	7699

313760105000216	313760114000009	7260

313760105000216	313760114000010	10767

313760105000216	313760115000005	8172

313760105000216	313760115000006	12107

313760105000216	313760115000007	11870

313760105000216	313760115000015	6720

313760105000217	313760105000010	4776

313760105000217	313760105000013	4876

313760105000217	313760105000048	8981

313760105000217	313760105000050	4621

313760105000217	313760105000058	2757

313760105000217	313760105000076	4026

313760105000217	313760105000102	4993

313760105000217	313760105000122	653

313760105000217	313760105000125	1659

313760105000217	313760105000132	1814

313760105000217	313760105000135	2641

313760105000217	313760105000139	4246

313760105000217	313760105000145	7261

313760105000217	313760105000146	8336

313760105000217	313760105000152	7495

313760105000217	313760105000168	2105

313760105000217	313760105000172	2393

313760105000217	313760105000186	4158

313760105000217	313760105000201	4601

313760105000217	313760105000226	4003

313760105000217	313760105000229	4308

313760105000217	313760105000230	3247

313760105000217	313760105000231	3319

313760105000217	313760105000235	972

313760105000217	313760105000239	3886

313760105000217	313760105000257	4340

313760105000217	313760105000259	2850

313760105000217	313760105000264	6882

313760105000217	313760105000272	4985

313760105000217	313760105000273	5070

313760105000217	313760105000280	7266

313760105000217	313760114000002	9079

313760105000217	313760114000007	9227

313760105000217	313760114000008	8720

313760105000217	313760114000009	8059

313760105000217	313760114000010	11596

313760105000217	313760115000005	6306

313760105000217	313760115000006	9853

313760105000217	313760115000007	9483

313760105000217	313760115000015	4456

313760105000218	313760105000010	4428

313760105000218	313760105000013	4550

313760105000218	313760105000048	8628

313760105000218	313760105000050	4725

313760105000218	313760105000058	2968

313760105000218	313760105000076	3674

313760105000218	313760105000102	4794

313760105000218	313760105000122	397

313760105000218	313760105000125	1366

313760105000218	313760105000132	1512

313760105000218	313760105000135	2573

313760105000218	313760105000139	4213

313760105000218	313760105000145	6936

313760105000218	313760105000146	7995

313760105000218	313760105000152	7446

313760105000218	313760105000168	1766

313760105000218	313760105000172	2746

313760105000218	313760105000186	4110

313760105000218	313760105000201	4365

313760105000218	313760105000226	3856

313760105000218	313760105000229	4164

313760105000218	313760105000230	3438

313760105000218	313760105000231	3543

313760105000218	313760105000235	837

313760105000218	313760105000239	3529

313760105000218	313760105000257	3984

313760105000218	313760105000259	2548

313760105000218	313760105000264	6606

313760105000218	313760105000272	4941

313760105000218	313760105000273	5044

313760105000218	313760105000280	7087

313760105000218	313760114000002	8826

313760105000218	313760114000007	8931

313760105000218	313760114000008	8427

313760105000218	313760114000009	7751

313760105000218	313760114000010	11281

313760105000218	313760115000005	6556

313760105000218	313760115000006	9980

313760105000218	313760115000007	9477

313760105000218	313760115000015	4598

313760105000219	313760105000010	4584

313760105000219	313760105000013	5188

313760105000219	313760105000048	8145

313760105000219	313760105000050	7435

313760105000219	313760105000058	5667

313760105000219	313760105000076	3849

313760105000219	313760105000102	6608

313760105000219	313760105000122	2961

313760105000219	313760105000125	3283

313760105000219	313760105000132	1546

313760105000219	313760105000135	949

313760105000219	313760105000139	2066

313760105000219	313760105000145	7341

313760105000219	313760105000146	6366

313760105000219	313760105000152	4993

313760105000219	313760105000168	1881

313760105000219	313760105000172	4491

313760105000219	313760105000186	1883

313760105000219	313760105000201	5974

313760105000219	313760105000226	1169

313760105000219	313760105000229	1473

313760105000219	313760105000230	6154

313760105000219	313760105000231	6227

313760105000219	313760105000235	3423

313760105000219	313760105000239	3246

313760105000219	313760105000257	3788

313760105000219	313760105000259	1317

313760105000219	313760105000264	4213

313760105000219	313760105000272	7393

313760105000219	313760105000273	7536

313760105000219	313760105000280	4360

313760105000219	313760114000002	10013

313760105000219	313760114000007	9663

313760105000219	313760114000008	9220

313760105000219	313760114000009	8362

313760105000219	313760114000010	11651

313760105000219	313760115000005	6324

313760105000219	313760115000006	8455

313760105000219	313760115000007	7169

313760105000219	313760115000015	3669

313760105000220	313760105000010	5281

313760105000220	313760105000013	5939

313760105000220	313760105000048	8614

313760105000220	313760105000050	8195

313760105000220	313760105000058	6350

313760105000220	313760105000076	4578

313760105000220	313760105000102	7445

313760105000220	313760105000122	3738

313760105000220	313760105000125	4119

313760105000220	313760105000132	2386

313760105000220	313760105000135	1122

313760105000220	313760105000139	1355

313760105000220	313760105000145	8018

313760105000220	313760105000146	6492

313760105000220	313760105000152	4151

313760105000220	313760105000168	2718

313760105000220	313760105000172	4880

313760105000220	313760105000186	1154

313760105000220	313760105000201	6804

313760105000220	313760105000226	405

313760105000220	313760105000229	702

313760105000220	313760105000230	6849

313760105000220	313760105000231	6894

313760105000220	313760105000235	4209

313760105000220	313760105000239	3932

313760105000220	313760105000257	4457

313760105000220	313760105000259	2060

313760105000220	313760105000264	3987

313760105000220	313760105000272	8221

313760105000220	313760105000273	8360

313760105000220	313760105000280	3699

313760105000220	313760114000002	10784

313760105000220	313760114000007	10370

313760105000220	313760114000008	9940

313760105000220	313760114000009	9061

313760105000220	313760114000010	12278

313760105000220	313760115000005	6020

313760105000220	313760115000006	7747

313760105000220	313760115000007	6331

313760105000220	313760115000015	3288

313760105000221	313760105000010	4637

313760105000221	313760105000013	5304

313760105000221	313760105000048	8009

313760105000221	313760105000050	7880

313760105000221	313760105000058	6138

313760105000221	313760105000076	3939

313760105000221	313760105000102	6886

313760105000221	313760105000122	3405

313760105000221	313760105000125	3656

313760105000221	313760105000132	1920

313760105000221	313760105000135	1294

313760105000221	313760105000139	1997

313760105000221	313760105000145	7373

313760105000221	313760105000146	6038

313760105000221	313760105000152	4696

313760105000221	313760105000168	2177

313760105000221	313760105000172	4950

313760105000221	313760105000186	1797

313760105000221	313760105000201	6229

313760105000221	313760105000226	828

313760105000221	313760105000229	1106

313760105000221	313760105000230	6621

313760105000221	313760105000231	6700

313760105000221	313760105000235	3859

313760105000221	313760105000239	3288

313760105000221	313760105000257	3813

313760105000221	313760105000259	1437

313760105000221	313760105000264	3764

313760105000221	313760105000272	7775

313760105000221	313760105000273	7926

313760105000221	313760105000280	3898

313760105000221	313760114000002	10154

313760105000221	313760114000007	9726

313760105000221	313760114000008	9297

313760105000221	313760114000009	8416

313760105000221	313760114000010	11637

313760105000221	313760115000005	6539

313760105000221	313760115000006	8391

313760105000221	313760115000007	6906

313760105000221	313760115000015	3834

313760105000222	313760105000010	6380

313760105000222	313760105000013	7120

313760105000222	313760105000048	9276

313760105000222	313760105000050	9594

313760105000222	313760105000058	7696

313760105000222	313760105000076	5742

313760105000222	313760105000102	8808

313760105000222	313760105000122	5153

313760105000222	313760105000125	5537

313760105000222	313760105000132	3799

313760105000222	313760105000135	2371

313760105000222	313760105000139	1253

313760105000222	313760105000145	9043

313760105000222	313760105000146	6639

313760105000222	313760105000152	2778

313760105000222	313760105000168	4096

313760105000222	313760105000172	5965

313760105000222	313760105000186	1153

313760105000222	313760105000201	8146

313760105000222	313760105000226	1098

313760105000222	313760105000229	821

313760105000222	313760105000230	8204

313760105000222	313760105000231	8224

313760105000222	313760105000235	5627

313760105000222	313760105000239	5049

313760105000222	313760105000257	5534

313760105000222	313760105000259	3332

313760105000222	313760105000264	3688

313760105000222	313760105000272	9643

313760105000222	313760105000273	9783

313760105000222	313760105000280	2560

313760105000222	313760114000002	11973

313760105000222	313760114000007	11433

313760105000222	313760114000008	11031

313760105000222	313760114000009	10117

313760105000222	313760114000010	13180

313760105000222	313760115000005	6067

313760105000222	313760115000006	6855

313760105000222	313760115000007	5004

313760105000222	313760115000015	3400

313760105000223	313760105000010	6334

313760105000223	313760105000013	7043

313760105000223	313760105000048	9379

313760105000223	313760105000050	9289

313760105000223	313760105000058	7364

313760105000223	313760105000076	5669

313760105000223	313760105000102	8633

313760105000223	313760105000122	4870

313760105000223	313760105000125	5303

313760105000223	313760105000132	3575

313760105000223	313760105000135	2039

313760105000223	313760105000139	887

313760105000223	313760105000145	9031

313760105000223	313760105000146	6861

313760105000223	313760105000152	2959

313760105000223	313760105000168	3907

313760105000223	313760105000172	5590

313760105000223	313760105000186	773

313760105000223	313760105000201	7986

313760105000223	313760105000226	947

313760105000223	313760105000229	748

313760105000223	313760105000230	7875

313760105000223	313760105000231	7885

313760105000223	313760105000235	5347

313760105000223	313760105000239	4992

313760105000223	313760105000257	5494

313760105000223	313760105000259	3200

313760105000223	313760105000264	3979

313760105000223	313760105000272	9394

313760105000223	313760105000273	9527

313760105000223	313760105000280	2943

313760105000223	313760114000002	11897

313760105000223	313760114000007	11410

313760105000223	313760114000008	10996

313760105000223	313760114000009	10095

313760105000223	313760114000010	13215

313760105000223	313760115000005	5758

313760105000223	313760115000006	6786

313760105000223	313760115000007	5146

313760105000223	313760115000015	3064

313760105000224	313760105000010	5821

313760105000224	313760105000013	6567

313760105000224	313760105000048	8745

313760105000224	313760105000050	9243

313760105000224	313760105000058	7407

313760105000224	313760105000076	5189

313760105000224	313760105000102	8301

313760105000224	313760105000122	4776

313760105000224	313760105000125	5090

313760105000224	313760105000132	3351

313760105000224	313760105000135	2135

313760105000224	313760105000139	1463

313760105000224	313760105000145	8482

313760105000224	313760105000146	6206

313760105000224	313760105000152	3308

313760105000224	313760105000168	3611

313760105000224	313760105000172	5852

313760105000224	313760105000186	1299

313760105000224	313760105000201	7629

313760105000224	313760105000226	665

313760105000224	313760105000229	357

313760105000224	313760105000230	7907

313760105000224	313760105000231	7950

313760105000224	313760105000235	5243

313760105000224	313760105000239	4492

313760105000224	313760105000257	4974

313760105000224	313760105000259	2809

313760105000224	313760105000264	3367

313760105000224	313760105000272	9207

313760105000224	313760105000273	9355

313760105000224	313760105000280	2663

313760105000224	313760114000002	11418

313760105000224	313760114000007	10872

313760105000224	313760114000008	10470

313760105000224	313760114000009	9556

313760105000224	313760114000010	12625

313760105000224	313760115000005	6377

313760105000224	313760115000006	7397

313760105000224	313760115000007	5546

313760105000224	313760115000015	3659

313760105000225	313760105000010	5092

313760105000225	313760105000013	5824

313760105000225	313760105000048	8170

313760105000225	313760105000050	8623

313760105000225	313760105000058	6862

313760105000225	313760105000076	4446

313760105000225	313760105000102	7552

313760105000225	313760105000122	4148

313760105000225	313760105000125	4388

313760105000225	313760105000132	2659

313760105000225	313760105000135	1781

313760105000225	313760105000139	1794

313760105000225	313760105000145	7777

313760105000225	313760105000146	5869

313760105000225	313760105000152	4062

313760105000225	313760105000168	2882

313760105000225	313760105000172	5536

313760105000225	313760105000186	1593

313760105000225	313760105000201	6877

313760105000225	313760105000226	423

313760105000225	313760105000229	508

313760105000225	313760105000230	7350

313760105000225	313760105000231	7419

313760105000225	313760105000235	4604

313760105000225	313760105000239	3756

313760105000225	313760105000257	4248

313760105000225	313760105000259	2058

313760105000225	313760105000264	3296

313760105000225	313760105000272	8506

313760105000225	313760105000273	8661

313760105000225	313760105000280	3163

313760105000225	313760114000002	10677

313760105000225	313760114000007	10159

313760105000225	313760114000008	9750

313760105000225	313760114000009	8844

313760105000225	313760114000010	11963

313760105000225	313760115000005	6630

313760105000225	313760115000006	8035

313760105000225	313760115000007	6298

313760105000225	313760115000015	3889

313760105000226	313760105000010	5397

313760105000226	313760105000013	6097

313760105000226	313760105000048	8570

313760105000226	313760105000050	8578

313760105000226	313760105000058	6749

313760105000226	313760105000076	4724

313760105000226	313760105000102	7714

313760105000226	313760105000122	4112

313760105000226	313760105000125	4448

313760105000226	313760105000132	2708

313760105000226	313760105000135	1520

313760105000226	313760105000139	1378

313760105000226	313760105000145	8108

313760105000226	313760105000146	6290

313760105000226	313760105000152	3868

313760105000226	313760105000168	2998

313760105000226	313760105000172	5274

313760105000226	313760105000186	1176

313760105000226	313760105000201	7057

313760105000226	313760105000226	0

313760105000226	313760105000229	308

313760105000226	313760105000230	7247

313760105000226	313760105000231	7295

313760105000226	313760105000235	4580

313760105000226	313760105000239	4052

313760105000226	313760105000257	4560

313760105000226	313760105000259	2257

313760105000226	313760105000264	3669

313760105000226	313760105000272	8561

313760105000226	313760105000273	8705

313760105000226	313760105000280	3294

313760105000226	313760114000002	10951

313760105000226	313760114000007	10479

313760105000226	313760114000008	10061

313760105000226	313760114000009	9165

313760105000226	313760114000010	12324

313760105000226	313760115000005	6210

313760105000226	313760115000006	7674

313760105000226	313760115000007	6079

313760105000226	313760115000015	3469

313760105000227	313760105000010	5765

313760105000227	313760105000013	6438

313760105000227	313760105000048	9001

313760105000227	313760105000050	8613

313760105000227	313760105000058	6717

313760105000227	313760105000076	5072

313760105000227	313760105000102	7953

313760105000227	313760105000122	4179

313760105000227	313760105000125	4606

313760105000227	313760105000132	2881

313760105000227	313760105000135	1398

313760105000227	313760105000139	941

313760105000227	313760105000145	8491

313760105000227	313760105000146	6719

313760105000227	313760105000152	3653

313760105000227	313760105000168	3226

313760105000227	313760105000172	5077

313760105000227	313760105000186	738

313760105000227	313760105000201	7315

313760105000227	313760105000226	439

313760105000227	313760105000229	516

313760105000227	313760105000230	7224

313760105000227	313760105000231	7248

313760105000227	313760105000235	4655

313760105000227	313760105000239	4416

313760105000227	313760105000257	4935

313760105000227	313760105000259	2565

313760105000227	313760105000264	4040

313760105000227	313760105000272	8696

313760105000227	313760105000273	8830

313760105000227	313760105000280	3426

313760105000227	313760114000002	11287

313760105000227	313760114000007	10852

313760105000227	313760114000008	10427

313760105000227	313760114000009	9541

313760105000227	313760114000010	12729

313760105000227	313760115000005	5785

313760105000227	313760115000006	7277

313760105000227	313760115000007	5823

313760105000227	313760115000015	3044

313760105000228	313760105000010	5915

313760105000228	313760105000013	6608

313760105000228	313760105000048	9063

313760105000228	313760105000050	8868

313760105000228	313760105000058	6971

313760105000228	313760105000076	5237

313760105000228	313760105000102	8173

313760105000228	313760105000122	4432

313760105000228	313760105000125	4846

313760105000228	313760105000132	3115

313760105000228	313760105000135	1650

313760105000228	313760105000139	937

313760105000228	313760105000145	8627

313760105000228	313760105000146	6684

313760105000228	313760105000152	3419

313760105000228	313760105000168	3446

313760105000228	313760105000172	5304

313760105000228	313760105000186	750

313760105000228	313760105000201	7527

313760105000228	313760105000226	520

313760105000228	313760105000229	432

313760105000228	313760105000230	7479

313760105000228	313760105000231	7501

313760105000228	313760105000235	4907

313760105000228	313760105000239	4569

313760105000228	313760105000257	5079

313760105000228	313760105000259	2751

313760105000228	313760105000264	3928

313760105000228	313760105000272	8942

313760105000228	313760105000273	9077

313760105000228	313760105000280	3194

313760105000228	313760114000002	11461

313760105000228	313760114000007	10998

313760105000228	313760114000008	10579

313760105000228	313760114000009	9685

313760105000228	313760114000010	12840

313760105000228	313760115000005	5843

313760105000228	313760115000006	7156

313760105000228	313760115000007	5605

313760105000228	313760115000015	3111

313760105000229	313760105000010	5595

313760105000229	313760105000013	6318

313760105000229	313760105000048	8655

313760105000229	313760105000050	8886

313760105000229	313760105000058	7052

313760105000229	313760105000076	4941

313760105000229	313760105000102	7989

313760105000229	313760105000122	4420

313760105000229	313760105000125	4747

313760105000229	313760105000132	3007

313760105000229	313760105000135	1796

313760105000229	313760105000139	1368

313760105000229	313760105000145	8285

313760105000229	313760105000146	6253

313760105000229	313760105000152	3599

313760105000229	313760105000168	3283

313760105000229	313760105000172	5534

313760105000229	313760105000186	1179

313760105000229	313760105000201	7325

313760105000229	313760105000226	308

313760105000229	313760105000229	0

313760105000229	313760105000230	7551

313760105000229	313760105000231	7596

313760105000229	313760105000235	4887

313760105000229	313760105000239	4256

313760105000229	313760105000257	4753

313760105000229	313760105000259	2511

313760105000229	313760105000264	3526

313760105000229	313760105000272	8862

313760105000229	313760105000273	9008

313760105000229	313760105000280	3003

313760105000229	313760114000002	11172

313760105000229	313760114000007	10666

313760105000229	313760114000008	10255

313760105000229	313760114000009	9351

313760105000229	313760114000010	12469

313760105000229	313760115000005	6269

313760105000229	313760115000006	7530

313760105000229	313760115000007	5823

313760105000229	313760115000015	3532

313760105000230	313760105000010	6549

313760105000230	313760105000013	6181

313760105000230	313760105000048	10635

313760105000230	313760105000050	1707

313760105000230	313760105000058	523

313760105000230	313760105000076	6014

313760105000230	313760105000102	4695

313760105000230	313760105000122	3291

313760105000230	313760105000125	3616

313760105000230	313760105000132	4889

313760105000230	313760105000135	5837

313760105000230	313760105000139	7356

313760105000230	313760105000145	8266

313760105000230	313760105000146	10928

313760105000230	313760105000152	10594

313760105000230	313760105000168	4982

313760105000230	313760105000172	3247

313760105000230	313760105000186	7298

313760105000230	313760105000201	4803

313760105000230	313760105000226	7247

313760105000230	313760105000229	7551

313760105000230	313760105000230	0

313760105000230	313760105000231	394

313760105000230	313760105000235	2923

313760105000230	313760105000239	6228

313760105000230	313760105000257	6496

313760105000230	313760105000259	5887

313760105000230	313760105000264	9970

313760105000230	313760105000272	3192

313760105000230	313760105000273	3111

313760105000230	313760105000280	10512

313760105000230	313760114000002	8873

313760105000230	313760114000007	9591

313760105000230	313760114000008	9071

313760105000230	313760114000009	8715

313760105000230	313760114000010	12170

313760105000230	313760115000005	7881

313760105000230	313760115000006	12204

313760105000230	313760115000007	12446

313760105000230	313760115000015	6965

313760105000231	313760105000010	6860

313760105000231	313760105000013	6521

313760105000231	313760105000048	10973

313760105000231	313760105000050	1971

313760105000231	313760105000058	587

313760105000231	313760105000076	6303

313760105000231	313760105000102	5086

313760105000231	313760105000122	3437

313760105000231	313760105000125	3853

313760105000231	313760105000132	5027

313760105000231	313760105000135	5853

313760105000231	313760105000139	7329

313760105000231	313760105000145	8633

313760105000231	313760105000146	11179

313760105000231	313760105000152	10552

313760105000231	313760105000168	5156

313760105000231	313760105000172	3031

313760105000231	313760105000186	7282

313760105000231	313760105000201	5183

313760105000231	313760105000226	7295

313760105000231	313760105000229	7596

313760105000231	313760105000230	394

313760105000231	313760105000231	0

313760105000231	313760105000235	3106

313760105000231	313760105000239	6485

313760105000231	313760105000257	6774

313760105000231	313760105000259	6042

313760105000231	313760105000264	10124

313760105000231	313760105000272	3568

313760105000231	313760105000273	3477

313760105000231	313760105000280	10576

313760105000231	313760114000002	9267

313760105000231	313760114000007	9980

313760105000231	313760114000008	9460

313760105000231	313760114000009	9096

313760105000231	313760114000010	12557

313760105000231	313760115000005	7619

313760105000231	313760115000006	12007

313760105000231	313760115000007	12358

313760105000231	313760115000015	6823

313760105000232	313760105000010	5769

313760105000232	313760105000013	6076

313760105000232	313760105000048	9800

313760105000232	313760105000050	6083

313760105000232	313760105000058	4012

313760105000232	313760105000076	4981

313760105000232	313760105000102	6583

313760105000232	313760105000122	2189

313760105000232	313760105000125	3096

313760105000232	313760105000132	2196

313760105000232	313760105000135	1521

313760105000232	313760105000139	2838

313760105000232	313760105000145	8440

313760105000232	313760105000146	8514

313760105000232	313760105000152	6062

313760105000232	313760105000168	2704

313760105000232	313760105000172	2244

313760105000232	313760105000186	2801

313760105000232	313760105000201	6131

313760105000232	313760105000226	3041

313760105000232	313760105000229	3311

313760105000232	313760105000230	4534

313760105000232	313760105000231	4494

313760105000232	313760105000235	2604

313760105000232	313760105000239	4619

313760105000232	313760105000257	5150

313760105000232	313760105000259	2968

313760105000232	313760105000264	6479

313760105000232	313760105000272	6624

313760105000232	313760105000273	6700

313760105000232	313760105000280	6302

313760105000232	313760114000002	10558

313760105000232	313760114000007	10559

313760105000232	313760114000008	10068

313760105000232	313760114000009	9332

313760105000232	313760114000010	12817

313760105000232	313760115000005	4874

313760105000232	313760115000006	8202

313760105000232	313760115000007	7942

313760105000232	313760115000015	2810

313760105000233	313760105000010	6589

313760105000233	313760105000013	7035

313760105000233	313760105000048	10380

313760105000233	313760105000050	7443

313760105000233	313760105000058	5334

313760105000233	313760105000076	5809

313760105000233	313760105000102	7843

313760105000233	313760105000122	3496

313760105000233	313760105000125	4315

313760105000233	313760105000132	3021

313760105000233	313760105000135	1340

313760105000233	313760105000139	1719

313760105000233	313760105000145	9334

313760105000233	313760105000146	8601

313760105000233	313760105000152	4796

313760105000233	313760105000168	3536

313760105000233	313760105000172	3150

313760105000233	313760105000186	1762

313760105000233	313760105000201	7340

313760105000233	313760105000226	2482

313760105000233	313760105000229	2665

313760105000233	313760105000230	5857

313760105000233	313760105000231	5783

313760105000233	313760105000235	3939

313760105000233	313760105000239	5318

313760105000233	313760105000257	5868

313760105000233	313760105000259	3435

313760105000233	313760105000264	6148

313760105000233	313760105000272	7998

313760105000233	313760105000273	8078

313760105000233	313760105000280	5464

313760105000233	313760114000002	11689

313760105000233	313760114000007	11557

313760105000233	313760114000008	11083

313760105000233	313760114000009	10291

313760105000233	313760114000010	13700

313760105000233	313760115000005	4066

313760105000233	313760115000006	6883

313760105000233	313760115000007	6590

313760105000233	313760115000015	1571

313760105000234	313760105000010	3806

313760105000234	313760105000013	3775

313760105000234	313760105000048	8037

313760105000234	313760105000050	4172

313760105000234	313760105000058	2802

313760105000234	313760105000076	3118

313760105000234	313760105000102	3813

313760105000234	313760105000122	584

313760105000234	313760105000125	553

313760105000234	313760105000132	1857

313760105000234	313760105000135	3394

313760105000234	313760105000139	5052

313760105000234	313760105000145	6143

313760105000234	313760105000146	7816

313760105000234	313760105000152	8240

313760105000234	313760105000168	1831

313760105000234	313760105000172	3446

313760105000234	313760105000186	4929

313760105000234	313760105000201	3398

313760105000234	313760105000226	4509

313760105000234	313760105000229	4814

313760105000234	313760105000230	3178

313760105000234	313760105000231	3386

313760105000234	313760105000235	350

313760105000234	313760105000239	3158

313760105000234	313760105000257	3521

313760105000234	313760105000259	2768

313760105000234	313760105000264	6823

313760105000234	313760105000272	4089

313760105000234	313760105000273	4216

313760105000234	313760105000280	7617

313760105000234	313760114000002	7874

313760105000234	313760114000007	8044

313760105000234	313760114000008	7534

313760105000234	313760114000009	6899

313760105000234	313760114000010	10445

313760105000234	313760115000005	7510

313760105000234	313760115000006	10948

313760105000234	313760115000007	10326

313760105000234	313760115000015	5574

313760105000235	313760105000010	4156

313760105000235	313760105000013	4116

313760105000235	313760105000048	8387

313760105000235	313760105000050	4024

313760105000235	313760105000058	2519

313760105000235	313760105000076	3466

313760105000235	313760105000102	4023

313760105000235	313760105000122	479

313760105000235	313760105000125	903

313760105000235	313760105000132	2006

313760105000235	313760105000135	3378

313760105000235	313760105000139	5029

313760105000235	313760105000145	6478

313760105000235	313760105000146	8130

313760105000235	313760105000152	8247

313760105000235	313760105000168	2059

313760105000235	313760105000172	3114

313760105000235	313760105000186	4918

313760105000235	313760105000201	3652

313760105000235	313760105000226	4580

313760105000235	313760105000229	4887

313760105000235	313760105000230	2923

313760105000235	313760105000231	3106

313760105000235	313760105000235	0

313760105000235	313760105000239	3489

313760105000235	313760105000257	3863

313760105000235	313760105000259	2973

313760105000235	313760105000264	7050

313760105000235	313760105000272	4110

313760105000235	313760105000273	4219

313760105000235	313760105000280	7745

313760105000235	313760114000002	8139

313760105000235	313760114000007	8350

313760105000235	313760114000008	7838

313760105000235	313760114000009	7218

313760105000235	313760114000010	10767

313760105000235	313760115000005	7262

313760105000235	313760115000006	10804

313760105000235	313760115000007	10300

313760105000235	313760115000015	5414

313760105000236	313760105000010	3529

313760105000236	313760105000013	3809

313760105000236	313760105000048	7656

313760105000236	313760105000050	5447

313760105000236	313760105000058	3928

313760105000236	313760105000076	2746

313760105000236	313760105000102	4638

313760105000236	313760105000122	1079

313760105000236	313760105000125	1184

313760105000236	313760105000132	580

313760105000236	313760105000135	2341

313760105000236	313760105000139	3966

313760105000236	313760105000145	6172

313760105000236	313760105000146	6902

313760105000236	313760105000152	7073

313760105000236	313760105000168	674

313760105000236	313760105000172	3768

313760105000236	313760105000186	3820

313760105000236	313760105000201	4075

313760105000236	313760105000226	3273

313760105000236	313760105000229	3574

313760105000236	313760105000230	4357

313760105000236	313760105000231	4514

313760105000236	313760105000235	1448

313760105000236	313760105000239	2495

313760105000236	313760105000257	2985

313760105000236	313760105000259	1530

313760105000236	313760105000264	5614

313760105000236	313760105000272	5288

313760105000236	313760105000273	5434

313760105000236	313760105000280	6339

313760105000236	313760114000002	8385

313760105000236	313760114000007	8305

313760105000236	313760114000008	7819

313760105000236	313760114000009	7068

313760105000236	313760114000010	10549

313760105000236	313760115000005	7137

313760105000236	313760115000006	10122

313760105000236	313760115000007	9210

313760105000236	313760115000015	4873

313760105000237	313760105000010	3789

313760105000237	313760105000013	4044

313760105000237	313760105000048	7926

313760105000237	313760105000050	5343

313760105000237	313760105000058	3746

313760105000237	313760105000076	3009

313760105000237	313760105000102	4753

313760105000237	313760105000122	899

313760105000237	313760105000125	1240

313760105000237	313760105000132	699

313760105000237	313760105000135	2250

313760105000237	313760105000139	3897

313760105000237	313760105000145	6415

313760105000237	313760105000146	7154

313760105000237	313760105000152	7049

313760105000237	313760105000168	924

313760105000237	313760105000172	3497

313760105000237	313760105000186	3762

313760105000237	313760105000201	4218

313760105000237	313760105000226	3295

313760105000237	313760105000229	3601

313760105000237	313760105000230	4190

313760105000237	313760105000231	4330

313760105000237	313760105000235	1320

313760105000237	313760105000239	2767

313760105000237	313760105000257	3255

313760105000237	313760105000259	1717

313760105000237	313760105000264	5795

313760105000237	313760105000272	5285

313760105000237	313760105000273	5420

313760105000237	313760105000280	6427

313760105000237	313760114000002	8571

313760105000237	313760114000007	8526

313760105000237	313760114000008	8037

313760105000237	313760114000009	7298

313760105000237	313760114000010	10789

313760105000237	313760115000005	6908

313760105000237	313760115000006	9978

313760105000237	313760115000007	9161

313760105000237	313760115000015	4692

313760105000238	313760105000010	1081

313760105000238	313760105000013	1999

313760105000238	313760105000048	4206

313760105000238	313760105000050	7582

313760105000238	313760105000058	6835

313760105000238	313760105000076	1140

313760105000238	313760105000102	4575

313760105000238	313760105000122	4357

313760105000238	313760105000125	3592

313760105000238	313760105000132	3404

313760105000238	313760105000135	4898

313760105000238	313760105000139	5985

313760105000238	313760105000145	3464

313760105000238	313760105000146	3876

313760105000238	313760105000152	8210

313760105000238	313760105000168	2918

313760105000238	313760105000172	7267

313760105000238	313760105000186	5783

313760105000238	313760105000201	3832

313760105000238	313760105000226	4680

313760105000238	313760105000229	4840

313760105000238	313760105000230	7120

313760105000238	313760105000231	7397

313760105000238	313760105000235	4463

313760105000238	313760105000239	1010

313760105000238	313760105000257	625

313760105000238	313760105000259	2777

313760105000238	313760105000264	4229

313760105000238	313760105000272	6467

313760105000238	313760105000273	6699

313760105000238	313760105000280	6231

313760105000238	313760114000002	6569

313760105000238	313760114000007	5864

313760105000238	313760114000008	5484

313760105000238	313760114000009	4549

313760105000238	313760114000010	7649

313760105000238	313760115000005	10270

313760105000238	313760115000006	12354

313760105000238	313760115000007	10456

313760105000238	313760115000015	7690

313760105000239	313760105000010	1349

313760105000239	313760105000013	2087

313760105000239	313760105000048	5185

313760105000239	313760105000050	6825

313760105000239	313760105000058	5913

313760105000239	313760105000076	723

313760105000239	313760105000102	4272

313760105000239	313760105000122	3359

313760105000239	313760105000125	2642

313760105000239	313760105000132	2423

313760105000239	313760105000135	4039

313760105000239	313760105000139	5274

313760105000239	313760105000145	4096

313760105000239	313760105000146	4701

313760105000239	313760105000152	7773

313760105000239	313760105000168	1924

313760105000239	313760105000172	6257

313760105000239	313760105000186	5078

313760105000239	313760105000201	3528

313760105000239	313760105000226	4052

313760105000239	313760105000229	4256

313760105000239	313760105000230	6228

313760105000239	313760105000231	6485

313760105000239	313760105000235	3489

313760105000239	313760105000239	0

313760105000239	313760105000257	550

313760105000239	313760105000259	1934

313760105000239	313760105000264	4430

313760105000239	313760105000272	5908

313760105000239	313760105000273	6125

313760105000239	313760105000280	6096

313760105000239	313760114000002	6927

313760105000239	313760114000007	6438

313760105000239	313760114000008	6011

313760105000239	313760114000009	5129

313760105000239	313760114000010	8414

313760105000239	313760115000005	9357

313760105000239	313760115000006	11676

313760105000239	313760115000007	10023

313760105000239	313760115000015	6834

313760105000240	313760105000010	1537

313760105000240	313760105000013	2431

313760105000240	313760105000048	4710

313760105000240	313760105000050	7597

313760105000240	313760105000058	6682

313760105000240	313760105000076	1277

313760105000240	313760105000102	4873

313760105000240	313760105000122	4071

313760105000240	313760105000125	3406

313760105000240	313760105000132	2961

313760105000240	313760105000135	4351

313760105000240	313760105000139	5396

313760105000240	313760105000145	4056

313760105000240	313760105000146	3925

313760105000240	313760105000152	7625

313760105000240	313760105000168	2508

313760105000240	313760105000172	6901

313760105000240	313760105000186	5194

313760105000240	313760105000201	4123

313760105000240	313760105000226	4085

313760105000240	313760105000229	4243

313760105000240	313760105000230	7003

313760105000240	313760105000231	7255

313760105000240	313760105000235	4234

313760105000240	313760105000239	779

313760105000240	313760105000257	777

313760105000240	313760105000259	2241

313760105000240	313760105000264	3827

313760105000240	313760105000272	6626

313760105000240	313760105000273	6848

313760105000240	313760105000280	5708

313760105000240	313760114000002	7122

313760105000240	313760114000007	6453

313760105000240	313760114000008	6067

313760105000240	313760114000009	5138

313760105000240	313760114000010	8241

313760105000240	313760115000005	9739

313760105000240	313760115000006	11759

313760105000240	313760115000007	9873

313760105000240	313760115000015	7134

313760105000241	313760105000010	1599

313760105000241	313760105000013	2369

313760105000241	313760105000048	5276

313760105000241	313760105000050	7017

313760105000241	313760105000058	6029

313760105000241	313760105000076	1014

313760105000241	313760105000102	4555

313760105000241	313760105000122	3400

313760105000241	313760105000125	2753

313760105000241	313760105000132	2337

313760105000241	313760105000135	3861

313760105000241	313760105000139	5044

313760105000241	313760105000145	4322

313760105000241	313760105000146	4573

313760105000241	313760105000152	7497

313760105000241	313760105000168	1863

313760105000241	313760105000172	6243

313760105000241	313760105000186	4847

313760105000241	313760105000201	3812

313760105000241	313760105000226	3800

313760105000241	313760105000229	3996

313760105000241	313760105000230	6362

313760105000241	313760105000231	6606

313760105000241	313760105000235	3569

313760105000241	313760105000239	292

313760105000241	313760105000257	762

313760105000241	313760105000259	1741

313760105000241	313760105000264	4160

313760105000241	313760105000272	6153

313760105000241	313760105000273	6367

313760105000241	313760105000280	5805

313760105000241	313760114000002	7200

313760105000241	313760114000007	6680

313760105000241	313760114000008	6261

313760105000241	313760114000009	5368

313760105000241	313760114000010	8613

313760105000241	313760115000005	9213

313760105000241	313760115000006	11442

313760105000241	313760115000007	9748

313760105000241	313760115000015	6658

313760105000242	313760105000010	3787

313760105000242	313760105000013	4308

313760105000242	313760105000048	7602

313760105000242	313760105000050	6624

313760105000242	313760105000058	5001

313760105000242	313760105000076	3018

313760105000242	313760105000102	5627

313760105000242	313760105000122	2177

313760105000242	313760105000125	2339

313760105000242	313760105000132	611

313760105000242	313760105000135	1560

313760105000242	313760105000139	3006

313760105000242	313760105000145	6544

313760105000242	313760105000146	6270

313760105000242	313760105000152	5971

313760105000242	313760105000168	901

313760105000242	313760105000172	4297

313760105000242	313760105000186	2834

313760105000242	313760105000201	4997

313760105000242	313760105000226	2121

313760105000242	313760105000229	2415

313760105000242	313760105000230	5459

313760105000242	313760105000231	5579

313760105000242	313760105000235	2604

313760105000242	313760105000239	2499

313760105000242	313760105000257	3049

313760105000242	313760105000259	688

313760105000242	313760105000264	4582

313760105000242	313760105000272	6457

313760105000242	313760105000273	6610

313760105000242	313760105000280	5151

313760105000242	313760114000002	9095

313760105000242	313760114000007	8818

313760105000242	313760114000008	8361

313760105000242	313760114000009	7532

313760105000242	313760114000010	10896

313760105000242	313760115000005	6866

313760105000242	313760115000006	9347

313760105000242	313760115000007	8151

313760105000242	313760115000015	4343

313760105000243	313760105000010	3823

313760105000243	313760105000013	4286

313760105000243	313760105000048	7731

313760105000243	313760105000050	6338

313760105000243	313760105000058	4700

313760105000243	313760105000076	3041

313760105000243	313760105000102	5466

313760105000243	313760105000122	1882

313760105000243	313760105000125	2102

313760105000243	313760105000132	366

313760105000243	313760105000135	1589

313760105000243	313760105000139	3129

313760105000243	313760105000145	6566

313760105000243	313760105000146	6515

313760105000243	313760105000152	6167

313760105000243	313760105000168	796

313760105000243	313760105000172	4039

313760105000243	313760105000186	2968

313760105000243	313760105000201	4857

313760105000243	313760105000226	2346

313760105000243	313760105000229	2646

313760105000243	313760105000230	5159

313760105000243	313760105000231	5278

313760105000243	313760105000235	2315

313760105000243	313760105000239	2579

313760105000243	313760105000257	3124

313760105000243	313760105000259	918

313760105000243	313760105000264	4881

313760105000243	313760105000272	6216

313760105000243	313760105000273	6363

313760105000243	313760105000280	5432

313760105000243	313760114000002	9029

313760105000243	313760114000007	8808

313760105000243	313760114000008	8342

313760105000243	313760114000009	7532

313760105000243	313760114000010	10932

313760105000243	313760115000005	6781

313760105000243	313760115000006	9413

313760105000243	313760115000007	8327

313760105000243	313760115000015	4319

313760105000244	313760105000010	2323

313760105000244	313760105000013	2596

313760105000244	313760105000048	6505

313760105000244	313760105000050	5555

313760105000244	313760105000058	4465

313760105000244	313760105000076	1554

313760105000244	313760105000102	3807

313760105000244	313760105000122	1907

313760105000244	313760105000125	1190

313760105000244	313760105000132	1447

313760105000244	313760105000135	3348

313760105000244	313760105000139	4866

313760105000244	313760105000145	4951

313760105000244	313760105000146	6138

313760105000244	313760105000152	7778

313760105000244	313760105000168	969

313760105000244	313760105000172	4870

313760105000244	313760105000186	4695

313760105000244	313760105000201	3149

313760105000244	313760105000226	3910

313760105000244	313760105000229	4183

313760105000244	313760105000230	4805

313760105000244	313760105000231	5043

313760105000244	313760105000235	2017

313760105000244	313760105000239	1472

313760105000244	313760105000257	1874

313760105000244	313760105000259	1699

313760105000244	313760105000264	5410

313760105000244	313760105000272	4942

313760105000244	313760105000273	5130

313760105000244	313760105000280	6611

313760105000244	313760114000002	7271

313760105000244	313760114000007	7109

313760105000244	313760114000008	6630

313760105000244	313760114000009	5859

313760105000244	313760114000010	9328

313760105000244	313760115000005	8352

313760105000244	313760115000006	11174

313760105000244	313760115000007	9982

313760105000244	313760115000015	6023

313760105000245	313760105000010	2050

313760105000245	313760105000013	2604

313760105000245	313760105000048	6018

313760105000245	313760105000050	6383

313760105000245	313760105000058	5271

313760105000245	313760105000076	1280

313760105000245	313760105000102	4349

313760105000245	313760105000122	2595

313760105000245	313760105000125	2009

313760105000245	313760105000132	1597

313760105000245	313760105000135	3299

313760105000245	313760105000139	4648

313760105000245	313760105000145	4805

313760105000245	313760105000146	5346

313760105000245	313760105000152	7351

313760105000245	313760105000168	1092

313760105000245	313760105000172	5441

313760105000245	313760105000186	4460

313760105000245	313760105000201	3639

313760105000245	313760105000226	3526

313760105000245	313760105000229	3766

313760105000245	313760105000230	5624

313760105000245	313760105000231	5853

313760105000245	313760105000235	2784

313760105000245	313760105000239	833

313760105000245	313760105000257	1359

313760105000245	313760105000259	1283

313760105000245	313760105000264	4608

313760105000245	313760105000272	5695

313760105000245	313760105000273	5893

313760105000245	313760105000280	5953

313760105000245	313760114000002	7442

313760105000245	313760114000007	7090

313760105000245	313760114000008	6640

313760105000245	313760114000009	5797

313760105000245	313760114000010	9161

313760105000245	313760115000005	8558

313760105000245	313760115000006	11039

313760105000245	313760115000007	9586

313760105000245	313760115000015	6079

313760105000246	313760105000010	3250

313760105000246	313760105000013	3804

313760105000246	313760105000048	7061

313760105000246	313760105000050	6620

313760105000246	313760105000058	5142

313760105000246	313760105000076	2489

313760105000246	313760105000102	5283

313760105000246	313760105000122	2290

313760105000246	313760105000125	2207

313760105000246	313760105000132	740

313760105000246	313760105000135	2094

313760105000246	313760105000139	3460

313760105000246	313760105000145	6010

313760105000246	313760105000146	5849

313760105000246	313760105000152	6302

313760105000246	313760105000168	645

313760105000246	313760105000172	4704

313760105000246	313760105000186	3278

313760105000246	313760105000201	4623

313760105000246	313760105000226	2435

313760105000246	313760105000229	2706

313760105000246	313760105000230	5572

313760105000246	313760105000231	5727

313760105000246	313760105000235	2657

313760105000246	313760105000239	1952

313760105000246	313760105000257	2502

313760105000246	313760105000259	316

313760105000246	313760105000264	4399

313760105000246	313760105000272	6286

313760105000246	313760105000273	6454

313760105000246	313760105000280	5241

313760105000246	313760114000002	8619

313760105000246	313760114000007	8300

313760105000246	313760114000008	7848

313760105000246	313760114000009	7007

313760105000246	313760114000010	10355

313760105000246	313760115000005	7414

313760105000246	313760115000006	9837

313760105000246	313760115000007	8511

313760105000246	313760115000015	4885

313760105000247	313760105000010	3056

313760105000247	313760105000013	3610

313760105000247	313760105000048	6888

313760105000247	313760105000050	6570

313760105000247	313760105000058	5147

313760105000247	313760105000076	2294

313760105000247	313760105000102	5127

313760105000247	313760105000122	2302

313760105000247	313760105000125	2133

313760105000247	313760105000132	822

313760105000247	313760105000135	2288

313760105000247	313760105000139	3650

313760105000247	313760105000145	5815

313760105000247	313760105000146	5751

313760105000247	313760105000152	6466

313760105000247	313760105000168	589

313760105000247	313760105000172	4812

313760105000247	313760105000186	3467

313760105000247	313760105000201	4458

313760105000247	313760105000226	2602

313760105000247	313760105000229	2867

313760105000247	313760105000230	5565

313760105000247	313760105000231	5733

313760105000247	313760105000235	2643

313760105000247	313760105000239	1763

313760105000247	313760105000257	2313

313760105000247	313760105000259	386

313760105000247	313760105000264	4408

313760105000247	313760105000272	6181

313760105000247	313760105000273	6354

313760105000247	313760105000280	5341

313760105000247	313760114000002	8430

313760105000247	313760114000007	8105

313760105000247	313760114000008	7654

313760105000247	313760114000009	6813

313760105000247	313760114000010	10162

313760105000247	313760115000005	7598

313760105000247	313760115000006	10030

313760105000247	313760115000007	8680

313760105000247	313760115000015	5077

313760105000248	313760105000010	1219

313760105000248	313760105000013	1052

313760105000248	313760105000048	5361

313760105000248	313760105000050	5609

313760105000248	313760105000058	5131

313760105000248	313760105000076	940

313760105000248	313760105000102	2686

313760105000248	313760105000122	3183

313760105000248	313760105000125	2200

313760105000248	313760105000132	3035

313760105000248	313760105000135	4921

313760105000248	313760105000139	6385

313760105000248	313760105000145	3439

313760105000248	313760105000146	5881

313760105000248	313760105000152	9149

313760105000248	313760105000168	2537

313760105000248	313760105000172	6174

313760105000248	313760105000186	6205

313760105000248	313760105000201	1941

313760105000248	313760105000226	5316

313760105000248	313760105000229	5562

313760105000248	313760105000230	5337

313760105000248	313760105000231	5655

313760105000248	313760105000235	3085

313760105000248	313760105000239	1587

313760105000248	313760105000257	1466

313760105000248	313760105000259	3061

313760105000248	313760105000264	6006

313760105000248	313760105000272	4441

313760105000248	313760105000273	4671

313760105000248	313760105000280	7649

313760105000248	313760114000002	5702

313760105000248	313760114000007	5525

313760105000248	313760114000008	5042

313760105000248	313760114000009	4291

313760105000248	313760114000010	7796

313760105000248	313760115000005	9915

313760105000248	313760115000006	12738

313760105000248	313760115000007	11383

313760105000248	313760115000015	7615

313760105000249	313760105000010	1430

313760105000249	313760105000013	1418

313760105000249	313760105000048	5640

313760105000249	313760105000050	5515

313760105000249	313760105000058	4902

313760105000249	313760105000076	928

313760105000249	313760105000102	2879

313760105000249	313760105000122	2834

313760105000249	313760105000125	1868

313760105000249	313760105000132	2664

313760105000249	313760105000135	4556

313760105000249	313760105000139	6036

313760105000249	313760105000145	3802

313760105000249	313760105000146	5944

313760105000249	313760105000152	8840

313760105000249	313760105000168	2171

313760105000249	313760105000172	5834

313760105000249	313760105000186	5858

313760105000249	313760105000201	2153

313760105000249	313760105000226	4993

313760105000249	313760105000229	5245

313760105000249	313760105000230	5136

313760105000249	313760105000231	5440

313760105000249	313760105000235	2764

313760105000249	313760105000239	1445

313760105000249	313760105000257	1460

313760105000249	313760105000259	2736

313760105000249	313760105000264	5869

313760105000249	313760105000272	4474

313760105000249	313760105000273	4696

313760105000249	313760105000280	7416

313760105000249	313760114000002	6063

313760105000249	313760114000007	5901

313760105000249	313760114000008	5418

313760105000249	313760114000009	4666

313760105000249	313760114000010	8166

313760105000249	313760115000005	9540

313760105000249	313760115000006	12377

313760105000249	313760115000007	11068

313760105000249	313760115000015	7241

313760105000250	313760105000010	3999

313760105000250	313760105000013	4170

313760105000250	313760105000048	8182

313760105000250	313760105000050	4968

313760105000250	313760105000058	3336

313760105000250	313760105000076	3235

313760105000250	313760105000102	4635

313760105000250	313760105000122	498

313760105000250	313760105000125	1112

313760105000250	313760105000132	1108

313760105000250	313760105000135	2478

313760105000250	313760105000139	4135

313760105000250	313760105000145	6555

313760105000250	313760105000146	7530

313760105000250	313760105000152	7329

313760105000250	313760105000168	1305

313760105000250	313760105000172	3198

313760105000250	313760105000186	4013

313760105000250	313760105000201	4149

313760105000250	313760105000226	3632

313760105000250	313760105000229	3939

313760105000250	313760105000230	3783

313760105000250	313760105000231	3919

313760105000250	313760105000235	949

313760105000250	313760105000239	3065

313760105000250	313760105000257	3528

313760105000250	313760105000259	2128

313760105000250	313760105000264	6206

313760105000250	313760105000272	5003

313760105000250	313760105000273	5126

313760105000250	313760105000280	6803

313760105000250	313760114000002	8567

313760105000250	313760114000007	8602

313760105000250	313760114000008	8104

313760105000250	313760114000009	7399

313760105000250	313760114000010	10916

313760105000250	313760115000005	6842

313760105000250	313760115000006	10089

313760105000250	313760115000007	9410

313760105000250	313760115000015	4747

313760105000251	313760105000010	3940

313760105000251	313760105000013	4074

313760105000251	313760105000048	8142

313760105000251	313760105000050	4805

313760105000251	313760105000058	3217

313760105000251	313760105000076	3187

313760105000251	313760105000102	4464

313760105000251	313760105000122	365

313760105000251	313760105000125	953

313760105000251	313760105000132	1239

313760105000251	313760105000135	2664

313760105000251	313760105000139	4321

313760105000251	313760105000145	6460

313760105000251	313760105000146	7577

313760105000251	313760105000152	7513

313760105000251	313760105000168	1376

313760105000251	313760105000172	3232

313760105000251	313760105000186	4198

313760105000251	313760105000201	3989

313760105000251	313760105000226	3807

313760105000251	313760105000229	4114

313760105000251	313760105000230	3653

313760105000251	313760105000231	3802

313760105000251	313760105000235	781

313760105000251	313760105000239	3059

313760105000251	313760105000257	3504

313760105000251	313760105000259	2240

313760105000251	313760105000264	6323

313760105000251	313760105000272	4818

313760105000251	313760105000273	4941

313760105000251	313760105000280	6965

313760105000251	313760114000002	8421

313760105000251	313760114000007	8481

313760105000251	313760114000008	7981

313760105000251	313760114000009	7289

313760105000251	313760114000010	10813

313760105000251	313760115000005	6975

313760105000251	313760115000006	10263

313760105000251	313760115000007	9595

313760105000251	313760115000015	4914

313760105000252	313760105000010	4359

313760105000252	313760105000013	4620

313760105000252	313760105000048	8473

313760105000252	313760105000050	5425

313760105000252	313760105000058	3648

313760105000252	313760105000076	3575

313760105000252	313760105000102	5225

313760105000252	313760105000122	992

313760105000252	313760105000125	1696

313760105000252	313760105000132	983

313760105000252	313760105000135	1908

313760105000252	313760105000139	3562

313760105000252	313760105000145	6993

313760105000252	313760105000146	7556

313760105000252	313760105000152	6776

313760105000252	313760105000168	1390

313760105000252	313760105000172	3016

313760105000252	313760105000186	3448

313760105000252	313760105000201	4724

313760105000252	313760105000226	3154

313760105000252	313760105000229	3462

313760105000252	313760105000230	4128

313760105000252	313760105000231	4216

313760105000252	313760105000235	1471

313760105000252	313760105000239	3296

313760105000252	313760105000257	3800

313760105000252	313760105000259	1995

313760105000252	313760105000264	5987

313760105000252	313760105000272	5571

313760105000252	313760105000273	5686

313760105000252	313760105000280	6389

313760105000252	313760114000002	9115

313760105000252	313760114000007	9097

313760105000252	313760114000008	8606

313760105000252	313760114000009	7873

313760105000252	313760114000010	11366

313760105000252	313760115000005	6336

313760105000252	313760115000006	9497

313760105000252	313760115000007	8836

313760105000252	313760115000015	4168

313760105000253	313760105000010	4054

313760105000253	313760105000013	4317

313760105000253	313760105000048	8178

313760105000253	313760105000050	5393

313760105000253	313760105000058	3707

313760105000253	313760105000076	3272

313760105000253	313760105000102	4983

313760105000253	313760105000122	917

313760105000253	313760105000125	1456

313760105000253	313760105000132	778

313760105000253	313760105000135	2061

313760105000253	313760105000139	3717

313760105000253	313760105000145	6688

313760105000253	313760105000146	7327

313760105000253	313760105000152	6899

313760105000253	313760105000168	1121

313760105000253	313760105000172	3277

313760105000253	313760105000186	3590

313760105000253	313760105000201	4463

313760105000253	313760105000226	3199

313760105000253	313760105000229	3506

313760105000253	313760105000230	4169

313760105000253	313760105000231	4285

313760105000253	313760105000235	1381

313760105000253	313760105000239	3007

313760105000253	313760105000257	3505

313760105000253	313760105000259	1814

313760105000253	313760105000264	5862

313760105000253	313760105000272	5430

313760105000253	313760105000273	5556

313760105000253	313760105000280	6384

313760105000253	313760114000002	8833

313760105000253	313760114000007	8798

313760105000253	313760114000008	8308

313760105000253	313760114000009	7571

313760105000253	313760114000010	11062

313760105000253	313760115000005	6636

313760105000253	313760115000006	9740

313760105000253	313760115000007	8990

313760105000253	313760115000015	4435

313760105000254	313760105000010	5763

313760105000254	313760105000013	6366

313760105000254	313760105000048	9226

313760105000254	313760105000050	8088

313760105000254	313760105000058	6144

313760105000254	313760105000076	5030

313760105000254	313760105000102	7681

313760105000254	313760105000122	3710

313760105000254	313760105000125	4242

313760105000254	313760105000132	2573

313760105000254	313760105000135	827

313760105000254	313760105000139	911

313760105000254	313760105000145	8518

313760105000254	313760105000146	7155

313760105000254	313760105000152	4058

313760105000254	313760105000168	2990

313760105000254	313760105000172	4432

313760105000254	313760105000186	753

313760105000254	313760105000201	7075

313760105000254	313760105000226	939

313760105000254	313760105000229	1136

313760105000254	313760105000230	6656

313760105000254	313760105000231	6664

313760105000254	313760105000235	4190

313760105000254	313760105000239	4421

313760105000254	313760105000257	4961

313760105000254	313760105000259	2497

313760105000254	313760105000264	4607

313760105000254	313760105000272	8276

313760105000254	313760105000273	8398

313760105000254	313760105000280	4068

313760105000254	313760114000002	11182

313760105000254	313760114000007	10843

313760105000254	313760114000008	10400

313760105000254	313760114000009	9542

313760105000254	313760114000010	12815

313760105000254	313760115000005	5359

313760105000254	313760115000006	7275

313760105000254	313760115000007	6149

313760105000254	313760115000015	2633

313760105000255	313760105000010	5787

313760105000255	313760105000013	6416

313760105000255	313760105000048	9172

313760105000255	313760105000050	8292

313760105000255	313760105000058	6361

313760105000255	313760105000076	5068

313760105000255	313760105000102	7802

313760105000255	313760105000122	3894

313760105000255	313760105000125	4391

313760105000255	313760105000132	2697

313760105000255	313760105000135	1036

313760105000255	313760105000139	836

313760105000255	313760105000145	8535

313760105000255	313760105000146	7020

313760105000255	313760105000152	3882

313760105000255	313760105000168	3091

313760105000255	313760105000172	4663

313760105000255	313760105000186	649

313760105000255	313760105000201	7185

313760105000255	313760105000226	753

313760105000255	313760105000229	920

313760105000255	313760105000230	6872

313760105000255	313760105000231	6884

313760105000255	313760105000235	4373

313760105000255	313760105000239	4441

313760105000255	313760105000257	4974

313760105000255	313760105000259	2534

313760105000255	313760105000264	4418

313760105000255	313760105000272	8447

313760105000255	313760105000273	8573

313760105000255	313760105000280	3836

313760105000255	313760114000002	11247

313760105000255	313760114000007	10875

313760105000255	313760114000008	10438

313760105000255	313760114000009	9569

313760105000255	313760114000010	12813

313760105000255	313760115000005	5481

313760105000255	313760115000006	7237

313760105000255	313760115000007	6000

313760105000255	313760115000015	2743

313760105000256	313760105000010	918

313760105000256	313760105000013	1673

313760105000256	313760105000048	4879

313760105000256	313760105000050	6763

313760105000256	313760105000058	5989

313760105000256	313760105000076	375

313760105000256	313760105000102	3979

313760105000256	313760105000122	3558

313760105000256	313760105000125	2755

313760105000256	313760105000132	2771

313760105000256	313760105000135	4446

313760105000256	313760105000139	5703

313760105000256	313760105000145	3672

313760105000256	313760105000146	4702

313760105000256	313760105000152	8197

313760105000256	313760105000168	2257

313760105000256	313760105000172	6510

313760105000256	313760105000186	5508

313760105000256	313760105000201	3230

313760105000256	313760105000226	4484

313760105000256	313760105000229	4688

313760105000256	313760105000230	6273

313760105000256	313760105000231	6550

313760105000256	313760105000235	3636

313760105000256	313760105000239	432

313760105000256	313760105000257	227

313760105000256	313760105000259	2354

313760105000256	313760105000264	4708

313760105000256	313760105000272	5730

313760105000256	313760105000273	5954

313760105000256	313760105000280	6470

313760105000256	313760114000002	6501

313760105000256	313760114000007	6007

313760105000256	313760114000008	5579

313760105000256	313760114000009	4700

313760105000256	313760114000010	8003

313760105000256	313760115000005	9736

313760105000256	313760115000006	12105

313760105000256	313760115000007	10447

313760105000256	313760115000015	7238

313760105000257	313760105000010	848

313760105000257	313760105000013	1687

313760105000257	313760105000048	4673

313760105000257	313760105000050	6968

313760105000257	313760105000058	6214

313760105000257	313760105000076	536

313760105000257	313760105000102	4099

313760105000257	313760105000122	3781

313760105000257	313760105000125	2983

313760105000257	313760105000132	2955

313760105000257	313760105000135	4589

313760105000257	313760105000139	5805

313760105000257	313760105000145	3561

313760105000257	313760105000146	4492

313760105000257	313760105000152	8232

313760105000257	313760105000168	2447

313760105000257	313760105000172	6726

313760105000257	313760105000186	5608

313760105000257	313760105000201	3350

313760105000257	313760105000226	4560

313760105000257	313760105000229	4753

313760105000257	313760105000230	6496

313760105000257	313760105000231	6774

313760105000257	313760105000235	3863

313760105000257	313760105000239	550

313760105000257	313760105000257	0

313760105000257	313760105000259	2480

313760105000257	313760105000264	4603

313760105000257	313760105000272	5901

313760105000257	313760105000273	6129

313760105000257	313760105000280	6435

313760105000257	313760114000002	6468

313760105000257	313760114000007	5919

313760105000257	313760114000008	5502

313760105000257	313760114000009	4606

313760105000257	313760114000010	7866

313760105000257	313760115000005	9904

313760105000257	313760115000006	12204

313760105000257	313760115000007	10483

313760105000257	313760115000015	7385

313760105000258	313760105000010	3531

313760105000258	313760105000013	4125

313760105000258	313760105000048	7228

313760105000258	313760105000050	6916

313760105000258	313760105000058	5371

313760105000258	313760105000076	2788

313760105000258	313760105000102	5650

313760105000258	313760105000122	2524

313760105000258	313760105000125	2537

313760105000258	313760105000132	927

313760105000258	313760105000135	1845

313760105000258	313760105000139	3127

313760105000258	313760105000145	6291

313760105000258	313760105000146	5820

313760105000258	313760105000152	5935

313760105000258	313760105000168	986

313760105000258	313760105000172	4748

313760105000258	313760105000186	2941

313760105000258	313760105000201	4988

313760105000258	313760105000226	2069

313760105000258	313760105000229	2339

313760105000258	313760105000230	5816

313760105000258	313760105000231	5953

313760105000258	313760105000235	2921

313760105000258	313760105000239	2204

313760105000258	313760105000257	2752

313760105000258	313760105000259	279

313760105000258	313760105000264	4179

313760105000258	313760105000272	6634

313760105000258	313760105000273	6799

313760105000258	313760105000280	4904

313760105000258	313760114000002	8956

313760105000258	313760114000007	8603

313760105000258	313760114000008	8158

313760105000258	313760114000009	7304

313760105000258	313760114000010	10618

313760105000258	313760115000005	7221

313760105000258	313760115000006	9518

313760105000258	313760115000007	8147

313760105000258	313760115000015	4642

313760105000259	313760105000010	3268

313760105000259	313760105000013	3884

313760105000259	313760105000048	6950

313760105000259	313760105000050	6931

313760105000259	313760105000058	5456

313760105000259	313760105000076	2535

313760105000259	313760105000102	5497

313760105000259	313760105000122	2604

313760105000259	313760105000125	2507

313760105000259	313760105000132	1037

313760105000259	313760105000135	2123

313760105000259	313760105000139	3370

313760105000259	313760105000145	6026

313760105000259	313760105000146	5597

313760105000259	313760105000152	6110

313760105000259	313760105000168	948

313760105000259	313760105000172	4957

313760105000259	313760105000186	3180

313760105000259	313760105000201	4820

313760105000259	313760105000226	2257

313760105000259	313760105000229	2511

313760105000259	313760105000230	5887

313760105000259	313760105000231	6042

313760105000259	313760105000235	2973

313760105000259	313760105000239	1934

313760105000259	313760105000257	2480

313760105000259	313760105000259	0

313760105000259	313760105000264	4084

313760105000259	313760105000272	6567

313760105000259	313760105000273	6739

313760105000259	313760105000280	4956

313760105000259	313760114000002	8725

313760105000259	313760114000007	8347

313760105000259	313760114000008	7905

313760105000259	313760114000009	7045

313760105000259	313760114000010	10347

313760105000259	313760115000005	7499

313760105000259	313760115000006	9768

313760105000259	313760115000007	8333

313760105000259	313760115000015	4919

313760105000260	313760105000010	4754

313760105000260	313760105000013	5275

313760105000260	313760105000048	8492

313760105000260	313760105000050	6999

313760105000260	313760105000058	5164

313760105000260	313760105000076	3988

313760105000260	313760105000102	6463

313760105000260	313760105000122	2551

313760105000260	313760105000125	3020

313760105000260	313760105000132	1361

313760105000260	313760105000135	590

313760105000260	313760105000139	2126

313760105000260	313760105000145	7512

313760105000260	313760105000146	6881

313760105000260	313760105000152	5251

313760105000260	313760105000168	1812

313760105000260	313760105000172	3912

313760105000260	313760105000186	1977

313760105000260	313760105000201	5868

313760105000260	313760105000226	1589

313760105000260	313760105000229	1895

313760105000260	313760105000230	5660

313760105000260	313760105000231	5715

313760105000260	313760105000235	3026

313760105000260	313760105000239	3452

313760105000260	313760105000257	4002

313760105000260	313760105000259	1548

313760105000260	313760105000264	4792

313760105000260	313760105000272	7079

313760105000260	313760105000273	7208

313760105000260	313760105000280	4862

313760105000260	313760114000002	10043

313760105000260	313760114000007	9788

313760105000260	313760114000008	9329

313760105000260	313760114000009	8502

313760105000260	313760114000010	11860

313760105000260	313760115000005	5954

313760105000260	313760115000006	8397

313760105000260	313760115000007	7369

313760105000260	313760115000015	3382

313760105000261	313760105000010	4839

313760105000261	313760105000013	5351

313760105000261	313760105000048	8591

313760105000261	313760105000050	6977

313760105000261	313760105000058	5123

313760105000261	313760105000076	4071

313760105000261	313760105000102	6504

313760105000261	313760105000122	2543

313760105000261	313760105000125	3045

313760105000261	313760105000132	1412

313760105000261	313760105000135	511

313760105000261	313760105000139	2091

313760105000261	313760105000145	7597

313760105000261	313760105000146	6984

313760105000261	313760105000152	5242

313760105000261	313760105000168	1876

313760105000261	313760105000172	3827

313760105000261	313760105000186	1948

313760105000261	313760105000201	5916

313760105000261	313760105000226	1626

313760105000261	313760105000229	1929

313760105000261	313760105000230	5622

313760105000261	313760105000231	5670

313760105000261	313760105000235	3020

313760105000261	313760105000239	3543

313760105000261	313760105000257	4093

313760105000261	313760105000259	1645

313760105000261	313760105000264	4879

313760105000261	313760105000272	7087

313760105000261	313760105000273	7214

313760105000261	313760105000280	4909

313760105000261	313760114000002	10109

313760105000261	313760114000007	9867

313760105000261	313760114000008	9406

313760105000261	313760114000009	8582

313760105000261	313760114000010	11947

313760105000261	313760115000005	5855

313760105000261	313760115000006	8332

313760105000261	313760115000007	7346

313760105000261	313760115000015	3292

313760105000262	313760105000010	4791

313760105000262	313760105000013	5293

313760105000262	313760105000048	8564

313760105000262	313760105000050	6901

313760105000262	313760105000058	5052

313760105000262	313760105000076	4020

313760105000262	313760105000102	6429

313760105000262	313760105000122	2464

313760105000262	313760105000125	2967

313760105000262	313760105000132	1342

313760105000262	313760105000135	572

313760105000262	313760105000139	2168

313760105000262	313760105000145	7547

313760105000262	313760105000146	6991

313760105000262	313760105000152	5321

313760105000262	313760105000168	1812

313760105000262	313760105000172	3786

313760105000262	313760105000186	2027

313760105000262	313760105000201	5843

313760105000262	313760105000226	1697

313760105000262	313760105000229	2002

313760105000262	313760105000230	5549

313760105000262	313760105000231	5600

313760105000262	313760105000235	2941

313760105000262	313760105000239	3500

313760105000262	313760105000257	4051

313760105000262	313760105000259	1614

313760105000262	313760105000264	4918

313760105000262	313760105000272	7007

313760105000262	313760105000273	7134

313760105000262	313760105000280	4978

313760105000262	313760114000002	10045

313760105000262	313760114000007	9811

313760105000262	313760114000008	9349

313760105000262	313760114000009	8529

313760105000262	313760114000010	11901

313760105000262	313760115000005	5885

313760105000262	313760115000006	8398

313760105000262	313760115000007	7425

313760105000262	313760115000015	3338

313760105000263	313760105000010	4877

313760105000263	313760105000013	5297

313760105000263	313760105000048	8788

313760105000263	313760105000050	6439

313760105000263	313760105000058	4548

313760105000263	313760105000076	4092

313760105000263	313760105000102	6212

313760105000263	313760105000122	2060

313760105000263	313760105000125	2694

313760105000263	313760105000132	1284

313760105000263	313760105000135	840

313760105000263	313760105000139	2492

313760105000263	313760105000145	7608

313760105000263	313760105000146	7396

313760105000263	313760105000152	5712

313760105000263	313760105000168	1804

313760105000263	313760105000172	3284

313760105000263	313760105000186	2379

313760105000263	313760105000201	5666

313760105000263	313760105000226	2205

313760105000263	313760105000229	2505

313760105000263	313760105000230	5051

313760105000263	313760105000231	5091

313760105000263	313760105000235	2539

313760105000263	313760105000239	3645

313760105000263	313760105000257	4190

313760105000263	313760105000259	1878

313760105000263	313760105000264	5423

313760105000263	313760105000272	6641

313760105000263	313760105000273	6756

313760105000263	313760105000280	5494

313760105000263	313760114000002	9964

313760105000263	313760114000007	9819

313760105000263	313760114000008	9344

313760105000263	313760114000009	8556

313760105000263	313760114000010	11981

313760105000263	313760115000005	5717

313760105000263	313760115000006	8529

313760105000263	313760115000007	7766

313760105000263	313760115000015	3307

313760105000264	313760105000010	5307

313760105000264	313760105000013	6224

313760105000264	313760105000048	6507

313760105000264	313760105000050	10937

313760105000264	313760105000058	9539

313760105000264	313760105000076	5082

313760105000264	313760105000102	8686

313760105000264	313760105000122	6687

313760105000264	313760105000125	6485

313760105000264	313760105000132	5102

313760105000264	313760105000135	5029

313760105000264	313760105000139	4830

313760105000264	313760105000145	7292

313760105000264	313760105000146	3174

313760105000264	313760105000152	5242

313760105000264	313760105000168	4995

313760105000264	313760105000172	8703

313760105000264	313760105000186	4664

313760105000264	313760105000201	7938

313760105000264	313760105000226	3669

313760105000264	313760105000229	3526

313760105000264	313760105000230	9970

313760105000264	313760105000231	10124

313760105000264	313760105000235	7050

313760105000264	313760105000239	4430

313760105000264	313760105000257	4603

313760105000264	313760105000259	4084

313760105000264	313760105000264	0

313760105000264	313760105000272	10285

313760105000264	313760105000273	10490

313760105000264	313760105000280	2516

313760105000264	313760114000002	10618

313760105000264	313760114000007	9625

313760105000264	313760114000008	9346

313760105000264	313760114000009	8377

313760105000264	313760114000010	10793

313760105000264	313760115000005	9737

313760105000264	313760115000006	10082

313760105000264	313760115000007	7269

313760105000264	313760115000015	7026

313760105000265	313760105000010	2862

313760105000265	313760105000013	2360

313760105000265	313760105000048	6809

313760105000265	313760105000050	3949

313760105000265	313760105000058	3714

313760105000265	313760105000076	2541

313760105000265	313760105000102	1784

313760105000265	313760105000122	2648

313760105000265	313760105000125	1748

313760105000265	313760105000132	3355

313760105000265	313760105000135	5203

313760105000265	313760105000139	6826

313760105000265	313760105000145	4481

313760105000265	313760105000146	7539

313760105000265	313760105000152	9871

313760105000265	313760105000168	3014

313760105000265	313760105000172	5336

313760105000265	313760105000186	6675

313760105000265	313760105000201	1335

313760105000265	313760105000226	6013

313760105000265	313760105000229	6298

313760105000265	313760105000230	3832

313760105000265	313760105000231	4182

313760105000265	313760105000235	2317

313760105000265	313760105000239	3039

313760105000265	313760105000257	3076

313760105000265	313760105000259	3855

313760105000265	313760105000264	7417

313760105000265	313760105000272	2873

313760105000265	313760105000273	3087

313760105000265	313760105000280	8768

313760105000265	313760114000002	5823

313760105000265	313760114000007	6115

313760105000265	313760114000008	5596

313760105000265	313760114000009	5065

313760105000265	313760114000010	8605

313760105000265	313760115000005	9574

313760105000265	313760115000006	12938

313760105000265	313760115000007	12044

313760105000265	313760115000015	7601

313760105000266	313760105000010	6467

313760105000266	313760105000013	7159

313760105000266	313760105000048	9569

313760105000266	313760105000050	9246

313760105000266	313760105000058	7294

313760105000266	313760105000076	5789

313760105000266	313760105000102	8692

313760105000266	313760105000122	4853

313760105000266	313760105000125	5326

313760105000266	313760105000132	3610

313760105000266	313760105000135	1985

313760105000266	313760105000139	682

313760105000266	313760105000145	9176

313760105000266	313760105000146	7080

313760105000266	313760105000152	2932

313760105000266	313760105000168	3965

313760105000266	313760105000172	5455

313760105000266	313760105000186	596

313760105000266	313760105000201	8055

313760105000266	313760105000226	1070

313760105000266	313760105000229	916

313760105000266	313760105000230	7809

313760105000266	313760105000231	7808

313760105000266	313760105000235	5331

313760105000266	313760105000239	5120

313760105000266	313760105000257	5630

313760105000266	313760105000259	3297

313760105000266	313760105000264	4203

313760105000266	313760105000272	9399

313760105000266	313760105000273	9528

313760105000266	313760105000280	3114

313760105000266	313760114000002	12011

313760105000266	313760114000007	11549

313760105000266	313760114000008	11130

313760105000266	313760114000009	10235

313760105000266	313760114000010	13379

313760105000266	313760115000005	5535

313760105000266	313760115000006	6618

313760105000266	313760115000007	5085

313760105000266	313760115000015	2844

313760105000267	313760105000010	6629

313760105000267	313760105000013	7333

313760105000267	313760105000048	9674

313760105000267	313760105000050	9451

313760105000267	313760105000058	7494

313760105000267	313760105000076	5960

313760105000267	313760105000102	8890

313760105000267	313760105000122	5060

313760105000267	313760105000125	5531

313760105000267	313760105000132	3812

313760105000267	313760105000135	2190

313760105000267	313760105000139	803

313760105000267	313760105000145	9329

313760105000267	313760105000146	7120

313760105000267	313760105000152	2726

313760105000267	313760105000168	4162

313760105000267	313760105000172	5627

313760105000267	313760105000186	757

313760105000267	313760105000201	8250

313760105000267	313760105000226	1236

313760105000267	313760105000229	1048

313760105000267	313760105000230	8009

313760105000267	313760105000231	8006

313760105000267	313760105000235	5539

313760105000267	313760105000239	5286

313760105000267	313760105000257	5790

313760105000267	313760105000259	3480

313760105000267	313760105000264	4195

313760105000267	313760105000272	9606

313760105000267	313760105000273	9735

313760105000267	313760105000280	2985

313760105000267	313760114000002	12186

313760105000267	313760114000007	11707

313760105000267	313760114000008	11292

313760105000267	313760114000009	10392

313760105000267	313760114000010	13516

313760105000267	313760115000005	5557

313760105000267	313760115000006	6486

313760105000267	313760115000007	4887

313760105000267	313760115000015	2897

313760105000268	313760105000010	6334

313760105000268	313760105000013	7023

313760105000268	313760105000048	9461

313760105000268	313760105000050	9125

313760105000268	313760105000058	7182

313760105000268	313760105000076	5653

313760105000268	313760105000102	8553

313760105000268	313760105000122	4724

313760105000268	313760105000125	5189

313760105000268	313760105000132	3472

313760105000268	313760105000135	1865

313760105000268	313760105000139	677

313760105000268	313760105000145	9047

313760105000268	313760105000146	7008

313760105000268	313760105000152	3068

313760105000268	313760105000168	3825

313760105000268	313760105000172	5376

313760105000268	313760105000186	552

313760105000268	313760105000201	7915

313760105000268	313760105000226	939

313760105000268	313760105000229	806

313760105000268	313760105000230	7695

313760105000268	313760105000231	7699

313760105000268	313760105000235	5202

313760105000268	313760105000239	4987

313760105000268	313760105000257	5499

313760105000268	313760105000259	3159

313760105000268	313760105000264	4164

313760105000268	313760105000272	9265

313760105000268	313760105000273	9395

313760105000268	313760105000280	3164

313760105000268	313760114000002	11875

313760105000268	313760114000007	11417

313760105000268	313760114000008	10998

313760105000268	313760114000009	10104

313760105000268	313760114000010	13256

313760105000268	313760115000005	5574

313760105000268	313760115000006	6740

313760105000268	313760115000007	5225

313760105000268	313760115000015	2867

313760105000269	313760105000010	6241

313760105000269	313760105000013	6931

313760105000269	313760105000048	9373

313760105000269	313760105000050	9065

313760105000269	313760105000058	7132

313760105000269	313760105000076	5561

313760105000269	313760105000102	8467

313760105000269	313760105000122	4656

313760105000269	313760105000125	5111

313760105000269	313760105000132	3390

313760105000269	313760105000135	1809

313760105000269	313760105000139	720

313760105000269	313760105000145	8953

313760105000269	313760105000146	6937

313760105000269	313760105000152	3146

313760105000269	313760105000168	3739

313760105000269	313760105000172	5355

313760105000269	313760105000186	574

313760105000269	313760105000201	7828

313760105000269	313760105000226	846

313760105000269	313760105000229	719

313760105000269	313760105000230	7644

313760105000269	313760105000231	7652

313760105000269	313760105000235	5133

313760105000269	313760105000239	4894

313760105000269	313760105000257	5405

313760105000269	313760105000259	3067

313760105000269	313760105000264	4111

313760105000269	313760105000272	9191

313760105000269	313760105000273	9322

313760105000269	313760105000280	3168

313760105000269	313760114000002	11782

313760105000269	313760114000007	11324

313760105000269	313760114000008	10904

313760105000269	313760114000009	10011

313760105000269	313760114000010	13164

313760105000269	313760115000005	5630

313760105000269	313760115000006	6832

313760105000269	313760115000007	5310

313760105000269	313760115000015	2916

313760105000270	313760105000010	1598

313760105000270	313760105000013	936

313760105000270	313760105000048	3903

313760105000270	313760105000050	6689

313760105000270	313760105000058	6729

313760105000270	313760105000076	2248

313760105000270	313760105000102	2777

313760105000270	313760105000122	5126

313760105000270	313760105000125	4126

313760105000270	313760105000132	4948

313760105000270	313760105000135	6787

313760105000270	313760105000139	8151

313760105000270	313760105000145	1501

313760105000270	313760105000146	5638

313760105000270	313760105000152	10676

313760105000270	313760105000168	4434

313760105000270	313760105000172	8091

313760105000270	313760105000186	7960

313760105000270	313760105000201	2221

313760105000270	313760105000226	6965

313760105000270	313760105000229	7174

313760105000270	313760105000230	6833

313760105000270	313760105000231	7191

313760105000270	313760105000235	4978

313760105000270	313760105000239	2918

313760105000270	313760105000257	2445

313760105000270	313760105000259	4781

313760105000270	313760105000264	6765

313760105000270	313760105000272	5049

313760105000270	313760105000273	5300

313760105000270	313760105000280	8810

313760105000270	313760114000002	4024

313760105000270	313760114000007	3591

313760105000270	313760114000008	3131

313760105000270	313760114000009	2327

313760105000270	313760114000010	5827

313760105000270	313760115000005	11879

313760105000270	313760115000006	14548

313760105000270	313760115000007	12927

313760105000270	313760115000015	9531

313760105000271	313760105000010	1381

313760105000271	313760105000013	898

313760105000271	313760105000048	3694

313760105000271	313760105000050	6903

313760105000271	313760105000058	6855

313760105000271	313760105000076	2090

313760105000271	313760105000102	3053

313760105000271	313760105000122	5129

313760105000271	313760105000125	4140

313760105000271	313760105000132	4851

313760105000271	313760105000135	6661

313760105000271	313760105000139	7987

313760105000271	313760105000145	1495

313760105000271	313760105000146	5319

313760105000271	313760105000152	10455

313760105000271	313760105000168	4332

313760105000271	313760105000172	8114

313760105000271	313760105000186	7793

313760105000271	313760105000201	2463

313760105000271	313760105000226	6777

313760105000271	313760105000229	6977

313760105000271	313760105000230	6980

313760105000271	313760105000231	7331

313760105000271	313760105000235	5011

313760105000271	313760105000239	2725

313760105000271	313760105000257	2228

313760105000271	313760105000259	4621

313760105000271	313760105000264	6468

313760105000271	313760105000272	5307

313760105000271	313760105000273	5557

313760105000271	313760105000280	8543

313760105000271	313760114000002	4264

313760105000271	313760114000007	3725

313760105000271	313760114000008	3288

313760105000271	313760114000009	2431

313760105000271	313760114000010	5869

313760105000271	313760115000005	11811

313760105000271	313760115000006	14388

313760105000271	313760115000007	12705

313760105000271	313760115000015	9423

313760105000272	313760105000010	5533

313760105000272	313760105000013	4794

313760105000272	313760105000048	8921

313760105000272	313760105000050	2017

313760105000272	313760105000058	3486

313760105000272	313760105000076	5367

313760105000272	313760105000102	2300

313760105000272	313760105000122	4586

313760105000272	313760105000125	4118

313760105000272	313760105000132	5856

313760105000272	313760105000135	7477

313760105000272	313760105000139	9133

313760105000272	313760105000145	6201

313760105000272	313760105000146	10278

313760105000272	313760105000152	12329

313760105000272	313760105000168	5648

313760105000272	313760105000172	6136

313760105000272	313760105000186	9015

313760105000272	313760105000201	2851

313760105000272	313760105000226	8561

313760105000272	313760105000229	8862

313760105000272	313760105000230	3192

313760105000272	313760105000231	3568

313760105000272	313760105000235	4110

313760105000272	313760105000239	5908

313760105000272	313760105000257	5901

313760105000272	313760105000259	6567

313760105000272	313760105000264	10285

313760105000272	313760105000272	0

313760105000272	313760105000273	251

313760105000272	313760105000280	11523

313760105000272	313760114000002	5927

313760105000272	313760114000007	6924

313760105000272	313760114000008	6430

313760105000272	313760114000009	6318

313760105000272	313760114000010	9513

313760105000272	313760115000005	10794

313760105000272	313760115000006	14778

313760105000272	313760115000007	14407

313760105000272	313760115000015	9386

313760105000273	313760105000010	5772

313760105000273	313760105000013	5040

313760105000273	313760105000048	9172

313760105000273	313760105000050	1835

313760105000273	313760105000058	3436

313760105000273	313760105000076	5594

313760105000273	313760105000102	2550

313760105000273	313760105000122	4696

313760105000273	313760105000125	4273

313760105000273	313760105000132	6005

313760105000273	313760105000135	7594

313760105000273	313760105000139	9247

313760105000273	313760105000145	6449

313760105000273	313760105000146	10517

313760105000273	313760105000152	12454

313760105000273	313760105000168	5814

313760105000273	313760105000172	6127

313760105000273	313760105000186	9133

313760105000273	313760105000201	3100

313760105000273	313760105000226	8705

313760105000273	313760105000229	9008

313760105000273	313760105000230	3111

313760105000273	313760105000231	3477

313760105000273	313760105000235	4219

313760105000273	313760105000239	6125

313760105000273	313760105000257	6129

313760105000273	313760105000259	6739

313760105000273	313760105000264	10490

313760105000273	313760105000272	251

313760105000273	313760105000273	0

313760105000273	313760105000280	11695

313760105000273	313760114000002	6118

313760105000273	313760114000007	7144

313760105000273	313760114000008	6654

313760105000273	313760114000009	6556

313760105000273	313760114000010	9730

313760105000273	313760115000005	10794

313760105000273	313760115000006	14830

313760105000273	313760115000007	14518

313760105000273	313760115000015	9445

313760105000274	313760105000010	3656

313760105000274	313760105000013	2762

313760105000274	313760105000048	6453

313760105000274	313760105000050	4446

313760105000274	313760105000058	5204

313760105000274	313760105000076	3818

313760105000274	313760105000102	465

313760105000274	313760105000122	4845

313760105000274	313760105000125	3960

313760105000274	313760105000132	5500

313760105000274	313760105000135	7384

313760105000274	313760105000139	8982

313760105000274	313760105000145	3682

313760105000274	313760105000146	8257

313760105000274	313760105000152	11941

313760105000274	313760105000168	5102

313760105000274	313760105000172	7337

313760105000274	313760105000186	8822

313760105000274	313760105000201	1020

313760105000274	313760105000226	8073

313760105000274	313760105000229	8343

313760105000274	313760105000230	5117

313760105000274	313760105000231	5510

313760105000274	313760105000235	4478

313760105000274	313760105000239	4510

313760105000274	313760105000257	4287

313760105000274	313760105000259	5839

313760105000274	313760105000264	8890

313760105000274	313760105000272	2543

313760105000274	313760105000273	2786

313760105000274	313760105000280	10575

313760105000274	313760114000002	3810

313760105000274	313760114000007	4499

313760105000274	313760114000008	3987

313760105000274	313760114000009	3785

313760105000274	313760114000010	7093

313760105000274	313760115000005	11733

313760105000274	313760115000006	15148

313760105000274	313760115000007	14146

313760105000274	313760115000015	9814

313760105000275	313760105000010	3875

313760105000275	313760105000013	2989

313760105000275	313760105000048	6704

313760105000275	313760105000050	4241

313760105000275	313760105000058	5080

313760105000275	313760105000076	4007

313760105000275	313760105000102	479

313760105000275	313760105000122	4862

313760105000275	313760105000125	4006

313760105000275	313760105000132	5586

313760105000275	313760105000135	7457

313760105000275	313760105000139	9067

313760105000275	313760105000145	3929

313760105000275	313760105000146	8497

313760105000275	313760105000152	12055

313760105000275	313760105000168	5203

313760105000275	313760105000172	7281

313760105000275	313760105000186	8910

313760105000275	313760105000201	1169

313760105000275	313760105000226	8187

313760105000275	313760105000229	8460

313760105000275	313760105000230	4972

313760105000275	313760105000231	5366

313760105000275	313760105000235	4479

313760105000275	313760105000239	4690

313760105000275	313760105000257	4486

313760105000275	313760105000259	5964

313760105000275	313760105000264	9086

313760105000275	313760105000272	2313

313760105000275	313760105000273	2553

313760105000275	313760105000280	10737

313760105000275	313760114000002	3917

313760105000275	313760114000007	4680

313760105000275	313760114000008	4173

313760105000275	313760114000009	4006

313760105000275	313760114000010	7276

313760105000275	313760115000005	11718

313760105000275	313760115000006	15196

313760105000275	313760115000007	14252

313760105000275	313760115000015	9846

313760105000276	313760105000010	3503

313760105000276	313760105000013	4198

313760105000276	313760105000048	6942

313760105000276	313760105000050	7460

313760105000276	313760105000058	5955

313760105000276	313760105000076	2824

313760105000276	313760105000102	5964

313760105000276	313760105000122	3105

313760105000276	313760105000125	3040

313760105000276	313760105000132	1513

313760105000276	313760105000135	2127

313760105000276	313760105000139	3135

313760105000276	313760105000145	6234

313760105000276	313760105000146	5305

313760105000276	313760105000152	5696

313760105000276	313760105000168	1480

313760105000276	313760105000172	5302

313760105000276	313760105000186	2936

313760105000276	313760105000201	5272

313760105000276	313760105000226	1900

313760105000276	313760105000229	2122

313760105000276	313760105000230	6395

313760105000276	313760105000231	6539

313760105000276	313760105000235	3489

313760105000276	313760105000239	2155

313760105000276	313760105000257	2675

313760105000276	313760105000259	533

313760105000276	313760105000264	3589

313760105000276	313760105000272	7091

313760105000276	313760105000273	7266

313760105000276	313760105000280	4432

313760105000276	313760114000002	9053

313760105000276	313760114000007	8591

313760105000276	313760114000008	8167

313760105000276	313760114000009	7280

313760105000276	313760114000010	10501

313760105000276	313760115000005	7523

313760105000276	313760115000006	9530

313760105000276	313760115000007	7934

313760105000276	313760115000015	4871

313760105000277	313760105000010	3645

313760105000277	313760105000013	4370

313760105000277	313760105000048	6958

313760105000277	313760105000050	7717

313760105000277	313760105000058	6198

313760105000277	313760105000076	2992

313760105000277	313760105000102	6196

313760105000277	313760105000122	3350

313760105000277	313760105000125	3298

313760105000277	313760105000132	1754

313760105000277	313760105000135	2172

313760105000277	313760105000139	3044

313760105000277	313760105000145	6353

313760105000277	313760105000146	5181

313760105000277	313760105000152	5499

313760105000277	313760105000168	1739

313760105000277	313760105000172	5477

313760105000277	313760105000186	2842

313760105000277	313760105000201	5498

313760105000277	313760105000226	1756

313760105000277	313760105000229	1953

313760105000277	313760105000230	6641

313760105000277	313760105000231	6780

313760105000277	313760105000235	3740

313760105000277	313760105000239	2304

313760105000277	313760105000257	2805

313760105000277	313760105000259	791

313760105000277	313760105000264	3356

313760105000277	313760105000272	7347

313760105000277	313760105000273	7522

313760105000277	313760105000280	4178

313760105000277	313760114000002	9223

313760105000277	313760114000007	8723

313760105000277	313760114000008	8307

313760105000277	313760114000009	7410

313760105000277	313760114000010	10590

313760105000277	313760115000005	7543

313760105000277	313760115000006	9419

313760105000277	313760115000007	7743

313760105000277	313760115000015	4864

313760105000278	313760105000010	3939

313760105000278	313760105000013	4294

313760105000278	313760105000048	7980

313760105000278	313760105000050	5826

313760105000278	313760105000058	4159

313760105000278	313760105000076	3150

313760105000278	313760105000102	5202

313760105000278	313760105000122	1355

313760105000278	313760105000125	1724

313760105000278	313760105000132	396

313760105000278	313760105000135	1778

313760105000278	313760105000139	3411

313760105000278	313760105000145	6634

313760105000278	313760105000146	6964

313760105000278	313760105000152	6545

313760105000278	313760105000168	872

313760105000278	313760105000172	3597

313760105000278	313760105000186	3270

313760105000278	313760105000201	4638

313760105000278	313760105000226	2790

313760105000278	313760105000229	3096

313760105000278	313760105000230	4620

313760105000278	313760105000231	4736

313760105000278	313760105000235	1804

313760105000278	313760105000239	2795

313760105000278	313760105000257	3318

313760105000278	313760105000259	1399

313760105000278	313760105000264	5419

313760105000278	313760105000272	5791

313760105000278	313760105000273	5927

313760105000278	313760105000280	5944

313760105000278	313760114000002	8928

313760105000278	313760114000007	8808

313760105000278	313760114000008	8328

313760105000278	313760114000009	7557

313760105000278	313760114000010	11011

313760105000278	313760115000005	6664

313760105000278	313760115000006	9561

313760105000278	313760115000007	8666

313760105000278	313760115000015	4335

313760105000279	313760105000010	3905

313760105000279	313760105000013	4215

313760105000279	313760105000048	7993

313760105000279	313760105000050	5606

313760105000279	313760105000058	3956

313760105000279	313760105000076	3118

313760105000279	313760105000102	5026

313760105000279	313760105000122	1138

313760105000279	313760105000125	1526

313760105000279	313760105000132	519

313760105000279	313760105000135	1964

313760105000279	313760105000139	3608

313760105000279	313760105000145	6572

313760105000279	313760105000146	7079

313760105000279	313760105000152	6757

313760105000279	313760105000168	899

313760105000279	313760105000172	3506

313760105000279	313760105000186	3471

313760105000279	313760105000201	4477

313760105000279	313760105000226	3011

313760105000279	313760105000229	3317

313760105000279	313760105000230	4412

313760105000279	313760105000231	4535

313760105000279	313760105000235	1583

313760105000279	313760105000239	2811

313760105000279	313760105000257	3321

313760105000279	313760105000259	1555

313760105000279	313760105000264	5605

313760105000279	313760105000272	5576

313760105000279	313760105000273	5709

313760105000279	313760105000280	6164

313760105000279	313760114000002	8801

313760105000279	313760114000007	8718

313760105000279	313760114000008	8233

313760105000279	313760114000009	7477

313760105000279	313760114000010	10950

313760105000279	313760115000005	6731

313760105000279	313760115000006	9717

313760105000279	313760115000007	8870

313760105000279	313760115000015	4457

313760105000280	313760105000010	7244

313760105000280	313760105000013	8121

313760105000280	313760105000048	9008

313760105000280	313760105000050	11769

313760105000280	313760105000058	10022

313760105000280	313760105000076	6815

313760105000280	313760105000102	10293

313760105000280	313760105000122	7299

313760105000280	313760105000125	7441

313760105000280	313760105000132	5760

313760105000280	313760105000135	4797

313760105000280	313760105000139	3785

313760105000280	313760105000145	9556

313760105000280	313760105000146	5645

313760105000280	313760105000152	2857

313760105000280	313760105000168	5884

313760105000280	313760105000172	8499

313760105000280	313760105000186	3708

313760105000280	313760105000201	9569

313760105000280	313760105000226	3294

313760105000280	313760105000229	3003

313760105000280	313760105000230	10512

313760105000280	313760105000231	10576

313760105000280	313760105000235	7745

313760105000280	313760105000239	6096

313760105000280	313760105000257	6435

313760105000280	313760105000259	4956

313760105000280	313760105000264	2516

313760105000280	313760105000272	11523

313760105000280	313760105000273	11695

313760105000280	313760105000280	0

313760105000280	313760114000002	12791

313760105000280	313760114000007	11938

313760105000280	313760114000008	11617

313760105000280	313760114000009	10654

313760105000280	313760114000010	13258

313760105000280	313760115000005	8280

313760105000280	313760115000006	7775

313760105000280	313760115000007	4764

313760105000280	313760115000015	5789

313760105000281	313760105000010	5560

313760105000281	313760105000013	6375

313760105000281	313760105000048	8127

313760105000281	313760105000050	9668

313760105000281	313760105000058	7945

313760105000281	313760105000076	5013

313760105000281	313760105000102	8343

313760105000281	313760105000122	5200

313760105000281	313760105000125	5356

313760105000281	313760105000132	3661

313760105000281	313760105000135	2840

313760105000281	313760105000139	2352

313760105000281	313760105000145	8112

313760105000281	313760105000146	5392

313760105000281	313760105000152	3558

313760105000281	313760105000168	3808

313760105000281	313760105000172	6599

313760105000281	313760105000186	2191

313760105000281	313760105000201	7638

313760105000281	313760105000226	1330

313760105000281	313760105000229	1107

313760105000281	313760105000230	8429

313760105000281	313760105000231	8505

313760105000281	313760105000235	5645

313760105000281	313760105000239	4292

313760105000281	313760105000257	4716

313760105000281	313760105000259	2899

313760105000281	313760105000264	2479

313760105000281	313760105000272	9456

313760105000281	313760105000273	9621

313760105000281	313760105000280	2101

313760105000281	313760114000002	11181

313760105000281	313760114000007	10516

313760105000281	313760114000008	10141

313760105000281	313760114000009	9204

313760105000281	313760114000010	12134

313760105000281	313760115000005	7259

313760105000281	313760115000006	8011

313760105000281	313760115000007	5800

313760105000281	313760115000015	4548

313760105000282	313760105000010	6303

313760105000282	313760105000013	6904

313760105000282	313760105000048	9734

313760105000282	313760105000050	8413

313760105000282	313760105000058	6409

313760105000282	313760105000076	5570

313760105000282	313760105000102	8176

313760105000282	313760105000122	4111

313760105000282	313760105000125	4707

313760105000282	313760105000132	3075

313760105000282	313760105000135	1222

313760105000282	313760105000139	440

313760105000282	313760105000145	9057

313760105000282	313760105000146	7561

313760105000282	313760105000152	3689

313760105000282	313760105000168	3509

313760105000282	313760105000172	4493

313760105000282	313760105000186	380

313760105000282	313760105000201	7582

313760105000282	313760105000226	1272

313760105000282	313760105000229	1361

313760105000282	313760105000230	6928

313760105000282	313760105000231	6908

313760105000282	313760105000235	4589

313760105000282	313760105000239	4961

313760105000282	313760105000257	5499

313760105000282	313760105000259	3037

313760105000282	313760105000264	4887

313760105000282	313760105000272	8695

313760105000282	313760105000273	8808

313760105000282	313760105000280	4059

313760105000282	313760114000002	11716

313760105000282	313760114000007	11384

313760105000282	313760114000008	10940

313760105000282	313760114000009	10082

313760105000282	313760114000010	13351

313760105000282	313760115000005	4938

313760105000282	313760115000006	6736

313760105000282	313760115000007	5712

313760105000282	313760115000015	2197

313760105000283	313760105000010	5998

313760105000283	313760105000013	6578

313760105000283	313760105000048	9508

313760105000283	313760105000050	8066

313760105000283	313760105000058	6081

313760105000283	313760105000076	5255

313760105000283	313760105000102	7812

313760105000283	313760105000122	3746

313760105000283	313760105000125	4338

313760105000283	313760105000132	2716

313760105000283	313760105000135	853

313760105000283	313760105000139	805

313760105000283	313760105000145	8757

313760105000283	313760105000146	7455

313760105000283	313760105000152	4042

313760105000283	313760105000168	3159

313760105000283	313760105000172	4255

313760105000283	313760105000186	705

313760105000283	313760105000201	7222

313760105000283	313760105000226	1221

313760105000283	313760105000229	1388

313760105000283	313760105000230	6598

313760105000283	313760105000231	6588

313760105000283	313760105000235	4224

313760105000283	313760105000239	4662

313760105000283	313760105000257	5205

313760105000283	313760105000259	2730

313760105000283	313760105000264	4888

313760105000283	313760105000272	8328

313760105000283	313760105000273	8442

313760105000283	313760105000280	4251

313760105000283	313760114000002	11378

313760105000283	313760114000007	11070

313760105000283	313760114000008	10622

313760105000283	313760114000009	9772

313760105000283	313760114000010	13067

313760105000283	313760115000005	5060

313760105000283	313760115000006	7065

313760105000283	313760115000007	6079

313760105000283	313760115000015	2336

313760105000284	313760105000010	4807

313760105000284	313760105000013	3907

313760105000284	313760105000048	7335

313760105000284	313760105000050	4219

313760105000284	313760105000058	5445

313760105000284	313760105000076	4967

313760105000284	313760105000102	1409

313760105000284	313760105000122	5639

313760105000284	313760105000125	4845

313760105000284	313760105000132	6479

313760105000284	313760105000135	8326

313760105000284	313760105000139	9952

313760105000284	313760105000145	4519

313760105000284	313760105000146	9366

313760105000284	313760105000152	12977

313760105000284	313760105000168	6117

313760105000284	313760105000172	7851

313760105000284	313760105000186	9801

313760105000284	313760105000201	2131

313760105000284	313760105000226	9111

313760105000284	313760105000229	9388

313760105000284	313760105000230	5249

313760105000284	313760105000231	5640

313760105000284	313760105000235	5225

313760105000284	313760105000239	5653

313760105000284	313760105000257	5441

313760105000284	313760105000259	6902

313760105000284	313760105000264	10043

313760105000284	313760105000272	2201

313760105000284	313760105000273	2394

313760105000284	313760105000280	11697

313760105000284	313760114000002	3726

313760105000284	313760114000007	4804

313760105000284	313760114000008	4333

313760105000284	313760114000009	4379

313760105000284	313760114000010	7370

313760105000284	313760115000005	12388

313760105000284	313760115000006	16008

313760105000284	313760115000007	15163

313760105000284	313760115000015	10632

313760105000285	313760105000010	4423

313760105000285	313760105000013	3867

313760105000285	313760105000048	8275

313760105000285	313760105000050	2387

313760105000285	313760105000058	2584

313760105000285	313760105000076	4080

313760105000285	313760105000102	2180

313760105000285	313760105000122	2941

313760105000285	313760105000125	2472

313760105000285	313760105000132	4204

313760105000285	313760105000135	5824

313760105000285	313760105000139	7480

313760105000285	313760105000145	5779

313760105000285	313760105000146	9092

313760105000285	313760105000152	10670

313760105000285	313760105000168	4019

313760105000285	313760105000172	4856

313760105000285	313760105000186	7359

313760105000285	313760105000201	2278

313760105000285	313760105000226	6905

313760105000285	313760105000229	7207

313760105000285	313760105000230	2537

313760105000285	313760105000231	2923

313760105000285	313760105000235	2472

313760105000285	313760105000239	4515

313760105000285	313760105000257	4612

313760105000285	313760105000259	4952

313760105000285	313760105000264	8785

313760105000285	313760105000272	1660

313760105000285	313760105000273	1802

313760105000285	313760105000280	9903

313760105000285	313760114000002	6424

313760105000285	313760114000007	7060

313760105000285	313760114000008	6539

313760105000285	313760114000009	6182

313760105000285	313760114000010	9634

313760105000285	313760115000005	9422

313760105000285	313760115000006	13227

313760105000285	313760115000007	12755

313760105000285	313760115000015	7828

313760114000002	313760105000010	5622

313760114000002	313760105000013	4855

313760114000002	313760105000048	5587

313760114000002	313760105000050	7944

313760114000002	313760105000058	8997

313760114000002	313760105000076	6231

313760114000002	313760105000102	4268

313760114000002	313760105000122	8442

313760114000002	313760105000125	7471

313760114000002	313760105000132	8716

313760114000002	313760105000135	10617

313760114000002	313760105000139	12079

313760114000002	313760105000145	3373

313760114000002	313760105000146	8821

313760114000002	313760105000152	14697

313760114000002	313760105000168	8233

313760114000002	313760105000172	11113

313760114000002	313760105000186	11896

313760114000002	313760105000201	4489

313760114000002	313760105000226	10951

313760114000002	313760105000229	11172

313760114000002	313760105000230	8873

313760114000002	313760105000231	9267

313760114000002	313760105000235	8139

313760114000002	313760105000239	6927

313760114000002	313760105000257	6468

313760114000002	313760105000259	8725

313760114000002	313760105000264	10618

313760114000002	313760105000272	5927

313760114000002	313760105000273	6118

313760114000002	313760105000280	12791

313760114000002	313760114000002	0

313760114000002	313760114000007	1674

313760114000002	313760114000008	1538

313760114000002	313760114000009	2386

313760114000002	313760114000010	3851

313760114000002	313760115000005	15381

313760114000002	313760115000006	18439

313760114000002	313760115000007	16948

313760114000002	313760115000015	13258

313760114000007	313760105000010	5089

313760114000007	313760105000013	4523

313760114000007	313760105000048	4039

313760114000007	313760105000050	8908

313760114000007	313760105000058	9630

313760114000007	313760105000076	5815

313760114000007	313760105000102	4899

313760114000007	313760105000122	8574

313760114000007	313760105000125	7569

313760114000007	313760105000132	8537

313760114000007	313760105000135	10377

313760114000007	313760105000139	11709

313760114000007	313760105000145	2404

313760114000007	313760105000146	7499

313760114000007	313760105000152	14072

313760114000007	313760105000168	8024

313760114000007	313760105000172	11438

313760114000007	313760105000186	11515

313760114000007	313760105000201	4865

313760114000007	313760105000226	10479

313760114000007	313760105000229	10666

313760114000007	313760105000230	9591

313760114000007	313760105000231	9980

313760114000007	313760105000235	8350

313760114000007	313760105000239	6438

313760114000007	313760105000257	5919

313760114000007	313760105000259	8347

313760114000007	313760105000264	9625

313760114000007	313760105000272	6924

313760114000007	313760105000273	7144

313760114000007	313760105000280	11938

313760114000007	313760114000002	1674

313760114000007	313760114000007	0

313760114000007	313760114000008	522

313760114000007	313760114000009	1316

313760114000007	313760114000010	2596

313760114000007	313760115000005	15433

313760114000007	313760115000006	18111

313760114000007	313760115000007	16316

313760114000007	313760115000015	13121

313760114000008	313760105000010	4664

313760114000008	313760105000013	4056

313760114000008	313760105000048	4050

313760114000008	313760105000050	8407

313760114000008	313760105000058	9108

313760114000008	313760105000076	5371

313760114000008	313760105000102	4382

313760114000008	313760105000122	8068

313760114000008	313760105000125	7064

313760114000008	313760105000132	8064

313760114000008	313760105000135	9917

313760114000008	313760105000139	11273

313760114000008	313760105000145	2062

313760114000008	313760105000146	7357

313760114000008	313760105000152	13693

313760114000008	313760105000168	7554

313760114000008	313760105000172	10922

313760114000008	313760105000186	11080

313760114000008	313760105000201	4342

313760114000008	313760105000226	10061

313760114000008	313760105000229	10255

313760114000008	313760105000230	9071

313760114000008	313760105000231	9460

313760114000008	313760105000235	7838

313760114000008	313760105000239	6011

313760114000008	313760105000257	5502

313760114000008	313760105000259	7905

313760114000008	313760105000264	9346

313760114000008	313760105000272	6430

313760114000008	313760105000273	6654

313760114000008	313760105000280	11617

313760114000008	313760114000002	1538

313760114000008	313760114000007	522

313760114000008	313760114000008	0

313760114000008	313760114000009	969

313760114000008	313760114000010	3106

313760114000008	313760115000005	14940

313760114000008	313760115000006	17673

313760114000008	313760115000007	15940

313760114000008	313760115000015	12649

313760114000009	313760105000010	3782

313760114000009	313760105000013	3263

313760114000009	313760105000048	3312

313760114000009	313760105000050	8224

313760114000009	313760105000058	8699

313760114000009	313760105000076	4519

313760114000009	313760105000102	4114

313760114000009	313760105000122	7407

313760114000009	313760105000125	6401

313760114000009	313760105000132	7271

313760114000009	313760105000135	9092

313760114000009	313760105000139	10402

313760114000009	313760105000145	1099

313760114000009	313760105000146	6438

313760114000009	313760105000152	12759

313760114000009	313760105000168	6755

313760114000009	313760105000172	10328

313760114000009	313760105000186	10207

313760114000009	313760105000201	3914

313760114000009	313760105000226	9165

313760114000009	313760105000229	9351

313760114000009	313760105000230	8715

313760114000009	313760105000231	9096

313760114000009	313760105000235	7218

313760114000009	313760105000239	5129

313760114000009	313760105000257	4606

313760114000009	313760105000259	7045

313760114000009	313760105000264	8377

313760114000009	313760105000272	6318

313760114000009	313760105000273	6556

313760114000009	313760105000280	10654

313760114000009	313760114000002	2386

313760114000009	313760114000007	1316

313760114000009	313760114000008	969

313760114000009	313760114000009	0

313760114000009	313760114000010	3551

313760114000009	313760115000005	14205

313760114000009	313760115000006	16805

313760114000009	313760115000007	15004

313760114000009	313760115000015	11850

313760114000010	313760105000010	7111

313760114000010	313760105000013	6749

313760114000010	313760105000048	4364

313760114000010	313760105000050	11503

313760114000010	313760105000058	12191

313760114000010	313760105000076	7891

313760114000010	313760105000102	7487

313760114000010	313760105000122	10945

313760114000010	313760105000125	9940

313760114000010	313760105000132	10701

313760114000010	313760105000135	12449

313760114000010	313760105000139	13632

313760114000010	313760105000145	4378

313760114000010	313760105000146	8108

313760114000010	313760105000152	15663

313760114000010	313760105000168	10179

313760114000010	313760105000172	13878

313760114000010	313760105000186	13431

313760114000010	313760105000201	7405

313760114000010	313760105000226	12324

313760114000010	313760105000229	12469

313760114000010	313760105000230	12170

313760114000010	313760105000231	12557

313760114000010	313760105000235	10767

313760114000010	313760105000239	8414

313760114000010	313760105000257	7866

313760114000010	313760105000259	10347

313760114000010	313760105000264	10793

313760114000010	313760105000272	9513

313760114000010	313760105000273	9730

313760114000010	313760105000280	13258

313760114000010	313760114000002	3851

313760114000010	313760114000007	2596

313760114000010	313760114000008	3106

313760114000010	313760114000009	3551

313760114000010	313760114000010	0

313760114000010	313760115000005	17676

313760114000010	313760115000006	19996

313760114000010	313760115000007	17864

313760114000010	313760115000015	15238

313760115000001	313760105000010	11672

313760115000001	313760105000013	12118

313760115000001	313760105000048	15324

313760115000001	313760105000050	11212

313760115000001	313760105000058	9051

313760115000001	313760105000076	10895

313760115000001	313760105000102	12684

313760115000001	313760105000122	8297

313760115000001	313760105000125	9238

313760115000001	313760105000132	8106

313760115000001	313760105000135	6343

313760115000001	313760105000139	5450

313760115000001	313760105000145	14421

313760115000001	313760105000146	13037

313760115000001	313760105000152	5794

313760115000001	313760105000168	8624

313760115000001	313760105000172	6274

313760115000001	313760105000186	5650

313760115000001	313760105000201	12267

313760115000001	313760105000226	6824

313760115000001	313760105000229	6809

313760115000001	313760105000230	9507

313760115000001	313760105000231	9258

313760115000001	313760105000235	8661

313760115000001	313760105000239	10381

313760115000001	313760105000257	10931

313760115000001	313760105000259	8463

313760115000001	313760105000264	10080

313760115000001	313760105000272	12351

313760115000001	313760105000273	12364

313760115000001	313760105000280	8272

313760115000001	313760114000002	16700

313760115000001	313760114000007	16638

313760115000001	313760114000008	16159

313760115000001	313760114000009	15377

313760115000001	313760114000010	18783

313760115000001	313760115000005	1674

313760115000001	313760115000006	3218

313760115000001	313760115000007	5795

313760115000001	313760115000015	3547

313760115000002	313760105000010	12618

313760115000002	313760105000013	13078

313760115000002	313760105000048	16220

313760115000002	313760105000050	12140

313760115000002	313760105000058	9989

313760115000002	313760105000076	11844

313760115000002	313760105000102	13662

313760115000002	313760105000122	9275

313760115000002	313760105000125	10214

313760115000002	313760105000132	9065

313760115000002	313760105000135	7280

313760115000002	313760105000139	6305

313760115000002	313760105000145	15371

313760115000002	313760105000146	13836

313760115000002	313760105000152	6270

313760115000002	313760105000168	9581

313760115000002	313760105000172	7216

313760115000002	313760105000186	6507

313760115000002	313760105000201	13244

313760115000002	313760105000226	7683

313760115000002	313760105000229	7647

313760115000002	313760105000230	10437

313760115000002	313760105000231	10178

313760115000002	313760105000235	9639

313760115000002	313760105000239	11319

313760115000002	313760105000257	11868

313760115000002	313760105000259	9394

313760115000002	313760105000264	10824

313760115000002	313760105000272	13311

313760115000002	313760105000273	13321

313760115000002	313760105000280	8892

313760115000002	313760114000002	17675

313760115000002	313760114000007	17600

313760115000002	313760114000008	17123

313760115000002	313760114000009	16335

313760115000002	313760114000010	19727

313760115000002	313760115000005	2560

313760115000002	313760115000006	2806

313760115000002	313760115000007	5921

313760115000002	313760115000015	4490

313760115000003	313760105000010	9491

313760115000003	313760105000013	10194

313760115000003	313760105000048	12348

313760115000003	313760105000050	11698

313760115000003	313760105000058	9586

313760115000003	313760105000076	8823

313760115000003	313760105000102	11650

313760115000003	313760105000122	7561

313760115000003	313760105000125	8192

313760115000003	313760105000132	6543

313760115000003	313760105000135	4704

313760115000003	313760105000139	3064

313760115000003	313760105000145	12177

313760115000003	313760105000146	9422

313760115000003	313760105000152	1360

313760115000003	313760105000168	6946

313760115000003	313760105000172	7194

313760115000003	313760105000186	3219

313760115000003	313760105000201	11039

313760115000003	313760105000226	4099

313760115000003	313760105000229	3896

313760115000003	313760105000230	10109

313760115000003	313760105000231	10018

313760115000003	313760105000235	8035

313760115000003	313760105000239	8148

313760115000003	313760105000257	8649

313760115000003	313760105000259	6329

313760115000003	313760105000264	6269

313760115000003	313760105000272	12144

313760115000003	313760105000273	12246

313760115000003	313760105000280	4058

313760115000003	313760114000002	15047

313760115000003	313760114000007	14562

313760115000003	313760114000008	14151

313760115000003	313760114000009	13246

313760115000003	313760114000010	16314

313760115000003	313760115000005	4928

313760115000003	313760115000006	3823

313760115000003	313760115000007	2340

313760115000003	313760115000015	3376

313760115000005	313760105000010	10589

313760115000005	313760105000013	10945

313760115000005	313760105000048	14446

313760115000005	313760105000050	9581

313760115000005	313760105000058	7438

313760115000005	313760105000076	9801

313760115000005	313760105000102	11273

313760115000005	313760105000122	6939

313760115000005	313760105000125	7917

313760115000005	313760105000132	6983

313760115000005	313760105000135	5400

313760115000005	313760105000139	4917

313760115000005	313760105000145	13298

313760115000005	313760105000146	12499

313760115000005	313760105000152	6203

313760115000005	313760105000168	7505

313760115000005	313760105000172	4672

313760115000005	313760105000186	5094

313760115000005	313760105000201	10907

313760115000005	313760105000226	6210

313760115000005	313760105000229	6269

313760115000005	313760105000230	7881

313760115000005	313760105000231	7619

313760115000005	313760105000235	7262

313760115000005	313760105000239	9357

313760115000005	313760105000257	9904

313760115000005	313760105000259	7499

313760115000005	313760105000264	9737

313760115000005	313760105000272	10794

313760115000005	313760105000273	10794

313760115000005	313760105000280	8280

313760115000005	313760114000002	15381

313760115000005	313760114000007	15433

313760115000005	313760114000008	14940

313760115000005	313760114000009	14205

313760115000005	313760114000010	17676

313760115000005	313760115000005	0

313760115000005	313760115000006	4781

313760115000005	313760115000007	6759

313760115000005	313760115000015	2741

313760115000006	313760105000010	13023

313760115000006	313760105000013	13640

313760115000006	313760105000048	16127

313760115000006	313760105000050	13901

313760115000006	313760105000058	11711

313760115000006	313760105000076	12303

313760115000006	313760105000102	14721

313760115000006	313760105000122	10373

313760115000006	313760105000125	11190

313760115000006	313760105000132	9735

313760115000006	313760105000135	7827

313760115000006	313760105000139	6402

313760115000006	313760105000145	15764

313760115000006	313760105000146	13243

313760115000006	313760105000152	4920

313760115000006	313760105000168	10208

313760115000006	313760105000172	8976

313760115000006	313760105000186	6597

313760115000006	313760105000201	14194

313760115000006	313760105000226	7674

313760115000006	313760105000229	7530

313760115000006	313760105000230	12204

313760115000006	313760105000231	12007

313760115000006	313760105000235	10804

313760115000006	313760105000239	11676

313760115000006	313760105000257	12204

313760115000006	313760105000259	9768

313760115000006	313760105000264	10082

313760115000006	313760105000272	14778

313760115000006	313760105000273	14830

313760115000006	313760105000280	7775

313760115000006	313760114000002	18439

313760115000006	313760114000007	18111

313760115000006	313760114000008	17673

313760115000006	313760114000009	16805

313760115000006	313760114000010	19996

313760115000006	313760115000005	4781

313760115000006	313760115000006	0

313760115000006	313760115000007	3694

313760115000006	313760115000015	5400

313760115000007	313760105000010	11331

313760115000007	313760105000013	12106

313760115000007	313760105000048	13704

313760115000007	313760105000050	14025

313760115000007	313760105000058	11923

313760115000007	313760105000076	10728

313760115000007	313760105000102	13776

313760115000007	313760105000122	9822

313760115000007	313760105000125	10389

313760115000007	313760105000132	8691

313760115000007	313760105000135	6932

313760115000007	313760105000139	5275

313760115000007	313760105000145	13912

313760115000007	313760105000146	10409

313760115000007	313760105000152	2251

313760115000007	313760105000168	9049

313760115000007	313760105000172	9524

313760115000007	313760105000186	5400

313760115000007	313760105000201	13132

313760115000007	313760105000226	6079

313760115000007	313760105000229	5823

313760115000007	313760105000230	12446

313760115000007	313760105000231	12358

313760115000007	313760105000235	10300

313760115000007	313760105000239	10023

313760115000007	313760105000257	10483

313760115000007	313760105000259	8333

313760115000007	313760105000264	7269

313760115000007	313760105000272	14407

313760115000007	313760105000273	14518

313760115000007	313760105000280	4764

313760115000007	313760114000002	16948

313760115000007	313760114000007	16316

313760115000007	313760114000008	15940

313760115000007	313760114000009	15004

313760115000007	313760114000010	17864

313760115000007	313760115000005	6759

313760115000007	313760115000006	3694

313760115000007	313760115000007	0

313760115000007	313760115000015	5675

313760115000008	313760105000010	11532

313760115000008	313760105000013	12033

313760115000008	313760105000048	15047

313760115000008	313760105000050	11563

313760115000008	313760105000058	9381

313760115000008	313760105000076	10767

313760115000008	313760105000102	12774

313760115000008	313760105000122	8377

313760115000008	313760105000125	9279

313760115000008	313760105000132	8025

313760115000008	313760105000135	6189

313760115000008	313760105000139	5112

313760115000008	313760105000145	14291

313760115000008	313760105000146	12603

313760115000008	313760105000152	5076

313760115000008	313760105000168	8533

313760115000008	313760105000172	6610

313760115000008	313760105000186	5316

313760115000008	313760105000201	12316

313760115000008	313760105000226	6488

313760115000008	313760105000229	6438

313760115000008	313760105000230	9857

313760115000008	313760105000231	9632

313760115000008	313760105000235	8770

313760115000008	313760105000239	10215

313760115000008	313760105000257	10763

313760115000008	313760105000259	8283

313760115000008	313760105000264	9580

313760115000008	313760105000272	12589

313760115000008	313760105000273	12619

313760115000008	313760105000280	7654

313760115000008	313760114000002	16702

313760115000008	313760114000007	16555

313760115000008	313760114000008	16088

313760115000008	313760114000009	15277

313760115000008	313760114000010	18629

313760115000008	313760115000005	2257

313760115000008	313760115000006	2525

313760115000008	313760115000007	4966

313760115000008	313760115000015	3446

313760115000009	313760105000010	10717

313760115000009	313760105000013	11199

313760115000009	313760105000048	14303

313760115000009	313760105000050	10718

313760115000009	313760105000058	8532

313760115000009	313760105000076	9947

313760115000009	313760105000102	11904

313760115000009	313760105000122	7507

313760115000009	313760105000125	8414

313760115000009	313760105000132	7187

313760115000009	313760105000135	5374

313760115000009	313760105000139	4400

313760115000009	313760105000145	13474

313760115000009	313760105000146	11973

313760115000009	313760105000152	4842

313760115000009	313760105000168	7699

313760115000009	313760105000172	5768

313760115000009	313760105000186	4601

313760115000009	313760105000201	11451

313760115000009	313760105000226	5777

313760115000009	313760105000229	5753

313760115000009	313760105000230	9013

313760115000009	313760105000231	8796

313760115000009	313760105000235	7898

313760115000009	313760105000239	9411

313760115000009	313760105000257	9960

313760115000009	313760105000259	7483

313760115000009	313760105000264	9013

313760115000009	313760105000272	11721

313760115000009	313760105000273	11752

313760115000009	313760105000280	7235

313760115000009	313760114000002	15846

313760115000009	313760114000007	15723

313760115000009	313760114000008	15251

313760115000009	313760114000009	14450

313760115000009	313760114000010	17823

313760115000009	313760115000005	1681

313760115000009	313760115000006	3255

313760115000009	313760115000007	5124

313760115000009	313760115000015	2602

313760115000010	313760105000010	12450

313760115000010	313760105000013	12955

313760115000010	313760105000048	15938

313760115000010	313760105000050	12377

313760115000010	313760105000058	10205

313760115000010	313760105000076	11687

313760115000010	313760105000102	13682

313760115000010	313760105000122	9285

313760115000010	313760105000125	10194

313760115000010	313760105000132	8947

313760115000010	313760105000135	7109

313760115000010	313760105000139	5998

313760115000010	313760105000145	15211

313760115000010	313760105000146	13429

313760115000010	313760105000152	5660

313760115000010	313760105000168	9456

313760115000010	313760105000172	7427

313760115000010	313760105000186	6203

313760115000010	313760105000201	13231

313760115000010	313760105000226	7371

313760115000010	313760105000229	7308

313760115000010	313760105000230	10671

313760115000010	313760105000231	10432

313760115000010	313760105000235	9672

313760115000010	313760105000239	11132

313760115000010	313760105000257	11679

313760115000010	313760105000259	9198

313760115000010	313760105000264	10370

313760115000010	313760105000272	13456

313760115000010	313760105000273	13479

313760115000010	313760105000280	8350

313760115000010	313760114000002	17622

313760115000010	313760114000007	17477

313760115000010	313760114000008	17010

313760115000010	313760114000009	16198

313760115000010	313760114000010	19545

313760115000010	313760115000005	2888

313760115000010	313760115000006	2110

313760115000010	313760115000007	5198

313760115000010	313760115000015	4367

313760115000011	313760105000010	12026

313760115000011	313760105000013	12567

313760115000011	313760105000048	15416

313760115000011	313760105000050	12331

313760115000011	313760105000058	10145

313760115000011	313760105000076	11273

313760115000011	313760105000102	13420

313760115000011	313760105000122	9030

313760115000011	313760105000125	9906

313760115000011	313760105000132	8579

313760115000011	313760105000135	6706

313760115000011	313760105000139	5490

313760115000011	313760105000145	14786

313760115000011	313760105000146	12820

313760115000011	313760105000152	4949

313760115000011	313760105000168	9078

313760115000011	313760105000172	7382

313760115000011	313760105000186	5694

313760115000011	313760105000201	12939

313760115000011	313760105000226	6848

313760115000011	313760105000229	6765

313760115000011	313760105000230	10626

313760115000011	313760105000231	10410

313760115000011	313760105000235	9437

313760115000011	313760105000239	10694

313760115000011	313760105000257	11238

313760115000011	313760105000259	8761

313760115000011	313760105000264	9736

313760115000011	313760105000272	13312

313760115000011	313760105000273	13348

313760115000011	313760105000280	7667

313760115000011	313760114000002	17286

313760115000011	313760114000007	17081

313760115000011	313760114000008	16622

313760115000011	313760114000009	15792

313760115000011	313760114000010	19097

313760115000011	313760115000005	3067

313760115000011	313760115000006	1715

313760115000011	313760115000007	4494

313760115000011	313760115000015	4048

313760115000014	313760105000010	7894

313760115000014	313760105000013	8561

313760115000014	313760105000048	10999

313760115000014	313760105000050	10079

313760115000014	313760105000058	8006

313760115000014	313760105000076	7199

313760115000014	313760105000102	9948

313760115000014	313760105000122	5870

313760115000014	313760105000125	6487

313760115000014	313760105000132	4842

313760115000014	313760105000135	3000

313760115000014	313760105000139	1360

313760115000014	313760105000145	10616

313760115000014	313760105000146	8370

313760115000014	313760105000152	2127

313760115000014	313760105000168	5254

313760115000014	313760105000172	5778

313760115000014	313760105000186	1523

313760115000014	313760105000201	9344

313760115000014	313760105000226	2510

313760115000014	313760105000229	2363

313760115000014	313760105000230	8529

313760115000014	313760105000231	8467

313760115000014	313760105000235	6346

313760115000014	313760105000239	6545

313760115000014	313760105000257	7063

313760115000014	313760105000259	4679

313760115000014	313760105000264	5345

313760115000014	313760105000272	10456

313760115000014	313760105000273	10562

313760115000014	313760105000280	3650

313760115000014	313760114000002	13403

313760115000014	313760114000007	12981

313760115000014	313760114000008	12556

313760115000014	313760114000009	11669

313760115000014	313760114000010	14828

313760115000014	313760115000005	4630

313760115000014	313760115000006	5168

313760115000014	313760115000007	3962

313760115000014	313760115000015	2283

313760115000015	313760105000010	8128

313760115000015	313760105000013	8598

313760115000015	313760105000048	11813

313760115000015	313760105000050	8627

313760115000015	313760105000058	6452

313760115000015	313760105000076	7354

313760115000015	313760105000102	9376

313760115000015	313760105000122	4994

313760115000015	313760105000125	5859

313760115000015	313760105000132	4585

313760115000015	313760105000135	2797

313760115000015	313760105000139	2196

313760115000015	313760105000145	10881

313760115000015	313760105000146	9758

313760115000015	313760105000152	4303

313760115000015	313760105000168	5098

313760115000015	313760105000172	3879

313760115000015	313760105000186	2365

313760115000015	313760105000201	8892

313760115000015	313760105000226	3469

313760115000015	313760105000229	3532

313760115000015	313760105000230	6965

313760115000015	313760105000231	6823

313760115000015	313760105000235	5414

313760115000015	313760105000239	6834

313760115000015	313760105000257	7385

313760115000015	313760105000259	4919

313760115000015	313760105000264	7026

313760115000015	313760105000272	9386

313760115000015	313760105000273	9445

313760115000015	313760105000280	5789

313760115000015	313760114000002	13258

313760115000015	313760114000007	13121

313760115000015	313760114000008	12649

313760115000015	313760114000009	11850

313760115000015	313760114000010	15238

313760115000015	313760115000005	2741

313760115000015	313760115000006	5400

313760115000015	313760115000007	5675

313760115000015	313760115000015	0

313760115000018	313760105000010	10843

313760115000018	313760105000013	11384

313760115000018	313760105000048	14260

313760115000018	313760105000050	11334

313760115000018	313760105000058	9144

313760115000018	313760105000076	10090

313760115000018	313760105000102	12272

313760115000018	313760105000122	7890

313760115000018	313760105000125	8750

313760115000018	313760105000132	7400

313760115000018	313760105000135	5523

313760115000018	313760105000139	4324

313760115000018	313760105000145	13603

313760115000018	313760105000146	11740

313760115000018	313760105000152	4190

313760115000018	313760105000168	7897

313760115000018	313760105000172	6413

313760115000018	313760105000186	4528

313760115000018	313760105000201	11779

313760115000018	313760105000226	5691

313760115000018	313760105000229	5620

313760115000018	313760105000230	9637

313760115000018	313760105000231	9443

313760115000018	313760105000235	8307

313760115000018	313760105000239	9512

313760115000018	313760105000257	10056

313760115000018	313760105000259	7579

313760115000018	313760105000264	8697

313760115000018	313760105000272	12233

313760115000018	313760105000273	12279

313760115000018	313760105000280	6751

313760115000018	313760114000002	16111

313760115000018	313760114000007	15898

313760115000018	313760114000008	15439

313760115000018	313760114000009	14608

313760115000018	313760114000010	17917

313760115000018	313760115000005	2559

313760115000018	313760115000006	2567

313760115000018	313760115000007	4271

313760115000018	313760115000015	2897

313760115000019	313760105000010	10719

313760115000019	313760105000013	11344

313760115000019	313760105000048	13860

313760115000019	313760105000050	11979

313760115000019	313760105000058	9801

313760115000019	313760105000076	10002

313760115000019	313760105000102	12503

313760115000019	313760105000122	8205

313760115000019	313760105000125	8977

313760115000019	313760105000132	7469

313760115000019	313760105000135	5560

313760115000019	313760105000139	4099

313760115000019	313760105000145	13459

313760115000019	313760105000146	11090

313760115000019	313760105000152	3079

313760115000019	313760105000168	7932

313760115000019	313760105000172	7166

313760115000019	313760105000186	4293

313760115000019	313760105000201	11953

313760115000019	313760105000226	5372

313760115000019	313760105000229	5235

313760115000019	313760105000230	10311

313760115000019	313760105000231	10156

313760115000019	313760105000235	8653

313760115000019	313760105000239	9371

313760115000019	313760105000257	9899

313760115000019	313760105000259	7468

313760115000019	313760105000264	7964

313760115000019	313760105000272	12697

313760115000019	313760105000273	12767

313760115000019	313760105000280	5817

313760115000019	313760114000002	16155

313760115000019	313760114000007	15808

313760115000019	313760114000008	15372

313760115000019	313760114000009	14501

313760115000019	313760114000010	17695

313760115000019	313760115000005	3803

313760115000019	313760115000006	2305

313760115000019	313760115000007	2973

313760115000019	313760115000015	3352

313760115000020	313760105000010	8548

313760115000020	313760105000013	9272

313760115000020	313760105000048	11359

313760115000020	313760105000050	11119

313760115000020	313760105000058	9060

313760115000020	313760105000076	7896

313760115000020	313760105000102	10823

313760115000020	313760105000122	6856

313760115000020	313760105000125	7416

313760115000020	313760105000132	5725

313760115000020	313760105000135	3960

313760115000020	313760105000139	2305

313760115000020	313760105000145	11216

313760115000020	313760105000146	8460

313760115000020	313760105000152	1081

313760115000020	313760105000168	6099

313760115000020	313760105000172	6837

313760115000020	313760105000186	2426

313760115000020	313760105000201	10192

313760115000020	313760105000226	3179

313760115000020	313760105000229	2955

313760115000020	313760105000230	9583

313760115000020	313760105000231	9526

313760115000020	313760105000235	7334

313760115000020	313760105000239	7211

313760115000020	313760105000257	7703

313760115000020	313760105000259	5430

313760115000020	313760105000264	5320

313760115000020	313760105000272	11437

313760115000020	313760105000273	11552

313760115000020	313760105000280	3228

313760115000020	313760114000002	14126

313760115000020	313760114000007	13606

313760115000020	313760114000008	13203

313760115000020	313760114000009	12291

313760115000020	313760114000010	15334

313760115000020	313760115000005	5274

313760115000020	313760115000006	4800

313760115000020	313760115000007	2974

313760115000020	313760115000015	3230

313760115000021	313760105000010	8345

313760115000021	313760105000013	9041

313760115000021	313760105000048	11298

313760115000021	313760105000050	10697

313760115000021	313760105000058	8624

313760115000021	313760105000076	7671

313760115000021	313760105000102	10507

313760115000021	313760105000122	6473

313760115000021	313760105000125	7068

313760115000021	313760105000132	5401

313760115000021	313760105000135	3590

313760115000021	313760105000139	1935

313760115000021	313760105000145	11042

313760115000021	313760105000146	8516

313760115000021	313760105000152	1549

313760115000021	313760105000168	5796

313760115000021	313760105000172	6374

313760115000021	313760105000186	2078

313760115000021	313760105000201	9891

313760115000021	313760105000226	2949

313760115000021	313760105000229	2757

313760115000021	313760105000230	9147

313760115000021	313760105000231	9083

313760115000021	313760105000235	6950

313760115000021	313760105000239	7000

313760115000021	313760105000257	7505

313760115000021	313760105000259	5173

313760115000021	313760105000264	5416

313760115000021	313760105000272	11058

313760115000021	313760105000273	11167

313760115000021	313760105000280	3477

313760115000021	313760114000002	13893

313760115000021	313760114000007	13422

313760115000021	313760114000008	13007

313760115000021	313760114000009	12107

313760115000021	313760114000010	15208

313760115000021	313760115000005	4894

313760115000021	313760115000006	4828

313760115000021	313760115000007	3351

313760115000021	313760115000015	2767

313760115000022	313760105000010	8713

313760115000022	313760105000013	9397

313760115000022	313760105000048	11701

313760115000022	313760105000050	10874

313760115000022	313760105000058	8775

313760115000022	313760105000076	8030

313760115000022	313760105000102	10809

313760115000022	313760105000122	6715

313760115000022	313760105000125	7346

313760115000022	313760105000132	5703

313760115000022	313760105000135	3857

313760115000022	313760105000139	2221

313760115000022	313760105000145	11420

313760115000022	313760105000146	8920

313760115000022	313760105000152	1615

313760115000022	313760105000168	6113

313760115000022	313760105000172	6443

313760115000022	313760105000186	2382

313760115000022	313760105000201	10204

313760115000022	313760105000226	3316

313760115000022	313760105000229	3138

313760115000022	313760105000230	9298

313760115000022	313760105000231	9219

313760115000022	313760105000235	7188

313760115000022	313760105000239	7367

313760115000022	313760105000257	7877

313760115000022	313760105000259	5520

313760115000022	313760105000264	5813

313760115000022	313760105000272	11298

313760115000022	313760105000273	11401

313760115000022	313760105000280	3821

313760115000022	313760114000002	14245

313760115000022	313760114000007	13795

313760115000022	313760114000008	13377

313760115000022	313760114000009	12481

313760115000022	313760114000010	15599

313760115000022	313760115000005	4650

313760115000022	313760115000006	4426

313760115000022	313760115000007	3151

313760115000022	313760115000015	2715

313760115000023	313760105000010	8600

313760115000023	313760105000013	9262

313760115000023	313760105000048	11688

313760115000023	313760105000050	10581

313760115000023	313760105000058	8471

313760115000023	313760105000076	7903

313760115000023	313760105000102	10606

313760115000023	313760105000122	6464

313760115000023	313760105000125	7123

313760115000023	313760105000132	5506

313760115000023	313760105000135	3634

313760115000023	313760105000139	2032

313760115000023	313760105000145	11324

313760115000023	313760105000146	8991

313760115000023	313760105000152	1952

313760115000023	313760105000168	5931

313760115000023	313760105000172	6113

313760115000023	313760105000186	2208

313760115000023	313760105000201	10012

313760115000023	313760105000226	3218

313760115000023	313760105000229	3067

313760115000023	313760105000230	8994

313760115000023	313760105000231	8908

313760115000023	313760105000235	6935

313760115000023	313760105000239	7252

313760115000023	313760105000257	7770

313760115000023	313760105000259	5379

313760115000023	313760105000264	5918

313760115000023	313760105000272	11042

313760115000023	313760105000273	11140

313760115000023	313760105000280	4028

313760115000023	313760114000002	14101

313760115000023	313760114000007	13688

313760115000023	313760114000008	13263

313760115000023	313760114000009	12377

313760115000023	313760114000010	15534

313760115000023	313760115000005	4358

313760115000023	313760115000006	4464

313760115000023	313760115000007	3452

313760115000023	313760115000015	2371

313760115000024	313760105000010	9091

313760115000024	313760105000013	9738

313760115000024	313760105000048	12211

313760115000024	313760105000050	10841

313760115000024	313760105000058	8706

313760115000024	313760105000076	8385

313760115000024	313760105000102	11018

313760115000024	313760105000122	6818

313760115000024	313760105000125	7516

313760115000024	313760105000132	5933

313760115000024	313760105000135	4040

313760115000024	313760105000139	2489

313760115000024	313760105000145	11822

313760115000024	313760105000146	9510

313760115000024	313760105000152	2138

313760115000024	313760105000168	6374

313760115000024	313760105000172	6254

313760115000024	313760105000186	2675

313760115000024	313760105000201	10439

313760115000024	313760105000226	3724

313760115000024	313760105000229	3582

313760115000024	313760105000230	9227

313760115000024	313760105000231	9121

313760115000024	313760105000235	7282

313760115000024	313760105000239	7742

313760115000024	313760105000257	8265

313760115000024	313760105000259	5855

313760115000024	313760105000264	6426

313760115000024	313760105000272	11379

313760115000024	313760105000273	11469

313760115000024	313760105000280	4467

313760115000024	313760114000002	14569

313760115000024	313760114000007	14180

313760115000024	313760114000008	13751

313760115000024	313760114000009	12870

313760115000024	313760114000010	16045

313760115000024	313760115000005	4067

313760115000024	313760115000006	3951

313760115000024	313760115000007	3272

313760115000024	313760115000015	2409

313760115000025	313760105000010	8777

313760115000025	313760105000013	9417

313760115000025	313760105000048	11940

313760115000025	313760105000050	10526

313760115000025	313760105000058	8397

313760115000025	313760105000076	8067

313760115000025	313760105000102	10685

313760115000025	313760105000122	6485

313760115000025	313760105000125	7182

313760115000025	313760105000132	5601

313760115000025	313760105000135	3707

313760115000025	313760105000139	2166

313760115000025	313760105000145	11513

313760115000025	313760105000146	9295

313760115000025	313760105000152	2235

313760115000025	313760105000168	6044

313760115000025	313760105000172	5973

313760115000025	313760105000186	2355

313760115000025	313760105000201	10106

313760115000025	313760105000226	3424

313760115000025	313760105000229	3296

313760115000025	313760105000230	8918

313760115000025	313760105000231	8818

313760115000025	313760105000235	6951

313760115000025	313760105000239	7429

313760115000025	313760105000257	7954

313760115000025	313760105000259	5535

313760115000025	313760105000264	6239

313760115000025	313760105000272	11049

313760115000025	313760105000273	11140

313760115000025	313760105000280	4373

313760115000025	313760114000002	14244

313760115000025	313760114000007	13867

313760115000025	313760114000008	13435

313760115000025	313760114000009	12558

313760115000025	313760114000010	15748

313760115000025	313760115000005	4025

313760115000025	313760115000006	4253

313760115000025	313760115000007	3553

313760115000025	313760115000015	2162

313760115000026	313760105000010	8950

313760115000026	313760105000013	9593

313760115000026	313760105000048	12093

313760115000026	313760105000050	10691

313760115000026	313760105000058	8557

313760115000026	313760105000076	8241

313760115000026	313760105000102	10864

313760115000026	313760105000122	6662

313760115000026	313760105000125	7361

313760115000026	313760105000132	5781

313760115000026	313760105000135	3886

313760115000026	313760105000139	2342

313760115000026	313760105000145	11683

313760115000026	313760105000146	9419

313760115000026	313760105000152	2189

313760115000026	313760105000168	6222

313760115000026	313760105000172	6116

313760115000026	313760105000186	2530

313760115000026	313760105000201	10286

313760115000026	313760105000226	3590

313760115000026	313760105000229	3454

313760115000026	313760105000230	9078

313760115000026	313760105000231	8974

313760115000026	313760105000235	7127

313760115000026	313760105000239	7601

313760115000026	313760105000257	8125

313760115000026	313760105000259	5710

313760115000026	313760105000264	6348

313760115000026	313760105000272	11224

313760115000026	313760105000273	11314

313760115000026	313760105000280	4432

313760115000026	313760114000002	14421

313760115000026	313760114000007	14039

313760115000026	313760114000008	13608

313760115000026	313760114000009	12730

313760115000026	313760114000010	15913

313760115000026	313760115000005	4032

313760115000026	313760115000006	4085

313760115000026	313760115000007	3408

313760115000026	313760115000015	2283

313760115000027	313760105000010	9380

313760115000027	313760105000013	10023

313760115000027	313760105000048	12502

313760115000027	313760105000050	11039

313760115000027	313760105000058	8893

313760115000027	313760105000076	8672

313760115000027	313760105000102	11281

313760115000027	313760105000122	7059

313760115000027	313760105000125	7773

313760115000027	313760105000132	6204

313760115000027	313760105000135	4305

313760115000027	313760105000139	2772

313760115000027	313760105000145	12112

313760115000027	313760105000146	9785

313760115000027	313760105000152	2237

313760115000027	313760105000168	6649

313760115000027	313760105000172	6401

313760115000027	313760105000186	2960

313760115000027	313760105000201	10707

313760115000027	313760105000226	4015

313760115000027	313760105000229	3874

313760115000027	313760105000230	9413

313760115000027	313760105000231	9297

313760115000027	313760105000235	7521

313760115000027	313760105000239	8031

313760115000027	313760105000257	8554

313760115000027	313760105000259	6140

313760115000027	313760105000264	6690

313760115000027	313760105000272	11611

313760115000027	313760105000273	11697

313760115000027	313760105000280	4686

313760115000027	313760114000002	14850

313760115000027	313760114000007	14469

313760115000027	313760114000008	14038

313760115000027	313760114000009	13159

313760115000027	313760114000010	16337

313760115000027	313760115000005	3980

313760115000027	313760115000006	3659

313760115000027	313760115000007	3151

313760115000027	313760115000015	2531

313760115000029	313760105000010	9220

313760115000029	313760105000013	9788

313760115000029	313760105000048	12610

313760115000029	313760105000050	10246

313760115000029	313760105000058	8073

313760115000029	313760105000076	8476

313760115000029	313760105000102	10811

313760115000029	313760105000122	6482

313760115000029	313760105000125	7281

313760115000029	313760105000132	5838

313760115000029	313760105000135	3937

313760115000029	313760105000139	2673

313760115000029	313760105000145	11979

313760115000029	313760105000146	10146

313760115000029	313760105000152	3233

313760115000029	313760105000168	6322

313760115000029	313760105000172	5483

313760115000029	313760105000186	2877

313760115000029	313760105000201	10283

313760115000029	313760105000226	4041

313760115000029	313760105000229	3978

313760115000029	313760105000230	8586

313760115000029	313760105000231	8443

313760115000029	313760105000235	6923

313760115000029	313760105000239	7883

313760115000029	313760105000257	8424

313760115000029	313760105000259	5953

313760115000029	313760105000264	7157

313760115000029	313760105000272	10955

313760115000029	313760105000273	11023

313760115000029	313760105000280	5403

313760115000029	313760114000002	14553

313760115000029	313760114000007	14290

313760115000029	313760114000008	13838

313760115000029	313760114000009	12994

313760115000029	313760114000010	16279

313760115000029	313760115000005	2981

313760115000029	313760115000006	3911

313760115000029	313760115000007	4177

313760115000029	313760115000015	1622

313760115000030	313760105000010	9165

313760115000030	313760105000013	9650

313760115000030	313760105000048	12782

313760115000030	313760105000050	9513

313760115000030	313760105000058	7325

313760115000030	313760105000076	8395

313760115000030	313760105000102	10423

313760115000030	313760105000122	6033

313760115000030	313760105000125	6912

313760115000030	313760105000132	5639

313760115000030	313760105000135	3822

313760115000030	313760105000139	2953

313760115000030	313760105000145	11922

313760115000030	313760105000146	10573

313760115000030	313760105000152	4231

313760115000030	313760105000168	6149

313760115000030	313760105000172	4642

313760115000030	313760105000186	3146

313760115000030	313760105000201	9947

313760115000030	313760105000226	4310

313760115000030	313760105000229	4321

313760115000030	313760105000230	7827

313760115000030	313760105000231	7653

313760115000030	313760105000235	6444

313760115000030	313760105000239	7860

313760115000030	313760105000257	8409

313760115000030	313760105000259	5934

313760115000030	313760105000264	7711

313760115000030	313760105000272	10368

313760115000030	313760105000273	10417

313760115000030	313760105000280	6188

313760115000030	313760114000002	14317

313760115000030	313760114000007	14173

313760115000030	313760114000008	13703

313760115000030	313760114000009	12898

313760115000030	313760114000010	16271

313760115000030	313760115000005	2092

313760115000030	313760115000006	4414

313760115000030	313760115000007	5196

313760115000030	313760115000015	1059

313760115000031	313760105000010	9710

313760115000031	313760105000013	10248

313760115000031	313760105000048	13171

313760115000031	313760105000050	10379

313760115000031	313760105000058	8193

313760115000031	313760105000076	8955

313760115000031	313760105000102	11161

313760115000031	313760105000122	6793

313760115000031	313760105000125	7635

313760115000031	313760105000132	6265

313760115000031	313760105000135	4386

313760115000031	313760105000139	3234

313760115000031	313760105000145	12471

313760115000031	313760105000146	10753

313760115000031	313760105000152	3734

313760115000031	313760105000168	6761

313760115000031	313760105000172	5522

313760115000031	313760105000186	3438

313760115000031	313760105000201	10658

313760115000031	313760105000226	4610

313760115000031	313760105000229	4563

313760115000031	313760105000230	8698

313760115000031	313760105000231	8529

313760115000031	313760105000235	7218

313760115000031	313760105000239	8382

313760115000031	313760105000257	8927

313760115000031	313760105000259	6448

313760115000031	313760105000264	7773

313760115000031	313760105000272	11192

313760115000031	313760105000273	11247

313760115000031	313760105000280	6007

313760115000031	313760114000002	14977

313760115000031	313760114000007	14762

313760115000031	313760114000008	14303

313760115000031	313760114000009	13473

313760115000031	313760114000010	16791

313760115000031	313760115000005	2479

313760115000031	313760115000006	3591

313760115000031	313760115000007	4417

313760115000031	313760115000015	1809

313760115000032	313760105000010	10327

313760115000032	313760105000013	11032

313760115000032	313760105000048	13141

313760115000032	313760105000050	12410

313760115000032	313760105000058	10275

313760115000032	313760105000076	9660

313760115000032	313760105000102	12469

313760115000032	313760105000122	8341

313760115000032	313760105000125	8997

313760115000032	313760105000132	7362

313760115000032	313760105000135	5507

313760115000032	313760105000139	3881

313760115000032	313760105000145	13009

313760115000032	313760105000146	10143

313760115000032	313760105000152	1812

313760115000032	313760105000168	7772

313760115000032	313760105000172	7802

313760115000032	313760105000186	4042

313760115000032	313760105000201	11864

313760115000032	313760105000226	4936

313760115000032	313760105000229	4732

313760115000032	313760105000230	10796

313760115000032	313760105000231	10688

313760115000032	313760105000235	8811

313760115000032	313760105000239	8985

313760115000032	313760105000257	9485

313760115000032	313760105000259	7165

313760115000032	313760105000264	6975

313760115000032	313760105000272	12917

313760115000032	313760105000273	13012

313760115000032	313760105000280	4658

313760115000032	313760114000002	15884

313760115000032	313760114000007	15396

313760115000032	313760114000008	14987

313760115000032	313760114000009	14080

313760115000032	313760114000010	17134

313760115000032	313760115000005	5057

313760115000032	313760115000006	3120

313760115000032	313760115000007	1777

313760115000032	313760115000015	3930

313760115000033	313760105000010	10064

313760115000033	313760105000013	10733

313760115000033	313760105000048	13053

313760115000033	313760105000050	11839

313760115000033	313760105000058	9689

313760115000033	313760105000076	9371

313760115000033	313760105000102	12054

313760115000033	313760105000122	7855

313760115000033	313760105000125	8554

313760115000033	313760105000132	6964

313760115000033	313760105000135	5076

313760115000033	313760105000139	3501

313760115000033	313760105000145	12779

313760115000033	313760105000146	10194

313760115000033	313760105000152	2127

313760115000033	313760105000168	7397

313760115000033	313760105000172	7172

313760115000033	313760105000186	3679

313760115000033	313760105000201	11470

313760115000033	313760105000226	4671

313760115000033	313760105000229	4500

313760115000033	313760105000230	10208

313760115000033	313760105000231	10088

313760115000033	313760105000235	8318

313760115000033	313760105000239	8716

313760115000033	313760105000257	9230

313760115000033	313760105000259	6850

313760115000033	313760105000264	7051

313760115000033	313760105000272	12411

313760115000033	313760105000273	12498

313760115000033	313760105000280	4863

313760115000033	313760114000002	15573

313760115000033	313760114000007	15149

313760115000033	313760114000008	14727

313760115000033	313760114000009	13836

313760115000033	313760114000010	16964

313760115000033	313760115000005	4396

313760115000033	313760115000006	3077

313760115000033	313760115000007	2456

313760115000033	313760115000015	3294

313760115000034	313760105000010	7720

313760115000034	313760105000013	8284

313760115000034	313760105000048	11183

313760115000034	313760105000050	9086

313760115000034	313760105000058	6960

313760115000034	313760105000076	6973

313760115000034	313760105000102	9363

313760115000034	313760105000122	5091

313760115000034	313760105000125	5838

313760115000034	313760105000132	4346

313760115000034	313760105000135	2439

313760115000034	313760105000139	1282

313760115000034	313760105000145	10480

313760115000034	313760105000146	8900

313760115000034	313760105000152	3349

313760115000034	313760105000168	4823

313760115000034	313760105000172	4595

313760115000034	313760105000186	1480

313760115000034	313760105000201	8815

313760115000034	313760105000226	2652

313760115000034	313760105000229	2650

313760115000034	313760105000230	7482

313760115000034	313760105000231	7388

313760115000034	313760105000235	5549

313760115000034	313760105000239	6387

313760115000034	313760105000257	6930

313760115000034	313760105000259	4454

313760115000034	313760105000264	6059

313760115000034	313760105000272	9633

313760115000034	313760105000273	9718

313760115000034	313760105000280	4717

313760115000034	313760114000002	13056

313760115000034	313760114000007	12787

313760115000034	313760114000008	12335

313760115000034	313760114000009	11492

313760115000034	313760114000010	14791

313760115000034	313760115000005	3682

313760115000034	313760115000006	5390

313760115000034	313760115000007	4971

313760115000034	313760115000015	1076

;



end;



