#############################################################################
# Project CNPq: Increasing PHC with team sizing
# Author: João Flávio de Freitas Almeida <joao.flavio@dep.ufmg.br>
# LEPOINT: Laboratório de Estudos em Planejamento de Operações Integradas
# Departamento de Engenharia de Produção
# Universidade Federal de Minas Gerais - Escola de Engenharia
#############################################################################
# Health Care Facility Location Problem: Considering fixed facilities,
# choose intermediate facilities according a criteria that improve service
# quality. Consider health care teams.
#############################################################################
# glpsol -m aps.mod -d LS.dat --cuts

#############################################################################
# DADOS REFERENTES AO MUNICIPIO DE: 
# Montes Claros 
#############################################################################
data;
# Distance matrix between same-level facilities (for team transfer) 
# {EL[1], L[1]} default 0; # Distance between L1 facilities (min)  
param DL1 := 
3143309772235 3143309772235 0 
3143309772235 3143309772251 1431 
3143309772235 3143309812059 932 
3143309772235 3143305305063 2308 
3143309772235 3143307781067 3295 
3143309772235 3143305304997 2964 
3143309772235 3143307831331 3517 
3143309772235 3143300659134 3416 
3143309772235 3143303180158 2707 
3143309772235 3143307821506 2164 
3143309772235 3143302150107 5087 
3143309772235 3143309775978 2164 
3143309772235 3143302219107 4402 
3143309772235 3143302219352 885 
3143309772235 3143303180182 3098 
3143309772235 3143302150050 3895 
3143309772235 3143302150042 3340 
3143309772235 3143302219085 3902 
3143309772235 3143309812032 4183 
3143309772235 3143302149915 5365 
3143309772235 3143307299079 4698 
3143309772235 3143302150018 6233 
3143309772235 3143302218984 5509 
3143309772235 3143306065295 6015 
3143309772235 3143302219069 4109 
3143309772235 3143306629296 5990 
3143309772235 3143302149923 5911 
3143309772235 3143306065341 6959 
3143309772235 3143306329705 6119 
3143309772235 3143306297943 13507 
3143309772235 3143305212626 13507 
3143309772235 3143307780621 3158 
3143309772235 3143303180166 2164 
3143309772235 3143302149893 4094 
3143309772235 3143309251553 2993 
3143309772235 3143302150026 4304 
3143309772235 3143300550108 6668 
3143309772235 3143303413578 27631 
3143309772235 3143306329632 5006 
3143309772235 3143305212588 11926 
3143309772235 3143309812083 3011 
3143309772235 3143306023282 1027 
3143309772235 3143302218968 3298 
3143309772235 3143309772227 3589 
3143309772235 3143302203480 1539 
3143309772235 3143302150085 4698 
3143309772235 3143300211826 4634 
3143309772235 3143302149931 2312 
3143309772235 3143309352511 4647 
3143309772235 3143309690905 4015 
3143309772235 3143307608756 6901 
3143309772235 3143306409911 6668 
3143309772235 3143307780907 3805 
3143309772235 3143309936424 4595 
3143309772235 3143309812075 2779 
3143309772235 3143303688100 3536 
3143309772235 3143303180115 1431 
3143309772235 3143305302854 2762 
3143309772235 3143302219212 2885 
3143309772235 3143302149958 3170 
3143309772235 3143307951345 4915 
3143309772235 3143302219077 3414 
3143309772235 3143302219344 4109 
3143309772235 3143307607660 5087 
3143309772235 3143302150069 5115 
3143309772235 3143307809131 7357 
3143309772235 3143300186252 4915 
3143309772235 3143307836619 4183 
3143309772235 3143305212545 4729 
3143309772235 3143302150077 6901 
3143309772235 3143302150034 5252 
3143309772235 3143305212529 19899 
3143309772235 3143302219379 40708 
3143309772235 3143305212618 19899 
3143309772235 CLU_6117 43864 
3143309772235 CLU_6298 8619 
3143309772235 CLU_6301 20599 
3143309772235 CLU_6312 3248 
3143309772235 CLU_6320 4204 
3143309772235 CLU_6326 6450 
3143309772235 CLU_6362 1455 
3143309772235 CLU_6374 4109 
3143309772235 CLU_6383 7667 
3143309772235 CLU_6385 5360 
3143309772235 CLU_6399 4197 
3143309772235 CLU_6409 39906 
3143309772235 CLU_6411 16441 
3143309772235 CLU_6413 40708 
3143309772235 CLU_6416 19899 
3143309772235 CLU_6417 59660 
3143309772251 3143309772235 1431 
3143309772251 3143309772251 0 
3143309772251 3143309812059 1930 
3143309772251 3143305305063 1155 
3143309772251 3143307781067 1894 
3143309772251 3143305304997 1535 
3143309772251 3143307831331 2123 
3143309772251 3143300659134 2499 
3143309772251 3143303180158 3025 
3143309772251 3143307821506 2772 
3143309772251 3143302150107 5732 
3143309772251 3143309775978 2772 
3143309772251 3143302219107 5735 
3143309772251 3143302219352 2298 
3143309772251 3143303180182 2425 
3143309772251 3143302150050 2930 
3143309772251 3143302150042 2291 
3143309772251 3143302219085 2824 
3143309772251 3143309812032 2909 
3143309772251 3143302149915 3977 
3143309772251 3143307299079 4010 
3143309772251 3143302150018 5063 
3143309772251 3143302218984 4209 
3143309772251 3143306065295 4587 
3143309772251 3143302219069 5444 
3143309772251 3143306629296 4727 
3143309772251 3143302149923 4509 
3143309772251 3143306065341 5583 
3143309772251 3143306329705 4699 
3143309772251 3143306297943 12079 
3143309772251 3143305212626 12079 
3143309772251 3143307780621 3229 
3143309772251 3143303180166 2772 
3143309772251 3143302149893 2823 
3143309772251 3143309251553 3226 
3143309772251 3143302150026 4786 
3143309772251 3143300550108 5280 
3143309772251 3143303413578 26420 
3143309772251 3143306329632 6383 
3143309772251 3143305212588 11784 
3143309772251 3143309812083 1810 
3143309772251 3143306023282 1457 
3143309772251 3143302218968 3942 
3143309772251 3143309772227 2172 
3143309772251 3143302203480 2543 
3143309772251 3143302150085 4010 
3143309772251 3143300211826 6027 
3143309772251 3143302149931 3611 
3143309772251 3143309352511 3219 
3143309772251 3143309690905 4130 
3143309772251 3143307608756 5625 
3143309772251 3143306409911 5280 
3143309772251 3143307780907 5226 
3143309772251 3143309936424 4835 
3143309772251 3143309812075 2120 
3143309772251 3143303688100 2957 
3143309772251 3143303180115 0 
3143309772251 3143305302854 1839 
3143309772251 3143302219212 1543 
3143309772251 3143302149958 4483 
3143309772251 3143307951345 3716 
3143309772251 3143302219077 3792 
3143309772251 3143302219344 5444 
3143309772251 3143307607660 5732 
3143309772251 3143302150069 3833 
3143309772251 3143307809131 5961 
3143309772251 3143300186252 6329 
3143309772251 3143307836619 2909 
3143309772251 3143305212545 5650 
3143309772251 3143302150077 5625 
3143309772251 3143302150034 4396 
3143309772251 3143305212529 21284 
3143309772251 3143302219379 41891 
3143309772251 3143305212618 21284 
3143309772251 CLU_6117 44545 
3143309772251 CLU_6298 7187 
3143309772251 CLU_6301 19281 
3143309772251 CLU_6312 4589 
3143309772251 CLU_6320 5460 
3143309772251 CLU_6326 7110 
3143309772251 CLU_6362 1455 
3143309772251 CLU_6374 5444 
3143309772251 CLU_6383 6254 
3143309772251 CLU_6385 4170 
3143309772251 CLU_6399 5310 
3143309772251 CLU_6409 40638 
3143309772251 CLU_6411 17330 
3143309772251 CLU_6413 41891 
3143309772251 CLU_6416 21284 
3143309772251 CLU_6417 60989 
3143309812059 3143309772235 932 
3143309812059 3143309772251 1930 
3143309812059 3143309812059 0 
3143309812059 3143305305063 3008 
3143309812059 3143307781067 3805 
3143309812059 3143305304997 3333 
3143309812059 3143307831331 3754 
3143309812059 3143300659134 3177 
3143309812059 3143303180158 1853 
3143309812059 3143307821506 1251 
3143309812059 3143302150107 4155 
3143309812059 3143309775978 1251 
3143309812059 3143302219107 3838 
3143309812059 3143302219352 874 
3143309812059 3143303180182 3973 
3143309812059 3143302150050 4703 
3143309812059 3143302150042 4110 
3143309812059 3143302219085 4666 
3143309812059 3143309812032 4214 
3143309812059 3143302149915 5535 
3143309812059 3143307299079 5588 
3143309812059 3143302150018 6962 
3143309812059 3143302218984 6139 
3143309812059 3143306065295 6307 
3143309812059 3143302219069 4322 
3143309812059 3143306629296 6654 
3143309812059 3143302149923 6398 
3143309812059 3143306065341 7494 
3143309812059 3143306329705 6368 
3143309812059 3143306297943 13870 
3143309812059 3143305212626 13870 
3143309812059 3143307780621 2374 
3143309812059 3143303180166 1251 
3143309812059 3143302149893 4747 
3143309812059 3143309251553 3905 
3143309812059 3143302150026 5142 
3143309812059 3143300550108 7181 
3143309812059 3143303413578 27424 
3143309812059 3143306329632 4526 
3143309812059 3143305212588 12849 
3143309812059 3143309812083 3043 
3143309812059 3143306023282 1959 
3143309812059 3143302218968 2366 
3143309812059 3143309772227 3881 
3143309812059 3143302203480 2291 
3143309812059 3143302150085 5588 
3143309812059 3143300211826 4685 
3143309812059 3143302149931 2692 
3143309812059 3143309352511 5056 
3143309812059 3143309690905 4930 
3143309812059 3143307608756 7554 
3143309812059 3143306409911 7181 
3143309812059 3143307780907 3759 
3143309812059 3143309936424 5486 
3143309812059 3143309812075 2437 
3143309812059 3143303688100 3061 
3143309812059 3143303180115 1930 
3143309812059 3143305302854 3566 
3143309812059 3143302219212 3474 
3143309812059 3143302149958 2584 
3143309812059 3143307951345 4832 
3143309812059 3143302219077 4295 
3143309812059 3143302219344 4322 
3143309812059 3143307607660 4155 
3143309812059 3143302150069 5761 
3143309812059 3143307809131 7515 
3143309812059 3143300186252 4881 
3143309812059 3143307836619 4214 
3143309812059 3143305212545 5361 
3143309812059 3143302150077 7554 
3143309812059 3143302150034 6106 
3143309812059 3143305212529 19408 
3143309812059 3143302219379 39972 
3143309812059 3143305212618 19408 
3143309812059 CLU_6117 42946 
3143309812059 CLU_6298 8938 
3143309812059 CLU_6301 21208 
3143309812059 CLU_6312 3485 
3143309812059 CLU_6320 4541 
3143309812059 CLU_6326 7192 
3143309812059 CLU_6362 1068 
3143309812059 CLU_6374 4322 
3143309812059 CLU_6383 8118 
3143309812059 CLU_6385 5252 
3143309812059 CLU_6399 4696 
3143309812059 CLU_6409 38995 
3143309812059 CLU_6411 15561 
3143309812059 CLU_6413 39972 
3143309812059 CLU_6416 19408 
3143309812059 CLU_6417 59069 
3143305305063 3143309772235 2308 
3143305305063 3143309772251 1155 
3143305305063 3143309812059 3008 
3143305305063 3143305305063 0 
3143305305063 3143307781067 1219 
3143305305063 3143305304997 1357 
3143305305063 3143307831331 2059 
3143305305063 3143300659134 3178 
3143305305063 3143303180158 4169 
3143305305063 3143307821506 3925 
3143305305063 3143302150107 6886 
3143305305063 3143309775978 3925 
3143305305063 3143302219107 6710 
3143305305063 3143302219352 3185 
3143305305063 3143303180182 1424 
3143305305063 3143302150050 1777 
3143305305063 3143302150042 1136 
3143305305063 3143302219085 1674 
3143305305063 3143309812032 3071 
3143305305063 3143302149915 3749 
3143305305063 3143307299079 2916 
3143305305063 3143302150018 3954 
3143305305063 3143302218984 3205 
3143305305063 3143306065295 4107 
3143305305063 3143302219069 5899 
3143305305063 3143306629296 3682 
3143305305063 3143302149923 3711 
3143305305063 3143306065341 4700 
3143305305063 3143306329705 4285 
3143305305063 3143306297943 11373 
3143305305063 3143305212626 11373 
3143305305063 3143307780621 4331 
3143305305063 3143303180166 3925 
3143305305063 3143302149893 1788 
3143305305063 3143309251553 2797 
3143305305063 3143302150026 4405 
3143305305063 3143300550108 4430 
3143305305063 3143303413578 26386 
3143305305063 3143306329632 7306 
3143305305063 3143305212588 10843 
3143305305063 3143309812083 2275 
3143305305063 3143306023282 1768 
3143305305063 3143302218968 5097 
3143305305063 3143309772227 1973 
3143305305063 3143302203480 2859 
3143305305063 3143302150085 2916 
3143305305063 3143300211826 6590 
3143305305063 3143302149931 4091 
3143305305063 3143309352511 2616 
3143305305063 3143309690905 3513 
3143305305063 3143307608756 4593 
3143305305063 3143306409911 4430 
3143305305063 3143307780907 5895 
3143305305063 3143309936424 4263 
3143305305063 3143309812075 3026 
3143305305063 3143303688100 3832 
3143305305063 3143303180115 1155 
3143305305063 3143305302854 742 
3143305305063 3143302219212 710 
3143305305063 3143302149958 5475 
3143305305063 3143307951345 3942 
3143305305063 3143302219077 3408 
3143305305063 3143302219344 5899 
3143305305063 3143307607660 6886 
3143305305063 3143302150069 2808 
3143305305063 3143307809131 5636 
3143305305063 3143300186252 6949 
3143305305063 3143307836619 3071 
3143305305063 3143305212545 5605 
3143305305063 3143302150077 4593 
3143305305063 3143302150034 3251 
3143305305063 3143305212529 22184 
3143305305063 3143302219379 42976 
3143305305063 3143305212618 22184 
3143305305063 CLU_6117 45692 
3143305305063 CLU_6298 6586 
3143305305063 CLU_6301 18292 
3143305305063 CLU_6312 5082 
3143305305063 CLU_6320 5796 
3143305305063 CLU_6326 6777 
3143305305063 CLU_6362 2606 
3143305305063 CLU_6374 5899 
3143305305063 CLU_6383 5479 
3143305305063 CLU_6385 4383 
3143305305063 CLU_6399 5477 
3143305305063 CLU_6409 41790 
3143305305063 CLU_6411 18482 
3143305305063 CLU_6413 42976 
3143305305063 CLU_6416 22184 
3143305305063 CLU_6417 61967 
3143307781067 3143309772235 3295 
3143307781067 3143309772251 1894 
3143307781067 3143309812059 3805 
3143307781067 3143305305063 1219 
3143307781067 3143307781067 0 
3143307781067 3143305304997 700 
3143307781067 3143307831331 1151 
3143307781067 3143300659134 2793 
3143307781067 3143303180158 4522 
3143307781067 3143307821506 4460 
3143307781067 3143302150107 7270 
3143307781067 3143309775978 4460 
3143307781067 3143302219107 7628 
3143307781067 3143302219352 4176 
3143307781067 3143303180182 2221 
3143307781067 3143302150050 1966 
3143307781067 3143302150042 1423 
3143307781067 3143302219085 1651 
3143307781067 3143309812032 2182 
3143307781067 3143302149915 2575 
3143307781067 3143307299079 3283 
3143307781067 3143302150018 3418 
3143307781067 3143302218984 2398 
3143307781067 3143306065295 2888 
3143307781067 3143302219069 7094 
3143307781067 3143306629296 2957 
3143307781067 3143302149923 2618 
3143307781067 3143306065341 3691 
3143307781067 3143306329705 3066 
3143307781067 3143306297943 10232 
3143307781067 3143305212626 10232 
3143307781067 3143307780621 4516 
3143307781067 3143303180166 4460 
3143307781067 3143302149893 1171 
3143307781067 3143309251553 3923 
3143307781067 3143302150026 5510 
3143307781067 3143300550108 3385 
3143307781067 3143303413578 25212 
3143307781067 3143306329632 8276 
3143307781067 3143305212588 11344 
3143307781067 3143309812083 1839 
3143307781067 3143306023282 2948 
3143307781067 3143302218968 5562 
3143307781067 3143309772227 961 
3143307781067 3143302203480 4061 
3143307781067 3143302150085 3283 
3143307781067 3143300211826 7760 
3143307781067 3143302149931 5272 
3143307781067 3143309352511 1407 
3143307781067 3143309690905 4511 
3143307781067 3143307608756 3819 
3143307781067 3143306409911 3385 
3143307781067 3143307780907 7024 
3143307781067 3143309936424 5268 
3143307781067 3143309812075 2952 
3143307781067 3143303688100 3623 
3143307781067 3143303180115 1894 
3143307781067 3143305302854 1567 
3143307781067 3143302219212 511 
3143307781067 3143302149958 6375 
3143307781067 3143307951345 3033 
3143307781067 3143302219077 4534 
3143307781067 3143302219344 7094 
3143307781067 3143307607660 7270 
3143307781067 3143302150069 2064 
3143307781067 3143307809131 4422 
3143307781067 3143300186252 8100 
3143307781067 3143307836619 2182 
3143307781067 3143305212545 6802 
3143307781067 3143302150077 3819 
3143307781067 3143302150034 3328 
3143307781067 3143305212529 23177 
3143307781067 3143302219379 43696 
3143307781067 3143305212618 23177 
3143307781067 CLU_6117 45901 
3143307781067 CLU_6298 5396 
3143307781067 CLU_6301 17407 
3143307781067 CLU_6312 6265 
3143307781067 CLU_6320 7009 
3143307781067 CLU_6326 7875 
3143307781067 CLU_6362 3100 
3143307781067 CLU_6374 7094 
3143307781067 CLU_6383 4372 
3143307781067 CLU_6385 3439 
3143307781067 CLU_6399 6696 
3143307781067 CLU_6409 42050 
3143307781067 CLU_6411 18930 
3143307781067 CLU_6413 43696 
3143307781067 CLU_6416 23177 
3143307781067 CLU_6417 62874 
3143305304997 3143309772235 2964 
3143305304997 3143309772251 1535 
3143305304997 3143309812059 3333 
3143305304997 3143305305063 1357 
3143305304997 3143307781067 700 
3143305304997 3143305304997 0 
3143305304997 3143307831331 704 
3143305304997 3143300659134 2111 
3143305304997 3143303180158 3871 
3143305304997 3143307821506 3861 
3143305304997 3143302150107 6610 
3143305304997 3143309775978 3861 
3143305304997 3143302219107 7172 
3143305304997 3143302219352 3818 
3143305304997 3143303180182 2653 
3143305304997 3143302150050 2588 
3143305304997 3143302150042 1986 
3143305304997 3143302219085 2304 
3143305304997 3143309812032 1718 
3143305304997 3143302149915 2493 
3143305304997 3143307299079 3892 
3143305304997 3143302150018 4104 
3143305304997 3143302218984 3040 
3143305304997 3143306065295 3052 
3143305304997 3143302219069 6945 
3143305304997 3143306629296 3612 
3143305304997 3143302149923 3083 
3143305304997 3143306065341 4205 
3143305304997 3143306329705 3168 
3143305304997 3143306297943 10562 
3143305304997 3143305212626 10562 
3143305304997 3143307780621 3834 
3143305304997 3143303180166 3861 
3143305304997 3143302149893 1871 
3143305304997 3143309251553 4153 
3143305304997 3143302150026 5761 
3143305304997 3143300550108 3877 
3143305304997 3143303413578 25081 
3143305304997 3143306329632 7853 
3143305304997 3143305212588 11946 
3143305304997 3143309812083 1151 
3143305304997 3143306023282 2838 
3143305304997 3143302218968 4929 
3143305304997 3143309772227 664 
3143305304997 3143302203480 3967 
3143305304997 3143302150085 3892 
3143305304997 3143300211826 7554 
3143305304997 3143302149931 5110 
3143305304997 3143309352511 1722 
3143305304997 3143309690905 4857 
3143305304997 3143307608756 4449 
3143305304997 3143306409911 3877 
3143305304997 3143307780907 6762 
3143305304997 3143309936424 5611 
3143305304997 3143309812075 2254 
3143305304997 3143303688100 2926 
3143305304997 3143303180115 1535 
3143305304997 3143305302854 1950 
3143305304997 3143302219212 870 
3143305304997 3143302149958 5918 
3143305304997 3143307951345 2591 
3143305304997 3143302219077 4762 
3143305304997 3143302219344 6945 
3143305304997 3143307607660 6610 
3143305304997 3143302150069 2730 
3143305304997 3143307809131 4455 
3143305304997 3143300186252 7862 
3143305304997 3143307836619 1718 
3143305304997 3143305212545 6904 
3143305304997 3143302150077 4449 
3143305304997 3143302150034 3998 
3143305304997 3143305212529 22742 
3143305304997 3143302219379 43106 
3143305304997 3143305212618 22742 
3143305304997 CLU_6117 45205 
3143305304997 CLU_6298 5657 
3143305304997 CLU_6301 17944 
3143305304997 CLU_6312 6097 
3143305304997 CLU_6320 6921 
3143305304997 CLU_6326 8133 
3143305304997 CLU_6362 2520 
3143305304997 CLU_6374 6945 
3143305304997 CLU_6383 4785 
3143305304997 CLU_6385 3028 
3143305304997 CLU_6399 6692 
3143305304997 CLU_6409 41358 
3143305304997 CLU_6411 18268 
3143305304997 CLU_6413 43106 
3143305304997 CLU_6416 22742 
3143305304997 CLU_6417 62372 
3143307831331 3143309772235 3517 
3143307831331 3143309772251 2123 
3143307831331 3143309812059 3754 
3143307831331 3143305305063 2059 
3143307831331 3143307781067 1151 
3143307831331 3143305304997 704 
3143307831331 3143307831331 0 
3143307831331 3143300659134 1800 
3143307831331 3143303180158 3975 
3143307831331 3143307821506 4087 
3143307831331 3143302150107 6651 
3143307831331 3143309775978 4087 
3143307831331 3143302219107 7564 
3143307831331 3143302219352 4335 
3143307831331 3143303180182 3308 
3143307831331 3143302150050 3116 
3143307831331 3143302150042 2566 
3143307831331 3143302219085 2791 
3143307831331 3143309812032 1045 
3143307831331 3143302149915 1854 
3143307831331 3143307299079 4433 
3143307831331 3143302150018 4277 
3143307831331 3143302218984 3112 
3143307831331 3143306065295 2553 
3143307831331 3143302219069 7567 
3143307831331 3143306629296 3697 
3143307831331 3143302149923 2879 
3143307831331 3143306065341 4026 
3143307831331 3143306329705 2620 
3143307831331 3143306297943 10123 
3143307831331 3143305212626 10123 
3143307831331 3143307780621 3826 
3143307831331 3143303180166 4087 
3143307831331 3143302149893 2199 
3143307831331 3143309251553 4856 
3143307831331 3143302150026 6464 
3143307831331 3143300550108 3677 
3143307831331 3143303413578 24388 
3143307831331 3143306329632 8275 
3143307831331 3143305212588 12493 
3143307831331 3143309812083 961 
3143307831331 3143306023282 3501 
3143307831331 3143302218968 5064 
3143307831331 3143309772227 245 
3143307831331 3143302203480 4625 
3143307831331 3143302150085 4433 
3143307831331 3143300211826 8143 
3143307831331 3143302149931 5733 
3143307831331 3143309352511 1473 
3143307831331 3143309690905 5546 
3143307831331 3143307608756 4457 
3143307831331 3143306409911 3677 
3143307831331 3143307780907 7320 
3143307831331 3143309936424 6301 
3143307831331 3143309812075 2180 
3143307831331 3143303688100 2691 
3143307831331 3143303180115 2123 
3143307831331 3143305302854 2615 
3143307831331 3143302219212 1507 
3143307831331 3143302149958 6318 
3143307831331 3143307951345 1912 
3143307831331 3143302219077 5466 
3143307831331 3143302219344 7567 
3143307831331 3143307607660 6651 
3143307831331 3143302150069 2874 
3143307831331 3143307809131 3842 
3143307831331 3143300186252 8432 
3143307831331 3143307836619 1045 
3143307831331 3143305212545 7601 
3143307831331 3143302150077 4457 
3143307831331 3143302150034 4444 
3143307831331 3143305212529 23126 
3143307831331 3143302219379 43267 
3143307831331 3143305212618 23126 
3143307831331 CLU_6117 45042 
3143307831331 CLU_6298 5185 
3143307831331 CLU_6301 17724 
3143307831331 CLU_6312 6712 
3143307831331 CLU_6320 7569 
3143307831331 CLU_6326 8836 
3143307831331 CLU_6362 2821 
3143307831331 CLU_6374 7567 
3143307831331 CLU_6383 4471 
3143307831331 CLU_6385 2339 
3143307831331 CLU_6399 7367 
3143307831331 CLU_6409 41226 
3143307831331 CLU_6411 18275 
3143307831331 CLU_6413 43267 
3143307831331 CLU_6416 23126 
3143307831331 CLU_6417 62666 
3143300659134 3143309772235 3416 
3143300659134 3143309772251 2499 
3143300659134 3143309812059 3177 
3143300659134 3143305305063 3178 
3143300659134 3143307781067 2793 
3143300659134 3143305304997 2111 
3143300659134 3143307831331 1800 
3143300659134 3143300659134 0 
3143300659134 3143303180158 2580 
3143300659134 3143307821506 2942 
3143300659134 3143302150107 5043 
3143300659134 3143309775978 2942 
3143300659134 3143302219107 6625 
3143300659134 3143302219352 3989 
3143300659134 3143303180182 4598 
3143300659134 3143302150050 4686 
3143300659134 3143302150042 4062 
3143300659134 3143302219085 4415 
3143300659134 3143309812032 1410 
3143300659134 3143302149915 2852 
3143300659134 3143307299079 5974 
3143300659134 3143302150018 6076 
3143300659134 3143302218984 4909 
3143300659134 3143306065295 3856 
3143300659134 3143302219069 7456 
3143300659134 3143306629296 5494 
3143300659134 3143302149923 4560 
3143300659134 3143306065341 5695 
3143300659134 3143306329705 3794 
3143300659134 3143306297943 11285 
3143300659134 3143305212626 11285 
3143300659134 3143307780621 2243 
3143300659134 3143303180166 2942 
3143300659134 3143302149893 3940 
3143300659134 3143309251553 5719 
3143300659134 3143302150026 7286 
3143300659134 3143300550108 5336 
3143300659134 3143303413578 24260 
3143300659134 3143306329632 7399 
3143300659134 3143305212588 13998 
3143300659134 3143309812083 961 
3143300659134 3143306023282 3900 
3143300659134 3143302218968 3653 
3143300659134 3143309772227 2045 
3143300659134 3143302203480 4877 
3143300659134 3143302150085 5974 
3143300659134 3143300211826 7862 
3143300659134 3143302149931 5713 
3143300659134 3143309352511 3198 
3143300659134 3143309690905 6587 
3143300659134 3143307608756 6232 
3143300659134 3143306409911 5336 
3143300659134 3143307780907 6935 
3143300659134 3143309936424 7310 
3143300659134 3143309812075 776 
3143300659134 3143303688100 904 
3143300659134 3143303180115 2499 
3143300659134 3143305302854 3898 
3143300659134 3143302219212 2940 
3143300659134 3143302149958 5450 
3143300659134 3143307951345 1726 
3143300659134 3143302219077 6291 
3143300659134 3143302219344 7456 
3143300659134 3143307607660 5043 
3143300659134 3143302150069 4673 
3143300659134 3143307809131 4659 
3143300659134 3143300186252 8056 
3143300659134 3143307836619 1410 
3143300659134 3143305212545 8067 
3143300659134 3143302150077 6232 
3143300659134 3143302150034 6109 
3143300659134 3143305212529 22018 
3143300659134 3143302219379 41720 
3143300659134 3143305212618 22018 
3143300659134 CLU_6117 43246 
3143300659134 CLU_6298 6375 
3143300659134 CLU_6301 19250 
3143300659134 CLU_6312 6602 
3143300659134 CLU_6320 7605 
3143300659134 CLU_6326 9604 
3143300659134 CLU_6362 2113 
3143300659134 CLU_6374 7456 
3143300659134 CLU_6383 5977 
3143300659134 CLU_6385 2108 
3143300659134 CLU_6399 7607 
3143300659134 CLU_6409 39437 
3143300659134 CLU_6411 16574 
3143300659134 CLU_6413 41720 
3143300659134 CLU_6416 22018 
3143300659134 CLU_6417 61329 
3143303180158 3143309772235 2707 
3143303180158 3143309772251 3025 
3143303180158 3143309812059 1853 
3143303180158 3143305305063 4169 
3143303180158 3143307781067 4522 
3143303180158 3143305304997 3871 
3143303180158 3143307831331 3975 
3143303180158 3143300659134 2580 
3143303180158 3143303180158 0 
3143303180158 3143307821506 700 
3143303180158 3143302150107 2751 
3143303180158 3143309775978 700 
3143303180158 3143302219107 4176 
3143303180158 3143302219352 2648 
3143303180158 3143303180182 5418 
3143303180158 3143302150050 5947 
3143303180158 3143302150042 5300 
3143303180158 3143302219085 5810 
3143303180158 3143309812032 3959 
3143303180158 3143302149915 5407 
3143303180158 3143307299079 7025 
3143303180158 3143302150018 7925 
3143303180158 3143302218984 6910 
3143303180158 3143306065295 6367 
3143303180158 3143302219069 5835 
3143303180158 3143306629296 7477 
3143303180158 3143302149923 6852 
3143303180158 3143306065341 7997 
3143303180158 3143306329705 6338 
3143303180158 3143306297943 13859 
3143303180158 3143305212626 13859 
3143303180158 3143307780621 625 
3143303180158 3143303180166 700 
3143303180158 3143302149893 5650 
3143303180158 3143309251553 5693 
3143303180158 3143302150026 6989 
3143303180158 3143300550108 7651 
3143303180158 3143303413578 26250 
3143303180158 3143306329632 4976 
3143303180158 3143305212588 14595 
3143303180158 3143309812083 3031 
3143303180158 3143306023282 3685 
3143303180158 3143302218968 1095 
3143303180158 3143309772227 4183 
3143303180158 3143302203480 4145 
3143303180158 3143302150085 7025 
3143303180158 3143300211826 6003 
3143303180158 3143302149931 4419 
3143303180158 3143309352511 5444 
3143303180158 3143309690905 6709 
3143303180158 3143307608756 8320 
3143303180158 3143306409911 7651 
3143303180158 3143307780907 5019 
3143303180158 3143309936424 7302 
3143303180158 3143309812075 1872 
3143303180158 3143303688100 1958 
3143303180158 3143303180115 3025 
3143303180158 3143305302854 4864 
3143303180158 3143302219212 4378 
3143303180158 3143302149958 3117 
3143303180158 3143307951345 4271 
3143303180158 3143302219077 6120 
3143303180158 3143302219344 5835 
3143303180158 3143307607660 2751 
3143303180158 3143302150069 6586 
3143303180158 3143307809131 7238 
3143303180158 3143300186252 6078 
3143303180158 3143307836619 3959 
3143303180158 3143305212545 7170 
3143303180158 3143302150077 8320 
3143303180158 3143302150034 7419 
3143303180158 3143305212529 19442 
3143303180158 3143302219379 39291 
3143303180158 3143305212618 19442 
3143303180158 CLU_6117 41522 
3143303180158 CLU_6298 8936 
3143303180158 CLU_6301 21694 
3143303180158 CLU_6312 5065 
3143303180158 CLU_6320 6161 
3143303180158 CLU_6326 9038 
3143303180158 CLU_6362 1574 
3143303180158 CLU_6374 5835 
3143303180158 CLU_6383 8420 
3143303180158 CLU_6385 4598 
3143303180158 CLU_6399 6436 
3143303180158 CLU_6409 37625 
3143303180158 CLU_6411 14409 
3143303180158 CLU_6413 39291 
3143303180158 CLU_6416 19442 
3143303180158 CLU_6417 58775 
3143307821506 3143309772235 2164 
3143307821506 3143309772251 2772 
3143307821506 3143309812059 1251 
3143307821506 3143305305063 3925 
3143307821506 3143307781067 4460 
3143307821506 3143305304997 3861 
3143307821506 3143307831331 4087 
3143307821506 3143300659134 2942 
3143307821506 3143303180158 700 
3143307821506 3143307821506 0 
3143307821506 3143302150107 2990 
3143307821506 3143309775978 0 
3143307821506 3143302219107 3685 
3143307821506 3143302219352 1981 
3143307821506 3143303180182 5069 
3143307821506 3143302150050 5692 
3143307821506 3143302150042 5061 
3143307821506 3143302219085 5597 
3143307821506 3143309812032 4243 
3143307821506 3143302149915 5672 
3143307821506 3143307299079 6689 
3143307821506 3143302150018 7802 
3143307821506 3143302218984 6858 
3143307821506 3143306065295 6577 
3143307821506 3143302219069 5137 
3143307821506 3143306629296 7409 
3143307821506 3143302149923 6922 
3143307821506 3143306065341 8057 
3143307821506 3143306329705 6579 
3143307821506 3143306297943 14127 
3143307821506 3143305212626 14127 
3143307821506 3143307780621 1315 
3143307821506 3143303180166 0 
3143307821506 3143302149893 5533 
3143307821506 3143309251553 5153 
3143307821506 3143302150026 6383 
3143307821506 3143300550108 7721 
3143307821506 3143303413578 26873 
3143307821506 3143306329632 4467 
3143307821506 3143305212588 14091 
3143307821506 3143309812083 3196 
3143307821506 3143306023282 3180 
3143307821506 3143302218968 1183 
3143307821506 3143309772227 4270 
3143307821506 3143302203480 3521 
3143307821506 3143302150085 6689 
3143307821506 3143300211826 5324 
3143307821506 3143302149931 3728 
3143307821506 3143309352511 5523 
3143307821506 3143309690905 6177 
3143307821506 3143307608756 8280 
3143307821506 3143306409911 7721 
3143307821506 3143307780907 4343 
3143307821506 3143309936424 6738 
3143307821506 3143309812075 2176 
3143307821506 3143303688100 2478 
3143307821506 3143303180115 2772 
3143307821506 3143305302854 4575 
3143307821506 3143302219212 4241 
3143307821506 3143302149958 2545 
3143307821506 3143307951345 4668 
3143307821506 3143302219077 5546 
3143307821506 3143302219344 5137 
3143307821506 3143307607660 2990 
3143307821506 3143302150069 6510 
3143307821506 3143307809131 7572 
3143307821506 3143300186252 5416 
3143307821506 3143307836619 4243 
3143307821506 3143305212545 6491 
3143307821506 3143302150077 8280 
3143307821506 3143302150034 7143 
3143307821506 3143305212529 19119 
3143307821506 3143302219379 39244 
3143307821506 3143305212618 19119 
3143307821506 CLU_6117 41820 
3143307821506 CLU_6298 9185 
3143307821506 CLU_6301 21791 
3143307821506 CLU_6312 4364 
3143307821506 CLU_6320 5461 
3143307821506 CLU_6326 8383 
3143307821506 CLU_6362 1363 
3143307821506 CLU_6374 5137 
3143307821506 CLU_6383 8558 
3143307821506 CLU_6385 5031 
3143307821506 CLU_6399 5742 
3143307821506 CLU_6409 37894 
3143307821506 CLU_6411 14558 
3143307821506 CLU_6413 39244 
3143307821506 CLU_6416 19119 
3143307821506 CLU_6417 58581 
3143302150107 3143309772235 5087 
3143302150107 3143309772251 5732 
3143302150107 3143309812059 4155 
3143302150107 3143305305063 6886 
3143302150107 3143307781067 7270 
3143302150107 3143305304997 6610 
3143302150107 3143307831331 6651 
3143302150107 3143300659134 5043 
3143302150107 3143303180158 2751 
3143302150107 3143307821506 2990 
3143302150107 3143302150107 0 
3143302150107 3143309775978 2990 
3143302150107 3143302219107 3736 
3143302150107 3143302219352 4640 
3143302150107 3143303180182 8059 
3143302150107 3143302150050 8662 
3143302150107 3143302150042 8022 
3143302150107 3143302219085 8544 
3143302150107 3143309812032 6450 
3143302150107 3143302149915 7875 
3143302150107 3143307299079 9679 
3143302150107 3143302150018 10677 
3143302150107 3143302218984 9650 
3143302150107 3143306065295 8897 
3143302150107 3143302219069 6800 
3143302150107 3143306629296 10221 
3143302150107 3143302149923 9527 
3143302150107 3143306065341 10673 
3143302150107 3143306329705 8821 
3143302150107 3143306297943 16204 
3143302150107 3143305212626 16204 
3143302150107 3143307780621 2829 
3143302150107 3143303180166 2990 
3143302150107 3143302149893 8401 
3143302150107 3143309251553 8009 
3143302150107 3143302150026 9058 
3143302150107 3143300550108 10320 
3143302150107 3143303413578 27065 
3143302150107 3143306329632 4441 
3143302150107 3143305212588 16952 
3143302150107 3143309812083 5691 
3143302150107 3143306023282 6115 
3143302150107 3143302218968 1808 
3143302150107 3143309772227 6873 
3143302150107 3143302203480 6230 
3143302150107 3143302150085 9679 
3143302150107 3143300211826 6595 
3143302150107 3143302149931 6001 
3143302150107 3143309352511 8124 
3143302150107 3143309690905 9033 
3143302150107 3143307608756 11054 
3143302150107 3143306409911 10320 
3143302150107 3143307780907 5684 
3143302150107 3143309936424 9524 
3143302150107 3143309812075 4476 
3143302150107 3143303688100 4199 
3143302150107 3143303180115 5732 
3143302150107 3143305302854 7556 
3143302150107 3143302219212 7128 
3143302150107 3143302149958 3461 
3143302150107 3143307951345 6536 
3143302150107 3143302219077 8327 
3143302150107 3143302219344 6800 
3143302150107 3143307607660 0 
3143302150107 3143302150069 9333 
3143302150107 3143307809131 9529 
3143302150107 3143300186252 6455 
3143302150107 3143307836619 6450 
3143302150107 3143305212545 8768 
3143302150107 3143302150077 11054 
3143302150107 3143302150034 10123 
3143302150107 3143305212529 17483 
3143302150107 3143302219379 36678 
3143302150107 3143305212618 17483 
3143302150107 CLU_6117 38830 
3143302150107 CLU_6298 11363 
3143302150107 CLU_6301 24293 
3143302150107 CLU_6312 6259 
3143302150107 CLU_6320 7304 
3143302150107 CLU_6326 10791 
3143302150107 CLU_6362 4281 
3143302150107 CLU_6374 6800 
3143302150107 CLU_6383 11017 
3143302150107 CLU_6385 6755 
3143302150107 CLU_6399 7845 
3143302150107 CLU_6409 34909 
3143302150107 CLU_6411 11660 
3143302150107 CLU_6413 36678 
3143302150107 CLU_6416 17483 
3143302150107 CLU_6417 56399 
3143309775978 3143309772235 2164 
3143309775978 3143309772251 2772 
3143309775978 3143309812059 1251 
3143309775978 3143305305063 3925 
3143309775978 3143307781067 4460 
3143309775978 3143305304997 3861 
3143309775978 3143307831331 4087 
3143309775978 3143300659134 2942 
3143309775978 3143303180158 700 
3143309775978 3143307821506 0 
3143309775978 3143302150107 2990 
3143309775978 3143309775978 0 
3143309775978 3143302219107 3685 
3143309775978 3143302219352 1981 
3143309775978 3143303180182 5069 
3143309775978 3143302150050 5692 
3143309775978 3143302150042 5061 
3143309775978 3143302219085 5597 
3143309775978 3143309812032 4243 
3143309775978 3143302149915 5672 
3143309775978 3143307299079 6689 
3143309775978 3143302150018 7802 
3143309775978 3143302218984 6858 
3143309775978 3143306065295 6577 
3143309775978 3143302219069 5137 
3143309775978 3143306629296 7409 
3143309775978 3143302149923 6922 
3143309775978 3143306065341 8057 
3143309775978 3143306329705 6579 
3143309775978 3143306297943 14127 
3143309775978 3143305212626 14127 
3143309775978 3143307780621 1315 
3143309775978 3143303180166 0 
3143309775978 3143302149893 5533 
3143309775978 3143309251553 5153 
3143309775978 3143302150026 6383 
3143309775978 3143300550108 7721 
3143309775978 3143303413578 26873 
3143309775978 3143306329632 4467 
3143309775978 3143305212588 14091 
3143309775978 3143309812083 3196 
3143309775978 3143306023282 3180 
3143309775978 3143302218968 1183 
3143309775978 3143309772227 4270 
3143309775978 3143302203480 3521 
3143309775978 3143302150085 6689 
3143309775978 3143300211826 5324 
3143309775978 3143302149931 3728 
3143309775978 3143309352511 5523 
3143309775978 3143309690905 6177 
3143309775978 3143307608756 8280 
3143309775978 3143306409911 7721 
3143309775978 3143307780907 4343 
3143309775978 3143309936424 6738 
3143309775978 3143309812075 2176 
3143309775978 3143303688100 2478 
3143309775978 3143303180115 2772 
3143309775978 3143305302854 4575 
3143309775978 3143302219212 4241 
3143309775978 3143302149958 2545 
3143309775978 3143307951345 4668 
3143309775978 3143302219077 5546 
3143309775978 3143302219344 5137 
3143309775978 3143307607660 2990 
3143309775978 3143302150069 6510 
3143309775978 3143307809131 7572 
3143309775978 3143300186252 5416 
3143309775978 3143307836619 4243 
3143309775978 3143305212545 6491 
3143309775978 3143302150077 8280 
3143309775978 3143302150034 7143 
3143309775978 3143305212529 19119 
3143309775978 3143302219379 39244 
3143309775978 3143305212618 19119 
3143309775978 CLU_6117 41820 
3143309775978 CLU_6298 9185 
3143309775978 CLU_6301 21791 
3143309775978 CLU_6312 4364 
3143309775978 CLU_6320 5461 
3143309775978 CLU_6326 8383 
3143309775978 CLU_6362 1363 
3143309775978 CLU_6374 5137 
3143309775978 CLU_6383 8558 
3143309775978 CLU_6385 5031 
3143309775978 CLU_6399 5742 
3143309775978 CLU_6409 37894 
3143309775978 CLU_6411 14558 
3143309775978 CLU_6413 39244 
3143309775978 CLU_6416 19119 
3143309775978 CLU_6417 58581 
3143302219107 3143309772235 4402 
3143302219107 3143309772251 5735 
3143302219107 3143309812059 3838 
3143302219107 3143305305063 6710 
3143302219107 3143307781067 7628 
3143302219107 3143305304997 7172 
3143302219107 3143307831331 7564 
3143302219107 3143300659134 6625 
3143302219107 3143303180158 4176 
3143302219107 3143307821506 3685 
3143302219107 3143302150107 3736 
3143302219107 3143309775978 3685 
3143302219107 3143302219107 0 
3143302219107 3143302219352 3532 
3143302219107 3143303180182 7329 
3143302219107 3143302150050 8229 
3143302219107 3143302150042 7718 
3143302219107 3143302219085 8278 
3143302219107 3143309812032 7882 
3143302219107 3143302149915 9279 
3143302219107 3143307299079 8817 
3143302219107 3143302150018 10618 
3143302219107 3143302218984 9908 
3143302219107 3143306065295 10113 
3143302219107 3143302219069 3546 
3143302219107 3143306629296 10392 
3143302219107 3143302149923 10233 
3143302219107 3143306065341 11318 
3143302219107 3143306329705 10152 
3143302219107 3143306297943 17686 
3143302219107 3143305212626 17686 
3143302219107 3143307780621 4737 
3143302219107 3143303180166 3685 
3143302219107 3143302149893 8495 
3143302219107 3143309251553 6398 
3143302219107 3143302150026 6842 
3143302219107 3143300550108 11012 
3143302219107 3143303413578 30314 
3143302219107 3143306329632 806 
3143302219107 3143305212588 14828 
3143302219107 3143309812083 6767 
3143302219107 3143306023282 5169 
3143302219107 3143302218968 3368 
3143302219107 3143309772227 7706 
3143302219107 3143302203480 4581 
3143302219107 3143302150085 8817 
3143302219107 3143300211826 3071 
3143302219107 3143302149931 3655 
3143302219107 3143309352511 8895 
3143302219107 3143309690905 7295 
3143302219107 3143307608756 11304 
3143302219107 3143306409911 11012 
3143302219107 3143307780907 2356 
3143302219107 3143309936424 7529 
3143302219107 3143309812075 5853 
3143302219107 3143303688100 6126 
3143302219107 3143303180115 5735 
3143302219107 3143305302854 7123 
3143302219107 3143302219212 7262 
3143302219107 3143302149958 1254 
3143302219107 3143307951345 8351 
3143302219107 3143302219077 6450 
3143302219107 3143302219344 3546 
3143302219107 3143307607660 3736 
3143302219107 3143302150069 9516 
3143302219107 3143307809131 11220 
3143302219107 3143300186252 2821 
3143302219107 3143307836619 7882 
3143302219107 3143305212545 5926 
3143302219107 3143302150077 11304 
3143302219107 3143302150034 9476 
3143302219107 3143305212529 15571 
3143302219107 3143302219379 36385 
3143302219107 3143305212618 15571 
3143302219107 CLU_6117 40481 
3143302219107 CLU_6298 12744 
3143302219107 CLU_6301 24999 
3143302219107 CLU_6312 3348 
3143302219107 CLU_6320 4148 
3143302219107 CLU_6326 7971 
3143302219107 CLU_6362 4753 
3143302219107 CLU_6374 3546 
3143302219107 CLU_6383 11957 
3143302219107 CLU_6385 8717 
3143302219107 CLU_6399 4894 
3143302219107 CLU_6409 36416 
3143302219107 CLU_6411 12769 
3143302219107 CLU_6413 36385 
3143302219107 CLU_6416 15571 
3143302219107 CLU_6417 55262 
3143302219352 3143309772235 885 
3143302219352 3143309772251 2298 
3143302219352 3143309812059 874 
3143302219352 3143305305063 3185 
3143302219352 3143307781067 4176 
3143302219352 3143305304997 3818 
3143302219352 3143307831331 4335 
3143302219352 3143300659134 3989 
3143302219352 3143303180158 2648 
3143302219352 3143307821506 1981 
3143302219352 3143302150107 4640 
3143302219352 3143309775978 1981 
3143302219352 3143302219107 3532 
3143302219352 3143302219352 0 
3143302219352 3143303180182 3859 
3143302219352 3143302150050 4715 
3143302219352 3143302150042 4188 
3143302219352 3143302219085 4749 
3143302219352 3143309812032 4919 
3143302219352 3143302149915 6167 
3143302219352 3143307299079 5421 
3143302219352 3143302150018 7087 
3143302219352 3143302218984 6390 
3143302219352 3143306065295 6860 
3143302219352 3143302219069 3472 
3143302219352 3143306629296 6864 
3143302219352 3143302149923 6794 
3143302219352 3143306065341 7845 
3143302219352 3143306329705 6952 
3143302219352 3143306297943 14376 
3143302219352 3143305212626 14376 
3143302219352 3143307780621 3208 
3143302219352 3143303180166 1981 
3143302219352 3143302149893 4973 
3143302219352 3143309251553 3385 
3143302219352 3143302150026 4453 
3143302219352 3143300550108 7553 
3143302219352 3143303413578 28249 
3143302219352 3143306329632 4122 
3143302219352 3143305212588 12314 
3143302219352 3143309812083 3737 
3143302219352 3143306023282 1693 
3143302219352 3143302218968 2941 
3143302219352 3143309772227 4425 
3143302219352 3143302203480 1595 
3143302219352 3143302150085 5421 
3143302219352 3143300211826 3892 
3143302219352 3143302149931 1819 
3143302219352 3143309352511 5517 
3143302219352 3143309690905 4403 
3143302219352 3143307608756 7777 
3143302219352 3143306409911 7553 
3143302219352 3143307780907 3007 
3143302219352 3143309936424 4884 
3143302219352 3143309812075 3273 
3143302219352 3143303688100 3929 
3143302219352 3143303180115 2298 
3143302219352 3143305302854 3597 
3143302219352 3143302219212 3771 
3143302219352 3143302149958 2317 
3143302219352 3143307951345 5594 
3143302219352 3143302219077 3686 
3143302219352 3143302219344 3472 
3143302219352 3143307607660 4640 
3143302219352 3143302150069 5994 
3143302219352 3143307809131 8160 
3143302219352 3143300186252 4130 
3143302219352 3143307836619 4919 
3143302219352 3143305212545 4522 
3143302219352 3143302150077 7777 
3143302219352 3143302150034 6023 
3143302219352 3143305212529 19014 
3143302219352 3143302219379 39877 
3143302219352 3143305212618 19014 
3143302219352 CLU_6117 43272 
3143302219352 CLU_6298 9475 
3143302219352 CLU_6301 21478 
3143302219352 CLU_6312 2626 
3143302219352 CLU_6320 3670 
3143302219352 CLU_6326 6402 
3143302219352 CLU_6362 1883 
3143302219352 CLU_6374 3472 
3143302219352 CLU_6383 8547 
3143302219352 CLU_6385 6026 
3143302219352 CLU_6399 3828 
3143302219352 CLU_6409 39287 
3143302219352 CLU_6411 15759 
3143302219352 CLU_6413 39877 
3143302219352 CLU_6416 19014 
3143302219352 CLU_6417 58781 
3143303180182 3143309772235 3098 
3143303180182 3143309772251 2425 
3143303180182 3143309812059 3973 
3143303180182 3143305305063 1424 
3143303180182 3143307781067 2221 
3143303180182 3143305304997 2653 
3143303180182 3143307831331 3308 
3143303180182 3143300659134 4598 
3143303180182 3143303180158 5418 
3143303180182 3143307821506 5069 
3143303180182 3143302150107 8059 
3143303180182 3143309775978 5069 
3143303180182 3143302219107 7329 
3143303180182 3143302219352 3859 
3143303180182 3143303180182 0 
3143303180182 3143302150050 1009 
3143303180182 3143302150042 914 
3143303180182 3143302219085 1249 
3143303180182 3143309812032 4353 
3143303180182 3143302149915 4747 
3143303180182 3143307299079 1620 
3143303180182 3143302150018 3432 
3143303180182 3143302218984 3137 
3143303180182 3143306065295 4835 
3143303180182 3143302219069 5787 
3143303180182 3143306629296 3432 
3143303180182 3143302149923 4031 
3143303180182 3143306065341 4777 
3143303180182 3143306329705 5073 
3143303180182 3143306297943 11573 
3143303180182 3143305212626 11573 
3143303180182 3143307780621 5654 
3143303180182 3143303180166 5069 
3143303180182 3143302149893 1946 
3143303180182 3143309251553 1911 
3143303180182 3143302150026 3392 
3143303180182 3143300550108 4593 
3143303180182 3143303413578 27315 
3143303180182 3143306329632 7818 
3143303180182 3143305212588 9421 
3143303180182 3143309812083 3679 
3143303180182 3143306023282 2170 
3143303180182 3143302218968 6251 
3143303180182 3143309772227 3160 
3143303180182 3143302203480 2904 
3143303180182 3143302150085 1620 
3143303180182 3143300211826 6588 
3143303180182 3143302149931 4145 
3143303180182 3143309352511 3356 
3143303180182 3143309690905 2309 
3143303180182 3143307608756 4312 
3143303180182 3143306409911 4593 
3143303180182 3143307780907 6068 
3143303180182 3143309936424 3062 
3143303180182 3143309812075 4438 
3143303180182 3143303688100 5251 
3143303180182 3143303180115 2425 
3143303180182 3143305302854 708 
3143303180182 3143302219212 1801 
3143303180182 3143302149958 6160 
3143303180182 3143307951345 5221 
3143303180182 3143302219077 2482 
3143303180182 3143302219344 5787 
3143303180182 3143307607660 8059 
3143303180182 3143302150069 2738 
3143303180182 3143307809131 6450 
3143303180182 3143300186252 7010 
3143303180182 3143307836619 4353 
3143303180182 3143305212545 4899 
3143303180182 3143302150077 4312 
3143303180182 3143302150034 2163 
3143303180182 3143305212529 22528 
3143303180182 3143302219379 43712 
3143303180182 3143305212618 22528 
3143303180182 CLU_6117 46889 
3143303180182 CLU_6298 7039 
3143303180182 CLU_6301 17905 
3143303180182 CLU_6312 5067 
3143303180182 CLU_6320 5537 
3143303180182 CLU_6326 5721 
3143303180182 CLU_6362 3847 
3143303180182 CLU_6374 5787 
3143303180182 CLU_6383 5713 
3143303180182 CLU_6385 5642 
3143303180182 CLU_6399 5028 
3143303180182 CLU_6409 42955 
3143303180182 CLU_6411 19533 
3143303180182 CLU_6413 43712 
3143303180182 CLU_6416 22528 
3143303180182 CLU_6417 62424 
3143302150050 3143309772235 3895 
3143302150050 3143309772251 2930 
3143302150050 3143309812059 4703 
3143302150050 3143305305063 1777 
3143302150050 3143307781067 1966 
3143302150050 3143305304997 2588 
3143302150050 3143307831331 3116 
3143302150050 3143300659134 4686 
3143302150050 3143303180158 5947 
3143302150050 3143307821506 5692 
3143302150050 3143302150107 8662 
3143302150050 3143309775978 5692 
3143302150050 3143302219107 8229 
3143302150050 3143302219352 4715 
3143302150050 3143303180182 1009 
3143302150050 3143302150050 0 
3143302150050 3143302150042 654 
3143302150050 3143302219085 379 
3143302150050 3143309812032 4134 
3143302150050 3143302149915 4221 
3143302150050 3143307299079 1317 
3143302150050 3143302150018 2438 
3143302150050 3143302218984 2163 
3143302150050 3143306065295 4121 
3143302150050 3143302219069 6796 
3143302150050 3143306629296 2426 
3143302150050 3143302149923 3148 
3143302150050 3143306065341 3805 
3143302150050 3143306329705 4388 
3143302150050 3143306297943 10595 
3143302150050 3143305212626 10595 
3143302150050 3143307780621 6092 
3143302150050 3143303180166 5692 
3143302150050 3143302149893 1191 
3143302150050 3143309251553 2855 
3143302150050 3143302150026 4218 
3143302150050 3143300550108 3645 
3143302150050 3143303413578 26599 
3143302150050 3143306329632 8751 
3143302150050 3143305212588 9378 
3143302150050 3143309812083 3727 
3143302150050 3143306023282 3063 
3143302150050 3143302218968 6869 
3143302150050 3143309772227 2914 
3143302150050 3143302203480 3892 
3143302150050 3143302150085 1317 
3143302150050 3143300211826 7595 
3143302150050 3143302149931 5143 
3143302150050 3143309352511 2733 
3143302150050 3143309690905 3042 
3143302150050 3143307608756 3303 
3143302150050 3143306409911 3645 
3143302150050 3143307780907 7060 
3143302150050 3143309936424 3754 
3143302150050 3143309812075 4693 
3143302150050 3143303688100 5451 
3143302150050 3143303180115 2930 
3143302150050 3143305302854 1138 
3143302150050 3143302219212 1748 
3143302150050 3143302149958 7032 
3143302150050 3143307951345 4964 
3143302150050 3143302219077 3385 
3143302150050 3143302219344 6796 
3143302150050 3143307607660 8662 
3143302150050 3143302150069 1779 
3143302150050 3143307809131 5747 
3143302150050 3143300186252 8015 
3143302150050 3143307836619 4134 
3143302150050 3143305212545 5829 
3143302150050 3143302150077 3303 
3143302150050 3143302150034 1479 
3143302150050 3143305212529 23511 
3143302150050 3143302219379 44592 
3143302150050 3143305212618 23511 
3143302150050 CLU_6117 47470 
3143302150050 CLU_6298 6152 
3143302150050 CLU_6301 16917 
3143302150050 CLU_6312 6073 
3143302150050 CLU_6320 6543 
3143302150050 CLU_6326 6468 
3143302150050 CLU_6362 4383 
3143302150050 CLU_6374 6796 
3143302150050 CLU_6383 4769 
3143302150050 CLU_6385 5348 
3143302150050 CLU_6399 6015 
3143302150050 CLU_6409 43568 
3143302150050 CLU_6411 20239 
3143302150050 CLU_6413 44592 
3143302150050 CLU_6416 23511 
3143302150050 CLU_6417 63389 
3143302150042 3143309772235 3340 
3143302150042 3143309772251 2291 
3143302150042 3143309812059 4110 
3143302150042 3143305305063 1136 
3143302150042 3143307781067 1423 
3143302150042 3143305304997 1986 
3143302150042 3143307831331 2566 
3143302150042 3143300659134 4062 
3143302150042 3143303180158 5300 
3143302150042 3143307821506 5061 
3143302150042 3143302150107 8022 
3143302150042 3143309775978 5061 
3143302150042 3143302219107 7718 
3143302150042 3143302219352 4188 
3143302150042 3143303180182 914 
3143302150042 3143302150050 654 
3143302150042 3143302150042 0 
3143302150042 3143302219085 562 
3143302150042 3143309812032 3605 
3143302150042 3143302149915 3865 
3143302150042 3143307299079 1911 
3143302150042 3143302150018 2899 
3143302150042 3143302218984 2357 
3143302150042 3143306065295 3920 
3143302150042 3143302219069 6518 
3143302150042 3143306629296 2741 
3143302150042 3143302149923 3151 
3143302150042 3143306065341 3970 
3143302150042 3143306329705 4161 
3143302150042 3143306297943 10754 
3143302150042 3143305212626 10754 
3143302150042 3143307780621 5438 
3143302150042 3143303180166 5061 
3143302150042 3143302149893 1052 
3143302150042 3143309251553 2807 
3143302150042 3143302150026 4307 
3143302150042 3143300550108 3758 
3143302150042 3143303413578 26403 
3143302150042 3143306329632 8271 
3143302150042 3143305212588 9960 
3143302150042 3143309812083 3107 
3143302150042 3143306023282 2591 
3143302150042 3143302218968 6234 
3143302150042 3143309772227 2385 
3143302150042 3143302203480 3529 
3143302150042 3143302150085 1911 
3143302150042 3143300211826 7281 
3143302150042 3143302149931 4793 
3143302150042 3143309352511 2447 
3143302150042 3143309690905 3210 
3143302150042 3143307608756 3651 
3143302150042 3143306409911 3758 
3143302150042 3143307780907 6683 
3143302150042 3143309936424 3956 
3143302150042 3143309812075 4044 
3143302150042 3143303688100 4810 
3143302150042 3143303180115 2291 
3143302150042 3143305302854 606 
3143302150042 3143302219212 1123 
3143302150042 3143302149958 6503 
3143302150042 3143307951345 4456 
3143302150042 3143302219077 3390 
3143302150042 3143302219344 6518 
3143302150042 3143307607660 8022 
3143302150042 3143302150069 1948 
3143302150042 3143307809131 5537 
3143302150042 3143300186252 7680 
3143302150042 3143307836619 3605 
3143302150042 3143305212545 5789 
3143302150042 3143302150077 3651 
3143302150042 3143302150034 2134 
3143302150042 3143305212529 23091 
3143302150042 3143302219379 44048 
3143302150042 3143305212618 23091 
3143302150042 CLU_6117 46821 
3143302150042 CLU_6298 6151 
3143302150042 CLU_6301 17341 
3143302150042 CLU_6312 5755 
3143302150042 CLU_6320 6318 
3143302150042 CLU_6326 6631 
3143302150042 CLU_6362 3741 
3143302150042 CLU_6374 6518 
3143302150042 CLU_6383 4867 
3143302150042 CLU_6385 4859 
3143302150042 CLU_6399 5862 
3143302150042 CLU_6409 42924 
3143302150042 CLU_6411 19617 
3143302150042 CLU_6413 44048 
3143302150042 CLU_6416 23091 
3143302150042 CLU_6417 62934 
3143302219085 3143309772235 3902 
3143302219085 3143309772251 2824 
3143302219085 3143309812059 4666 
3143302219085 3143305305063 1674 
3143302219085 3143307781067 1651 
3143302219085 3143305304997 2304 
3143302219085 3143307831331 2791 
3143302219085 3143300659134 4415 
3143302219085 3143303180158 5810 
3143302219085 3143307821506 5597 
3143302219085 3143302150107 8544 
3143302219085 3143309775978 5597 
3143302219085 3143302219107 8278 
3143302219085 3143302219352 4749 
3143302219085 3143303180182 1249 
3143302219085 3143302150050 379 
3143302219085 3143302150042 562 
3143302219085 3143302219085 0 
3143302219085 3143309812032 3796 
3143302219085 3143302149915 3844 
3143302219085 3143307299079 1660 
3143302219085 3143302150018 2340 
3143302219085 3143302218984 1889 
3143302219085 3143306065295 3746 
3143302219085 3143302219069 7000 
3143302219085 3143306629296 2220 
3143302219085 3143302149923 2810 
3143302219085 3143306065341 3528 
3143302219085 3143306329705 4012 
3143302219085 3143306297943 10323 
3143302219085 3143305212626 10323 
3143302219085 3143307780621 5919 
3143302219085 3143303180166 5597 
3143302219085 3143302149893 812 
3143302219085 3143309251553 3148 
3143302219085 3143302150026 4557 
3143302219085 3143300550108 3345 
3143302219085 3143303413578 26230 
3143302219085 3143306329632 8827 
3143302219085 3143305212588 9706 
3143302219085 3143309812083 3454 
3143302219085 3143306023282 3141 
3143302219085 3143302218968 6764 
3143302219085 3143309772227 2580 
3143302219085 3143302203480 4044 
3143302219085 3143302150085 1660 
3143302219085 3143300211826 7781 
3143302219085 3143302149931 5305 
3143302219085 3143309352511 2353 
3143302219085 3143309690905 3396 
3143302219085 3143307608756 3122 
3143302219085 3143306409911 3345 
3143302219085 3143307780907 7208 
3143302219085 3143309936424 4117 
3143302219085 3143309812075 4470 
3143302219085 3143303688100 5205 
3143302219085 3143303180115 2824 
3143302219085 3143305302854 1157 
3143302219085 3143302219212 1504 
3143302219085 3143302149958 7064 
3143302219085 3143307951345 4616 
3143302219085 3143302219077 3698 
3143302219085 3143302219344 7000 
3143302219085 3143307607660 8544 
3143302219085 3143302150069 1489 
3143302219085 3143307809131 5373 
3143302219085 3143300186252 8189 
3143302219085 3143307836619 3796 
3143302219085 3143305212545 6133 
3143302219085 3143302150077 3122 
3143302219085 3143302150034 1696 
3143302219085 3143305212529 23633 
3143302219085 3143302219379 44609 
3143302219085 3143305212618 23633 
3143302219085 CLU_6117 47323 
3143302219085 CLU_6298 5820 
3143302219085 CLU_6301 16795 
3143302219085 CLU_6312 6255 
3143302219085 CLU_6320 6773 
3143302219085 CLU_6326 6827 
3143302219085 CLU_6362 4264 
3143302219085 CLU_6374 7000 
3143302219085 CLU_6383 4467 
3143302219085 CLU_6385 4992 
3143302219085 CLU_6399 6277 
3143302219085 CLU_6409 43435 
3143302219085 CLU_6411 20155 
3143302219085 CLU_6413 44609 
3143302219085 CLU_6416 23633 
3143302219085 CLU_6417 63486 
3143309812032 3143309772235 4183 
3143309812032 3143309772251 2909 
3143309812032 3143309812059 4214 
3143309812032 3143305305063 3071 
3143309812032 3143307781067 2182 
3143309812032 3143305304997 1718 
3143309812032 3143307831331 1045 
3143309812032 3143300659134 1410 
3143309812032 3143303180158 3959 
3143309812032 3143307821506 4243 
3143309812032 3143302150107 6450 
3143309812032 3143309775978 4243 
3143309812032 3143302219107 7882 
3143309812032 3143302219352 4919 
3143309812032 3143303180182 4353 
3143309812032 3143302150050 4134 
3143309812032 3143302150042 3605 
3143309812032 3143302219085 3796 
3143309812032 3143309812032 0 
3143309812032 3143302149915 1448 
3143309812032 3143307299079 5450 
3143309812032 3143302150018 5023 
3143309812032 3143302218984 3801 
3143309812032 3143306065295 2447 
3143309812032 3143302219069 8292 
3143309812032 3143306629296 4374 
3143309812032 3143302149923 3258 
3143309812032 3143306065341 4367 
3143309812032 3143306329705 2386 
3143309812032 3143306297943 9903 
3143309812032 3143305212626 9903 
3143309812032 3143307780621 3652 
3143309812032 3143303180166 4243 
3143309812032 3143302149893 3137 
3143309812032 3143309251553 5855 
3143309812032 3143302150026 7464 
3143309812032 3143300550108 4006 
3143309812032 3143303413578 23511 
3143309812032 3143306329632 8635 
3143309812032 3143305212588 13501 
3143309812032 3143309812083 1181 
3143309812032 3143306023282 4355 
3143309812032 3143302218968 5045 
3143309812032 3143309772227 1222 
3143309812032 3143302203480 5452 
3143309812032 3143302150085 5450 
3143309812032 3143300211826 8801 
3143309812032 3143302149931 6476 
3143309812032 3143309352511 1998 
3143309812032 3143309690905 6576 
3143309812032 3143307608756 5022 
3143309812032 3143306409911 4006 
3143309812032 3143307780907 7926 
3143309812032 3143309936424 7329 
3143309812032 3143309812075 2091 
3143309812032 3143303688100 2267 
3143309812032 3143303180115 2909 
3143309812032 3143305302854 3657 
3143309812032 3143302219212 2551 
3143309812032 3143302149958 6669 
3143309812032 3143307951345 872 
3143309812032 3143302219077 6461 
3143309812032 3143302219344 8292 
3143309812032 3143307607660 6450 
3143309812032 3143302150069 3643 
3143309812032 3143307809131 3337 
3143309812032 3143300186252 9049 
3143309812032 3143307836619 0 
3143309812032 3143305212545 8523 
3143309812032 3143302150077 5022 
3143309812032 3143302150034 5410 
3143309812032 3143305212529 23360 
3143309812032 3143302219379 43128 
3143309812032 3143305212618 23360 
3143309812032 CLU_6117 44451 
3143309812032 CLU_6298 4977 
3143309812032 CLU_6301 17845 
3143309812032 CLU_6312 7430 
3143309812032 CLU_6320 8350 
3143309812032 CLU_6326 9833 
3143309812032 CLU_6362 3173 
3143309812032 CLU_6374 8292 
3143309812032 CLU_6383 4582 
3143309812032 CLU_6385 1313 
3143309812032 CLU_6399 8219 
3143309812032 CLU_6409 40677 
3143309812032 CLU_6411 17938 
3143309812032 CLU_6413 43128 
3143309812032 CLU_6416 23360 
3143309812032 CLU_6417 62729 
3143302149915 3143309772235 5365 
3143302149915 3143309772251 3977 
3143302149915 3143309812059 5535 
3143302149915 3143305305063 3749 
3143302149915 3143307781067 2575 
3143302149915 3143305304997 2493 
3143302149915 3143307831331 1854 
3143302149915 3143300659134 2852 
3143302149915 3143303180158 5407 
3143302149915 3143307821506 5672 
3143302149915 3143302150107 7875 
3143302149915 3143309775978 5672 
3143302149915 3143302219107 9279 
3143302149915 3143302219352 6167 
3143302149915 3143303180182 4747 
3143302149915 3143302150050 4221 
3143302149915 3143302150042 3865 
3143302149915 3143302219085 3844 
3143302149915 3143309812032 1448 
3143302149915 3143302149915 0 
3143302149915 3143307299079 5459 
3143302149915 3143302150018 4347 
3143302149915 3143302218984 3129 
3143302149915 3143306065295 1061 
3143302149915 3143302219069 9420 
3143302149915 3143306629296 3628 
3143302149915 3143302149923 2227 
3143302149915 3143306065341 3201 
3143302149915 3143306329705 945 
3143302149915 3143306297943 8459 
3143302149915 3143305212626 8459 
3143302149915 3143307780621 5095 
3143302149915 3143303180166 5672 
3143302149915 3143302149893 3048 
3143302149915 3143309251553 6499 
3143302149915 3143302150026 8084 
3143302149915 3143300550108 2850 
3143302149915 3143303413578 22640 
3143302149915 3143306329632 10017 
3143302149915 3143305212588 13323 
3143302149915 3143309812083 2512 
3143302149915 3143306023282 5331 
3143302149915 3143302218968 6493 
3143302149915 3143309772227 1829 
3143302149915 3143302203480 6460 
3143302149915 3143302150085 5459 
3143302149915 3143300211826 9996 
3143302149915 3143302149931 7585 
3143302149915 3143309352511 1512 
3143302149915 3143309690905 7056 
3143302149915 3143307608756 4075 
3143302149915 3143306409911 2850 
3143302149915 3143307780907 9164 
3143302149915 3143309936424 7809 
3143302149915 3143309812075 3537 
3143302149915 3143303688100 3677 
3143302149915 3143303180115 3977 
3143302149915 3143305302854 4132 
3143302149915 3143302219212 3074 
3143302149915 3143302149958 8051 
3143302149915 3143307951345 1512 
3143302149915 3143302219077 7109 
3143302149915 3143302219344 9420 
3143302149915 3143307607660 7875 
3143302149915 3143302150069 3127 
3143302149915 3143307809131 1992 
3143302149915 3143300186252 10279 
3143302149915 3143307836619 1448 
3143302149915 3143305212545 9355 
3143302149915 3143302150077 4075 
3143302149915 3143302150034 5209 
3143302149915 3143305212529 24790 
3143302149915 3143302219379 44547 
3143302149915 3143305212618 24790 
3143302149915 CLU_6117 45594 
3143302149915 CLU_6298 3528 
3143302149915 CLU_6301 16437 
3143302149915 CLU_6312 8565 
3143302149915 CLU_6320 9412 
3143302149915 CLU_6326 10445 
3143302149915 CLU_6362 4534 
3143302149915 CLU_6374 9420 
3143302149915 CLU_6383 3228 
3143302149915 CLU_6385 1605 
3143302149915 CLU_6399 9181 
3143302149915 CLU_6409 41862 
3143302149915 CLU_6411 19289 
3143302149915 CLU_6413 44547 
3143302149915 CLU_6416 24790 
3143302149915 CLU_6417 64177 
3143307299079 3143309772235 4698 
3143307299079 3143309772251 4010 
3143307299079 3143309812059 5588 
3143307299079 3143305305063 2916 
3143307299079 3143307781067 3283 
3143307299079 3143305304997 3892 
3143307299079 3143307831331 4433 
3143307299079 3143300659134 5974 
3143307299079 3143303180158 7025 
3143307299079 3143307821506 6689 
3143307299079 3143302150107 9679 
3143307299079 3143309775978 6689 
3143307299079 3143302219107 8817 
3143307299079 3143302219352 5421 
3143307299079 3143303180182 1620 
3143307299079 3143302150050 1317 
3143307299079 3143302150042 1911 
3143307299079 3143302219085 1660 
3143307299079 3143309812032 5450 
3143307299079 3143302149915 5459 
3143307299079 3143307299079 0 
3143307299079 3143302150018 2579 
3143307299079 3143302218984 2911 
3143307299079 3143306065295 5229 
3143307299079 3143302219069 6864 
3143307299079 3143306629296 2919 
3143307299079 3143302149923 4066 
3143307299079 3143306065341 4440 
3143307299079 3143306329705 5516 
3143307299079 3143306297943 11073 
3143307299079 3143305212626 11073 
3143307299079 3143307780621 7235 
3143307299079 3143303180166 6689 
3143307299079 3143302149893 2416 
3143307299079 3143309251553 2715 
3143307299079 3143302150026 3656 
3143307299079 3143300550108 4375 
3143307299079 3143303413578 27598 
3143307299079 3143306329632 9250 
3143307299079 3143305212588 8061 
3143307299079 3143309812083 5019 
3143307299079 3143306023282 3729 
3143307299079 3143302218968 7871 
3143307299079 3143309772227 4231 
3143307299079 3143302203480 4268 
3143307299079 3143302150085 0 
3143307299079 3143300211826 7721 
3143307299079 3143302149931 5422 
3143307299079 3143309352511 3949 
3143307299079 3143309690905 2433 
3143307299079 3143307608756 3617 
3143307299079 3143306409911 4375 
3143307299079 3143307780907 7338 
3143307299079 3143309936424 3002 
3143307299079 3143309812075 5925 
3143307299079 3143303688100 6708 
3143307299079 3143303180115 4010 
3143307299079 3143305302854 2181 
3143307299079 3143302219212 3035 
3143307299079 3143302149958 7688 
3143307299079 3143307951345 6276 
3143307299079 3143302219077 3067 
3143307299079 3143302219344 6864 
3143307299079 3143307607660 9679 
3143307299079 3143302150069 2628 
3143307299079 3143307809131 6836 
3143307299079 3143300186252 8179 
3143307299079 3143307836619 5450 
3143307299079 3143305212545 5437 
3143307299079 3143302150077 3617 
3143307299079 3143302150034 793 
3143307299079 3143305212529 23777 
3143307299079 3143302219379 45190 
3143307299079 3143305212618 23777 
3143307299079 CLU_6117 48509 
3143307299079 CLU_6298 6964 
3143307299079 CLU_6301 16757 
3143307299079 CLU_6312 6250 
3143307299079 CLU_6320 6504 
3143307299079 CLU_6326 5672 
3143307299079 CLU_6362 5451 
3143307299079 CLU_6374 6864 
3143307299079 CLU_6383 5468 
3143307299079 CLU_6385 6652 
3143307299079 CLU_6399 5845 
3143307299079 CLU_6409 44575 
3143307299079 CLU_6411 21140 
3143307299079 CLU_6413 45190 
3143307299079 CLU_6416 23777 
3143307299079 CLU_6417 63722 
3143302150018 3143309772235 6233 
3143302150018 3143309772251 5063 
3143302150018 3143309812059 6962 
3143302150018 3143305305063 3954 
3143302150018 3143307781067 3418 
3143302150018 3143305304997 4104 
3143302150018 3143307831331 4277 
3143302150018 3143300659134 6076 
3143302150018 3143303180158 7925 
3143302150018 3143307821506 7802 
3143302150018 3143302150107 10677 
3143302150018 3143309775978 7802 
3143302150018 3143302219107 10618 
3143302150018 3143302219352 7087 
3143302150018 3143303180182 3432 
3143302150018 3143302150050 2438 
3143302150018 3143302150042 2899 
3143302150018 3143302219085 2340 
3143302150018 3143309812032 5023 
3143302150018 3143302149915 4347 
3143302150018 3143307299079 2579 
3143302150018 3143302150018 0 
3143302150018 3143302218984 1236 
3143302150018 3143306065295 3664 
3143302150018 3143302219069 9197 
3143302150018 3143306629296 732 
3143302150018 3143302149923 2248 
3143302150018 3143306065341 2074 
3143302150018 3143306329705 3974 
3143302150018 3143306297943 8500 
3143302150018 3143305212626 8500 
3143302150018 3143307780621 7934 
3143302150018 3143303180166 7802 
3143302150018 3143302149893 2276 
3143302150018 3143309251553 5129 
3143302150018 3143302150026 6230 
3143302150018 3143300550108 2146 
3143302150018 3143303413578 25377 
3143302150018 3143306329632 11166 
3143302150018 3143305212588 9213 
3143302150018 3143309812083 5176 
3143302150018 3143306023282 5477 
3143302150018 3143302218968 8940 
3143302150018 3143309772227 4031 
3143302150018 3143302203480 6330 
3143302150018 3143302150085 2579 
3143302150018 3143300211826 10012 
3143302150018 3143302149931 7577 
3143302150018 3143309352511 3041 
3143302150018 3143309690905 5004 
3143302150018 3143307608756 1051 
3143302150018 3143306409911 2146 
3143302150018 3143307780907 9497 
3143302150018 3143309936424 5578 
3143302150018 3143309812075 6352 
3143302150018 3143303688100 6959 
3143302150018 3143303180115 5063 
3143302150018 3143305302854 3497 
3143302150018 3143302219212 3562 
3143302150018 3143302149958 9400 
3143302150018 3143307951345 5639 
3143302150018 3143302219077 5570 
3143302150018 3143302219344 9197 
3143302150018 3143307607660 10677 
3143302150018 3143302150069 1403 
3143302150018 3143307809131 5055 
3143302150018 3143300186252 10440 
3143302150018 3143307836619 5023 
3143302150018 3143305212545 7988 
3143302150018 3143302150077 1051 
3143302150018 3143302150034 1830 
3143302150018 3143305212529 25949 
3143302150018 3143302219379 46930 
3143302150018 3143305212618 25949 
3143302150018 CLU_6117 49299 
3143302150018 CLU_6298 4660 
3143302150018 CLU_6301 14478 
3143302150018 CLU_6312 8496 
3143302150018 CLU_6320 8906 
3143302150018 CLU_6326 8219 
3143302150018 CLU_6362 6443 
3143302150018 CLU_6374 9197 
3143302150018 CLU_6383 3097 
3143302150018 CLU_6385 5883 
3143302150018 CLU_6399 8316 
3143302150018 CLU_6409 45461 
3143302150018 CLU_6411 22332 
3143302150018 CLU_6413 46930 
3143302150018 CLU_6416 25949 
3143302150018 CLU_6417 65820 
3143302218984 3143309772235 5509 
3143302218984 3143309772251 4209 
3143302218984 3143309812059 6139 
3143302218984 3143305305063 3205 
3143302218984 3143307781067 2398 
3143302218984 3143305304997 3040 
3143302218984 3143307831331 3112 
3143302218984 3143300659134 4909 
3143302218984 3143303180158 6910 
3143302218984 3143307821506 6858 
3143302218984 3143302150107 9650 
3143302218984 3143309775978 6858 
3143302218984 3143302219107 9908 
3143302218984 3143302219352 6390 
3143302218984 3143303180182 3137 
3143302218984 3143302150050 2163 
3143302218984 3143302150042 2357 
3143302218984 3143302219085 1889 
3143302218984 3143309812032 3801 
3143302218984 3143302149915 3129 
3143302218984 3143307299079 2911 
3143302218984 3143302150018 1236 
3143302218984 3143302218984 0 
3143302218984 3143306065295 2537 
3143302218984 3143302219069 8874 
3143302218984 3143306629296 585 
3143302218984 3143302149923 1194 
3143302218984 3143306065341 1642 
3143302218984 3143306329705 2846 
3143302218984 3143306297943 8436 
3143302218984 3143305212626 8436 
3143302218984 3143307780621 6863 
3143302218984 3143303180166 6858 
3143302218984 3143302149893 1417 
3143302218984 3143309251553 5018 
3143302218984 3143302150026 6348 
3143302218984 3143300550108 1496 
3143302218984 3143303413578 24695 
3143302218984 3143306329632 10511 
3143302218984 3143305212588 10289 
3143302218984 3143309812083 4043 
3143302218984 3143306023282 4899 
3143302218984 3143302218968 7958 
3143302218984 3143309772227 2868 
3143302218984 3143302203480 5883 
3143302218984 3143302150085 2911 
3143302218984 3143300211826 9638 
3143302218984 3143302149931 7147 
3143302218984 3143309352511 1809 
3143302218984 3143309690905 5143 
3143302218984 3143307608756 1422 
3143302218984 3143306409911 1496 
3143302218984 3143307780907 9025 
3143302218984 3143309936424 5813 
3143302218984 3143309812075 5246 
3143302218984 3143303688100 5803 
3143302218984 3143303180115 4209 
3143302218984 3143305302854 2950 
3143302218984 3143302219212 2665 
3143302218984 3143302149958 8666 
3143302218984 3143307951345 4403 
3143302218984 3143302219077 5545 
3143302218984 3143302219344 8874 
3143302218984 3143307607660 9650 
3143302218984 3143302150069 409 
3143302218984 3143307809131 4048 
3143302218984 3143300186252 10034 
3143302218984 3143307836619 3801 
3143302218984 3143305212545 7991 
3143302218984 3143302150077 1422 
3143302218984 3143302150034 2373 
3143302218984 3143305212529 25384 
3143302218984 3143302219379 46084 
3143302218984 3143305212618 25384 
3143302218984 CLU_6117 48155 
3143302218984 CLU_6298 4063 
3143302218984 CLU_6301 15090 
3143302218984 CLU_6312 8112 
3143302218984 CLU_6320 8660 
3143302218984 CLU_6326 8525 
3143302218984 CLU_6362 5497 
3143302218984 CLU_6374 8874 
3143302218984 CLU_6383 2617 
3143302218984 CLU_6385 4649 
3143302218984 CLU_6399 8165 
3143302218984 CLU_6409 44337 
3143302218984 CLU_6411 21309 
3143302218984 CLU_6413 46084 
3143302218984 CLU_6416 25384 
3143302218984 CLU_6417 65169 
3143306065295 3143309772235 6015 
3143306065295 3143309772251 4587 
3143306065295 3143309812059 6307 
3143306065295 3143305305063 4107 
3143306065295 3143307781067 2888 
3143306065295 3143305304997 3052 
3143306065295 3143307831331 2553 
3143306065295 3143300659134 3856 
3143306065295 3143303180158 6367 
3143306065295 3143307821506 6577 
3143306065295 3143302150107 8897 
3143306065295 3143309775978 6577 
3143306065295 3143302219107 10113 
3143306065295 3143302219352 6860 
3143306065295 3143303180182 4835 
3143306065295 3143302150050 4121 
3143306065295 3143302150042 3920 
3143306065295 3143302219085 3746 
3143306065295 3143309812032 2447 
3143306065295 3143302149915 1061 
3143306065295 3143307299079 5229 
3143306065295 3143302150018 3664 
3143306065295 3143302218984 2537 
3143306065295 3143306065295 0 
3143306065295 3143302219069 9962 
3143306065295 3143306629296 2932 
3143306065295 3143302149923 1419 
3143306065295 3143306065341 2212 
3143306065295 3143306329705 310 
3143306065295 3143306297943 7573 
3143306065295 3143305212626 7573 
3143306065295 3143307780621 6094 
3143306065295 3143303180166 6577 
3143306065295 3143302149893 2939 
3143306065295 3143309251553 6699 
3143306065295 3143302150026 8227 
3143306065295 3143300550108 1879 
3143306065295 3143303413578 22490 
3143306065295 3143306329632 10828 
3143306065295 3143305212588 12825 
3143306065295 3143309812083 3381 
3143306065295 3143306023282 5818 
3143306065295 3143302218968 7461 
3143306065295 3143309772227 2436 
3143306065295 3143302203480 6941 
3143306065295 3143302150085 5229 
3143306065295 3143300211826 10596 
3143306065295 3143302149931 8130 
3143306065295 3143309352511 1506 
3143306065295 3143309690905 7116 
3143306065295 3143307608756 3205 
3143306065295 3143306409911 1879 
3143306065295 3143307780907 9814 
3143306065295 3143309936424 7851 
3143306065295 3143309812075 4496 
3143306065295 3143303688100 4708 
3143306065295 3143303180115 4587 
3143306065295 3143305302854 4319 
3143306065295 3143302219212 3396 
3143306065295 3143302149958 8870 
3143306065295 3143307951345 2567 
3143306065295 3143302219077 7295 
3143306065295 3143302219344 9962 
3143306065295 3143307607660 8897 
3143306065295 3143302150069 2665 
3143306065295 3143307809131 1626 
3143306065295 3143300186252 10912 
3143306065295 3143307836619 2447 
3143306065295 3143305212545 9644 
3143306065295 3143302150077 3205 
3143306065295 3143302150034 4836 
3143306065295 3143305212529 25667 
3143306065295 3143302219379 45575 
3143306065295 3143305212618 25667 
3143306065295 CLU_6117 46635 
3143306065295 CLU_6298 2632 
3143306065295 CLU_6301 15399 
3143306065295 CLU_6312 9122 
3143306065295 CLU_6320 9894 
3143306065295 CLU_6326 10546 
3143306065295 CLU_6362 5362 
3143306065295 CLU_6374 9962 
3143306065295 CLU_6383 2166 
3143306065295 CLU_6385 2608 
3143306065295 CLU_6399 9580 
3143306065295 CLU_6409 42912 
3143306065295 CLU_6411 20346 
3143306065295 CLU_6413 45575 
3143306065295 CLU_6416 25667 
3143306065295 CLU_6417 65139 
3143302219069 3143309772235 4109 
3143302219069 3143309772251 5444 
3143302219069 3143309812059 4322 
3143302219069 3143305305063 5899 
3143302219069 3143307781067 7094 
3143302219069 3143305304997 6945 
3143302219069 3143307831331 7567 
3143302219069 3143300659134 7456 
3143302219069 3143303180158 5835 
3143302219069 3143307821506 5137 
3143302219069 3143302150107 6800 
3143302219069 3143309775978 5137 
3143302219069 3143302219107 3546 
3143302219069 3143302219352 3472 
3143302219069 3143303180182 5787 
3143302219069 3143302150050 6796 
3143302219069 3143302150042 6518 
3143302219069 3143302219085 7000 
3143302219069 3143309812032 8292 
3143302219069 3143302149915 9420 
3143302219069 3143307299079 6864 
3143302219069 3143302150018 9197 
3143302219069 3143302218984 8874 
3143302219069 3143306065295 9962 
3143302219069 3143302219069 0 
3143302219069 3143306629296 9214 
3143302219069 3143302149923 9582 
3143302219069 3143306065341 10484 
3143302219069 3143306329705 10105 
3143302219069 3143306297943 17244 
3143302219069 3143305212626 17244 
3143302219069 3143307780621 6453 
3143302219069 3143303180166 5137 
3143302219069 3143302149893 7526 
3143302219069 3143309251553 4148 
3143302219069 3143302150026 3856 
3143302219069 3143300550108 10254 
3143302219069 3143303413578 31715 
3143302219069 3143306329632 3413 
3143302219069 3143305212588 11536 
3143302219069 3143309812083 7121 
3143302219069 3143306023282 4146 
3143302219069 3143302218968 5635 
3143302219069 3143309772227 7602 
3143302219069 3143302203480 3040 
3143302219069 3143302150085 6864 
3143302219069 3143300211826 890 
3143302219069 3143302149931 1835 
3143302219069 3143309352511 8501 
3143302219069 3143309690905 4718 
3143302219069 3143307608756 10099 
3143302219069 3143306409911 10254 
3143302219069 3143307780907 1192 
3143302219069 3143309936424 4663 
3143302219069 3143309812075 6745 
3143302219069 3143303688100 7379 
3143302219069 3143303180115 5444 
3143302219069 3143305302854 5937 
3143302219069 3143302219212 6602 
3143302219069 3143302149958 3340 
3143302219069 3143307951345 9021 
3143302219069 3143302219077 3892 
3143302219069 3143302219344 0 
3143302219069 3143307607660 6800 
3143302219069 3143302150069 8465 
3143302219069 3143307809131 11398 
3143302219069 3143300186252 1384 
3143302219069 3143307836619 8292 
3143302219069 3143305212545 2489 
3143302219069 3143302150077 10099 
3143302219069 3143302150034 7638 
3143302219069 3143305212529 16947 
3143302219069 3143302219379 38777 
3143302219069 3143305212618 16947 
3143302219069 CLU_6117 43842 
3143302219069 CLU_6298 12485 
3143302219069 CLU_6301 23611 
3143302219069 CLU_6312 861 
3143302219069 CLU_6320 621 
3143302219069 CLU_6326 4475 
3143302219069 CLU_6362 5356 
3143302219069 CLU_6374 0 
3143302219069 CLU_6383 11341 
3143302219069 CLU_6385 9462 
3143302219069 CLU_6399 1461 
3143302219069 CLU_6409 39736 
3143302219069 CLU_6411 16102 
3143302219069 CLU_6413 38777 
3143302219069 CLU_6416 16947 
3143302219069 CLU_6417 56910 
3143306629296 3143309772235 5990 
3143306629296 3143309772251 4727 
3143306629296 3143309812059 6654 
3143306629296 3143305305063 3682 
3143306629296 3143307781067 2957 
3143306629296 3143305304997 3612 
3143306629296 3143307831331 3697 
3143306629296 3143300659134 5494 
3143306629296 3143303180158 7477 
3143306629296 3143307821506 7409 
3143306629296 3143302150107 10221 
3143306629296 3143309775978 7409 
3143306629296 3143302219107 10392 
3143306629296 3143302219352 6864 
3143306629296 3143303180182 3432 
3143306629296 3143302150050 2426 
3143306629296 3143302150042 2741 
3143306629296 3143302219085 2220 
3143306629296 3143309812032 4374 
3143306629296 3143302149915 3628 
3143306629296 3143307299079 2919 
3143306629296 3143302150018 732 
3143306629296 3143302218984 585 
3143306629296 3143306065295 2932 
3143306629296 3143302219069 9214 
3143306629296 3143306629296 0 
3143306629296 3143302149923 1518 
3143306629296 3143306065341 1526 
3143306629296 3143306329705 3242 
3143306629296 3143306297943 8216 
3143306629296 3143305212626 8216 
3143306629296 3143307780621 7440 
3143306629296 3143303180166 7409 
3143306629296 3143302149893 1906 
3143306629296 3143309251553 5255 
3143306629296 3143302150026 6491 
3143306629296 3143300550108 1513 
3143306629296 3143303413578 24799 
3143306629296 3143306329632 10978 
3143306629296 3143305212588 9927 
3143306629296 3143309812083 4627 
3143306629296 3143306023282 5325 
3143306629296 3143302218968 8519 
3143306629296 3143309772227 3453 
3143306629296 3143302203480 6263 
3143306629296 3143302150085 2919 
3143306629296 3143300211826 10000 
3143306629296 3143302149931 7525 
3143306629296 3143309352511 2376 
3143306629296 3143309690905 5270 
3143306629296 3143307608756 914 
3143306629296 3143306409911 1513 
3143306629296 3143307780907 9423 
3143306629296 3143309936424 5900 
3143306629296 3143309812075 5827 
3143306629296 3143303688100 6389 
3143306629296 3143303180115 4727 
3143306629296 3143305302854 3347 
3143306629296 3143302219212 3188 
3143306629296 3143302149958 9157 
3143306629296 3143307951345 4952 
3143306629296 3143302219077 5749 
3143306629296 3143302219344 9214 
3143306629296 3143307607660 10221 
3143306629296 3143302150069 898 
3143306629296 3143307809131 4345 
3143306629296 3143300186252 10409 
3143306629296 3143307836619 4374 
3143306629296 3143305212545 8192 
3143306629296 3143302150077 914 
3143306629296 3143302150034 2264 
3143306629296 3143305212529 25827 
3143306629296 3143302219379 46616 
3143306629296 3143305212618 25827 
3143306629296 CLU_6117 48740 
3143306629296 CLU_6298 4092 
3143306629296 CLU_6301 14618 
3143306629296 CLU_6312 8475 
3143306629296 CLU_6320 8969 
3143306629296 CLU_6326 8589 
3143306629296 CLU_6362 6046 
3143306629296 CLU_6374 9214 
3143306629296 CLU_6383 2561 
3143306629296 CLU_6385 5180 
3143306629296 CLU_6399 8433 
3143306629296 CLU_6409 44922 
3143306629296 CLU_6411 21881 
3143306629296 CLU_6413 46616 
3143306629296 CLU_6416 25827 
3143306629296 CLU_6417 65644 
3143302149923 3143309772235 5911 
3143302149923 3143309772251 4509 
3143302149923 3143309812059 6398 
3143302149923 3143305305063 3711 
3143302149923 3143307781067 2618 
3143302149923 3143305304997 3083 
3143302149923 3143307831331 2879 
3143302149923 3143300659134 4560 
3143302149923 3143303180158 6852 
3143302149923 3143307821506 6922 
3143302149923 3143302150107 9527 
3143302149923 3143309775978 6922 
3143302149923 3143302219107 10233 
3143302149923 3143302219352 6794 
3143302149923 3143303180182 4031 
3143302149923 3143302150050 3148 
3143302149923 3143302150042 3151 
3143302149923 3143302219085 2810 
3143302149923 3143309812032 3258 
3143302149923 3143302149915 2227 
3143302149923 3143307299079 4066 
3143302149923 3143302150018 2248 
3143302149923 3143302218984 1194 
3143302149923 3143306065295 1419 
3143302149923 3143302219069 9582 
3143302149923 3143306629296 1518 
3143302149923 3143302149923 0 
3143302149923 3143306065341 1146 
3143302149923 3143306329705 1728 
3143302149923 3143306297943 7665 
3143302149923 3143305212626 7665 
3143302149923 3143307780621 6698 
3143302149923 3143303180166 6922 
3143302149923 3143302149893 2099 
3143302149923 3143309251553 5942 
3143302149923 3143302150026 7365 
3143302149923 3143300550108 800 
3143302149923 3143303413578 23533 
3143302149923 3143306329632 10892 
3143302149923 3143305212588 11437 
3143302149923 3143309812083 3837 
3143302149923 3143306023282 5478 
3143302149923 3143302218968 7938 
3143302149923 3143309772227 2669 
3143302149923 3143302203480 6546 
3143302149923 3143302150085 4066 
3143302149923 3143300211826 10296 
3143302149923 3143302149931 7794 
3143302149923 3143309352511 1407 
3143302149923 3143309690905 6188 
3143302149923 3143307608756 1848 
3143302149923 3143306409911 800 
3143302149923 3143307780907 9604 
3143302149923 3143309936424 6888 
3143302149923 3143309812075 5050 
3143302149923 3143303688100 5461 
3143302149923 3143303180115 4509 
3143302149923 3143305302854 3677 
3143302149923 3143302219212 3044 
3143302149923 3143302149958 8979 
3143302149923 3143307951345 3671 
3143302149923 3143302219077 6505 
3143302149923 3143302219344 9582 
3143302149923 3143307607660 9527 
3143302149923 3143302150069 1438 
3143302149923 3143307809131 2859 
3143302149923 3143300186252 10660 
3143302149923 3143307836619 3258 
3143302149923 3143305212545 8930 
3143302149923 3143302150077 1848 
3143302149923 3143302150034 3565 
3143302149923 3143305212529 25792 
3143302149923 3143302219379 46142 
3143302149923 3143305212618 25792 
3143302149923 CLU_6117 47703 
3143302149923 CLU_6298 3010 
3143302149923 CLU_6301 14869 
3143302149923 CLU_6312 8781 
3143302149923 CLU_6320 9429 
3143302149923 CLU_6326 9606 
3143302149923 CLU_6362 5599 
3143302149923 CLU_6374 9582 
3143302149923 CLU_6383 1768 
3143302149923 CLU_6385 3827 
3143302149923 CLU_6399 9008 
3143302149923 CLU_6409 43935 
3143302149923 CLU_6411 21127 
3143302149923 CLU_6413 46142 
3143302149923 CLU_6416 25792 
3143302149923 CLU_6417 65455 
3143306065341 3143309772235 6959 
3143306065341 3143309772251 5583 
3143306065341 3143309812059 7494 
3143306065341 3143305305063 4700 
3143306065341 3143307781067 3691 
3143306065341 3143305304997 4205 
3143306065341 3143307831331 4026 
3143306065341 3143300659134 5695 
3143306065341 3143303180158 7997 
3143306065341 3143307821506 8057 
3143306065341 3143302150107 10673 
3143306065341 3143309775978 8057 
3143306065341 3143302219107 11318 
3143306065341 3143302219352 7845 
3143306065341 3143303180182 4777 
3143306065341 3143302150050 3805 
3143306065341 3143302150042 3970 
3143306065341 3143302219085 3528 
3143306065341 3143309812032 4367 
3143306065341 3143302149915 3201 
3143306065341 3143307299079 4440 
3143306065341 3143302150018 2074 
3143306065341 3143302218984 1642 
3143306065341 3143306065295 2212 
3143306065341 3143302219069 10484 
3143306065341 3143306629296 1526 
3143306065341 3143302149923 1146 
3143306065341 3143306065341 0 
3143306065341 3143306329705 2476 
3143306065341 3143306297943 6795 
3143306065341 3143305212626 6795 
3143306065341 3143307780621 7844 
3143306065341 3143303180166 8057 
3143306065341 3143302149893 2963 
3143306065341 3143309251553 6661 
3143306065341 3143302150026 7970 
3143306065341 3143300550108 361 
3143306065341 3143303413578 23306 
3143306065341 3143306329632 11959 
3143306065341 3143305212588 11173 
3143306065341 3143309812083 4983 
3143306065341 3143306023282 6446 
3143306065341 3143302218968 9082 
3143306065341 3143309772227 3814 
3143306065341 3143302203480 7471 
3143306065341 3143302150085 4440 
3143306065341 3143300211826 11232 
3143306065341 3143302149931 8732 
3143306065341 3143309352511 2553 
3143306065341 3143309690905 6757 
3143306065341 3143307608756 1193 
3143306065341 3143306409911 361 
3143306065341 3143307780907 10583 
3143306065341 3143309936424 7406 
3143306065341 3143309812075 6197 
3143306065341 3143303688100 6594 
3143306065341 3143303180115 5583 
3143306065341 3143305302854 4546 
3143306065341 3143302219212 4074 
3143306065341 3143302149958 10065 
3143306065341 3143307951345 4700 
3143306065341 3143302219077 7185 
3143306065341 3143302219344 10484 
3143306065341 3143307607660 10673 
3143306065341 3143302150069 2038 
3143306065341 3143307809131 3209 
3143306065341 3143300186252 11615 
3143306065341 3143307836619 4367 
3143306065341 3143305212545 9631 
3143306065341 3143302150077 1193 
3143306065341 3143302150034 3788 
3143306065341 3143305212529 26858 
3143306065341 3143302219379 47285 
3143306065341 3143305212618 26858 
3143306065341 CLU_6117 48778 
3143306065341 CLU_6298 2588 
3143306065341 CLU_6301 13738 
3143306065341 CLU_6312 9707 
3143306065341 CLU_6320 10287 
3143306065341 CLU_6326 10105 
3143306065341 CLU_6362 6725 
3143306065341 CLU_6374 10484 
3143306065341 CLU_6383 1036 
3143306065341 CLU_6385 4799 
3143306065341 CLU_6399 9805 
3143306065341 CLU_6409 45027 
3143306065341 CLU_6411 22267 
3143306065341 CLU_6413 47285 
3143306065341 CLU_6416 26858 
3143306065341 CLU_6417 66562 
3143306329705 3143309772235 6119 
3143306329705 3143309772251 4699 
3143306329705 3143309812059 6368 
3143306329705 3143305305063 4285 
3143306329705 3143307781067 3066 
3143306329705 3143305304997 3168 
3143306329705 3143307831331 2620 
3143306329705 3143300659134 3794 
3143306329705 3143303180158 6338 
3143306329705 3143307821506 6579 
3143306329705 3143302150107 8821 
3143306329705 3143309775978 6579 
3143306329705 3143302219107 10152 
3143306329705 3143302219352 6952 
3143306329705 3143303180182 5073 
3143306329705 3143302150050 4388 
3143306329705 3143302150042 4161 
3143306329705 3143302219085 4012 
3143306329705 3143309812032 2386 
3143306329705 3143302149915 945 
3143306329705 3143307299079 5516 
3143306329705 3143302150018 3974 
3143306329705 3143302218984 2846 
3143306329705 3143306065295 310 
3143306329705 3143302219069 10105 
3143306329705 3143306629296 3242 
3143306329705 3143302149923 1728 
3143306329705 3143306065341 2476 
3143306329705 3143306329705 0 
3143306329705 3143306297943 7549 
3143306329705 3143305212626 7549 
3143306329705 3143307780621 6037 
3143306329705 3143303180166 6579 
3143306329705 3143302149893 3201 
3143306329705 3143309251553 6921 
3143306329705 3143302150026 8463 
3143306329705 3143300550108 2153 
3143306329705 3143303413578 22242 
3143306329705 3143306329632 10878 
3143306329705 3143305212588 13136 
3143306329705 3143309812083 3393 
3143306329705 3143306023282 5970 
3143306329705 3143302218968 7427 
3143306329705 3143309772227 2530 
3143306329705 3143302203480 7097 
3143306329705 3143302150085 5516 
3143306329705 3143300211826 10723 
3143306329705 3143302149931 8271 
3143306329705 3143309352511 1722 
3143306329705 3143309690905 7365 
3143306329705 3143307608756 3499 
3143306329705 3143306409911 2153 
3143306329705 3143307780907 9923 
3143306329705 3143309936424 8105 
3143306329705 3143309812075 4465 
3143306329705 3143303688100 4623 
3143306329705 3143303180115 4699 
3143306329705 3143305302854 4536 
3143306329705 3143302219212 3578 
3143306329705 3143302149958 8915 
3143306329705 3143307951345 2403 
3143306329705 3143302219077 7521 
3143306329705 3143302219344 10105 
3143306329705 3143307607660 8821 
3143306329705 3143302150069 2968 
3143306329705 3143307809131 1377 
3143306329705 3143300186252 11028 
3143306329705 3143307836619 2386 
3143306329705 3143305212545 9852 
3143306329705 3143302150077 3499 
3143306329705 3143302150034 5137 
3143306329705 3143305212529 25689 
3143306329705 3143302219379 45492 
3143306329705 3143305212618 25689 
3143306329705 CLU_6117 46431 
3143306329705 CLU_6298 2606 
3143306329705 CLU_6301 15494 
3143306329705 CLU_6312 9261 
3143306329705 CLU_6320 10054 
3143306329705 CLU_6326 10792 
3143306329705 CLU_6362 5399 
3143306329705 CLU_6374 10105 
3143306329705 CLU_6383 2330 
3143306329705 CLU_6385 2399 
3143306329705 CLU_6399 9762 
3143306329705 CLU_6409 42720 
3143306329705 CLU_6411 20219 
3143306329705 CLU_6413 45492 
3143306329705 CLU_6416 25689 
3143306329705 CLU_6417 65112 
3143306297943 3143309772235 13507 
3143306297943 3143309772251 12079 
3143306297943 3143309812059 13870 
3143306297943 3143305305063 11373 
3143306297943 3143307781067 10232 
3143306297943 3143305304997 10562 
3143306297943 3143307831331 10123 
3143306297943 3143300659134 11285 
3143306297943 3143303180158 13859 
3143306297943 3143307821506 14127 
3143306297943 3143302150107 16204 
3143306297943 3143309775978 14127 
3143306297943 3143302219107 17686 
3143306297943 3143302219352 14376 
3143306297943 3143303180182 11573 
3143306297943 3143302150050 10595 
3143306297943 3143302150042 10754 
3143306297943 3143302219085 10323 
3143306297943 3143309812032 9903 
3143306297943 3143302149915 8459 
3143306297943 3143307299079 11073 
3143306297943 3143302150018 8500 
3143306297943 3143302218984 8436 
3143306297943 3143306065295 7573 
3143306297943 3143302219069 17244 
3143306297943 3143306629296 8216 
3143306297943 3143302149923 7665 
3143306297943 3143306065341 6795 
3143306297943 3143306329705 7549 
3143306297943 3143306297943 0 
3143306297943 3143305212626 0 
3143306297943 3143307780621 13508 
3143306297943 3143303180166 14127 
3143306297943 3143302149893 9724 
3143306297943 3143309251553 13450 
3143306297943 3143302150026 14701 
3143306297943 3143300550108 6997 
3143306297943 3143303413578 18270 
3143306297943 3143306329632 18396 
3143306297943 3143305212588 15950 
3143306297943 3143309812083 10941 
3143306297943 3143306023282 13141 
3143306297943 3143302218968 14938 
3143306297943 3143309772227 9989 
3143306297943 3143302203480 14210 
3143306297943 3143302150085 11073 
3143306297943 3143300211826 17961 
3143306297943 3143302149931 15459 
3143306297943 3143309352511 8859 
3143306297943 3143309690905 13476 
3143306297943 3143307608756 7456 
3143306297943 3143306409911 6997 
3143306297943 3143307780907 17255 
3143306297943 3143309936424 14075 
3143306297943 3143309812075 11994 
3143306297943 3143303688100 12041 
3143306297943 3143303180115 12079 
3143306297943 3143305302854 11315 
3143306297943 3143302219212 10691 
3143306297943 3143302149958 16441 
3143306297943 3143307951345 9673 
3143306297943 3143302219077 13961 
3143306297943 3143302219344 17244 
3143306297943 3143307607660 16204 
3143306297943 3143302150069 8834 
3143306297943 3143307809131 6675 
3143306297943 3143300186252 18321 
3143306297943 3143307836619 9903 
3143306297943 3143305212545 16406 
3143306297943 3143302150077 7456 
3143306297943 3143302150034 10328 
3143306297943 3143305212529 33237 
3143306297943 3143302219379 52711 
3143306297943 3143305212618 33237 
3143306297943 CLU_6117 52126 
3143306297943 CLU_6298 4945 
3143306297943 CLU_6301 8915 
3143306297943 CLU_6312 16446 
3143306297943 CLU_6320 17071 
3143306297943 CLU_6326 16713 
3143306297943 CLU_6362 12935 
3143306297943 CLU_6374 17244 
3143306297943 CLU_6383 5902 
3143306297943 CLU_6385 9452 
3143306297943 CLU_6399 16601 
3143306297943 CLU_6409 48656 
3143306297943 CLU_6411 27164 
3143306297943 CLU_6413 52711 
3143306297943 CLU_6416 33237 
3143306297943 CLU_6417 72595 
3143305212626 3143309772235 13507 
3143305212626 3143309772251 12079 
3143305212626 3143309812059 13870 
3143305212626 3143305305063 11373 
3143305212626 3143307781067 10232 
3143305212626 3143305304997 10562 
3143305212626 3143307831331 10123 
3143305212626 3143300659134 11285 
3143305212626 3143303180158 13859 
3143305212626 3143307821506 14127 
3143305212626 3143302150107 16204 
3143305212626 3143309775978 14127 
3143305212626 3143302219107 17686 
3143305212626 3143302219352 14376 
3143305212626 3143303180182 11573 
3143305212626 3143302150050 10595 
3143305212626 3143302150042 10754 
3143305212626 3143302219085 10323 
3143305212626 3143309812032 9903 
3143305212626 3143302149915 8459 
3143305212626 3143307299079 11073 
3143305212626 3143302150018 8500 
3143305212626 3143302218984 8436 
3143305212626 3143306065295 7573 
3143305212626 3143302219069 17244 
3143305212626 3143306629296 8216 
3143305212626 3143302149923 7665 
3143305212626 3143306065341 6795 
3143305212626 3143306329705 7549 
3143305212626 3143306297943 0 
3143305212626 3143305212626 0 
3143305212626 3143307780621 13508 
3143305212626 3143303180166 14127 
3143305212626 3143302149893 9724 
3143305212626 3143309251553 13450 
3143305212626 3143302150026 14701 
3143305212626 3143300550108 6997 
3143305212626 3143303413578 18270 
3143305212626 3143306329632 18396 
3143305212626 3143305212588 15950 
3143305212626 3143309812083 10941 
3143305212626 3143306023282 13141 
3143305212626 3143302218968 14938 
3143305212626 3143309772227 9989 
3143305212626 3143302203480 14210 
3143305212626 3143302150085 11073 
3143305212626 3143300211826 17961 
3143305212626 3143302149931 15459 
3143305212626 3143309352511 8859 
3143305212626 3143309690905 13476 
3143305212626 3143307608756 7456 
3143305212626 3143306409911 6997 
3143305212626 3143307780907 17255 
3143305212626 3143309936424 14075 
3143305212626 3143309812075 11994 
3143305212626 3143303688100 12041 
3143305212626 3143303180115 12079 
3143305212626 3143305302854 11315 
3143305212626 3143302219212 10691 
3143305212626 3143302149958 16441 
3143305212626 3143307951345 9673 
3143305212626 3143302219077 13961 
3143305212626 3143302219344 17244 
3143305212626 3143307607660 16204 
3143305212626 3143302150069 8834 
3143305212626 3143307809131 6675 
3143305212626 3143300186252 18321 
3143305212626 3143307836619 9903 
3143305212626 3143305212545 16406 
3143305212626 3143302150077 7456 
3143305212626 3143302150034 10328 
3143305212626 3143305212529 33237 
3143305212626 3143302219379 52711 
3143305212626 3143305212618 33237 
3143305212626 CLU_6117 52126 
3143305212626 CLU_6298 4945 
3143305212626 CLU_6301 8915 
3143305212626 CLU_6312 16446 
3143305212626 CLU_6320 17071 
3143305212626 CLU_6326 16713 
3143305212626 CLU_6362 12935 
3143305212626 CLU_6374 17244 
3143305212626 CLU_6383 5902 
3143305212626 CLU_6385 9452 
3143305212626 CLU_6399 16601 
3143305212626 CLU_6409 48656 
3143305212626 CLU_6411 27164 
3143305212626 CLU_6413 52711 
3143305212626 CLU_6416 33237 
3143305212626 CLU_6417 72595 
3143307780621 3143309772235 3158 
3143307780621 3143309772251 3229 
3143307780621 3143309812059 2374 
3143307780621 3143305305063 4331 
3143307780621 3143307781067 4516 
3143307780621 3143305304997 3834 
3143307780621 3143307831331 3826 
3143307780621 3143300659134 2243 
3143307780621 3143303180158 625 
3143307780621 3143307821506 1315 
3143307780621 3143302150107 2829 
3143307780621 3143309775978 1315 
3143307780621 3143302219107 4737 
3143307780621 3143302219352 3208 
3143307780621 3143303180182 5654 
3143307780621 3143302150050 6092 
3143307780621 3143302150042 5438 
3143307780621 3143302219085 5919 
3143307780621 3143309812032 3652 
3143307780621 3143302149915 5095 
3143307780621 3143307299079 7235 
3143307780621 3143302150018 7934 
3143307780621 3143302218984 6863 
3143307780621 3143306065295 6094 
3143307780621 3143302219069 6453 
3143307780621 3143306629296 7440 
3143307780621 3143302149923 6698 
3143307780621 3143306065341 7844 
3143307780621 3143306329705 6037 
3143307780621 3143306297943 13508 
3143307780621 3143305212626 13508 
3143307780621 3143307780621 0 
3143307780621 3143303180166 1315 
3143307780621 3143302149893 5674 
3143307780621 3143309251553 6105 
3143307780621 3143302150026 7462 
3143307780621 3143300550108 7491 
3143307780621 3143303413578 25643 
3143307780621 3143306329632 5542 
3143307780621 3143305212588 14944 
3143307780621 3143309812083 2864 
3143307780621 3143306023282 4083 
3143307780621 3143302218968 1472 
3143307780621 3143309772227 4051 
3143307780621 3143302203480 4648 
3143307780621 3143302150085 7235 
3143307780621 3143300211826 6628 
3143307780621 3143302149931 5004 
3143307780621 3143309352511 5297 
3143307780621 3143309690905 7107 
3143307780621 3143307608756 8253 
3143307780621 3143306409911 7491 
3143307780621 3143307780907 5644 
3143307780621 3143309936424 7729 
3143307780621 3143309812075 1647 
3143307780621 3143303688100 1486 
3143307780621 3143303180115 3229 
3143307780621 3143305302854 5055 
3143307780621 3143302219212 4442 
3143307780621 3143302149958 3719 
3143307780621 3143307951345 3856 
3143307780621 3143302219077 6563 
3143307780621 3143302219344 6453 
3143307780621 3143307607660 2829 
3143307780621 3143302150069 6564 
3143307780621 3143307809131 6853 
3143307780621 3143300186252 6701 
3143307780621 3143307836619 3652 
3143307780621 3143305212545 7728 
3143307780621 3143302150077 8253 
3143307780621 3143302150034 7571 
3143307780621 3143305212529 19870 
3143307780621 3143302219379 39493 
3143307780621 3143305212618 19870 
3143307780621 CLU_6117 41411 
3143307780621 CLU_6298 8613 
3143307780621 CLU_6301 21477 
3143307780621 CLU_6312 5675 
3143307780621 CLU_6320 6769 
3143307780621 CLU_6326 9563 
3143307780621 CLU_6362 1848 
3143307780621 CLU_6374 6453 
3143307780621 CLU_6383 8196 
3143307780621 CLU_6385 4148 
3143307780621 CLU_6399 7021 
3143307780621 CLU_6409 37542 
3143307780621 CLU_6411 14455 
3143307780621 CLU_6413 39493 
3143307780621 CLU_6416 19870 
3143307780621 CLU_6417 59093 
3143303180166 3143309772235 2164 
3143303180166 3143309772251 2772 
3143303180166 3143309812059 1251 
3143303180166 3143305305063 3925 
3143303180166 3143307781067 4460 
3143303180166 3143305304997 3861 
3143303180166 3143307831331 4087 
3143303180166 3143300659134 2942 
3143303180166 3143303180158 700 
3143303180166 3143307821506 0 
3143303180166 3143302150107 2990 
3143303180166 3143309775978 0 
3143303180166 3143302219107 3685 
3143303180166 3143302219352 1981 
3143303180166 3143303180182 5069 
3143303180166 3143302150050 5692 
3143303180166 3143302150042 5061 
3143303180166 3143302219085 5597 
3143303180166 3143309812032 4243 
3143303180166 3143302149915 5672 
3143303180166 3143307299079 6689 
3143303180166 3143302150018 7802 
3143303180166 3143302218984 6858 
3143303180166 3143306065295 6577 
3143303180166 3143302219069 5137 
3143303180166 3143306629296 7409 
3143303180166 3143302149923 6922 
3143303180166 3143306065341 8057 
3143303180166 3143306329705 6579 
3143303180166 3143306297943 14127 
3143303180166 3143305212626 14127 
3143303180166 3143307780621 1315 
3143303180166 3143303180166 0 
3143303180166 3143302149893 5533 
3143303180166 3143309251553 5153 
3143303180166 3143302150026 6383 
3143303180166 3143300550108 7721 
3143303180166 3143303413578 26873 
3143303180166 3143306329632 4467 
3143303180166 3143305212588 14091 
3143303180166 3143309812083 3196 
3143303180166 3143306023282 3180 
3143303180166 3143302218968 1183 
3143303180166 3143309772227 4270 
3143303180166 3143302203480 3521 
3143303180166 3143302150085 6689 
3143303180166 3143300211826 5324 
3143303180166 3143302149931 3728 
3143303180166 3143309352511 5523 
3143303180166 3143309690905 6177 
3143303180166 3143307608756 8280 
3143303180166 3143306409911 7721 
3143303180166 3143307780907 4343 
3143303180166 3143309936424 6738 
3143303180166 3143309812075 2176 
3143303180166 3143303688100 2478 
3143303180166 3143303180115 2772 
3143303180166 3143305302854 4575 
3143303180166 3143302219212 4241 
3143303180166 3143302149958 2545 
3143303180166 3143307951345 4668 
3143303180166 3143302219077 5546 
3143303180166 3143302219344 5137 
3143303180166 3143307607660 2990 
3143303180166 3143302150069 6510 
3143303180166 3143307809131 7572 
3143303180166 3143300186252 5416 
3143303180166 3143307836619 4243 
3143303180166 3143305212545 6491 
3143303180166 3143302150077 8280 
3143303180166 3143302150034 7143 
3143303180166 3143305212529 19119 
3143303180166 3143302219379 39244 
3143303180166 3143305212618 19119 
3143303180166 CLU_6117 41820 
3143303180166 CLU_6298 9185 
3143303180166 CLU_6301 21791 
3143303180166 CLU_6312 4364 
3143303180166 CLU_6320 5461 
3143303180166 CLU_6326 8383 
3143303180166 CLU_6362 1363 
3143303180166 CLU_6374 5137 
3143303180166 CLU_6383 8558 
3143303180166 CLU_6385 5031 
3143303180166 CLU_6399 5742 
3143303180166 CLU_6409 37894 
3143303180166 CLU_6411 14558 
3143303180166 CLU_6413 39244 
3143303180166 CLU_6416 19119 
3143303180166 CLU_6417 58581 
3143302149893 3143309772235 4094 
3143302149893 3143309772251 2823 
3143302149893 3143309812059 4747 
3143302149893 3143305305063 1788 
3143302149893 3143307781067 1171 
3143302149893 3143305304997 1871 
3143302149893 3143307831331 2199 
3143302149893 3143300659134 3940 
3143302149893 3143303180158 5650 
3143302149893 3143307821506 5533 
3143302149893 3143302150107 8401 
3143302149893 3143309775978 5533 
3143302149893 3143302219107 8495 
3143302149893 3143302219352 4973 
3143302149893 3143303180182 1946 
3143302149893 3143302150050 1191 
3143302149893 3143302150042 1052 
3143302149893 3143302219085 812 
3143302149893 3143309812032 3137 
3143302149893 3143302149915 3048 
3143302149893 3143307299079 2416 
3143302149893 3143302150018 2276 
3143302149893 3143302218984 1417 
3143302149893 3143306065295 2939 
3143302149893 3143302219069 7526 
3143302149893 3143306629296 1906 
3143302149893 3143302149923 2099 
3143302149893 3143306065341 2963 
3143302149893 3143306329705 3201 
3143302149893 3143306297943 9724 
3143302149893 3143305212626 9724 
3143302149893 3143307780621 5674 
3143302149893 3143303180166 5533 
3143302149893 3143302149893 0 
3143302149893 3143309251553 3853 
3143302149893 3143302150026 5322 
3143302149893 3143300550108 2728 
3143302149893 3143303413578 25428 
3143302149893 3143306329632 9094 
3143302149893 3143305212588 10393 
3143302149893 3143309812083 2997 
3143302149893 3143306023282 3494 
3143302149893 3143302218968 6665 
3143302149893 3143309772227 1965 
3143302149893 3143302203480 4508 
3143302149893 3143302150085 2416 
3143302149893 3143300211826 8268 
3143302149893 3143302149931 5769 
3143302149893 3143309352511 1546 
3143302149893 3143309690905 4184 
3143302149893 3143307608756 2812 
3143302149893 3143306409911 2728 
3143302149893 3143307780907 7628 
3143302149893 3143309936424 4914 
3143302149893 3143309812075 4123 
3143302149893 3143303688100 4787 
3143302149893 3143303180115 2823 
3143302149893 3143305302854 1591 
3143302149893 3143302219212 1293 
3143302149893 3143302149958 7255 
3143302149893 3143307951345 3917 
3143302149893 3143302219077 4428 
3143302149893 3143302219344 7526 
3143302149893 3143307607660 8401 
3143302149893 3143302150069 1021 
3143302149893 3143307809131 4566 
3143302149893 3143300186252 8652 
3143302149893 3143307836619 3137 
3143302149893 3143305212545 6838 
3143302149893 3143302150077 2812 
3143302149893 3143302150034 2274 
3143302149893 3143305212529 23967 
3143302149893 3143302219379 44714 
3143302149893 3143305212618 23967 
3143302149893 CLU_6117 47070 
3143302149893 CLU_6298 5100 
3143302149893 CLU_6301 16505 
3143302149893 CLU_6312 6744 
3143302149893 CLU_6320 7348 
3143302149893 CLU_6326 7617 
3143302149893 CLU_6362 4171 
3143302149893 CLU_6374 7526 
3143302149893 CLU_6383 3827 
3143302149893 CLU_6385 4269 
3143302149893 CLU_6399 6910 
3143302149893 CLU_6409 43215 
3143302149893 CLU_6411 20056 
3143302149893 CLU_6413 44714 
3143302149893 CLU_6416 23967 
3143302149893 CLU_6417 63754 
3143309251553 3143309772235 2993 
3143309251553 3143309772251 3226 
3143309251553 3143309812059 3905 
3143309251553 3143305305063 2797 
3143309251553 3143307781067 3923 
3143309251553 3143305304997 4153 
3143309251553 3143307831331 4856 
3143309251553 3143300659134 5719 
3143309251553 3143303180158 5693 
3143309251553 3143307821506 5153 
3143309251553 3143302150107 8009 
3143309251553 3143309775978 5153 
3143309251553 3143302219107 6398 
3143309251553 3143302219352 3385 
3143309251553 3143303180182 1911 
3143309251553 3143302150050 2855 
3143309251553 3143302150042 2807 
3143309251553 3143302219085 3148 
3143309251553 3143309812032 5855 
3143309251553 3143302149915 6499 
3143309251553 3143307299079 2715 
3143309251553 3143302150018 5129 
3143309251553 3143302218984 5018 
3143309251553 3143306065295 6699 
3143309251553 3143302219069 4148 
3143309251553 3143306629296 5255 
3143309251553 3143302149923 5942 
3143309251553 3143306065341 6661 
3143309251553 3143306329705 6921 
3143309251553 3143306297943 13450 
3143309251553 3143305212626 13450 
3143309251553 3143307780621 6105 
3143309251553 3143303180166 5153 
3143309251553 3143302149893 3853 
3143309251553 3143309251553 0 
3143309251553 3143302150026 1609 
3143309251553 3143300550108 6492 
3143309251553 3143303413578 29132 
3143309251553 3143306329632 6727 
3143309251553 3143305212588 8949 
3143309251553 3143309812083 4936 
3143309251553 3143306023282 2021 
3143309251553 3143302218968 6256 
3143309251553 3143309772227 4767 
3143309251553 3143302203480 1869 
3143309251553 3143302150085 2715 
3143309251553 3143300211826 5009 
3143309251553 3143302149931 2812 
3143309251553 3143309352511 5199 
3143309251553 3143309690905 1026 
3143309251553 3143307608756 6094 
3143309251553 3143306409911 6492 
3143309251553 3143307780907 4682 
3143309251553 3143309936424 1633 
3143309251553 3143309812075 5323 
3143309251553 3143303688100 6157 
3143309251553 3143303180115 3226 
3143309251553 3143305302854 2385 
3143309251553 3143302219212 3429 
3143309251553 3143302149958 5395 
3143309251553 3143307951345 6722 
3143309251553 3143302219077 611 
3143309251553 3143302219344 4148 
3143309251553 3143307607660 8009 
3143309251553 3143302150069 4629 
3143309251553 3143307809131 8297 
3143309251553 3143300186252 5473 
3143309251553 3143307836619 5855 
3143309251553 3143305212545 2987 
3143309251553 3143302150077 6094 
3143309251553 3143302150034 3495 
3143309251553 3143305212529 21076 
3143309251553 3143302219379 42649 
3143309251553 3143305212618 21076 
3143309251553 CLU_6117 46624 
3143309251553 CLU_6298 8950 
3143309251553 CLU_6301 19469 
3143309251553 CLU_6312 3561 
3143309251553 CLU_6320 3797 
3143309251553 CLU_6326 3980 
3143309251553 CLU_6362 4283 
3143309251553 CLU_6374 4148 
3143309251553 CLU_6383 7615 
3143309251553 CLU_6385 7168 
3143309251553 CLU_6399 3188 
3143309251553 CLU_6409 42619 
3143309251553 CLU_6411 19034 
3143309251553 CLU_6413 42649 
3143309251553 CLU_6416 21076 
3143309251553 CLU_6417 61030 
3143302150026 3143309772235 4304 
3143302150026 3143309772251 4786 
3143302150026 3143309812059 5142 
3143302150026 3143305305063 4405 
3143302150026 3143307781067 5510 
3143302150026 3143305304997 5761 
3143302150026 3143307831331 6464 
3143302150026 3143300659134 7286 
3143302150026 3143303180158 6989 
3143302150026 3143307821506 6383 
3143302150026 3143302150107 9058 
3143302150026 3143309775978 6383 
3143302150026 3143302219107 6842 
3143302150026 3143302219352 4453 
3143302150026 3143303180182 3392 
3143302150026 3143302150050 4218 
3143302150026 3143302150042 4307 
3143302150026 3143302219085 4557 
3143302150026 3143309812032 7464 
3143302150026 3143302149915 8084 
3143302150026 3143307299079 3656 
3143302150026 3143302150018 6230 
3143302150026 3143302218984 6348 
3143302150026 3143306065295 8227 
3143302150026 3143302219069 3856 
3143302150026 3143306629296 6491 
3143302150026 3143302149923 7365 
3143302150026 3143306065341 7970 
3143302150026 3143306329705 8463 
3143302150026 3143306297943 14701 
3143302150026 3143305212626 14701 
3143302150026 3143307780621 7462 
3143302150026 3143303180166 6383 
3143302150026 3143302149893 5322 
3143302150026 3143309251553 1609 
3143302150026 3143302150026 0 
3143302150026 3143300550108 7843 
3143302150026 3143303413578 30698 
3143302150026 3143306329632 6992 
3143302150026 3143305212588 8021 
3143302150026 3143309812083 6530 
3143302150026 3143306023282 3456 
3143302150026 3143302218968 7395 
3143302150026 3143309772227 6371 
3143302150026 3143302203480 2865 
3143302150026 3143302150085 3656 
3143302150026 3143300211826 4742 
3143302150026 3143302149931 3229 
3143302150026 3143309352511 6742 
3143302150026 3143309690905 1226 
3143302150026 3143307608756 7255 
3143302150026 3143306409911 7843 
3143302150026 3143307780907 4741 
3143302150026 3143309936424 827 
3143302150026 3143309812075 6844 
3143302150026 3143303688100 7669 
3143302150026 3143303180115 4786 
3143302150026 3143305302854 3952 
3143302150026 3143302219212 5023 
3143302150026 3143302149958 6054 
3143302150026 3143307951345 8330 
3143302150026 3143302219077 1004 
3143302150026 3143302219344 3856 
3143302150026 3143307607660 9058 
3143302150026 3143302150069 5984 
3143302150026 3143307809131 9840 
3143302150026 3143300186252 5239 
3143302150026 3143307836619 7464 
3143302150026 3143305212545 1830 
3143302150026 3143302150077 7255 
3143302150026 3143302150034 4437 
3143302150026 3143305212529 20672 
3143302150026 3143302219379 42634 
3143302150026 3143305212618 20672 
3143302150026 CLU_6117 47309 
3143302150026 CLU_6298 10370 
3143302150026 CLU_6301 20213 
3143302150026 CLU_6312 3582 
3143302150026 CLU_6320 3327 
3143302150026 CLU_6326 2372 
3143302150026 CLU_6362 5702 
3143302150026 CLU_6374 3856 
3143302150026 CLU_6383 8965 
3143302150026 CLU_6385 8777 
3143302150026 CLU_6399 2506 
3143302150026 CLU_6409 43255 
3143302150026 CLU_6411 19611 
3143302150026 CLU_6413 42634 
3143302150026 CLU_6416 20672 
3143302150026 CLU_6417 60630 
3143300550108 3143309772235 6668 
3143300550108 3143309772251 5280 
3143300550108 3143309812059 7181 
3143300550108 3143305305063 4430 
3143300550108 3143307781067 3385 
3143300550108 3143305304997 3877 
3143300550108 3143307831331 3677 
3143300550108 3143300659134 5336 
3143300550108 3143303180158 7651 
3143300550108 3143307821506 7721 
3143300550108 3143302150107 10320 
3143300550108 3143309775978 7721 
3143300550108 3143302219107 11012 
3143300550108 3143302219352 7553 
3143300550108 3143303180182 4593 
3143300550108 3143302150050 3645 
3143300550108 3143302150042 3758 
3143300550108 3143302219085 3345 
3143300550108 3143309812032 4006 
3143300550108 3143302149915 2850 
3143300550108 3143307299079 4375 
3143300550108 3143302150018 2146 
3143300550108 3143302218984 1496 
3143300550108 3143306065295 1879 
3143300550108 3143302219069 10254 
3143300550108 3143306629296 1513 
3143300550108 3143302149923 800 
3143300550108 3143306065341 361 
3143300550108 3143306329705 2153 
3143300550108 3143306297943 6997 
3143300550108 3143305212626 6997 
3143300550108 3143307780621 7491 
3143300550108 3143303180166 7721 
3143300550108 3143302149893 2728 
3143300550108 3143309251553 6492 
3143300550108 3143302150026 7843 
3143300550108 3143300550108 0 
3143300550108 3143303413578 23287 
3143300550108 3143306329632 11661 
3143300550108 3143305212588 11325 
3143300550108 3143309812083 4633 
3143300550108 3143306023282 6188 
3143300550108 3143302218968 8737 
3143300550108 3143309772227 3468 
3143300550108 3143302203480 7230 
3143300550108 3143302150085 4375 
3143300550108 3143300211826 10989 
3143300550108 3143302149931 8487 
3143300550108 3143309352511 2207 
3143300550108 3143309690905 6639 
3143300550108 3143307608756 1399 
3143300550108 3143306409911 0 
3143300550108 3143307780907 10323 
3143300550108 3143309936424 7307 
3143300550108 3143309812075 5844 
3143300550108 3143303688100 6234 
3143300550108 3143303180115 5280 
3143300550108 3143305302854 4319 
3143300550108 3143302219212 3787 
3143300550108 3143302149958 9758 
3143300550108 3143307951345 4344 
3143300550108 3143302219077 7030 
3143300550108 3143302219344 10254 
3143300550108 3143307607660 10320 
3143300550108 3143302150069 1865 
3143300550108 3143307809131 2983 
3143300550108 3143300186252 11365 
3143300550108 3143307836619 4006 
3143300550108 3143305212545 9473 
3143300550108 3143302150077 1399 
3143300550108 3143302150034 3765 
3143300550108 3143305212529 26562 
3143300550108 3143302219379 46941 
3143300550108 3143305212618 26562 
3143300550108 CLU_6117 48420 
3143300550108 CLU_6298 2592 
3143300550108 CLU_6301 14070 
3143300550108 CLU_6312 9467 
3143300550108 CLU_6320 10074 
3143300550108 CLU_6326 10016 
3143300550108 CLU_6362 6395 
3143300550108 CLU_6374 10254 
3143300550108 CLU_6383 1124 
3143300550108 CLU_6385 4450 
3143300550108 CLU_6399 9613 
3143300550108 CLU_6409 44667 
3143300550108 CLU_6411 21909 
3143300550108 CLU_6413 46941 
3143300550108 CLU_6416 26562 
3143300550108 CLU_6417 66245 
3143303413578 3143309772235 27631 
3143303413578 3143309772251 26420 
3143303413578 3143309812059 27424 
3143303413578 3143305305063 26386 
3143303413578 3143307781067 25212 
3143303413578 3143305304997 25081 
3143303413578 3143307831331 24388 
3143303413578 3143300659134 24260 
3143303413578 3143303180158 26250 
3143303413578 3143307821506 26873 
3143303413578 3143302150107 27065 
3143303413578 3143309775978 26873 
3143303413578 3143302219107 30314 
3143303413578 3143302219352 28249 
3143303413578 3143303180182 27315 
3143303413578 3143302150050 26599 
3143303413578 3143302150042 26403 
3143303413578 3143302219085 26230 
3143303413578 3143309812032 23511 
3143303413578 3143302149915 22640 
3143303413578 3143307299079 27598 
3143303413578 3143302150018 25377 
3143303413578 3143302218984 24695 
3143303413578 3143306065295 22490 
3143303413578 3143302219069 31715 
3143303413578 3143306629296 24799 
3143303413578 3143302149923 23533 
3143303413578 3143306065341 23306 
3143303413578 3143306329705 22242 
3143303413578 3143306297943 18270 
3143303413578 3143305212626 18270 
3143303413578 3143307780621 25643 
3143303413578 3143303180166 26873 
3143303413578 3143302149893 25428 
3143303413578 3143309251553 29132 
3143303413578 3143302150026 30698 
3143303413578 3143300550108 23287 
3143303413578 3143303413578 0 
3143303413578 3143306329632 31118 
3143303413578 3143305212588 33999 
3143303413578 3143309812083 24644 
3143303413578 3143306023282 27863 
3143303413578 3143302218968 26946 
3143303413578 3143309772227 24428 
3143303413578 3143302203480 28964 
3143303413578 3143302150085 27598 
3143303413578 3143300211826 32104 
3143303413578 3143302149931 29944 
3143303413578 3143309352511 23958 
3143303413578 3143309690905 29607 
3143303413578 3143307608756 24399 
3143303413578 3143306409911 23287 
3143303413578 3143307780907 31154 
3143303413578 3143309936424 30342 
3143303413578 3143309812075 24986 
3143303413578 3143303688100 24430 
3143303413578 3143303180115 26420 
3143303413578 3143305302854 26751 
3143303413578 3143302219212 25715 
3143303413578 3143302149958 29362 
3143303413578 3143307951345 22725 
3143303413578 3143302219077 29740 
3143303413578 3143302219344 31715 
3143303413578 3143307607660 27065 
3143303413578 3143302150069 24971 
3143303413578 3143307809131 20867 
3143303413578 3143300186252 32260 
3143303413578 3143307836619 23511 
3143303413578 3143305212545 31985 
3143303413578 3143302150077 24399 
3143303413578 3143302150034 27046 
3143303413578 3143305212529 43747 
3143303413578 3143302219379 57662 
3143303413578 3143305212618 43747 
3143303413578 CLU_6117 50228 
3143303413578 CLU_6298 20718 
3143303413578 CLU_6301 22615 
3143303413578 CLU_6312 30858 
3143303413578 CLU_6320 31834 
3143303413578 CLU_6326 33034 
3143303413578 CLU_6362 26369 
3143303413578 CLU_6374 31715 
3143303413578 CLU_6383 22280 
3143303413578 CLU_6385 22276 
3143303413578 CLU_6399 31730 
3143303413578 CLU_6409 47908 
3143303413578 CLU_6411 33367 
3143303413578 CLU_6413 57662 
3143303413578 CLU_6416 43747 
3143303413578 CLU_6417 79293 
3143306329632 3143309772235 5006 
3143306329632 3143309772251 6383 
3143306329632 3143309812059 4526 
3143306329632 3143305305063 7306 
3143306329632 3143307781067 8276 
3143306329632 3143305304997 7853 
3143306329632 3143307831331 8275 
3143306329632 3143300659134 7399 
3143306329632 3143303180158 4976 
3143306329632 3143307821506 4467 
3143306329632 3143302150107 4441 
3143306329632 3143309775978 4467 
3143306329632 3143302219107 806 
3143306329632 3143302219352 4122 
3143306329632 3143303180182 7818 
3143306329632 3143302150050 8751 
3143306329632 3143302150042 8271 
3143306329632 3143302219085 8827 
3143306329632 3143309812032 8635 
3143306329632 3143302149915 10017 
3143306329632 3143307299079 9250 
3143306329632 3143302150018 11166 
3143306329632 3143302218984 10511 
3143306329632 3143306065295 10828 
3143306329632 3143302219069 3413 
3143306329632 3143306629296 10978 
3143306329632 3143302149923 10892 
3143306329632 3143306065341 11959 
3143306329632 3143306329705 10878 
3143306329632 3143306297943 18396 
3143306329632 3143305212626 18396 
3143306329632 3143307780621 5542 
3143306329632 3143303180166 4467 
3143306329632 3143302149893 9094 
3143306329632 3143309251553 6727 
3143306329632 3143302150026 6992 
3143306329632 3143300550108 11661 
3143306329632 3143303413578 31118 
3143306329632 3143306329632 0 
3143306329632 3143305212588 14893 
3143306329632 3143309812083 7505 
3143306329632 3143306023282 5690 
3143306329632 3143302218968 4174 
3143306329632 3143309772227 8407 
3143306329632 3143302203480 4982 
3143306329632 3143302150085 9250 
3143306329632 3143300211826 2769 
3143306329632 3143302149931 3922 
3143306329632 3143309352511 9574 
3143306329632 3143309690905 7566 
3143306329632 3143307608756 11892 
3143306329632 3143306409911 11661 
3143306329632 3143307780907 2289 
3143306329632 3143309936424 7725 
3143306329632 3143309812075 6625 
3143306329632 3143303688100 6921 
3143306329632 3143303180115 6383 
3143306329632 3143305302854 7669 
3143306329632 3143302219212 7888 
3143306329632 3143302149958 1966 
3143306329632 3143307951345 9126 
3143306329632 3143302219077 6710 
3143306329632 3143302219344 3413 
3143306329632 3143307607660 4441 
3143306329632 3143302150069 10113 
3143306329632 3143307809131 11971 
3143306329632 3143300186252 2416 
3143306329632 3143307836619 8635 
3143306329632 3143305212545 5884 
3143306329632 3143302150077 11892 
3143306329632 3143302150034 9939 
3143306329632 3143305212529 14900 
3143306329632 3143302219379 35945 
3143306329632 3143305212618 14900 
3143306329632 CLU_6117 40441 
3143306329632 CLU_6298 13460 
3143306329632 CLU_6301 25596 
3143306329632 CLU_6312 3415 
3143306329632 CLU_6320 4034 
3143306329632 CLU_6326 7888 
3143306329632 CLU_6362 5484 
3143306329632 CLU_6374 3413 
3143306329632 CLU_6383 12630 
3143306329632 CLU_6385 9497 
3143306329632 CLU_6399 4844 
3143306329632 CLU_6409 36348 
3143306329632 CLU_6411 12703 
3143306329632 CLU_6413 35945 
3143306329632 CLU_6416 14900 
3143306329632 CLU_6417 54666 
3143305212588 3143309772235 11926 
3143305212588 3143309772251 11784 
3143305212588 3143309812059 12849 
3143305212588 3143305305063 10843 
3143305212588 3143307781067 11344 
3143305212588 3143305304997 11946 
3143305212588 3143307831331 12493 
3143305212588 3143300659134 13998 
3143305212588 3143303180158 14595 
3143305212588 3143307821506 14091 
3143305212588 3143302150107 16952 
3143305212588 3143309775978 14091 
3143305212588 3143302219107 14828 
3143305212588 3143302219352 12314 
3143305212588 3143303180182 9421 
3143305212588 3143302150050 9378 
3143305212588 3143302150042 9960 
3143305212588 3143302219085 9706 
3143305212588 3143309812032 13501 
3143305212588 3143302149915 13323 
3143305212588 3143307299079 8061 
3143305212588 3143302150018 9213 
3143305212588 3143302218984 10289 
3143305212588 3143306065295 12825 
3143305212588 3143302219069 11536 
3143305212588 3143306629296 9927 
3143305212588 3143302149923 11437 
3143305212588 3143306065341 11173 
3143305212588 3143306329705 13136 
3143305212588 3143306297943 15950 
3143305212588 3143305212626 15950 
3143305212588 3143307780621 14944 
3143305212588 3143303180166 14091 
3143305212588 3143302149893 10393 
3143305212588 3143309251553 8949 
3143305212588 3143302150026 8021 
3143305212588 3143300550108 11325 
3143305212588 3143303413578 33999 
3143305212588 3143306329632 14893 
3143305212588 3143305212588 0 
3143305212588 3143309812083 13055 
3143305212588 3143306023282 10917 
3143305212588 3143302218968 15206 
3143305212588 3143309772227 12286 
3143305212588 3143302203480 10736 
3143305212588 3143302150085 8061 
3143305212588 3143300211826 12339 
3143305212588 3143302149931 11251 
3143305212588 3143309352511 11832 
3143305212588 3143309690905 7923 
3143305212588 3143307608756 9982 
3143305212588 3143306409911 11325 
3143305212588 3143307780907 12604 
3143305212588 3143309936424 7446 
3143305212588 3143309812075 13856 
3143305212588 3143303688100 14672 
3143305212588 3143303180115 11784 
3143305212588 3143305302854 10108 
3143305212588 3143302219212 11081 
3143305212588 3143302149958 14076 
3143305212588 3143307951345 14307 
3143305212588 3143302219077 8635 
3143305212588 3143302219344 11536 
3143305212588 3143307607660 16952 
3143305212588 3143302150069 10211 
3143305212588 3143307809131 14268 
3143305212588 3143300186252 12818 
3143305212588 3143307836619 13501 
3143305212588 3143305212545 9049 
3143305212588 3143302150077 9982 
3143305212588 3143302150034 8133 
3143305212588 3143305212529 27095 
3143305212588 3143302219379 49737 
3143305212588 3143305212618 27095 
3143305212588 CLU_6117 55309 
3143305212588 CLU_6298 13626 
3143305212588 CLU_6301 17657 
3143305212588 CLU_6312 11497 
3143305212588 CLU_6320 10922 
3143305212588 CLU_6326 7218 
3143305212588 CLU_6362 13095 
3143305212588 CLU_6374 11536 
3143305212588 CLU_6383 12094 
3143305212588 CLU_6385 14661 
3143305212588 CLU_6399 10075 
3143305212588 CLU_6409 51235 
3143305212588 CLU_6411 27585 
3143305212588 CLU_6413 49737 
3143305212588 CLU_6416 27095 
3143305212588 CLU_6417 66610 
3143309812083 3143309772235 3011 
3143309812083 3143309772251 1810 
3143309812083 3143309812059 3043 
3143309812083 3143305305063 2275 
3143309812083 3143307781067 1839 
3143309812083 3143305304997 1151 
3143309812083 3143307831331 961 
3143309812083 3143300659134 961 
3143309812083 3143303180158 3031 
3143309812083 3143307821506 3196 
3143309812083 3143302150107 5691 
3143309812083 3143309775978 3196 
3143309812083 3143302219107 6767 
3143309812083 3143302219352 3737 
3143309812083 3143303180182 3679 
3143309812083 3143302150050 3727 
3143309812083 3143302150042 3107 
3143309812083 3143302219085 3454 
3143309812083 3143309812032 1181 
3143309812083 3143302149915 2512 
3143309812083 3143307299079 5019 
3143309812083 3143302150018 5176 
3143309812083 3143302218984 4043 
3143309812083 3143306065295 3381 
3143309812083 3143302219069 7121 
3143309812083 3143306629296 4627 
3143309812083 3143302149923 3837 
3143309812083 3143306065341 4983 
3143309812083 3143306329705 3393 
3143309812083 3143306297943 10941 
3143309812083 3143305212626 10941 
3143309812083 3143307780621 2864 
3143309812083 3143303180166 3196 
3143309812083 3143302149893 2997 
3143309812083 3143309251553 4936 
3143309812083 3143302150026 6530 
3143309812083 3143300550108 4633 
3143309812083 3143303413578 24644 
3143309812083 3143306329632 7505 
3143309812083 3143305212588 13055 
3143309812083 3143309812083 0 
3143309812083 3143306023282 3267 
3143309812083 3143302218968 4124 
3143309812083 3143309772227 1190 
3143309812083 3143302203480 4332 
3143309812083 3143302150085 5019 
3143309812083 3143300211826 7620 
3143309812083 3143302149931 5314 
3143309812083 3143309352511 2433 
3143309812083 3143309690905 5751 
3143309812083 3143307608756 5408 
3143309812083 3143306409911 4633 
3143309812083 3143307780907 6744 
3143309812083 3143309936424 6488 
3143309812083 3143309812075 1219 
3143309812083 3143303688100 1791 
3143309812083 3143303180115 1810 
3143309812083 3143305302854 2973 
3143309812083 3143302219212 1983 
3143309812083 3143302149958 5539 
3143309812083 3143307951345 1919 
3143309812083 3143302219077 5527 
3143309812083 3143302219344 7121 
3143309812083 3143307607660 5691 
3143309812083 3143302150069 3779 
3143309812083 3143307809131 4476 
3143309812083 3143300186252 7867 
3143309812083 3143307836619 1181 
3143309812083 3143305212545 7461 
3143309812083 3143302150077 5408 
3143309812083 3143302150034 5148 
3143309812083 3143305212529 22296 
3143309812083 3143302219379 42319 
3143309812083 3143305212618 22296 
3143309812083 CLU_6117 44124 
3143309812083 CLU_6298 5996 
3143309812083 CLU_6301 18662 
3143309812083 CLU_6312 6259 
3143309812083 CLU_6320 7196 
3143309812083 CLU_6326 8880 
3143309812083 CLU_6362 2022 
3143309812083 CLU_6374 7121 
3143309812083 CLU_6383 5391 
3143309812083 CLU_6385 2371 
3143309812083 CLU_6399 7100 
3143309812083 CLU_6409 40296 
3143309812083 CLU_6411 17314 
3143309812083 CLU_6413 42319 
3143309812083 CLU_6416 22296 
3143309812083 CLU_6417 61769 
3143306023282 3143309772235 1027 
3143306023282 3143309772251 1457 
3143306023282 3143309812059 1959 
3143306023282 3143305305063 1768 
3143306023282 3143307781067 2948 
3143306023282 3143305304997 2838 
3143306023282 3143307831331 3501 
3143306023282 3143300659134 3900 
3143306023282 3143303180158 3685 
3143306023282 3143307821506 3180 
3143306023282 3143302150107 6115 
3143306023282 3143309775978 3180 
3143306023282 3143302219107 5169 
3143306023282 3143302219352 1693 
3143306023282 3143303180182 2170 
3143306023282 3143302150050 3063 
3143306023282 3143302150042 2591 
3143306023282 3143302219085 3141 
3143306023282 3143309812032 4355 
3143306023282 3143302149915 5331 
3143306023282 3143307299079 3729 
3143306023282 3143302150018 5477 
3143306023282 3143302218984 4899 
3143306023282 3143306065295 5818 
3143306023282 3143302219069 4146 
3143306023282 3143306629296 5325 
3143306023282 3143302149923 5478 
3143306023282 3143306065341 6446 
3143306023282 3143306329705 5970 
3143306023282 3143306297943 13141 
3143306023282 3143305212626 13141 
3143306023282 3143307780621 4083 
3143306023282 3143303180166 3180 
3143306023282 3143302149893 3494 
3143306023282 3143309251553 2021 
3143306023282 3143302150026 3456 
3143306023282 3143300550108 6188 
3143306023282 3143303413578 27863 
3143306023282 3143306329632 5690 
3143306023282 3143305212588 10917 
3143306023282 3143309812083 3267 
3143306023282 3143306023282 0 
3143306023282 3143302218968 4324 
3143306023282 3143309772227 3502 
3143306023282 3143302203480 1129 
3143306023282 3143302150085 3729 
3143306023282 3143300211826 4822 
3143306023282 3143302149931 2326 
3143306023282 3143309352511 4354 
3143306023282 3143309690905 3027 
3143306023282 3143307608756 6238 
3143306023282 3143306409911 6188 
3143306023282 3143307780907 4137 
3143306023282 3143309936424 3649 
3143306023282 3143309812075 3399 
3143306023282 3143303688100 4217 
3143306023282 3143303180115 1457 
3143306023282 3143305302854 1985 
3143306023282 3143302219212 2460 
3143306023282 3143302149958 3990 
3143306023282 3143307951345 5172 
3143306023282 3143302219077 2504 
3143306023282 3143302219344 4146 
3143306023282 3143307607660 6115 
3143306023282 3143302150069 4492 
3143306023282 3143307809131 7286 
3143306023282 3143300186252 5181 
3143306023282 3143307836619 4355 
3143306023282 3143305212545 4194 
3143306023282 3143302150077 6238 
3143306023282 3143302150034 4332 
3143306023282 3143305212529 20502 
3143306023282 3143302219379 41547 
3143306023282 3143305212618 20502 
3143306023282 CLU_6117 44882 
3143306023282 CLU_6298 8342 
3143306023282 CLU_6301 19933 
3143306023282 CLU_6312 3318 
3143306023282 CLU_6320 4086 
3143306023282 CLU_6326 5719 
3143306023282 CLU_6362 2267 
3143306023282 CLU_6374 4146 
3143306023282 CLU_6383 7246 
3143306023282 CLU_6385 5627 
3143306023282 CLU_6399 3871 
3143306023282 CLU_6409 40917 
3143306023282 CLU_6411 17426 
3143306023282 CLU_6413 41547 
3143306023282 CLU_6416 20502 
3143306023282 CLU_6417 60345 
3143302218968 3143309772235 3298 
3143302218968 3143309772251 3942 
3143302218968 3143309812059 2366 
3143302218968 3143305305063 5097 
3143302218968 3143307781067 5562 
3143302218968 3143305304997 4929 
3143302218968 3143307831331 5064 
3143302218968 3143300659134 3653 
3143302218968 3143303180158 1095 
3143302218968 3143307821506 1183 
3143302218968 3143302150107 1808 
3143302218968 3143309775978 1183 
3143302218968 3143302219107 3368 
3143302218968 3143302219352 2941 
3143302218968 3143303180182 6251 
3143302218968 3143302150050 6869 
3143302218968 3143302150042 6234 
3143302218968 3143302219085 6764 
3143302218968 3143309812032 5045 
3143302218968 3143302149915 6493 
3143302218968 3143307299079 7871 
3143302218968 3143302150018 8940 
3143302218968 3143302218984 7958 
3143302218968 3143306065295 7461 
3143302218968 3143302219069 5635 
3143302218968 3143306629296 8519 
3143302218968 3143302149923 7938 
3143302218968 3143306065341 9082 
3143302218968 3143306329705 7427 
3143302218968 3143306297943 14938 
3143302218968 3143305212626 14938 
3143302218968 3143307780621 1472 
3143302218968 3143303180166 1183 
3143302218968 3143302149893 6665 
3143302218968 3143309251553 6256 
3143302218968 3143302150026 7395 
3143302218968 3143300550108 8737 
3143302218968 3143303413578 26946 
3143302218968 3143306329632 4174 
3143302218968 3143305212588 15206 
3143302218968 3143309812083 4124 
3143302218968 3143306023282 4324 
3143302218968 3143302218968 0 
3143302218968 3143309772227 5269 
3143302218968 3143302203480 4535 
3143302218968 3143302150085 7871 
3143302218968 3143300211826 5640 
3143302218968 3143302149931 4504 
3143302218968 3143309352511 6530 
3143302218968 3143309690905 7282 
3143302218968 3143307608756 9375 
3143302218968 3143306409911 8737 
3143302218968 3143307780907 4662 
3143302218968 3143309936424 7808 
3143302218968 3143309812075 2964 
3143302218968 3143303688100 2954 
3143302218968 3143303180115 3942 
3143302218968 3143305302854 5755 
3143302218968 3143302219212 5379 
3143302218968 3143302149958 2517 
3143302218968 3143307951345 5314 
3143302218968 3143302219077 6610 
3143302218968 3143302219344 5635 
3143302218968 3143307607660 1808 
3143302218968 3143302150069 7624 
3143302218968 3143307809131 8300 
3143302218968 3143300186252 5629 
3143302218968 3143307836619 5045 
3143302218968 3143305212545 7306 
3143302218968 3143302150077 9375 
3143302218968 3143302150034 8323 
3143302218968 3143305212529 18401 
3143302218968 3143302219379 38203 
3143302218968 3143305212618 18401 
3143302218968 CLU_6117 40637 
3143302218968 CLU_6298 10022 
3143302218968 CLU_6301 22786 
3143302218968 CLU_6312 4958 
3143302218968 CLU_6320 6052 
3143302218968 CLU_6326 9272 
3143302218968 CLU_6362 2504 
3143302218968 CLU_6374 5635 
3143302218968 CLU_6383 9515 
3143302218968 CLU_6385 5617 
3143302218968 CLU_6399 6464 
3143302218968 CLU_6409 36711 
3143302218968 CLU_6411 13399 
3143302218968 CLU_6413 38203 
3143302218968 CLU_6416 18401 
3143302218968 CLU_6417 57685 
3143309772227 3143309772235 3589 
3143309772227 3143309772251 2172 
3143309772227 3143309812059 3881 
3143309772227 3143305305063 1973 
3143309772227 3143307781067 961 
3143309772227 3143305304997 664 
3143309772227 3143307831331 245 
3143309772227 3143300659134 2045 
3143309772227 3143303180158 4183 
3143309772227 3143307821506 4270 
3143309772227 3143302150107 6873 
3143309772227 3143309775978 4270 
3143309772227 3143302219107 7706 
3143309772227 3143302219352 4425 
3143309772227 3143303180182 3160 
3143309772227 3143302150050 2914 
3143309772227 3143302150042 2385 
3143309772227 3143302219085 2580 
3143309772227 3143309812032 1222 
3143309772227 3143302149915 1829 
3143309772227 3143307299079 4231 
3143309772227 3143302150018 4031 
3143309772227 3143302218984 2868 
3143309772227 3143306065295 2436 
3143309772227 3143302219069 7602 
3143309772227 3143306629296 3453 
3143309772227 3143302149923 2669 
3143309772227 3143306065341 3814 
3143309772227 3143306329705 2530 
3143309772227 3143306297943 9989 
3143309772227 3143305212626 9989 
3143309772227 3143307780621 4051 
3143309772227 3143303180166 4270 
3143309772227 3143302149893 1965 
3143309772227 3143309251553 4767 
3143309772227 3143302150026 6371 
3143309772227 3143300550108 3468 
3143309772227 3143303413578 24428 
3143309772227 3143306329632 8407 
3143309772227 3143305212588 12286 
3143309772227 3143309812083 1190 
3143309772227 3143306023282 3502 
3143309772227 3143302218968 5269 
3143309772227 3143309772227 0 
3143309772227 3143302203480 4631 
3143309772227 3143302150085 4231 
3143309772227 3143300211826 8199 
3143309772227 3143302149931 5766 
3143309772227 3143309352511 1261 
3143309772227 3143309690905 5423 
3143309772227 3143307608756 4219 
3143309772227 3143306409911 3468 
3143309772227 3143307780907 7393 
3143309772227 3143309936424 6179 
3143309772227 3143309812075 2409 
3143309772227 3143303688100 2935 
3143309772227 3143303180115 2172 
3143309772227 3143305302854 2479 
3143309772227 3143302219212 1368 
3143309772227 3143302149958 6456 
3143309772227 3143307951345 2072 
3143309772227 3143302219077 5378 
3143309772227 3143302219344 7602 
3143309772227 3143307607660 6873 
3143309772227 3143302150069 2628 
3143309772227 3143307809131 3796 
3143309772227 3143300186252 8499 
3143309772227 3143307836619 1222 
3143309772227 3143305212545 7556 
3143309772227 3143302150077 4219 
3143309772227 3143302150034 4220 
3143309772227 3143305212529 23274 
3143309772227 3143302219379 43473 
3143309772227 3143305212618 23274 
3143309772227 CLU_6117 45286 
3143309772227 CLU_6298 5062 
3143309772227 CLU_6301 17527 
3143309772227 CLU_6312 6751 
3143309772227 CLU_6320 7584 
3143309772227 CLU_6326 8743 
3143309772227 CLU_6362 2981 
3143309772227 CLU_6374 7602 
3143309772227 CLU_6383 4291 
3143309772227 CLU_6385 2483 
3143309772227 CLU_6399 7355 
3143309772227 CLU_6409 41469 
3143309772227 CLU_6411 18505 
3143309772227 CLU_6413 43473 
3143309772227 CLU_6416 23274 
3143309772227 CLU_6417 62842 
3143302203480 3143309772235 1539 
3143302203480 3143309772251 2543 
3143302203480 3143309812059 2291 
3143302203480 3143305305063 2859 
3143302203480 3143307781067 4061 
3143302203480 3143305304997 3967 
3143302203480 3143307831331 4625 
3143302203480 3143300659134 4877 
3143302203480 3143303180158 4145 
3143302203480 3143307821506 3521 
3143302203480 3143302150107 6230 
3143302203480 3143309775978 3521 
3143302203480 3143302219107 4581 
3143302203480 3143302219352 1595 
3143302203480 3143303180182 2904 
3143302203480 3143302150050 3892 
3143302203480 3143302150042 3529 
3143302203480 3143302219085 4044 
3143302203480 3143309812032 5452 
3143302203480 3143302149915 6460 
3143302203480 3143307299079 4268 
3143302203480 3143302150018 6330 
3143302203480 3143302218984 5883 
3143302203480 3143306065295 6941 
3143302203480 3143302219069 3040 
3143302203480 3143306629296 6263 
3143302203480 3143302149923 6546 
3143302203480 3143306065341 7471 
3143302203480 3143306329705 7097 
3143302203480 3143306297943 14210 
3143302203480 3143305212626 14210 
3143302203480 3143307780621 4648 
3143302203480 3143303180166 3521 
3143302203480 3143302149893 4508 
3143302203480 3143309251553 1869 
3143302203480 3143302150026 2865 
3143302203480 3143300550108 7230 
3143302203480 3143303413578 28964 
3143302203480 3143306329632 4982 
3143302203480 3143305212588 10736 
3143302203480 3143309812083 4332 
3143302203480 3143306023282 1129 
3143302203480 3143302218968 4535 
3143302203480 3143309772227 4631 
3143302203480 3143302203480 0 
3143302203480 3143302150085 4268 
3143302203480 3143300211826 3760 
3143302203480 3143302149931 1263 
3143302203480 3143309352511 5468 
3143302203480 3143309690905 2856 
3143302203480 3143307608756 7167 
3143302203480 3143306409911 7230 
3143302203480 3143307780907 3167 
3143302203480 3143309936424 3295 
3143302203480 3143309812075 4290 
3143302203480 3143303688100 5066 
3143302203480 3143303180115 2543 
3143302203480 3143305302854 2933 
3143302203480 3143302219212 3564 
3143302203480 3143302149958 3533 
3143302203480 3143307951345 6250 
3143302203480 3143302219077 2100 
3143302203480 3143302219344 3040 
3143302203480 3143307607660 6230 
3143302203480 3143302150069 5473 
3143302203480 3143307809131 8416 
3143302203480 3143300186252 4150 
3143302203480 3143307836619 5452 
3143302203480 3143305212545 3202 
3143302203480 3143302150077 7167 
3143302203480 3143302150034 4971 
3143302203480 3143305212529 19623 
3143302203480 3143302219379 40926 
3143302203480 3143305212618 19623 
3143302203480 CLU_6117 44758 
3143302203480 CLU_6298 9446 
3143302203480 CLU_6301 20808 
3143302203480 CLU_6312 2237 
3143302203480 CLU_6320 2957 
3143302203480 CLU_6326 4921 
3143302203480 CLU_6362 2994 
3143302203480 CLU_6374 3040 
3143302203480 CLU_6383 8308 
3143302203480 CLU_6385 6703 
3143302203480 CLU_6399 2768 
3143302203480 CLU_6409 40751 
3143302203480 CLU_6411 17166 
3143302203480 CLU_6413 40926 
3143302203480 CLU_6416 19623 
3143302203480 CLU_6417 59524 
3143302150085 3143309772235 4698 
3143302150085 3143309772251 4010 
3143302150085 3143309812059 5588 
3143302150085 3143305305063 2916 
3143302150085 3143307781067 3283 
3143302150085 3143305304997 3892 
3143302150085 3143307831331 4433 
3143302150085 3143300659134 5974 
3143302150085 3143303180158 7025 
3143302150085 3143307821506 6689 
3143302150085 3143302150107 9679 
3143302150085 3143309775978 6689 
3143302150085 3143302219107 8817 
3143302150085 3143302219352 5421 
3143302150085 3143303180182 1620 
3143302150085 3143302150050 1317 
3143302150085 3143302150042 1911 
3143302150085 3143302219085 1660 
3143302150085 3143309812032 5450 
3143302150085 3143302149915 5459 
3143302150085 3143307299079 0 
3143302150085 3143302150018 2579 
3143302150085 3143302218984 2911 
3143302150085 3143306065295 5229 
3143302150085 3143302219069 6864 
3143302150085 3143306629296 2919 
3143302150085 3143302149923 4066 
3143302150085 3143306065341 4440 
3143302150085 3143306329705 5516 
3143302150085 3143306297943 11073 
3143302150085 3143305212626 11073 
3143302150085 3143307780621 7235 
3143302150085 3143303180166 6689 
3143302150085 3143302149893 2416 
3143302150085 3143309251553 2715 
3143302150085 3143302150026 3656 
3143302150085 3143300550108 4375 
3143302150085 3143303413578 27598 
3143302150085 3143306329632 9250 
3143302150085 3143305212588 8061 
3143302150085 3143309812083 5019 
3143302150085 3143306023282 3729 
3143302150085 3143302218968 7871 
3143302150085 3143309772227 4231 
3143302150085 3143302203480 4268 
3143302150085 3143302150085 0 
3143302150085 3143300211826 7721 
3143302150085 3143302149931 5422 
3143302150085 3143309352511 3949 
3143302150085 3143309690905 2433 
3143302150085 3143307608756 3617 
3143302150085 3143306409911 4375 
3143302150085 3143307780907 7338 
3143302150085 3143309936424 3002 
3143302150085 3143309812075 5925 
3143302150085 3143303688100 6708 
3143302150085 3143303180115 4010 
3143302150085 3143305302854 2181 
3143302150085 3143302219212 3035 
3143302150085 3143302149958 7688 
3143302150085 3143307951345 6276 
3143302150085 3143302219077 3067 
3143302150085 3143302219344 6864 
3143302150085 3143307607660 9679 
3143302150085 3143302150069 2628 
3143302150085 3143307809131 6836 
3143302150085 3143300186252 8179 
3143302150085 3143307836619 5450 
3143302150085 3143305212545 5437 
3143302150085 3143302150077 3617 
3143302150085 3143302150034 793 
3143302150085 3143305212529 23777 
3143302150085 3143302219379 45190 
3143302150085 3143305212618 23777 
3143302150085 CLU_6117 48509 
3143302150085 CLU_6298 6964 
3143302150085 CLU_6301 16757 
3143302150085 CLU_6312 6250 
3143302150085 CLU_6320 6504 
3143302150085 CLU_6326 5672 
3143302150085 CLU_6362 5451 
3143302150085 CLU_6374 6864 
3143302150085 CLU_6383 5468 
3143302150085 CLU_6385 6652 
3143302150085 CLU_6399 5845 
3143302150085 CLU_6409 44575 
3143302150085 CLU_6411 21140 
3143302150085 CLU_6413 45190 
3143302150085 CLU_6416 23777 
3143302150085 CLU_6417 63722 
3143300211826 3143309772235 4634 
3143300211826 3143309772251 6027 
3143300211826 3143309812059 4685 
3143300211826 3143305305063 6590 
3143300211826 3143307781067 7760 
3143300211826 3143305304997 7554 
3143300211826 3143307831331 8143 
3143300211826 3143300659134 7862 
3143300211826 3143303180158 6003 
3143300211826 3143307821506 5324 
3143300211826 3143302150107 6595 
3143300211826 3143309775978 5324 
3143300211826 3143302219107 3071 
3143300211826 3143302219352 3892 
3143300211826 3143303180182 6588 
3143300211826 3143302150050 7595 
3143300211826 3143302150042 7281 
3143300211826 3143302219085 7781 
3143300211826 3143309812032 8801 
3143300211826 3143302149915 9996 
3143300211826 3143307299079 7721 
3143300211826 3143302150018 10012 
3143300211826 3143302218984 9638 
3143300211826 3143306065295 10596 
3143300211826 3143302219069 890 
3143300211826 3143306629296 10000 
3143300211826 3143302149923 10296 
3143300211826 3143306065341 11232 
3143300211826 3143306329705 10723 
3143300211826 3143306297943 17961 
3143300211826 3143305212626 17961 
3143300211826 3143307780621 6628 
3143300211826 3143303180166 5324 
3143300211826 3143302149893 8268 
3143300211826 3143309251553 5009 
3143300211826 3143302150026 4742 
3143300211826 3143300550108 10989 
3143300211826 3143303413578 32104 
3143300211826 3143306329632 2769 
3143300211826 3143305212588 12339 
3143300211826 3143309812083 7620 
3143300211826 3143306023282 4822 
3143300211826 3143302218968 5640 
3143300211826 3143309772227 8199 
3143300211826 3143302203480 3760 
3143300211826 3143302150085 7721 
3143300211826 3143300211826 0 
3143300211826 3143302149931 2502 
3143300211826 3143309352511 9162 
3143300211826 3143309690905 5605 
3143300211826 3143307608756 10894 
3143300211826 3143306409911 10989 
3143300211826 3143307780907 986 
3143300211826 3143309936424 5552 
3143300211826 3143309812075 7121 
3143300211826 3143303688100 7688 
3143300211826 3143303180115 6027 
3143300211826 3143305302854 6690 
3143300211826 3143302219212 7281 
3143300211826 3143302149958 3182 
3143300211826 3143307951345 9487 
3143300211826 3143302219077 4775 
3143300211826 3143302219344 890 
3143300211826 3143307607660 6595 
3143300211826 3143302150069 9229 
3143300211826 3143307809131 11986 
3143300211826 3143300186252 497 
3143300211826 3143307836619 8801 
3143300211826 3143305212545 3296 
3143300211826 3143302150077 10894 
3143300211826 3143302150034 8489 
3143300211826 3143305212529 16070 
3143300211826 3143302219379 37891 
3143300211826 3143305212618 16070 
3143300211826 CLU_6117 43102 
3143300211826 CLU_6298 13156 
3143300211826 CLU_6301 24452 
3143300211826 CLU_6312 1526 
3143300211826 CLU_6320 1442 
3143300211826 CLU_6326 5201 
3143300211826 CLU_6362 5749 
3143300211826 CLU_6374 890 
3143300211826 CLU_6383 12062 
3143300211826 CLU_6385 9918 
3143300211826 CLU_6399 2302 
3143300211826 CLU_6409 38982 
3143300211826 CLU_6411 15369 
3143300211826 CLU_6413 37891 
3143300211826 CLU_6416 16070 
3143300211826 CLU_6417 56031 
3143302149931 3143309772235 2312 
3143302149931 3143309772251 3611 
3143302149931 3143309812059 2692 
3143302149931 3143305305063 4091 
3143302149931 3143307781067 5272 
3143302149931 3143305304997 5110 
3143302149931 3143307831331 5733 
3143302149931 3143300659134 5713 
3143302149931 3143303180158 4419 
3143302149931 3143307821506 3728 
3143302149931 3143302150107 6001 
3143302149931 3143309775978 3728 
3143302149931 3143302219107 3655 
3143302149931 3143302219352 1819 
3143302149931 3143303180182 4145 
3143302149931 3143302150050 5143 
3143302149931 3143302150042 4793 
3143302149931 3143302219085 5305 
3143302149931 3143309812032 6476 
3143302149931 3143302149915 7585 
3143302149931 3143307299079 5422 
3143302149931 3143302150018 7577 
3143302149931 3143302218984 7147 
3143302149931 3143306065295 8130 
3143302149931 3143302219069 1835 
3143302149931 3143306629296 7525 
3143302149931 3143302149923 7794 
3143302149931 3143306065341 8732 
3143302149931 3143306329705 8271 
3143302149931 3143306297943 15459 
3143302149931 3143305212626 15459 
3143302149931 3143307780621 5004 
3143302149931 3143303180166 3728 
3143302149931 3143302149893 5769 
3143302149931 3143309251553 2812 
3143302149931 3143302150026 3229 
3143302149931 3143300550108 8487 
3143302149931 3143303413578 29944 
3143302149931 3143306329632 3922 
3143302149931 3143305212588 11251 
3143302149931 3143309812083 5314 
3143302149931 3143306023282 2326 
3143302149931 3143302218968 4504 
3143302149931 3143309772227 5766 
3143302149931 3143302203480 1263 
3143302149931 3143302150085 5422 
3143302149931 3143300211826 2502 
3143302149931 3143302149931 0 
3143302149931 3143309352511 6678 
3143302149931 3143309690905 3651 
3143302149931 3143307608756 8426 
3143302149931 3143306409911 8487 
3143302149931 3143307780907 1927 
3143302149931 3143309936424 3879 
3143302149931 3143309812075 5037 
3143302149931 3143303688100 5732 
3143302149931 3143303180115 3611 
3143302149931 3143305302854 4196 
3143302149931 3143302219212 4787 
3143302149931 3143302149958 2828 
3143302149931 3143307951345 7225 
3143302149931 3143302219077 2799 
3143302149931 3143302219344 1835 
3143302149931 3143307607660 6001 
3143302149931 3143302150069 6737 
3143302149931 3143307809131 9563 
3143302149931 3143300186252 2887 
3143302149931 3143307836619 6476 
3143302149931 3143305212545 2802 
3143302149931 3143302150077 8426 
3143302149931 3143302150034 6155 
3143302149931 3143305212529 18392 
3143302149931 3143302219379 39837 
3143302149931 3143305212618 18392 
3143302149931 CLU_6117 44085 
3143302149931 CLU_6298 10668 
3143302149931 CLU_6301 22050 
3143302149931 CLU_6312 993 
3143302149931 CLU_6320 1893 
3143302149931 CLU_6326 4792 
3143302149931 CLU_6362 3654 
3143302149931 CLU_6374 1835 
3143302149931 CLU_6383 9559 
3143302149931 CLU_6385 7671 
3143302149931 CLU_6399 2017 
3143302149931 CLU_6409 40040 
3143302149931 CLU_6411 16404 
3143302149931 CLU_6413 39837 
3143302149931 CLU_6416 18392 
3143302149931 CLU_6417 58314 
3143309352511 3143309772235 4647 
3143309352511 3143309772251 3219 
3143309352511 3143309812059 5056 
3143309352511 3143305305063 2616 
3143309352511 3143307781067 1407 
3143309352511 3143305304997 1722 
3143309352511 3143307831331 1473 
3143309352511 3143300659134 3198 
3143309352511 3143303180158 5444 
3143309352511 3143307821506 5523 
3143309352511 3143302150107 8124 
3143309352511 3143309775978 5523 
3143309352511 3143302219107 8895 
3143309352511 3143302219352 5517 
3143309352511 3143303180182 3356 
3143309352511 3143302150050 2733 
3143309352511 3143302150042 2447 
3143309352511 3143302219085 2353 
3143309352511 3143309812032 1998 
3143309352511 3143302149915 1512 
3143309352511 3143307299079 3949 
3143309352511 3143302150018 3041 
3143309352511 3143302218984 1809 
3143309352511 3143306065295 1506 
3143309352511 3143302219069 8501 
3143309352511 3143306629296 2376 
3143309352511 3143302149923 1407 
3143309352511 3143306065341 2553 
3143309352511 3143306329705 1722 
3143309352511 3143306297943 8859 
3143309352511 3143305212626 8859 
3143309352511 3143307780621 5297 
3143309352511 3143303180166 5523 
3143309352511 3143302149893 1546 
3143309352511 3143309251553 5199 
3143309352511 3143302150026 6742 
3143309352511 3143300550108 2207 
3143309352511 3143303413578 23958 
3143309352511 3143306329632 9574 
3143309352511 3143305212588 11832 
3143309352511 3143309812083 2433 
3143309352511 3143306023282 4354 
3143309352511 3143302218968 6530 
3143309352511 3143309772227 1261 
3143309352511 3143302203480 5468 
3143309352511 3143302150085 3949 
3143309352511 3143300211826 9162 
3143309352511 3143302149931 6678 
3143309352511 3143309352511 0 
3143309352511 3143309690905 5656 
3143309352511 3143307608756 3044 
3143309352511 3143306409911 2207 
3143309352511 3143307780907 8413 
3143309352511 3143309936424 6401 
3143309352511 3143309812075 3650 
3143309352511 3143303688100 4102 
3143309352511 3143303180115 3219 
3143309352511 3143305302854 2816 
3143309352511 3143302219212 1906 
3143309352511 3143302149958 7641 
3143309352511 3143307951345 2607 
3143309352511 3143302219077 5799 
3143309352511 3143302219344 8501 
3143309352511 3143307607660 8124 
3143309352511 3143302150069 1699 
3143309352511 3143307809131 3099 
3143309352511 3143300186252 9497 
3143309352511 3143307836619 1998 
3143309352511 3143305212545 8138 
3143309352511 3143302150077 3044 
3143309352511 3143302150034 3705 
3143309352511 3143305212529 24465 
3143309352511 3143302219379 44734 
3143309352511 3143305212618 24465 
3143309352511 CLU_6117 46419 
3143309352511 CLU_6298 3993 
3143309352511 CLU_6301 16269 
3143309352511 CLU_6312 7671 
3143309352511 CLU_6320 8412 
3143309352511 CLU_6326 9077 
3143309352511 CLU_6362 4213 
3143309352511 CLU_6374 8501 
3143309352511 CLU_6383 3064 
3143309352511 CLU_6385 2885 
3143309352511 CLU_6399 8080 
3143309352511 CLU_6409 42626 
3143309352511 CLU_6411 19739 
3143309352511 CLU_6413 44734 
3143309352511 CLU_6416 24465 
3143309352511 CLU_6417 64080 
3143309690905 3143309772235 4015 
3143309690905 3143309772251 4130 
3143309690905 3143309812059 4930 
3143309690905 3143305305063 3513 
3143309690905 3143307781067 4511 
3143309690905 3143305304997 4857 
3143309690905 3143307831331 5546 
3143309690905 3143300659134 6587 
3143309690905 3143303180158 6709 
3143309690905 3143307821506 6177 
3143309690905 3143302150107 9033 
3143309690905 3143309775978 6177 
3143309690905 3143302219107 7295 
3143309690905 3143302219352 4403 
3143309690905 3143303180182 2309 
3143309690905 3143302150050 3042 
3143309690905 3143302150042 3210 
3143309690905 3143302219085 3396 
3143309690905 3143309812032 6576 
3143309690905 3143302149915 7056 
3143309690905 3143307299079 2433 
3143309690905 3143302150018 5004 
3143309690905 3143302218984 5143 
3143309690905 3143306065295 7116 
3143309690905 3143302219069 4718 
3143309690905 3143306629296 5270 
3143309690905 3143302149923 6188 
3143309690905 3143306065341 6757 
3143309690905 3143306329705 7365 
3143309690905 3143306297943 13476 
3143309690905 3143305212626 13476 
3143309690905 3143307780621 7107 
3143309690905 3143303180166 6177 
3143309690905 3143302149893 4184 
3143309690905 3143309251553 1026 
3143309690905 3143302150026 1226 
3143309690905 3143300550108 6639 
3143309690905 3143303413578 29607 
3143309690905 3143306329632 7566 
3143309690905 3143305212588 7923 
3143309690905 3143309812083 5751 
3143309690905 3143306023282 3027 
3143309690905 3143302218968 7282 
3143309690905 3143309772227 5423 
3143309690905 3143302203480 2856 
3143309690905 3143302150085 2433 
3143309690905 3143300211826 5605 
3143309690905 3143302149931 3651 
3143309690905 3143309352511 5656 
3143309690905 3143309690905 0 
3143309690905 3143307608756 6029 
3143309690905 3143306409911 6639 
3143309690905 3143307780907 5422 
3143309690905 3143309936424 756 
3143309690905 3143309812075 6248 
3143309690905 3143303688100 7085 
3143309690905 3143303180115 4130 
3143309690905 3143305302854 2947 
3143309690905 3143302219212 4055 
3143309690905 3143302149958 6348 
3143309690905 3143307951345 7449 
3143309690905 3143302219077 858 
3143309690905 3143302219344 4718 
3143309690905 3143307607660 9033 
3143309690905 3143302150069 4788 
3143309690905 3143307809131 8739 
3143309690905 3143300186252 6091 
3143309690905 3143307836619 6576 
3143309690905 3143305212545 3012 
3143309690905 3143302150077 6029 
3143309690905 3143302150034 3219 
3143309690905 3143305212529 21651 
3143309690905 3143302219379 43417 
3143309690905 3143305212618 21651 
3143309690905 CLU_6117 47611 
3143309690905 CLU_6298 9184 
3143309690905 CLU_6301 19072 
3143309690905 CLU_6312 4262 
3143309690905 CLU_6320 4267 
3143309690905 CLU_6326 3432 
3143309690905 CLU_6362 5273 
3143309690905 CLU_6374 4718 
3143309690905 CLU_6383 7759 
3143309690905 CLU_6385 7884 
3143309690905 CLU_6399 3523 
3143309690905 CLU_6409 43596 
3143309690905 CLU_6411 19992 
3143309690905 CLU_6413 43417 
3143309690905 CLU_6416 21651 
3143309690905 CLU_6417 61617 
3143307608756 3143309772235 6901 
3143307608756 3143309772251 5625 
3143307608756 3143309812059 7554 
3143307608756 3143305305063 4593 
3143307608756 3143307781067 3819 
3143307608756 3143305304997 4449 
3143307608756 3143307831331 4457 
3143307608756 3143300659134 6232 
3143307608756 3143303180158 8320 
3143307608756 3143307821506 8280 
3143307608756 3143302150107 11054 
3143307608756 3143309775978 8280 
3143307608756 3143302219107 11304 
3143307608756 3143302219352 7777 
3143307608756 3143303180182 4312 
3143307608756 3143302150050 3303 
3143307608756 3143302150042 3651 
3143307608756 3143302219085 3122 
3143307608756 3143309812032 5022 
3143307608756 3143302149915 4075 
3143307608756 3143307299079 3617 
3143307608756 3143302150018 1051 
3143307608756 3143302218984 1422 
3143307608756 3143306065295 3205 
3143307608756 3143302219069 10099 
3143307608756 3143306629296 914 
3143307608756 3143302149923 1848 
3143307608756 3143306065341 1193 
3143307608756 3143306329705 3499 
3143307608756 3143306297943 7456 
3143307608756 3143305212626 7456 
3143307608756 3143307780621 8253 
3143307608756 3143303180166 8280 
3143307608756 3143302149893 2812 
3143307608756 3143309251553 6094 
3143307608756 3143302150026 7255 
3143307608756 3143300550108 1399 
3143307608756 3143303413578 24399 
3143307608756 3143306329632 11892 
3143307608756 3143305212588 9982 
3143307608756 3143309812083 5408 
3143307608756 3143306023282 6238 
3143307608756 3143302218968 9375 
3143307608756 3143309772227 4219 
3143307608756 3143302203480 7167 
3143307608756 3143302150085 3617 
3143307608756 3143300211826 10894 
3143307608756 3143302149931 8426 
3143307608756 3143309352511 3044 
3143307608756 3143309690905 6029 
3143307608756 3143307608756 0 
3143307608756 3143306409911 1399 
3143307608756 3143307780907 10330 
3143307608756 3143309936424 6619 
3143307608756 3143309812075 6622 
3143307608756 3143303688100 7135 
3143307608756 3143303180115 5625 
3143307608756 3143305302854 4258 
3143307608756 3143302219212 4082 
3143307608756 3143302149958 10067 
3143307608756 3143307951345 5504 
3143307608756 3143302219077 6562 
3143307608756 3143302219344 10099 
3143307608756 3143307607660 11054 
3143307608756 3143302150069 1793 
3143307608756 3143307809131 4379 
3143307608756 3143300186252 11308 
3143307608756 3143307836619 5022 
3143307608756 3143305212545 8994 
3143307608756 3143302150077 0 
3143307608756 3143302150034 2880 
3143307608756 3143305212529 26740 
3143307608756 3143302219379 47506 
3143307608756 3143305212618 26740 
3143307608756 CLU_6117 49463 
3143307608756 CLU_6298 3708 
3143307608756 CLU_6301 13704 
3143307608756 CLU_6312 9370 
3143307608756 CLU_6320 9839 
3143307608756 CLU_6326 9269 
3143307608756 CLU_6362 6919 
3143307608756 CLU_6374 10099 
3143307608756 CLU_6383 2142 
3143307608756 CLU_6385 5674 
3143307608756 CLU_6399 9281 
3143307608756 CLU_6409 45668 
3143307608756 CLU_6411 22707 
3143307608756 CLU_6413 47506 
3143307608756 CLU_6416 26740 
3143307608756 CLU_6417 66557 
3143306409911 3143309772235 6668 
3143306409911 3143309772251 5280 
3143306409911 3143309812059 7181 
3143306409911 3143305305063 4430 
3143306409911 3143307781067 3385 
3143306409911 3143305304997 3877 
3143306409911 3143307831331 3677 
3143306409911 3143300659134 5336 
3143306409911 3143303180158 7651 
3143306409911 3143307821506 7721 
3143306409911 3143302150107 10320 
3143306409911 3143309775978 7721 
3143306409911 3143302219107 11012 
3143306409911 3143302219352 7553 
3143306409911 3143303180182 4593 
3143306409911 3143302150050 3645 
3143306409911 3143302150042 3758 
3143306409911 3143302219085 3345 
3143306409911 3143309812032 4006 
3143306409911 3143302149915 2850 
3143306409911 3143307299079 4375 
3143306409911 3143302150018 2146 
3143306409911 3143302218984 1496 
3143306409911 3143306065295 1879 
3143306409911 3143302219069 10254 
3143306409911 3143306629296 1513 
3143306409911 3143302149923 800 
3143306409911 3143306065341 361 
3143306409911 3143306329705 2153 
3143306409911 3143306297943 6997 
3143306409911 3143305212626 6997 
3143306409911 3143307780621 7491 
3143306409911 3143303180166 7721 
3143306409911 3143302149893 2728 
3143306409911 3143309251553 6492 
3143306409911 3143302150026 7843 
3143306409911 3143300550108 0 
3143306409911 3143303413578 23287 
3143306409911 3143306329632 11661 
3143306409911 3143305212588 11325 
3143306409911 3143309812083 4633 
3143306409911 3143306023282 6188 
3143306409911 3143302218968 8737 
3143306409911 3143309772227 3468 
3143306409911 3143302203480 7230 
3143306409911 3143302150085 4375 
3143306409911 3143300211826 10989 
3143306409911 3143302149931 8487 
3143306409911 3143309352511 2207 
3143306409911 3143309690905 6639 
3143306409911 3143307608756 1399 
3143306409911 3143306409911 0 
3143306409911 3143307780907 10323 
3143306409911 3143309936424 7307 
3143306409911 3143309812075 5844 
3143306409911 3143303688100 6234 
3143306409911 3143303180115 5280 
3143306409911 3143305302854 4319 
3143306409911 3143302219212 3787 
3143306409911 3143302149958 9758 
3143306409911 3143307951345 4344 
3143306409911 3143302219077 7030 
3143306409911 3143302219344 10254 
3143306409911 3143307607660 10320 
3143306409911 3143302150069 1865 
3143306409911 3143307809131 2983 
3143306409911 3143300186252 11365 
3143306409911 3143307836619 4006 
3143306409911 3143305212545 9473 
3143306409911 3143302150077 1399 
3143306409911 3143302150034 3765 
3143306409911 3143305212529 26562 
3143306409911 3143302219379 46941 
3143306409911 3143305212618 26562 
3143306409911 CLU_6117 48420 
3143306409911 CLU_6298 2592 
3143306409911 CLU_6301 14070 
3143306409911 CLU_6312 9467 
3143306409911 CLU_6320 10074 
3143306409911 CLU_6326 10016 
3143306409911 CLU_6362 6395 
3143306409911 CLU_6374 10254 
3143306409911 CLU_6383 1124 
3143306409911 CLU_6385 4450 
3143306409911 CLU_6399 9613 
3143306409911 CLU_6409 44667 
3143306409911 CLU_6411 21909 
3143306409911 CLU_6413 46941 
3143306409911 CLU_6416 26562 
3143306409911 CLU_6417 66245 
3143307780907 3143309772235 3805 
3143307780907 3143309772251 5226 
3143307780907 3143309812059 3759 
3143307780907 3143305305063 5895 
3143307780907 3143307781067 7024 
3143307780907 3143305304997 6762 
3143307780907 3143307831331 7320 
3143307780907 3143300659134 6935 
3143307780907 3143303180158 5019 
3143307780907 3143307821506 4343 
3143307780907 3143302150107 5684 
3143307780907 3143309775978 4343 
3143307780907 3143302219107 2356 
3143307780907 3143302219352 3007 
3143307780907 3143303180182 6068 
3143307780907 3143302150050 7060 
3143307780907 3143302150042 6683 
3143307780907 3143302219085 7208 
3143307780907 3143309812032 7926 
3143307780907 3143302149915 9164 
3143307780907 3143307299079 7338 
3143307780907 3143302150018 9497 
3143307780907 3143302218984 9025 
3143307780907 3143306065295 9814 
3143307780907 3143302219069 1192 
3143307780907 3143306629296 9423 
3143307780907 3143302149923 9604 
3143307780907 3143306065341 10583 
3143307780907 3143306329705 9923 
3143307780907 3143306297943 17255 
3143307780907 3143305212626 17255 
3143307780907 3143307780621 5644 
3143307780907 3143303180166 4343 
3143307780907 3143302149893 7628 
3143307780907 3143309251553 4682 
3143307780907 3143302150026 4741 
3143307780907 3143300550108 10323 
3143307780907 3143303413578 31154 
3143307780907 3143306329632 2289 
3143307780907 3143305212588 12604 
3143307780907 3143309812083 6744 
3143307780907 3143306023282 4137 
3143307780907 3143302218968 4662 
3143307780907 3143309772227 7393 
3143307780907 3143302203480 3167 
3143307780907 3143302150085 7338 
3143307780907 3143300211826 986 
3143307780907 3143302149931 1927 
3143307780907 3143309352511 8413 
3143307780907 3143309690905 5422 
3143307780907 3143307608756 10330 
3143307780907 3143306409911 10323 
3143307780907 3143307780907 0 
3143307780907 3143309936424 5502 
3143307780907 3143309812075 6184 
3143307780907 3143303688100 6727 
3143307780907 3143303180115 5226 
3143307780907 3143305302854 6080 
3143307780907 3143302219212 6565 
3143307780907 3143302149958 2236 
3143307780907 3143307951345 8585 
3143307780907 3143302219077 4565 
3143307780907 3143302219344 1192 
3143307780907 3143307607660 5684 
3143307780907 3143302150069 8615 
3143307780907 3143307809131 11157 
3143307780907 3143300186252 1124 
3143307780907 3143307836619 7926 
3143307780907 3143305212545 3605 
3143307780907 3143302150077 10330 
3143307780907 3143302150034 8079 
3143307780907 3143305212529 16465 
3143307780907 3143302219379 37996 
3143307780907 3143305212618 16465 
3143307780907 CLU_6117 42728 
3143307780907 CLU_6298 12403 
3143307780907 CLU_6301 23974 
3143307780907 CLU_6312 1166 
3143307780907 CLU_6320 1792 
3143307780907 CLU_6326 5632 
3143307780907 CLU_6362 4827 
3143307780907 CLU_6374 1192 
3143307780907 CLU_6383 11372 
3143307780907 CLU_6385 9009 
3143307780907 CLU_6399 2565 
3143307780907 CLU_6409 38637 
3143307780907 CLU_6411 14991 
3143307780907 CLU_6413 37996 
3143307780907 CLU_6416 16465 
3143307780907 CLU_6417 56388 
3143309936424 3143309772235 4595 
3143309936424 3143309772251 4835 
3143309936424 3143309812059 5486 
3143309936424 3143305305063 4263 
3143309936424 3143307781067 5268 
3143309936424 3143305304997 5611 
3143309936424 3143307831331 6301 
3143309936424 3143300659134 7310 
3143309936424 3143303180158 7302 
3143309936424 3143307821506 6738 
3143309936424 3143302150107 9524 
3143309936424 3143309775978 6738 
3143309936424 3143302219107 7529 
3143309936424 3143302219352 4884 
3143309936424 3143303180182 3062 
3143309936424 3143302150050 3754 
3143309936424 3143302150042 3956 
3143309936424 3143302219085 4117 
3143309936424 3143309812032 7329 
3143309936424 3143302149915 7809 
3143309936424 3143307299079 3002 
3143309936424 3143302150018 5578 
3143309936424 3143302218984 5813 
3143309936424 3143306065295 7851 
3143309936424 3143302219069 4663 
3143309936424 3143306629296 5900 
3143309936424 3143302149923 6888 
3143309936424 3143306065341 7406 
3143309936424 3143306329705 8105 
3143309936424 3143306297943 14075 
3143309936424 3143305212626 14075 
3143309936424 3143307780621 7729 
3143309936424 3143303180166 6738 
3143309936424 3143302149893 4914 
3143309936424 3143309251553 1633 
3143309936424 3143302150026 827 
3143309936424 3143300550108 7307 
3143309936424 3143303413578 30342 
3143309936424 3143306329632 7725 
3143309936424 3143305212588 7446 
3143309936424 3143309812083 6488 
3143309936424 3143306023282 3649 
3143309936424 3143302218968 7808 
3143309936424 3143309772227 6179 
3143309936424 3143302203480 3295 
3143309936424 3143302150085 3002 
3143309936424 3143300211826 5552 
3143309936424 3143302149931 3879 
3143309936424 3143309352511 6401 
3143309936424 3143309690905 756 
3143309936424 3143307608756 6619 
3143309936424 3143306409911 7307 
3143309936424 3143307780907 5502 
3143309936424 3143309936424 0 
3143309936424 3143309812075 6945 
3143309936424 3143303688100 7781 
3143309936424 3143303180115 4835 
3143309936424 3143305302854 3704 
3143309936424 3143302219212 4811 
3143309936424 3143302149958 6670 
3143309936424 3143307951345 8202 
3143309936424 3143302219077 1198 
3143309936424 3143302219344 4663 
3143309936424 3143307607660 9524 
3143309936424 3143302150069 5473 
3143309936424 3143307809131 9477 
3143309936424 3143300186252 6047 
3143309936424 3143307836619 7329 
3143309936424 3143305212545 2632 
3143309936424 3143302150077 6619 
3143309936424 3143302150034 3757 
3143309936424 3143305212529 21500 
3143309936424 3143302219379 43438 
3143309936424 3143305212618 21500 
3143309936424 CLU_6117 47953 
3143309936424 CLU_6298 9870 
3143309936424 CLU_6301 19420 
3143309936424 CLU_6312 4337 
3143309936424 CLU_6320 4146 
3143309936424 CLU_6326 2717 
3143309936424 CLU_6362 5914 
3143309936424 CLU_6374 4663 
3143309936424 CLU_6383 8420 
3143309936424 CLU_6385 8638 
3143309936424 CLU_6399 3333 
3143309936424 CLU_6409 43915 
3143309936424 CLU_6411 20284 
3143309936424 CLU_6413 43438 
3143309936424 CLU_6416 21500 
3143309936424 CLU_6417 61458 
3143309812075 3143309772235 2779 
3143309812075 3143309772251 2120 
3143309812075 3143309812059 2437 
3143309812075 3143305305063 3026 
3143309812075 3143307781067 2952 
3143309812075 3143305304997 2254 
3143309812075 3143307831331 2180 
3143309812075 3143300659134 776 
3143309812075 3143303180158 1872 
3143309812075 3143307821506 2176 
3143309812075 3143302150107 4476 
3143309812075 3143309775978 2176 
3143309812075 3143302219107 5853 
3143309812075 3143302219352 3273 
3143309812075 3143303180182 4438 
3143309812075 3143302150050 4693 
3143309812075 3143302150042 4044 
3143309812075 3143302219085 4470 
3143309812075 3143309812032 2091 
3143309812075 3143302149915 3537 
3143309812075 3143307299079 5925 
3143309812075 3143302150018 6352 
3143309812075 3143302218984 5246 
3143309812075 3143306065295 4496 
3143309812075 3143302219069 6745 
3143309812075 3143306629296 5827 
3143309812075 3143302149923 5050 
3143309812075 3143306065341 6197 
3143309812075 3143306329705 4465 
3143309812075 3143306297943 11994 
3143309812075 3143305212626 11994 
3143309812075 3143307780621 1647 
3143309812075 3143303180166 2176 
3143309812075 3143302149893 4123 
3143309812075 3143309251553 5323 
3143309812075 3143302150026 6844 
3143309812075 3143300550108 5844 
3143309812075 3143303413578 24986 
3143309812075 3143306329632 6625 
3143309812075 3143305212588 13856 
3143309812075 3143309812083 1219 
3143309812075 3143306023282 3399 
3143309812075 3143302218968 2964 
3143309812075 3143309772227 2409 
3143309812075 3143302203480 4290 
3143309812075 3143302150085 5925 
3143309812075 3143300211826 7121 
3143309812075 3143302149931 5037 
3143309812075 3143309352511 3650 
3143309812075 3143309690905 6248 
3143309812075 3143307608756 6622 
3143309812075 3143306409911 5844 
3143309812075 3143307780907 6184 
3143309812075 3143309936424 6945 
3143309812075 3143309812075 0 
3143309812075 3143303688100 836 
3143309812075 3143303180115 2120 
3143309812075 3143305302854 3769 
3143309812075 3143302219212 2966 
3143309812075 3143302149958 4675 
3143309812075 3143307951345 2500 
3143309812075 3143302219077 5867 
3143309812075 3143302219344 6745 
3143309812075 3143307607660 4476 
3143309812075 3143302150069 4964 
3143309812075 3143307809131 5401 
3143309812075 3143300186252 7302 
3143309812075 3143307836619 2091 
3143309812075 3143305212545 7493 
3143309812075 3143302150077 6622 
3143309812075 3143302150034 6160 
3143309812075 3143305212529 21277 
3143309812075 3143302219379 41125 
3143309812075 3143305212618 21277 
3143309812075 CLU_6117 42951 
3143309812075 CLU_6298 7065 
3143309812075 CLU_6301 19848 
3143309812075 CLU_6312 5898 
3143309812075 CLU_6320 6923 
3143309812075 CLU_6326 9116 
3143309812075 CLU_6362 1390 
3143309812075 CLU_6374 6745 
3143309812075 CLU_6383 6567 
3143309812075 CLU_6385 2883 
3143309812075 CLU_6399 6974 
3143309812075 CLU_6409 39109 
3143309812075 CLU_6411 16095 
3143309812075 CLU_6413 41125 
3143309812075 CLU_6416 21277 
3143309812075 CLU_6417 60647 
3143303688100 3143309772235 3536 
3143303688100 3143309772251 2957 
3143303688100 3143309812059 3061 
3143303688100 3143305305063 3832 
3143303688100 3143307781067 3623 
3143303688100 3143305304997 2926 
3143303688100 3143307831331 2691 
3143303688100 3143300659134 904 
3143303688100 3143303180158 1958 
3143303688100 3143307821506 2478 
3143303688100 3143302150107 4199 
3143303688100 3143309775978 2478 
3143303688100 3143302219107 6126 
3143303688100 3143302219352 3929 
3143303688100 3143303180182 5251 
3143303688100 3143302150050 5451 
3143303688100 3143302150042 4810 
3143303688100 3143302219085 5205 
3143303688100 3143309812032 2267 
3143303688100 3143302149915 3677 
3143303688100 3143307299079 6708 
3143303688100 3143302150018 6959 
3143303688100 3143302218984 5803 
3143303688100 3143306065295 4708 
3143303688100 3143302219069 7379 
3143303688100 3143306629296 6389 
3143303688100 3143302149923 5461 
3143303688100 3143306065341 6594 
3143303688100 3143306329705 4623 
3143303688100 3143306297943 12041 
3143303688100 3143305212626 12041 
3143303688100 3143307780621 1486 
3143303688100 3143303180166 2478 
3143303688100 3143302149893 4787 
3143303688100 3143309251553 6157 
3143303688100 3143302150026 7669 
3143303688100 3143300550108 6234 
3143303688100 3143303413578 24430 
3143303688100 3143306329632 6921 
3143303688100 3143305212588 14672 
3143303688100 3143309812083 1791 
3143303688100 3143306023282 4217 
3143303688100 3143302218968 2954 
3143303688100 3143309772227 2935 
3143303688100 3143302203480 5066 
3143303688100 3143302150085 6708 
3143303688100 3143300211826 7688 
3143303688100 3143302149931 5732 
3143303688100 3143309352511 4102 
3143303688100 3143309690905 7085 
3143303688100 3143307608756 7135 
3143303688100 3143306409911 6234 
3143303688100 3143307780907 6727 
3143303688100 3143309936424 7781 
3143303688100 3143309812075 836 
3143303688100 3143303688100 0 
3143303688100 3143303180115 2957 
3143303688100 3143305302854 4571 
3143303688100 3143302219212 3706 
3143303688100 3143302149958 5022 
3143303688100 3143307951345 2374 
3143303688100 3143302219077 6697 
3143303688100 3143302219344 7379 
3143303688100 3143307607660 4199 
3143303688100 3143302150069 5557 
3143303688100 3143307809131 5375 
3143303688100 3143300186252 7830 
3143303688100 3143307836619 2267 
3143303688100 3143305212545 8265 
3143303688100 3143302150077 7135 
3143303688100 3143302150034 6902 
3143303688100 3143305212529 21355 
3143303688100 3143302219379 40870 
3143303688100 3143305212618 21355 
3143303688100 CLU_6117 42351 
3143303688100 CLU_6298 7169 
3143303688100 CLU_6301 20108 
3143303688100 CLU_6312 6546 
3143303688100 CLU_6320 7599 
3143303688100 CLU_6326 9927 
3143303688100 CLU_6362 2092 
3143303688100 CLU_6374 7379 
3143303688100 CLU_6383 6849 
3143303688100 CLU_6385 2662 
3143303688100 CLU_6399 7703 
3143303688100 CLU_6409 38537 
3143303688100 CLU_6411 15680 
3143303688100 CLU_6413 40870 
3143303688100 CLU_6416 21355 
3143303688100 CLU_6417 60554 
3143303180115 3143309772235 1431 
3143303180115 3143309772251 0 
3143303180115 3143309812059 1930 
3143303180115 3143305305063 1155 
3143303180115 3143307781067 1894 
3143303180115 3143305304997 1535 
3143303180115 3143307831331 2123 
3143303180115 3143300659134 2499 
3143303180115 3143303180158 3025 
3143303180115 3143307821506 2772 
3143303180115 3143302150107 5732 
3143303180115 3143309775978 2772 
3143303180115 3143302219107 5735 
3143303180115 3143302219352 2298 
3143303180115 3143303180182 2425 
3143303180115 3143302150050 2930 
3143303180115 3143302150042 2291 
3143303180115 3143302219085 2824 
3143303180115 3143309812032 2909 
3143303180115 3143302149915 3977 
3143303180115 3143307299079 4010 
3143303180115 3143302150018 5063 
3143303180115 3143302218984 4209 
3143303180115 3143306065295 4587 
3143303180115 3143302219069 5444 
3143303180115 3143306629296 4727 
3143303180115 3143302149923 4509 
3143303180115 3143306065341 5583 
3143303180115 3143306329705 4699 
3143303180115 3143306297943 12079 
3143303180115 3143305212626 12079 
3143303180115 3143307780621 3229 
3143303180115 3143303180166 2772 
3143303180115 3143302149893 2823 
3143303180115 3143309251553 3226 
3143303180115 3143302150026 4786 
3143303180115 3143300550108 5280 
3143303180115 3143303413578 26420 
3143303180115 3143306329632 6383 
3143303180115 3143305212588 11784 
3143303180115 3143309812083 1810 
3143303180115 3143306023282 1457 
3143303180115 3143302218968 3942 
3143303180115 3143309772227 2172 
3143303180115 3143302203480 2543 
3143303180115 3143302150085 4010 
3143303180115 3143300211826 6027 
3143303180115 3143302149931 3611 
3143303180115 3143309352511 3219 
3143303180115 3143309690905 4130 
3143303180115 3143307608756 5625 
3143303180115 3143306409911 5280 
3143303180115 3143307780907 5226 
3143303180115 3143309936424 4835 
3143303180115 3143309812075 2120 
3143303180115 3143303688100 2957 
3143303180115 3143303180115 0 
3143303180115 3143305302854 1839 
3143303180115 3143302219212 1543 
3143303180115 3143302149958 4483 
3143303180115 3143307951345 3716 
3143303180115 3143302219077 3792 
3143303180115 3143302219344 5444 
3143303180115 3143307607660 5732 
3143303180115 3143302150069 3833 
3143303180115 3143307809131 5961 
3143303180115 3143300186252 6329 
3143303180115 3143307836619 2909 
3143303180115 3143305212545 5650 
3143303180115 3143302150077 5625 
3143303180115 3143302150034 4396 
3143303180115 3143305212529 21284 
3143303180115 3143302219379 41891 
3143303180115 3143305212618 21284 
3143303180115 CLU_6117 44545 
3143303180115 CLU_6298 7187 
3143303180115 CLU_6301 19281 
3143303180115 CLU_6312 4589 
3143303180115 CLU_6320 5460 
3143303180115 CLU_6326 7110 
3143303180115 CLU_6362 1455 
3143303180115 CLU_6374 5444 
3143303180115 CLU_6383 6254 
3143303180115 CLU_6385 4170 
3143303180115 CLU_6399 5310 
3143303180115 CLU_6409 40638 
3143303180115 CLU_6411 17330 
3143303180115 CLU_6413 41891 
3143303180115 CLU_6416 21284 
3143303180115 CLU_6417 60989 
3143305302854 3143309772235 2762 
3143305302854 3143309772251 1839 
3143305302854 3143309812059 3566 
3143305302854 3143305305063 742 
3143305302854 3143307781067 1567 
3143305302854 3143305304997 1950 
3143305302854 3143307831331 2615 
3143305302854 3143300659134 3898 
3143305302854 3143303180158 4864 
3143305302854 3143307821506 4575 
3143305302854 3143302150107 7556 
3143305302854 3143309775978 4575 
3143305302854 3143302219107 7123 
3143305302854 3143302219352 3597 
3143305302854 3143303180182 708 
3143305302854 3143302150050 1138 
3143305302854 3143302150042 606 
3143305302854 3143302219085 1157 
3143305302854 3143309812032 3657 
3143305302854 3143302149915 4132 
3143305302854 3143307299079 2181 
3143305302854 3143302150018 3497 
3143305302854 3143302218984 2950 
3143305302854 3143306065295 4319 
3143305302854 3143302219069 5937 
3143305302854 3143306629296 3347 
3143305302854 3143302149923 3677 
3143305302854 3143306065341 4546 
3143305302854 3143306329705 4536 
3143305302854 3143306297943 11315 
3143305302854 3143305212626 11315 
3143305302854 3143307780621 5055 
3143305302854 3143303180166 4575 
3143305302854 3143302149893 1591 
3143305302854 3143309251553 2385 
3143305302854 3143302150026 3952 
3143305302854 3143300550108 4319 
3143305302854 3143303413578 26751 
3143305302854 3143306329632 7669 
3143305302854 3143305212588 10108 
3143305302854 3143309812083 2973 
3143305302854 3143306023282 1985 
3143305302854 3143302218968 5755 
3143305302854 3143309772227 2479 
3143305302854 3143302203480 2933 
3143305302854 3143302150085 2181 
3143305302854 3143300211826 6690 
3143305302854 3143302149931 4196 
3143305302854 3143309352511 2816 
3143305302854 3143309690905 2947 
3143305302854 3143307608756 4258 
3143305302854 3143306409911 4319 
3143305302854 3143307780907 6080 
3143305302854 3143309936424 3704 
3143305302854 3143309812075 3769 
3143305302854 3143303688100 4571 
3143305302854 3143303180115 1839 
3143305302854 3143305302854 0 
3143305302854 3143302219212 1111 
3143305302854 3143302149958 5914 
3143305302854 3143307951345 4528 
3143305302854 3143302219077 2990 
3143305302854 3143302219344 5937 
3143305302854 3143307607660 7556 
3143305302854 3143302150069 2540 
3143305302854 3143307809131 5911 
3143305302854 3143300186252 7083 
3143305302854 3143307836619 3657 
3143305302854 3143305212545 5328 
3143305302854 3143302150077 4258 
3143305302854 3143302150034 2568 
3143305302854 3143305212529 22485 
3143305302854 3143302219379 43468 
3143305302854 3143305212618 22485 
3143305302854 CLU_6117 46379 
3143305302854 CLU_6298 6653 
3143305302854 CLU_6301 17947 
3143305302854 CLU_6312 5164 
3143305302854 CLU_6320 5757 
3143305302854 CLU_6326 6312 
3143305302854 CLU_6362 3292 
3143305302854 CLU_6374 5937 
3143305302854 CLU_6383 5417 
3143305302854 CLU_6385 4954 
3143305302854 CLU_6399 5336 
3143305302854 CLU_6409 42465 
3143305302854 CLU_6411 19109 
3143305302854 CLU_6413 43468 
3143305302854 CLU_6416 22485 
3143305302854 CLU_6417 62329 
3143302219212 3143309772235 2885 
3143302219212 3143309772251 1543 
3143302219212 3143309812059 3474 
3143302219212 3143305305063 710 
3143302219212 3143307781067 511 
3143302219212 3143305304997 870 
3143302219212 3143307831331 1507 
3143302219212 3143300659134 2940 
3143302219212 3143303180158 4378 
3143302219212 3143307821506 4241 
3143302219212 3143302150107 7128 
3143302219212 3143309775978 4241 
3143302219212 3143302219107 7262 
3143302219212 3143302219352 3771 
3143302219212 3143303180182 1801 
3143302219212 3143302150050 1748 
3143302219212 3143302150042 1123 
3143302219212 3143302219085 1504 
3143302219212 3143309812032 2551 
3143302219212 3143302149915 3074 
3143302219212 3143307299079 3035 
3143302219212 3143302150018 3562 
3143302219212 3143302218984 2665 
3143302219212 3143306065295 3396 
3143302219212 3143302219069 6602 
3143302219212 3143306629296 3188 
3143302219212 3143302149923 3044 
3143302219212 3143306065341 4074 
3143302219212 3143306329705 3578 
3143302219212 3143306297943 10691 
3143302219212 3143305212626 10691 
3143302219212 3143307780621 4442 
3143302219212 3143303180166 4241 
3143302219212 3143302149893 1293 
3143302219212 3143309251553 3429 
3143302219212 3143302150026 5023 
3143302219212 3143300550108 3787 
3143302219212 3143303413578 25715 
3143302219212 3143306329632 7888 
3143302219212 3143305212588 11081 
3143302219212 3143309812083 1983 
3143302219212 3143306023282 2460 
3143302219212 3143302218968 5379 
3143302219212 3143309772227 1368 
3143302219212 3143302203480 3564 
3143302219212 3143302150085 3035 
3143302219212 3143300211826 7281 
3143302219212 3143302149931 4787 
3143302219212 3143309352511 1906 
3143302219212 3143309690905 4055 
3143302219212 3143307608756 4082 
3143302219212 3143306409911 3787 
3143302219212 3143307780907 6565 
3143302219212 3143309936424 4811 
3143302219212 3143309812075 2966 
3143302219212 3143303688100 3706 
3143302219212 3143303180115 1543 
3143302219212 3143305302854 1111 
3143302219212 3143302219212 0 
3143302219212 3143302149958 6014 
3143302219212 3143307951345 3420 
3143302219212 3143302219077 4040 
3143302219212 3143302219344 6602 
3143302219212 3143307607660 7128 
3143302219212 3143302150069 2291 
3143302219212 3143307809131 4934 
3143302219212 3143300186252 7631 
3143302219212 3143307836619 2551 
3143302219212 3143305212545 6293 
3143302219212 3143302150077 4082 
3143302219212 3143302150034 3197 
3143302219212 3143305212529 22785 
3143302219212 3143302219379 43428 
3143302219212 3143305212618 22785 
3143302219212 CLU_6117 45853 
3143302219212 CLU_6298 5883 
3143302219212 CLU_6301 17742 
3143302219212 CLU_6312 5779 
3143302219212 CLU_6320 6506 
3143302219212 CLU_6326 7393 
3143302219212 CLU_6362 2880 
3143302219212 CLU_6374 6602 
3143302219212 CLU_6383 4810 
3143302219212 CLU_6385 3843 
3143302219212 CLU_6399 6185 
3143302219212 CLU_6409 41980 
3143302219212 CLU_6411 18776 
3143302219212 CLU_6413 43428 
3143302219212 CLU_6416 22785 
3143302219212 CLU_6417 62523 
3143302149958 3143309772235 3170 
3143302149958 3143309772251 4483 
3143302149958 3143309812059 2584 
3143302149958 3143305305063 5475 
3143302149958 3143307781067 6375 
3143302149958 3143305304997 5918 
3143302149958 3143307831331 6318 
3143302149958 3143300659134 5450 
3143302149958 3143303180158 3117 
3143302149958 3143307821506 2545 
3143302149958 3143302150107 3461 
3143302149958 3143309775978 2545 
3143302149958 3143302219107 1254 
3143302149958 3143302219352 2317 
3143302149958 3143303180182 6160 
3143302149958 3143302150050 7032 
3143302149958 3143302150042 6503 
3143302149958 3143302219085 7064 
3143302149958 3143309812032 6669 
3143302149958 3143302149915 8051 
3143302149958 3143307299079 7688 
3143302149958 3143302150018 9400 
3143302149958 3143302218984 8666 
3143302149958 3143306065295 8870 
3143302149958 3143302219069 3340 
3143302149958 3143306629296 9157 
3143302149958 3143302149923 8979 
3143302149958 3143306065341 10065 
3143302149958 3143306329705 8915 
3143302149958 3143306297943 16441 
3143302149958 3143305212626 16441 
3143302149958 3143307780621 3719 
3143302149958 3143303180166 2545 
3143302149958 3143302149893 7255 
3143302149958 3143309251553 5395 
3143302149958 3143302150026 6054 
3143302149958 3143300550108 9758 
3143302149958 3143303413578 29362 
3143302149958 3143306329632 1966 
3143302149958 3143305212588 14076 
3143302149958 3143309812083 5539 
3143302149958 3143306023282 3990 
3143302149958 3143302218968 2517 
3143302149958 3143309772227 6456 
3143302149958 3143302203480 3533 
3143302149958 3143302150085 7688 
3143302149958 3143300211826 3182 
3143302149958 3143302149931 2828 
3143302149958 3143309352511 7641 
3143302149958 3143309690905 6348 
3143302149958 3143307608756 10067 
3143302149958 3143306409911 9758 
3143302149958 3143307780907 2236 
3143302149958 3143309936424 6670 
3143302149958 3143309812075 4675 
3143302149958 3143303688100 5022 
3143302149958 3143303180115 4483 
3143302149958 3143305302854 5914 
3143302149958 3143302219212 6014 
3143302149958 3143302149958 0 
3143302149958 3143307951345 7175 
3143302149958 3143302219077 5530 
3143302149958 3143302219344 3340 
3143302149958 3143307607660 3461 
3143302149958 3143302150069 8276 
3143302149958 3143307809131 10005 
3143302149958 3143300186252 3124 
3143302149958 3143307836619 6669 
3143302149958 3143305212545 5433 
3143302149958 3143302150077 10067 
3143302149958 3143302150034 8320 
3143302149958 3143305212529 16824 
3143302149958 3143302219379 37560 
3143302149958 3143305212618 16824 
3143302149958 CLU_6117 41283 
3143302149958 CLU_6298 11502 
3143302149958 CLU_6301 23755 
3143302149958 CLU_6312 2851 
3143302149958 CLU_6320 3857 
3143302149958 CLU_6326 7488 
3143302149958 CLU_6362 3518 
3143302149958 CLU_6374 3340 
3143302149958 CLU_6383 10703 
3143302149958 CLU_6385 7555 
3143302149958 CLU_6399 4457 
3143302149958 CLU_6409 37254 
3143302149958 CLU_6411 13644 
3143302149958 CLU_6413 37560 
3143302149958 CLU_6416 16824 
3143302149958 CLU_6417 56509 
3143307951345 3143309772235 4915 
3143307951345 3143309772251 3716 
3143307951345 3143309812059 4832 
3143307951345 3143305305063 3942 
3143307951345 3143307781067 3033 
3143307951345 3143305304997 2591 
3143307951345 3143307831331 1912 
3143307951345 3143300659134 1726 
3143307951345 3143303180158 4271 
3143307951345 3143307821506 4668 
3143307951345 3143302150107 6536 
3143307951345 3143309775978 4668 
3143307951345 3143302219107 8351 
3143307951345 3143302219352 5594 
3143307951345 3143303180182 5221 
3143307951345 3143302150050 4964 
3143307951345 3143302150042 4456 
3143307951345 3143302219085 4616 
3143307951345 3143309812032 872 
3143307951345 3143302149915 1512 
3143307951345 3143307299079 6276 
3143307951345 3143302150018 5639 
3143307951345 3143302218984 4403 
3143307951345 3143306065295 2567 
3143307951345 3143302219069 9021 
3143307951345 3143306629296 4952 
3143307951345 3143302149923 3671 
3143307951345 3143306065341 4700 
3143307951345 3143306329705 2403 
3143307951345 3143306297943 9673 
3143307951345 3143305212626 9673 
3143307951345 3143307780621 3856 
3143307951345 3143303180166 4668 
3143307951345 3143302149893 3917 
3143307951345 3143309251553 6722 
3143307951345 3143302150026 8330 
3143307951345 3143300550108 4344 
3143307951345 3143303413578 22725 
3143307951345 3143306329632 9126 
3143307951345 3143305212588 14307 
3143307951345 3143309812083 1919 
3143307951345 3143306023282 5172 
3143307951345 3143302218968 5314 
3143307951345 3143309772227 2072 
3143307951345 3143302203480 6250 
3143307951345 3143302150085 6276 
3143307951345 3143300211826 9487 
3143307951345 3143302149931 7225 
3143307951345 3143309352511 2607 
3143307951345 3143309690905 7449 
3143307951345 3143307608756 5504 
3143307951345 3143306409911 4344 
3143307951345 3143307780907 8585 
3143307951345 3143309936424 8202 
3143307951345 3143309812075 2500 
3143307951345 3143303688100 2374 
3143307951345 3143303180115 3716 
3143307951345 3143305302854 4528 
3143307951345 3143302219212 3420 
3143307951345 3143302149958 7175 
3143307951345 3143307951345 0 
3143307951345 3143302219077 7327 
3143307951345 3143302219344 9021 
3143307951345 3143307607660 6536 
3143307951345 3143302150069 4304 
3143307951345 3143307809131 3002 
3143307951345 3143300186252 9709 
3143307951345 3143307836619 872 
3143307951345 3143305212545 9357 
3143307951345 3143302150077 5504 
3143307951345 3143302150034 6189 
3143307951345 3143305212529 23711 
3143307951345 3143302219379 43159 
3143307951345 3143305212618 23711 
3143307951345 CLU_6117 44084 
3143307951345 CLU_6298 4839 
3143307951345 CLU_6301 17864 
3143307951345 CLU_6312 8160 
3143307951345 CLU_6320 9111 
3143307951345 CLU_6326 10698 
3143307951345 CLU_6362 3767 
3143307951345 CLU_6374 9021 
3143307951345 CLU_6383 4726 
3143307951345 CLU_6385 454 
3143307951345 CLU_6399 9018 
3143307951345 CLU_6409 40350 
3143307951345 CLU_6411 17825 
3143307951345 CLU_6413 43159 
3143307951345 CLU_6416 23711 
3143307951345 CLU_6417 62921 
3143302219077 3143309772235 3414 
3143302219077 3143309772251 3792 
3143302219077 3143309812059 4295 
3143302219077 3143305305063 3408 
3143302219077 3143307781067 4534 
3143302219077 3143305304997 4762 
3143302219077 3143307831331 5466 
3143302219077 3143300659134 6291 
3143302219077 3143303180158 6120 
3143302219077 3143307821506 5546 
3143302219077 3143302150107 8327 
3143302219077 3143309775978 5546 
3143302219077 3143302219107 6450 
3143302219077 3143302219352 3686 
3143302219077 3143303180182 2482 
3143302219077 3143302150050 3385 
3143302219077 3143302150042 3390 
3143302219077 3143302219085 3698 
3143302219077 3143309812032 6461 
3143302219077 3143302149915 7109 
3143302219077 3143307299079 3067 
3143302219077 3143302150018 5570 
3143302219077 3143302218984 5545 
3143302219077 3143306065295 7295 
3143302219077 3143302219069 3892 
3143302219077 3143306629296 5749 
3143302219077 3143302149923 6505 
3143302219077 3143306065341 7185 
3143302219077 3143306329705 7521 
3143302219077 3143306297943 13961 
3143302219077 3143305212626 13961 
3143302219077 3143307780621 6563 
3143302219077 3143303180166 5546 
3143302219077 3143302149893 4428 
3143302219077 3143309251553 611 
3143302219077 3143302150026 1004 
3143302219077 3143300550108 7030 
3143302219077 3143303413578 29740 
3143302219077 3143306329632 6710 
3143302219077 3143305212588 8635 
3143302219077 3143309812083 5527 
3143302219077 3143306023282 2504 
3143302219077 3143302218968 6610 
3143302219077 3143309772227 5378 
3143302219077 3143302203480 2100 
3143302219077 3143302150085 3067 
3143302219077 3143300211826 4775 
3143302219077 3143302149931 2799 
3143302219077 3143309352511 5799 
3143302219077 3143309690905 858 
3143302219077 3143307608756 6562 
3143302219077 3143306409911 7030 
3143302219077 3143307780907 4565 
3143302219077 3143309936424 1198 
3143302219077 3143309812075 5867 
3143302219077 3143303688100 6697 
3143302219077 3143303180115 3792 
3143302219077 3143305302854 2990 
3143302219077 3143302219212 4040 
3143302219077 3143302149958 5530 
3143302219077 3143307951345 7327 
3143302219077 3143302219077 0 
3143302219077 3143302219344 3892 
3143302219077 3143307607660 8327 
3143302219077 3143302150069 5164 
3143302219077 3143307809131 8898 
3143302219077 3143300186252 5256 
3143302219077 3143307836619 6461 
3143302219077 3143305212545 2446 
3143302219077 3143302150077 6562 
3143302219077 3143302150034 3860 
3143302219077 3143305212529 20838 
3143302219077 3143302219379 42562 
3143302219077 3143305212618 20838 
3143302219077 CLU_6117 46809 
3143302219077 CLU_6298 9515 
3143302219077 CLU_6301 19804 
3143302219077 CLU_6312 3408 
3143302219077 CLU_6320 3472 
3143302219077 CLU_6326 3372 
3143302219077 CLU_6362 4769 
3143302219077 CLU_6374 3892 
3143302219077 CLU_6383 8154 
3143302219077 CLU_6385 7774 
3143302219077 CLU_6399 2780 
3143302219077 CLU_6409 42785 
3143302219077 CLU_6411 19168 
3143302219077 CLU_6413 42562 
3143302219077 CLU_6416 20838 
3143302219077 CLU_6417 60802 
3143302219344 3143309772235 4109 
3143302219344 3143309772251 5444 
3143302219344 3143309812059 4322 
3143302219344 3143305305063 5899 
3143302219344 3143307781067 7094 
3143302219344 3143305304997 6945 
3143302219344 3143307831331 7567 
3143302219344 3143300659134 7456 
3143302219344 3143303180158 5835 
3143302219344 3143307821506 5137 
3143302219344 3143302150107 6800 
3143302219344 3143309775978 5137 
3143302219344 3143302219107 3546 
3143302219344 3143302219352 3472 
3143302219344 3143303180182 5787 
3143302219344 3143302150050 6796 
3143302219344 3143302150042 6518 
3143302219344 3143302219085 7000 
3143302219344 3143309812032 8292 
3143302219344 3143302149915 9420 
3143302219344 3143307299079 6864 
3143302219344 3143302150018 9197 
3143302219344 3143302218984 8874 
3143302219344 3143306065295 9962 
3143302219344 3143302219069 0 
3143302219344 3143306629296 9214 
3143302219344 3143302149923 9582 
3143302219344 3143306065341 10484 
3143302219344 3143306329705 10105 
3143302219344 3143306297943 17244 
3143302219344 3143305212626 17244 
3143302219344 3143307780621 6453 
3143302219344 3143303180166 5137 
3143302219344 3143302149893 7526 
3143302219344 3143309251553 4148 
3143302219344 3143302150026 3856 
3143302219344 3143300550108 10254 
3143302219344 3143303413578 31715 
3143302219344 3143306329632 3413 
3143302219344 3143305212588 11536 
3143302219344 3143309812083 7121 
3143302219344 3143306023282 4146 
3143302219344 3143302218968 5635 
3143302219344 3143309772227 7602 
3143302219344 3143302203480 3040 
3143302219344 3143302150085 6864 
3143302219344 3143300211826 890 
3143302219344 3143302149931 1835 
3143302219344 3143309352511 8501 
3143302219344 3143309690905 4718 
3143302219344 3143307608756 10099 
3143302219344 3143306409911 10254 
3143302219344 3143307780907 1192 
3143302219344 3143309936424 4663 
3143302219344 3143309812075 6745 
3143302219344 3143303688100 7379 
3143302219344 3143303180115 5444 
3143302219344 3143305302854 5937 
3143302219344 3143302219212 6602 
3143302219344 3143302149958 3340 
3143302219344 3143307951345 9021 
3143302219344 3143302219077 3892 
3143302219344 3143302219344 0 
3143302219344 3143307607660 6800 
3143302219344 3143302150069 8465 
3143302219344 3143307809131 11398 
3143302219344 3143300186252 1384 
3143302219344 3143307836619 8292 
3143302219344 3143305212545 2489 
3143302219344 3143302150077 10099 
3143302219344 3143302150034 7638 
3143302219344 3143305212529 16947 
3143302219344 3143302219379 38777 
3143302219344 3143305212618 16947 
3143302219344 CLU_6117 43842 
3143302219344 CLU_6298 12485 
3143302219344 CLU_6301 23611 
3143302219344 CLU_6312 861 
3143302219344 CLU_6320 621 
3143302219344 CLU_6326 4475 
3143302219344 CLU_6362 5356 
3143302219344 CLU_6374 0 
3143302219344 CLU_6383 11341 
3143302219344 CLU_6385 9462 
3143302219344 CLU_6399 1461 
3143302219344 CLU_6409 39736 
3143302219344 CLU_6411 16102 
3143302219344 CLU_6413 38777 
3143302219344 CLU_6416 16947 
3143302219344 CLU_6417 56910 
3143307607660 3143309772235 5087 
3143307607660 3143309772251 5732 
3143307607660 3143309812059 4155 
3143307607660 3143305305063 6886 
3143307607660 3143307781067 7270 
3143307607660 3143305304997 6610 
3143307607660 3143307831331 6651 
3143307607660 3143300659134 5043 
3143307607660 3143303180158 2751 
3143307607660 3143307821506 2990 
3143307607660 3143302150107 0 
3143307607660 3143309775978 2990 
3143307607660 3143302219107 3736 
3143307607660 3143302219352 4640 
3143307607660 3143303180182 8059 
3143307607660 3143302150050 8662 
3143307607660 3143302150042 8022 
3143307607660 3143302219085 8544 
3143307607660 3143309812032 6450 
3143307607660 3143302149915 7875 
3143307607660 3143307299079 9679 
3143307607660 3143302150018 10677 
3143307607660 3143302218984 9650 
3143307607660 3143306065295 8897 
3143307607660 3143302219069 6800 
3143307607660 3143306629296 10221 
3143307607660 3143302149923 9527 
3143307607660 3143306065341 10673 
3143307607660 3143306329705 8821 
3143307607660 3143306297943 16204 
3143307607660 3143305212626 16204 
3143307607660 3143307780621 2829 
3143307607660 3143303180166 2990 
3143307607660 3143302149893 8401 
3143307607660 3143309251553 8009 
3143307607660 3143302150026 9058 
3143307607660 3143300550108 10320 
3143307607660 3143303413578 27065 
3143307607660 3143306329632 4441 
3143307607660 3143305212588 16952 
3143307607660 3143309812083 5691 
3143307607660 3143306023282 6115 
3143307607660 3143302218968 1808 
3143307607660 3143309772227 6873 
3143307607660 3143302203480 6230 
3143307607660 3143302150085 9679 
3143307607660 3143300211826 6595 
3143307607660 3143302149931 6001 
3143307607660 3143309352511 8124 
3143307607660 3143309690905 9033 
3143307607660 3143307608756 11054 
3143307607660 3143306409911 10320 
3143307607660 3143307780907 5684 
3143307607660 3143309936424 9524 
3143307607660 3143309812075 4476 
3143307607660 3143303688100 4199 
3143307607660 3143303180115 5732 
3143307607660 3143305302854 7556 
3143307607660 3143302219212 7128 
3143307607660 3143302149958 3461 
3143307607660 3143307951345 6536 
3143307607660 3143302219077 8327 
3143307607660 3143302219344 6800 
3143307607660 3143307607660 0 
3143307607660 3143302150069 9333 
3143307607660 3143307809131 9529 
3143307607660 3143300186252 6455 
3143307607660 3143307836619 6450 
3143307607660 3143305212545 8768 
3143307607660 3143302150077 11054 
3143307607660 3143302150034 10123 
3143307607660 3143305212529 17483 
3143307607660 3143302219379 36678 
3143307607660 3143305212618 17483 
3143307607660 CLU_6117 38830 
3143307607660 CLU_6298 11363 
3143307607660 CLU_6301 24293 
3143307607660 CLU_6312 6259 
3143307607660 CLU_6320 7304 
3143307607660 CLU_6326 10791 
3143307607660 CLU_6362 4281 
3143307607660 CLU_6374 6800 
3143307607660 CLU_6383 11017 
3143307607660 CLU_6385 6755 
3143307607660 CLU_6399 7845 
3143307607660 CLU_6409 34909 
3143307607660 CLU_6411 11660 
3143307607660 CLU_6413 36678 
3143307607660 CLU_6416 17483 
3143307607660 CLU_6417 56399 
3143302150069 3143309772235 5115 
3143302150069 3143309772251 3833 
3143302150069 3143309812059 5761 
3143302150069 3143305305063 2808 
3143302150069 3143307781067 2064 
3143302150069 3143305304997 2730 
3143302150069 3143307831331 2874 
3143302150069 3143300659134 4673 
3143302150069 3143303180158 6586 
3143302150069 3143307821506 6510 
3143302150069 3143302150107 9333 
3143302150069 3143309775978 6510 
3143302150069 3143302219107 9516 
3143302150069 3143302219352 5994 
3143302150069 3143303180182 2738 
3143302150069 3143302150050 1779 
3143302150069 3143302150042 1948 
3143302150069 3143302219085 1489 
3143302150069 3143309812032 3643 
3143302150069 3143302149915 3127 
3143302150069 3143307299079 2628 
3143302150069 3143302150018 1403 
3143302150069 3143302218984 409 
3143302150069 3143306065295 2665 
3143302150069 3143302219069 8465 
3143302150069 3143306629296 898 
3143302150069 3143302149923 1438 
3143302150069 3143306065341 2038 
3143302150069 3143306329705 2968 
3143302150069 3143306297943 8834 
3143302150069 3143305212626 8834 
3143302150069 3143307780621 6564 
3143302150069 3143303180166 6510 
3143302150069 3143302149893 1021 
3143302150069 3143309251553 4629 
3143302150069 3143302150026 5984 
3143302150069 3143300550108 1865 
3143302150069 3143303413578 24971 
3143302150069 3143306329632 10113 
3143302150069 3143305212588 10211 
3143302150069 3143309812083 3779 
3143302150069 3143306023282 4492 
3143302150069 3143302218968 7624 
3143302150069 3143309772227 2628 
3143302150069 3143302203480 5473 
3143302150069 3143302150085 2628 
3143302150069 3143300211826 9229 
3143302150069 3143302149931 6737 
3143302150069 3143309352511 1699 
3143302150069 3143309690905 4788 
3143302150069 3143307608756 1793 
3143302150069 3143306409911 1865 
3143302150069 3143307780907 8615 
3143302150069 3143309936424 5473 
3143302150069 3143309812075 4964 
3143302150069 3143303688100 5557 
3143302150069 3143303180115 3833 
3143302150069 3143305302854 2540 
3143302150069 3143302219212 2291 
3143302150069 3143302149958 8276 
3143302150069 3143307951345 4304 
3143302150069 3143302219077 5164 
3143302150069 3143302219344 8465 
3143302150069 3143307607660 9333 
3143302150069 3143302150069 0 
3143302150069 3143307809131 4236 
3143302150069 3143300186252 9624 
3143302150069 3143307836619 3643 
3143302150069 3143305212545 7607 
3143302150069 3143302150077 1793 
3143302150069 3143302150034 2171 
3143302150069 3143305212529 24981 
3143302150069 3143302219379 45719 
3143302150069 3143305212618 24981 
3143302150069 CLU_6117 47903 
3143302150069 CLU_6298 4397 
3143302150069 CLU_6301 15484 
3143302150069 CLU_6312 7702 
3143302150069 CLU_6320 8254 
3143302150069 CLU_6326 8189 
3143302150069 CLU_6362 5147 
3143302150069 CLU_6374 8465 
3143302150069 CLU_6383 2989 
3143302150069 CLU_6385 4583 
3143302150069 CLU_6399 7766 
3143302150069 CLU_6409 44072 
3143302150069 CLU_6411 20993 
3143302150069 CLU_6413 45719 
3143302150069 CLU_6416 24981 
3143302150069 CLU_6417 64775 
3143307809131 3143309772235 7357 
3143307809131 3143309772251 5961 
3143307809131 3143309812059 7515 
3143307809131 3143305305063 5636 
3143307809131 3143307781067 4422 
3143307809131 3143305304997 4455 
3143307809131 3143307831331 3842 
3143307809131 3143300659134 4659 
3143307809131 3143303180158 7238 
3143307809131 3143307821506 7572 
3143307809131 3143302150107 9529 
3143307809131 3143309775978 7572 
3143307809131 3143302219107 11220 
3143307809131 3143302219352 8160 
3143307809131 3143303180182 6450 
3143307809131 3143302150050 5747 
3143307809131 3143302150042 5537 
3143307809131 3143302219085 5373 
3143307809131 3143309812032 3337 
3143307809131 3143302149915 1992 
3143307809131 3143307299079 6836 
3143307809131 3143302150018 5055 
3143307809131 3143302218984 4048 
3143307809131 3143306065295 1626 
3143307809131 3143302219069 11398 
3143307809131 3143306629296 4345 
3143307809131 3143302149923 2859 
3143307809131 3143306065341 3209 
3143307809131 3143306329705 1377 
3143307809131 3143306297943 6675 
3143307809131 3143305212626 6675 
3143307809131 3143307780621 6853 
3143307809131 3143303180166 7572 
3143307809131 3143302149893 4566 
3143307809131 3143309251553 8297 
3143307809131 3143302150026 9840 
3143307809131 3143300550108 2983 
3143307809131 3143303413578 20867 
3143307809131 3143306329632 11971 
3143307809131 3143305212588 14268 
3143307809131 3143309812083 4476 
3143307809131 3143306023282 7286 
3143307809131 3143302218968 8300 
3143307809131 3143309772227 3796 
3143307809131 3143302203480 8416 
3143307809131 3143302150085 6836 
3143307809131 3143300211826 11986 
3143307809131 3143302149931 9563 
3143307809131 3143309352511 3099 
3143307809131 3143309690905 8739 
3143307809131 3143307608756 4379 
3143307809131 3143306409911 2983 
3143307809131 3143307780907 11157 
3143307809131 3143309936424 9477 
3143307809131 3143309812075 5401 
3143307809131 3143303688100 5375 
3143307809131 3143303180115 5961 
3143307809131 3143305302854 5911 
3143307809131 3143302219212 4934 
3143307809131 3143302149958 10005 
3143307809131 3143307951345 3002 
3143307809131 3143302219077 8898 
3143307809131 3143302219344 11398 
3143307809131 3143307607660 9529 
3143307809131 3143302150069 4236 
3143307809131 3143307809131 0 
3143307809131 3143300186252 12271 
3143307809131 3143307836619 3337 
3143307809131 3143305212545 11219 
3143307809131 3143302150077 4379 
3143307809131 3143302150034 6402 
3143307809131 3143305212529 26676 
3143307809131 3143302219379 46096 
3143307809131 3143305212618 26676 
3143307809131 CLU_6117 46441 
3143307809131 CLU_6298 1978 
3143307809131 CLU_6301 15032 
3143307809131 CLU_6312 10547 
3143307809131 CLU_6320 11373 
3143307809131 CLU_6326 12167 
3143307809131 CLU_6362 6497 
3143307809131 CLU_6374 11398 
3143307809131 CLU_6383 2598 
3143307809131 CLU_6385 2783 
3143307809131 CLU_6399 11107 
3143307809131 CLU_6409 42799 
3143307809131 CLU_6411 20655 
3143307809131 CLU_6413 46096 
3143307809131 CLU_6416 26676 
3143307809131 CLU_6417 65922 
3143300186252 3143309772235 4915 
3143300186252 3143309772251 6329 
3143300186252 3143309812059 4881 
3143300186252 3143305305063 6949 
3143300186252 3143307781067 8100 
3143300186252 3143305304997 7862 
3143300186252 3143307831331 8432 
3143300186252 3143300659134 8056 
3143300186252 3143303180158 6078 
3143300186252 3143307821506 5416 
3143300186252 3143302150107 6455 
3143300186252 3143309775978 5416 
3143300186252 3143302219107 2821 
3143300186252 3143302219352 4130 
3143300186252 3143303180182 7010 
3143300186252 3143302150050 8015 
3143300186252 3143302150042 7680 
3143300186252 3143302219085 8189 
3143300186252 3143309812032 9049 
3143300186252 3143302149915 10279 
3143300186252 3143307299079 8179 
3143300186252 3143302150018 10440 
3143300186252 3143302218984 10034 
3143300186252 3143306065295 10912 
3143300186252 3143302219069 1384 
3143300186252 3143306629296 10409 
3143300186252 3143302149923 10660 
3143300186252 3143306065341 11615 
3143300186252 3143306329705 11028 
3143300186252 3143306297943 18321 
3143300186252 3143305212626 18321 
3143300186252 3143307780621 6701 
3143300186252 3143303180166 5416 
3143300186252 3143302149893 8652 
3143300186252 3143309251553 5473 
3143300186252 3143302150026 5239 
3143300186252 3143300550108 11365 
3143300186252 3143303413578 32260 
3143300186252 3143306329632 2416 
3143300186252 3143305212588 12818 
3143300186252 3143309812083 7867 
3143300186252 3143306023282 5181 
3143300186252 3143302218968 5629 
3143300186252 3143309772227 8499 
3143300186252 3143302203480 4150 
3143300186252 3143302150085 8179 
3143300186252 3143300211826 497 
3143300186252 3143302149931 2887 
3143300186252 3143309352511 9497 
3143300186252 3143309690905 6091 
3143300186252 3143307608756 11308 
3143300186252 3143306409911 11365 
3143300186252 3143307780907 1124 
3143300186252 3143309936424 6047 
3143300186252 3143309812075 7302 
3143300186252 3143303688100 7830 
3143300186252 3143303180115 6329 
3143300186252 3143305302854 7083 
3143300186252 3143302219212 7631 
3143300186252 3143302149958 3124 
3143300186252 3143307951345 9709 
3143300186252 3143302219077 5256 
3143300186252 3143302219344 1384 
3143300186252 3143307607660 6455 
3143300186252 3143302150069 9624 
3143300186252 3143307809131 12271 
3143300186252 3143300186252 0 
3143300186252 3143307836619 9049 
3143300186252 3143305212545 3782 
3143300186252 3143302150077 11308 
3143300186252 3143302150034 8942 
3143300186252 3143305212529 15602 
3143300186252 3143302219379 37394 
3143300186252 3143305212618 15602 
3143300186252 CLU_6117 42654 
3143300186252 CLU_6298 13490 
3143300186252 CLU_6301 24895 
3143300186252 CLU_6312 1944 
3143300186252 CLU_6320 1937 
3143300186252 CLU_6326 5661 
3143300186252 CLU_6362 5949 
3143300186252 CLU_6374 1384 
3143300186252 CLU_6383 12427 
3143300186252 CLU_6385 10133 
3143300186252 CLU_6399 2796 
3143300186252 CLU_6409 38527 
3143300186252 CLU_6411 14927 
3143300186252 CLU_6413 37394 
3143300186252 CLU_6416 15602 
3143300186252 CLU_6417 55559 
3143307836619 3143309772235 4183 
3143307836619 3143309772251 2909 
3143307836619 3143309812059 4214 
3143307836619 3143305305063 3071 
3143307836619 3143307781067 2182 
3143307836619 3143305304997 1718 
3143307836619 3143307831331 1045 
3143307836619 3143300659134 1410 
3143307836619 3143303180158 3959 
3143307836619 3143307821506 4243 
3143307836619 3143302150107 6450 
3143307836619 3143309775978 4243 
3143307836619 3143302219107 7882 
3143307836619 3143302219352 4919 
3143307836619 3143303180182 4353 
3143307836619 3143302150050 4134 
3143307836619 3143302150042 3605 
3143307836619 3143302219085 3796 
3143307836619 3143309812032 0 
3143307836619 3143302149915 1448 
3143307836619 3143307299079 5450 
3143307836619 3143302150018 5023 
3143307836619 3143302218984 3801 
3143307836619 3143306065295 2447 
3143307836619 3143302219069 8292 
3143307836619 3143306629296 4374 
3143307836619 3143302149923 3258 
3143307836619 3143306065341 4367 
3143307836619 3143306329705 2386 
3143307836619 3143306297943 9903 
3143307836619 3143305212626 9903 
3143307836619 3143307780621 3652 
3143307836619 3143303180166 4243 
3143307836619 3143302149893 3137 
3143307836619 3143309251553 5855 
3143307836619 3143302150026 7464 
3143307836619 3143300550108 4006 
3143307836619 3143303413578 23511 
3143307836619 3143306329632 8635 
3143307836619 3143305212588 13501 
3143307836619 3143309812083 1181 
3143307836619 3143306023282 4355 
3143307836619 3143302218968 5045 
3143307836619 3143309772227 1222 
3143307836619 3143302203480 5452 
3143307836619 3143302150085 5450 
3143307836619 3143300211826 8801 
3143307836619 3143302149931 6476 
3143307836619 3143309352511 1998 
3143307836619 3143309690905 6576 
3143307836619 3143307608756 5022 
3143307836619 3143306409911 4006 
3143307836619 3143307780907 7926 
3143307836619 3143309936424 7329 
3143307836619 3143309812075 2091 
3143307836619 3143303688100 2267 
3143307836619 3143303180115 2909 
3143307836619 3143305302854 3657 
3143307836619 3143302219212 2551 
3143307836619 3143302149958 6669 
3143307836619 3143307951345 872 
3143307836619 3143302219077 6461 
3143307836619 3143302219344 8292 
3143307836619 3143307607660 6450 
3143307836619 3143302150069 3643 
3143307836619 3143307809131 3337 
3143307836619 3143300186252 9049 
3143307836619 3143307836619 0 
3143307836619 3143305212545 8523 
3143307836619 3143302150077 5022 
3143307836619 3143302150034 5410 
3143307836619 3143305212529 23360 
3143307836619 3143302219379 43128 
3143307836619 3143305212618 23360 
3143307836619 CLU_6117 44451 
3143307836619 CLU_6298 4977 
3143307836619 CLU_6301 17845 
3143307836619 CLU_6312 7430 
3143307836619 CLU_6320 8350 
3143307836619 CLU_6326 9833 
3143307836619 CLU_6362 3173 
3143307836619 CLU_6374 8292 
3143307836619 CLU_6383 4582 
3143307836619 CLU_6385 1313 
3143307836619 CLU_6399 8219 
3143307836619 CLU_6409 40677 
3143307836619 CLU_6411 17938 
3143307836619 CLU_6413 43128 
3143307836619 CLU_6416 23360 
3143307836619 CLU_6417 62729 
3143305212545 3143309772235 4729 
3143305212545 3143309772251 5650 
3143305212545 3143309812059 5361 
3143305212545 3143305305063 5605 
3143305212545 3143307781067 6802 
3143305212545 3143305304997 6904 
3143305212545 3143307831331 7601 
3143305212545 3143300659134 8067 
3143305212545 3143303180158 7170 
3143305212545 3143307821506 6491 
3143305212545 3143302150107 8768 
3143305212545 3143309775978 6491 
3143305212545 3143302219107 5926 
3143305212545 3143302219352 4522 
3143305212545 3143303180182 4899 
3143305212545 3143302150050 5829 
3143305212545 3143302150042 5789 
3143305212545 3143302219085 6133 
3143305212545 3143309812032 8523 
3143305212545 3143302149915 9355 
3143305212545 3143307299079 5437 
3143305212545 3143302150018 7988 
3143305212545 3143302218984 7991 
3143305212545 3143306065295 9644 
3143305212545 3143302219069 2489 
3143305212545 3143306629296 8192 
3143305212545 3143302149923 8930 
3143305212545 3143306065341 9631 
3143305212545 3143306329705 9852 
3143305212545 3143306297943 16406 
3143305212545 3143305212626 16406 
3143305212545 3143307780621 7728 
3143305212545 3143303180166 6491 
3143305212545 3143302149893 6838 
3143305212545 3143309251553 2987 
3143305212545 3143302150026 1830 
3143305212545 3143300550108 9473 
3143305212545 3143303413578 31985 
3143305212545 3143306329632 5884 
3143305212545 3143305212588 9049 
3143305212545 3143309812083 7461 
3143305212545 3143306023282 4194 
3143305212545 3143302218968 7306 
3143305212545 3143309772227 7556 
3143305212545 3143302203480 3202 
3143305212545 3143302150085 5437 
3143305212545 3143300211826 3296 
3143305212545 3143302149931 2802 
3143305212545 3143309352511 8138 
3143305212545 3143309690905 3012 
3143305212545 3143307608756 8994 
3143305212545 3143306409911 9473 
3143305212545 3143307780907 3605 
3143305212545 3143309936424 2632 
3143305212545 3143309812075 7493 
3143305212545 3143303688100 8265 
3143305212545 3143303180115 5650 
3143305212545 3143305302854 5328 
3143305212545 3143302219212 6293 
3143305212545 3143302149958 5433 
3143305212545 3143307951345 9357 
3143305212545 3143302219077 2446 
3143305212545 3143302219344 2489 
3143305212545 3143307607660 8768 
3143305212545 3143302150069 7607 
3143305212545 3143307809131 11219 
3143305212545 3143300186252 3782 
3143305212545 3143307836619 8523 
3143305212545 3143305212545 0 
3143305212545 3143302150077 8994 
3143305212545 3143302150034 6227 
3143305212545 3143305212529 18940 
3143305212545 3143302219379 41075 
3143305212545 3143305212618 18940 
3143305212545 CLU_6117 46325 
3143305212545 CLU_6298 11937 
3143305212545 CLU_6301 22044 
3143305212545 CLU_6312 2605 
3143305212545 CLU_6320 1873 
3143305212545 CLU_6326 2058 
3143305212545 CLU_6362 6182 
3143305212545 CLU_6374 2489 
3143305212545 CLU_6383 10597 
3143305212545 CLU_6385 9811 
3143305212545 CLU_6399 1040 
3143305212545 CLU_6409 42224 
3143305212545 CLU_6411 18585 
3143305212545 CLU_6413 41075 
3143305212545 CLU_6416 18940 
3143305212545 CLU_6417 58880 
3143302150077 3143309772235 6901 
3143302150077 3143309772251 5625 
3143302150077 3143309812059 7554 
3143302150077 3143305305063 4593 
3143302150077 3143307781067 3819 
3143302150077 3143305304997 4449 
3143302150077 3143307831331 4457 
3143302150077 3143300659134 6232 
3143302150077 3143303180158 8320 
3143302150077 3143307821506 8280 
3143302150077 3143302150107 11054 
3143302150077 3143309775978 8280 
3143302150077 3143302219107 11304 
3143302150077 3143302219352 7777 
3143302150077 3143303180182 4312 
3143302150077 3143302150050 3303 
3143302150077 3143302150042 3651 
3143302150077 3143302219085 3122 
3143302150077 3143309812032 5022 
3143302150077 3143302149915 4075 
3143302150077 3143307299079 3617 
3143302150077 3143302150018 1051 
3143302150077 3143302218984 1422 
3143302150077 3143306065295 3205 
3143302150077 3143302219069 10099 
3143302150077 3143306629296 914 
3143302150077 3143302149923 1848 
3143302150077 3143306065341 1193 
3143302150077 3143306329705 3499 
3143302150077 3143306297943 7456 
3143302150077 3143305212626 7456 
3143302150077 3143307780621 8253 
3143302150077 3143303180166 8280 
3143302150077 3143302149893 2812 
3143302150077 3143309251553 6094 
3143302150077 3143302150026 7255 
3143302150077 3143300550108 1399 
3143302150077 3143303413578 24399 
3143302150077 3143306329632 11892 
3143302150077 3143305212588 9982 
3143302150077 3143309812083 5408 
3143302150077 3143306023282 6238 
3143302150077 3143302218968 9375 
3143302150077 3143309772227 4219 
3143302150077 3143302203480 7167 
3143302150077 3143302150085 3617 
3143302150077 3143300211826 10894 
3143302150077 3143302149931 8426 
3143302150077 3143309352511 3044 
3143302150077 3143309690905 6029 
3143302150077 3143307608756 0 
3143302150077 3143306409911 1399 
3143302150077 3143307780907 10330 
3143302150077 3143309936424 6619 
3143302150077 3143309812075 6622 
3143302150077 3143303688100 7135 
3143302150077 3143303180115 5625 
3143302150077 3143305302854 4258 
3143302150077 3143302219212 4082 
3143302150077 3143302149958 10067 
3143302150077 3143307951345 5504 
3143302150077 3143302219077 6562 
3143302150077 3143302219344 10099 
3143302150077 3143307607660 11054 
3143302150077 3143302150069 1793 
3143302150077 3143307809131 4379 
3143302150077 3143300186252 11308 
3143302150077 3143307836619 5022 
3143302150077 3143305212545 8994 
3143302150077 3143302150077 0 
3143302150077 3143302150034 2880 
3143302150077 3143305212529 26740 
3143302150077 3143302219379 47506 
3143302150077 3143305212618 26740 
3143302150077 CLU_6117 49463 
3143302150077 CLU_6298 3708 
3143302150077 CLU_6301 13704 
3143302150077 CLU_6312 9370 
3143302150077 CLU_6320 9839 
3143302150077 CLU_6326 9269 
3143302150077 CLU_6362 6919 
3143302150077 CLU_6374 10099 
3143302150077 CLU_6383 2142 
3143302150077 CLU_6385 5674 
3143302150077 CLU_6399 9281 
3143302150077 CLU_6409 45668 
3143302150077 CLU_6411 22707 
3143302150077 CLU_6413 47506 
3143302150077 CLU_6416 26740 
3143302150077 CLU_6417 66557 
3143302150034 3143309772235 5252 
3143302150034 3143309772251 4396 
3143302150034 3143309812059 6106 
3143302150034 3143305305063 3251 
3143302150034 3143307781067 3328 
3143302150034 3143305304997 3998 
3143302150034 3143307831331 4444 
3143302150034 3143300659134 6109 
3143302150034 3143303180158 7419 
3143302150034 3143307821506 7143 
3143302150034 3143302150107 10123 
3143302150034 3143309775978 7143 
3143302150034 3143302219107 9476 
3143302150034 3143302219352 6023 
3143302150034 3143303180182 2163 
3143302150034 3143302150050 1479 
3143302150034 3143302150042 2134 
3143302150034 3143302219085 1696 
3143302150034 3143309812032 5410 
3143302150034 3143302149915 5209 
3143302150034 3143307299079 793 
3143302150034 3143302150018 1830 
3143302150034 3143302218984 2373 
3143302150034 3143306065295 4836 
3143302150034 3143302219069 7638 
3143302150034 3143306629296 2264 
3143302150034 3143302149923 3565 
3143302150034 3143306065341 3788 
3143302150034 3143306329705 5137 
3143302150034 3143306297943 10328 
3143302150034 3143305212626 10328 
3143302150034 3143307780621 7571 
3143302150034 3143303180166 7143 
3143302150034 3143302149893 2274 
3143302150034 3143309251553 3495 
3143302150034 3143302150026 4437 
3143302150034 3143300550108 3765 
3143302150034 3143303413578 27046 
3143302150034 3143306329632 9939 
3143302150034 3143305212588 8133 
3143302150034 3143309812083 5148 
3143302150034 3143306023282 4332 
3143302150034 3143302218968 8323 
3143302150034 3143309772227 4220 
3143302150034 3143302203480 4971 
3143302150034 3143302150085 793 
3143302150034 3143300211826 8489 
3143302150034 3143302149931 6155 
3143302150034 3143309352511 3705 
3143302150034 3143309690905 3219 
3143302150034 3143307608756 2880 
3143302150034 3143306409911 3765 
3143302150034 3143307780907 8079 
3143302150034 3143309936424 3757 
3143302150034 3143309812075 6160 
3143302150034 3143303688100 6902 
3143302150034 3143303180115 4396 
3143302150034 3143305302854 2568 
3143302150034 3143302219212 3197 
3143302150034 3143302149958 8320 
3143302150034 3143307951345 6189 
3143302150034 3143302219077 3860 
3143302150034 3143302219344 7638 
3143302150034 3143307607660 10123 
3143302150034 3143302150069 2171 
3143302150034 3143307809131 6402 
3143302150034 3143300186252 8942 
3143302150034 3143307836619 5410 
3143302150034 3143305212545 6227 
3143302150034 3143302150077 2880 
3143302150034 3143302150034 0 
3143302150034 3143305212529 24533 
3143302150034 3143302219379 45861 
3143302150034 3143305212618 24533 
3143302150034 CLU_6117 48941 
3143302150034 CLU_6298 6354 
3143302150034 CLU_6301 15974 
3143302150034 CLU_6312 7007 
3143302150034 CLU_6320 7289 
3143302150034 CLU_6326 6389 
3143302150034 CLU_6362 5851 
3143302150034 CLU_6374 7638 
3143302150034 CLU_6383 4824 
3143302150034 CLU_6385 6531 
3143302150034 CLU_6399 6638 
3143302150034 CLU_6409 45032 
3143302150034 CLU_6411 21666 
3143302150034 CLU_6413 45861 
3143302150034 CLU_6416 24533 
3143302150034 CLU_6417 64468 
3143305212529 3143309772235 19899 
3143305212529 3143309772251 21284 
3143305212529 3143309812059 19408 
3143305212529 3143305305063 22184 
3143305212529 3143307781067 23177 
3143305212529 3143305304997 22742 
3143305212529 3143307831331 23126 
3143305212529 3143300659134 22018 
3143305212529 3143303180158 19442 
3143305212529 3143307821506 19119 
3143305212529 3143302150107 17483 
3143305212529 3143309775978 19119 
3143305212529 3143302219107 15571 
3143305212529 3143302219352 19014 
3143305212529 3143303180182 22528 
3143305212529 3143302150050 23511 
3143305212529 3143302150042 23091 
3143305212529 3143302219085 23633 
3143305212529 3143309812032 23360 
3143305212529 3143302149915 24790 
3143305212529 3143307299079 23777 
3143305212529 3143302150018 25949 
3143305212529 3143302218984 25384 
3143305212529 3143306065295 25667 
3143305212529 3143302219069 16947 
3143305212529 3143306629296 25827 
3143305212529 3143302149923 25792 
3143305212529 3143306065341 26858 
3143305212529 3143306329705 25689 
3143305212529 3143306297943 33237 
3143305212529 3143305212626 33237 
3143305212529 3143307780621 19870 
3143305212529 3143303180166 19119 
3143305212529 3143302149893 23967 
3143305212529 3143309251553 21076 
3143305212529 3143302150026 20672 
3143305212529 3143300550108 26562 
3143305212529 3143303413578 43747 
3143305212529 3143306329632 14900 
3143305212529 3143305212588 27095 
3143305212529 3143309812083 22296 
3143305212529 3143306023282 20502 
3143305212529 3143302218968 18401 
3143305212529 3143309772227 23274 
3143305212529 3143302203480 19623 
3143305212529 3143302150085 23777 
3143305212529 3143300211826 16070 
3143305212529 3143302149931 18392 
3143305212529 3143309352511 24465 
3143305212529 3143309690905 21651 
3143305212529 3143307608756 26740 
3143305212529 3143306409911 26562 
3143305212529 3143307780907 16465 
3143305212529 3143309936424 21500 
3143305212529 3143309812075 21277 
3143305212529 3143303688100 21355 
3143305212529 3143303180115 21284 
3143305212529 3143305302854 22485 
3143305212529 3143302219212 22785 
3143305212529 3143302149958 16824 
3143305212529 3143307951345 23711 
3143305212529 3143302219077 20838 
3143305212529 3143302219344 16947 
3143305212529 3143307607660 17483 
3143305212529 3143302150069 24981 
3143305212529 3143307809131 26676 
3143305212529 3143300186252 15602 
3143305212529 3143307836619 23360 
3143305212529 3143305212545 18940 
3143305212529 3143302150077 26740 
3143305212529 3143302150034 24533 
3143305212529 3143305212529 0 
3143305212529 3143302219379 22955 
3143305212529 3143305212618 0 
3143305212529 CLU_6117 33676 
3143305212529 CLU_6298 28292 
3143305212529 CLU_6301 40427 
3143305212529 CLU_6312 17527 
3143305212529 CLU_6320 17386 
3143305212529 CLU_6326 20187 
3143305212529 CLU_6362 20306 
3143305212529 CLU_6374 16947 
3143305212529 CLU_6383 27526 
3143305212529 CLU_6385 24018 
3143305212529 CLU_6399 18169 
3143305212529 CLU_6409 29381 
3143305212529 CLU_6411 12356 
3143305212529 CLU_6413 22955 
3143305212529 CLU_6416 0 
3143305212529 CLU_6417 39965 
3143302219379 3143309772235 40708 
3143302219379 3143309772251 41891 
3143302219379 3143309812059 39972 
3143302219379 3143305305063 42976 
3143302219379 3143307781067 43696 
3143302219379 3143305304997 43106 
3143302219379 3143307831331 43267 
3143302219379 3143300659134 41720 
3143302219379 3143303180158 39291 
3143302219379 3143307821506 39244 
3143302219379 3143302150107 36678 
3143302219379 3143309775978 39244 
3143302219379 3143302219107 36385 
3143302219379 3143302219352 39877 
3143302219379 3143303180182 43712 
3143302219379 3143302150050 44592 
3143302219379 3143302150042 44048 
3143302219379 3143302219085 44609 
3143302219379 3143309812032 43128 
3143302219379 3143302149915 44547 
3143302219379 3143307299079 45190 
3143302219379 3143302150018 46930 
3143302219379 3143302218984 46084 
3143302219379 3143306065295 45575 
3143302219379 3143302219069 38777 
3143302219379 3143306629296 46616 
3143302219379 3143302149923 46142 
3143302219379 3143306065341 47285 
3143302219379 3143306329705 45492 
3143302219379 3143306297943 52711 
3143302219379 3143305212626 52711 
3143302219379 3143307780621 39493 
3143302219379 3143303180166 39244 
3143302219379 3143302149893 44714 
3143302219379 3143309251553 42649 
3143302219379 3143302150026 42634 
3143302219379 3143300550108 46941 
3143302219379 3143303413578 57662 
3143302219379 3143306329632 35945 
3143302219379 3143305212588 49737 
3143302219379 3143309812083 42319 
3143302219379 3143306023282 41547 
3143302219379 3143302218968 38203 
3143302219379 3143309772227 43473 
3143302219379 3143302203480 40926 
3143302219379 3143302150085 45190 
3143302219379 3143300211826 37891 
3143302219379 3143302149931 39837 
3143302219379 3143309352511 44734 
3143302219379 3143309690905 43417 
3143302219379 3143307608756 47506 
3143302219379 3143306409911 46941 
3143302219379 3143307780907 37996 
3143302219379 3143309936424 43438 
3143302219379 3143309812075 41125 
3143302219379 3143303688100 40870 
3143302219379 3143303180115 41891 
3143302219379 3143305302854 43468 
3143302219379 3143302219212 43428 
3143302219379 3143302149958 37560 
3143302219379 3143307951345 43159 
3143302219379 3143302219077 42562 
3143302219379 3143302219344 38777 
3143302219379 3143307607660 36678 
3143302219379 3143302150069 45719 
3143302219379 3143307809131 46096 
3143302219379 3143300186252 37394 
3143302219379 3143307836619 43128 
3143302219379 3143305212545 41075 
3143302219379 3143302150077 47506 
3143302219379 3143302150034 45861 
3143302219379 3143305212529 22955 
3143302219379 3143302219379 0 
3143302219379 3143305212618 22955 
3143302219379 CLU_6117 20403 
3143302219379 CLU_6298 47997 
3143302219379 CLU_6301 60970 
3143302219379 CLU_6312 39154 
3143302219379 CLU_6320 39318 
3143302219379 CLU_6326 42613 
3143302219379 CLU_6362 40597 
3143302219379 CLU_6374 38777 
3143302219379 CLU_6383 47689 
3143302219379 CLU_6385 43318 
3143302219379 CLU_6399 40165 
3143302219379 CLU_6409 17658 
3143302219379 CLU_6411 25678 
3143302219379 CLU_6413 0 
3143302219379 CLU_6416 22955 
3143302219379 CLU_6417 21937 
3143305212618 3143309772235 19899 
3143305212618 3143309772251 21284 
3143305212618 3143309812059 19408 
3143305212618 3143305305063 22184 
3143305212618 3143307781067 23177 
3143305212618 3143305304997 22742 
3143305212618 3143307831331 23126 
3143305212618 3143300659134 22018 
3143305212618 3143303180158 19442 
3143305212618 3143307821506 19119 
3143305212618 3143302150107 17483 
3143305212618 3143309775978 19119 
3143305212618 3143302219107 15571 
3143305212618 3143302219352 19014 
3143305212618 3143303180182 22528 
3143305212618 3143302150050 23511 
3143305212618 3143302150042 23091 
3143305212618 3143302219085 23633 
3143305212618 3143309812032 23360 
3143305212618 3143302149915 24790 
3143305212618 3143307299079 23777 
3143305212618 3143302150018 25949 
3143305212618 3143302218984 25384 
3143305212618 3143306065295 25667 
3143305212618 3143302219069 16947 
3143305212618 3143306629296 25827 
3143305212618 3143302149923 25792 
3143305212618 3143306065341 26858 
3143305212618 3143306329705 25689 
3143305212618 3143306297943 33237 
3143305212618 3143305212626 33237 
3143305212618 3143307780621 19870 
3143305212618 3143303180166 19119 
3143305212618 3143302149893 23967 
3143305212618 3143309251553 21076 
3143305212618 3143302150026 20672 
3143305212618 3143300550108 26562 
3143305212618 3143303413578 43747 
3143305212618 3143306329632 14900 
3143305212618 3143305212588 27095 
3143305212618 3143309812083 22296 
3143305212618 3143306023282 20502 
3143305212618 3143302218968 18401 
3143305212618 3143309772227 23274 
3143305212618 3143302203480 19623 
3143305212618 3143302150085 23777 
3143305212618 3143300211826 16070 
3143305212618 3143302149931 18392 
3143305212618 3143309352511 24465 
3143305212618 3143309690905 21651 
3143305212618 3143307608756 26740 
3143305212618 3143306409911 26562 
3143305212618 3143307780907 16465 
3143305212618 3143309936424 21500 
3143305212618 3143309812075 21277 
3143305212618 3143303688100 21355 
3143305212618 3143303180115 21284 
3143305212618 3143305302854 22485 
3143305212618 3143302219212 22785 
3143305212618 3143302149958 16824 
3143305212618 3143307951345 23711 
3143305212618 3143302219077 20838 
3143305212618 3143302219344 16947 
3143305212618 3143307607660 17483 
3143305212618 3143302150069 24981 
3143305212618 3143307809131 26676 
3143305212618 3143300186252 15602 
3143305212618 3143307836619 23360 
3143305212618 3143305212545 18940 
3143305212618 3143302150077 26740 
3143305212618 3143302150034 24533 
3143305212618 3143305212529 0 
3143305212618 3143302219379 22955 
3143305212618 3143305212618 0 
3143305212618 CLU_6117 33676 
3143305212618 CLU_6298 28292 
3143305212618 CLU_6301 40427 
3143305212618 CLU_6312 17527 
3143305212618 CLU_6320 17386 
3143305212618 CLU_6326 20187 
3143305212618 CLU_6362 20306 
3143305212618 CLU_6374 16947 
3143305212618 CLU_6383 27526 
3143305212618 CLU_6385 24018 
3143305212618 CLU_6399 18169 
3143305212618 CLU_6409 29381 
3143305212618 CLU_6411 12356 
3143305212618 CLU_6413 22955 
3143305212618 CLU_6416 0 
3143305212618 CLU_6417 39965 
;

param D0_1 := 
CLU_3233 3143309772235 29515 
CLU_3233 3143309772251 30459 
CLU_3233 3143309812059 28656 
CLU_3233 3143305305063 31608 
CLU_3233 3143307781067 32081 
CLU_3233 3143305304997 31422 
CLU_3233 3143307831331 31427 
CLU_3233 3143300659134 29715 
CLU_3233 3143303180158 27559 
CLU_3233 3143307821506 27691 
CLU_3233 3143302150107 24812 
CLU_3233 3143309775978 27691 
CLU_3233 3143302219107 25600 
CLU_3233 3143302219352 28792 
CLU_3233 3143303180182 32613 
CLU_3233 3143302150050 33352 
CLU_3233 3143302150042 32738 
CLU_3233 3143302219085 33282 
CLU_3233 3143309812032 31068 
CLU_3233 3143302149915 32398 
CLU_3233 3143307299079 34206 
CLU_3233 3143302150018 35479 
CLU_3233 3143302218984 34462 
CLU_3233 3143306065295 33458 
CLU_3233 3143302219069 28677 
CLU_3233 3143306629296 35034 
CLU_3233 3143302149923 34273 
CLU_3233 3143306065341 35411 
CLU_3233 3143306329705 33319 
CLU_3233 3143306297943 40057 
CLU_3233 3143305212626 40057 
CLU_3233 3143307780621 27609 
CLU_3233 3143303180166 27691 
CLU_3233 3143302149893 33203 
CLU_3233 3143309251553 31978 
CLU_3233 3143302150026 32386 
CLU_3233 3143300550108 35052 
CLU_3233 3143303413578 43406 
CLU_3233 3143306329632 25394 
CLU_3233 3143305212588 40201 
CLU_3233 3143309812083 30467 
CLU_3233 3143306023282 30478 
CLU_3233 3143302218968 26540 
CLU_3233 3143309772227 31657 
CLU_3233 3143302203480 30125 
CLU_3233 3143302150085 34206 
CLU_3233 3143300211826 27862 
CLU_3233 3143302149931 29253 
CLU_3233 3143309352511 32889 
CLU_3233 3143309690905 32895 
CLU_3233 3143307608756 35861 
CLU_3233 3143306409911 35052 
CLU_3233 3143307780907 27660 
CLU_3233 3143309936424 33111 
CLU_3233 3143309812075 29248 
CLU_3233 3143303688100 28818 
CLU_3233 3143303180115 30459 
CLU_3233 3143305302854 32217 
CLU_3233 3143302219212 31919 
CLU_3233 3143302149958 26592 
CLU_3233 3143307951345 30917 
CLU_3233 3143302219077 32051 
CLU_3233 3143302219344 28677 
CLU_3233 3143307607660 24812 
CLU_3233 3143302150069 34145 
CLU_3233 3143307809131 33678 
CLU_3233 3143300186252 27383 
CLU_3233 3143307836619 31068 
CLU_3233 3143305212545 31155 
CLU_3233 3143302150077 35861 
CLU_3233 3143302150034 34761 
CLU_3233 3143305212529 17296 
CLU_3233 3143302219379 14356 
CLU_3233 3143305212618 17296 
CLU_3233 CLU_6117 16407 
CLU_3233 CLU_6298 35647 
CLU_3233 CLU_6301 48709 
CLU_3233 CLU_6312 28806 
CLU_3233 CLU_6320 29285 
CLU_3233 CLU_6326 33019 
CLU_3233 CLU_6362 29042 
CLU_3233 CLU_6374 28677 
CLU_3233 CLU_6383 35624 
CLU_3233 CLU_6385 30987 
CLU_3233 CLU_6399 30138 
CLU_3233 CLU_6409 12104 
CLU_3233 CLU_6411 13154 
CLU_3233 CLU_6413 14356 
CLU_3233 CLU_6416 17296 
CLU_3233 CLU_6417 36256 
CLU_6117 3143309772235 43864 
CLU_6117 3143309772251 44545 
CLU_6117 3143309812059 42946 
CLU_6117 3143305305063 45692 
CLU_6117 3143307781067 45901 
CLU_6117 3143305304997 45205 
CLU_6117 3143307831331 45042 
CLU_6117 3143300659134 43246 
CLU_6117 3143303180158 41522 
CLU_6117 3143307821506 41820 
CLU_6117 3143302150107 38830 
CLU_6117 3143309775978 41820 
CLU_6117 3143302219107 40481 
CLU_6117 3143302219352 43272 
CLU_6117 3143303180182 46889 
CLU_6117 3143302150050 47470 
CLU_6117 3143302150042 46821 
CLU_6117 3143302219085 47323 
CLU_6117 3143309812032 44451 
CLU_6117 3143302149915 45594 
CLU_6117 3143307299079 48509 
CLU_6117 3143302150018 49299 
CLU_6117 3143302218984 48155 
CLU_6117 3143306065295 46635 
CLU_6117 3143302219069 43842 
CLU_6117 3143306629296 48740 
CLU_6117 3143302149923 47703 
CLU_6117 3143306065341 48778 
CLU_6117 3143306329705 46431 
CLU_6117 3143306297943 52126 
CLU_6117 3143305212626 52126 
CLU_6117 3143307780621 41411 
CLU_6117 3143303180166 41820 
CLU_6117 3143302149893 47070 
CLU_6117 3143309251553 46624 
CLU_6117 3143302150026 47309 
CLU_6117 3143300550108 48420 
CLU_6117 3143303413578 50228 
CLU_6117 3143306329632 40441 
CLU_6117 3143305212588 55309 
CLU_6117 3143309812083 44124 
CLU_6117 3143306023282 44882 
CLU_6117 3143302218968 40637 
CLU_6117 3143309772227 45286 
CLU_6117 3143302203480 44758 
CLU_6117 3143302150085 48509 
CLU_6117 3143300211826 43102 
CLU_6117 3143302149931 44085 
CLU_6117 3143309352511 46419 
CLU_6117 3143309690905 47611 
CLU_6117 3143307608756 49463 
CLU_6117 3143306409911 48420 
CLU_6117 3143307780907 42728 
CLU_6117 3143309936424 47953 
CLU_6117 3143309812075 42951 
CLU_6117 3143303688100 42351 
CLU_6117 3143303180115 44545 
CLU_6117 3143305302854 46379 
CLU_6117 3143302219212 45853 
CLU_6117 3143302149958 41283 
CLU_6117 3143307951345 44084 
CLU_6117 3143302219077 46809 
CLU_6117 3143302219344 43842 
CLU_6117 3143307607660 38830 
CLU_6117 3143302150069 47903 
CLU_6117 3143307809131 46441 
CLU_6117 3143300186252 42654 
CLU_6117 3143307836619 44451 
CLU_6117 3143305212545 46325 
CLU_6117 3143302150077 49463 
CLU_6117 3143302150034 48941 
CLU_6117 3143305212529 33676 
CLU_6117 3143302219379 20403 
CLU_6117 3143305212618 33676 
CLU_6117 CLU_6117 0 
CLU_6117 CLU_6298 48396 
CLU_6117 CLU_6301 61039 
CLU_6117 CLU_6312 43815 
CLU_6117 CLU_6320 44463 
CLU_6117 CLU_6326 48302 
CLU_6117 CLU_6362 43089 
CLU_6117 CLU_6374 43842 
CLU_6117 CLU_6383 48752 
CLU_6117 CLU_6385 44033 
CLU_6117 CLU_6399 45286 
CLU_6117 CLU_6409 4304 
CLU_6117 CLU_6411 27739 
CLU_6117 CLU_6413 20403 
CLU_6117 CLU_6416 33676 
CLU_6117 CLU_6417 38752 
CLU_6220 3143309772235 2222 
CLU_6220 3143309772251 899 
CLU_6220 3143309812059 2467 
CLU_6220 3143305305063 1465 
CLU_6220 3143307781067 1513 
CLU_6220 3143305304997 900 
CLU_6220 3143307831331 1306 
CLU_6220 3143300659134 1734 
CLU_6220 3143303180158 3010 
CLU_6220 3143307821506 2965 
CLU_6220 3143302150107 5760 
CLU_6220 3143309775978 2965 
CLU_6220 3143302219107 6298 
CLU_6220 3143302219352 3029 
CLU_6220 3143303180182 2888 
CLU_6220 3143302150050 3114 
CLU_6220 3143302150042 2463 
CLU_6220 3143302219085 2905 
CLU_6220 3143309812032 2011 
CLU_6220 3143302149915 3144 
CLU_6220 3143307299079 4345 
CLU_6220 3143302150018 4918 
CLU_6220 3143302218984 3908 
CLU_6220 3143306065295 3848 
CLU_6220 3143302219069 6307 
CLU_6220 3143306629296 4470 
CLU_6220 3143302149923 3981 
CLU_6220 3143306065341 5105 
CLU_6220 3143306329705 3926 
CLU_6220 3143306297943 11404 
CLU_6220 3143305212626 11404 
CLU_6220 3143307780621 3036 
CLU_6220 3143303180166 2965 
CLU_6220 3143302149893 2646 
CLU_6220 3143309251553 4020 
CLU_6220 3143302150026 5609 
CLU_6220 3143300550108 4777 
CLU_6220 3143303413578 25522 
CLU_6220 3143306329632 6993 
CLU_6220 3143305212588 12308 
CLU_6220 3143309812083 926 
CLU_6220 3143306023282 2354 
CLU_6220 3143302218968 4050 
CLU_6220 3143309772227 1414 
CLU_6220 3143302203480 3441 
CLU_6220 3143302150085 4345 
CLU_6220 3143300211826 6856 
CLU_6220 3143302149931 4481 
CLU_6220 3143309352511 2606 
CLU_6220 3143309690905 4860 
CLU_6220 3143307608756 5325 
CLU_6220 3143306409911 4777 
CLU_6220 3143307780907 6019 
CLU_6220 3143309936424 5590 
CLU_6220 3143309812075 1582 
CLU_6220 3143303688100 2370 
CLU_6220 3143303180115 899 
CLU_6220 3143305302854 2202 
CLU_6220 3143302219212 1410 
CLU_6220 3143302149958 5047 
CLU_6220 3143307951345 2817 
CLU_6220 3143302219077 4607 
CLU_6220 3143302219344 6307 
CLU_6220 3143307607660 5760 
CLU_6220 3143302150069 3577 
CLU_6220 3143307809131 5137 
CLU_6220 3143300186252 7134 
CLU_6220 3143307836619 2011 
CLU_6220 3143305212545 6543 
CLU_6220 3143302150077 5325 
CLU_6220 3143302150034 4586 
CLU_6220 3143305212529 21869 
CLU_6220 3143302219379 42209 
CLU_6220 3143305212618 21869 
CLU_6220 CLU_6117 44446 
CLU_6220 CLU_6298 6476 
CLU_6220 CLU_6301 18844 
CLU_6220 CLU_6312 5447 
CLU_6220 CLU_6320 6345 
CLU_6220 CLU_6326 7955 
CLU_6220 CLU_6362 1620 
CLU_6220 CLU_6374 6307 
CLU_6220 CLU_6383 5669 
CLU_6220 CLU_6385 3272 
CLU_6220 CLU_6399 6209 
CLU_6220 CLU_6409 40578 
CLU_6220 CLU_6411 17419 
CLU_6220 CLU_6413 42209 
CLU_6220 CLU_6416 21869 
CLU_6220 CLU_6417 61477 
CLU_6221 3143309772235 3011 
CLU_6221 3143309772251 1810 
CLU_6221 3143309812059 3043 
CLU_6221 3143305305063 2275 
CLU_6221 3143307781067 1839 
CLU_6221 3143305304997 1151 
CLU_6221 3143307831331 961 
CLU_6221 3143300659134 961 
CLU_6221 3143303180158 3031 
CLU_6221 3143307821506 3196 
CLU_6221 3143302150107 5691 
CLU_6221 3143309775978 3196 
CLU_6221 3143302219107 6767 
CLU_6221 3143302219352 3737 
CLU_6221 3143303180182 3679 
CLU_6221 3143302150050 3727 
CLU_6221 3143302150042 3107 
CLU_6221 3143302219085 3454 
CLU_6221 3143309812032 1181 
CLU_6221 3143302149915 2512 
CLU_6221 3143307299079 5019 
CLU_6221 3143302150018 5176 
CLU_6221 3143302218984 4043 
CLU_6221 3143306065295 3381 
CLU_6221 3143302219069 7121 
CLU_6221 3143306629296 4627 
CLU_6221 3143302149923 3837 
CLU_6221 3143306065341 4983 
CLU_6221 3143306329705 3393 
CLU_6221 3143306297943 10941 
CLU_6221 3143305212626 10941 
CLU_6221 3143307780621 2864 
CLU_6221 3143303180166 3196 
CLU_6221 3143302149893 2997 
CLU_6221 3143309251553 4936 
CLU_6221 3143302150026 6530 
CLU_6221 3143300550108 4633 
CLU_6221 3143303413578 24644 
CLU_6221 3143306329632 7505 
CLU_6221 3143305212588 13055 
CLU_6221 3143309812083 0 
CLU_6221 3143306023282 3267 
CLU_6221 3143302218968 4124 
CLU_6221 3143309772227 1190 
CLU_6221 3143302203480 4332 
CLU_6221 3143302150085 5019 
CLU_6221 3143300211826 7620 
CLU_6221 3143302149931 5314 
CLU_6221 3143309352511 2433 
CLU_6221 3143309690905 5751 
CLU_6221 3143307608756 5408 
CLU_6221 3143306409911 4633 
CLU_6221 3143307780907 6744 
CLU_6221 3143309936424 6488 
CLU_6221 3143309812075 1219 
CLU_6221 3143303688100 1791 
CLU_6221 3143303180115 1810 
CLU_6221 3143305302854 2973 
CLU_6221 3143302219212 1983 
CLU_6221 3143302149958 5539 
CLU_6221 3143307951345 1919 
CLU_6221 3143302219077 5527 
CLU_6221 3143302219344 7121 
CLU_6221 3143307607660 5691 
CLU_6221 3143302150069 3779 
CLU_6221 3143307809131 4476 
CLU_6221 3143300186252 7867 
CLU_6221 3143307836619 1181 
CLU_6221 3143305212545 7461 
CLU_6221 3143302150077 5408 
CLU_6221 3143302150034 5148 
CLU_6221 3143305212529 22296 
CLU_6221 3143302219379 42319 
CLU_6221 3143305212618 22296 
CLU_6221 CLU_6117 44124 
CLU_6221 CLU_6298 5996 
CLU_6221 CLU_6301 18662 
CLU_6221 CLU_6312 6259 
CLU_6221 CLU_6320 7196 
CLU_6221 CLU_6326 8880 
CLU_6221 CLU_6362 2022 
CLU_6221 CLU_6374 7121 
CLU_6221 CLU_6383 5391 
CLU_6221 CLU_6385 2371 
CLU_6221 CLU_6399 7100 
CLU_6221 CLU_6409 40296 
CLU_6221 CLU_6411 17314 
CLU_6221 CLU_6413 42319 
CLU_6221 CLU_6416 22296 
CLU_6221 CLU_6417 61769 
CLU_6222 3143309772235 1075 
CLU_6222 3143309772251 1374 
CLU_6222 3143309812059 747 
CLU_6222 3143305305063 2522 
CLU_6222 3143307781067 3165 
CLU_6222 3143305304997 2642 
CLU_6222 3143307831331 3023 
CLU_6222 3143300659134 2478 
CLU_6222 3143303180158 1775 
CLU_6222 3143307821506 1410 
CLU_6222 3143302150107 4394 
CLU_6222 3143309775978 1410 
CLU_6222 3143302219107 4545 
CLU_6222 3143302219352 1511 
CLU_6222 3143303180182 3671 
CLU_6222 3143302150050 4283 
CLU_6222 3143302150042 3655 
CLU_6222 3143302219085 4196 
CLU_6222 3143309812032 3468 
CLU_6222 3143302149915 4790 
CLU_6222 3143307299079 5289 
CLU_6222 3143302150018 6432 
CLU_6222 3143302218984 5540 
CLU_6222 3143306065295 5576 
CLU_6222 3143302219069 4980 
CLU_6222 3143306629296 6074 
CLU_6222 3143302149923 5723 
CLU_6222 3143306065341 6835 
CLU_6222 3143306329705 5630 
CLU_6222 3143306297943 13145 
CLU_6222 3143305212626 13145 
CLU_6222 3143307780621 2139 
CLU_6222 3143303180166 1410 
CLU_6222 3143302149893 4179 
CLU_6222 3143309251553 3966 
CLU_6222 3143302150026 5352 
CLU_6222 3143300550108 6514 
CLU_6222 3143303413578 26738 
CLU_6222 3143306329632 5252 
CLU_6222 3143305212588 12828 
CLU_6222 3143309812083 2296 
CLU_6222 3143306023282 1944 
CLU_6222 3143302218968 2591 
CLU_6222 3143309772227 3160 
CLU_6222 3143302203480 2613 
CLU_6222 3143302150085 5289 
CLU_6222 3143300211826 5393 
CLU_6222 3143302149931 3266 
CLU_6222 3143309352511 4360 
CLU_6222 3143309690905 4969 
CLU_6222 3143307608756 6962 
CLU_6222 3143306409911 6514 
CLU_6222 3143307780907 4483 
CLU_6222 3143309936424 5592 
CLU_6222 3143309812075 1773 
CLU_6222 3143303688100 2482 
CLU_6222 3143303180115 1374 
CLU_6222 3143305302854 3165 
CLU_6222 3143302219212 2887 
CLU_6222 3143302149958 3296 
CLU_6222 3143307951345 4101 
CLU_6222 3143302219077 4433 
CLU_6222 3143302219344 4980 
CLU_6222 3143307607660 4394 
CLU_6222 3143302150069 5176 
CLU_6222 3143307809131 6768 
CLU_6222 3143300186252 5607 
CLU_6222 3143307836619 3468 
CLU_6222 3143305212545 5795 
CLU_6222 3143302150077 6962 
CLU_6222 3143302150034 5733 
CLU_6222 3143305212529 20115 
CLU_6222 3143302219379 40543 
CLU_6222 3143305212618 20115 
CLU_6222 CLU_6117 43224 
CLU_6222 CLU_6298 8208 
CLU_6222 CLU_6301 20567 
CLU_6222 CLU_6312 4129 
CLU_6222 CLU_6320 5150 
CLU_6222 CLU_6326 7523 
CLU_6222 CLU_6362 390 
CLU_6222 CLU_6374 4980 
CLU_6222 CLU_6383 7424 
CLU_6222 CLU_6385 4527 
CLU_6222 CLU_6399 5221 
CLU_6222 CLU_6409 39302 
CLU_6222 CLU_6411 15961 
CLU_6222 CLU_6413 40543 
CLU_6222 CLU_6416 20115 
CLU_6222 CLU_6417 59732 
CLU_6223 3143309772235 0 
CLU_6223 3143309772251 1431 
CLU_6223 3143309812059 932 
CLU_6223 3143305305063 2308 
CLU_6223 3143307781067 3295 
CLU_6223 3143305304997 2964 
CLU_6223 3143307831331 3517 
CLU_6223 3143300659134 3416 
CLU_6223 3143303180158 2707 
CLU_6223 3143307821506 2164 
CLU_6223 3143302150107 5087 
CLU_6223 3143309775978 2164 
CLU_6223 3143302219107 4402 
CLU_6223 3143302219352 885 
CLU_6223 3143303180182 3098 
CLU_6223 3143302150050 3895 
CLU_6223 3143302150042 3340 
CLU_6223 3143302219085 3902 
CLU_6223 3143309812032 4183 
CLU_6223 3143302149915 5365 
CLU_6223 3143307299079 4698 
CLU_6223 3143302150018 6233 
CLU_6223 3143302218984 5509 
CLU_6223 3143306065295 6015 
CLU_6223 3143302219069 4109 
CLU_6223 3143306629296 5990 
CLU_6223 3143302149923 5911 
CLU_6223 3143306065341 6959 
CLU_6223 3143306329705 6119 
CLU_6223 3143306297943 13507 
CLU_6223 3143305212626 13507 
CLU_6223 3143307780621 3158 
CLU_6223 3143303180166 2164 
CLU_6223 3143302149893 4094 
CLU_6223 3143309251553 2993 
CLU_6223 3143302150026 4304 
CLU_6223 3143300550108 6668 
CLU_6223 3143303413578 27631 
CLU_6223 3143306329632 5006 
CLU_6223 3143305212588 11926 
CLU_6223 3143309812083 3011 
CLU_6223 3143306023282 1027 
CLU_6223 3143302218968 3298 
CLU_6223 3143309772227 3589 
CLU_6223 3143302203480 1539 
CLU_6223 3143302150085 4698 
CLU_6223 3143300211826 4634 
CLU_6223 3143302149931 2312 
CLU_6223 3143309352511 4647 
CLU_6223 3143309690905 4015 
CLU_6223 3143307608756 6901 
CLU_6223 3143306409911 6668 
CLU_6223 3143307780907 3805 
CLU_6223 3143309936424 4595 
CLU_6223 3143309812075 2779 
CLU_6223 3143303688100 3536 
CLU_6223 3143303180115 1431 
CLU_6223 3143305302854 2762 
CLU_6223 3143302219212 2885 
CLU_6223 3143302149958 3170 
CLU_6223 3143307951345 4915 
CLU_6223 3143302219077 3414 
CLU_6223 3143302219344 4109 
CLU_6223 3143307607660 5087 
CLU_6223 3143302150069 5115 
CLU_6223 3143307809131 7357 
CLU_6223 3143300186252 4915 
CLU_6223 3143307836619 4183 
CLU_6223 3143305212545 4729 
CLU_6223 3143302150077 6901 
CLU_6223 3143302150034 5252 
CLU_6223 3143305212529 19899 
CLU_6223 3143302219379 40708 
CLU_6223 3143305212618 19899 
CLU_6223 CLU_6117 43864 
CLU_6223 CLU_6298 8619 
CLU_6223 CLU_6301 20599 
CLU_6223 CLU_6312 3248 
CLU_6223 CLU_6320 4204 
CLU_6223 CLU_6326 6450 
CLU_6223 CLU_6362 1455 
CLU_6223 CLU_6374 4109 
CLU_6223 CLU_6383 7667 
CLU_6223 CLU_6385 5360 
CLU_6223 CLU_6399 4197 
CLU_6223 CLU_6409 39906 
CLU_6223 CLU_6411 16441 
CLU_6223 CLU_6413 40708 
CLU_6223 CLU_6416 19899 
CLU_6223 CLU_6417 59660 
CLU_6224 3143309772235 1431 
CLU_6224 3143309772251 0 
CLU_6224 3143309812059 1930 
CLU_6224 3143305305063 1155 
CLU_6224 3143307781067 1894 
CLU_6224 3143305304997 1535 
CLU_6224 3143307831331 2123 
CLU_6224 3143300659134 2499 
CLU_6224 3143303180158 3025 
CLU_6224 3143307821506 2772 
CLU_6224 3143302150107 5732 
CLU_6224 3143309775978 2772 
CLU_6224 3143302219107 5735 
CLU_6224 3143302219352 2298 
CLU_6224 3143303180182 2425 
CLU_6224 3143302150050 2930 
CLU_6224 3143302150042 2291 
CLU_6224 3143302219085 2824 
CLU_6224 3143309812032 2909 
CLU_6224 3143302149915 3977 
CLU_6224 3143307299079 4010 
CLU_6224 3143302150018 5063 
CLU_6224 3143302218984 4209 
CLU_6224 3143306065295 4587 
CLU_6224 3143302219069 5444 
CLU_6224 3143306629296 4727 
CLU_6224 3143302149923 4509 
CLU_6224 3143306065341 5583 
CLU_6224 3143306329705 4699 
CLU_6224 3143306297943 12079 
CLU_6224 3143305212626 12079 
CLU_6224 3143307780621 3229 
CLU_6224 3143303180166 2772 
CLU_6224 3143302149893 2823 
CLU_6224 3143309251553 3226 
CLU_6224 3143302150026 4786 
CLU_6224 3143300550108 5280 
CLU_6224 3143303413578 26420 
CLU_6224 3143306329632 6383 
CLU_6224 3143305212588 11784 
CLU_6224 3143309812083 1810 
CLU_6224 3143306023282 1457 
CLU_6224 3143302218968 3942 
CLU_6224 3143309772227 2172 
CLU_6224 3143302203480 2543 
CLU_6224 3143302150085 4010 
CLU_6224 3143300211826 6027 
CLU_6224 3143302149931 3611 
CLU_6224 3143309352511 3219 
CLU_6224 3143309690905 4130 
CLU_6224 3143307608756 5625 
CLU_6224 3143306409911 5280 
CLU_6224 3143307780907 5226 
CLU_6224 3143309936424 4835 
CLU_6224 3143309812075 2120 
CLU_6224 3143303688100 2957 
CLU_6224 3143303180115 0 
CLU_6224 3143305302854 1839 
CLU_6224 3143302219212 1543 
CLU_6224 3143302149958 4483 
CLU_6224 3143307951345 3716 
CLU_6224 3143302219077 3792 
CLU_6224 3143302219344 5444 
CLU_6224 3143307607660 5732 
CLU_6224 3143302150069 3833 
CLU_6224 3143307809131 5961 
CLU_6224 3143300186252 6329 
CLU_6224 3143307836619 2909 
CLU_6224 3143305212545 5650 
CLU_6224 3143302150077 5625 
CLU_6224 3143302150034 4396 
CLU_6224 3143305212529 21284 
CLU_6224 3143302219379 41891 
CLU_6224 3143305212618 21284 
CLU_6224 CLU_6117 44545 
CLU_6224 CLU_6298 7187 
CLU_6224 CLU_6301 19281 
CLU_6224 CLU_6312 4589 
CLU_6224 CLU_6320 5460 
CLU_6224 CLU_6326 7110 
CLU_6224 CLU_6362 1455 
CLU_6224 CLU_6374 5444 
CLU_6224 CLU_6383 6254 
CLU_6224 CLU_6385 4170 
CLU_6224 CLU_6399 5310 
CLU_6224 CLU_6409 40638 
CLU_6224 CLU_6411 17330 
CLU_6224 CLU_6413 41891 
CLU_6224 CLU_6416 21284 
CLU_6224 CLU_6417 60989 
CLU_6225 3143309772235 1614 
CLU_6225 3143309772251 479 
CLU_6225 3143309812059 2275 
CLU_6225 3143305305063 734 
CLU_6225 3143307781067 1709 
CLU_6225 3143305304997 1534 
CLU_6225 3143307831331 2202 
CLU_6225 3143300659134 2874 
CLU_6225 3143303180158 3495 
CLU_6225 3143307821506 3211 
CLU_6225 3143302150107 6186 
CLU_6225 3143309775978 3211 
CLU_6225 3143302219107 6006 
CLU_6225 3143302219352 2499 
CLU_6225 3143303180182 1946 
CLU_6225 3143302150050 2481 
CLU_6225 3143302150042 1856 
CLU_6225 3143302219085 2404 
CLU_6225 3143309812032 3099 
CLU_6225 3143302149915 4027 
CLU_6225 3143307299079 3534 
CLU_6225 3143302150018 4686 
CLU_6225 3143302218984 3902 
CLU_6225 3143306065295 4536 
CLU_6225 3143302219069 5427 
CLU_6225 3143306629296 4397 
CLU_6225 3143302149923 4312 
CLU_6225 3143306065341 5347 
CLU_6225 3143306329705 4678 
CLU_6225 3143306297943 11942 
CLU_6225 3143305212626 11942 
CLU_6225 3143307780621 3709 
CLU_6225 3143303180166 3211 
CLU_6225 3143302149893 2492 
CLU_6225 3143309251553 2852 
CLU_6225 3143302150026 4440 
CLU_6225 3143300550108 5060 
CLU_6225 3143303413578 26583 
CLU_6225 3143306329632 6620 
CLU_6225 3143305212588 11314 
CLU_6225 3143309812083 2091 
CLU_6225 3143306023282 1304 
CLU_6225 3143302218968 4388 
CLU_6225 3143309772227 2198 
CLU_6225 3143302203480 2433 
CLU_6225 3143302150085 3534 
CLU_6225 3143300211826 6065 
CLU_6225 3143302149931 3594 
CLU_6225 3143309352511 3101 
CLU_6225 3143309690905 3715 
CLU_6225 3143307608756 5304 
CLU_6225 3143306409911 5060 
CLU_6225 3143307780907 5315 
CLU_6225 3143309936424 4435 
CLU_6225 3143309812075 2563 
CLU_6225 3143303688100 3397 
CLU_6225 3143303180115 479 
CLU_6225 3143305302854 1371 
CLU_6225 3143302219212 1273 
CLU_6225 3143302149958 4763 
CLU_6225 3143307951345 3942 
CLU_6225 3143302219077 3437 
CLU_6225 3143302219344 5427 
CLU_6225 3143307607660 6186 
CLU_6225 3143302150069 3513 
CLU_6225 3143307809131 5984 
CLU_6225 3143300186252 6396 
CLU_6225 3143307836619 3099 
CLU_6225 3143305212545 5424 
CLU_6225 3143302150077 5304 
CLU_6225 3143302150034 3937 
CLU_6225 3143305212529 21513 
CLU_6225 3143302219379 42245 
CLU_6225 3143305212618 21513 
CLU_6225 CLU_6117 45007 
CLU_6225 CLU_6298 7094 
CLU_6225 CLU_6301 18993 
CLU_6225 CLU_6312 4586 
CLU_6225 CLU_6320 5389 
CLU_6225 CLU_6326 6789 
CLU_6225 CLU_6362 1921 
CLU_6225 CLU_6374 5427 
CLU_6225 CLU_6383 6075 
CLU_6225 CLU_6385 4395 
CLU_6225 CLU_6399 5165 
CLU_6225 CLU_6409 41095 
CLU_6225 CLU_6411 17761 
CLU_6225 CLU_6413 42245 
CLU_6225 CLU_6416 21513 
CLU_6225 CLU_6417 61267 
CLU_6226 3143309772235 2226 
CLU_6226 3143309772251 871 
CLU_6226 3143309812059 2801 
CLU_6226 3143305305063 496 
CLU_6226 3143307781067 1075 
CLU_6226 3143305304997 964 
CLU_6226 3143307831331 1663 
CLU_6226 3143300659134 2682 
CLU_6226 3143303180158 3787 
CLU_6226 3143307821506 3603 
CLU_6226 3143302150107 6526 
CLU_6226 3143309775978 3603 
CLU_6226 3143302219107 6590 
CLU_6226 3143302219352 3110 
CLU_6226 3143303180182 1919 
CLU_6226 3143302150050 2186 
CLU_6226 3143302150042 1532 
CLU_6226 3143302219085 2024 
CLU_6226 3143309812032 2637 
CLU_6226 3143302149915 3441 
CLU_6226 3143307299079 3381 
CLU_6226 3143302150018 4204 
CLU_6226 3143302218984 3338 
CLU_6226 3143306065295 3908 
CLU_6226 3143302219069 6053 
CLU_6226 3143306629296 3856 
CLU_6226 3143302149923 3686 
CLU_6226 3143306065341 4737 
CLU_6226 3143306329705 4057 
CLU_6226 3143306297943 11307 
CLU_6226 3143305212626 11307 
CLU_6226 3143307780621 3906 
CLU_6226 3143303180166 3603 
CLU_6226 3143302149893 1953 
CLU_6226 3143309251553 3218 
CLU_6226 3143302150026 4827 
CLU_6226 3143300550108 4443 
CLU_6226 3143303413578 26045 
CLU_6226 3143306329632 7222 
CLU_6226 3143305212588 11335 
CLU_6226 3143309812083 1784 
CLU_6226 3143306023282 1913 
CLU_6226 3143302218968 4757 
CLU_6226 3143309772227 1620 
CLU_6226 3143302203480 3040 
CLU_6226 3143302150085 3381 
CLU_6226 3143300211826 6699 
CLU_6226 3143302149931 4223 
CLU_6226 3143309352511 2464 
CLU_6226 3143309690905 3980 
CLU_6226 3143307608756 4754 
CLU_6226 3143306409911 4443 
CLU_6226 3143307780907 5952 
CLU_6226 3143309936424 4725 
CLU_6226 3143309812075 2546 
CLU_6226 3143303688100 3343 
CLU_6226 3143303180115 871 
CLU_6226 3143305302854 1228 
CLU_6226 3143302219212 674 
CLU_6226 3143302149958 5341 
CLU_6226 3143307951345 3503 
CLU_6226 3143302219077 3824 
CLU_6226 3143302219344 6053 
CLU_6226 3143307607660 6526 
CLU_6226 3143302150069 2961 
CLU_6226 3143307809131 5378 
CLU_6226 3143300186252 7032 
CLU_6226 3143307836619 2637 
CLU_6226 3143305212545 5940 
CLU_6226 3143302150077 4754 
CLU_6226 3143302150034 3666 
CLU_6226 3143305212529 22121 
CLU_6226 3143302219379 42761 
CLU_6226 3143305212618 22121 
CLU_6226 CLU_6117 45300 
CLU_6226 CLU_6298 6458 
CLU_6226 CLU_6301 18416 
CLU_6226 CLU_6312 5215 
CLU_6226 CLU_6320 5998 
CLU_6226 CLU_6326 7196 
CLU_6226 CLU_6362 2252 
CLU_6226 CLU_6374 6053 
CLU_6226 CLU_6383 5445 
CLU_6226 CLU_6385 3950 
CLU_6226 CLU_6399 5740 
CLU_6226 CLU_6409 41411 
CLU_6226 CLU_6411 18156 
CLU_6226 CLU_6413 42761 
CLU_6226 CLU_6416 22121 
CLU_6226 CLU_6417 61850 
CLU_6227 3143309772235 2822 
CLU_6227 3143309772251 1392 
CLU_6227 3143309812059 3251 
CLU_6227 3143305305063 1114 
CLU_6227 3143307781067 614 
CLU_6227 3143305304997 244 
CLU_6227 3143307831331 946 
CLU_6227 3143300659134 2291 
CLU_6227 3143303180158 3907 
CLU_6227 3143307821506 3854 
CLU_6227 3143302150107 6656 
CLU_6227 3143309775978 3854 
CLU_6227 3143302219107 7087 
CLU_6227 3143302219352 3689 
CLU_6227 3143303180182 2417 
CLU_6227 3143302150050 2395 
CLU_6227 3143302150042 1778 
CLU_6227 3143302219085 2130 
CLU_6227 3143309812032 1962 
CLU_6227 3143302149915 2704 
CLU_6227 3143307299079 3689 
CLU_6227 3143302150018 4028 
CLU_6227 3143302218984 3010 
CLU_6227 3143306065295 3213 
CLU_6227 3143302219069 6759 
CLU_6227 3143306629296 3571 
CLU_6227 3143302149923 3147 
CLU_6227 3143306065341 4250 
CLU_6227 3143306329705 3346 
CLU_6227 3143306297943 10686 
CLU_6227 3143305212626 10686 
CLU_6227 3143307780621 3908 
CLU_6227 3143303180166 3854 
CLU_6227 3143302149893 1766 
CLU_6227 3143309251553 3910 
CLU_6227 3143302150026 5518 
CLU_6227 3143300550108 3932 
CLU_6227 3143303413578 25311 
CLU_6227 3143306329632 7754 
CLU_6227 3143305212588 11735 
CLU_6227 3143309812083 1331 
CLU_6227 3143306023282 2635 
CLU_6227 3143302218968 4948 
CLU_6227 3143309772227 883 
CLU_6227 3143302203480 3764 
CLU_6227 3143302150085 3689 
CLU_6227 3143300211826 7383 
CLU_6227 3143302149931 4925 
CLU_6227 3143309352511 1828 
CLU_6227 3143309690905 4613 
CLU_6227 3143307608756 4428 
CLU_6227 3143306409911 3932 
CLU_6227 3143307780907 6606 
CLU_6227 3143309936424 5367 
CLU_6227 3143309812075 2368 
CLU_6227 3143303688100 3077 
CLU_6227 3143303180115 1392 
CLU_6227 3143305302854 1711 
CLU_6227 3143302219212 654 
CLU_6227 3143302149958 5833 
CLU_6227 3143307951345 2835 
CLU_6227 3143302219077 4520 
CLU_6227 3143302219344 6759 
CLU_6227 3143307607660 6656 
CLU_6227 3143302150069 2678 
CLU_6227 3143307809131 4651 
CLU_6227 3143300186252 7700 
CLU_6227 3143307836619 1962 
CLU_6227 3143305212545 6674 
CLU_6227 3143302150077 4428 
CLU_6227 3143302150034 3826 
CLU_6227 3143305212529 22652 
CLU_6227 3143302219379 43095 
CLU_6227 3143305212618 22652 
CLU_6227 CLU_6117 45305 
CLU_6227 CLU_6298 5799 
CLU_6227 CLU_6301 17983 
CLU_6227 CLU_6312 5914 
CLU_6227 CLU_6320 6721 
CLU_6227 CLU_6326 7890 
CLU_6227 CLU_6362 2498 
CLU_6227 CLU_6374 6759 
CLU_6227 CLU_6383 4875 
CLU_6227 CLU_6385 3272 
CLU_6227 CLU_6399 6476 
CLU_6227 CLU_6409 41448 
CLU_6227 CLU_6411 18316 
CLU_6227 CLU_6413 43095 
CLU_6227 CLU_6416 22652 
CLU_6227 CLU_6417 62313 
CLU_6228 3143309772235 2964 
CLU_6228 3143309772251 1535 
CLU_6228 3143309812059 3333 
CLU_6228 3143305305063 1357 
CLU_6228 3143307781067 700 
CLU_6228 3143305304997 0 
CLU_6228 3143307831331 704 
CLU_6228 3143300659134 2111 
CLU_6228 3143303180158 3871 
CLU_6228 3143307821506 3861 
CLU_6228 3143302150107 6610 
CLU_6228 3143309775978 3861 
CLU_6228 3143302219107 7172 
CLU_6228 3143302219352 3818 
CLU_6228 3143303180182 2653 
CLU_6228 3143302150050 2588 
CLU_6228 3143302150042 1986 
CLU_6228 3143302219085 2304 
CLU_6228 3143309812032 1718 
CLU_6228 3143302149915 2493 
CLU_6228 3143307299079 3892 
CLU_6228 3143302150018 4104 
CLU_6228 3143302218984 3040 
CLU_6228 3143306065295 3052 
CLU_6228 3143302219069 6945 
CLU_6228 3143306629296 3612 
CLU_6228 3143302149923 3083 
CLU_6228 3143306065341 4205 
CLU_6228 3143306329705 3168 
CLU_6228 3143306297943 10562 
CLU_6228 3143305212626 10562 
CLU_6228 3143307780621 3834 
CLU_6228 3143303180166 3861 
CLU_6228 3143302149893 1871 
CLU_6228 3143309251553 4153 
CLU_6228 3143302150026 5761 
CLU_6228 3143300550108 3877 
CLU_6228 3143303413578 25081 
CLU_6228 3143306329632 7853 
CLU_6228 3143305212588 11946 
CLU_6228 3143309812083 1151 
CLU_6228 3143306023282 2838 
CLU_6228 3143302218968 4929 
CLU_6228 3143309772227 664 
CLU_6228 3143302203480 3967 
CLU_6228 3143302150085 3892 
CLU_6228 3143300211826 7554 
CLU_6228 3143302149931 5110 
CLU_6228 3143309352511 1722 
CLU_6228 3143309690905 4857 
CLU_6228 3143307608756 4449 
CLU_6228 3143306409911 3877 
CLU_6228 3143307780907 6762 
CLU_6228 3143309936424 5611 
CLU_6228 3143309812075 2254 
CLU_6228 3143303688100 2926 
CLU_6228 3143303180115 1535 
CLU_6228 3143305302854 1950 
CLU_6228 3143302219212 870 
CLU_6228 3143302149958 5918 
CLU_6228 3143307951345 2591 
CLU_6228 3143302219077 4762 
CLU_6228 3143302219344 6945 
CLU_6228 3143307607660 6610 
CLU_6228 3143302150069 2730 
CLU_6228 3143307809131 4455 
CLU_6228 3143300186252 7862 
CLU_6228 3143307836619 1718 
CLU_6228 3143305212545 6904 
CLU_6228 3143302150077 4449 
CLU_6228 3143302150034 3998 
CLU_6228 3143305212529 22742 
CLU_6228 3143302219379 43106 
CLU_6228 3143305212618 22742 
CLU_6228 CLU_6117 45205 
CLU_6228 CLU_6298 5657 
CLU_6228 CLU_6301 17944 
CLU_6228 CLU_6312 6097 
CLU_6228 CLU_6320 6921 
CLU_6228 CLU_6326 8133 
CLU_6228 CLU_6362 2520 
CLU_6228 CLU_6374 6945 
CLU_6228 CLU_6383 4785 
CLU_6228 CLU_6385 3028 
CLU_6228 CLU_6399 6692 
CLU_6228 CLU_6409 41358 
CLU_6228 CLU_6411 18268 
CLU_6228 CLU_6413 43106 
CLU_6228 CLU_6416 22742 
CLU_6228 CLU_6417 62372 
CLU_6229 3143309772235 3112 
CLU_6229 3143309772251 1755 
CLU_6229 3143309812059 3310 
CLU_6229 3143305305063 1906 
CLU_6229 3143307781067 1273 
CLU_6229 3143305304997 619 
CLU_6229 3143307831331 454 
CLU_6229 3143300659134 1522 
CLU_6229 3143303180158 3541 
CLU_6229 3143307821506 3636 
CLU_6229 3143302150107 6237 
CLU_6229 3143309775978 3636 
CLU_6229 3143302219107 7112 
CLU_6229 3143302219352 3913 
CLU_6229 3143303180182 3255 
CLU_6229 3143302150050 3204 
CLU_6229 3143302150042 2605 
CLU_6229 3143302219085 2912 
CLU_6229 3143309812032 1195 
CLU_6229 3143302149915 2255 
CLU_6229 3143307299079 4510 
CLU_6229 3143302150018 4590 
CLU_6229 3143302218984 3462 
CLU_6229 3143306065295 3002 
CLU_6229 3143302219069 7191 
CLU_6229 3143306629296 4045 
CLU_6229 3143302149923 3311 
CLU_6229 3143306065341 4456 
CLU_6229 3143306329705 3059 
CLU_6229 3143306297943 10574 
CLU_6229 3143305212626 10574 
CLU_6229 3143307780621 3420 
CLU_6229 3143303180166 3636 
CLU_6229 3143302149893 2419 
CLU_6229 3143309251553 4669 
CLU_6229 3143302150026 6277 
CLU_6229 3143300550108 4110 
CLU_6229 3143303413578 24684 
CLU_6229 3143306329632 7826 
CLU_6229 3143305212588 12565 
CLU_6229 3143309812083 586 
CLU_6229 3143306023282 3179 
CLU_6229 3143302218968 4627 
CLU_6229 3143309772227 642 
CLU_6229 3143302203480 4290 
CLU_6229 3143302150085 4510 
CLU_6229 3143300211826 7746 
CLU_6229 3143302149931 5362 
CLU_6229 3143309352511 1903 
CLU_6229 3143309690905 5420 
CLU_6229 3143307608756 4836 
CLU_6229 3143306409911 4110 
CLU_6229 3143307780907 6908 
CLU_6229 3143309936424 6169 
CLU_6229 3143309812075 1786 
CLU_6229 3143303688100 2376 
CLU_6229 3143303180115 1755 
CLU_6229 3143305302854 2548 
CLU_6229 3143302219212 1488 
CLU_6229 3143302149958 5868 
CLU_6229 3143307951345 2053 
CLU_6229 3143302219077 5273 
CLU_6229 3143302219344 7191 
CLU_6229 3143307607660 6237 
CLU_6229 3143302150069 3193 
CLU_6229 3143307809131 4248 
CLU_6229 3143300186252 8024 
CLU_6229 3143307836619 1195 
CLU_6229 3143305212545 7331 
CLU_6229 3143302150077 4836 
CLU_6229 3143302150034 4599 
CLU_6229 3143305212529 22672 
CLU_6229 3143302219379 42830 
CLU_6229 3143305212618 22672 
CLU_6229 CLU_6117 44710 
CLU_6229 CLU_6298 5634 
CLU_6229 CLU_6301 18168 
CLU_6229 CLU_6312 6333 
CLU_6229 CLU_6320 7216 
CLU_6229 CLU_6326 8644 
CLU_6229 CLU_6362 2367 
CLU_6229 CLU_6374 7191 
CLU_6229 CLU_6383 4922 
CLU_6229 CLU_6385 2502 
CLU_6229 CLU_6399 7050 
CLU_6229 CLU_6409 40880 
CLU_6229 CLU_6411 17876 
CLU_6229 CLU_6413 42830 
CLU_6229 CLU_6416 22672 
CLU_6229 CLU_6417 62214 
CLU_6230 3143309772235 3881 
CLU_6230 3143309772251 2571 
CLU_6230 3143309812059 3969 
CLU_6230 3143305305063 2697 
CLU_6230 3143307781067 1827 
CLU_6230 3143305304997 1345 
CLU_6230 3143307831331 680 
CLU_6230 3143300659134 1413 
CLU_6230 3143303180158 3867 
CLU_6230 3143307821506 4094 
CLU_6230 3143302150107 6437 
CLU_6230 3143309775978 4094 
CLU_6230 3143302219107 7693 
CLU_6230 3143302219352 4641 
CLU_6230 3143303180182 3983 
CLU_6230 3143302150050 3788 
CLU_6230 3143302150042 3246 
CLU_6230 3143302219085 3457 
CLU_6230 3143309812032 373 
CLU_6230 3143302149915 1586 
CLU_6230 3143307299079 5106 
CLU_6230 3143302150018 4793 
CLU_6230 3143302218984 3587 
CLU_6230 3143306065295 2500 
CLU_6230 3143302219069 7981 
CLU_6230 3143306629296 4167 
CLU_6230 3143302149923 3150 
CLU_6230 3143306065341 4282 
CLU_6230 3143306329705 2485 
CLU_6230 3143306297943 10033 
CLU_6230 3143305212626 10033 
CLU_6230 3143307780621 3615 
CLU_6230 3143303180166 4094 
CLU_6230 3143302149893 2826 
CLU_6230 3143309251553 5483 
CLU_6230 3143302150026 7092 
CLU_6230 3143300550108 3923 
CLU_6230 3143303413578 23854 
CLU_6230 3143306329632 8434 
CLU_6230 3143305212588 13163 
CLU_6230 3143309812083 929 
CLU_6230 3143306023282 4008 
CLU_6230 3143302218968 4961 
CLU_6230 3143309772227 876 
CLU_6230 3143302203480 5113 
CLU_6230 3143302150085 5106 
CLU_6230 3143300211826 8510 
CLU_6230 3143302149931 6159 
CLU_6230 3143309352511 1815 
CLU_6230 3143309690905 6202 
CLU_6230 3143307608756 4859 
CLU_6230 3143306409911 3923 
CLU_6230 3143307780907 7649 
CLU_6230 3143309936424 6956 
CLU_6230 3143309812075 1997 
CLU_6230 3143303688100 2311 
CLU_6230 3143303180115 2571 
CLU_6230 3143305302854 3286 
CLU_6230 3143302219212 2182 
CLU_6230 3143302149958 6467 
CLU_6230 3143307951345 1246 
CLU_6230 3143302219077 6090 
CLU_6230 3143302219344 7981 
CLU_6230 3143307607660 6437 
CLU_6230 3143302150069 3399 
CLU_6230 3143307809131 3547 
CLU_6230 3143300186252 8770 
CLU_6230 3143307836619 373 
CLU_6230 3143305212545 8165 
CLU_6230 3143302150077 4859 
CLU_6230 3143302150034 5091 
CLU_6230 3143305212529 23208 
CLU_6230 3143302219379 43108 
CLU_6230 3143305212618 23208 
CLU_6230 CLU_6117 44603 
CLU_6230 CLU_6298 5091 
CLU_6230 CLU_6301 17861 
CLU_6230 CLU_6312 7121 
CLU_6230 CLU_6320 8025 
CLU_6230 CLU_6326 9462 
CLU_6230 CLU_6362 2952 
CLU_6230 CLU_6374 7981 
CLU_6230 CLU_6383 4581 
CLU_6230 CLU_6385 1686 
CLU_6230 CLU_6399 7876 
CLU_6230 CLU_6409 40812 
CLU_6230 CLU_6411 17988 
CLU_6230 CLU_6413 43108 
CLU_6230 CLU_6416 23208 
CLU_6230 CLU_6417 62639 
CLU_6231 3143309772235 3158 
CLU_6231 3143309772251 3229 
CLU_6231 3143309812059 2374 
CLU_6231 3143305305063 4331 
CLU_6231 3143307781067 4516 
CLU_6231 3143305304997 3834 
CLU_6231 3143307831331 3826 
CLU_6231 3143300659134 2243 
CLU_6231 3143303180158 625 
CLU_6231 3143307821506 1315 
CLU_6231 3143302150107 2829 
CLU_6231 3143309775978 1315 
CLU_6231 3143302219107 4737 
CLU_6231 3143302219352 3208 
CLU_6231 3143303180182 5654 
CLU_6231 3143302150050 6092 
CLU_6231 3143302150042 5438 
CLU_6231 3143302219085 5919 
CLU_6231 3143309812032 3652 
CLU_6231 3143302149915 5095 
CLU_6231 3143307299079 7235 
CLU_6231 3143302150018 7934 
CLU_6231 3143302218984 6863 
CLU_6231 3143306065295 6094 
CLU_6231 3143302219069 6453 
CLU_6231 3143306629296 7440 
CLU_6231 3143302149923 6698 
CLU_6231 3143306065341 7844 
CLU_6231 3143306329705 6037 
CLU_6231 3143306297943 13508 
CLU_6231 3143305212626 13508 
CLU_6231 3143307780621 0 
CLU_6231 3143303180166 1315 
CLU_6231 3143302149893 5674 
CLU_6231 3143309251553 6105 
CLU_6231 3143302150026 7462 
CLU_6231 3143300550108 7491 
CLU_6231 3143303413578 25643 
CLU_6231 3143306329632 5542 
CLU_6231 3143305212588 14944 
CLU_6231 3143309812083 2864 
CLU_6231 3143306023282 4083 
CLU_6231 3143302218968 1472 
CLU_6231 3143309772227 4051 
CLU_6231 3143302203480 4648 
CLU_6231 3143302150085 7235 
CLU_6231 3143300211826 6628 
CLU_6231 3143302149931 5004 
CLU_6231 3143309352511 5297 
CLU_6231 3143309690905 7107 
CLU_6231 3143307608756 8253 
CLU_6231 3143306409911 7491 
CLU_6231 3143307780907 5644 
CLU_6231 3143309936424 7729 
CLU_6231 3143309812075 1647 
CLU_6231 3143303688100 1486 
CLU_6231 3143303180115 3229 
CLU_6231 3143305302854 5055 
CLU_6231 3143302219212 4442 
CLU_6231 3143302149958 3719 
CLU_6231 3143307951345 3856 
CLU_6231 3143302219077 6563 
CLU_6231 3143302219344 6453 
CLU_6231 3143307607660 2829 
CLU_6231 3143302150069 6564 
CLU_6231 3143307809131 6853 
CLU_6231 3143300186252 6701 
CLU_6231 3143307836619 3652 
CLU_6231 3143305212545 7728 
CLU_6231 3143302150077 8253 
CLU_6231 3143302150034 7571 
CLU_6231 3143305212529 19870 
CLU_6231 3143302219379 39493 
CLU_6231 3143305212618 19870 
CLU_6231 CLU_6117 41411 
CLU_6231 CLU_6298 8613 
CLU_6231 CLU_6301 21477 
CLU_6231 CLU_6312 5675 
CLU_6231 CLU_6320 6769 
CLU_6231 CLU_6326 9563 
CLU_6231 CLU_6362 1848 
CLU_6231 CLU_6374 6453 
CLU_6231 CLU_6383 8196 
CLU_6231 CLU_6385 4148 
CLU_6231 CLU_6399 7021 
CLU_6231 CLU_6409 37542 
CLU_6231 CLU_6411 14455 
CLU_6231 CLU_6413 39493 
CLU_6231 CLU_6416 19870 
CLU_6231 CLU_6417 59093 
CLU_6232 3143309772235 2067 
CLU_6232 3143309772251 2097 
CLU_6232 3143309812059 1431 
CLU_6232 3143305305063 3227 
CLU_6232 3143307781067 3572 
CLU_6232 3143305304997 2932 
CLU_6232 3143307831331 3093 
CLU_6232 3143300659134 1953 
CLU_6232 3143303180158 957 
CLU_6232 3143307821506 1021 
CLU_6232 3143302150107 3708 
CLU_6232 3143309775978 1021 
CLU_6232 3143302219107 4678 
CLU_6232 3143302219352 2305 
CLU_6232 3143303180182 4513 
CLU_6232 3143302150050 5002 
CLU_6232 3143302150042 4352 
CLU_6232 3143302219085 4857 
CLU_6232 3143309812032 3223 
CLU_6232 3143302149915 4651 
CLU_6232 3143307299079 6107 
CLU_6232 3143302150018 6969 
CLU_6232 3143302218984 5965 
CLU_6232 3143306065295 5561 
CLU_6232 3143302219069 5732 
CLU_6232 3143306629296 6529 
CLU_6232 3143302149923 5952 
CLU_6232 3143306065341 7094 
CLU_6232 3143306329705 5559 
CLU_6232 3143306297943 13107 
CLU_6232 3143305212626 13107 
CLU_6232 3143307780621 1159 
CLU_6232 3143303180166 1021 
CLU_6232 3143302149893 4693 
CLU_6232 3143309251553 4962 
CLU_6232 3143302150026 6357 
CLU_6232 3143300550108 6752 
CLU_6232 3143303413578 26071 
CLU_6232 3143306329632 5448 
CLU_6232 3143305212588 13784 
CLU_6232 3143309812083 2182 
CLU_6232 3143306023282 2942 
CLU_6232 3143302218968 1997 
CLU_6232 3143309772227 3287 
CLU_6232 3143302203480 3595 
CLU_6232 3143302150085 6107 
CLU_6232 3143300211826 6039 
CLU_6232 3143302149931 4123 
CLU_6232 3143309352511 4547 
CLU_6232 3143309690905 5958 
CLU_6232 3143307608756 7379 
CLU_6232 3143306409911 6752 
CLU_6232 3143307780907 5083 
CLU_6232 3143309936424 6592 
CLU_6232 3143309812075 1178 
CLU_6232 3143303688100 1650 
CLU_6232 3143303180115 2097 
CLU_6232 3143305302854 3935 
CLU_6232 3143302219212 3421 
CLU_6232 3143302149958 3497 
CLU_6232 3143307951345 3678 
CLU_6232 3143302219077 5437 
CLU_6232 3143302219344 5732 
CLU_6232 3143307607660 3708 
CLU_6232 3143302150069 5636 
CLU_6232 3143307809131 6556 
CLU_6232 3143300186252 6190 
CLU_6232 3143307836619 3223 
CLU_6232 3143305212545 6749 
CLU_6232 3143302150077 7379 
CLU_6232 3143302150034 6478 
CLU_6232 3143305212529 20140 
CLU_6232 3143302219379 40192 
CLU_6232 3143305212618 20140 
CLU_6232 CLU_6117 42469 
CLU_6232 CLU_6298 8165 
CLU_6232 CLU_6301 20815 
CLU_6232 CLU_6312 4906 
CLU_6232 CLU_6320 5970 
CLU_6232 CLU_6326 8515 
CLU_6232 CLU_6362 689 
CLU_6232 CLU_6374 5732 
CLU_6232 CLU_6383 7561 
CLU_6232 CLU_6385 4059 
CLU_6232 CLU_6399 6120 
CLU_6232 CLU_6409 38577 
CLU_6232 CLU_6411 15363 
CLU_6232 CLU_6413 40192 
CLU_6232 CLU_6416 20140 
CLU_6232 CLU_6417 59587 
CLU_6233 3143309772235 932 
CLU_6233 3143309772251 1930 
CLU_6233 3143309812059 0 
CLU_6233 3143305305063 3008 
CLU_6233 3143307781067 3805 
CLU_6233 3143305304997 3333 
CLU_6233 3143307831331 3754 
CLU_6233 3143300659134 3177 
CLU_6233 3143303180158 1853 
CLU_6233 3143307821506 1251 
CLU_6233 3143302150107 4155 
CLU_6233 3143309775978 1251 
CLU_6233 3143302219107 3838 
CLU_6233 3143302219352 874 
CLU_6233 3143303180182 3973 
CLU_6233 3143302150050 4703 
CLU_6233 3143302150042 4110 
CLU_6233 3143302219085 4666 
CLU_6233 3143309812032 4214 
CLU_6233 3143302149915 5535 
CLU_6233 3143307299079 5588 
CLU_6233 3143302150018 6962 
CLU_6233 3143302218984 6139 
CLU_6233 3143306065295 6307 
CLU_6233 3143302219069 4322 
CLU_6233 3143306629296 6654 
CLU_6233 3143302149923 6398 
CLU_6233 3143306065341 7494 
CLU_6233 3143306329705 6368 
CLU_6233 3143306297943 13870 
CLU_6233 3143305212626 13870 
CLU_6233 3143307780621 2374 
CLU_6233 3143303180166 1251 
CLU_6233 3143302149893 4747 
CLU_6233 3143309251553 3905 
CLU_6233 3143302150026 5142 
CLU_6233 3143300550108 7181 
CLU_6233 3143303413578 27424 
CLU_6233 3143306329632 4526 
CLU_6233 3143305212588 12849 
CLU_6233 3143309812083 3043 
CLU_6233 3143306023282 1959 
CLU_6233 3143302218968 2366 
CLU_6233 3143309772227 3881 
CLU_6233 3143302203480 2291 
CLU_6233 3143302150085 5588 
CLU_6233 3143300211826 4685 
CLU_6233 3143302149931 2692 
CLU_6233 3143309352511 5056 
CLU_6233 3143309690905 4930 
CLU_6233 3143307608756 7554 
CLU_6233 3143306409911 7181 
CLU_6233 3143307780907 3759 
CLU_6233 3143309936424 5486 
CLU_6233 3143309812075 2437 
CLU_6233 3143303688100 3061 
CLU_6233 3143303180115 1930 
CLU_6233 3143305302854 3566 
CLU_6233 3143302219212 3474 
CLU_6233 3143302149958 2584 
CLU_6233 3143307951345 4832 
CLU_6233 3143302219077 4295 
CLU_6233 3143302219344 4322 
CLU_6233 3143307607660 4155 
CLU_6233 3143302150069 5761 
CLU_6233 3143307809131 7515 
CLU_6233 3143300186252 4881 
CLU_6233 3143307836619 4214 
CLU_6233 3143305212545 5361 
CLU_6233 3143302150077 7554 
CLU_6233 3143302150034 6106 
CLU_6233 3143305212529 19408 
CLU_6233 3143302219379 39972 
CLU_6233 3143305212618 19408 
CLU_6233 CLU_6117 42946 
CLU_6233 CLU_6298 8938 
CLU_6233 CLU_6301 21208 
CLU_6233 CLU_6312 3485 
CLU_6233 CLU_6320 4541 
CLU_6233 CLU_6326 7192 
CLU_6233 CLU_6362 1068 
CLU_6233 CLU_6374 4322 
CLU_6233 CLU_6383 8118 
CLU_6233 CLU_6385 5252 
CLU_6233 CLU_6399 4696 
CLU_6233 CLU_6409 38995 
CLU_6233 CLU_6411 15561 
CLU_6233 CLU_6413 39972 
CLU_6233 CLU_6416 19408 
CLU_6233 CLU_6417 59069 
CLU_6234 3143309772235 1167 
CLU_6234 3143309772251 2487 
CLU_6234 3143309812059 728 
CLU_6234 3143305305063 3463 
CLU_6234 3143307781067 4381 
CLU_6234 3143305304997 3967 
CLU_6234 3143307831331 4432 
CLU_6234 3143300659134 3903 
CLU_6234 3143303180158 2310 
CLU_6234 3143307821506 1621 
CLU_6234 3143302150107 4206 
CLU_6234 3143309775978 1621 
CLU_6234 3143302219107 3256 
CLU_6234 3143302219352 435 
CLU_6234 3143303180182 4233 
CLU_6234 3143302150050 5057 
CLU_6234 3143302150042 4507 
CLU_6234 3143302219085 5069 
CLU_6234 3143309812032 4933 
CLU_6234 3143302149915 6235 
CLU_6234 3143307299079 5811 
CLU_6234 3143302150018 7399 
CLU_6234 3143302218984 6654 
CLU_6234 3143306065295 6979 
CLU_6234 3143302219069 3634 
CLU_6234 3143306629296 7145 
CLU_6234 3143302149923 6996 
CLU_6234 3143306065341 8069 
CLU_6234 3143306329705 7052 
CLU_6234 3143306297943 14527 
CLU_6234 3143305212626 14527 
CLU_6234 3143307780621 2896 
CLU_6234 3143303180166 1621 
CLU_6234 3143302149893 5243 
CLU_6234 3143309251553 3820 
CLU_6234 3143302150026 4876 
CLU_6234 3143300550108 7767 
CLU_6234 3143303413578 28140 
CLU_6234 3143306329632 3896 
CLU_6234 3143305212588 12749 
CLU_6234 3143309812083 3757 
CLU_6234 3143306023282 2083 
CLU_6234 3143302218968 2521 
CLU_6234 3143309772227 4544 
CLU_6234 3143302203480 2025 
CLU_6234 3143302150085 5811 
CLU_6234 3143300211826 3964 
CLU_6234 3143302149931 2110 
CLU_6234 3143309352511 5684 
CLU_6234 3143309690905 4839 
CLU_6234 3143307608756 8054 
CLU_6234 3143306409911 7767 
CLU_6234 3143307780907 3031 
CLU_6234 3143309936424 5318 
CLU_6234 3143309812075 3157 
CLU_6234 3143303688100 3747 
CLU_6234 3143303180115 2487 
CLU_6234 3143305302854 3928 
CLU_6234 3143302219212 4006 
CLU_6234 3143302149958 2012 
CLU_6234 3143307951345 5560 
CLU_6234 3143302219077 4120 
CLU_6234 3143302219344 3634 
CLU_6234 3143307607660 4206 
CLU_6234 3143302150069 6264 
CLU_6234 3143307809131 8221 
CLU_6234 3143300186252 4153 
CLU_6234 3143307836619 4933 
CLU_6234 3143305212545 4872 
CLU_6234 3143302150077 8054 
CLU_6234 3143302150034 6395 
CLU_6234 3143305212529 18796 
CLU_6234 3143302219379 39541 
CLU_6234 3143305212618 18796 
CLU_6234 CLU_6117 42845 
CLU_6234 CLU_6298 9606 
CLU_6234 CLU_6301 21744 
CLU_6234 CLU_6312 2816 
CLU_6234 CLU_6320 3894 
CLU_6234 CLU_6326 6785 
CLU_6234 CLU_6362 1796 
CLU_6234 CLU_6374 3634 
CLU_6234 CLU_6383 8735 
CLU_6234 CLU_6385 5981 
CLU_6234 CLU_6399 4127 
CLU_6234 CLU_6409 38864 
CLU_6234 CLU_6411 15348 
CLU_6234 CLU_6413 39541 
CLU_6234 CLU_6416 18796 
CLU_6234 CLU_6417 58518 
CLU_6235 3143309772235 608 
CLU_6235 3143309772251 914 
CLU_6235 3143309812059 1416 
CLU_6235 3143305305063 1699 
CLU_6235 3143307781067 2714 
CLU_6235 3143305304997 2438 
CLU_6235 3143307831331 3037 
CLU_6235 3143300659134 3206 
CLU_6235 3143303180158 2999 
CLU_6235 3143307821506 2552 
CLU_6235 3143302150107 5531 
CLU_6235 3143309775978 2552 
CLU_6235 3143302219107 5011 
CLU_6235 3143302219352 1488 
CLU_6235 3143303180182 2557 
CLU_6235 3143302150050 3309 
CLU_6235 3143302150042 2740 
CLU_6235 3143302219085 3302 
CLU_6235 3143309812032 3794 
CLU_6235 3143302149915 4891 
CLU_6235 3143307299079 4174 
CLU_6235 3143302150018 5628 
CLU_6235 3143302218984 4902 
CLU_6235 3143306065295 5487 
CLU_6235 3143302219069 4530 
CLU_6235 3143306629296 5381 
CLU_6235 3143302149923 5325 
CLU_6235 3143306065341 6362 
CLU_6235 3143306329705 5607 
CLU_6235 3143306297943 12942 
CLU_6235 3143305212626 12942 
CLU_6235 3143307780621 3364 
CLU_6235 3143303180166 2552 
CLU_6235 3143302149893 3486 
CLU_6235 3143309251553 2752 
CLU_6235 3143302150026 4200 
CLU_6235 3143300550108 6075 
CLU_6235 3143303413578 27297 
CLU_6235 3143306329632 5611 
CLU_6235 3143305212588 11598 
CLU_6235 3143309812083 2655 
CLU_6235 3143306023282 744 
CLU_6235 3143302218968 3725 
CLU_6235 3143309772227 3084 
CLU_6235 3143302203480 1684 
CLU_6235 3143302150085 4174 
CLU_6235 3143300211826 5116 
CLU_6235 3143302149931 2698 
CLU_6235 3143309352511 4087 
CLU_6235 3143309690905 3745 
CLU_6235 3143307608756 6293 
CLU_6235 3143306409911 6075 
CLU_6235 3143307780907 4330 
CLU_6235 3143309936424 4384 
CLU_6235 3143309812075 2668 
CLU_6235 3143303688100 3479 
CLU_6235 3143303180115 914 
CLU_6235 3143305302854 2172 
CLU_6235 3143302219212 2288 
CLU_6235 3143302149958 3778 
CLU_6235 3143307951345 4574 
CLU_6235 3143302219077 3248 
CLU_6235 3143302219344 4530 
CLU_6235 3143307607660 5531 
CLU_6235 3143302150069 4507 
CLU_6235 3143307809131 6875 
CLU_6235 3143300186252 5425 
CLU_6235 3143307836619 3794 
CLU_6235 3143305212545 4861 
CLU_6235 3143302150077 6293 
CLU_6235 3143302150034 4693 
CLU_6235 3143305212529 20500 
CLU_6235 3143302219379 41307 
CLU_6235 3143305212618 20500 
CLU_6235 CLU_6117 44348 
CLU_6235 CLU_6298 8072 
CLU_6235 CLU_6301 19991 
CLU_6235 CLU_6312 3674 
CLU_6235 CLU_6320 4557 
CLU_6235 CLU_6326 6449 
CLU_6235 CLU_6362 1530 
CLU_6235 CLU_6374 4530 
CLU_6235 CLU_6383 7085 
CLU_6235 CLU_6385 5026 
CLU_6235 CLU_6399 4447 
CLU_6235 CLU_6409 40404 
CLU_6235 CLU_6411 16977 
CLU_6235 CLU_6413 41307 
CLU_6235 CLU_6416 20500 
CLU_6235 CLU_6417 60268 
CLU_6236 3143309772235 916 
CLU_6236 3143309772251 726 
CLU_6236 3143309812059 1698 
CLU_6236 3143305305063 1392 
CLU_6236 3143307781067 2432 
CLU_6236 3143305304997 2200 
CLU_6236 3143307831331 2827 
CLU_6236 3143300659134 3157 
CLU_6236 3143303180158 3194 
CLU_6236 3143307821506 2789 
CLU_6236 3143302150107 5778 
CLU_6236 3143309775978 2789 
CLU_6236 3143302219107 5318 
CLU_6236 3143302219352 1793 
CLU_6236 3143303180182 2288 
CLU_6236 3143302150050 3011 
CLU_6236 3143302150042 2435 
CLU_6236 3143302219085 2997 
CLU_6236 3143309812032 3635 
CLU_6236 3143302149915 4676 
CLU_6236 3143307299079 3908 
CLU_6236 3143302150018 5321 
CLU_6236 3143302218984 4596 
CLU_6236 3143306065295 5236 
CLU_6236 3143302219069 4746 
CLU_6236 3143306629296 5074 
CLU_6236 3143302149923 5036 
CLU_6236 3143306065341 6064 
CLU_6236 3143306329705 5366 
CLU_6236 3143306297943 12665 
CLU_6236 3143305212626 12665 
CLU_6236 3143307780621 3519 
CLU_6236 3143303180166 2789 
CLU_6236 3143302149893 3180 
CLU_6236 3143309251553 2658 
CLU_6236 3143302150026 4163 
CLU_6236 3143300550108 5781 
CLU_6236 3143303413578 27147 
CLU_6236 3143306329632 5915 
CLU_6236 3143305212588 11425 
CLU_6236 3143309812083 2528 
CLU_6236 3143306023282 746 
CLU_6236 3143302218968 3969 
CLU_6236 3143309772227 2855 
CLU_6236 3143302203480 1817 
CLU_6236 3143302150085 3908 
CLU_6236 3143300211826 5360 
CLU_6236 3143302149931 2910 
CLU_6236 3143309352511 3817 
CLU_6236 3143309690905 3623 
CLU_6236 3143307608756 5986 
CLU_6236 3143306409911 5781 
CLU_6236 3143307780907 4596 
CLU_6236 3143309936424 4290 
CLU_6236 3143309812075 2681 
CLU_6236 3143303688100 3509 
CLU_6236 3143303180115 726 
CLU_6236 3143305302854 1873 
CLU_6236 3143302219212 1994 
CLU_6236 3143302149958 4086 
CLU_6236 3143307951345 4440 
CLU_6236 3143302219077 3188 
CLU_6236 3143302219344 4746 
CLU_6236 3143307607660 5778 
CLU_6236 3143302150069 4200 
CLU_6236 3143307809131 6652 
CLU_6236 3143300186252 5682 
CLU_6236 3143307836619 3635 
CLU_6236 3143305212545 4938 
CLU_6236 3143302150077 5986 
CLU_6236 3143302150034 4408 
CLU_6236 3143305212529 20800 
CLU_6236 3143302219379 41613 
CLU_6236 3143305212618 20800 
CLU_6236 CLU_6117 44604 
CLU_6236 CLU_6298 7808 
CLU_6236 CLU_6301 19685 
CLU_6236 CLU_6312 3896 
CLU_6236 CLU_6320 4743 
CLU_6236 CLU_6326 6452 
CLU_6236 CLU_6362 1670 
CLU_6236 CLU_6374 4746 
CLU_6236 CLU_6383 6799 
CLU_6236 CLU_6385 4894 
CLU_6236 CLU_6399 4583 
CLU_6236 CLU_6409 40667 
CLU_6236 CLU_6411 17258 
CLU_6236 CLU_6413 41613 
CLU_6236 CLU_6416 20800 
CLU_6236 CLU_6417 60574 
CLU_6237 3143309772235 2036 
CLU_6237 3143309772251 1239 
CLU_6237 3143309812059 2848 
CLU_6237 3143305305063 562 
CLU_6237 3143307781067 1775 
CLU_6237 3143305304997 1895 
CLU_6237 3143307831331 2599 
CLU_6237 3143300659134 3565 
CLU_6237 3143303180158 4224 
CLU_6237 3143307821506 3892 
CLU_6237 3143302150107 6881 
CLU_6237 3143309775978 3892 
CLU_6237 3143302219107 6406 
CLU_6237 3143302219352 2876 
CLU_6237 3143303180182 1195 
CLU_6237 3143302150050 1861 
CLU_6237 3143302150042 1311 
CLU_6237 3143302219085 1872 
CLU_6237 3143309812032 3592 
CLU_6237 3143302149915 4311 
CLU_6237 3143307299079 2803 
CLU_6237 3143302150018 4211 
CLU_6237 3143302218984 3589 
CLU_6237 3143306065295 4658 
CLU_6237 3143302219069 5388 
CLU_6237 3143306629296 4022 
CLU_6237 3143302149923 4196 
CLU_6237 3143306065341 5141 
CLU_6237 3143306329705 4841 
CLU_6237 3143306297943 11861 
CLU_6237 3143305212626 11861 
CLU_6237 3143307780621 4463 
CLU_6237 3143303180166 3892 
CLU_6237 3143302149893 2184 
CLU_6237 3143309251553 2263 
CLU_6237 3143302150026 3872 
CLU_6237 3143300550108 4889 
CLU_6237 3143303413578 26947 
CLU_6237 3143306329632 6964 
CLU_6237 3143305212588 10555 
CLU_6237 3143309812083 2713 
CLU_6237 3143306023282 1310 
CLU_6237 3143302218968 5075 
CLU_6237 3143309772227 2526 
CLU_6237 3143302203480 2349 
CLU_6237 3143302150085 2803 
CLU_6237 3143300211826 6102 
CLU_6237 3143302149931 3599 
CLU_6237 3143309352511 3160 
CLU_6237 3143309690905 3037 
CLU_6237 3143307608756 4936 
CLU_6237 3143306409911 4889 
CLU_6237 3143307780907 5444 
CLU_6237 3143309936424 3777 
CLU_6237 3143309812075 3310 
CLU_6237 3143303688100 4139 
CLU_6237 3143303180115 1239 
CLU_6237 3143305302854 726 
CLU_6237 3143302219212 1263 
CLU_6237 3143302149958 5192 
CLU_6237 3143307951345 4459 
CLU_6237 3143302219077 2870 
CLU_6237 3143302219344 5388 
CLU_6237 3143307607660 6881 
CLU_6237 3143302150069 3182 
CLU_6237 3143307809131 6195 
CLU_6237 3143300186252 6476 
CLU_6237 3143307836619 3592 
CLU_6237 3143305212545 5043 
CLU_6237 3143302150077 4936 
CLU_6237 3143302150034 3264 
CLU_6237 3143305212529 21805 
CLU_6237 3143302219379 42743 
CLU_6237 3143305212618 21805 
CLU_6237 CLU_6117 45711 
CLU_6237 CLU_6298 7110 
CLU_6237 CLU_6301 18638 
CLU_6237 CLU_6312 4584 
CLU_6237 CLU_6320 5262 
CLU_6237 CLU_6326 6242 
CLU_6237 CLU_6362 2652 
CLU_6237 CLU_6374 5388 
CLU_6237 CLU_6383 5960 
CLU_6237 CLU_6385 4904 
CLU_6237 CLU_6399 4923 
CLU_6237 CLU_6409 41786 
CLU_6237 CLU_6411 18402 
CLU_6237 CLU_6413 42743 
CLU_6237 CLU_6416 21805 
CLU_6237 CLU_6417 61630 
CLU_6238 3143309772235 2308 
CLU_6238 3143309772251 1155 
CLU_6238 3143309812059 3008 
CLU_6238 3143305305063 0 
CLU_6238 3143307781067 1219 
CLU_6238 3143305304997 1357 
CLU_6238 3143307831331 2059 
CLU_6238 3143300659134 3178 
CLU_6238 3143303180158 4169 
CLU_6238 3143307821506 3925 
CLU_6238 3143302150107 6886 
CLU_6238 3143309775978 3925 
CLU_6238 3143302219107 6710 
CLU_6238 3143302219352 3185 
CLU_6238 3143303180182 1424 
CLU_6238 3143302150050 1777 
CLU_6238 3143302150042 1136 
CLU_6238 3143302219085 1674 
CLU_6238 3143309812032 3071 
CLU_6238 3143302149915 3749 
CLU_6238 3143307299079 2916 
CLU_6238 3143302150018 3954 
CLU_6238 3143302218984 3205 
CLU_6238 3143306065295 4107 
CLU_6238 3143302219069 5899 
CLU_6238 3143306629296 3682 
CLU_6238 3143302149923 3711 
CLU_6238 3143306065341 4700 
CLU_6238 3143306329705 4285 
CLU_6238 3143306297943 11373 
CLU_6238 3143305212626 11373 
CLU_6238 3143307780621 4331 
CLU_6238 3143303180166 3925 
CLU_6238 3143302149893 1788 
CLU_6238 3143309251553 2797 
CLU_6238 3143302150026 4405 
CLU_6238 3143300550108 4430 
CLU_6238 3143303413578 26386 
CLU_6238 3143306329632 7306 
CLU_6238 3143305212588 10843 
CLU_6238 3143309812083 2275 
CLU_6238 3143306023282 1768 
CLU_6238 3143302218968 5097 
CLU_6238 3143309772227 1973 
CLU_6238 3143302203480 2859 
CLU_6238 3143302150085 2916 
CLU_6238 3143300211826 6590 
CLU_6238 3143302149931 4091 
CLU_6238 3143309352511 2616 
CLU_6238 3143309690905 3513 
CLU_6238 3143307608756 4593 
CLU_6238 3143306409911 4430 
CLU_6238 3143307780907 5895 
CLU_6238 3143309936424 4263 
CLU_6238 3143309812075 3026 
CLU_6238 3143303688100 3832 
CLU_6238 3143303180115 1155 
CLU_6238 3143305302854 742 
CLU_6238 3143302219212 710 
CLU_6238 3143302149958 5475 
CLU_6238 3143307951345 3942 
CLU_6238 3143302219077 3408 
CLU_6238 3143302219344 5899 
CLU_6238 3143307607660 6886 
CLU_6238 3143302150069 2808 
CLU_6238 3143307809131 5636 
CLU_6238 3143300186252 6949 
CLU_6238 3143307836619 3071 
CLU_6238 3143305212545 5605 
CLU_6238 3143302150077 4593 
CLU_6238 3143302150034 3251 
CLU_6238 3143305212529 22184 
CLU_6238 3143302219379 42976 
CLU_6238 3143305212618 22184 
CLU_6238 CLU_6117 45692 
CLU_6238 CLU_6298 6586 
CLU_6238 CLU_6301 18292 
CLU_6238 CLU_6312 5082 
CLU_6238 CLU_6320 5796 
CLU_6238 CLU_6326 6777 
CLU_6238 CLU_6362 2606 
CLU_6238 CLU_6374 5899 
CLU_6238 CLU_6383 5479 
CLU_6238 CLU_6385 4383 
CLU_6238 CLU_6399 5477 
CLU_6238 CLU_6409 41790 
CLU_6238 CLU_6411 18482 
CLU_6238 CLU_6413 42976 
CLU_6238 CLU_6416 22184 
CLU_6238 CLU_6417 61967 
CLU_6239 3143309772235 3340 
CLU_6239 3143309772251 2291 
CLU_6239 3143309812059 4110 
CLU_6239 3143305305063 1136 
CLU_6239 3143307781067 1423 
CLU_6239 3143305304997 1986 
CLU_6239 3143307831331 2566 
CLU_6239 3143300659134 4062 
CLU_6239 3143303180158 5300 
CLU_6239 3143307821506 5061 
CLU_6239 3143302150107 8022 
CLU_6239 3143309775978 5061 
CLU_6239 3143302219107 7718 
CLU_6239 3143302219352 4188 
CLU_6239 3143303180182 914 
CLU_6239 3143302150050 654 
CLU_6239 3143302150042 0 
CLU_6239 3143302219085 562 
CLU_6239 3143309812032 3605 
CLU_6239 3143302149915 3865 
CLU_6239 3143307299079 1911 
CLU_6239 3143302150018 2899 
CLU_6239 3143302218984 2357 
CLU_6239 3143306065295 3920 
CLU_6239 3143302219069 6518 
CLU_6239 3143306629296 2741 
CLU_6239 3143302149923 3151 
CLU_6239 3143306065341 3970 
CLU_6239 3143306329705 4161 
CLU_6239 3143306297943 10754 
CLU_6239 3143305212626 10754 
CLU_6239 3143307780621 5438 
CLU_6239 3143303180166 5061 
CLU_6239 3143302149893 1052 
CLU_6239 3143309251553 2807 
CLU_6239 3143302150026 4307 
CLU_6239 3143300550108 3758 
CLU_6239 3143303413578 26403 
CLU_6239 3143306329632 8271 
CLU_6239 3143305212588 9960 
CLU_6239 3143309812083 3107 
CLU_6239 3143306023282 2591 
CLU_6239 3143302218968 6234 
CLU_6239 3143309772227 2385 
CLU_6239 3143302203480 3529 
CLU_6239 3143302150085 1911 
CLU_6239 3143300211826 7281 
CLU_6239 3143302149931 4793 
CLU_6239 3143309352511 2447 
CLU_6239 3143309690905 3210 
CLU_6239 3143307608756 3651 
CLU_6239 3143306409911 3758 
CLU_6239 3143307780907 6683 
CLU_6239 3143309936424 3956 
CLU_6239 3143309812075 4044 
CLU_6239 3143303688100 4810 
CLU_6239 3143303180115 2291 
CLU_6239 3143305302854 606 
CLU_6239 3143302219212 1123 
CLU_6239 3143302149958 6503 
CLU_6239 3143307951345 4456 
CLU_6239 3143302219077 3390 
CLU_6239 3143302219344 6518 
CLU_6239 3143307607660 8022 
CLU_6239 3143302150069 1948 
CLU_6239 3143307809131 5537 
CLU_6239 3143300186252 7680 
CLU_6239 3143307836619 3605 
CLU_6239 3143305212545 5789 
CLU_6239 3143302150077 3651 
CLU_6239 3143302150034 2134 
CLU_6239 3143305212529 23091 
CLU_6239 3143302219379 44048 
CLU_6239 3143305212618 23091 
CLU_6239 CLU_6117 46821 
CLU_6239 CLU_6298 6151 
CLU_6239 CLU_6301 17341 
CLU_6239 CLU_6312 5755 
CLU_6239 CLU_6320 6318 
CLU_6239 CLU_6326 6631 
CLU_6239 CLU_6362 3741 
CLU_6239 CLU_6374 6518 
CLU_6239 CLU_6383 4867 
CLU_6239 CLU_6385 4859 
CLU_6239 CLU_6399 5862 
CLU_6239 CLU_6409 42924 
CLU_6239 CLU_6411 19617 
CLU_6239 CLU_6413 44048 
CLU_6239 CLU_6416 23091 
CLU_6239 CLU_6417 62934 
CLU_6240 3143309772235 2885 
CLU_6240 3143309772251 1543 
CLU_6240 3143309812059 3474 
CLU_6240 3143305305063 710 
CLU_6240 3143307781067 511 
CLU_6240 3143305304997 870 
CLU_6240 3143307831331 1507 
CLU_6240 3143300659134 2940 
CLU_6240 3143303180158 4378 
CLU_6240 3143307821506 4241 
CLU_6240 3143302150107 7128 
CLU_6240 3143309775978 4241 
CLU_6240 3143302219107 7262 
CLU_6240 3143302219352 3771 
CLU_6240 3143303180182 1801 
CLU_6240 3143302150050 1748 
CLU_6240 3143302150042 1123 
CLU_6240 3143302219085 1504 
CLU_6240 3143309812032 2551 
CLU_6240 3143302149915 3074 
CLU_6240 3143307299079 3035 
CLU_6240 3143302150018 3562 
CLU_6240 3143302218984 2665 
CLU_6240 3143306065295 3396 
CLU_6240 3143302219069 6602 
CLU_6240 3143306629296 3188 
CLU_6240 3143302149923 3044 
CLU_6240 3143306065341 4074 
CLU_6240 3143306329705 3578 
CLU_6240 3143306297943 10691 
CLU_6240 3143305212626 10691 
CLU_6240 3143307780621 4442 
CLU_6240 3143303180166 4241 
CLU_6240 3143302149893 1293 
CLU_6240 3143309251553 3429 
CLU_6240 3143302150026 5023 
CLU_6240 3143300550108 3787 
CLU_6240 3143303413578 25715 
CLU_6240 3143306329632 7888 
CLU_6240 3143305212588 11081 
CLU_6240 3143309812083 1983 
CLU_6240 3143306023282 2460 
CLU_6240 3143302218968 5379 
CLU_6240 3143309772227 1368 
CLU_6240 3143302203480 3564 
CLU_6240 3143302150085 3035 
CLU_6240 3143300211826 7281 
CLU_6240 3143302149931 4787 
CLU_6240 3143309352511 1906 
CLU_6240 3143309690905 4055 
CLU_6240 3143307608756 4082 
CLU_6240 3143306409911 3787 
CLU_6240 3143307780907 6565 
CLU_6240 3143309936424 4811 
CLU_6240 3143309812075 2966 
CLU_6240 3143303688100 3706 
CLU_6240 3143303180115 1543 
CLU_6240 3143305302854 1111 
CLU_6240 3143302219212 0 
CLU_6240 3143302149958 6014 
CLU_6240 3143307951345 3420 
CLU_6240 3143302219077 4040 
CLU_6240 3143302219344 6602 
CLU_6240 3143307607660 7128 
CLU_6240 3143302150069 2291 
CLU_6240 3143307809131 4934 
CLU_6240 3143300186252 7631 
CLU_6240 3143307836619 2551 
CLU_6240 3143305212545 6293 
CLU_6240 3143302150077 4082 
CLU_6240 3143302150034 3197 
CLU_6240 3143305212529 22785 
CLU_6240 3143302219379 43428 
CLU_6240 3143305212618 22785 
CLU_6240 CLU_6117 45853 
CLU_6240 CLU_6298 5883 
CLU_6240 CLU_6301 17742 
CLU_6240 CLU_6312 5779 
CLU_6240 CLU_6320 6506 
CLU_6240 CLU_6326 7393 
CLU_6240 CLU_6362 2880 
CLU_6240 CLU_6374 6602 
CLU_6240 CLU_6383 4810 
CLU_6240 CLU_6385 3843 
CLU_6240 CLU_6399 6185 
CLU_6240 CLU_6409 41980 
CLU_6240 CLU_6411 18776 
CLU_6240 CLU_6413 43428 
CLU_6240 CLU_6416 22785 
CLU_6240 CLU_6417 62523 
CLU_6241 3143309772235 3295 
CLU_6241 3143309772251 1894 
CLU_6241 3143309812059 3805 
CLU_6241 3143305305063 1219 
CLU_6241 3143307781067 0 
CLU_6241 3143305304997 700 
CLU_6241 3143307831331 1151 
CLU_6241 3143300659134 2793 
CLU_6241 3143303180158 4522 
CLU_6241 3143307821506 4460 
CLU_6241 3143302150107 7270 
CLU_6241 3143309775978 4460 
CLU_6241 3143302219107 7628 
CLU_6241 3143302219352 4176 
CLU_6241 3143303180182 2221 
CLU_6241 3143302150050 1966 
CLU_6241 3143302150042 1423 
CLU_6241 3143302219085 1651 
CLU_6241 3143309812032 2182 
CLU_6241 3143302149915 2575 
CLU_6241 3143307299079 3283 
CLU_6241 3143302150018 3418 
CLU_6241 3143302218984 2398 
CLU_6241 3143306065295 2888 
CLU_6241 3143302219069 7094 
CLU_6241 3143306629296 2957 
CLU_6241 3143302149923 2618 
CLU_6241 3143306065341 3691 
CLU_6241 3143306329705 3066 
CLU_6241 3143306297943 10232 
CLU_6241 3143305212626 10232 
CLU_6241 3143307780621 4516 
CLU_6241 3143303180166 4460 
CLU_6241 3143302149893 1171 
CLU_6241 3143309251553 3923 
CLU_6241 3143302150026 5510 
CLU_6241 3143300550108 3385 
CLU_6241 3143303413578 25212 
CLU_6241 3143306329632 8276 
CLU_6241 3143305212588 11344 
CLU_6241 3143309812083 1839 
CLU_6241 3143306023282 2948 
CLU_6241 3143302218968 5562 
CLU_6241 3143309772227 961 
CLU_6241 3143302203480 4061 
CLU_6241 3143302150085 3283 
CLU_6241 3143300211826 7760 
CLU_6241 3143302149931 5272 
CLU_6241 3143309352511 1407 
CLU_6241 3143309690905 4511 
CLU_6241 3143307608756 3819 
CLU_6241 3143306409911 3385 
CLU_6241 3143307780907 7024 
CLU_6241 3143309936424 5268 
CLU_6241 3143309812075 2952 
CLU_6241 3143303688100 3623 
CLU_6241 3143303180115 1894 
CLU_6241 3143305302854 1567 
CLU_6241 3143302219212 511 
CLU_6241 3143302149958 6375 
CLU_6241 3143307951345 3033 
CLU_6241 3143302219077 4534 
CLU_6241 3143302219344 7094 
CLU_6241 3143307607660 7270 
CLU_6241 3143302150069 2064 
CLU_6241 3143307809131 4422 
CLU_6241 3143300186252 8100 
CLU_6241 3143307836619 2182 
CLU_6241 3143305212545 6802 
CLU_6241 3143302150077 3819 
CLU_6241 3143302150034 3328 
CLU_6241 3143305212529 23177 
CLU_6241 3143302219379 43696 
CLU_6241 3143305212618 23177 
CLU_6241 CLU_6117 45901 
CLU_6241 CLU_6298 5396 
CLU_6241 CLU_6301 17407 
CLU_6241 CLU_6312 6265 
CLU_6241 CLU_6320 7009 
CLU_6241 CLU_6326 7875 
CLU_6241 CLU_6362 3100 
CLU_6241 CLU_6374 7094 
CLU_6241 CLU_6383 4372 
CLU_6241 CLU_6385 3439 
CLU_6241 CLU_6399 6696 
CLU_6241 CLU_6409 42050 
CLU_6241 CLU_6411 18930 
CLU_6241 CLU_6413 43696 
CLU_6241 CLU_6416 23177 
CLU_6241 CLU_6417 62874 
CLU_6242 3143309772235 3517 
CLU_6242 3143309772251 2123 
CLU_6242 3143309812059 3754 
CLU_6242 3143305305063 2059 
CLU_6242 3143307781067 1151 
CLU_6242 3143305304997 704 
CLU_6242 3143307831331 0 
CLU_6242 3143300659134 1800 
CLU_6242 3143303180158 3975 
CLU_6242 3143307821506 4087 
CLU_6242 3143302150107 6651 
CLU_6242 3143309775978 4087 
CLU_6242 3143302219107 7564 
CLU_6242 3143302219352 4335 
CLU_6242 3143303180182 3308 
CLU_6242 3143302150050 3116 
CLU_6242 3143302150042 2566 
CLU_6242 3143302219085 2791 
CLU_6242 3143309812032 1045 
CLU_6242 3143302149915 1854 
CLU_6242 3143307299079 4433 
CLU_6242 3143302150018 4277 
CLU_6242 3143302218984 3112 
CLU_6242 3143306065295 2553 
CLU_6242 3143302219069 7567 
CLU_6242 3143306629296 3697 
CLU_6242 3143302149923 2879 
CLU_6242 3143306065341 4026 
CLU_6242 3143306329705 2620 
CLU_6242 3143306297943 10123 
CLU_6242 3143305212626 10123 
CLU_6242 3143307780621 3826 
CLU_6242 3143303180166 4087 
CLU_6242 3143302149893 2199 
CLU_6242 3143309251553 4856 
CLU_6242 3143302150026 6464 
CLU_6242 3143300550108 3677 
CLU_6242 3143303413578 24388 
CLU_6242 3143306329632 8275 
CLU_6242 3143305212588 12493 
CLU_6242 3143309812083 961 
CLU_6242 3143306023282 3501 
CLU_6242 3143302218968 5064 
CLU_6242 3143309772227 245 
CLU_6242 3143302203480 4625 
CLU_6242 3143302150085 4433 
CLU_6242 3143300211826 8143 
CLU_6242 3143302149931 5733 
CLU_6242 3143309352511 1473 
CLU_6242 3143309690905 5546 
CLU_6242 3143307608756 4457 
CLU_6242 3143306409911 3677 
CLU_6242 3143307780907 7320 
CLU_6242 3143309936424 6301 
CLU_6242 3143309812075 2180 
CLU_6242 3143303688100 2691 
CLU_6242 3143303180115 2123 
CLU_6242 3143305302854 2615 
CLU_6242 3143302219212 1507 
CLU_6242 3143302149958 6318 
CLU_6242 3143307951345 1912 
CLU_6242 3143302219077 5466 
CLU_6242 3143302219344 7567 
CLU_6242 3143307607660 6651 
CLU_6242 3143302150069 2874 
CLU_6242 3143307809131 3842 
CLU_6242 3143300186252 8432 
CLU_6242 3143307836619 1045 
CLU_6242 3143305212545 7601 
CLU_6242 3143302150077 4457 
CLU_6242 3143302150034 4444 
CLU_6242 3143305212529 23126 
CLU_6242 3143302219379 43267 
CLU_6242 3143305212618 23126 
CLU_6242 CLU_6117 45042 
CLU_6242 CLU_6298 5185 
CLU_6242 CLU_6301 17724 
CLU_6242 CLU_6312 6712 
CLU_6242 CLU_6320 7569 
CLU_6242 CLU_6326 8836 
CLU_6242 CLU_6362 2821 
CLU_6242 CLU_6374 7567 
CLU_6242 CLU_6383 4471 
CLU_6242 CLU_6385 2339 
CLU_6242 CLU_6399 7367 
CLU_6242 CLU_6409 41226 
CLU_6242 CLU_6411 18275 
CLU_6242 CLU_6413 43267 
CLU_6242 CLU_6416 23126 
CLU_6242 CLU_6417 62666 
CLU_6243 3143309772235 3689 
CLU_6243 3143309772251 4300 
CLU_6243 3143309812059 2758 
CLU_6243 3143305305063 5454 
CLU_6243 3143307781067 5877 
CLU_6243 3143305304997 5232 
CLU_6243 3143307831331 5331 
CLU_6243 3143300659134 3842 
CLU_6243 3143303180158 1362 
CLU_6243 3143307821506 1560 
CLU_6243 3143302150107 1434 
CLU_6243 3143309775978 1560 
CLU_6243 3143302219107 3475 
CLU_6243 3143302219352 3329 
CLU_6243 3143303180182 6628 
CLU_6243 3143302150050 7229 
CLU_6243 3143302150042 6591 
CLU_6243 3143302219085 7116 
CLU_6243 3143309812032 5247 
CLU_6243 3143302149915 6694 
CLU_6243 3143307299079 8247 
CLU_6243 3143302150018 9270 
CLU_6243 3143302218984 8269 
CLU_6243 3143306065295 7681 
CLU_6243 3143302219069 5938 
CLU_6243 3143306629296 8834 
CLU_6243 3143302149923 8210 
CLU_6243 3143306065341 9356 
CLU_6243 3143306329705 7634 
CLU_6243 3143306297943 15116 
CLU_6243 3143305212626 15116 
CLU_6243 3143307780621 1607 
CLU_6243 3143303180166 1560 
CLU_6243 3143302149893 6994 
CLU_6243 3143309251553 6649 
CLU_6243 3143302150026 7782 
CLU_6243 3143300550108 9008 
CLU_6243 3143303413578 26854 
CLU_6243 3143306329632 4273 
CLU_6243 3143305212588 15599 
CLU_6243 3143309812083 4380 
CLU_6243 3143306023282 4715 
CLU_6243 3143302218968 392 
CLU_6243 3143309772227 5542 
CLU_6243 3143302203480 4924 
CLU_6243 3143302150085 8247 
CLU_6243 3143300211826 5901 
CLU_6243 3143302149931 4864 
CLU_6243 3143309352511 6802 
CLU_6243 3143309690905 7675 
CLU_6243 3143307608756 9681 
CLU_6243 3143306409911 9008 
CLU_6243 3143307780907 4930 
CLU_6243 3143309936424 8200 
CLU_6243 3143309812075 3192 
CLU_6243 3143303688100 3086 
CLU_6243 3143303180115 4300 
CLU_6243 3143305302854 6121 
CLU_6243 3143302219212 5714 
CLU_6243 3143302149958 2739 
CLU_6243 3143307951345 5460 
CLU_6243 3143302219077 7001 
CLU_6243 3143302219344 5938 
CLU_6243 3143307607660 1434 
CLU_6243 3143302150069 7941 
CLU_6243 3143307809131 8459 
CLU_6243 3143300186252 5863 
CLU_6243 3143307836619 5247 
CLU_6243 3143305212545 7666 
CLU_6243 3143302150077 9681 
CLU_6243 3143302150034 8689 
CLU_6243 3143305212529 18288 
CLU_6243 3143302219379 37939 
CLU_6243 3143305212618 18288 
CLU_6243 CLU_6117 40263 
CLU_6243 CLU_6298 10217 
CLU_6243 CLU_6301 23038 
CLU_6243 CLU_6312 5284 
CLU_6243 CLU_6320 6373 
CLU_6243 CLU_6326 9642 
CLU_6243 CLU_6362 2852 
CLU_6243 CLU_6374 5938 
CLU_6243 CLU_6383 9759 
CLU_6243 CLU_6385 5740 
CLU_6243 CLU_6399 6809 
CLU_6243 CLU_6409 36343 
CLU_6243 CLU_6411 13062 
CLU_6243 CLU_6413 37939 
CLU_6243 CLU_6416 18288 
CLU_6243 CLU_6417 57488 
CLU_6244 3143309772235 3435 
CLU_6244 3143309772251 3970 
CLU_6244 3143309812059 2511 
CLU_6244 3143305305063 5123 
CLU_6244 3143307781067 5519 
CLU_6244 3143305304997 4870 
CLU_6244 3143307831331 4962 
CLU_6244 3143300659134 3478 
CLU_6244 3143303180158 998 
CLU_6244 3143307821506 1275 
CLU_6244 3143302150107 1766 
CLU_6244 3143309775978 1275 
CLU_6244 3143302219107 3675 
CLU_6244 3143302219352 3147 
CLU_6244 3143303180182 6321 
CLU_6244 3143302150050 6900 
CLU_6244 3143302150042 6258 
CLU_6244 3143302219085 6779 
CLU_6244 3143309812032 4882 
CLU_6244 3143302149915 6329 
CLU_6244 3143307299079 7938 
CLU_6244 3143302150018 8918 
CLU_6244 3143302218984 7908 
CLU_6244 3143306065295 7313 
CLU_6244 3143302219069 5933 
CLU_6244 3143306629296 8475 
CLU_6244 3143302149923 7841 
CLU_6244 3143306065341 8987 
CLU_6244 3143306329705 7268 
CLU_6244 3143306297943 14757 
CLU_6244 3143305212626 14757 
CLU_6244 3143307780621 1252 
CLU_6244 3143303180166 1275 
CLU_6244 3143302149893 6641 
CLU_6244 3143309251553 6416 
CLU_6244 3143302150026 7597 
CLU_6244 3143300550108 8639 
CLU_6244 3143303413578 26638 
CLU_6244 3143306329632 4479 
CLU_6244 3143305212588 15360 
CLU_6244 3143309812083 4011 
CLU_6244 3143306023282 4455 
CLU_6244 3143302218968 317 
CLU_6244 3143309772227 5174 
CLU_6244 3143302203480 4731 
CLU_6244 3143302150085 7938 
CLU_6244 3143300211826 5952 
CLU_6244 3143302149931 4761 
CLU_6244 3143309352511 6434 
CLU_6244 3143309690905 7441 
CLU_6244 3143307608756 9319 
CLU_6244 3143306409911 8639 
CLU_6244 3143307780907 4971 
CLU_6244 3143309936424 7986 
CLU_6244 3143309812075 2823 
CLU_6244 3143303688100 2737 
CLU_6244 3143303180115 3970 
CLU_6244 3143305302854 5800 
CLU_6244 3143302219212 5365 
CLU_6244 3143302149958 2834 
CLU_6244 3143307951345 5108 
CLU_6244 3143302219077 6789 
CLU_6244 3143302219344 5933 
CLU_6244 3143307607660 1766 
CLU_6244 3143302150069 7583 
CLU_6244 3143307809131 8104 
CLU_6244 3143300186252 5944 
CLU_6244 3143307836619 4882 
CLU_6244 3143305212545 7562 
CLU_6244 3143302150077 9319 
CLU_6244 3143302150034 8365 
CLU_6244 3143305212529 18624 
CLU_6244 3143302219379 38308 
CLU_6244 3143305212618 18624 
CLU_6244 CLU_6117 40579 
CLU_6244 CLU_6298 9853 
CLU_6244 CLU_6301 22669 
CLU_6244 CLU_6312 5244 
CLU_6244 CLU_6320 6341 
CLU_6244 CLU_6326 9513 
CLU_6244 CLU_6362 2517 
CLU_6244 CLU_6374 5933 
CLU_6244 CLU_6383 9390 
CLU_6244 CLU_6385 5396 
CLU_6244 CLU_6399 6735 
CLU_6244 CLU_6409 36668 
CLU_6244 CLU_6411 13414 
CLU_6244 CLU_6413 38308 
CLU_6244 CLU_6416 18624 
CLU_6244 CLU_6417 57851 
CLU_6245 3143309772235 2350 
CLU_6245 3143309772251 2687 
CLU_6245 3143309812059 1514 
CLU_6245 3143305305063 3836 
CLU_6245 3143307781067 4241 
CLU_6245 3143305304997 3606 
CLU_6245 3143307831331 3759 
CLU_6245 3143300659134 2490 
CLU_6245 3143303180158 361 
CLU_6245 3143307821506 501 
CLU_6245 3143302150107 3058 
CLU_6245 3143309775978 501 
CLU_6245 3143302219107 4160 
CLU_6245 3143302219352 2334 
CLU_6245 3143303180182 5068 
CLU_6245 3143302150050 5614 
CLU_6245 3143302150042 4970 
CLU_6245 3143302219085 5487 
CLU_6245 3143309812032 3828 
CLU_6245 3143302149915 5269 
CLU_6245 3143307299079 6677 
CLU_6245 3143302150018 7629 
CLU_6245 3143302218984 6636 
CLU_6245 3143306065295 6202 
CLU_6245 3143302219069 5599 
CLU_6245 3143306629296 7198 
CLU_6245 3143302149923 6624 
CLU_6245 3143306065341 7767 
CLU_6245 3143306329705 6189 
CLU_6245 3143306297943 13728 
CLU_6245 3143305212626 13728 
CLU_6245 3143307780621 876 
CLU_6245 3143303180166 501 
CLU_6245 3143302149893 5353 
CLU_6245 3143309251553 5334 
CLU_6245 3143302150026 6640 
CLU_6245 3143300550108 7424 
CLU_6245 3143303413578 26372 
CLU_6245 3143306329632 4949 
CLU_6245 3143305212588 14233 
CLU_6245 3143309812083 2835 
CLU_6245 3143306023282 3324 
CLU_6245 3143302218968 1323 
CLU_6245 3143309772227 3957 
CLU_6245 3143302203480 3803 
CLU_6245 3143302150085 6677 
CLU_6245 3143300211826 5811 
CLU_6245 3143302149931 4128 
CLU_6245 3143309352511 5218 
CLU_6245 3143309690905 6349 
CLU_6245 3143307608756 8052 
CLU_6245 3143306409911 7424 
CLU_6245 3143307780907 4832 
CLU_6245 3143309936424 6944 
CLU_6245 3143309812075 1740 
CLU_6245 3143303688100 1982 
CLU_6245 3143303180115 2687 
CLU_6245 3143305302854 4523 
CLU_6245 3143302219212 4073 
CLU_6245 3143302149958 3040 
CLU_6245 3143307951345 4208 
CLU_6245 3143302219077 5765 
CLU_6245 3143302219344 5599 
CLU_6245 3143307607660 3058 
CLU_6245 3143302150069 6304 
CLU_6245 3143307809131 7141 
CLU_6245 3143300186252 5911 
CLU_6245 3143307836619 3828 
CLU_6245 3143305212545 6857 
CLU_6245 3143302150077 8052 
CLU_6245 3143302150034 7083 
CLU_6245 3143305212529 19537 
CLU_6245 3143302219379 39518 
CLU_6245 3143305212618 19537 
CLU_6245 CLU_6117 41857 
CLU_6245 CLU_6298 8793 
CLU_6245 CLU_6301 21483 
CLU_6245 CLU_6312 4811 
CLU_6245 CLU_6320 5901 
CLU_6245 CLU_6326 8707 
CLU_6245 CLU_6362 1232 
CLU_6245 CLU_6374 5599 
CLU_6245 CLU_6383 8223 
CLU_6245 CLU_6385 4561 
CLU_6245 CLU_6399 6145 
CLU_6245 CLU_6409 37953 
CLU_6245 CLU_6411 14703 
CLU_6245 CLU_6413 39518 
CLU_6245 CLU_6416 19537 
CLU_6245 CLU_6417 58938 
CLU_6246 3143309772235 2592 
CLU_6246 3143309772251 3075 
CLU_6246 3143309812059 1693 
CLU_6246 3143305305063 4229 
CLU_6246 3143307781067 4667 
CLU_6246 3143305304997 4036 
CLU_6246 3143307831331 4189 
CLU_6246 3143300659134 2874 
CLU_6246 3143303180158 341 
CLU_6246 3143307821506 452 
CLU_6246 3143302150107 2657 
CLU_6246 3143309775978 452 
CLU_6246 3143302219107 3839 
CLU_6246 3143302219352 2432 
CLU_6246 3143303180182 5426 
CLU_6246 3143302150050 6005 
CLU_6246 3143302150042 5365 
CLU_6246 3143302219085 5889 
CLU_6246 3143309812032 4234 
CLU_6246 3143302149915 5679 
CLU_6246 3143307299079 7042 
CLU_6246 3143302150018 8049 
CLU_6246 3143302218984 7064 
CLU_6246 3143306065295 6622 
CLU_6246 3143302219069 5535 
CLU_6246 3143306629296 7625 
CLU_6246 3143302149923 7056 
CLU_6246 3143306065341 8199 
CLU_6246 3143306329705 6603 
CLU_6246 3143306297943 14137 
CLU_6246 3143305212626 14137 
CLU_6246 3143307780621 955 
CLU_6246 3143303180166 452 
CLU_6246 3143302149893 5773 
CLU_6246 3143309251553 5585 
CLU_6246 3143302150026 6831 
CLU_6246 3143300550108 7856 
CLU_6246 3143303413578 26591 
CLU_6246 3143306329632 4637 
CLU_6246 3143305212588 14514 
CLU_6246 3143309812083 3261 
CLU_6246 3143306023282 3598 
CLU_6246 3143302218968 894 
CLU_6246 3143309772227 4389 
CLU_6246 3143302203480 3972 
CLU_6246 3143302150085 7042 
CLU_6246 3143300211826 5681 
CLU_6246 3143302149931 4167 
CLU_6246 3143309352511 5650 
CLU_6246 3143309690905 6607 
CLU_6246 3143307608756 8481 
CLU_6246 3143306409911 7856 
CLU_6246 3143307780907 4696 
CLU_6246 3143309936424 7177 
CLU_6246 3143309812075 2142 
CLU_6246 3143303688100 2289 
CLU_6246 3143303180115 3075 
CLU_6246 3143305302854 4903 
CLU_6246 3143302219212 4490 
CLU_6246 3143302149958 2776 
CLU_6246 3143307951345 4579 
CLU_6246 3143302219077 5987 
CLU_6246 3143302219344 5535 
CLU_6246 3143307607660 2657 
CLU_6246 3143302150069 6730 
CLU_6246 3143307809131 7532 
CLU_6246 3143300186252 5747 
CLU_6246 3143307836619 4234 
CLU_6246 3143305212545 6938 
CLU_6246 3143302150077 8481 
CLU_6246 3143302150034 7468 
CLU_6246 3143305212529 19144 
CLU_6246 3143302219379 39086 
CLU_6246 3143305212618 19144 
CLU_6246 CLU_6117 41476 
CLU_6246 CLU_6298 9206 
CLU_6246 CLU_6301 21914 
CLU_6246 CLU_6312 4777 
CLU_6246 CLU_6320 5877 
CLU_6246 CLU_6326 8834 
CLU_6246 CLU_6362 1625 
CLU_6246 CLU_6374 5535 
CLU_6246 CLU_6383 8651 
CLU_6246 CLU_6385 4916 
CLU_6246 CLU_6399 6179 
CLU_6246 CLU_6409 37564 
CLU_6246 CLU_6411 14286 
CLU_6246 CLU_6413 39086 
CLU_6246 CLU_6416 19144 
CLU_6246 CLU_6417 58517 
CLU_6247 3143309772235 2305 
CLU_6247 3143309772251 2887 
CLU_6247 3143309812059 1393 
CLU_6247 3143305305063 4041 
CLU_6247 3143307781067 4551 
CLU_6247 3143305304997 3943 
CLU_6247 3143307831331 4148 
CLU_6247 3143300659134 2949 
CLU_6247 3143303180158 596 
CLU_6247 3143307821506 141 
CLU_6247 3143302150107 2862 
CLU_6247 3143309775978 141 
CLU_6247 3143302219107 3693 
CLU_6247 3143302219352 2116 
CLU_6247 3143303180182 5197 
CLU_6247 3143302150050 5811 
CLU_6247 3143302150042 5178 
CLU_6247 3143302219085 5710 
CLU_6247 3143309812032 4270 
CLU_6247 3143302149915 5705 
CLU_6247 3143307299079 6817 
CLU_6247 3143302150018 7905 
CLU_6247 3143302218984 6950 
CLU_6247 3143306065295 6622 
CLU_6247 3143302219069 5240 
CLU_6247 3143306629296 7503 
CLU_6247 3143302149923 6994 
CLU_6247 3143306065341 8131 
CLU_6247 3143306329705 6618 
CLU_6247 3143306297943 14164 
CLU_6247 3143305212626 14164 
CLU_6247 3143307780621 1220 
CLU_6247 3143303180166 141 
CLU_6247 3143302149893 5634 
CLU_6247 3143309251553 5294 
CLU_6247 3143302150026 6523 
CLU_6247 3143300550108 7794 
CLU_6247 3143303413578 26814 
CLU_6247 3143306329632 4482 
CLU_6247 3143305212588 14232 
CLU_6247 3143309812083 3244 
CLU_6247 3143306023282 3320 
CLU_6247 3143302218968 1058 
CLU_6247 3143309772227 4336 
CLU_6247 3143302203480 3661 
CLU_6247 3143302150085 6817 
CLU_6247 3143300211826 5409 
CLU_6247 3143302149931 3852 
CLU_6247 3143309352511 5592 
CLU_6247 3143309690905 6318 
CLU_6247 3143307608756 8370 
CLU_6247 3143306409911 7794 
CLU_6247 3143307780907 4426 
CLU_6247 3143309936424 6880 
CLU_6247 3143309812075 2191 
CLU_6247 3143303688100 2445 
CLU_6247 3143303180115 2887 
CLU_6247 3143305302854 4697 
CLU_6247 3143302219212 4343 
CLU_6247 3143302149958 2578 
CLU_6247 3143307951345 4671 
CLU_6247 3143302219077 5687 
CLU_6247 3143302219344 5240 
CLU_6247 3143307607660 2862 
CLU_6247 3143302150069 6606 
CLU_6247 3143307809131 7592 
CLU_6247 3143300186252 5490 
CLU_6247 3143307836619 4270 
CLU_6247 3143305212545 6622 
CLU_6247 3143302150077 8370 
CLU_6247 3143302150034 7265 
CLU_6247 3143305212529 19090 
CLU_6247 3143302219379 39163 
CLU_6247 3143305212618 19090 
CLU_6247 CLU_6117 41693 
CLU_6247 CLU_6298 9224 
CLU_6247 CLU_6301 21862 
CLU_6247 CLU_6312 4474 
CLU_6247 CLU_6320 5572 
CLU_6247 CLU_6326 8518 
CLU_6247 CLU_6362 1462 
CLU_6247 CLU_6374 5240 
CLU_6247 CLU_6383 8618 
CLU_6247 CLU_6385 5026 
CLU_6247 CLU_6399 5865 
CLU_6247 CLU_6409 37769 
CLU_6247 CLU_6411 14446 
CLU_6247 CLU_6413 39163 
CLU_6247 CLU_6416 19090 
CLU_6247 CLU_6417 58526 
CLU_6248 3143309772235 3629 
CLU_6248 3143309772251 4323 
CLU_6248 3143309812059 2698 
CLU_6248 3143305305063 5478 
CLU_6248 3143307781067 5952 
CLU_6248 3143305304997 5320 
CLU_6248 3143307831331 5450 
CLU_6248 3143300659134 4011 
CLU_6248 3143303180158 1475 
CLU_6248 3143307821506 1555 
CLU_6248 3143302150107 1457 
CLU_6248 3143309775978 1555 
CLU_6248 3143302219107 3214 
CLU_6248 3143302219352 3213 
CLU_6248 3143303180182 6615 
CLU_6248 3143302150050 7247 
CLU_6248 3143302150042 6615 
CLU_6248 3143302219085 7147 
CLU_6248 3143309812032 5409 
CLU_6248 3143302149915 6858 
CLU_6248 3143307299079 8236 
CLU_6248 3143302150018 9329 
CLU_6248 3143302218984 8349 
CLU_6248 3143306065295 7833 
CLU_6248 3143302219069 5716 
CLU_6248 3143306629296 8910 
CLU_6248 3143302149923 8325 
CLU_6248 3143306065341 9469 
CLU_6248 3143306329705 7794 
CLU_6248 3143306297943 15294 
CLU_6248 3143305212626 15294 
CLU_6248 3143307780621 1796 
CLU_6248 3143303180166 1555 
CLU_6248 3143302149893 7055 
CLU_6248 3143309251553 6563 
CLU_6248 3143302150026 7657 
CLU_6248 3143300550108 9124 
CLU_6248 3143303413578 27114 
CLU_6248 3143306329632 4012 
CLU_6248 3143305212588 15511 
CLU_6248 3143309812083 4507 
CLU_6248 3143306023282 4657 
CLU_6248 3143302218968 390 
CLU_6248 3143309772227 5656 
CLU_6248 3143302203480 4808 
CLU_6248 3143302150085 8236 
CLU_6248 3143300211826 5661 
CLU_6248 3143302149931 4692 
CLU_6248 3143309352511 6917 
CLU_6248 3143309690905 7588 
CLU_6248 3143307608756 9765 
CLU_6248 3143306409911 9124 
CLU_6248 3143307780907 4694 
CLU_6248 3143309936424 8095 
CLU_6248 3143309812075 3337 
CLU_6248 3143303688100 3282 
CLU_6248 3143303180115 4323 
CLU_6248 3143305302854 6130 
CLU_6248 3143302219212 5768 
CLU_6248 3143302149958 2491 
CLU_6248 3143307951345 5652 
CLU_6248 3143302219077 6897 
CLU_6248 3143302219344 5716 
CLU_6248 3143307607660 1457 
CLU_6248 3143302150069 8014 
CLU_6248 3143307809131 8646 
CLU_6248 3143300186252 5615 
CLU_6248 3143307836619 5409 
CLU_6248 3143305212545 7490 
CLU_6248 3143302150077 9765 
CLU_6248 3143302150034 8698 
CLU_6248 3143305212529 18077 
CLU_6248 3143302219379 37817 
CLU_6248 3143305212618 18077 
CLU_6248 CLU_6117 40274 
CLU_6248 CLU_6298 10385 
CLU_6248 CLU_6301 23170 
CLU_6248 CLU_6312 5079 
CLU_6248 CLU_6320 6163 
CLU_6248 CLU_6326 9479 
CLU_6248 CLU_6362 2891 
CLU_6248 CLU_6374 5716 
CLU_6248 CLU_6383 9895 
CLU_6248 CLU_6385 5943 
CLU_6248 CLU_6399 6618 
CLU_6248 CLU_6409 36341 
CLU_6248 CLU_6411 13012 
CLU_6248 CLU_6413 37817 
CLU_6248 CLU_6416 18077 
CLU_6248 CLU_6417 57319 
CLU_6249 3143309772235 5087 
CLU_6249 3143309772251 5732 
CLU_6249 3143309812059 4155 
CLU_6249 3143305305063 6886 
CLU_6249 3143307781067 7270 
CLU_6249 3143305304997 6610 
CLU_6249 3143307831331 6651 
CLU_6249 3143300659134 5043 
CLU_6249 3143303180158 2751 
CLU_6249 3143307821506 2990 
CLU_6249 3143302150107 0 
CLU_6249 3143309775978 2990 
CLU_6249 3143302219107 3736 
CLU_6249 3143302219352 4640 
CLU_6249 3143303180182 8059 
CLU_6249 3143302150050 8662 
CLU_6249 3143302150042 8022 
CLU_6249 3143302219085 8544 
CLU_6249 3143309812032 6450 
CLU_6249 3143302149915 7875 
CLU_6249 3143307299079 9679 
CLU_6249 3143302150018 10677 
CLU_6249 3143302218984 9650 
CLU_6249 3143306065295 8897 
CLU_6249 3143302219069 6800 
CLU_6249 3143306629296 10221 
CLU_6249 3143302149923 9527 
CLU_6249 3143306065341 10673 
CLU_6249 3143306329705 8821 
CLU_6249 3143306297943 16204 
CLU_6249 3143305212626 16204 
CLU_6249 3143307780621 2829 
CLU_6249 3143303180166 2990 
CLU_6249 3143302149893 8401 
CLU_6249 3143309251553 8009 
CLU_6249 3143302150026 9058 
CLU_6249 3143300550108 10320 
CLU_6249 3143303413578 27065 
CLU_6249 3143306329632 4441 
CLU_6249 3143305212588 16952 
CLU_6249 3143309812083 5691 
CLU_6249 3143306023282 6115 
CLU_6249 3143302218968 1808 
CLU_6249 3143309772227 6873 
CLU_6249 3143302203480 6230 
CLU_6249 3143302150085 9679 
CLU_6249 3143300211826 6595 
CLU_6249 3143302149931 6001 
CLU_6249 3143309352511 8124 
CLU_6249 3143309690905 9033 
CLU_6249 3143307608756 11054 
CLU_6249 3143306409911 10320 
CLU_6249 3143307780907 5684 
CLU_6249 3143309936424 9524 
CLU_6249 3143309812075 4476 
CLU_6249 3143303688100 4199 
CLU_6249 3143303180115 5732 
CLU_6249 3143305302854 7556 
CLU_6249 3143302219212 7128 
CLU_6249 3143302149958 3461 
CLU_6249 3143307951345 6536 
CLU_6249 3143302219077 8327 
CLU_6249 3143302219344 6800 
CLU_6249 3143307607660 0 
CLU_6249 3143302150069 9333 
CLU_6249 3143307809131 9529 
CLU_6249 3143300186252 6455 
CLU_6249 3143307836619 6450 
CLU_6249 3143305212545 8768 
CLU_6249 3143302150077 11054 
CLU_6249 3143302150034 10123 
CLU_6249 3143305212529 17483 
CLU_6249 3143302219379 36678 
CLU_6249 3143305212618 17483 
CLU_6249 CLU_6117 38830 
CLU_6249 CLU_6298 11363 
CLU_6249 CLU_6301 24293 
CLU_6249 CLU_6312 6259 
CLU_6249 CLU_6320 7304 
CLU_6249 CLU_6326 10791 
CLU_6249 CLU_6362 4281 
CLU_6249 CLU_6374 6800 
CLU_6249 CLU_6383 11017 
CLU_6249 CLU_6385 6755 
CLU_6249 CLU_6399 7845 
CLU_6249 CLU_6409 34909 
CLU_6249 CLU_6411 11660 
CLU_6249 CLU_6413 36678 
CLU_6249 CLU_6416 17483 
CLU_6249 CLU_6417 56399 
CLU_6250 3143309772235 4402 
CLU_6250 3143309772251 5735 
CLU_6250 3143309812059 3838 
CLU_6250 3143305305063 6710 
CLU_6250 3143307781067 7628 
CLU_6250 3143305304997 7172 
CLU_6250 3143307831331 7564 
CLU_6250 3143300659134 6625 
CLU_6250 3143303180158 4176 
CLU_6250 3143307821506 3685 
CLU_6250 3143302150107 3736 
CLU_6250 3143309775978 3685 
CLU_6250 3143302219107 0 
CLU_6250 3143302219352 3532 
CLU_6250 3143303180182 7329 
CLU_6250 3143302150050 8229 
CLU_6250 3143302150042 7718 
CLU_6250 3143302219085 8278 
CLU_6250 3143309812032 7882 
CLU_6250 3143302149915 9279 
CLU_6250 3143307299079 8817 
CLU_6250 3143302150018 10618 
CLU_6250 3143302218984 9908 
CLU_6250 3143306065295 10113 
CLU_6250 3143302219069 3546 
CLU_6250 3143306629296 10392 
CLU_6250 3143302149923 10233 
CLU_6250 3143306065341 11318 
CLU_6250 3143306329705 10152 
CLU_6250 3143306297943 17686 
CLU_6250 3143305212626 17686 
CLU_6250 3143307780621 4737 
CLU_6250 3143303180166 3685 
CLU_6250 3143302149893 8495 
CLU_6250 3143309251553 6398 
CLU_6250 3143302150026 6842 
CLU_6250 3143300550108 11012 
CLU_6250 3143303413578 30314 
CLU_6250 3143306329632 806 
CLU_6250 3143305212588 14828 
CLU_6250 3143309812083 6767 
CLU_6250 3143306023282 5169 
CLU_6250 3143302218968 3368 
CLU_6250 3143309772227 7706 
CLU_6250 3143302203480 4581 
CLU_6250 3143302150085 8817 
CLU_6250 3143300211826 3071 
CLU_6250 3143302149931 3655 
CLU_6250 3143309352511 8895 
CLU_6250 3143309690905 7295 
CLU_6250 3143307608756 11304 
CLU_6250 3143306409911 11012 
CLU_6250 3143307780907 2356 
CLU_6250 3143309936424 7529 
CLU_6250 3143309812075 5853 
CLU_6250 3143303688100 6126 
CLU_6250 3143303180115 5735 
CLU_6250 3143305302854 7123 
CLU_6250 3143302219212 7262 
CLU_6250 3143302149958 1254 
CLU_6250 3143307951345 8351 
CLU_6250 3143302219077 6450 
CLU_6250 3143302219344 3546 
CLU_6250 3143307607660 3736 
CLU_6250 3143302150069 9516 
CLU_6250 3143307809131 11220 
CLU_6250 3143300186252 2821 
CLU_6250 3143307836619 7882 
CLU_6250 3143305212545 5926 
CLU_6250 3143302150077 11304 
CLU_6250 3143302150034 9476 
CLU_6250 3143305212529 15571 
CLU_6250 3143302219379 36385 
CLU_6250 3143305212618 15571 
CLU_6250 CLU_6117 40481 
CLU_6250 CLU_6298 12744 
CLU_6250 CLU_6301 24999 
CLU_6250 CLU_6312 3348 
CLU_6250 CLU_6320 4148 
CLU_6250 CLU_6326 7971 
CLU_6250 CLU_6362 4753 
CLU_6250 CLU_6374 3546 
CLU_6250 CLU_6383 11957 
CLU_6250 CLU_6385 8717 
CLU_6250 CLU_6399 4894 
CLU_6250 CLU_6409 36416 
CLU_6250 CLU_6411 12769 
CLU_6250 CLU_6413 36385 
CLU_6250 CLU_6416 15571 
CLU_6250 CLU_6417 55262 
CLU_6251 3143309772235 1608 
CLU_6251 3143309772251 2990 
CLU_6251 3143309812059 1263 
CLU_6251 3143305305063 3914 
CLU_6251 3143307781067 4880 
CLU_6251 3143305304997 4488 
CLU_6251 3143307831331 4967 
CLU_6251 3143300659134 4428 
CLU_6251 3143303180158 2662 
CLU_6251 3143307821506 1961 
CLU_6251 3143302150107 4226 
CLU_6251 3143309775978 1961 
CLU_6251 3143302219107 2800 
CLU_6251 3143302219352 732 
CLU_6251 3143303180182 4572 
CLU_6251 3143302150050 5443 
CLU_6251 3143302150042 4920 
CLU_6251 3143302219085 5480 
CLU_6251 3143309812032 5473 
CLU_6251 3143302149915 6775 
CLU_6251 3143307299079 6114 
CLU_6251 3143302150018 7819 
CLU_6251 3143302218984 7117 
CLU_6251 3143306065295 7511 
CLU_6251 3143302219069 3187 
CLU_6251 3143306629296 7595 
CLU_6251 3143302149923 7498 
CLU_6251 3143306065341 8559 
CLU_6251 3143306329705 7588 
CLU_6251 3143306297943 15051 
CLU_6251 3143305212626 15051 
CLU_6251 3143307780621 3273 
CLU_6251 3143303180166 1961 
CLU_6251 3143302149893 5701 
CLU_6251 3143309251553 3944 
CLU_6251 3143302150026 4841 
CLU_6251 3143300550108 8263 
CLU_6251 3143303413578 28647 
CLU_6251 3143306329632 3400 
CLU_6251 3143305212588 12801 
CLU_6251 3143309812083 4298 
CLU_6251 3143306023282 2402 
CLU_6251 3143302218968 2668 
CLU_6251 3143309772227 5074 
CLU_6251 3143302203480 2082 
CLU_6251 3143302150085 6114 
CLU_6251 3143300211826 3458 
CLU_6251 3143302149931 1835 
CLU_6251 3143309352511 6201 
CLU_6251 3143309690905 4939 
CLU_6251 3143307608756 8507 
CLU_6251 3143306409911 8263 
CLU_6251 3143307780907 2510 
CLU_6251 3143309936424 5354 
CLU_6251 3143309812075 3674 
CLU_6251 3143303688100 4232 
CLU_6251 3143303180115 2990 
CLU_6251 3143305302854 4328 
CLU_6251 3143302219212 4488 
CLU_6251 3143302149958 1590 
CLU_6251 3143307951345 6095 
CLU_6251 3143302219077 4170 
CLU_6251 3143302219344 3187 
CLU_6251 3143307607660 4226 
CLU_6251 3143302150069 6722 
CLU_6251 3143307809131 8761 
CLU_6251 3143300186252 3628 
CLU_6251 3143307836619 5473 
CLU_6251 3143305212545 4638 
CLU_6251 3143302150077 8507 
CLU_6251 3143302150034 6734 
CLU_6251 3143305212529 18299 
CLU_6251 3143302219379 39151 
CLU_6251 3143305212618 18299 
CLU_6251 CLU_6117 42680 
CLU_6251 CLU_6298 10135 
CLU_6251 CLU_6301 22207 
CLU_6251 CLU_6312 2402 
CLU_6251 CLU_6320 3499 
CLU_6251 CLU_6326 6610 
CLU_6251 CLU_6362 2328 
CLU_6251 CLU_6374 3187 
CLU_6251 CLU_6383 9244 
CLU_6251 CLU_6385 6513 
CLU_6251 CLU_6399 3819 
CLU_6251 CLU_6409 38679 
CLU_6251 CLU_6411 15116 
CLU_6251 CLU_6413 39151 
CLU_6251 CLU_6416 18299 
CLU_6251 CLU_6417 58052 
CLU_6252 3143309772235 885 
CLU_6252 3143309772251 2298 
CLU_6252 3143309812059 874 
CLU_6252 3143305305063 3185 
CLU_6252 3143307781067 4176 
CLU_6252 3143305304997 3818 
CLU_6252 3143307831331 4335 
CLU_6252 3143300659134 3989 
CLU_6252 3143303180158 2648 
CLU_6252 3143307821506 1981 
CLU_6252 3143302150107 4640 
CLU_6252 3143309775978 1981 
CLU_6252 3143302219107 3532 
CLU_6252 3143302219352 0 
CLU_6252 3143303180182 3859 
CLU_6252 3143302150050 4715 
CLU_6252 3143302150042 4188 
CLU_6252 3143302219085 4749 
CLU_6252 3143309812032 4919 
CLU_6252 3143302149915 6167 
CLU_6252 3143307299079 5421 
CLU_6252 3143302150018 7087 
CLU_6252 3143302218984 6390 
CLU_6252 3143306065295 6860 
CLU_6252 3143302219069 3472 
CLU_6252 3143306629296 6864 
CLU_6252 3143302149923 6794 
CLU_6252 3143306065341 7845 
CLU_6252 3143306329705 6952 
CLU_6252 3143306297943 14376 
CLU_6252 3143305212626 14376 
CLU_6252 3143307780621 3208 
CLU_6252 3143303180166 1981 
CLU_6252 3143302149893 4973 
CLU_6252 3143309251553 3385 
CLU_6252 3143302150026 4453 
CLU_6252 3143300550108 7553 
CLU_6252 3143303413578 28249 
CLU_6252 3143306329632 4122 
CLU_6252 3143305212588 12314 
CLU_6252 3143309812083 3737 
CLU_6252 3143306023282 1693 
CLU_6252 3143302218968 2941 
CLU_6252 3143309772227 4425 
CLU_6252 3143302203480 1595 
CLU_6252 3143302150085 5421 
CLU_6252 3143300211826 3892 
CLU_6252 3143302149931 1819 
CLU_6252 3143309352511 5517 
CLU_6252 3143309690905 4403 
CLU_6252 3143307608756 7777 
CLU_6252 3143306409911 7553 
CLU_6252 3143307780907 3007 
CLU_6252 3143309936424 4884 
CLU_6252 3143309812075 3273 
CLU_6252 3143303688100 3929 
CLU_6252 3143303180115 2298 
CLU_6252 3143305302854 3597 
CLU_6252 3143302219212 3771 
CLU_6252 3143302149958 2317 
CLU_6252 3143307951345 5594 
CLU_6252 3143302219077 3686 
CLU_6252 3143302219344 3472 
CLU_6252 3143307607660 4640 
CLU_6252 3143302150069 5994 
CLU_6252 3143307809131 8160 
CLU_6252 3143300186252 4130 
CLU_6252 3143307836619 4919 
CLU_6252 3143305212545 4522 
CLU_6252 3143302150077 7777 
CLU_6252 3143302150034 6023 
CLU_6252 3143305212529 19014 
CLU_6252 3143302219379 39877 
CLU_6252 3143305212618 19014 
CLU_6252 CLU_6117 43272 
CLU_6252 CLU_6298 9475 
CLU_6252 CLU_6301 21478 
CLU_6252 CLU_6312 2626 
CLU_6252 CLU_6320 3670 
CLU_6252 CLU_6326 6402 
CLU_6252 CLU_6362 1883 
CLU_6252 CLU_6374 3472 
CLU_6252 CLU_6383 8547 
CLU_6252 CLU_6385 6026 
CLU_6252 CLU_6399 3828 
CLU_6252 CLU_6409 39287 
CLU_6252 CLU_6411 15759 
CLU_6252 CLU_6413 39877 
CLU_6252 CLU_6416 19014 
CLU_6252 CLU_6417 58781 
CLU_6253 3143309772235 875 
CLU_6253 3143309772251 1594 
CLU_6253 3143309812059 1798 
CLU_6253 3143305305063 2017 
CLU_6253 3143307781067 3180 
CLU_6253 3143305304997 3034 
CLU_6253 3143307831331 3682 
CLU_6253 3143300659134 3972 
CLU_6253 3143303180158 3576 
CLU_6253 3143307821506 3038 
CLU_6253 3143302150107 5941 
CLU_6253 3143309775978 3038 
CLU_6253 3143302219107 4907 
CLU_6253 3143302219352 1451 
CLU_6253 3143303180182 2426 
CLU_6253 3143302150050 3328 
CLU_6253 3143302150042 2858 
CLU_6253 3143302219085 3408 
CLU_6253 3143309812032 4504 
CLU_6253 3143302149915 5523 
CLU_6253 3143307299079 3970 
CLU_6253 3143302150018 5744 
CLU_6253 3143302218984 5163 
CLU_6253 3143306065295 6038 
CLU_6253 3143302219069 3923 
CLU_6253 3143306629296 5591 
CLU_6253 3143302149923 5728 
CLU_6253 3143306065341 6704 
CLU_6253 3143306329705 6183 
CLU_6253 3143306297943 13388 
CLU_6253 3143305212626 13388 
CLU_6253 3143307780621 4005 
CLU_6253 3143303180166 3038 
CLU_6253 3143302149893 3755 
CLU_6253 3143309251553 2119 
CLU_6253 3143302150026 3477 
CLU_6253 3143300550108 6443 
CLU_6253 3143303413578 28015 
CLU_6253 3143306329632 5424 
CLU_6253 3143305212588 11053 
CLU_6253 3143309812083 3390 
CLU_6253 3143306023282 266 
CLU_6253 3143302218968 4162 
CLU_6253 3143309772227 3696 
CLU_6253 3143302203480 948 
CLU_6253 3143302150085 3970 
CLU_6253 3143300211826 4581 
CLU_6253 3143302149931 2093 
CLU_6253 3143309352511 4585 
CLU_6253 3143309690905 3140 
CLU_6253 3143307608756 6504 
CLU_6253 3143306409911 6443 
CLU_6253 3143307780907 3880 
CLU_6253 3143309936424 3728 
CLU_6253 3143309812075 3429 
CLU_6253 3143303688100 4233 
CLU_6253 3143303180115 1594 
CLU_6253 3143305302854 2252 
CLU_6253 3143302219212 2700 
CLU_6253 3143302149958 3734 
CLU_6253 3143307951345 5305 
CLU_6253 3143302219077 2557 
CLU_6253 3143302219344 3923 
CLU_6253 3143307607660 5941 
CLU_6253 3143302150069 4756 
CLU_6253 3143307809131 7489 
CLU_6253 3143300186252 4932 
CLU_6253 3143307836619 4504 
CLU_6253 3143305212545 4097 
CLU_6253 3143302150077 6504 
CLU_6253 3143302150034 4585 
CLU_6253 3143305212529 20235 
CLU_6253 3143302219379 41288 
CLU_6253 3143305212618 20235 
CLU_6253 CLU_6117 44680 
CLU_6253 CLU_6298 8576 
CLU_6253 CLU_6301 20199 
CLU_6253 CLU_6312 3086 
CLU_6253 CLU_6320 3888 
CLU_6253 CLU_6326 5693 
CLU_6253 CLU_6362 2225 
CLU_6253 CLU_6374 3923 
CLU_6253 CLU_6383 7496 
CLU_6253 CLU_6385 5759 
CLU_6253 CLU_6399 3715 
CLU_6253 CLU_6409 40709 
CLU_6253 CLU_6411 17202 
CLU_6253 CLU_6413 41288 
CLU_6253 CLU_6416 20235 
CLU_6253 CLU_6417 60078 
CLU_6254 3143309772235 1027 
CLU_6254 3143309772251 1457 
CLU_6254 3143309812059 1959 
CLU_6254 3143305305063 1768 
CLU_6254 3143307781067 2948 
CLU_6254 3143305304997 2838 
CLU_6254 3143307831331 3501 
CLU_6254 3143300659134 3900 
CLU_6254 3143303180158 3685 
CLU_6254 3143307821506 3180 
CLU_6254 3143302150107 6115 
CLU_6254 3143309775978 3180 
CLU_6254 3143302219107 5169 
CLU_6254 3143302219352 1693 
CLU_6254 3143303180182 2170 
CLU_6254 3143302150050 3063 
CLU_6254 3143302150042 2591 
CLU_6254 3143302219085 3141 
CLU_6254 3143309812032 4355 
CLU_6254 3143302149915 5331 
CLU_6254 3143307299079 3729 
CLU_6254 3143302150018 5477 
CLU_6254 3143302218984 4899 
CLU_6254 3143306065295 5818 
CLU_6254 3143302219069 4146 
CLU_6254 3143306629296 5325 
CLU_6254 3143302149923 5478 
CLU_6254 3143306065341 6446 
CLU_6254 3143306329705 5970 
CLU_6254 3143306297943 13141 
CLU_6254 3143305212626 13141 
CLU_6254 3143307780621 4083 
CLU_6254 3143303180166 3180 
CLU_6254 3143302149893 3494 
CLU_6254 3143309251553 2021 
CLU_6254 3143302150026 3456 
CLU_6254 3143300550108 6188 
CLU_6254 3143303413578 27863 
CLU_6254 3143306329632 5690 
CLU_6254 3143305212588 10917 
CLU_6254 3143309812083 3267 
CLU_6254 3143306023282 0 
CLU_6254 3143302218968 4324 
CLU_6254 3143309772227 3502 
CLU_6254 3143302203480 1129 
CLU_6254 3143302150085 3729 
CLU_6254 3143300211826 4822 
CLU_6254 3143302149931 2326 
CLU_6254 3143309352511 4354 
CLU_6254 3143309690905 3027 
CLU_6254 3143307608756 6238 
CLU_6254 3143306409911 6188 
CLU_6254 3143307780907 4137 
CLU_6254 3143309936424 3649 
CLU_6254 3143309812075 3399 
CLU_6254 3143303688100 4217 
CLU_6254 3143303180115 1457 
CLU_6254 3143305302854 1985 
CLU_6254 3143302219212 2460 
CLU_6254 3143302149958 3990 
CLU_6254 3143307951345 5172 
CLU_6254 3143302219077 2504 
CLU_6254 3143302219344 4146 
CLU_6254 3143307607660 6115 
CLU_6254 3143302150069 4492 
CLU_6254 3143307809131 7286 
CLU_6254 3143300186252 5181 
CLU_6254 3143307836619 4355 
CLU_6254 3143305212545 4194 
CLU_6254 3143302150077 6238 
CLU_6254 3143302150034 4332 
CLU_6254 3143305212529 20502 
CLU_6254 3143302219379 41547 
CLU_6254 3143305212618 20502 
CLU_6254 CLU_6117 44882 
CLU_6254 CLU_6298 8342 
CLU_6254 CLU_6301 19933 
CLU_6254 CLU_6312 3318 
CLU_6254 CLU_6320 4086 
CLU_6254 CLU_6326 5719 
CLU_6254 CLU_6362 2267 
CLU_6254 CLU_6374 4146 
CLU_6254 CLU_6383 7246 
CLU_6254 CLU_6385 5627 
CLU_6254 CLU_6399 3871 
CLU_6254 CLU_6409 40917 
CLU_6254 CLU_6411 17426 
CLU_6254 CLU_6413 41547 
CLU_6254 CLU_6416 20502 
CLU_6254 CLU_6417 60345 
CLU_6255 3143309772235 1585 
CLU_6255 3143309772251 2190 
CLU_6255 3143309812059 2479 
CLU_6255 3143305305063 2287 
CLU_6255 3143307781067 3505 
CLU_6255 3143305304997 3490 
CLU_6255 3143307831331 4173 
CLU_6255 3143300659134 4647 
CLU_6255 3143303180158 4292 
CLU_6255 3143307821506 3730 
CLU_6255 3143302150107 6577 
CLU_6255 3143309775978 3730 
CLU_6255 3143302219107 5198 
CLU_6255 3143302219352 1968 
CLU_6255 3143303180182 2233 
CLU_6255 3143302150050 3222 
CLU_6255 3143302150042 2874 
CLU_6255 3143302219085 3380 
CLU_6255 3143309812032 5065 
CLU_6255 3143302149915 5976 
CLU_6255 3143307299079 3624 
CLU_6255 3143302150018 5659 
CLU_6255 3143302218984 5231 
CLU_6255 3143306065295 6393 
CLU_6255 3143302219069 3657 
CLU_6255 3143306629296 5601 
CLU_6255 3143302149923 5929 
CLU_6255 3143306065341 6830 
CLU_6255 3143306329705 6565 
CLU_6255 3143306297943 13587 
CLU_6255 3143305212626 13587 
CLU_6255 3143307780621 4735 
CLU_6255 3143303180166 3730 
CLU_6255 3143302149893 3870 
CLU_6255 3143309251553 1433 
CLU_6255 3143302150026 2742 
CLU_6255 3143300550108 6597 
CLU_6255 3143303413578 28557 
CLU_6255 3143306329632 5629 
CLU_6255 3143305212588 10382 
CLU_6255 3143309812083 3999 
CLU_6255 3143306023282 746 
CLU_6255 3143302218968 4824 
CLU_6255 3143309772227 4152 
CLU_6255 3143302203480 671 
CLU_6255 3143302150085 3624 
CLU_6255 3143300211826 4407 
CLU_6255 3143302149931 1925 
CLU_6255 3143309352511 4903 
CLU_6255 3143309690905 2458 
CLU_6255 3143307608756 6501 
CLU_6255 3143306409911 6597 
CLU_6255 3143307780907 3838 
CLU_6255 3143309936424 3011 
CLU_6255 3143309812075 4139 
CLU_6255 3143303688100 4952 
CLU_6255 3143303180115 2190 
CLU_6255 3143305302854 2284 
CLU_6255 3143302219212 2998 
CLU_6255 3143302149958 4103 
CLU_6255 3143307951345 5894 
CLU_6255 3143302219077 1829 
CLU_6255 3143302219344 3657 
CLU_6255 3143307607660 6577 
CLU_6255 3143302150069 4821 
CLU_6255 3143307809131 7904 
CLU_6255 3143300186252 4808 
CLU_6255 3143307836619 5065 
CLU_6255 3143305212545 3462 
CLU_6255 3143302150077 6501 
CLU_6255 3143302150034 4312 
CLU_6255 3143305212529 20294 
CLU_6255 3143302219379 41566 
CLU_6255 3143305212618 20294 
CLU_6255 CLU_6117 45237 
CLU_6255 CLU_6298 8858 
CLU_6255 CLU_6301 20137 
CLU_6255 CLU_6312 2881 
CLU_6255 CLU_6320 3514 
CLU_6255 CLU_6326 4977 
CLU_6255 CLU_6362 2959 
CLU_6255 CLU_6374 3657 
CLU_6255 CLU_6383 7685 
CLU_6255 CLU_6385 6349 
CLU_6255 CLU_6399 3205 
CLU_6255 CLU_6409 41246 
CLU_6255 CLU_6411 17693 
CLU_6255 CLU_6413 41566 
CLU_6255 CLU_6416 20294 
CLU_6255 CLU_6417 60194 
CLU_6256 3143309772235 1853 
CLU_6256 3143309772251 1695 
CLU_6256 3143309812059 2772 
CLU_6256 3143305305063 1377 
CLU_6256 3143307781067 2588 
CLU_6256 3143305304997 2686 
CLU_6256 3143307831331 3389 
CLU_6256 3143300659134 4178 
CLU_6256 3143303180158 4399 
CLU_6256 3143307821506 3953 
CLU_6256 3143302150107 6921 
CLU_6256 3143309775978 3953 
CLU_6256 3143302219107 6002 
CLU_6256 3143302219352 2552 
CLU_6256 3143303180182 1327 
CLU_6256 3143302150050 2269 
CLU_6256 3143302150042 1881 
CLU_6256 3143302219085 2399 
CLU_6256 3143309812032 4355 
CLU_6256 3143302149915 5125 
CLU_6256 3143307299079 2869 
CLU_6256 3143302150018 4705 
CLU_6256 3143302218984 4237 
CLU_6256 3143306065295 5466 
CLU_6256 3143302219069 4651 
CLU_6256 3143306629296 4616 
CLU_6256 3143302149923 4942 
CLU_6256 3143306065341 5835 
CLU_6256 3143306329705 5654 
CLU_6256 3143306297943 12596 
CLU_6256 3143305212626 12596 
CLU_6256 3143307780621 4736 
CLU_6256 3143303180166 3953 
CLU_6256 3143302149893 2875 
CLU_6256 3143309251553 1542 
CLU_6256 3143302150026 3132 
CLU_6256 3143300550108 5603 
CLU_6256 3143303413578 27757 
CLU_6256 3143306329632 6494 
CLU_6256 3143305212588 10209 
CLU_6256 3143309812083 3398 
CLU_6256 3143306023282 860 
CLU_6256 3143302218968 5119 
CLU_6256 3143309772227 3330 
CLU_6256 3143302203480 1648 
CLU_6256 3143302150085 2869 
CLU_6256 3143300211826 5401 
CLU_6256 3143302149931 2911 
CLU_6256 3143309352511 3964 
CLU_6256 3143309690905 2439 
CLU_6256 3143307608756 5521 
CLU_6256 3143306409911 5603 
CLU_6256 3143307780907 4808 
CLU_6256 3143309936424 3140 
CLU_6256 3143309812075 3809 
CLU_6256 3143303688100 4646 
CLU_6256 3143303180115 1695 
CLU_6256 3143305302854 1288 
CLU_6256 3143302219212 2076 
CLU_6256 3143302149958 4839 
CLU_6256 3143307951345 5214 
CLU_6256 3143302219077 2128 
CLU_6256 3143302219344 4651 
CLU_6256 3143307607660 6921 
CLU_6256 3143302150069 3827 
CLU_6256 3143307809131 7010 
CLU_6256 3143300186252 5798 
CLU_6256 3143307836619 4355 
CLU_6256 3143305212545 4230 
CLU_6256 3143302150077 5521 
CLU_6256 3143302150034 3481 
CLU_6256 3143305212529 21244 
CLU_6256 3143302219379 42386 
CLU_6256 3143305212618 21244 
CLU_6256 CLU_6117 45717 
CLU_6256 CLU_6298 7890 
CLU_6256 CLU_6301 19182 
CLU_6256 CLU_6312 3875 
CLU_6256 CLU_6320 4488 
CLU_6256 CLU_6326 5489 
CLU_6256 CLU_6362 2887 
CLU_6256 CLU_6374 4651 
CLU_6256 CLU_6383 6694 
CLU_6256 CLU_6385 5664 
CLU_6256 CLU_6399 4116 
CLU_6256 CLU_6409 41760 
CLU_6256 CLU_6411 18282 
CLU_6256 CLU_6413 42386 
CLU_6256 CLU_6416 21244 
CLU_6256 CLU_6417 61120 
CLU_6257 3143309772235 2300 
CLU_6257 3143309772251 1849 
CLU_6257 3143309812059 3197 
CLU_6257 3143305305063 1176 
CLU_6257 3143307781067 2310 
CLU_6257 3143305304997 2534 
CLU_6257 3143307831331 3235 
CLU_6257 3143300659134 4238 
CLU_6257 3143303180158 4734 
CLU_6257 3143307821506 4335 
CLU_6257 3143302150107 7320 
CLU_6257 3143309775978 4335 
CLU_6257 3143302219107 6512 
CLU_6257 3143302219352 3043 
CLU_6257 3143303180182 818 
CLU_6257 3143302150050 1757 
CLU_6257 3143302150042 1408 
CLU_6257 3143302219085 1903 
CLU_6257 3143309812032 4245 
CLU_6257 3143302149915 4883 
CLU_6257 3143307299079 2398 
CLU_6257 3143302150018 4195 
CLU_6257 3143302218984 3764 
CLU_6257 3143306065295 5139 
CLU_6257 3143302219069 5110 
CLU_6257 3143306629296 4124 
CLU_6257 3143302149923 4524 
CLU_6257 3143306065341 5378 
CLU_6257 3143306329705 5345 
CLU_6257 3143306297943 12157 
CLU_6257 3143305212626 12157 
CLU_6257 3143307780621 5023 
CLU_6257 3143303180166 4335 
CLU_6257 3143302149893 2434 
CLU_6257 3143309251553 1625 
CLU_6257 3143302150026 3230 
CLU_6257 3143300550108 5159 
CLU_6257 3143303413578 27522 
CLU_6257 3143306329632 7009 
CLU_6257 3143305212588 9940 
CLU_6257 3143309812083 3389 
CLU_6257 3143306023282 1352 
CLU_6257 3143302218968 5512 
CLU_6257 3143309772227 3141 
CLU_6257 3143302203480 2142 
CLU_6257 3143302150085 2398 
CLU_6257 3143300211826 5879 
CLU_6257 3143302149931 3401 
CLU_6257 3143309352511 3632 
CLU_6257 3143309690905 2362 
CLU_6257 3143307608756 5024 
CLU_6257 3143306409911 5159 
CLU_6257 3143307780907 5309 
CLU_6257 3143309936424 3103 
CLU_6257 3143309812075 3957 
CLU_6257 3143303688100 4790 
CLU_6257 3143303180115 1849 
CLU_6257 3143305302854 848 
CLU_6257 3143302219212 1808 
CLU_6257 3143302149958 5342 
CLU_6257 3143307951345 5116 
CLU_6257 3143302219077 2237 
CLU_6257 3143302219344 5110 
CLU_6257 3143307607660 7320 
CLU_6257 3143302150069 3355 
CLU_6257 3143307809131 6715 
CLU_6257 3143300186252 6285 
CLU_6257 3143307836619 4245 
CLU_6257 3143305212545 4506 
CLU_6257 3143302150077 5024 
CLU_6257 3143302150034 2980 
CLU_6257 3143305212529 21753 
CLU_6257 3143302219379 42895 
CLU_6257 3143305212618 21753 
CLU_6257 CLU_6117 46138 
CLU_6257 CLU_6298 7500 
CLU_6257 CLU_6301 18673 
CLU_6257 CLU_6312 4353 
CLU_6257 CLU_6320 4914 
CLU_6257 CLU_6326 5602 
CLU_6257 CLU_6362 3183 
CLU_6257 CLU_6374 5110 
CLU_6257 CLU_6383 6261 
CLU_6257 CLU_6385 5558 
CLU_6257 CLU_6399 4488 
CLU_6257 CLU_6409 42192 
CLU_6257 CLU_6411 18742 
CLU_6257 CLU_6413 42895 
CLU_6257 CLU_6416 21753 
CLU_6257 CLU_6417 61633 
CLU_6258 3143309772235 3098 
CLU_6258 3143309772251 2425 
CLU_6258 3143309812059 3973 
CLU_6258 3143305305063 1424 
CLU_6258 3143307781067 2221 
CLU_6258 3143305304997 2653 
CLU_6258 3143307831331 3308 
CLU_6258 3143300659134 4598 
CLU_6258 3143303180158 5418 
CLU_6258 3143307821506 5069 
CLU_6258 3143302150107 8059 
CLU_6258 3143309775978 5069 
CLU_6258 3143302219107 7329 
CLU_6258 3143302219352 3859 
CLU_6258 3143303180182 0 
CLU_6258 3143302150050 1009 
CLU_6258 3143302150042 914 
CLU_6258 3143302219085 1249 
CLU_6258 3143309812032 4353 
CLU_6258 3143302149915 4747 
CLU_6258 3143307299079 1620 
CLU_6258 3143302150018 3432 
CLU_6258 3143302218984 3137 
CLU_6258 3143306065295 4835 
CLU_6258 3143302219069 5787 
CLU_6258 3143306629296 3432 
CLU_6258 3143302149923 4031 
CLU_6258 3143306065341 4777 
CLU_6258 3143306329705 5073 
CLU_6258 3143306297943 11573 
CLU_6258 3143305212626 11573 
CLU_6258 3143307780621 5654 
CLU_6258 3143303180166 5069 
CLU_6258 3143302149893 1946 
CLU_6258 3143309251553 1911 
CLU_6258 3143302150026 3392 
CLU_6258 3143300550108 4593 
CLU_6258 3143303413578 27315 
CLU_6258 3143306329632 7818 
CLU_6258 3143305212588 9421 
CLU_6258 3143309812083 3679 
CLU_6258 3143306023282 2170 
CLU_6258 3143302218968 6251 
CLU_6258 3143309772227 3160 
CLU_6258 3143302203480 2904 
CLU_6258 3143302150085 1620 
CLU_6258 3143300211826 6588 
CLU_6258 3143302149931 4145 
CLU_6258 3143309352511 3356 
CLU_6258 3143309690905 2309 
CLU_6258 3143307608756 4312 
CLU_6258 3143306409911 4593 
CLU_6258 3143307780907 6068 
CLU_6258 3143309936424 3062 
CLU_6258 3143309812075 4438 
CLU_6258 3143303688100 5251 
CLU_6258 3143303180115 2425 
CLU_6258 3143305302854 708 
CLU_6258 3143302219212 1801 
CLU_6258 3143302149958 6160 
CLU_6258 3143307951345 5221 
CLU_6258 3143302219077 2482 
CLU_6258 3143302219344 5787 
CLU_6258 3143307607660 8059 
CLU_6258 3143302150069 2738 
CLU_6258 3143307809131 6450 
CLU_6258 3143300186252 7010 
CLU_6258 3143307836619 4353 
CLU_6258 3143305212545 4899 
CLU_6258 3143302150077 4312 
CLU_6258 3143302150034 2163 
CLU_6258 3143305212529 22528 
CLU_6258 3143302219379 43712 
CLU_6258 3143305212618 22528 
CLU_6258 CLU_6117 46889 
CLU_6258 CLU_6298 7039 
CLU_6258 CLU_6301 17905 
CLU_6258 CLU_6312 5067 
CLU_6258 CLU_6320 5537 
CLU_6258 CLU_6326 5721 
CLU_6258 CLU_6362 3847 
CLU_6258 CLU_6374 5787 
CLU_6258 CLU_6383 5713 
CLU_6258 CLU_6385 5642 
CLU_6258 CLU_6399 5028 
CLU_6258 CLU_6409 42955 
CLU_6258 CLU_6411 19533 
CLU_6258 CLU_6413 43712 
CLU_6258 CLU_6416 22528 
CLU_6258 CLU_6417 62424 
CLU_6259 3143309772235 3467 
CLU_6259 3143309772251 2669 
CLU_6259 3143309812059 4320 
CLU_6259 3143305305063 1574 
CLU_6259 3143307781067 2130 
CLU_6259 3143305304997 2654 
CLU_6259 3143307831331 3264 
CLU_6259 3143300659134 4684 
CLU_6259 3143303180158 5690 
CLU_6259 3143307821506 5377 
CLU_6259 3143302150107 8365 
CLU_6259 3143309775978 5377 
CLU_6259 3143302219107 7740 
CLU_6259 3143302219352 4253 
CLU_6259 3143303180182 432 
CLU_6259 3143302150050 588 
CLU_6259 3143302150042 714 
CLU_6259 3143302219085 877 
CLU_6259 3143309812032 4306 
CLU_6259 3143302149915 4569 
CLU_6259 3143307299079 1345 
CLU_6259 3143302150018 3000 
CLU_6259 3143302218984 2743 
CLU_6259 3143306065295 4573 
CLU_6259 3143302219069 6213 
CLU_6259 3143306629296 3014 
CLU_6259 3143302149923 3687 
CLU_6259 3143306065341 4386 
CLU_6259 3143306329705 4826 
CLU_6259 3143306297943 11179 
CLU_6259 3143305212626 11179 
CLU_6259 3143307780621 5890 
CLU_6259 3143303180166 5377 
CLU_6259 3143302149893 1641 
CLU_6259 3143309251553 2276 
CLU_6259 3143302150026 3686 
CLU_6259 3143300550108 4216 
CLU_6259 3143303413578 27064 
CLU_6259 3143306329632 8238 
CLU_6259 3143305212588 9314 
CLU_6259 3143309812083 3741 
CLU_6259 3143306023282 2573 
CLU_6259 3143302218968 6560 
CLU_6259 3143309772227 3091 
CLU_6259 3143302203480 3336 
CLU_6259 3143302150085 1345 
CLU_6259 3143300211826 7017 
CLU_6259 3143302149931 4577 
CLU_6259 3143309352511 3127 
CLU_6259 3143309690905 2544 
CLU_6259 3143307608756 3887 
CLU_6259 3143306409911 4216 
CLU_6259 3143307780907 6500 
CLU_6259 3143309936424 3279 
CLU_6259 3143309812075 4594 
CLU_6259 3143303688100 5388 
CLU_6259 3143303180115 2669 
CLU_6259 3143305302854 836 
CLU_6259 3143302219212 1783 
CLU_6259 3143302149958 6562 
CLU_6259 3143307951345 5163 
CLU_6259 3143302219077 2821 
CLU_6259 3143302219344 6213 
CLU_6259 3143307607660 8365 
CLU_6259 3143302150069 2352 
CLU_6259 3143307809131 6197 
CLU_6259 3143300186252 7441 
CLU_6259 3143307836619 4306 
CLU_6259 3143305212545 5258 
CLU_6259 3143302150077 3887 
CLU_6259 3143302150034 1786 
CLU_6259 3143305212529 22959 
CLU_6259 3143302219379 44120 
CLU_6259 3143305212618 22959 
CLU_6259 CLU_6117 47194 
CLU_6259 CLU_6298 6697 
CLU_6259 CLU_6301 17473 
CLU_6259 CLU_6312 5498 
CLU_6259 CLU_6320 5955 
CLU_6259 CLU_6326 5975 
CLU_6259 CLU_6362 4116 
CLU_6259 CLU_6374 6213 
CLU_6259 CLU_6383 5339 
CLU_6259 CLU_6385 5570 
CLU_6259 CLU_6399 5428 
CLU_6259 CLU_6409 43272 
CLU_6259 CLU_6411 19881 
CLU_6259 CLU_6413 44120 
CLU_6259 CLU_6416 22959 
CLU_6259 CLU_6417 62853 
CLU_6260 3143309772235 3895 
CLU_6260 3143309772251 2930 
CLU_6260 3143309812059 4703 
CLU_6260 3143305305063 1777 
CLU_6260 3143307781067 1966 
CLU_6260 3143305304997 2588 
CLU_6260 3143307831331 3116 
CLU_6260 3143300659134 4686 
CLU_6260 3143303180158 5947 
CLU_6260 3143307821506 5692 
CLU_6260 3143302150107 8662 
CLU_6260 3143309775978 5692 
CLU_6260 3143302219107 8229 
CLU_6260 3143302219352 4715 
CLU_6260 3143303180182 1009 
CLU_6260 3143302150050 0 
CLU_6260 3143302150042 654 
CLU_6260 3143302219085 379 
CLU_6260 3143309812032 4134 
CLU_6260 3143302149915 4221 
CLU_6260 3143307299079 1317 
CLU_6260 3143302150018 2438 
CLU_6260 3143302218984 2163 
CLU_6260 3143306065295 4121 
CLU_6260 3143302219069 6796 
CLU_6260 3143306629296 2426 
CLU_6260 3143302149923 3148 
CLU_6260 3143306065341 3805 
CLU_6260 3143306329705 4388 
CLU_6260 3143306297943 10595 
CLU_6260 3143305212626 10595 
CLU_6260 3143307780621 6092 
CLU_6260 3143303180166 5692 
CLU_6260 3143302149893 1191 
CLU_6260 3143309251553 2855 
CLU_6260 3143302150026 4218 
CLU_6260 3143300550108 3645 
CLU_6260 3143303413578 26599 
CLU_6260 3143306329632 8751 
CLU_6260 3143305212588 9378 
CLU_6260 3143309812083 3727 
CLU_6260 3143306023282 3063 
CLU_6260 3143302218968 6869 
CLU_6260 3143309772227 2914 
CLU_6260 3143302203480 3892 
CLU_6260 3143302150085 1317 
CLU_6260 3143300211826 7595 
CLU_6260 3143302149931 5143 
CLU_6260 3143309352511 2733 
CLU_6260 3143309690905 3042 
CLU_6260 3143307608756 3303 
CLU_6260 3143306409911 3645 
CLU_6260 3143307780907 7060 
CLU_6260 3143309936424 3754 
CLU_6260 3143309812075 4693 
CLU_6260 3143303688100 5451 
CLU_6260 3143303180115 2930 
CLU_6260 3143305302854 1138 
CLU_6260 3143302219212 1748 
CLU_6260 3143302149958 7032 
CLU_6260 3143307951345 4964 
CLU_6260 3143302219077 3385 
CLU_6260 3143302219344 6796 
CLU_6260 3143307607660 8662 
CLU_6260 3143302150069 1779 
CLU_6260 3143307809131 5747 
CLU_6260 3143300186252 8015 
CLU_6260 3143307836619 4134 
CLU_6260 3143305212545 5829 
CLU_6260 3143302150077 3303 
CLU_6260 3143302150034 1479 
CLU_6260 3143305212529 23511 
CLU_6260 3143302219379 44592 
CLU_6260 3143305212618 23511 
CLU_6260 CLU_6117 47470 
CLU_6260 CLU_6298 6152 
CLU_6260 CLU_6301 16917 
CLU_6260 CLU_6312 6073 
CLU_6260 CLU_6320 6543 
CLU_6260 CLU_6326 6468 
CLU_6260 CLU_6362 4383 
CLU_6260 CLU_6374 6796 
CLU_6260 CLU_6383 4769 
CLU_6260 CLU_6385 5348 
CLU_6260 CLU_6399 6015 
CLU_6260 CLU_6409 43568 
CLU_6260 CLU_6411 20239 
CLU_6260 CLU_6413 44592 
CLU_6260 CLU_6416 23511 
CLU_6260 CLU_6417 63389 
CLU_6261 3143309772235 3902 
CLU_6261 3143309772251 2824 
CLU_6261 3143309812059 4666 
CLU_6261 3143305305063 1674 
CLU_6261 3143307781067 1651 
CLU_6261 3143305304997 2304 
CLU_6261 3143307831331 2791 
CLU_6261 3143300659134 4415 
CLU_6261 3143303180158 5810 
CLU_6261 3143307821506 5597 
CLU_6261 3143302150107 8544 
CLU_6261 3143309775978 5597 
CLU_6261 3143302219107 8278 
CLU_6261 3143302219352 4749 
CLU_6261 3143303180182 1249 
CLU_6261 3143302150050 379 
CLU_6261 3143302150042 562 
CLU_6261 3143302219085 0 
CLU_6261 3143309812032 3796 
CLU_6261 3143302149915 3844 
CLU_6261 3143307299079 1660 
CLU_6261 3143302150018 2340 
CLU_6261 3143302218984 1889 
CLU_6261 3143306065295 3746 
CLU_6261 3143302219069 7000 
CLU_6261 3143306629296 2220 
CLU_6261 3143302149923 2810 
CLU_6261 3143306065341 3528 
CLU_6261 3143306329705 4012 
CLU_6261 3143306297943 10323 
CLU_6261 3143305212626 10323 
CLU_6261 3143307780621 5919 
CLU_6261 3143303180166 5597 
CLU_6261 3143302149893 812 
CLU_6261 3143309251553 3148 
CLU_6261 3143302150026 4557 
CLU_6261 3143300550108 3345 
CLU_6261 3143303413578 26230 
CLU_6261 3143306329632 8827 
CLU_6261 3143305212588 9706 
CLU_6261 3143309812083 3454 
CLU_6261 3143306023282 3141 
CLU_6261 3143302218968 6764 
CLU_6261 3143309772227 2580 
CLU_6261 3143302203480 4044 
CLU_6261 3143302150085 1660 
CLU_6261 3143300211826 7781 
CLU_6261 3143302149931 5305 
CLU_6261 3143309352511 2353 
CLU_6261 3143309690905 3396 
CLU_6261 3143307608756 3122 
CLU_6261 3143306409911 3345 
CLU_6261 3143307780907 7208 
CLU_6261 3143309936424 4117 
CLU_6261 3143309812075 4470 
CLU_6261 3143303688100 5205 
CLU_6261 3143303180115 2824 
CLU_6261 3143305302854 1157 
CLU_6261 3143302219212 1504 
CLU_6261 3143302149958 7064 
CLU_6261 3143307951345 4616 
CLU_6261 3143302219077 3698 
CLU_6261 3143302219344 7000 
CLU_6261 3143307607660 8544 
CLU_6261 3143302150069 1489 
CLU_6261 3143307809131 5373 
CLU_6261 3143300186252 8189 
CLU_6261 3143307836619 3796 
CLU_6261 3143305212545 6133 
CLU_6261 3143302150077 3122 
CLU_6261 3143302150034 1696 
CLU_6261 3143305212529 23633 
CLU_6261 3143302219379 44609 
CLU_6261 3143305212618 23633 
CLU_6261 CLU_6117 47323 
CLU_6261 CLU_6298 5820 
CLU_6261 CLU_6301 16795 
CLU_6261 CLU_6312 6255 
CLU_6261 CLU_6320 6773 
CLU_6261 CLU_6326 6827 
CLU_6261 CLU_6362 4264 
CLU_6261 CLU_6374 7000 
CLU_6261 CLU_6383 4467 
CLU_6261 CLU_6385 4992 
CLU_6261 CLU_6399 6277 
CLU_6261 CLU_6409 43435 
CLU_6261 CLU_6411 20155 
CLU_6261 CLU_6413 44609 
CLU_6261 CLU_6416 23633 
CLU_6261 CLU_6417 63486 
CLU_6262 3143309772235 4426 
CLU_6262 3143309772251 3108 
CLU_6262 3143309812059 5039 
CLU_6262 3143305305063 2135 
CLU_6262 3143307781067 1314 
CLU_6262 3143305304997 1986 
CLU_6262 3143307831331 2184 
CLU_6262 3143300659134 3972 
CLU_6262 3143303180158 5837 
CLU_6262 3143307821506 5764 
CLU_6262 3143302150107 8584 
CLU_6262 3143309775978 5764 
CLU_6262 3143302219107 8819 
CLU_6262 3143302219352 5310 
CLU_6262 3143303180182 2356 
CLU_6262 3143302150050 1552 
CLU_6262 3143302150042 1465 
CLU_6262 3143302219085 1183 
CLU_6262 3143309812032 3038 
CLU_6262 3143302149915 2773 
CLU_6262 3143307299079 2700 
CLU_6262 3143302150018 2122 
CLU_6262 3143302218984 1102 
CLU_6262 3143306065295 2570 
CLU_6262 3143302219069 7927 
CLU_6262 3143306629296 1645 
CLU_6262 3143302149923 1686 
CLU_6262 3143306065341 2575 
CLU_6262 3143306329705 2843 
CLU_6262 3143306297943 9319 
CLU_6262 3143305212626 9319 
CLU_6262 3143307780621 5820 
CLU_6262 3143303180166 5764 
CLU_6262 3143302149893 413 
CLU_6262 3143309251553 4265 
CLU_6262 3143302150026 5724 
CLU_6262 3143300550108 2327 
CLU_6262 3143303413578 25047 
CLU_6262 3143306329632 9432 
CLU_6262 3143305212588 10584 
CLU_6262 3143309812083 3058 
CLU_6262 3143306023282 3871 
CLU_6262 3143302218968 6874 
CLU_6262 3143309772227 1940 
CLU_6262 3143302203480 4902 
CLU_6262 3143302150085 2700 
CLU_6262 3143300211826 8662 
CLU_6262 3143302149931 6160 
CLU_6262 3143309352511 1261 
CLU_6262 3143309690905 4576 
CLU_6262 3143307608756 2523 
CLU_6262 3143306409911 2327 
CLU_6262 3143307780907 8008 
CLU_6262 3143309936424 5300 
CLU_6262 3143309812075 4229 
CLU_6262 3143303688100 4845 
CLU_6262 3143303180115 3108 
CLU_6262 3143305302854 1998 
CLU_6262 3143302219212 1564 
CLU_6262 3143302149958 7573 
CLU_6262 3143307951345 3767 
CLU_6262 3143302219077 4837 
CLU_6262 3143302219344 7927 
CLU_6262 3143307607660 8584 
CLU_6262 3143302150069 749 
CLU_6262 3143307809131 4196 
CLU_6262 3143300186252 9041 
CLU_6262 3143307836619 3038 
CLU_6262 3143305212545 7251 
CLU_6262 3143302150077 2523 
CLU_6262 3143302150034 2451 
CLU_6262 3143305212529 24318 
CLU_6262 3143302219379 44983 
CLU_6262 3143305212618 24318 
CLU_6262 CLU_6117 47177 
CLU_6262 CLU_6298 4686 
CLU_6262 CLU_6301 16181 
CLU_6262 CLU_6312 7140 
CLU_6262 CLU_6320 7756 
CLU_6262 CLU_6326 8008 
CLU_6262 CLU_6362 4401 
CLU_6262 CLU_6374 7927 
CLU_6262 CLU_6383 3419 
CLU_6262 CLU_6385 4091 
CLU_6262 CLU_6399 7322 
CLU_6262 CLU_6409 43339 
CLU_6262 CLU_6411 20245 
CLU_6262 CLU_6413 44983 
CLU_6262 CLU_6416 24318 
CLU_6262 CLU_6417 64081 
CLU_6263 3143309772235 4151 
CLU_6263 3143309772251 2767 
CLU_6263 3143309812059 4682 
CLU_6263 3143305305063 1953 
CLU_6263 3143307781067 877 
CLU_6263 3143305304997 1473 
CLU_6263 3143307831331 1592 
CLU_6263 3143300659134 3388 
CLU_6263 3143303180158 5344 
CLU_6263 3143307821506 5318 
CLU_6263 3143302150107 8081 
CLU_6263 3143309775978 5318 
CLU_6263 3143302219107 8502 
CLU_6263 3143302219352 5036 
CLU_6263 3143303180182 2539 
CLU_6263 3143302150050 1919 
CLU_6263 3143302150042 1627 
CLU_6263 3143302219085 1541 
CLU_6263 3143309812032 2443 
CLU_6263 3143302149915 2303 
CLU_6263 3143307299079 3168 
CLU_6263 3143302150018 2690 
CLU_6263 3143302218984 1571 
CLU_6263 3143306065295 2297 
CLU_6263 3143302219069 7847 
CLU_6263 3143306629296 2148 
CLU_6263 3143302149923 1766 
CLU_6263 3143306065341 2816 
CLU_6263 3143306329705 2534 
CLU_6263 3143306297943 9420 
CLU_6263 3143305212626 9420 
CLU_6263 3143307780621 5292 
CLU_6263 3143303180166 5318 
CLU_6263 3143302149893 752 
CLU_6263 3143309251553 4403 
CLU_6263 3143302150026 5930 
CLU_6263 3143300550108 2517 
CLU_6263 3143303413578 24776 
CLU_6263 3143306329632 9145 
CLU_6263 3143305212588 11132 
CLU_6263 3143309812083 2489 
CLU_6263 3143306023282 3722 
CLU_6263 3143302218968 6400 
CLU_6263 3143309772227 1347 
CLU_6263 3143302203480 4806 
CLU_6263 3143302150085 3168 
CLU_6263 3143300211826 8544 
CLU_6263 3143302149931 6044 
CLU_6263 3143309352511 825 
CLU_6263 3143309690905 4834 
CLU_6263 3143307608756 2975 
CLU_6263 3143306409911 2517 
CLU_6263 3143307780907 7840 
CLU_6263 3143309936424 5577 
CLU_6263 3143309812075 3680 
CLU_6263 3143303688100 4268 
CLU_6263 3143303180115 2767 
CLU_6263 3143305302854 2034 
CLU_6263 3143302219212 1277 
CLU_6263 3143302149958 7250 
CLU_6263 3143307951345 3189 
CLU_6263 3143302219077 4998 
CLU_6263 3143302219344 7847 
CLU_6263 3143307607660 8081 
CLU_6263 3143302150069 1289 
CLU_6263 3143307809131 3910 
CLU_6263 3143300186252 8901 
CLU_6263 3143307836619 2443 
CLU_6263 3143305212545 7362 
CLU_6263 3143302150077 2975 
CLU_6263 3143302150034 3003 
CLU_6263 3143305212529 24045 
CLU_6263 3143302219379 44560 
CLU_6263 3143305212618 24045 
CLU_6263 CLU_6117 46613 
CLU_6263 CLU_6298 4650 
CLU_6263 CLU_6301 16530 
CLU_6263 CLU_6312 7034 
CLU_6263 CLU_6320 7722 
CLU_6263 CLU_6326 8258 
CLU_6263 CLU_6362 3963 
CLU_6263 CLU_6374 7847 
CLU_6263 CLU_6383 3533 
CLU_6263 CLU_6385 3529 
CLU_6263 CLU_6399 7349 
CLU_6263 CLU_6409 42784 
CLU_6263 CLU_6411 19738 
CLU_6263 CLU_6413 44560 
CLU_6263 CLU_6416 24045 
CLU_6263 CLU_6417 63752 
CLU_6264 3143309772235 3344 
CLU_6264 3143309772251 1950 
CLU_6264 3143309812059 3865 
CLU_6264 3143305305063 1237 
CLU_6264 3143307781067 74 
CLU_6264 3143305304997 773 
CLU_6264 3143307831331 1206 
CLU_6264 3143300659134 2863 
CLU_6264 3143303180158 4595 
CLU_6264 3143307821506 4530 
CLU_6264 3143302150107 7343 
CLU_6264 3143309775978 4530 
CLU_6264 3143302219107 7685 
CLU_6264 3143302219352 4227 
CLU_6264 3143303180182 2193 
CLU_6264 3143302150050 1909 
CLU_6264 3143302150042 1379 
CLU_6264 3143302219085 1589 
CLU_6264 3143309812032 2231 
CLU_6264 3143302149915 2585 
CLU_6264 3143307299079 3227 
CLU_6264 3143302150018 3344 
CLU_6264 3143302218984 2328 
CLU_6264 3143306065295 2870 
CLU_6264 3143302219069 7123 
CLU_6264 3143306629296 2885 
CLU_6264 3143302149923 2566 
CLU_6264 3143306065341 3632 
CLU_6264 3143306329705 3054 
CLU_6264 3143306297943 10190 
CLU_6264 3143305212626 10190 
CLU_6264 3143307780621 4590 
CLU_6264 3143303180166 4530 
CLU_6264 3143302149893 1097 
CLU_6264 3143309251553 3916 
CLU_6264 3143302150026 5498 
CLU_6264 3143300550108 3330 
CLU_6264 3143303413578 25217 
CLU_6264 3143306329632 8331 
CLU_6264 3143305212588 11287 
CLU_6264 3143309812083 1910 
CLU_6264 3143306023282 2978 
CLU_6264 3143302218968 5633 
CLU_6264 3143309772227 1009 
CLU_6264 3143302203480 4088 
CLU_6264 3143302150085 3227 
CLU_6264 3143300211826 7795 
CLU_6264 3143302149931 5304 
CLU_6264 3143309352511 1380 
CLU_6264 3143309690905 4489 
CLU_6264 3143307608756 3749 
CLU_6264 3143306409911 3330 
CLU_6264 3143307780907 7065 
CLU_6264 3143309936424 5245 
CLU_6264 3143309812075 3026 
CLU_6264 3143303688100 3696 
CLU_6264 3143303180115 1950 
CLU_6264 3143305302854 1549 
CLU_6264 3143302219212 526 
CLU_6264 3143302149958 6433 
CLU_6264 3143307951345 3078 
CLU_6264 3143302219077 4525 
CLU_6264 3143302219344 7123 
CLU_6264 3143307607660 7343 
CLU_6264 3143302150069 1991 
CLU_6264 3143307809131 4415 
CLU_6264 3143300186252 8138 
CLU_6264 3143307836619 2231 
CLU_6264 3143305212545 6806 
CLU_6264 3143302150077 3749 
CLU_6264 3143302150034 3262 
CLU_6264 3143305212529 23232 
CLU_6264 3143302219379 43763 
CLU_6264 3143305212618 23232 
CLU_6264 CLU_6117 45976 
CLU_6264 CLU_6298 5363 
CLU_6264 CLU_6301 17344 
CLU_6264 CLU_6312 6297 
CLU_6264 CLU_6320 7032 
CLU_6264 CLU_6326 7861 
CLU_6264 CLU_6362 3169 
CLU_6264 CLU_6374 7123 
CLU_6264 CLU_6383 4324 
CLU_6264 CLU_6385 3480 
CLU_6264 CLU_6399 6711 
CLU_6264 CLU_6409 42125 
CLU_6264 CLU_6411 19003 
CLU_6264 CLU_6413 43763 
CLU_6264 CLU_6416 23232 
CLU_6264 CLU_6417 62935 
CLU_6265 3143309772235 4126 
CLU_6265 3143309772251 2702 
CLU_6265 3143309812059 4563 
CLU_6265 3143305305063 2090 
CLU_6265 3143307781067 876 
CLU_6265 3143305304997 1239 
CLU_6265 3143307831331 1155 
CLU_6265 3143300659134 2951 
CLU_6265 3143303180158 5052 
CLU_6265 3143307821506 5087 
CLU_6265 3143302150107 7764 
CLU_6265 3143309775978 5087 
CLU_6265 3143302219107 8401 
CLU_6265 3143302219352 5000 
CLU_6265 3143303180182 2914 
CLU_6265 3143302150050 2395 
CLU_6265 3143302150042 2022 
CLU_6265 3143302219085 2023 
CLU_6265 3143309812032 1929 
CLU_6265 3143302149915 1844 
CLU_6265 3143307299079 3670 
CLU_6265 3143302150018 3139 
CLU_6265 3143302218984 1958 
CLU_6265 3143306065295 2019 
CLU_6265 3143302219069 7970 
CLU_6265 3143306629296 2543 
CLU_6265 3143302149923 1844 
CLU_6265 3143306065341 2970 
CLU_6265 3143306329705 2213 
CLU_6265 3143306297943 9382 
CLU_6265 3143305212626 9382 
CLU_6265 3143307780621 4950 
CLU_6265 3143303180166 5087 
CLU_6265 3143302149893 1263 
CLU_6265 3143309251553 4719 
CLU_6265 3143302150026 6280 
CLU_6265 3143300550108 2639 
CLU_6265 3143303413578 24418 
CLU_6265 3143306329632 9071 
CLU_6265 3143305212588 11653 
CLU_6265 3143309812083 2099 
CLU_6265 3143306023282 3823 
CLU_6265 3143302218968 6127 
CLU_6265 3143309772227 913 
CLU_6265 3143302203480 4938 
CLU_6265 3143302150085 3670 
CLU_6265 3143300211826 8631 
CLU_6265 3143302149931 6147 
CLU_6265 3143309352511 531 
CLU_6265 3143309690905 5223 
CLU_6265 3143307608756 3308 
CLU_6265 3143306409911 2639 
CLU_6265 3143307780907 7885 
CLU_6265 3143309936424 5974 
CLU_6265 3143309812075 3314 
CLU_6265 3143303688100 3846 
CLU_6265 3143303180115 2702 
CLU_6265 3143305302854 2334 
CLU_6265 3143302219212 1379 
CLU_6265 3143302149958 7147 
CLU_6265 3143307951345 2666 
CLU_6265 3143302219077 5324 
CLU_6265 3143302219344 7970 
CLU_6265 3143307607660 7764 
CLU_6265 3143302150069 1739 
CLU_6265 3143307809131 3582 
CLU_6265 3143300186252 8967 
CLU_6265 3143307836619 1929 
CLU_6265 3143305212545 7639 
CLU_6265 3143302150077 3308 
CLU_6265 3143302150034 3525 
CLU_6265 3143305212529 23968 
CLU_6265 3143302219379 44323 
CLU_6265 3143305212618 23968 
CLU_6265 CLU_6117 46196 
CLU_6265 CLU_6298 4524 
CLU_6265 CLU_6301 16708 
CLU_6265 CLU_6312 7140 
CLU_6265 CLU_6320 7884 
CLU_6265 CLU_6326 8629 
CLU_6265 CLU_6362 3756 
CLU_6265 CLU_6374 7970 
CLU_6265 CLU_6383 3558 
CLU_6265 CLU_6385 3007 
CLU_6265 CLU_6399 7561 
CLU_6265 CLU_6409 42382 
CLU_6265 CLU_6411 19406 
CLU_6265 CLU_6413 44323 
CLU_6265 CLU_6416 23968 
CLU_6265 CLU_6417 63611 
CLU_6266 3143309772235 3589 
CLU_6266 3143309772251 2172 
CLU_6266 3143309812059 3881 
CLU_6266 3143305305063 1973 
CLU_6266 3143307781067 961 
CLU_6266 3143305304997 664 
CLU_6266 3143307831331 245 
CLU_6266 3143300659134 2045 
CLU_6266 3143303180158 4183 
CLU_6266 3143307821506 4270 
CLU_6266 3143302150107 6873 
CLU_6266 3143309775978 4270 
CLU_6266 3143302219107 7706 
CLU_6266 3143302219352 4425 
CLU_6266 3143303180182 3160 
CLU_6266 3143302150050 2914 
CLU_6266 3143302150042 2385 
CLU_6266 3143302219085 2580 
CLU_6266 3143309812032 1222 
CLU_6266 3143302149915 1829 
CLU_6266 3143307299079 4231 
CLU_6266 3143302150018 4031 
CLU_6266 3143302218984 2868 
CLU_6266 3143306065295 2436 
CLU_6266 3143302219069 7602 
CLU_6266 3143306629296 3453 
CLU_6266 3143302149923 2669 
CLU_6266 3143306065341 3814 
CLU_6266 3143306329705 2530 
CLU_6266 3143306297943 9989 
CLU_6266 3143305212626 9989 
CLU_6266 3143307780621 4051 
CLU_6266 3143303180166 4270 
CLU_6266 3143302149893 1965 
CLU_6266 3143309251553 4767 
CLU_6266 3143302150026 6371 
CLU_6266 3143300550108 3468 
CLU_6266 3143303413578 24428 
CLU_6266 3143306329632 8407 
CLU_6266 3143305212588 12286 
CLU_6266 3143309812083 1190 
CLU_6266 3143306023282 3502 
CLU_6266 3143302218968 5269 
CLU_6266 3143309772227 0 
CLU_6266 3143302203480 4631 
CLU_6266 3143302150085 4231 
CLU_6266 3143300211826 8199 
CLU_6266 3143302149931 5766 
CLU_6266 3143309352511 1261 
CLU_6266 3143309690905 5423 
CLU_6266 3143307608756 4219 
CLU_6266 3143306409911 3468 
CLU_6266 3143307780907 7393 
CLU_6266 3143309936424 6179 
CLU_6266 3143309812075 2409 
CLU_6266 3143303688100 2935 
CLU_6266 3143303180115 2172 
CLU_6266 3143305302854 2479 
CLU_6266 3143302219212 1368 
CLU_6266 3143302149958 6456 
CLU_6266 3143307951345 2072 
CLU_6266 3143302219077 5378 
CLU_6266 3143302219344 7602 
CLU_6266 3143307607660 6873 
CLU_6266 3143302150069 2628 
CLU_6266 3143307809131 3796 
CLU_6266 3143300186252 8499 
CLU_6266 3143307836619 1222 
CLU_6266 3143305212545 7556 
CLU_6266 3143302150077 4219 
CLU_6266 3143302150034 4220 
CLU_6266 3143305212529 23274 
CLU_6266 3143302219379 43473 
CLU_6266 3143305212618 23274 
CLU_6266 CLU_6117 45286 
CLU_6266 CLU_6298 5062 
CLU_6266 CLU_6301 17527 
CLU_6266 CLU_6312 6751 
CLU_6266 CLU_6320 7584 
CLU_6266 CLU_6326 8743 
CLU_6266 CLU_6362 2981 
CLU_6266 CLU_6374 7602 
CLU_6266 CLU_6383 4291 
CLU_6266 CLU_6385 2483 
CLU_6266 CLU_6399 7355 
CLU_6266 CLU_6409 41469 
CLU_6266 CLU_6411 18505 
CLU_6266 CLU_6413 43473 
CLU_6266 CLU_6416 23274 
CLU_6266 CLU_6417 62842 
CLU_6267 3143309772235 4647 
CLU_6267 3143309772251 3219 
CLU_6267 3143309812059 5056 
CLU_6267 3143305305063 2616 
CLU_6267 3143307781067 1407 
CLU_6267 3143305304997 1722 
CLU_6267 3143307831331 1473 
CLU_6267 3143300659134 3198 
CLU_6267 3143303180158 5444 
CLU_6267 3143307821506 5523 
CLU_6267 3143302150107 8124 
CLU_6267 3143309775978 5523 
CLU_6267 3143302219107 8895 
CLU_6267 3143302219352 5517 
CLU_6267 3143303180182 3356 
CLU_6267 3143302150050 2733 
CLU_6267 3143302150042 2447 
CLU_6267 3143302219085 2353 
CLU_6267 3143309812032 1998 
CLU_6267 3143302149915 1512 
CLU_6267 3143307299079 3949 
CLU_6267 3143302150018 3041 
CLU_6267 3143302218984 1809 
CLU_6267 3143306065295 1506 
CLU_6267 3143302219069 8501 
CLU_6267 3143306629296 2376 
CLU_6267 3143302149923 1407 
CLU_6267 3143306065341 2553 
CLU_6267 3143306329705 1722 
CLU_6267 3143306297943 8859 
CLU_6267 3143305212626 8859 
CLU_6267 3143307780621 5297 
CLU_6267 3143303180166 5523 
CLU_6267 3143302149893 1546 
CLU_6267 3143309251553 5199 
CLU_6267 3143302150026 6742 
CLU_6267 3143300550108 2207 
CLU_6267 3143303413578 23958 
CLU_6267 3143306329632 9574 
CLU_6267 3143305212588 11832 
CLU_6267 3143309812083 2433 
CLU_6267 3143306023282 4354 
CLU_6267 3143302218968 6530 
CLU_6267 3143309772227 1261 
CLU_6267 3143302203480 5468 
CLU_6267 3143302150085 3949 
CLU_6267 3143300211826 9162 
CLU_6267 3143302149931 6678 
CLU_6267 3143309352511 0 
CLU_6267 3143309690905 5656 
CLU_6267 3143307608756 3044 
CLU_6267 3143306409911 2207 
CLU_6267 3143307780907 8413 
CLU_6267 3143309936424 6401 
CLU_6267 3143309812075 3650 
CLU_6267 3143303688100 4102 
CLU_6267 3143303180115 3219 
CLU_6267 3143305302854 2816 
CLU_6267 3143302219212 1906 
CLU_6267 3143302149958 7641 
CLU_6267 3143307951345 2607 
CLU_6267 3143302219077 5799 
CLU_6267 3143302219344 8501 
CLU_6267 3143307607660 8124 
CLU_6267 3143302150069 1699 
CLU_6267 3143307809131 3099 
CLU_6267 3143300186252 9497 
CLU_6267 3143307836619 1998 
CLU_6267 3143305212545 8138 
CLU_6267 3143302150077 3044 
CLU_6267 3143302150034 3705 
CLU_6267 3143305212529 24465 
CLU_6267 3143302219379 44734 
CLU_6267 3143305212618 24465 
CLU_6267 CLU_6117 46419 
CLU_6267 CLU_6298 3993 
CLU_6267 CLU_6301 16269 
CLU_6267 CLU_6312 7671 
CLU_6267 CLU_6320 8412 
CLU_6267 CLU_6326 9077 
CLU_6267 CLU_6362 4213 
CLU_6267 CLU_6374 8501 
CLU_6267 CLU_6383 3064 
CLU_6267 CLU_6385 2885 
CLU_6267 CLU_6399 8080 
CLU_6267 CLU_6409 42626 
CLU_6267 CLU_6411 19739 
CLU_6267 CLU_6413 44734 
CLU_6267 CLU_6416 24465 
CLU_6267 CLU_6417 64080 
CLU_6268 3143309772235 4503 
CLU_6268 3143309772251 3126 
CLU_6268 3143309812059 4670 
CLU_6268 3143305305063 3001 
CLU_6268 3143307781067 1907 
CLU_6268 3143305304997 1684 
CLU_6268 3143307831331 1007 
CLU_6268 3143300659134 2132 
CLU_6268 3143303180158 4623 
CLU_6268 3143307821506 4847 
CLU_6268 3143302150107 7173 
CLU_6268 3143309775978 4847 
CLU_6268 3143302219107 8428 
CLU_6268 3143302219352 5300 
CLU_6268 3143303180182 4128 
CLU_6268 3143302150050 3747 
CLU_6268 3143302150042 3296 
CLU_6268 3143302219085 3384 
CLU_6268 3143309812032 755 
CLU_6268 3143302149915 867 
CLU_6268 3143307299079 5042 
CLU_6268 3143302150018 4355 
CLU_6268 3143302218984 3122 
CLU_6268 3143306065295 1744 
CLU_6268 3143302219069 8570 
CLU_6268 3143306629296 3682 
CLU_6268 3143302149923 2508 
CLU_6268 3143306065341 3612 
CLU_6268 3143306329705 1732 
CLU_6268 3143306297943 9281 
CLU_6268 3143305212626 9281 
CLU_6268 3143307780621 4359 
CLU_6268 3143303180166 4847 
CLU_6268 3143302149893 2648 
CLU_6268 3143309251553 5790 
CLU_6268 3143302150026 7390 
CLU_6268 3143300550108 3251 
CLU_6268 3143303413578 23398 
CLU_6268 3143306329632 9161 
CLU_6268 3143305212588 13039 
CLU_6268 3143309812083 1662 
CLU_6268 3143306023282 4507 
CLU_6268 3143302218968 5716 
CLU_6268 3143309772227 1030 
CLU_6268 3143302203480 5632 
CLU_6268 3143302150085 5042 
CLU_6268 3143300211826 9136 
CLU_6268 3143302149931 6737 
CLU_6268 3143309352511 1315 
CLU_6268 3143309690905 6417 
CLU_6268 3143307608756 4292 
CLU_6268 3143306409911 3251 
CLU_6268 3143307780907 8299 
CLU_6268 3143309936424 7174 
CLU_6268 3143309812075 2752 
CLU_6268 3143303688100 3010 
CLU_6268 3143303180115 3126 
CLU_6268 3143305302854 3470 
CLU_6268 3143302219212 2370 
CLU_6268 3143302149958 7195 
CLU_6268 3143307951345 1299 
CLU_6268 3143302219077 6401 
CLU_6268 3143302219344 8570 
CLU_6268 3143307607660 7173 
CLU_6268 3143302150069 3006 
CLU_6268 3143307809131 2859 
CLU_6268 3143300186252 9415 
CLU_6268 3143307836619 755 
CLU_6268 3143305212545 8586 
CLU_6268 3143302150077 4292 
CLU_6268 3143302150034 4910 
CLU_6268 3143305212529 23957 
CLU_6268 3143302219379 43849 
CLU_6268 3143305212618 23957 
CLU_6268 CLU_6117 45196 
CLU_6268 CLU_6298 4338 
CLU_6268 CLU_6301 17120 
CLU_6268 CLU_6312 7714 
CLU_6268 CLU_6320 8576 
CLU_6268 CLU_6326 9761 
CLU_6268 CLU_6362 3677 
CLU_6268 CLU_6374 8570 
CLU_6268 CLU_6383 3845 
CLU_6268 CLU_6385 1621 
CLU_6268 CLU_6399 8371 
CLU_6268 CLU_6409 41427 
CLU_6268 CLU_6411 18688 
CLU_6268 CLU_6413 43849 
CLU_6268 CLU_6416 23957 
CLU_6268 CLU_6417 63396 
CLU_6269 3143309772235 4183 
CLU_6269 3143309772251 2909 
CLU_6269 3143309812059 4214 
CLU_6269 3143305305063 3071 
CLU_6269 3143307781067 2182 
CLU_6269 3143305304997 1718 
CLU_6269 3143307831331 1045 
CLU_6269 3143300659134 1410 
CLU_6269 3143303180158 3959 
CLU_6269 3143307821506 4243 
CLU_6269 3143302150107 6450 
CLU_6269 3143309775978 4243 
CLU_6269 3143302219107 7882 
CLU_6269 3143302219352 4919 
CLU_6269 3143303180182 4353 
CLU_6269 3143302150050 4134 
CLU_6269 3143302150042 3605 
CLU_6269 3143302219085 3796 
CLU_6269 3143309812032 0 
CLU_6269 3143302149915 1448 
CLU_6269 3143307299079 5450 
CLU_6269 3143302150018 5023 
CLU_6269 3143302218984 3801 
CLU_6269 3143306065295 2447 
CLU_6269 3143302219069 8292 
CLU_6269 3143306629296 4374 
CLU_6269 3143302149923 3258 
CLU_6269 3143306065341 4367 
CLU_6269 3143306329705 2386 
CLU_6269 3143306297943 9903 
CLU_6269 3143305212626 9903 
CLU_6269 3143307780621 3652 
CLU_6269 3143303180166 4243 
CLU_6269 3143302149893 3137 
CLU_6269 3143309251553 5855 
CLU_6269 3143302150026 7464 
CLU_6269 3143300550108 4006 
CLU_6269 3143303413578 23511 
CLU_6269 3143306329632 8635 
CLU_6269 3143305212588 13501 
CLU_6269 3143309812083 1181 
CLU_6269 3143306023282 4355 
CLU_6269 3143302218968 5045 
CLU_6269 3143309772227 1222 
CLU_6269 3143302203480 5452 
CLU_6269 3143302150085 5450 
CLU_6269 3143300211826 8801 
CLU_6269 3143302149931 6476 
CLU_6269 3143309352511 1998 
CLU_6269 3143309690905 6576 
CLU_6269 3143307608756 5022 
CLU_6269 3143306409911 4006 
CLU_6269 3143307780907 7926 
CLU_6269 3143309936424 7329 
CLU_6269 3143309812075 2091 
CLU_6269 3143303688100 2267 
CLU_6269 3143303180115 2909 
CLU_6269 3143305302854 3657 
CLU_6269 3143302219212 2551 
CLU_6269 3143302149958 6669 
CLU_6269 3143307951345 872 
CLU_6269 3143302219077 6461 
CLU_6269 3143302219344 8292 
CLU_6269 3143307607660 6450 
CLU_6269 3143302150069 3643 
CLU_6269 3143307809131 3337 
CLU_6269 3143300186252 9049 
CLU_6269 3143307836619 0 
CLU_6269 3143305212545 8523 
CLU_6269 3143302150077 5022 
CLU_6269 3143302150034 5410 
CLU_6269 3143305212529 23360 
CLU_6269 3143302219379 43128 
CLU_6269 3143305212618 23360 
CLU_6269 CLU_6117 44451 
CLU_6269 CLU_6298 4977 
CLU_6269 CLU_6301 17845 
CLU_6269 CLU_6312 7430 
CLU_6269 CLU_6320 8350 
CLU_6269 CLU_6326 9833 
CLU_6269 CLU_6362 3173 
CLU_6269 CLU_6374 8292 
CLU_6269 CLU_6383 4582 
CLU_6269 CLU_6385 1313 
CLU_6269 CLU_6399 8219 
CLU_6269 CLU_6409 40677 
CLU_6269 CLU_6411 17938 
CLU_6269 CLU_6413 43128 
CLU_6269 CLU_6416 23360 
CLU_6269 CLU_6417 62729 
CLU_6270 3143309772235 5365 
CLU_6270 3143309772251 3977 
CLU_6270 3143309812059 5535 
CLU_6270 3143305305063 3749 
CLU_6270 3143307781067 2575 
CLU_6270 3143305304997 2493 
CLU_6270 3143307831331 1854 
CLU_6270 3143300659134 2852 
CLU_6270 3143303180158 5407 
CLU_6270 3143307821506 5672 
CLU_6270 3143302150107 7875 
CLU_6270 3143309775978 5672 
CLU_6270 3143302219107 9279 
CLU_6270 3143302219352 6167 
CLU_6270 3143303180182 4747 
CLU_6270 3143302150050 4221 
CLU_6270 3143302150042 3865 
CLU_6270 3143302219085 3844 
CLU_6270 3143309812032 1448 
CLU_6270 3143302149915 0 
CLU_6270 3143307299079 5459 
CLU_6270 3143302150018 4347 
CLU_6270 3143302218984 3129 
CLU_6270 3143306065295 1061 
CLU_6270 3143302219069 9420 
CLU_6270 3143306629296 3628 
CLU_6270 3143302149923 2227 
CLU_6270 3143306065341 3201 
CLU_6270 3143306329705 945 
CLU_6270 3143306297943 8459 
CLU_6270 3143305212626 8459 
CLU_6270 3143307780621 5095 
CLU_6270 3143303180166 5672 
CLU_6270 3143302149893 3048 
CLU_6270 3143309251553 6499 
CLU_6270 3143302150026 8084 
CLU_6270 3143300550108 2850 
CLU_6270 3143303413578 22640 
CLU_6270 3143306329632 10017 
CLU_6270 3143305212588 13323 
CLU_6270 3143309812083 2512 
CLU_6270 3143306023282 5331 
CLU_6270 3143302218968 6493 
CLU_6270 3143309772227 1829 
CLU_6270 3143302203480 6460 
CLU_6270 3143302150085 5459 
CLU_6270 3143300211826 9996 
CLU_6270 3143302149931 7585 
CLU_6270 3143309352511 1512 
CLU_6270 3143309690905 7056 
CLU_6270 3143307608756 4075 
CLU_6270 3143306409911 2850 
CLU_6270 3143307780907 9164 
CLU_6270 3143309936424 7809 
CLU_6270 3143309812075 3537 
CLU_6270 3143303688100 3677 
CLU_6270 3143303180115 3977 
CLU_6270 3143305302854 4132 
CLU_6270 3143302219212 3074 
CLU_6270 3143302149958 8051 
CLU_6270 3143307951345 1512 
CLU_6270 3143302219077 7109 
CLU_6270 3143302219344 9420 
CLU_6270 3143307607660 7875 
CLU_6270 3143302150069 3127 
CLU_6270 3143307809131 1992 
CLU_6270 3143300186252 10279 
CLU_6270 3143307836619 1448 
CLU_6270 3143305212545 9355 
CLU_6270 3143302150077 4075 
CLU_6270 3143302150034 5209 
CLU_6270 3143305212529 24790 
CLU_6270 3143302219379 44547 
CLU_6270 3143305212618 24790 
CLU_6270 CLU_6117 45594 
CLU_6270 CLU_6298 3528 
CLU_6270 CLU_6301 16437 
CLU_6270 CLU_6312 8565 
CLU_6270 CLU_6320 9412 
CLU_6270 CLU_6326 10445 
CLU_6270 CLU_6362 4534 
CLU_6270 CLU_6374 9420 
CLU_6270 CLU_6383 3228 
CLU_6270 CLU_6385 1605 
CLU_6270 CLU_6399 9181 
CLU_6270 CLU_6409 41862 
CLU_6270 CLU_6411 19289 
CLU_6270 CLU_6413 44547 
CLU_6270 CLU_6416 24790 
CLU_6270 CLU_6417 64177 
CLU_6271 3143309772235 1488 
CLU_6271 3143309772251 2905 
CLU_6271 3143309812059 1662 
CLU_6271 3143305305063 3629 
CLU_6271 3143307781067 4720 
CLU_6271 3143305304997 4441 
CLU_6271 3143307831331 5005 
CLU_6271 3143300659134 4771 
CLU_6271 3143303180158 3363 
CLU_6271 3143307821506 2673 
CLU_6271 3143302150107 5078 
CLU_6271 3143309775978 2673 
CLU_6271 3143302219107 3307 
CLU_6271 3143302219352 792 
CLU_6271 3143303180182 4043 
CLU_6271 3143302150050 4979 
CLU_6271 3143302150042 4520 
CLU_6271 3143302219085 5069 
CLU_6271 3143309812032 5651 
CLU_6271 3143302149915 6853 
CLU_6271 3143307299079 5509 
CLU_6271 3143302150018 7403 
CLU_6271 3143302218984 6813 
CLU_6271 3143306065295 7493 
CLU_6271 3143302219069 2685 
CLU_6271 3143306629296 7250 
CLU_6271 3143302149923 7319 
CLU_6271 3143306065341 8329 
CLU_6271 3143306329705 7603 
CLU_6271 3143306297943 14953 
CLU_6271 3143305212626 14953 
CLU_6271 3143307780621 3948 
CLU_6271 3143303180166 2673 
CLU_6271 3143302149893 5399 
CLU_6271 3143309251553 3175 
CLU_6271 3143302150026 3993 
CLU_6271 3143300550108 8055 
CLU_6271 3143303413578 29030 
CLU_6271 3143306329632 3775 
CLU_6271 3143305212588 11970 
CLU_6271 3143309812083 4471 
CLU_6271 3143306023282 1928 
CLU_6271 3143302218968 3496 
CLU_6271 3143309772227 5073 
CLU_6271 3143302203480 1308 
CLU_6271 3143302150085 5509 
CLU_6271 3143300211826 3151 
CLU_6271 3143302149931 1056 
CLU_6271 3143309352511 6100 
CLU_6271 3143309690905 4146 
CLU_6271 3143307608756 8164 
CLU_6271 3143306409911 8055 
CLU_6271 3143307780907 2320 
CLU_6271 3143309936424 4526 
CLU_6271 3143309812075 4063 
CLU_6271 3143303688100 4721 
CLU_6271 3143303180115 2905 
CLU_6271 3143305302854 3914 
CLU_6271 3143302219212 4275 
CLU_6271 3143302149958 2225 
CLU_6271 3143307951345 6352 
CLU_6271 3143302219077 3353 
CLU_6271 3143302219344 2685 
CLU_6271 3143307607660 5078 
CLU_6271 3143302150069 6407 
CLU_6271 3143307809131 8845 
CLU_6271 3143300186252 3427 
CLU_6271 3143307836619 5651 
CLU_6271 3143305212545 3831 
CLU_6271 3143302150077 8164 
CLU_6271 3143302150034 6176 
CLU_6271 3143305212529 18576 
CLU_6271 3143302219379 39686 
CLU_6271 3143305212618 18576 
CLU_6271 CLU_6117 43465 
CLU_6271 CLU_6298 10086 
CLU_6271 CLU_6301 21861 
CLU_6271 CLU_6312 1835 
CLU_6271 CLU_6320 2879 
CLU_6271 CLU_6326 5776 
CLU_6271 CLU_6362 2672 
CLU_6271 CLU_6374 2685 
CLU_6271 CLU_6383 9085 
CLU_6271 CLU_6385 6789 
CLU_6271 CLU_6399 3073 
CLU_6271 CLU_6409 39451 
CLU_6271 CLU_6411 15859 
CLU_6271 CLU_6413 39686 
CLU_6271 CLU_6416 18576 
CLU_6271 CLU_6417 58417 
CLU_6272 3143309772235 1778 
CLU_6272 3143309772251 3114 
CLU_6272 3143309812059 2152 
CLU_6272 3143305305063 3680 
CLU_6272 3143307781067 4834 
CLU_6272 3143305304997 4631 
CLU_6272 3143307831331 5237 
CLU_6272 3143300659134 5168 
CLU_6272 3143303180158 3907 
CLU_6272 3143307821506 3222 
CLU_6272 3143302150107 5626 
CLU_6272 3143309775978 3222 
CLU_6272 3143302219107 3611 
CLU_6272 3143302219352 1281 
CLU_6272 3143303180182 3889 
CLU_6272 3143302150050 4865 
CLU_6272 3143302150042 4464 
CLU_6272 3143302219085 4995 
CLU_6272 3143309812032 5955 
CLU_6272 3143302149915 7091 
CLU_6272 3143307299079 5267 
CLU_6272 3143302150018 7303 
CLU_6272 3143302218984 6801 
CLU_6272 3143306065295 7668 
CLU_6272 3143302219069 2337 
CLU_6272 3143306629296 7205 
CLU_6272 3143302149923 7391 
CLU_6272 3143306065341 8360 
CLU_6272 3143306329705 7798 
CLU_6272 3143306297943 15051 
CLU_6272 3143305212626 15051 
CLU_6272 3143307780621 4482 
CLU_6272 3143303180166 3222 
CLU_6272 3143302149893 5403 
CLU_6272 3143309251553 2788 
CLU_6272 3143302150026 3470 
CLU_6272 3143300550108 8103 
CLU_6272 3143303413578 29406 
CLU_6272 3143306329632 3985 
CLU_6272 3143305212588 11473 
CLU_6272 3143309812083 4787 
CLU_6272 3143306023282 1915 
CLU_6272 3143302218968 4059 
CLU_6272 3143309772227 5282 
CLU_6272 3143302203480 1000 
CLU_6272 3143302150085 5267 
CLU_6272 3143300211826 2929 
CLU_6272 3143302149931 548 
CLU_6272 3143309352511 6235 
CLU_6272 3143309690905 3715 
CLU_6272 3143307608756 8114 
CLU_6272 3143306409911 8103 
CLU_6272 3143307780907 2224 
CLU_6272 3143309936424 4042 
CLU_6272 3143309812075 4489 
CLU_6272 3143303688100 5184 
CLU_6272 3143303180115 3114 
CLU_6272 3143305302854 3859 
CLU_6272 3143302219212 4361 
CLU_6272 3143302149958 2636 
CLU_6272 3143307951345 6693 
CLU_6272 3143302219077 2894 
CLU_6272 3143302219344 2337 
CLU_6272 3143307607660 5626 
CLU_6272 3143302150069 6392 
CLU_6272 3143307809131 9075 
CLU_6272 3143300186252 3269 
CLU_6272 3143307836619 5955 
CLU_6272 3143305212545 3272 
CLU_6272 3143302150077 8114 
CLU_6272 3143302150034 5970 
CLU_6272 3143305212529 18646 
CLU_6272 3143302219379 39930 
CLU_6272 3143305212618 18646 
CLU_6272 CLU_6117 43917 
CLU_6272 CLU_6298 10228 
CLU_6272 CLU_6301 21781 
CLU_6272 CLU_6312 1477 
CLU_6272 CLU_6320 2437 
CLU_6272 CLU_6326 5213 
CLU_6272 CLU_6362 3106 
CLU_6272 CLU_6374 2337 
CLU_6272 CLU_6383 9159 
CLU_6272 CLU_6385 7137 
CLU_6272 CLU_6399 2546 
CLU_6272 CLU_6409 39891 
CLU_6272 CLU_6411 16277 
CLU_6272 CLU_6413 39930 
CLU_6272 CLU_6416 18646 
CLU_6272 CLU_6417 58534 
CLU_6273 3143309772235 4634 
CLU_6273 3143309772251 6027 
CLU_6273 3143309812059 4685 
CLU_6273 3143305305063 6590 
CLU_6273 3143307781067 7760 
CLU_6273 3143305304997 7554 
CLU_6273 3143307831331 8143 
CLU_6273 3143300659134 7862 
CLU_6273 3143303180158 6003 
CLU_6273 3143307821506 5324 
CLU_6273 3143302150107 6595 
CLU_6273 3143309775978 5324 
CLU_6273 3143302219107 3071 
CLU_6273 3143302219352 3892 
CLU_6273 3143303180182 6588 
CLU_6273 3143302150050 7595 
CLU_6273 3143302150042 7281 
CLU_6273 3143302219085 7781 
CLU_6273 3143309812032 8801 
CLU_6273 3143302149915 9996 
CLU_6273 3143307299079 7721 
CLU_6273 3143302150018 10012 
CLU_6273 3143302218984 9638 
CLU_6273 3143306065295 10596 
CLU_6273 3143302219069 890 
CLU_6273 3143306629296 10000 
CLU_6273 3143302149923 10296 
CLU_6273 3143306065341 11232 
CLU_6273 3143306329705 10723 
CLU_6273 3143306297943 17961 
CLU_6273 3143305212626 17961 
CLU_6273 3143307780621 6628 
CLU_6273 3143303180166 5324 
CLU_6273 3143302149893 8268 
CLU_6273 3143309251553 5009 
CLU_6273 3143302150026 4742 
CLU_6273 3143300550108 10989 
CLU_6273 3143303413578 32104 
CLU_6273 3143306329632 2769 
CLU_6273 3143305212588 12339 
CLU_6273 3143309812083 7620 
CLU_6273 3143306023282 4822 
CLU_6273 3143302218968 5640 
CLU_6273 3143309772227 8199 
CLU_6273 3143302203480 3760 
CLU_6273 3143302150085 7721 
CLU_6273 3143300211826 0 
CLU_6273 3143302149931 2502 
CLU_6273 3143309352511 9162 
CLU_6273 3143309690905 5605 
CLU_6273 3143307608756 10894 
CLU_6273 3143306409911 10989 
CLU_6273 3143307780907 986 
CLU_6273 3143309936424 5552 
CLU_6273 3143309812075 7121 
CLU_6273 3143303688100 7688 
CLU_6273 3143303180115 6027 
CLU_6273 3143305302854 6690 
CLU_6273 3143302219212 7281 
CLU_6273 3143302149958 3182 
CLU_6273 3143307951345 9487 
CLU_6273 3143302219077 4775 
CLU_6273 3143302219344 890 
CLU_6273 3143307607660 6595 
CLU_6273 3143302150069 9229 
CLU_6273 3143307809131 11986 
CLU_6273 3143300186252 497 
CLU_6273 3143307836619 8801 
CLU_6273 3143305212545 3296 
CLU_6273 3143302150077 10894 
CLU_6273 3143302150034 8489 
CLU_6273 3143305212529 16070 
CLU_6273 3143302219379 37891 
CLU_6273 3143305212618 16070 
CLU_6273 CLU_6117 43102 
CLU_6273 CLU_6298 13156 
CLU_6273 CLU_6301 24452 
CLU_6273 CLU_6312 1526 
CLU_6273 CLU_6320 1442 
CLU_6273 CLU_6326 5201 
CLU_6273 CLU_6362 5749 
CLU_6273 CLU_6374 890 
CLU_6273 CLU_6383 12062 
CLU_6273 CLU_6385 9918 
CLU_6273 CLU_6399 2302 
CLU_6273 CLU_6409 38982 
CLU_6273 CLU_6411 15369 
CLU_6273 CLU_6413 37891 
CLU_6273 CLU_6416 16070 
CLU_6273 CLU_6417 56031 
CLU_6274 3143309772235 2210 
CLU_6274 3143309772251 3587 
CLU_6274 3143309812059 2437 
CLU_6274 3143305305063 4187 
CLU_6274 3143307781067 5334 
CLU_6274 3143305304997 5113 
CLU_6274 3143307831331 5706 
CLU_6274 3143300659134 5545 
CLU_6274 3143303180158 4085 
CLU_6274 3143307821506 3386 
CLU_6274 3143302150107 5564 
CLU_6274 3143309775978 3386 
CLU_6274 3143302219107 3235 
CLU_6274 3143302219352 1571 
CLU_6274 3143303180182 4383 
CLU_6274 3143302150050 5365 
CLU_6274 3143302150042 4972 
CLU_6274 3143302219085 5501 
CLU_6274 3143309812032 6393 
CLU_6274 3143302149915 7559 
CLU_6274 3143307299079 5731 
CLU_6274 3143302150018 7803 
CLU_6274 3143302218984 7310 
CLU_6274 3143306065295 8157 
CLU_6274 3143302219069 1912 
CLU_6274 3143306629296 7713 
CLU_6274 3143302149923 7898 
CLU_6274 3143306065341 8869 
CLU_6274 3143306329705 8281 
CLU_6274 3143306297943 15556 
CLU_6274 3143305212626 15556 
CLU_6274 3143307780621 4683 
CLU_6274 3143303180166 3386 
CLU_6274 3143302149893 5913 
CLU_6274 3143309251553 3183 
CLU_6274 3143302150026 3680 
CLU_6274 3143300550108 8611 
CLU_6274 3143303413578 29802 
CLU_6274 3143306329632 3547 
CLU_6274 3143305212588 11702 
CLU_6274 3143309812083 5217 
CLU_6274 3143306023282 2423 
CLU_6274 3143302218968 4102 
CLU_6274 3143309772227 5758 
CLU_6274 3143302203480 1481 
CLU_6274 3143302150085 5731 
CLU_6274 3143300211826 2441 
CLU_6274 3143302149931 454 
CLU_6274 3143309352511 6731 
CLU_6274 3143309690905 4060 
CLU_6274 3143307608756 8621 
CLU_6274 3143306409911 8611 
CLU_6274 3143307780907 1715 
CLU_6274 3143309936424 4317 
CLU_6274 3143309812075 4841 
CLU_6274 3143303688100 5498 
CLU_6274 3143303180115 3587 
CLU_6274 3143305302854 4367 
CLU_6274 3143302219212 4864 
CLU_6274 3143302149958 2375 
CLU_6274 3143307951345 7111 
CLU_6274 3143302219077 3216 
CLU_6274 3143302219344 1912 
CLU_6274 3143307607660 5564 
CLU_6274 3143302150069 6901 
CLU_6274 3143307809131 9547 
CLU_6274 3143300186252 2766 
CLU_6274 3143307836619 6393 
CLU_6274 3143305212545 3216 
CLU_6274 3143302150077 8621 
CLU_6274 3143302150034 6446 
CLU_6274 3143305212529 18146 
CLU_6274 3143302219379 39486 
CLU_6274 3143305212618 18146 
CLU_6274 CLU_6117 43640 
CLU_6274 CLU_6298 10725 
CLU_6274 CLU_6301 22282 
CLU_6274 CLU_6312 1057 
CLU_6274 CLU_6320 2105 
CLU_6274 CLU_6326 5226 
CLU_6274 CLU_6362 3451 
CLU_6274 CLU_6374 1912 
CLU_6274 CLU_6383 9666 
CLU_6274 CLU_6385 7551 
CLU_6274 CLU_6399 2370 
CLU_6274 CLU_6409 39598 
CLU_6274 CLU_6411 15966 
CLU_6274 CLU_6413 39486 
CLU_6274 CLU_6416 18146 
CLU_6274 CLU_6417 58043 
CLU_6275 3143309772235 3414 
CLU_6275 3143309772251 3792 
CLU_6275 3143309812059 4295 
CLU_6275 3143305305063 3408 
CLU_6275 3143307781067 4534 
CLU_6275 3143305304997 4762 
CLU_6275 3143307831331 5466 
CLU_6275 3143300659134 6291 
CLU_6275 3143303180158 6120 
CLU_6275 3143307821506 5546 
CLU_6275 3143302150107 8327 
CLU_6275 3143309775978 5546 
CLU_6275 3143302219107 6450 
CLU_6275 3143302219352 3686 
CLU_6275 3143303180182 2482 
CLU_6275 3143302150050 3385 
CLU_6275 3143302150042 3390 
CLU_6275 3143302219085 3698 
CLU_6275 3143309812032 6461 
CLU_6275 3143302149915 7109 
CLU_6275 3143307299079 3067 
CLU_6275 3143302150018 5570 
CLU_6275 3143302218984 5545 
CLU_6275 3143306065295 7295 
CLU_6275 3143302219069 3892 
CLU_6275 3143306629296 5749 
CLU_6275 3143302149923 6505 
CLU_6275 3143306065341 7185 
CLU_6275 3143306329705 7521 
CLU_6275 3143306297943 13961 
CLU_6275 3143305212626 13961 
CLU_6275 3143307780621 6563 
CLU_6275 3143303180166 5546 
CLU_6275 3143302149893 4428 
CLU_6275 3143309251553 611 
CLU_6275 3143302150026 1004 
CLU_6275 3143300550108 7030 
CLU_6275 3143303413578 29740 
CLU_6275 3143306329632 6710 
CLU_6275 3143305212588 8635 
CLU_6275 3143309812083 5527 
CLU_6275 3143306023282 2504 
CLU_6275 3143302218968 6610 
CLU_6275 3143309772227 5378 
CLU_6275 3143302203480 2100 
CLU_6275 3143302150085 3067 
CLU_6275 3143300211826 4775 
CLU_6275 3143302149931 2799 
CLU_6275 3143309352511 5799 
CLU_6275 3143309690905 858 
CLU_6275 3143307608756 6562 
CLU_6275 3143306409911 7030 
CLU_6275 3143307780907 4565 
CLU_6275 3143309936424 1198 
CLU_6275 3143309812075 5867 
CLU_6275 3143303688100 6697 
CLU_6275 3143303180115 3792 
CLU_6275 3143305302854 2990 
CLU_6275 3143302219212 4040 
CLU_6275 3143302149958 5530 
CLU_6275 3143307951345 7327 
CLU_6275 3143302219077 0 
CLU_6275 3143302219344 3892 
CLU_6275 3143307607660 8327 
CLU_6275 3143302150069 5164 
CLU_6275 3143307809131 8898 
CLU_6275 3143300186252 5256 
CLU_6275 3143307836619 6461 
CLU_6275 3143305212545 2446 
CLU_6275 3143302150077 6562 
CLU_6275 3143302150034 3860 
CLU_6275 3143305212529 20838 
CLU_6275 3143302219379 42562 
CLU_6275 3143305212618 20838 
CLU_6275 CLU_6117 46809 
CLU_6275 CLU_6298 9515 
CLU_6275 CLU_6301 19804 
CLU_6275 CLU_6312 3408 
CLU_6275 CLU_6320 3472 
CLU_6275 CLU_6326 3372 
CLU_6275 CLU_6362 4769 
CLU_6275 CLU_6374 3892 
CLU_6275 CLU_6383 8154 
CLU_6275 CLU_6385 7774 
CLU_6275 CLU_6399 2780 
CLU_6275 CLU_6409 42785 
CLU_6275 CLU_6411 19168 
CLU_6275 CLU_6413 42562 
CLU_6275 CLU_6416 20838 
CLU_6275 CLU_6417 60802 
CLU_6276 3143309772235 4207 
CLU_6276 3143309772251 4555 
CLU_6276 3143309812059 5081 
CLU_6276 3143305305063 4083 
CLU_6276 3143307781067 5151 
CLU_6276 3143305304997 5440 
CLU_6276 3143307831331 6139 
CLU_6276 3143300659134 7049 
CLU_6276 3143303180158 6912 
CLU_6276 3143307821506 6331 
CLU_6276 3143302150107 9084 
CLU_6276 3143309775978 6331 
CLU_6276 3143302219107 7043 
CLU_6276 3143302219352 4449 
CLU_6276 3143303180182 2993 
CLU_6276 3143302150050 3784 
CLU_6276 3143302150042 3906 
CLU_6276 3143302219085 4130 
CLU_6276 3143309812032 7153 
CLU_6276 3143302149915 7717 
CLU_6276 3143307299079 3189 
CLU_6276 3143302150018 5764 
CLU_6276 3143302218984 5900 
CLU_6276 3143306065295 7825 
CLU_6276 3143302219069 4201 
CLU_6276 3143306629296 6033 
CLU_6276 3143302149923 6933 
CLU_6276 3143306065341 7518 
CLU_6276 3143306329705 8067 
CLU_6276 3143306297943 14239 
CLU_6276 3143305212626 14239 
CLU_6276 3143307780621 7358 
CLU_6276 3143303180166 6331 
CLU_6276 3143302149893 4906 
CLU_6276 3143309251553 1330 
CLU_6276 3143302150026 467 
CLU_6276 3143300550108 7397 
CLU_6276 3143303413578 30308 
CLU_6276 3143306329632 7239 
CLU_6276 3143305212588 7907 
CLU_6276 3143309812083 6260 
CLU_6276 3143306023282 3297 
CLU_6276 3143302218968 7383 
CLU_6276 3143309772227 6034 
CLU_6276 3143302203480 2854 
CLU_6276 3143302150085 3189 
CLU_6276 3143300211826 5091 
CLU_6276 3143302149931 3395 
CLU_6276 3143309352511 6350 
CLU_6276 3143309690905 763 
CLU_6276 3143307608756 6791 
CLU_6276 3143306409911 7397 
CLU_6276 3143307780907 5021 
CLU_6276 3143309936424 486 
CLU_6276 3143309812075 6645 
CLU_6276 3143303688100 7478 
CLU_6276 3143303180115 4555 
CLU_6276 3143305302854 3586 
CLU_6276 3143302219212 4675 
CLU_6276 3143302149958 6192 
CLU_6276 3143307951345 8023 
CLU_6276 3143302219077 794 
CLU_6276 3143302219344 4201 
CLU_6276 3143307607660 9084 
CLU_6276 3143302150069 5542 
CLU_6276 3143307809131 9443 
CLU_6276 3143300186252 5585 
CLU_6276 3143307836619 7153 
CLU_6276 3143305212545 2288 
CLU_6276 3143302150077 6791 
CLU_6276 3143302150034 3969 
CLU_6276 3143305212529 21073 
CLU_6276 3143302219379 42970 
CLU_6276 3143305212618 21073 
CLU_6276 CLU_6117 47473 
CLU_6276 CLU_6298 9933 
CLU_6276 CLU_6301 19760 
CLU_6276 CLU_6312 3855 
CLU_6276 CLU_6320 3699 
CLU_6276 CLU_6326 2729 
CLU_6276 CLU_6362 5563 
CLU_6276 CLU_6374 4201 
CLU_6276 CLU_6383 8517 
CLU_6276 CLU_6385 8466 
CLU_6276 CLU_6399 2904 
CLU_6276 CLU_6409 43433 
CLU_6276 CLU_6411 19800 
CLU_6276 CLU_6413 42970 
CLU_6276 CLU_6416 21073 
CLU_6276 CLU_6417 61036 
CLU_6277 3143309772235 4698 
CLU_6277 3143309772251 4010 
CLU_6277 3143309812059 5588 
CLU_6277 3143305305063 2916 
CLU_6277 3143307781067 3283 
CLU_6277 3143305304997 3892 
CLU_6277 3143307831331 4433 
CLU_6277 3143300659134 5974 
CLU_6277 3143303180158 7025 
CLU_6277 3143307821506 6689 
CLU_6277 3143302150107 9679 
CLU_6277 3143309775978 6689 
CLU_6277 3143302219107 8817 
CLU_6277 3143302219352 5421 
CLU_6277 3143303180182 1620 
CLU_6277 3143302150050 1317 
CLU_6277 3143302150042 1911 
CLU_6277 3143302219085 1660 
CLU_6277 3143309812032 5450 
CLU_6277 3143302149915 5459 
CLU_6277 3143307299079 0 
CLU_6277 3143302150018 2579 
CLU_6277 3143302218984 2911 
CLU_6277 3143306065295 5229 
CLU_6277 3143302219069 6864 
CLU_6277 3143306629296 2919 
CLU_6277 3143302149923 4066 
CLU_6277 3143306065341 4440 
CLU_6277 3143306329705 5516 
CLU_6277 3143306297943 11073 
CLU_6277 3143305212626 11073 
CLU_6277 3143307780621 7235 
CLU_6277 3143303180166 6689 
CLU_6277 3143302149893 2416 
CLU_6277 3143309251553 2715 
CLU_6277 3143302150026 3656 
CLU_6277 3143300550108 4375 
CLU_6277 3143303413578 27598 
CLU_6277 3143306329632 9250 
CLU_6277 3143305212588 8061 
CLU_6277 3143309812083 5019 
CLU_6277 3143306023282 3729 
CLU_6277 3143302218968 7871 
CLU_6277 3143309772227 4231 
CLU_6277 3143302203480 4268 
CLU_6277 3143302150085 0 
CLU_6277 3143300211826 7721 
CLU_6277 3143302149931 5422 
CLU_6277 3143309352511 3949 
CLU_6277 3143309690905 2433 
CLU_6277 3143307608756 3617 
CLU_6277 3143306409911 4375 
CLU_6277 3143307780907 7338 
CLU_6277 3143309936424 3002 
CLU_6277 3143309812075 5925 
CLU_6277 3143303688100 6708 
CLU_6277 3143303180115 4010 
CLU_6277 3143305302854 2181 
CLU_6277 3143302219212 3035 
CLU_6277 3143302149958 7688 
CLU_6277 3143307951345 6276 
CLU_6277 3143302219077 3067 
CLU_6277 3143302219344 6864 
CLU_6277 3143307607660 9679 
CLU_6277 3143302150069 2628 
CLU_6277 3143307809131 6836 
CLU_6277 3143300186252 8179 
CLU_6277 3143307836619 5450 
CLU_6277 3143305212545 5437 
CLU_6277 3143302150077 3617 
CLU_6277 3143302150034 793 
CLU_6277 3143305212529 23777 
CLU_6277 3143302219379 45190 
CLU_6277 3143305212618 23777 
CLU_6277 CLU_6117 48509 
CLU_6277 CLU_6298 6964 
CLU_6277 CLU_6301 16757 
CLU_6277 CLU_6312 6250 
CLU_6277 CLU_6320 6504 
CLU_6277 CLU_6326 5672 
CLU_6277 CLU_6362 5451 
CLU_6277 CLU_6374 6864 
CLU_6277 CLU_6383 5468 
CLU_6277 CLU_6385 6652 
CLU_6277 CLU_6399 5845 
CLU_6277 CLU_6409 44575 
CLU_6277 CLU_6411 21140 
CLU_6277 CLU_6413 45190 
CLU_6277 CLU_6416 23777 
CLU_6277 CLU_6417 63722 
CLU_6278 3143309772235 4558 
CLU_6278 3143309772251 3455 
CLU_6278 3143309812059 5316 
CLU_6278 3143305305063 2314 
CLU_6278 3143307781067 2073 
CLU_6278 3143305304997 2767 
CLU_6278 3143307831331 3150 
CLU_6278 3143300659134 4866 
CLU_6278 3143303180158 6412 
CLU_6278 3143307821506 6224 
CLU_6278 3143302150107 9155 
CLU_6278 3143309775978 6224 
CLU_6278 3143302219107 8934 
CLU_6278 3143302219352 5405 
CLU_6278 3143303180182 1797 
CLU_6278 3143302150050 788 
CLU_6278 3143302150042 1218 
CLU_6278 3143302219085 656 
CLU_6278 3143309812032 4093 
CLU_6278 3143302149915 3908 
CLU_6278 3143307299079 1599 
CLU_6278 3143302150018 1687 
CLU_6278 3143302218984 1419 
CLU_6278 3143306065295 3629 
CLU_6278 3143302219069 7584 
CLU_6278 3143306629296 1638 
CLU_6278 3143302149923 2501 
CLU_6278 3143306065341 3050 
CLU_6278 3143306329705 3918 
CLU_6278 3143306297943 9826 
CLU_6278 3143305212626 9826 
CLU_6278 3143307780621 6492 
CLU_6278 3143303180166 6224 
CLU_6278 3143302149893 956 
CLU_6278 3143309251553 3626 
CLU_6278 3143302150026 4928 
CLU_6278 3143300550108 2915 
CLU_6278 3143303413578 26026 
CLU_6278 3143306329632 9478 
CLU_6278 3143305212588 9457 
CLU_6278 3143309812083 3912 
CLU_6278 3143306023282 3789 
CLU_6278 3143302218968 7385 
CLU_6278 3143309772227 2919 
CLU_6278 3143302203480 4664 
CLU_6278 3143302150085 1599 
CLU_6278 3143300211826 8380 
CLU_6278 3143302149931 5920 
CLU_6278 3143309352511 2397 
CLU_6278 3143309690905 3724 
CLU_6278 3143307608756 2515 
CLU_6278 3143306409911 2915 
CLU_6278 3143307780907 7832 
CLU_6278 3143309936424 4402 
CLU_6278 3143309812075 4993 
CLU_6278 3143303688100 5693 
CLU_6278 3143303180115 3455 
CLU_6278 3143305302854 1811 
CLU_6278 3143302219212 2049 
CLU_6278 3143302149958 7721 
CLU_6278 3143307951345 4864 
CLU_6278 3143302219077 4137 
CLU_6278 3143302219344 7584 
CLU_6278 3143307607660 9155 
CLU_6278 3143302150069 1071 
CLU_6278 3143307809131 5237 
CLU_6278 3143300186252 8797 
CLU_6278 3143307836619 4093 
CLU_6278 3143305212545 6583 
CLU_6278 3143302150077 2515 
CLU_6278 3143302150034 1326 
CLU_6278 3143305212529 24271 
CLU_6278 3143302219379 45265 
CLU_6278 3143305212618 24271 
CLU_6278 CLU_6117 47903 
CLU_6278 CLU_6298 5467 
CLU_6278 CLU_6301 16155 
CLU_6278 CLU_6312 6857 
CLU_6278 CLU_6320 7331 
CLU_6278 CLU_6326 7118 
CLU_6278 CLU_6362 4880 
CLU_6278 CLU_6374 7584 
CLU_6278 CLU_6383 4037 
CLU_6278 CLU_6385 5205 
CLU_6278 CLU_6399 6797 
CLU_6278 CLU_6409 44027 
CLU_6278 CLU_6411 20782 
CLU_6278 CLU_6413 45265 
CLU_6278 CLU_6416 24271 
CLU_6278 CLU_6417 64134 
CLU_6279 3143309772235 5369 
CLU_6279 3143309772251 4216 
CLU_6279 3143309812059 6105 
CLU_6279 3143305305063 3097 
CLU_6279 3143307781067 2649 
CLU_6279 3143305304997 3347 
CLU_6279 3143307831331 3604 
CLU_6279 3143300659134 5385 
CLU_6279 3143303180158 7116 
CLU_6279 3143307821506 6969 
CLU_6279 3143302150107 9867 
CLU_6279 3143309775978 6969 
CLU_6279 3143302219107 9754 
CLU_6279 3143302219352 6223 
CLU_6279 3143303180182 2603 
CLU_6279 3143302150050 1597 
CLU_6279 3143302150042 2035 
CLU_6279 3143302219085 1477 
CLU_6279 3143309812032 4444 
CLU_6279 3143302149915 3985 
CLU_6279 3143307299079 2009 
CLU_6279 3143302150018 864 
CLU_6279 3143302218984 974 
CLU_6279 3143306065295 3488 
CLU_6279 3143302219069 8387 
CLU_6279 3143306629296 917 
CLU_6279 3143302149923 2168 
CLU_6279 3143306065341 2432 
CLU_6279 3143306329705 3795 
CLU_6279 3143306297943 9126 
CLU_6279 3143305212626 9126 
CLU_6279 3143307780621 7154 
CLU_6279 3143303180166 6969 
CLU_6279 3143302149893 1480 
CLU_6279 3143309251553 4371 
CLU_6279 3143302150026 5576 
CLU_6279 3143300550108 2374 
CLU_6279 3143303413578 25643 
CLU_6279 3143306329632 10304 
CLU_6279 3143305212588 9359 
CLU_6279 3143309812083 4457 
CLU_6279 3143306023282 4616 
CLU_6279 3143302218968 8116 
CLU_6279 3143309772227 3360 
CLU_6279 3143302203480 5487 
CLU_6279 3143302150085 2009 
CLU_6279 3143300211826 9191 
CLU_6279 3143302149931 6740 
CLU_6279 3143309352511 2543 
CLU_6279 3143309690905 4353 
CLU_6279 3143307608756 1724 
CLU_6279 3143306409911 2374 
CLU_6279 3143307780907 8655 
CLU_6279 3143309936424 4983 
CLU_6279 3143309812075 5601 
CLU_6279 3143303688100 6248 
CLU_6279 3143303180115 4216 
CLU_6279 3143305302854 2634 
CLU_6279 3143302219212 2739 
CLU_6279 3143302149958 8536 
CLU_6279 3143307951345 5137 
CLU_6279 3143302219077 4849 
CLU_6279 3143302219344 8387 
CLU_6279 3143307607660 9867 
CLU_6279 3143302150069 858 
CLU_6279 3143307809131 5020 
CLU_6279 3143300186252 9612 
CLU_6279 3143307836619 4444 
CLU_6279 3143305212545 7288 
CLU_6279 3143302150077 1724 
CLU_6279 3143302150034 1406 
CLU_6279 3143305212529 25098 
CLU_6279 3143302219379 46069 
CLU_6279 3143305212618 25098 
CLU_6279 CLU_6117 48550 
CLU_6279 CLU_6298 4966 
CLU_6279 CLU_6301 15328 
CLU_6279 CLU_6312 7670 
CLU_6279 CLU_6320 8117 
CLU_6279 CLU_6326 7675 
CLU_6279 CLU_6362 5614 
CLU_6279 CLU_6374 8387 
CLU_6279 CLU_6383 3459 
CLU_6279 CLU_6385 5429 
CLU_6279 CLU_6399 7557 
CLU_6279 CLU_6409 44695 
CLU_6279 CLU_6411 21514 
CLU_6279 CLU_6413 46069 
CLU_6279 CLU_6416 25098 
CLU_6279 CLU_6417 64961 
CLU_6280 3143309772235 5145 
CLU_6280 3143309772251 3903 
CLU_6280 3143309812059 5823 
CLU_6280 3143305305063 2839 
CLU_6280 3143307781067 2200 
CLU_6280 3143305304997 2883 
CLU_6280 3143307831331 3075 
CLU_6280 3143300659134 4870 
CLU_6280 3143303180158 6715 
CLU_6280 3143307821506 6614 
CLU_6280 3143302150107 9466 
CLU_6280 3143309775978 6614 
CLU_6280 3143302219107 9547 
CLU_6280 3143302219352 6017 
CLU_6280 3143303180182 2632 
CLU_6280 3143302150050 1643 
CLU_6280 3143302150042 1898 
CLU_6280 3143302219085 1394 
CLU_6280 3143309812032 3877 
CLU_6280 3143302149915 3395 
CLU_6280 3143307299079 2395 
CLU_6280 3143302150018 1220 
CLU_6280 3143302218984 533 
CLU_6280 3143306065295 2931 
CLU_6280 3143302219069 8395 
CLU_6280 3143306629296 848 
CLU_6280 3143302149923 1674 
CLU_6280 3143306065341 2166 
CLU_6280 3143306329705 3235 
CLU_6280 3143306297943 8952 
CLU_6280 3143305212626 8952 
CLU_6280 3143307780621 6715 
CLU_6280 3143303180166 6614 
CLU_6280 3143302149893 1082 
CLU_6280 3143309251553 4498 
CLU_6280 3143302150026 5814 
CLU_6280 3143300550108 2030 
CLU_6280 3143303413578 25203 
CLU_6280 3143306329632 10129 
CLU_6280 3143305212588 9941 
CLU_6280 3143309812083 3960 
CLU_6280 3143306023282 4477 
CLU_6280 3143302218968 7740 
CLU_6280 3143309772227 2830 
CLU_6280 3143302203480 5426 
CLU_6280 3143302150085 2395 
CLU_6280 3143300211826 9172 
CLU_6280 3143302149931 6689 
CLU_6280 3143309352511 1955 
CLU_6280 3143309690905 4609 
CLU_6280 3143307608756 1763 
CLU_6280 3143306409911 2030 
CLU_6280 3143307780907 8582 
CLU_6280 3143309936424 5280 
CLU_6280 3143309812075 5131 
CLU_6280 3143303688100 5746 
CLU_6280 3143303180115 3903 
CLU_6280 3143305302854 2502 
CLU_6280 3143302219212 2375 
CLU_6280 3143302149958 8314 
CLU_6280 3143307951345 4554 
CLU_6280 3143302219077 5019 
CLU_6280 3143302219344 8395 
CLU_6280 3143307607660 9466 
CLU_6280 3143302150069 270 
CLU_6280 3143307809131 4493 
CLU_6280 3143300186252 9575 
CLU_6280 3143307836619 3877 
CLU_6280 3143305212545 7465 
CLU_6280 3143302150077 1763 
CLU_6280 3143302150034 1909 
CLU_6280 3143305212529 24978 
CLU_6280 3143302219379 45794 
CLU_6280 3143305212618 24978 
CLU_6280 CLU_6117 48080 
CLU_6280 CLU_6298 4593 
CLU_6280 CLU_6301 15467 
CLU_6280 CLU_6312 7645 
CLU_6280 CLU_6320 8166 
CLU_6280 CLU_6326 7993 
CLU_6280 CLU_6362 5251 
CLU_6280 CLU_6374 8395 
CLU_6280 CLU_6383 3150 
CLU_6280 CLU_6385 4840 
CLU_6280 CLU_6399 7656 
CLU_6280 CLU_6409 44240 
CLU_6280 CLU_6411 21124 
CLU_6280 CLU_6413 45794 
CLU_6280 CLU_6416 24978 
CLU_6280 CLU_6417 64796 
CLU_6281 3143309772235 5509 
CLU_6281 3143309772251 4209 
CLU_6281 3143309812059 6139 
CLU_6281 3143305305063 3205 
CLU_6281 3143307781067 2398 
CLU_6281 3143305304997 3040 
CLU_6281 3143307831331 3112 
CLU_6281 3143300659134 4909 
CLU_6281 3143303180158 6910 
CLU_6281 3143307821506 6858 
CLU_6281 3143302150107 9650 
CLU_6281 3143309775978 6858 
CLU_6281 3143302219107 9908 
CLU_6281 3143302219352 6390 
CLU_6281 3143303180182 3137 
CLU_6281 3143302150050 2163 
CLU_6281 3143302150042 2357 
CLU_6281 3143302219085 1889 
CLU_6281 3143309812032 3801 
CLU_6281 3143302149915 3129 
CLU_6281 3143307299079 2911 
CLU_6281 3143302150018 1236 
CLU_6281 3143302218984 0 
CLU_6281 3143306065295 2537 
CLU_6281 3143302219069 8874 
CLU_6281 3143306629296 585 
CLU_6281 3143302149923 1194 
CLU_6281 3143306065341 1642 
CLU_6281 3143306329705 2846 
CLU_6281 3143306297943 8436 
CLU_6281 3143305212626 8436 
CLU_6281 3143307780621 6863 
CLU_6281 3143303180166 6858 
CLU_6281 3143302149893 1417 
CLU_6281 3143309251553 5018 
CLU_6281 3143302150026 6348 
CLU_6281 3143300550108 1496 
CLU_6281 3143303413578 24695 
CLU_6281 3143306329632 10511 
CLU_6281 3143305212588 10289 
CLU_6281 3143309812083 4043 
CLU_6281 3143306023282 4899 
CLU_6281 3143302218968 7958 
CLU_6281 3143309772227 2868 
CLU_6281 3143302203480 5883 
CLU_6281 3143302150085 2911 
CLU_6281 3143300211826 9638 
CLU_6281 3143302149931 7147 
CLU_6281 3143309352511 1809 
CLU_6281 3143309690905 5143 
CLU_6281 3143307608756 1422 
CLU_6281 3143306409911 1496 
CLU_6281 3143307780907 9025 
CLU_6281 3143309936424 5813 
CLU_6281 3143309812075 5246 
CLU_6281 3143303688100 5803 
CLU_6281 3143303180115 4209 
CLU_6281 3143305302854 2950 
CLU_6281 3143302219212 2665 
CLU_6281 3143302149958 8666 
CLU_6281 3143307951345 4403 
CLU_6281 3143302219077 5545 
CLU_6281 3143302219344 8874 
CLU_6281 3143307607660 9650 
CLU_6281 3143302150069 409 
CLU_6281 3143307809131 4048 
CLU_6281 3143300186252 10034 
CLU_6281 3143307836619 3801 
CLU_6281 3143305212545 7991 
CLU_6281 3143302150077 1422 
CLU_6281 3143302150034 2373 
CLU_6281 3143305212529 25384 
CLU_6281 3143302219379 46084 
CLU_6281 3143305212618 25384 
CLU_6281 CLU_6117 48155 
CLU_6281 CLU_6298 4063 
CLU_6281 CLU_6301 15090 
CLU_6281 CLU_6312 8112 
CLU_6281 CLU_6320 8660 
CLU_6281 CLU_6326 8525 
CLU_6281 CLU_6362 5497 
CLU_6281 CLU_6374 8874 
CLU_6281 CLU_6383 2617 
CLU_6281 CLU_6385 4649 
CLU_6281 CLU_6399 8165 
CLU_6281 CLU_6409 44337 
CLU_6281 CLU_6411 21309 
CLU_6281 CLU_6413 46084 
CLU_6281 CLU_6416 25384 
CLU_6281 CLU_6417 65169 
CLU_6282 3143309772235 5115 
CLU_6282 3143309772251 3833 
CLU_6282 3143309812059 5761 
CLU_6282 3143305305063 2808 
CLU_6282 3143307781067 2064 
CLU_6282 3143305304997 2730 
CLU_6282 3143307831331 2874 
CLU_6282 3143300659134 4673 
CLU_6282 3143303180158 6586 
CLU_6282 3143307821506 6510 
CLU_6282 3143302150107 9333 
CLU_6282 3143309775978 6510 
CLU_6282 3143302219107 9516 
CLU_6282 3143302219352 5994 
CLU_6282 3143303180182 2738 
CLU_6282 3143302150050 1779 
CLU_6282 3143302150042 1948 
CLU_6282 3143302219085 1489 
CLU_6282 3143309812032 3643 
CLU_6282 3143302149915 3127 
CLU_6282 3143307299079 2628 
CLU_6282 3143302150018 1403 
CLU_6282 3143302218984 409 
CLU_6282 3143306065295 2665 
CLU_6282 3143302219069 8465 
CLU_6282 3143306629296 898 
CLU_6282 3143302149923 1438 
CLU_6282 3143306065341 2038 
CLU_6282 3143306329705 2968 
CLU_6282 3143306297943 8834 
CLU_6282 3143305212626 8834 
CLU_6282 3143307780621 6564 
CLU_6282 3143303180166 6510 
CLU_6282 3143302149893 1021 
CLU_6282 3143309251553 4629 
CLU_6282 3143302150026 5984 
CLU_6282 3143300550108 1865 
CLU_6282 3143303413578 24971 
CLU_6282 3143306329632 10113 
CLU_6282 3143305212588 10211 
CLU_6282 3143309812083 3779 
CLU_6282 3143306023282 4492 
CLU_6282 3143302218968 7624 
CLU_6282 3143309772227 2628 
CLU_6282 3143302203480 5473 
CLU_6282 3143302150085 2628 
CLU_6282 3143300211826 9229 
CLU_6282 3143302149931 6737 
CLU_6282 3143309352511 1699 
CLU_6282 3143309690905 4788 
CLU_6282 3143307608756 1793 
CLU_6282 3143306409911 1865 
CLU_6282 3143307780907 8615 
CLU_6282 3143309936424 5473 
CLU_6282 3143309812075 4964 
CLU_6282 3143303688100 5557 
CLU_6282 3143303180115 3833 
CLU_6282 3143305302854 2540 
CLU_6282 3143302219212 2291 
CLU_6282 3143302149958 8276 
CLU_6282 3143307951345 4304 
CLU_6282 3143302219077 5164 
CLU_6282 3143302219344 8465 
CLU_6282 3143307607660 9333 
CLU_6282 3143302150069 0 
CLU_6282 3143307809131 4236 
CLU_6282 3143300186252 9624 
CLU_6282 3143307836619 3643 
CLU_6282 3143305212545 7607 
CLU_6282 3143302150077 1793 
CLU_6282 3143302150034 2171 
CLU_6282 3143305212529 24981 
CLU_6282 3143302219379 45719 
CLU_6282 3143305212618 24981 
CLU_6282 CLU_6117 47903 
CLU_6282 CLU_6298 4397 
CLU_6282 CLU_6301 15484 
CLU_6282 CLU_6312 7702 
CLU_6282 CLU_6320 8254 
CLU_6282 CLU_6326 8189 
CLU_6282 CLU_6362 5147 
CLU_6282 CLU_6374 8465 
CLU_6282 CLU_6383 2989 
CLU_6282 CLU_6385 4583 
CLU_6282 CLU_6399 7766 
CLU_6282 CLU_6409 44072 
CLU_6282 CLU_6411 20993 
CLU_6282 CLU_6413 45719 
CLU_6282 CLU_6416 24981 
CLU_6282 CLU_6417 64775 
CLU_6283 3143309772235 5192 
CLU_6283 3143309772251 3821 
CLU_6283 3143309812059 5739 
CLU_6283 3143305305063 2942 
CLU_6283 3143307781067 1935 
CLU_6283 3143305304997 2500 
CLU_6283 3143307831331 2462 
CLU_6283 3143300659134 4242 
CLU_6283 3143303180158 6357 
CLU_6283 3143307821506 6360 
CLU_6283 3143302150107 9078 
CLU_6283 3143309775978 6360 
CLU_6283 3143302219107 9556 
CLU_6283 3143302219352 6077 
CLU_6283 3143303180182 3206 
CLU_6283 3143302150050 2339 
CLU_6283 3143302150042 2326 
CLU_6283 3143302219085 1992 
CLU_6283 3143309812032 3083 
CLU_6283 3143302149915 2406 
CLU_6283 3143307299079 3336 
CLU_6283 3143302150018 1972 
CLU_6283 3143302218984 736 
CLU_6283 3143306065295 1916 
CLU_6283 3143302219069 8781 
CLU_6283 3143306629296 1292 
CLU_6283 3143302149923 825 
CLU_6283 3143306065341 1767 
CLU_6283 3143306329705 2217 
CLU_6283 3143306297943 8463 
CLU_6283 3143305212626 8463 
CLU_6283 3143307780621 6267 
CLU_6283 3143303180166 6360 
CLU_6283 3143302149893 1276 
CLU_6283 3143309251553 5117 
CLU_6283 3143302150026 6550 
CLU_6283 3143300550108 1488 
CLU_6283 3143303413578 24290 
CLU_6283 3143306329632 10193 
CLU_6283 3143305212588 10956 
CLU_6283 3143309812083 3415 
CLU_6283 3143306023282 4700 
CLU_6283 3143302218968 7425 
CLU_6283 3143309772227 2225 
CLU_6283 3143302203480 5750 
CLU_6283 3143302150085 3336 
CLU_6283 3143300211826 9507 
CLU_6283 3143302149931 7004 
CLU_6283 3143309352511 1085 
CLU_6283 3143309690905 5382 
CLU_6283 3143307608756 1994 
CLU_6283 3143306409911 1488 
CLU_6283 3143307780907 8835 
CLU_6283 3143309936424 6090 
CLU_6283 3143309812075 4631 
CLU_6283 3143303688100 5143 
CLU_6283 3143303180115 3821 
CLU_6283 3143305302854 2860 
CLU_6283 3143302219212 2306 
CLU_6283 3143302149958 8304 
CLU_6283 3143307951345 3668 
CLU_6283 3143302219077 5682 
CLU_6283 3143302219344 8781 
CLU_6283 3143307607660 9078 
CLU_6283 3143302150069 752 
CLU_6283 3143307809131 3502 
CLU_6283 3143300186252 9879 
CLU_6283 3143307836619 3083 
CLU_6283 3143305212545 8105 
CLU_6283 3143302150077 1994 
CLU_6283 3143302150034 2920 
CLU_6283 3143305212529 25091 
CLU_6283 3143302219379 45605 
CLU_6283 3143305212618 25091 
CLU_6283 CLU_6117 47484 
CLU_6283 CLU_6298 3833 
CLU_6283 CLU_6301 15472 
CLU_6283 CLU_6312 7987 
CLU_6283 CLU_6320 8617 
CLU_6283 CLU_6326 8806 
CLU_6283 CLU_6362 5011 
CLU_6283 CLU_6374 8781 
CLU_6283 CLU_6383 2560 
CLU_6283 CLU_6385 3913 
CLU_6283 CLU_6399 8186 
CLU_6283 CLU_6409 43680 
CLU_6283 CLU_6411 20723 
CLU_6283 CLU_6413 45605 
CLU_6283 CLU_6416 25091 
CLU_6283 CLU_6417 64809 
CLU_6284 3143309772235 4772 
CLU_6284 3143309772251 3378 
CLU_6284 3143309812059 5282 
CLU_6284 3143305305063 2575 
CLU_6284 3143307781067 1483 
CLU_6284 3143305304997 2007 
CLU_6284 3143307831331 1954 
CLU_6284 3143300659134 3739 
CLU_6284 3143303180158 5854 
CLU_6284 3143307821506 5869 
CLU_6284 3143302150107 8570 
CLU_6284 3143309775978 5869 
CLU_6284 3143302219107 9110 
CLU_6284 3143302219352 5656 
CLU_6284 3143303180182 3041 
CLU_6284 3143302150050 2285 
CLU_6284 3143302150042 2131 
CLU_6284 3143302219085 1911 
CLU_6284 3143309812032 2614 
CLU_6284 3143302149915 2100 
CLU_6284 3143307299079 3421 
CLU_6284 3143302150018 2411 
CLU_6284 3143302218984 1189 
CLU_6284 3143306065295 1836 
CLU_6284 3143302219069 8462 
CLU_6284 3143306629296 1768 
CLU_6284 3143302149923 1141 
CLU_6284 3143306065341 2212 
CLU_6284 3143306329705 2108 
CLU_6284 3143306297943 8797 
CLU_6284 3143305212626 8797 
CLU_6284 3143307780621 5758 
CLU_6284 3143303180166 5869 
CLU_6284 3143302149893 1110 
CLU_6284 3143309251553 4937 
CLU_6284 3143302150026 6427 
CLU_6284 3143300550108 1902 
CLU_6284 3143303413578 24319 
CLU_6284 3143306329632 9760 
CLU_6284 3143305212588 11223 
CLU_6284 3143309812083 2906 
CLU_6284 3143306023282 4344 
CLU_6284 3143302218968 6925 
CLU_6284 3143309772227 1716 
CLU_6284 3143302203480 5422 
CLU_6284 3143302150085 3421 
CLU_6284 3143300211826 9165 
CLU_6284 3143302149931 6664 
CLU_6284 3143309352511 640 
CLU_6284 3143309690905 5294 
CLU_6284 3143307608756 2503 
CLU_6284 3143306409911 1902 
CLU_6284 3143307780907 8464 
CLU_6284 3143309936424 6024 
CLU_6284 3143309812075 4122 
CLU_6284 3143303688100 4638 
CLU_6284 3143303180115 3378 
CLU_6284 3143305302854 2602 
CLU_6284 3143302219212 1902 
CLU_6284 3143302149958 7857 
CLU_6284 3143307951345 3246 
CLU_6284 3143302219077 5521 
CLU_6284 3143302219344 8462 
CLU_6284 3143307607660 8570 
CLU_6284 3143302150069 1059 
CLU_6284 3143307809131 3462 
CLU_6284 3143300186252 9524 
CLU_6284 3143307836619 2614 
CLU_6284 3143305212545 7913 
CLU_6284 3143302150077 2503 
CLU_6284 3143302150034 3113 
CLU_6284 3143305212529 24661 
CLU_6284 3143302219379 45112 
CLU_6284 3143305212618 24661 
CLU_6284 CLU_6117 46983 
CLU_6284 CLU_6298 4053 
CLU_6284 CLU_6301 15944 
CLU_6284 CLU_6312 7653 
CLU_6284 CLU_6320 8327 
CLU_6284 CLU_6326 8727 
CLU_6284 CLU_6362 4525 
CLU_6284 CLU_6374 8462 
CLU_6284 CLU_6383 2908 
CLU_6284 CLU_6385 3524 
CLU_6284 CLU_6399 7935 
CLU_6284 CLU_6409 43176 
CLU_6284 CLU_6411 20214 
CLU_6284 CLU_6413 45112 
CLU_6284 CLU_6416 24661 
CLU_6284 CLU_6417 64350 
CLU_6285 3143309772235 5665 
CLU_6285 3143309772251 4234 
CLU_6285 3143309812059 5994 
CLU_6285 3143305305063 3709 
CLU_6285 3143307781067 2493 
CLU_6285 3143305304997 2701 
CLU_6285 3143307831331 2255 
CLU_6285 3143300659134 3692 
CLU_6285 3143303180158 6151 
CLU_6285 3143307821506 6323 
CLU_6285 3143302150107 8731 
CLU_6285 3143309775978 6323 
CLU_6285 3143302219107 9816 
CLU_6285 3143302219352 6520 
CLU_6285 3143303180182 4416 
CLU_6285 3143302150050 3706 
CLU_6285 3143302150042 3501 
CLU_6285 3143302219085 3331 
CLU_6285 3143309812032 2303 
CLU_6285 3143302149915 1073 
CLU_6285 3143307299079 4828 
CLU_6285 3143302150018 3373 
CLU_6285 3143302218984 2202 
CLU_6285 3143306065295 418 
CLU_6285 3143302219069 9579 
CLU_6285 3143306629296 2642 
CLU_6285 3143302149923 1172 
CLU_6285 3143306065341 2134 
CLU_6285 3143306329705 687 
CLU_6285 3143306297943 7876 
CLU_6285 3143305212626 7876 
CLU_6285 3143307780621 5912 
CLU_6285 3143303180166 6323 
CLU_6285 3143302149893 2522 
CLU_6285 3143309251553 6282 
CLU_6285 3143302150026 7808 
CLU_6285 3143300550108 1779 
CLU_6285 3143303413578 22909 
CLU_6285 3143306329632 10521 
CLU_6285 3143305212588 12487 
CLU_6285 3143309812083 3133 
CLU_6285 3143306023282 5433 
CLU_6285 3143302218968 7246 
CLU_6285 3143309772227 2113 
CLU_6285 3143302203480 6552 
CLU_6285 3143302150085 4828 
CLU_6285 3143300211826 10225 
CLU_6285 3143302149931 7751 
CLU_6285 3143309352511 1097 
CLU_6285 3143309690905 6697 
CLU_6285 3143307608756 3014 
CLU_6285 3143306409911 1779 
CLU_6285 3143307780907 9455 
CLU_6285 3143309936424 7433 
CLU_6285 3143309812075 4289 
CLU_6285 3143303688100 4569 
CLU_6285 3143303180115 4234 
CLU_6285 3143305302854 3904 
CLU_6285 3143302219212 2998 
CLU_6285 3143302149958 8568 
CLU_6285 3143307951345 2565 
CLU_6285 3143302219077 6878 
CLU_6285 3143302219344 9579 
CLU_6285 3143307607660 8731 
CLU_6285 3143302150069 2294 
CLU_6285 3143307809131 2043 
CLU_6285 3143300186252 10549 
CLU_6285 3143307836619 2303 
CLU_6285 3143305212545 9231 
CLU_6285 3143302150077 3014 
CLU_6285 3143302150034 4458 
CLU_6285 3143305212529 25381 
CLU_6285 3143302219379 45405 
CLU_6285 3143305212618 25381 
CLU_6285 CLU_6117 46647 
CLU_6285 CLU_6298 2955 
CLU_6285 CLU_6301 15564 
CLU_6285 CLU_6312 8744 
CLU_6285 CLU_6320 9502 
CLU_6285 CLU_6326 10127 
CLU_6285 CLU_6362 5077 
CLU_6285 CLU_6374 9579 
CLU_6285 CLU_6383 2285 
CLU_6285 CLU_6385 2678 
CLU_6285 CLU_6399 9177 
CLU_6285 CLU_6409 42904 
CLU_6285 CLU_6411 20241 
CLU_6285 CLU_6413 45405 
CLU_6285 CLU_6416 25381 
CLU_6285 CLU_6417 64902 
CLU_6286 3143309772235 5288 
CLU_6286 3143309772251 3858 
CLU_6286 3143309812059 5678 
CLU_6286 3143305305063 3248 
CLU_6286 3143307781067 2047 
CLU_6286 3143305304997 2348 
CLU_6286 3143307831331 2011 
CLU_6286 3143300659134 3619 
CLU_6286 3143303180158 5978 
CLU_6286 3143307821506 6096 
CLU_6286 3143302150107 8619 
CLU_6286 3143309775978 6096 
CLU_6286 3143302219107 9514 
CLU_6286 3143302219352 6156 
CLU_6286 3143303180182 3897 
CLU_6286 3143302150050 3179 
CLU_6286 3143302150042 2982 
CLU_6286 3143302219085 2804 
CLU_6286 3143309812032 2297 
CLU_6286 3143302149915 1354 
CLU_6286 3143307299079 4310 
CLU_6286 3143302150018 2992 
CLU_6286 3143302218984 1779 
CLU_6286 3143306065295 943 
CLU_6286 3143302219069 9140 
CLU_6286 3143306629296 2274 
CLU_6286 3143302149923 962 
CLU_6286 3143306065341 2077 
CLU_6286 3143306329705 1211 
CLU_6286 3143306297943 8220 
CLU_6286 3143305212626 8220 
CLU_6286 3143307780621 5789 
CLU_6286 3143303180166 6096 
CLU_6286 3143302149893 1995 
CLU_6286 3143309251553 5772 
CLU_6286 3143302150026 7289 
CLU_6286 3143300550108 1717 
CLU_6286 3143303413578 23434 
CLU_6286 3143306329632 10201 
CLU_6286 3143305212588 12027 
CLU_6286 3143309812083 2947 
CLU_6286 3143306023282 4995 
CLU_6286 3143302218968 7070 
CLU_6286 3143309772227 1828 
CLU_6286 3143302203480 6105 
CLU_6286 3143302150085 4310 
CLU_6286 3143300211826 9805 
CLU_6286 3143302149931 7319 
CLU_6286 3143309352511 643 
CLU_6286 3143309690905 6173 
CLU_6286 3143307608756 2775 
CLU_6286 3143306409911 1717 
CLU_6286 3143307780907 9057 
CLU_6286 3143309936424 6908 
CLU_6286 3143309812075 4146 
CLU_6286 3143303688100 4517 
CLU_6286 3143303180115 3858 
CLU_6286 3143305302854 3401 
CLU_6286 3143302219212 2540 
CLU_6286 3143302149958 8261 
CLU_6286 3143307951345 2728 
CLU_6286 3143302219077 6365 
CLU_6286 3143302219344 9140 
CLU_6286 3143307607660 8619 
CLU_6286 3143302150069 1816 
CLU_6286 3143307809131 2570 
CLU_6286 3143300186252 10141 
CLU_6286 3143307836619 2297 
CLU_6286 3143305212545 8730 
CLU_6286 3143302150077 2775 
CLU_6286 3143302150034 3962 
CLU_6286 3143305212529 25085 
CLU_6286 3143302219379 45266 
CLU_6286 3143305212618 25085 
CLU_6286 CLU_6117 46741 
CLU_6286 CLU_6298 3350 
CLU_6286 CLU_6301 15716 
CLU_6286 CLU_6312 8312 
CLU_6286 CLU_6320 9044 
CLU_6286 CLU_6326 9604 
CLU_6286 CLU_6362 4808 
CLU_6286 CLU_6374 9140 
CLU_6286 CLU_6383 2462 
CLU_6286 CLU_6385 2918 
CLU_6286 CLU_6399 8699 
CLU_6286 CLU_6409 42974 
CLU_6286 CLU_6411 20193 
CLU_6286 CLU_6413 45266 
CLU_6286 CLU_6416 25085 
CLU_6286 CLU_6417 64671 
CLU_6287 3143309772235 6015 
CLU_6287 3143309772251 4587 
CLU_6287 3143309812059 6307 
CLU_6287 3143305305063 4107 
CLU_6287 3143307781067 2888 
CLU_6287 3143305304997 3052 
CLU_6287 3143307831331 2553 
CLU_6287 3143300659134 3856 
CLU_6287 3143303180158 6367 
CLU_6287 3143307821506 6577 
CLU_6287 3143302150107 8897 
CLU_6287 3143309775978 6577 
CLU_6287 3143302219107 10113 
CLU_6287 3143302219352 6860 
CLU_6287 3143303180182 4835 
CLU_6287 3143302150050 4121 
CLU_6287 3143302150042 3920 
CLU_6287 3143302219085 3746 
CLU_6287 3143309812032 2447 
CLU_6287 3143302149915 1061 
CLU_6287 3143307299079 5229 
CLU_6287 3143302150018 3664 
CLU_6287 3143302218984 2537 
CLU_6287 3143306065295 0 
CLU_6287 3143302219069 9962 
CLU_6287 3143306629296 2932 
CLU_6287 3143302149923 1419 
CLU_6287 3143306065341 2212 
CLU_6287 3143306329705 310 
CLU_6287 3143306297943 7573 
CLU_6287 3143305212626 7573 
CLU_6287 3143307780621 6094 
CLU_6287 3143303180166 6577 
CLU_6287 3143302149893 2939 
CLU_6287 3143309251553 6699 
CLU_6287 3143302150026 8227 
CLU_6287 3143300550108 1879 
CLU_6287 3143303413578 22490 
CLU_6287 3143306329632 10828 
CLU_6287 3143305212588 12825 
CLU_6287 3143309812083 3381 
CLU_6287 3143306023282 5818 
CLU_6287 3143302218968 7461 
CLU_6287 3143309772227 2436 
CLU_6287 3143302203480 6941 
CLU_6287 3143302150085 5229 
CLU_6287 3143300211826 10596 
CLU_6287 3143302149931 8130 
CLU_6287 3143309352511 1506 
CLU_6287 3143309690905 7116 
CLU_6287 3143307608756 3205 
CLU_6287 3143306409911 1879 
CLU_6287 3143307780907 9814 
CLU_6287 3143309936424 7851 
CLU_6287 3143309812075 4496 
CLU_6287 3143303688100 4708 
CLU_6287 3143303180115 4587 
CLU_6287 3143305302854 4319 
CLU_6287 3143302219212 3396 
CLU_6287 3143302149958 8870 
CLU_6287 3143307951345 2567 
CLU_6287 3143302219077 7295 
CLU_6287 3143302219344 9962 
CLU_6287 3143307607660 8897 
CLU_6287 3143302150069 2665 
CLU_6287 3143307809131 1626 
CLU_6287 3143300186252 10912 
CLU_6287 3143307836619 2447 
CLU_6287 3143305212545 9644 
CLU_6287 3143302150077 3205 
CLU_6287 3143302150034 4836 
CLU_6287 3143305212529 25667 
CLU_6287 3143302219379 45575 
CLU_6287 3143305212618 25667 
CLU_6287 CLU_6117 46635 
CLU_6287 CLU_6298 2632 
CLU_6287 CLU_6301 15399 
CLU_6287 CLU_6312 9122 
CLU_6287 CLU_6320 9894 
CLU_6287 CLU_6326 10546 
CLU_6287 CLU_6362 5362 
CLU_6287 CLU_6374 9962 
CLU_6287 CLU_6383 2166 
CLU_6287 CLU_6385 2608 
CLU_6287 CLU_6399 9580 
CLU_6287 CLU_6409 42912 
CLU_6287 CLU_6411 20346 
CLU_6287 CLU_6413 45575 
CLU_6287 CLU_6416 25667 
CLU_6287 CLU_6417 65139 
CLU_6288 3143309772235 5678 
CLU_6288 3143309772251 4256 
CLU_6288 3143309812059 5944 
CLU_6288 3143305305063 3840 
CLU_6288 3143307781067 2622 
CLU_6288 3143305304997 2723 
CLU_6288 3143307831331 2191 
CLU_6288 3143300659134 3463 
CLU_6288 3143303180158 5976 
CLU_6288 3143307821506 6191 
CLU_6288 3143302150107 8504 
CLU_6288 3143309775978 6191 
CLU_6288 3143302219107 9741 
CLU_6288 3143302219352 6515 
CLU_6288 3143303180182 4657 
CLU_6288 3143302150050 4004 
CLU_6288 3143302150042 3747 
CLU_6288 3143302219085 3626 
CLU_6288 3143309812032 2054 
CLU_6288 3143302149915 697 
CLU_6288 3143307299079 5168 
CLU_6288 3143302150018 3791 
CLU_6288 3143302218984 2611 
CLU_6288 3143306065295 393 
CLU_6288 3143302219069 9658 
CLU_6288 3143306629296 3061 
CLU_6288 3143302149923 1592 
CLU_6288 3143306065341 2511 
CLU_6288 3143306329705 447 
CLU_6288 3143306297943 7949 
CLU_6288 3143305212626 7949 
CLU_6288 3143307780621 5701 
CLU_6288 3143303180166 6191 
CLU_6288 3143302149893 2813 
CLU_6288 3143309251553 6491 
CLU_6288 3143302150026 8041 
CLU_6288 3143300550108 2163 
CLU_6288 3143303413578 22658 
CLU_6288 3143306329632 10460 
CLU_6288 3143305212588 12886 
CLU_6288 3143309812083 2996 
CLU_6288 3143306023282 5523 
CLU_6288 3143302218968 7069 
CLU_6288 3143309772227 2090 
CLU_6288 3143302203480 6650 
CLU_6288 3143302150085 5168 
CLU_6288 3143300211826 10277 
CLU_6288 3143302149931 7824 
CLU_6288 3143309352511 1300 
CLU_6288 3143309690905 6956 
CLU_6288 3143307608756 3430 
CLU_6288 3143306409911 2163 
CLU_6288 3143307780907 9482 
CLU_6288 3143309936424 7699 
CLU_6288 3143309812075 4104 
CLU_6288 3143303688100 4317 
CLU_6288 3143303180115 4256 
CLU_6288 3143305302854 4105 
CLU_6288 3143302219212 3134 
CLU_6288 3143302149958 8500 
CLU_6288 3143307951345 2209 
CLU_6288 3143302219077 7094 
CLU_6288 3143302219344 9658 
CLU_6288 3143307607660 8504 
CLU_6288 3143302150069 2680 
CLU_6288 3143307809131 1806 
CLU_6288 3143300186252 10585 
CLU_6288 3143307836619 2054 
CLU_6288 3143305212545 9414 
CLU_6288 3143302150077 3430 
CLU_6288 3143302150034 4830 
CLU_6288 3143305212529 25288 
CLU_6288 3143302219379 45182 
CLU_6288 3143305212618 25288 
CLU_6288 CLU_6117 46291 
CLU_6288 CLU_6298 3004 
CLU_6288 CLU_6301 15791 
CLU_6288 CLU_6312 8814 
CLU_6288 CLU_6320 9607 
CLU_6288 CLU_6326 10378 
CLU_6288 CLU_6362 4988 
CLU_6288 CLU_6374 9658 
CLU_6288 CLU_6383 2546 
CLU_6288 CLU_6385 2287 
CLU_6288 CLU_6399 9317 
CLU_6288 CLU_6409 42560 
CLU_6288 CLU_6411 19962 
CLU_6288 CLU_6413 45182 
CLU_6288 CLU_6416 25288 
CLU_6288 CLU_6417 64748 
CLU_6289 3143309772235 6119 
CLU_6289 3143309772251 4699 
CLU_6289 3143309812059 6368 
CLU_6289 3143305305063 4285 
CLU_6289 3143307781067 3066 
CLU_6289 3143305304997 3168 
CLU_6289 3143307831331 2620 
CLU_6289 3143300659134 3794 
CLU_6289 3143303180158 6338 
CLU_6289 3143307821506 6579 
CLU_6289 3143302150107 8821 
CLU_6289 3143309775978 6579 
CLU_6289 3143302219107 10152 
CLU_6289 3143302219352 6952 
CLU_6289 3143303180182 5073 
CLU_6289 3143302150050 4388 
CLU_6289 3143302150042 4161 
CLU_6289 3143302219085 4012 
CLU_6289 3143309812032 2386 
CLU_6289 3143302149915 945 
CLU_6289 3143307299079 5516 
CLU_6289 3143302150018 3974 
CLU_6289 3143302218984 2846 
CLU_6289 3143306065295 310 
CLU_6289 3143302219069 10105 
CLU_6289 3143306629296 3242 
CLU_6289 3143302149923 1728 
CLU_6289 3143306065341 2476 
CLU_6289 3143306329705 0 
CLU_6289 3143306297943 7549 
CLU_6289 3143305212626 7549 
CLU_6289 3143307780621 6037 
CLU_6289 3143303180166 6579 
CLU_6289 3143302149893 3201 
CLU_6289 3143309251553 6921 
CLU_6289 3143302150026 8463 
CLU_6289 3143300550108 2153 
CLU_6289 3143303413578 22242 
CLU_6289 3143306329632 10878 
CLU_6289 3143305212588 13136 
CLU_6289 3143309812083 3393 
CLU_6289 3143306023282 5970 
CLU_6289 3143302218968 7427 
CLU_6289 3143309772227 2530 
CLU_6289 3143302203480 7097 
CLU_6289 3143302150085 5516 
CLU_6289 3143300211826 10723 
CLU_6289 3143302149931 8271 
CLU_6289 3143309352511 1722 
CLU_6289 3143309690905 7365 
CLU_6289 3143307608756 3499 
CLU_6289 3143306409911 2153 
CLU_6289 3143307780907 9923 
CLU_6289 3143309936424 8105 
CLU_6289 3143309812075 4465 
CLU_6289 3143303688100 4623 
CLU_6289 3143303180115 4699 
CLU_6289 3143305302854 4536 
CLU_6289 3143302219212 3578 
CLU_6289 3143302149958 8915 
CLU_6289 3143307951345 2403 
CLU_6289 3143302219077 7521 
CLU_6289 3143302219344 10105 
CLU_6289 3143307607660 8821 
CLU_6289 3143302150069 2968 
CLU_6289 3143307809131 1377 
CLU_6289 3143300186252 11028 
CLU_6289 3143307836619 2386 
CLU_6289 3143305212545 9852 
CLU_6289 3143302150077 3499 
CLU_6289 3143302150034 5137 
CLU_6289 3143305212529 25689 
CLU_6289 3143302219379 45492 
CLU_6289 3143305212618 25689 
CLU_6289 CLU_6117 46431 
CLU_6289 CLU_6298 2606 
CLU_6289 CLU_6301 15494 
CLU_6289 CLU_6312 9261 
CLU_6289 CLU_6320 10054 
CLU_6289 CLU_6326 10792 
CLU_6289 CLU_6362 5399 
CLU_6289 CLU_6374 10105 
CLU_6289 CLU_6383 2330 
CLU_6289 CLU_6385 2399 
CLU_6289 CLU_6399 9762 
CLU_6289 CLU_6409 42720 
CLU_6289 CLU_6411 20219 
CLU_6289 CLU_6413 45492 
CLU_6289 CLU_6416 25689 
CLU_6289 CLU_6417 65112 
CLU_6290 3143309772235 7357 
CLU_6290 3143309772251 5961 
CLU_6290 3143309812059 7515 
CLU_6290 3143305305063 5636 
CLU_6290 3143307781067 4422 
CLU_6290 3143305304997 4455 
CLU_6290 3143307831331 3842 
CLU_6290 3143300659134 4659 
CLU_6290 3143303180158 7238 
CLU_6290 3143307821506 7572 
CLU_6290 3143302150107 9529 
CLU_6290 3143309775978 7572 
CLU_6290 3143302219107 11220 
CLU_6290 3143302219352 8160 
CLU_6290 3143303180182 6450 
CLU_6290 3143302150050 5747 
CLU_6290 3143302150042 5537 
CLU_6290 3143302219085 5373 
CLU_6290 3143309812032 3337 
CLU_6290 3143302149915 1992 
CLU_6290 3143307299079 6836 
CLU_6290 3143302150018 5055 
CLU_6290 3143302218984 4048 
CLU_6290 3143306065295 1626 
CLU_6290 3143302219069 11398 
CLU_6290 3143306629296 4345 
CLU_6290 3143302149923 2859 
CLU_6290 3143306065341 3209 
CLU_6290 3143306329705 1377 
CLU_6290 3143306297943 6675 
CLU_6290 3143305212626 6675 
CLU_6290 3143307780621 6853 
CLU_6290 3143303180166 7572 
CLU_6290 3143302149893 4566 
CLU_6290 3143309251553 8297 
CLU_6290 3143302150026 9840 
CLU_6290 3143300550108 2983 
CLU_6290 3143303413578 20867 
CLU_6290 3143306329632 11971 
CLU_6290 3143305212588 14268 
CLU_6290 3143309812083 4476 
CLU_6290 3143306023282 7286 
CLU_6290 3143302218968 8300 
CLU_6290 3143309772227 3796 
CLU_6290 3143302203480 8416 
CLU_6290 3143302150085 6836 
CLU_6290 3143300211826 11986 
CLU_6290 3143302149931 9563 
CLU_6290 3143309352511 3099 
CLU_6290 3143309690905 8739 
CLU_6290 3143307608756 4379 
CLU_6290 3143306409911 2983 
CLU_6290 3143307780907 11157 
CLU_6290 3143309936424 9477 
CLU_6290 3143309812075 5401 
CLU_6290 3143303688100 5375 
CLU_6290 3143303180115 5961 
CLU_6290 3143305302854 5911 
CLU_6290 3143302219212 4934 
CLU_6290 3143302149958 10005 
CLU_6290 3143307951345 3002 
CLU_6290 3143302219077 8898 
CLU_6290 3143302219344 11398 
CLU_6290 3143307607660 9529 
CLU_6290 3143302150069 4236 
CLU_6290 3143307809131 0 
CLU_6290 3143300186252 12271 
CLU_6290 3143307836619 3337 
CLU_6290 3143305212545 11219 
CLU_6290 3143302150077 4379 
CLU_6290 3143302150034 6402 
CLU_6290 3143305212529 26676 
CLU_6290 3143302219379 46096 
CLU_6290 3143305212618 26676 
CLU_6290 CLU_6117 46441 
CLU_6290 CLU_6298 1978 
CLU_6290 CLU_6301 15032 
CLU_6290 CLU_6312 10547 
CLU_6290 CLU_6320 11373 
CLU_6290 CLU_6326 12167 
CLU_6290 CLU_6362 6497 
CLU_6290 CLU_6374 11398 
CLU_6290 CLU_6383 2598 
CLU_6290 CLU_6385 2783 
CLU_6290 CLU_6399 11107 
CLU_6290 CLU_6409 42799 
CLU_6290 CLU_6411 20655 
CLU_6290 CLU_6413 46096 
CLU_6290 CLU_6416 26676 
CLU_6290 CLU_6417 65922 
CLU_6291 3143309772235 5990 
CLU_6291 3143309772251 4727 
CLU_6291 3143309812059 6654 
CLU_6291 3143305305063 3682 
CLU_6291 3143307781067 2957 
CLU_6291 3143305304997 3612 
CLU_6291 3143307831331 3697 
CLU_6291 3143300659134 5494 
CLU_6291 3143303180158 7477 
CLU_6291 3143307821506 7409 
CLU_6291 3143302150107 10221 
CLU_6291 3143309775978 7409 
CLU_6291 3143302219107 10392 
CLU_6291 3143302219352 6864 
CLU_6291 3143303180182 3432 
CLU_6291 3143302150050 2426 
CLU_6291 3143302150042 2741 
CLU_6291 3143302219085 2220 
CLU_6291 3143309812032 4374 
CLU_6291 3143302149915 3628 
CLU_6291 3143307299079 2919 
CLU_6291 3143302150018 732 
CLU_6291 3143302218984 585 
CLU_6291 3143306065295 2932 
CLU_6291 3143302219069 9214 
CLU_6291 3143306629296 0 
CLU_6291 3143302149923 1518 
CLU_6291 3143306065341 1526 
CLU_6291 3143306329705 3242 
CLU_6291 3143306297943 8216 
CLU_6291 3143305212626 8216 
CLU_6291 3143307780621 7440 
CLU_6291 3143303180166 7409 
CLU_6291 3143302149893 1906 
CLU_6291 3143309251553 5255 
CLU_6291 3143302150026 6491 
CLU_6291 3143300550108 1513 
CLU_6291 3143303413578 24799 
CLU_6291 3143306329632 10978 
CLU_6291 3143305212588 9927 
CLU_6291 3143309812083 4627 
CLU_6291 3143306023282 5325 
CLU_6291 3143302218968 8519 
CLU_6291 3143309772227 3453 
CLU_6291 3143302203480 6263 
CLU_6291 3143302150085 2919 
CLU_6291 3143300211826 10000 
CLU_6291 3143302149931 7525 
CLU_6291 3143309352511 2376 
CLU_6291 3143309690905 5270 
CLU_6291 3143307608756 914 
CLU_6291 3143306409911 1513 
CLU_6291 3143307780907 9423 
CLU_6291 3143309936424 5900 
CLU_6291 3143309812075 5827 
CLU_6291 3143303688100 6389 
CLU_6291 3143303180115 4727 
CLU_6291 3143305302854 3347 
CLU_6291 3143302219212 3188 
CLU_6291 3143302149958 9157 
CLU_6291 3143307951345 4952 
CLU_6291 3143302219077 5749 
CLU_6291 3143302219344 9214 
CLU_6291 3143307607660 10221 
CLU_6291 3143302150069 898 
CLU_6291 3143307809131 4345 
CLU_6291 3143300186252 10409 
CLU_6291 3143307836619 4374 
CLU_6291 3143305212545 8192 
CLU_6291 3143302150077 914 
CLU_6291 3143302150034 2264 
CLU_6291 3143305212529 25827 
CLU_6291 3143302219379 46616 
CLU_6291 3143305212618 25827 
CLU_6291 CLU_6117 48740 
CLU_6291 CLU_6298 4092 
CLU_6291 CLU_6301 14618 
CLU_6291 CLU_6312 8475 
CLU_6291 CLU_6320 8969 
CLU_6291 CLU_6326 8589 
CLU_6291 CLU_6362 6046 
CLU_6291 CLU_6374 9214 
CLU_6291 CLU_6383 2561 
CLU_6291 CLU_6385 5180 
CLU_6291 CLU_6399 8433 
CLU_6291 CLU_6409 44922 
CLU_6291 CLU_6411 21881 
CLU_6291 CLU_6413 46616 
CLU_6291 CLU_6416 25827 
CLU_6291 CLU_6417 65644 
CLU_6292 3143309772235 5911 
CLU_6292 3143309772251 4509 
CLU_6292 3143309812059 6398 
CLU_6292 3143305305063 3711 
CLU_6292 3143307781067 2618 
CLU_6292 3143305304997 3083 
CLU_6292 3143307831331 2879 
CLU_6292 3143300659134 4560 
CLU_6292 3143303180158 6852 
CLU_6292 3143307821506 6922 
CLU_6292 3143302150107 9527 
CLU_6292 3143309775978 6922 
CLU_6292 3143302219107 10233 
CLU_6292 3143302219352 6794 
CLU_6292 3143303180182 4031 
CLU_6292 3143302150050 3148 
CLU_6292 3143302150042 3151 
CLU_6292 3143302219085 2810 
CLU_6292 3143309812032 3258 
CLU_6292 3143302149915 2227 
CLU_6292 3143307299079 4066 
CLU_6292 3143302150018 2248 
CLU_6292 3143302218984 1194 
CLU_6292 3143306065295 1419 
CLU_6292 3143302219069 9582 
CLU_6292 3143306629296 1518 
CLU_6292 3143302149923 0 
CLU_6292 3143306065341 1146 
CLU_6292 3143306329705 1728 
CLU_6292 3143306297943 7665 
CLU_6292 3143305212626 7665 
CLU_6292 3143307780621 6698 
CLU_6292 3143303180166 6922 
CLU_6292 3143302149893 2099 
CLU_6292 3143309251553 5942 
CLU_6292 3143302150026 7365 
CLU_6292 3143300550108 800 
CLU_6292 3143303413578 23533 
CLU_6292 3143306329632 10892 
CLU_6292 3143305212588 11437 
CLU_6292 3143309812083 3837 
CLU_6292 3143306023282 5478 
CLU_6292 3143302218968 7938 
CLU_6292 3143309772227 2669 
CLU_6292 3143302203480 6546 
CLU_6292 3143302150085 4066 
CLU_6292 3143300211826 10296 
CLU_6292 3143302149931 7794 
CLU_6292 3143309352511 1407 
CLU_6292 3143309690905 6188 
CLU_6292 3143307608756 1848 
CLU_6292 3143306409911 800 
CLU_6292 3143307780907 9604 
CLU_6292 3143309936424 6888 
CLU_6292 3143309812075 5050 
CLU_6292 3143303688100 5461 
CLU_6292 3143303180115 4509 
CLU_6292 3143305302854 3677 
CLU_6292 3143302219212 3044 
CLU_6292 3143302149958 8979 
CLU_6292 3143307951345 3671 
CLU_6292 3143302219077 6505 
CLU_6292 3143302219344 9582 
CLU_6292 3143307607660 9527 
CLU_6292 3143302150069 1438 
CLU_6292 3143307809131 2859 
CLU_6292 3143300186252 10660 
CLU_6292 3143307836619 3258 
CLU_6292 3143305212545 8930 
CLU_6292 3143302150077 1848 
CLU_6292 3143302150034 3565 
CLU_6292 3143305212529 25792 
CLU_6292 3143302219379 46142 
CLU_6292 3143305212618 25792 
CLU_6292 CLU_6117 47703 
CLU_6292 CLU_6298 3010 
CLU_6292 CLU_6301 14869 
CLU_6292 CLU_6312 8781 
CLU_6292 CLU_6320 9429 
CLU_6292 CLU_6326 9606 
CLU_6292 CLU_6362 5599 
CLU_6292 CLU_6374 9582 
CLU_6292 CLU_6383 1768 
CLU_6292 CLU_6385 3827 
CLU_6292 CLU_6399 9008 
CLU_6292 CLU_6409 43935 
CLU_6292 CLU_6411 21127 
CLU_6292 CLU_6413 46142 
CLU_6292 CLU_6416 25792 
CLU_6292 CLU_6417 65455 
CLU_6293 3143309772235 6191 
CLU_6293 3143309772251 4800 
CLU_6293 3143309812059 6701 
CLU_6293 3143305305063 3962 
CLU_6293 3143307781067 2906 
CLU_6293 3143305304997 3399 
CLU_6293 3143307831331 3216 
CLU_6293 3143300659134 4902 
CLU_6293 3143303180158 7186 
CLU_6293 3143307821506 7247 
CLU_6293 3143302150107 9866 
CLU_6293 3143309775978 7247 
CLU_6293 3143302219107 10532 
CLU_6293 3143302219352 7076 
CLU_6293 3143303180182 4185 
CLU_6293 3143302150050 3264 
CLU_6293 3143302150042 3329 
CLU_6293 3143302219085 2946 
CLU_6293 3143309812032 3598 
CLU_6293 3143302149915 2532 
CLU_6293 3143307299079 4090 
CLU_6293 3143302150018 2078 
CLU_6293 3143302218984 1178 
CLU_6293 3143306065295 1655 
CLU_6293 3143302219069 9805 
CLU_6293 3143306629296 1370 
CLU_6293 3143302149923 342 
CLU_6293 3143306065341 811 
CLU_6293 3143306329705 1955 
CLU_6293 3143306297943 7439 
CLU_6293 3143305212626 7439 
CLU_6293 3143307780621 7037 
CLU_6293 3143303180166 7247 
CLU_6293 3143302149893 2287 
CLU_6293 3143309251553 6093 
CLU_6293 3143302150026 7479 
CLU_6293 3143300550108 480 
CLU_6293 3143303413578 23518 
CLU_6293 3143306329632 11182 
CLU_6293 3143305212588 11291 
CLU_6293 3143309812083 4175 
CLU_6293 3143306023282 5724 
CLU_6293 3143302218968 8270 
CLU_6293 3143309772227 3002 
CLU_6293 3143302203480 6775 
CLU_6293 3143302150085 4090 
CLU_6293 3143300211826 10532 
CLU_6293 3143302149931 8029 
CLU_6293 3143309352511 1743 
CLU_6293 3143309690905 6287 
CLU_6293 3143307608756 1556 
CLU_6293 3143306409911 480 
CLU_6293 3143307780907 9857 
CLU_6293 3143309936424 6972 
CLU_6293 3143309812075 5390 
CLU_6293 3143303688100 5804 
CLU_6293 3143303180115 4800 
CLU_6293 3143305302854 3878 
CLU_6293 3143302219212 3312 
CLU_6293 3143302149958 9278 
CLU_6293 3143307951345 3994 
CLU_6293 3143302219077 6643 
CLU_6293 3143302219344 9805 
CLU_6293 3143307607660 9866 
CLU_6293 3143302150069 1499 
CLU_6293 3143307809131 2977 
CLU_6293 3143300186252 10904 
CLU_6293 3143307836619 3598 
CLU_6293 3143305212545 9079 
CLU_6293 3143302150077 1556 
CLU_6293 3143302150034 3535 
CLU_6293 3143305212529 26083 
CLU_6293 3143302219379 46473 
CLU_6293 3143305212618 26083 
CLU_6293 CLU_6117 48040 
CLU_6293 CLU_6298 2898 
CLU_6293 CLU_6301 14546 
CLU_6293 CLU_6312 9012 
CLU_6293 CLU_6320 9636 
CLU_6293 CLU_6326 9687 
CLU_6293 CLU_6362 5918 
CLU_6293 CLU_6374 9805 
CLU_6293 CLU_6383 1539 
CLU_6293 CLU_6385 4136 
CLU_6293 CLU_6399 9191 
CLU_6293 CLU_6409 44274 
CLU_6293 CLU_6411 21469 
CLU_6293 CLU_6413 46473 
CLU_6293 CLU_6416 26083 
CLU_6293 CLU_6417 65765 
CLU_6294 3143309772235 6583 
CLU_6294 3143309772251 5189 
CLU_6294 3143309812059 7086 
CLU_6294 3143305305063 4355 
CLU_6294 3143307781067 3295 
CLU_6294 3143305304997 3775 
CLU_6294 3143307831331 3563 
CLU_6294 3143300659134 5215 
CLU_6294 3143303180158 7538 
CLU_6294 3143307821506 7614 
CLU_6294 3143302150107 10203 
CLU_6294 3143309775978 7614 
CLU_6294 3143302219107 10919 
CLU_6294 3143302219352 7467 
CLU_6294 3143303180182 4554 
CLU_6294 3143302150050 3616 
CLU_6294 3143302150042 3708 
CLU_6294 3143302219085 3309 
CLU_6294 3143309812032 3881 
CLU_6294 3143302149915 2723 
CLU_6294 3143307299079 4381 
CLU_6294 3143302150018 2206 
CLU_6294 3143302218984 1484 
CLU_6294 3143306065295 1756 
CLU_6294 3143302219069 10194 
CLU_6294 3143306629296 1550 
CLU_6294 3143302149923 692 
CLU_6294 3143306065341 486 
CLU_6294 3143306329705 2033 
CLU_6294 3143306297943 7052 
CLU_6294 3143305212626 7052 
CLU_6294 3143307780621 7374 
CLU_6294 3143303180166 7614 
CLU_6294 3143302149893 2671 
CLU_6294 3143309251553 6457 
CLU_6294 3143302150026 7823 
CLU_6294 3143300550108 127 
CLU_6294 3143303413578 23259 
CLU_6294 3143306329632 11572 
CLU_6294 3143305212588 11400 
CLU_6294 3143309812083 4517 
CLU_6294 3143306023282 6116 
CLU_6294 3143302218968 8626 
CLU_6294 3143309772227 3356 
CLU_6294 3143302203480 7166 
CLU_6294 3143302150085 4381 
CLU_6294 3143300211826 10923 
CLU_6294 3143302149931 8421 
CLU_6294 3143309352511 2095 
CLU_6294 3143309690905 6624 
CLU_6294 3143307608756 1500 
CLU_6294 3143306409911 127 
CLU_6294 3143307780907 10250 
CLU_6294 3143309936424 7298 
CLU_6294 3143309812075 5727 
CLU_6294 3143303688100 6112 
CLU_6294 3143303180115 5189 
CLU_6294 3143305302854 4263 
CLU_6294 3143302219212 3705 
CLU_6294 3143302149958 9665 
CLU_6294 3143307951345 4217 
CLU_6294 3143302219077 7001 
CLU_6294 3143302219344 10194 
CLU_6294 3143307607660 10203 
CLU_6294 3143302150069 1839 
CLU_6294 3143307809131 2892 
CLU_6294 3143300186252 11296 
CLU_6294 3143307836619 3881 
CLU_6294 3143305212545 9441 
CLU_6294 3143302150077 1500 
CLU_6294 3143302150034 3788 
CLU_6294 3143305212529 26473 
CLU_6294 3143302219379 46829 
CLU_6294 3143305212618 26473 
CLU_6294 CLU_6117 48293 
CLU_6294 CLU_6298 2583 
CLU_6294 CLU_6301 14177 
CLU_6294 CLU_6312 9403 
CLU_6294 CLU_6320 10020 
CLU_6294 CLU_6326 10010 
CLU_6294 CLU_6362 6291 
CLU_6294 CLU_6374 10194 
CLU_6294 CLU_6383 1159 
CLU_6294 CLU_6385 4324 
CLU_6294 CLU_6399 9568 
CLU_6294 CLU_6409 44541 
CLU_6294 CLU_6411 21788 
CLU_6294 CLU_6413 46829 
CLU_6294 CLU_6416 26473 
CLU_6294 CLU_6417 66146 
CLU_6295 3143309772235 6959 
CLU_6295 3143309772251 5583 
CLU_6295 3143309812059 7494 
CLU_6295 3143305305063 4700 
CLU_6295 3143307781067 3691 
CLU_6295 3143305304997 4205 
CLU_6295 3143307831331 4026 
CLU_6295 3143300659134 5695 
CLU_6295 3143303180158 7997 
CLU_6295 3143307821506 8057 
CLU_6295 3143302150107 10673 
CLU_6295 3143309775978 8057 
CLU_6295 3143302219107 11318 
CLU_6295 3143302219352 7845 
CLU_6295 3143303180182 4777 
CLU_6295 3143302150050 3805 
CLU_6295 3143302150042 3970 
CLU_6295 3143302219085 3528 
CLU_6295 3143309812032 4367 
CLU_6295 3143302149915 3201 
CLU_6295 3143307299079 4440 
CLU_6295 3143302150018 2074 
CLU_6295 3143302218984 1642 
CLU_6295 3143306065295 2212 
CLU_6295 3143302219069 10484 
CLU_6295 3143306629296 1526 
CLU_6295 3143302149923 1146 
CLU_6295 3143306065341 0 
CLU_6295 3143306329705 2476 
CLU_6295 3143306297943 6795 
CLU_6295 3143305212626 6795 
CLU_6295 3143307780621 7844 
CLU_6295 3143303180166 8057 
CLU_6295 3143302149893 2963 
CLU_6295 3143309251553 6661 
CLU_6295 3143302150026 7970 
CLU_6295 3143300550108 361 
CLU_6295 3143303413578 23306 
CLU_6295 3143306329632 11959 
CLU_6295 3143305212588 11173 
CLU_6295 3143309812083 4983 
CLU_6295 3143306023282 6446 
CLU_6295 3143302218968 9082 
CLU_6295 3143309772227 3814 
CLU_6295 3143302203480 7471 
CLU_6295 3143302150085 4440 
CLU_6295 3143300211826 11232 
CLU_6295 3143302149931 8732 
CLU_6295 3143309352511 2553 
CLU_6295 3143309690905 6757 
CLU_6295 3143307608756 1193 
CLU_6295 3143306409911 361 
CLU_6295 3143307780907 10583 
CLU_6295 3143309936424 7406 
CLU_6295 3143309812075 6197 
CLU_6295 3143303688100 6594 
CLU_6295 3143303180115 5583 
CLU_6295 3143305302854 4546 
CLU_6295 3143302219212 4074 
CLU_6295 3143302149958 10065 
CLU_6295 3143307951345 4700 
CLU_6295 3143302219077 7185 
CLU_6295 3143302219344 10484 
CLU_6295 3143307607660 10673 
CLU_6295 3143302150069 2038 
CLU_6295 3143307809131 3209 
CLU_6295 3143300186252 11615 
CLU_6295 3143307836619 4367 
CLU_6295 3143305212545 9631 
CLU_6295 3143302150077 1193 
CLU_6295 3143302150034 3788 
CLU_6295 3143305212529 26858 
CLU_6295 3143302219379 47285 
CLU_6295 3143305212618 26858 
CLU_6295 CLU_6117 48778 
CLU_6295 CLU_6298 2588 
CLU_6295 CLU_6301 13738 
CLU_6295 CLU_6312 9707 
CLU_6295 CLU_6320 10287 
CLU_6295 CLU_6326 10105 
CLU_6295 CLU_6362 6725 
CLU_6295 CLU_6374 10484 
CLU_6295 CLU_6383 1036 
CLU_6295 CLU_6385 4799 
CLU_6295 CLU_6399 9805 
CLU_6295 CLU_6409 45027 
CLU_6295 CLU_6411 22267 
CLU_6295 CLU_6413 47285 
CLU_6295 CLU_6416 26858 
CLU_6295 CLU_6417 66562 
CLU_6296 3143309772235 5944 
CLU_6296 3143309772251 4514 
CLU_6296 3143309812059 6317 
CLU_6296 3143305305063 3902 
CLU_6296 3143307781067 2706 
CLU_6296 3143305304997 2996 
CLU_6296 3143307831331 2608 
CLU_6296 3143300659134 4102 
CLU_6296 3143303180158 6539 
CLU_6296 3143307821506 6692 
CLU_6296 3143302150107 9137 
CLU_6296 3143309775978 6692 
CLU_6296 3143302219107 10149 
CLU_6296 3143302219352 6810 
CLU_6296 3143303180182 4486 
CLU_6296 3143302150050 3706 
CLU_6296 3143302150042 3575 
CLU_6296 3143302219085 3340 
CLU_6296 3143309812032 2721 
CLU_6296 3143302149915 1481 
CLU_6296 3143307299079 4754 
CLU_6296 3143302150018 3098 
CLU_6296 3143302218984 1991 
CLU_6296 3143306065295 566 
CLU_6296 3143302219069 9798 
CLU_6296 3143306629296 2367 
CLU_6296 3143302149923 852 
CLU_6296 3143306065341 1720 
CLU_6296 3143306329705 875 
CLU_6296 3143306297943 7567 
CLU_6296 3143305212626 7567 
CLU_6296 3143307780621 6314 
CLU_6296 3143303180166 6692 
CLU_6296 3143302149893 2551 
CLU_6296 3143309251553 6379 
CLU_6296 3143302150026 7872 
CLU_6296 3143300550108 1370 
CLU_6296 3143303413578 22894 
CLU_6296 3143306329632 10842 
CLU_6296 3143305212588 12272 
CLU_6296 3143309812083 3512 
CLU_6296 3143306023282 5653 
CLU_6296 3143302218968 7634 
CLU_6296 3143309772227 2445 
CLU_6296 3143302203480 6761 
CLU_6296 3143302150085 4754 
CLU_6296 3143300211826 10465 
CLU_6296 3143302149931 7978 
CLU_6296 3143309352511 1303 
CLU_6296 3143309690905 6733 
CLU_6296 3143307608756 2652 
CLU_6296 3143306409911 1370 
CLU_6296 3143307780907 9717 
CLU_6296 3143309936424 7457 
CLU_6296 3143309812075 4684 
CLU_6296 3143303688100 4984 
CLU_6296 3143303180115 4514 
CLU_6296 3143305302854 4025 
CLU_6296 3143302219212 3196 
CLU_6296 3143302149958 8898 
CLU_6296 3143307951345 2983 
CLU_6296 3143302219077 6965 
CLU_6296 3143302219344 9798 
CLU_6296 3143307607660 9137 
CLU_6296 3143302150069 2152 
CLU_6296 3143307809131 2085 
CLU_6296 3143300186252 10801 
CLU_6296 3143307836619 2721 
CLU_6296 3143305212545 9349 
CLU_6296 3143302150077 2652 
CLU_6296 3143302150034 4322 
CLU_6296 3143305212529 25719 
CLU_6296 3143302219379 45807 
CLU_6296 3143305212618 25719 
CLU_6296 CLU_6117 47067 
CLU_6296 CLU_6298 2690 
CLU_6296 CLU_6301 15164 
CLU_6296 CLU_6312 8971 
CLU_6296 CLU_6320 9697 
CLU_6296 CLU_6326 10165 
CLU_6296 CLU_6362 5425 
CLU_6296 CLU_6374 9798 
CLU_6296 CLU_6383 1883 
CLU_6296 CLU_6385 3080 
CLU_6296 CLU_6399 9340 
CLU_6296 CLU_6409 43326 
CLU_6296 CLU_6411 20659 
CLU_6296 CLU_6413 45807 
CLU_6296 CLU_6416 25719 
CLU_6296 CLU_6417 65273 
CLU_6297 3143309772235 6402 
CLU_6297 3143309772251 4971 
CLU_6297 3143309812059 6737 
CLU_6297 3143305305063 4403 
CLU_6297 3143307781067 3197 
CLU_6297 3143305304997 3441 
CLU_6297 3143307831331 2994 
CLU_6297 3143300659134 4360 
CLU_6297 3143303180158 6858 
CLU_6297 3143307821506 7050 
CLU_6297 3143302150107 9403 
CLU_6297 3143309775978 7050 
CLU_6297 3143302219107 10557 
CLU_6297 3143302219352 7260 
CLU_6297 3143303180182 5006 
CLU_6297 3143302150050 4219 
CLU_6297 3143302150042 4095 
CLU_6297 3143302219085 3855 
CLU_6297 3143309812032 2953 
CLU_6297 3143302149915 1571 
CLU_6297 3143307299079 5243 
CLU_6297 3143302150018 3450 
CLU_6297 3143302218984 2421 
CLU_6297 3143306065295 512 
CLU_6297 3143302219069 10292 
CLU_6297 3143306629296 2730 
CLU_6297 3143302149923 1231 
CLU_6297 3143306065341 1796 
CLU_6297 3143306329705 699 
CLU_6297 3143306297943 7133 
CLU_6297 3143305212626 7133 
CLU_6297 3143307780621 6596 
CLU_6297 3143303180166 7050 
CLU_6297 3143302149893 3070 
CLU_6297 3143309251553 6899 
CLU_6297 3143302150026 8392 
CLU_6297 3143300550108 1491 
CLU_6297 3143303413578 22385 
CLU_6297 3143306329632 11263 
CLU_6297 3143305212588 12658 
CLU_6297 3143309812083 3855 
CLU_6297 3143306023282 6145 
CLU_6297 3143302218968 7952 
CLU_6297 3143309772227 2856 
CLU_6297 3143302203480 7258 
CLU_6297 3143302150085 5243 
CLU_6297 3143300211826 10949 
CLU_6297 3143302149931 8468 
CLU_6297 3143309352511 1790 
CLU_6297 3143309690905 7250 
CLU_6297 3143307608756 2872 
CLU_6297 3143306409911 1491 
CLU_6297 3143307780907 10188 
CLU_6297 3143309936424 7972 
CLU_6297 3143309812075 4989 
CLU_6297 3143303688100 5217 
CLU_6297 3143303180115 4971 
CLU_6297 3143305302854 4542 
CLU_6297 3143302219212 3694 
CLU_6297 3143302149958 9310 
CLU_6297 3143307951345 3072 
CLU_6297 3143302219077 7485 
CLU_6297 3143302219344 10292 
CLU_6297 3143307607660 9403 
CLU_6297 3143302150069 2623 
CLU_6297 3143307809131 1627 
CLU_6297 3143300186252 11278 
CLU_6297 3143307836619 2953 
CLU_6297 3143305212545 9868 
CLU_6297 3143302150077 2872 
CLU_6297 3143302150034 4782 
CLU_6297 3143305212529 26120 
CLU_6297 3143302219379 46081 
CLU_6297 3143305212618 26120 
CLU_6297 CLU_6117 47125 
CLU_6297 CLU_6298 2216 
CLU_6297 CLU_6301 14891 
CLU_6297 CLU_6312 9461 
CLU_6297 CLU_6320 10200 
CLU_6297 CLU_6326 10682 
CLU_6297 CLU_6362 5814 
CLU_6297 CLU_6374 10292 
CLU_6297 CLU_6383 1656 
CLU_6297 CLU_6385 3093 
CLU_6297 CLU_6399 9852 
CLU_6297 CLU_6409 43409 
CLU_6297 CLU_6411 20858 
CLU_6297 CLU_6413 46081 
CLU_6297 CLU_6416 26120 
CLU_6297 CLU_6417 65623 
CLU_6298 3143309772235 8619 
CLU_6298 3143309772251 7187 
CLU_6298 3143309812059 8938 
CLU_6298 3143305305063 6586 
CLU_6298 3143307781067 5396 
CLU_6298 3143305304997 5657 
CLU_6298 3143307831331 5185 
CLU_6298 3143300659134 6375 
CLU_6298 3143303180158 8936 
CLU_6298 3143307821506 9185 
CLU_6298 3143302150107 11363 
CLU_6298 3143309775978 9185 
CLU_6298 3143302219107 12744 
CLU_6298 3143302219352 9475 
CLU_6298 3143303180182 7039 
CLU_6298 3143302150050 6152 
CLU_6298 3143302150042 6151 
CLU_6298 3143302219085 5820 
CLU_6298 3143309812032 4977 
CLU_6298 3143302149915 3528 
CLU_6298 3143307299079 6964 
CLU_6298 3143302150018 4660 
CLU_6298 3143302218984 4063 
CLU_6298 3143306065295 2632 
CLU_6298 3143302219069 12485 
CLU_6298 3143306629296 4092 
CLU_6298 3143302149923 3010 
CLU_6298 3143306065341 2588 
CLU_6298 3143306329705 2606 
CLU_6298 3143306297943 4945 
CLU_6298 3143305212626 4945 
CLU_6298 3143307780621 8613 
CLU_6298 3143303180166 9185 
CLU_6298 3143302149893 5100 
CLU_6298 3143309251553 8950 
CLU_6298 3143302150026 10370 
CLU_6298 3143300550108 2592 
CLU_6298 3143303413578 20718 
CLU_6298 3143306329632 13460 
CLU_6298 3143305212588 13626 
CLU_6298 3143309812083 5996 
CLU_6298 3143306023282 8342 
CLU_6298 3143302218968 10022 
CLU_6298 3143309772227 5062 
CLU_6298 3143302203480 9446 
CLU_6298 3143302150085 6964 
CLU_6298 3143300211826 13156 
CLU_6298 3143302149931 10668 
CLU_6298 3143309352511 3993 
CLU_6298 3143309690905 9184 
CLU_6298 3143307608756 3708 
CLU_6298 3143306409911 2592 
CLU_6298 3143307780907 12403 
CLU_6298 3143309936424 9870 
CLU_6298 3143309812075 7065 
CLU_6298 3143303688100 7169 
CLU_6298 3143303180115 7187 
CLU_6298 3143305302854 6653 
CLU_6298 3143302219212 5883 
CLU_6298 3143302149958 11502 
CLU_6298 3143307951345 4839 
CLU_6298 3143302219077 9515 
CLU_6298 3143302219344 12485 
CLU_6298 3143307607660 11363 
CLU_6298 3143302150069 4397 
CLU_6298 3143307809131 1978 
CLU_6298 3143300186252 13490 
CLU_6298 3143307836619 4977 
CLU_6298 3143305212545 11937 
CLU_6298 3143302150077 3708 
CLU_6298 3143302150034 6354 
CLU_6298 3143305212529 28292 
CLU_6298 3143302219379 47997 
CLU_6298 3143305212618 28292 
CLU_6298 CLU_6117 48396 
CLU_6298 CLU_6298 0 
CLU_6298 CLU_6301 13069 
CLU_6298 CLU_6312 11661 
CLU_6298 CLU_6320 12372 
CLU_6298 CLU_6326 12585 
CLU_6298 CLU_6362 7992 
CLU_6298 CLU_6374 12485 
CLU_6298 CLU_6383 1568 
CLU_6298 CLU_6385 4691 
CLU_6298 CLU_6399 11988 
CLU_6298 CLU_6409 44767 
CLU_6298 CLU_6411 22606 
CLU_6298 CLU_6413 47997 
CLU_6298 CLU_6416 28292 
CLU_6298 CLU_6417 67704 
CLU_6299 3143309772235 16191 
CLU_6299 3143309772251 17600 
CLU_6299 3143309812059 15773 
CLU_6299 3143305305063 18443 
CLU_6299 3143307781067 19485 
CLU_6299 3143305304997 19093 
CLU_6299 3143307831331 19522 
CLU_6299 3143300659134 18547 
CLU_6299 3143303180158 16003 
CLU_6299 3143307821506 15611 
CLU_6299 3143302150107 14321 
CLU_6299 3143309775978 15611 
CLU_6299 3143302219107 11969 
CLU_6299 3143302219352 15308 
CLU_6299 3143303180182 18699 
CLU_6299 3143302150050 19693 
CLU_6299 3143302150042 19304 
CLU_6299 3143302219085 19836 
CLU_6299 3143309812032 19843 
CLU_6299 3143302149915 21248 
CLU_6299 3143307299079 19895 
CLU_6299 3143302150018 22130 
CLU_6299 3143302218984 21626 
CLU_6299 3143306065295 22075 
CLU_6299 3143302219069 13038 
CLU_6299 3143306629296 22046 
CLU_6299 3143302149923 22102 
CLU_6299 3143306065341 23140 
CLU_6299 3143306329705 22121 
CLU_6299 3143306297943 29644 
CLU_6299 3143305212626 29644 
CLU_6299 3143307780621 16480 
CLU_6299 3143303180166 15611 
CLU_6299 3143302149893 20215 
CLU_6299 3143309251553 17183 
CLU_6299 3143302150026 16716 
CLU_6299 3143300550108 22857 
CLU_6299 3143303413578 41130 
CLU_6299 3143306329632 11247 
CLU_6299 3143305212588 23104 
CLU_6299 3143309812083 18737 
CLU_6299 3143306023282 16727 
CLU_6299 3143302218968 15010 
CLU_6299 3143309772227 19654 
CLU_6299 3143302203480 15801 
CLU_6299 3143302150085 19895 
CLU_6299 3143300211826 12174 
CLU_6299 3143302149931 14553 
CLU_6299 3143309352511 20810 
CLU_6299 3143309690905 17721 
CLU_6299 3143307608756 22955 
CLU_6299 3143306409911 22857 
CLU_6299 3143307780907 12633 
CLU_6299 3143309936424 17544 
CLU_6299 3143309812075 17787 
CLU_6299 3143303688100 17951 
CLU_6299 3143303180115 17600 
CLU_6299 3143305302854 18698 
CLU_6299 3143302219212 19070 
CLU_6299 3143302149958 13206 
CLU_6299 3143307951345 20264 
CLU_6299 3143302219077 16920 
CLU_6299 3143302219344 13038 
CLU_6299 3143307607660 14321 
CLU_6299 3143302150069 21219 
CLU_6299 3143307809131 23179 
CLU_6299 3143300186252 11718 
CLU_6299 3143307836619 19843 
CLU_6299 3143305212545 14967 
CLU_6299 3143302150077 22955 
CLU_6299 3143302150034 20661 
CLU_6299 3143305212529 4001 
CLU_6299 3143302219379 26812 
CLU_6299 3143305212618 4001 
CLU_6299 CLU_6117 36219 
CLU_6299 CLU_6298 24707 
CLU_6299 CLU_6301 36603 
CLU_6299 CLU_6312 13657 
CLU_6299 CLU_6320 13454 
CLU_6299 CLU_6326 16187 
CLU_6299 CLU_6362 16722 
CLU_6299 CLU_6374 13038 
CLU_6299 CLU_6383 23854 
CLU_6299 CLU_6385 20601 
CLU_6299 CLU_6399 14221 
CLU_6299 CLU_6409 31916 
CLU_6299 CLU_6411 11985 
CLU_6299 CLU_6413 26812 
CLU_6299 CLU_6416 4001 
CLU_6299 CLU_6417 43915 
CLU_6300 3143309772235 5650 
CLU_6300 3143309772251 6707 
CLU_6300 3143309812059 6161 
CLU_6300 3143305305063 6765 
CLU_6300 3143307781067 7975 
CLU_6300 3143305304997 8033 
CLU_6300 3143307831331 8722 
CLU_6300 3143300659134 9051 
CLU_6300 3143303180158 7889 
CLU_6300 3143307821506 7193 
CLU_6300 3143302150107 9172 
CLU_6300 3143309775978 7193 
CLU_6300 3143302219107 5966 
CLU_6300 3143302219352 5292 
CLU_6300 3143303180182 6127 
CLU_6300 3143302150050 7066 
CLU_6300 3143302150042 7009 
CLU_6300 3143302219085 7366 
CLU_6300 3143309812032 9608 
CLU_6300 3143302149915 10506 
CLU_6300 3143307299079 6670 
CLU_6300 3143302150018 9227 
CLU_6300 3143302218984 9229 
CLU_6300 3143306065295 10836 
CLU_6300 3143302219069 2430 
CLU_6300 3143306629296 9434 
CLU_6300 3143302149923 10156 
CLU_6300 3143306065341 10870 
CLU_6300 3143306329705 11036 
CLU_6300 3143306297943 17648 
CLU_6300 3143305212626 17648 
CLU_6300 3143307780621 8479 
CLU_6300 3143303180166 7193 
CLU_6300 3143302149893 8061 
CLU_6300 3143309251553 4218 
CLU_6300 3143302150026 3034 
CLU_6300 3143300550108 10709 
CLU_6300 3143303413578 33108 
CLU_6300 3143306329632 5756 
CLU_6300 3143305212588 9558 
CLU_6300 3143309812083 8511 
CLU_6300 3143306023282 5253 
CLU_6300 3143302218968 7872 
CLU_6300 3143309772227 8692 
CLU_6300 3143302203480 4184 
CLU_6300 3143302150085 6670 
CLU_6300 3143300211826 2994 
CLU_6300 3143302149931 3477 
CLU_6300 3143309352511 9330 
CLU_6300 3143309690905 4239 
CLU_6300 3143307608756 10235 
CLU_6300 3143306409911 10709 
CLU_6300 3143307780907 3620 
CLU_6300 3143309936424 3802 
CLU_6300 3143309812075 8429 
CLU_6300 3143303688100 9165 
CLU_6300 3143303180115 6707 
CLU_6300 3143305302854 6532 
CLU_6300 3143302219212 7463 
CLU_6300 3143302149958 5729 
CLU_6300 3143307951345 10424 
CLU_6300 3143302219077 3687 
CLU_6300 3143302219344 2430 
CLU_6300 3143307607660 9172 
CLU_6300 3143302150069 8844 
CLU_6300 3143307809131 12397 
CLU_6300 3143300186252 3414 
CLU_6300 3143307836619 9608 
CLU_6300 3143305212545 1241 
CLU_6300 3143302150077 10235 
CLU_6300 3143302150034 7458 
CLU_6300 3143305212529 17981 
CLU_6300 3143302219379 40301 
CLU_6300 3143305212618 17981 
CLU_6300 CLU_6117 46059 
CLU_6300 CLU_6298 13161 
CLU_6300 CLU_6301 23219 
CLU_6300 CLU_6312 2925 
CLU_6300 CLU_6320 1872 
CLU_6300 CLU_6326 2340 
CLU_6300 CLU_6362 7073 
CLU_6300 CLU_6374 2430 
CLU_6300 CLU_6383 11832 
CLU_6300 CLU_6385 10878 
CLU_6300 CLU_6399 1465 
CLU_6300 CLU_6409 41924 
CLU_6300 CLU_6411 18339 
CLU_6300 CLU_6413 40301 
CLU_6300 CLU_6416 17981 
CLU_6300 CLU_6417 57877 
CLU_6301 3143309772235 20599 
CLU_6301 3143309772251 19281 
CLU_6301 3143309812059 21208 
CLU_6301 3143305305063 18292 
CLU_6301 3143307781067 17407 
CLU_6301 3143305304997 17944 
CLU_6301 3143307831331 17724 
CLU_6301 3143300659134 19250 
CLU_6301 3143303180158 21694 
CLU_6301 3143307821506 21791 
CLU_6301 3143302150107 24293 
CLU_6301 3143309775978 21791 
CLU_6301 3143302219107 24999 
CLU_6301 3143302219352 21478 
CLU_6301 3143303180182 17905 
CLU_6301 3143302150050 16917 
CLU_6301 3143302150042 17341 
CLU_6301 3143302219085 16795 
CLU_6301 3143309812032 17845 
CLU_6301 3143302149915 16437 
CLU_6301 3143307299079 16757 
CLU_6301 3143302150018 14478 
CLU_6301 3143302218984 15090 
CLU_6301 3143306065295 15399 
CLU_6301 3143302219069 23611 
CLU_6301 3143306629296 14618 
CLU_6301 3143302149923 14869 
CLU_6301 3143306065341 13738 
CLU_6301 3143306329705 15494 
CLU_6301 3143306297943 8915 
CLU_6301 3143305212626 8915 
CLU_6301 3143307780621 21477 
CLU_6301 3143303180166 21791 
CLU_6301 3143302149893 16505 
CLU_6301 3143309251553 19469 
CLU_6301 3143302150026 20213 
CLU_6301 3143300550108 14070 
CLU_6301 3143303413578 22615 
CLU_6301 3143306329632 25596 
CLU_6301 3143305212588 17657 
CLU_6301 3143309812083 18662 
CLU_6301 3143306023282 19933 
CLU_6301 3143302218968 22786 
CLU_6301 3143309772227 17527 
CLU_6301 3143302203480 20808 
CLU_6301 3143302150085 16757 
CLU_6301 3143300211826 24452 
CLU_6301 3143302149931 22050 
CLU_6301 3143309352511 16269 
CLU_6301 3143309690905 19072 
CLU_6301 3143307608756 13704 
CLU_6301 3143306409911 14070 
CLU_6301 3143307780907 23974 
CLU_6301 3143309936424 19420 
CLU_6301 3143309812075 19848 
CLU_6301 3143303688100 20108 
CLU_6301 3143303180115 19281 
CLU_6301 3143305302854 17947 
CLU_6301 3143302219212 17742 
CLU_6301 3143302149958 23755 
CLU_6301 3143307951345 17864 
CLU_6301 3143302219077 19804 
CLU_6301 3143302219344 23611 
CLU_6301 3143307607660 24293 
CLU_6301 3143302150069 15484 
CLU_6301 3143307809131 15032 
CLU_6301 3143300186252 24895 
CLU_6301 3143307836619 17845 
CLU_6301 3143305212545 22044 
CLU_6301 3143302150077 13704 
CLU_6301 3143302150034 15974 
CLU_6301 3143305212529 40427 
CLU_6301 3143302219379 60970 
CLU_6301 3143305212618 40427 
CLU_6301 CLU_6117 61039 
CLU_6301 CLU_6298 13069 
CLU_6301 CLU_6301 0 
CLU_6301 CLU_6312 22951 
CLU_6301 CLU_6320 23260 
CLU_6301 CLU_6326 21571 
CLU_6301 CLU_6362 20464 
CLU_6301 CLU_6374 23611 
CLU_6301 CLU_6383 13281 
CLU_6301 CLU_6385 17753 
CLU_6301 CLU_6399 22580 
CLU_6301 CLU_6409 57549 
CLU_6301 CLU_6411 35674 
CLU_6301 CLU_6413 60970 
CLU_6301 CLU_6416 40427 
CLU_6301 CLU_6417 80260 
CLU_6302 3143309772235 27631 
CLU_6302 3143309772251 26420 
CLU_6302 3143309812059 27424 
CLU_6302 3143305305063 26386 
CLU_6302 3143307781067 25212 
CLU_6302 3143305304997 25081 
CLU_6302 3143307831331 24388 
CLU_6302 3143300659134 24260 
CLU_6302 3143303180158 26250 
CLU_6302 3143307821506 26873 
CLU_6302 3143302150107 27065 
CLU_6302 3143309775978 26873 
CLU_6302 3143302219107 30314 
CLU_6302 3143302219352 28249 
CLU_6302 3143303180182 27315 
CLU_6302 3143302150050 26599 
CLU_6302 3143302150042 26403 
CLU_6302 3143302219085 26230 
CLU_6302 3143309812032 23511 
CLU_6302 3143302149915 22640 
CLU_6302 3143307299079 27598 
CLU_6302 3143302150018 25377 
CLU_6302 3143302218984 24695 
CLU_6302 3143306065295 22490 
CLU_6302 3143302219069 31715 
CLU_6302 3143306629296 24799 
CLU_6302 3143302149923 23533 
CLU_6302 3143306065341 23306 
CLU_6302 3143306329705 22242 
CLU_6302 3143306297943 18270 
CLU_6302 3143305212626 18270 
CLU_6302 3143307780621 25643 
CLU_6302 3143303180166 26873 
CLU_6302 3143302149893 25428 
CLU_6302 3143309251553 29132 
CLU_6302 3143302150026 30698 
CLU_6302 3143300550108 23287 
CLU_6302 3143303413578 0 
CLU_6302 3143306329632 31118 
CLU_6302 3143305212588 33999 
CLU_6302 3143309812083 24644 
CLU_6302 3143306023282 27863 
CLU_6302 3143302218968 26946 
CLU_6302 3143309772227 24428 
CLU_6302 3143302203480 28964 
CLU_6302 3143302150085 27598 
CLU_6302 3143300211826 32104 
CLU_6302 3143302149931 29944 
CLU_6302 3143309352511 23958 
CLU_6302 3143309690905 29607 
CLU_6302 3143307608756 24399 
CLU_6302 3143306409911 23287 
CLU_6302 3143307780907 31154 
CLU_6302 3143309936424 30342 
CLU_6302 3143309812075 24986 
CLU_6302 3143303688100 24430 
CLU_6302 3143303180115 26420 
CLU_6302 3143305302854 26751 
CLU_6302 3143302219212 25715 
CLU_6302 3143302149958 29362 
CLU_6302 3143307951345 22725 
CLU_6302 3143302219077 29740 
CLU_6302 3143302219344 31715 
CLU_6302 3143307607660 27065 
CLU_6302 3143302150069 24971 
CLU_6302 3143307809131 20867 
CLU_6302 3143300186252 32260 
CLU_6302 3143307836619 23511 
CLU_6302 3143305212545 31985 
CLU_6302 3143302150077 24399 
CLU_6302 3143302150034 27046 
CLU_6302 3143305212529 43747 
CLU_6302 3143302219379 57662 
CLU_6302 3143305212618 43747 
CLU_6302 CLU_6117 50228 
CLU_6302 CLU_6298 20718 
CLU_6302 CLU_6301 22615 
CLU_6302 CLU_6312 30858 
CLU_6302 CLU_6320 31834 
CLU_6302 CLU_6326 33034 
CLU_6302 CLU_6362 26369 
CLU_6302 CLU_6374 31715 
CLU_6302 CLU_6383 22280 
CLU_6302 CLU_6385 22276 
CLU_6302 CLU_6399 31730 
CLU_6302 CLU_6409 47908 
CLU_6302 CLU_6411 33367 
CLU_6302 CLU_6413 57662 
CLU_6302 CLU_6416 43747 
CLU_6302 CLU_6417 79293 
CLU_6303 3143309772235 2991 
CLU_6303 3143309772251 3654 
CLU_6303 3143309812059 2059 
CLU_6303 3143305305063 4808 
CLU_6303 3143307781067 5301 
CLU_6303 3143305304997 4679 
CLU_6303 3143307831331 4842 
CLU_6303 3143300659134 3496 
CLU_6303 3143303180158 916 
CLU_6303 3143307821506 885 
CLU_6303 3143302150107 2111 
CLU_6303 3143309775978 885 
CLU_6303 3143302219107 3350 
CLU_6303 3143302219352 2648 
CLU_6303 3143303180182 5950 
CLU_6303 3143302150050 6577 
CLU_6303 3143302150042 5945 
CLU_6303 3143302219085 6478 
CLU_6303 3143309812032 4871 
CLU_6303 3143302149915 6319 
CLU_6303 3143307299079 7570 
CLU_6303 3143302150018 8668 
CLU_6303 3143302218984 7700 
CLU_6303 3143306065295 7270 
CLU_6303 3143302219069 5433 
CLU_6303 3143306629296 8257 
CLU_6303 3143302149923 7707 
CLU_6303 3143306065341 8849 
CLU_6303 3143306329705 7246 
CLU_6303 3143306297943 14773 
CLU_6303 3143305212626 14773 
CLU_6303 3143307780621 1398 
CLU_6303 3143303180166 885 
CLU_6303 3143302149893 6394 
CLU_6303 3143309251553 5952 
CLU_6303 3143302150026 7102 
CLU_6303 3143300550108 8508 
CLU_6303 3143303413578 26986 
CLU_6303 3143306329632 4156 
CLU_6303 3143305212588 14901 
CLU_6303 3143309812083 3913 
CLU_6303 3143306023282 4018 
CLU_6303 3143302218968 306 
CLU_6303 3143309772227 5041 
CLU_6303 3143302203480 4239 
CLU_6303 3143302150085 7570 
CLU_6303 3143300211826 5478 
CLU_6303 3143302149931 4244 
CLU_6303 3143309352511 6301 
CLU_6303 3143309690905 6978 
CLU_6303 3143307608756 9119 
CLU_6303 3143306409911 8508 
CLU_6303 3143307780907 4494 
CLU_6303 3143309936424 7508 
CLU_6303 3143309812075 2781 
CLU_6303 3143303688100 2850 
CLU_6303 3143303180115 3654 
CLU_6303 3143305302854 5460 
CLU_6303 3143302219212 5105 
CLU_6303 3143302149958 2407 
CLU_6303 3143307951345 5184 
CLU_6303 3143302219077 6310 
CLU_6303 3143302219344 5433 
CLU_6303 3143307607660 2111 
CLU_6303 3143302150069 7360 
CLU_6303 3143307809131 8154 
CLU_6303 3143300186252 5490 
CLU_6303 3143307836619 4871 
CLU_6303 3143305212545 7045 
CLU_6303 3143302150077 9119 
CLU_6303 3143302150034 8028 
CLU_6303 3143305212529 18527 
CLU_6303 3143302219379 38436 
CLU_6303 3143305212618 18527 
CLU_6303 CLU_6117 40938 
CLU_6303 CLU_6298 9847 
CLU_6303 CLU_6301 22567 
CLU_6303 CLU_6312 4734 
CLU_6303 CLU_6320 5832 
CLU_6303 CLU_6326 9000 
CLU_6303 CLU_6362 2226 
CLU_6303 CLU_6374 5433 
CLU_6303 CLU_6383 9304 
CLU_6303 CLU_6385 5504 
CLU_6303 CLU_6399 6219 
CLU_6303 CLU_6409 37009 
CLU_6303 CLU_6411 13679 
CLU_6303 CLU_6413 38436 
CLU_6303 CLU_6416 18527 
CLU_6303 CLU_6417 57869 
CLU_6304 3143309772235 2312 
CLU_6304 3143309772251 3611 
CLU_6304 3143309812059 2692 
CLU_6304 3143305305063 4091 
CLU_6304 3143307781067 5272 
CLU_6304 3143305304997 5110 
CLU_6304 3143307831331 5733 
CLU_6304 3143300659134 5713 
CLU_6304 3143303180158 4419 
CLU_6304 3143307821506 3728 
CLU_6304 3143302150107 6001 
CLU_6304 3143309775978 3728 
CLU_6304 3143302219107 3655 
CLU_6304 3143302219352 1819 
CLU_6304 3143303180182 4145 
CLU_6304 3143302150050 5143 
CLU_6304 3143302150042 4793 
CLU_6304 3143302219085 5305 
CLU_6304 3143309812032 6476 
CLU_6304 3143302149915 7585 
CLU_6304 3143307299079 5422 
CLU_6304 3143302150018 7577 
CLU_6304 3143302218984 7147 
CLU_6304 3143306065295 8130 
CLU_6304 3143302219069 1835 
CLU_6304 3143306629296 7525 
CLU_6304 3143302149923 7794 
CLU_6304 3143306065341 8732 
CLU_6304 3143306329705 8271 
CLU_6304 3143306297943 15459 
CLU_6304 3143305212626 15459 
CLU_6304 3143307780621 5004 
CLU_6304 3143303180166 3728 
CLU_6304 3143302149893 5769 
CLU_6304 3143309251553 2812 
CLU_6304 3143302150026 3229 
CLU_6304 3143300550108 8487 
CLU_6304 3143303413578 29944 
CLU_6304 3143306329632 3922 
CLU_6304 3143305212588 11251 
CLU_6304 3143309812083 5314 
CLU_6304 3143306023282 2326 
CLU_6304 3143302218968 4504 
CLU_6304 3143309772227 5766 
CLU_6304 3143302203480 1263 
CLU_6304 3143302150085 5422 
CLU_6304 3143300211826 2502 
CLU_6304 3143302149931 0 
CLU_6304 3143309352511 6678 
CLU_6304 3143309690905 3651 
CLU_6304 3143307608756 8426 
CLU_6304 3143306409911 8487 
CLU_6304 3143307780907 1927 
CLU_6304 3143309936424 3879 
CLU_6304 3143309812075 5037 
CLU_6304 3143303688100 5732 
CLU_6304 3143303180115 3611 
CLU_6304 3143305302854 4196 
CLU_6304 3143302219212 4787 
CLU_6304 3143302149958 2828 
CLU_6304 3143307951345 7225 
CLU_6304 3143302219077 2799 
CLU_6304 3143302219344 1835 
CLU_6304 3143307607660 6001 
CLU_6304 3143302150069 6737 
CLU_6304 3143307809131 9563 
CLU_6304 3143300186252 2887 
CLU_6304 3143307836619 6476 
CLU_6304 3143305212545 2802 
CLU_6304 3143302150077 8426 
CLU_6304 3143302150034 6155 
CLU_6304 3143305212529 18392 
CLU_6304 3143302219379 39837 
CLU_6304 3143305212618 18392 
CLU_6304 CLU_6117 44085 
CLU_6304 CLU_6298 10668 
CLU_6304 CLU_6301 22050 
CLU_6304 CLU_6312 993 
CLU_6304 CLU_6320 1893 
CLU_6304 CLU_6326 4792 
CLU_6304 CLU_6362 3654 
CLU_6304 CLU_6374 1835 
CLU_6304 CLU_6383 9559 
CLU_6304 CLU_6385 7671 
CLU_6304 CLU_6399 2017 
CLU_6304 CLU_6409 40040 
CLU_6304 CLU_6411 16404 
CLU_6304 CLU_6413 39837 
CLU_6304 CLU_6416 18392 
CLU_6304 CLU_6417 58314 
CLU_6305 3143309772235 574 
CLU_6305 3143309772251 1152 
CLU_6305 3143309812059 787 
CLU_6305 3143305305063 2221 
CLU_6305 3143307781067 3041 
CLU_6305 3143305304997 2614 
CLU_6305 3143307831331 3100 
CLU_6305 3143300659134 2852 
CLU_6305 3143303180158 2281 
CLU_6305 3143307821506 1834 
CLU_6305 3143302150107 4820 
CLU_6305 3143309775978 1834 
CLU_6305 3143302219107 4586 
CLU_6305 3143302219352 1241 
CLU_6305 3143303180182 3245 
CLU_6305 3143302150050 3933 
CLU_6305 3143302150042 3330 
CLU_6305 3143302219085 3884 
CLU_6305 3143309812032 3687 
CLU_6305 3143302149915 4927 
CLU_6305 3143307299079 4866 
CLU_6305 3143302150018 6174 
CLU_6305 3143302218984 5357 
CLU_6305 3143306065295 5637 
CLU_6305 3143302219069 4634 
CLU_6305 3143306629296 5868 
CLU_6305 3143302149923 5649 
CLU_6305 3143306065341 6732 
CLU_6305 3143306329705 5720 
CLU_6305 3143306297943 13176 
CLU_6305 3143305212626 13176 
CLU_6305 3143307780621 2673 
CLU_6305 3143303180166 1834 
CLU_6305 3143302149893 3961 
CLU_6305 3143309251553 3432 
CLU_6305 3143302150026 4816 
CLU_6305 3143300550108 6426 
CLU_6305 3143303413578 27088 
CLU_6305 3143306329632 5245 
CLU_6305 3143305212588 12313 
CLU_6305 3143309812083 2506 
CLU_6305 3143306023282 1412 
CLU_6305 3143302218968 3012 
CLU_6305 3143309772227 3200 
CLU_6305 3143302203480 2104 
CLU_6305 3143302150085 4866 
CLU_6305 3143300211826 5114 
CLU_6305 3143302149931 2863 
CLU_6305 3143309352511 4331 
CLU_6305 3143309690905 4439 
CLU_6305 3143307608756 6770 
CLU_6305 3143306409911 6426 
CLU_6305 3143307780907 4246 
CLU_6305 3143309936424 5056 
CLU_6305 3143309812075 2205 
CLU_6305 3143303688100 2963 
CLU_6305 3143303180115 1152 
CLU_6305 3143305302854 2798 
CLU_6305 3143302219212 2693 
CLU_6305 3143302149958 3333 
CLU_6305 3143307951345 4388 
CLU_6305 3143302219077 3895 
CLU_6305 3143302219344 4634 
CLU_6305 3143307607660 4820 
CLU_6305 3143302150069 4976 
CLU_6305 3143307809131 6919 
CLU_6305 3143300186252 5367 
CLU_6305 3143307836619 3687 
CLU_6305 3143305212545 5301 
CLU_6305 3143302150077 6770 
CLU_6305 3143302150034 5353 
CLU_6305 3143305212529 20144 
CLU_6305 3143302219379 40760 
CLU_6305 3143305212618 20144 
CLU_6305 CLU_6117 43645 
CLU_6305 CLU_6298 8260 
CLU_6305 CLU_6301 20433 
CLU_6305 CLU_6312 3774 
CLU_6305 CLU_6320 4756 
CLU_6305 CLU_6326 7000 
CLU_6305 CLU_6362 895 
CLU_6305 CLU_6374 4634 
CLU_6305 CLU_6383 7384 
CLU_6305 CLU_6385 4828 
CLU_6305 CLU_6399 4770 
CLU_6305 CLU_6409 39709 
CLU_6305 CLU_6411 16313 
CLU_6305 CLU_6413 40760 
CLU_6305 CLU_6416 20144 
CLU_6305 CLU_6417 59837 
CLU_6306 3143309772235 3082 
CLU_6306 3143309772251 1871 
CLU_6306 3143309812059 3769 
CLU_6306 3143305305063 774 
CLU_6306 3143307781067 871 
CLU_6306 3143305304997 1394 
CLU_6306 3143307831331 1992 
CLU_6306 3143300659134 3473 
CLU_6306 3143303180158 4819 
CLU_6306 3143307821506 4632 
CLU_6306 3143302150107 7560 
CLU_6306 3143309775978 4632 
CLU_6306 3143302219107 7485 
CLU_6306 3143302219352 3958 
CLU_6306 3143303180182 1352 
CLU_6306 3143302150050 1218 
CLU_6306 3143302150042 592 
CLU_6306 3143302219085 1000 
CLU_6306 3143309812032 3035 
CLU_6306 3143302149915 3407 
CLU_6306 3143307299079 2502 
CLU_6306 3143302150018 3195 
CLU_6306 3143302218984 2435 
CLU_6306 3143306065295 3587 
CLU_6306 3143302219069 6564 
CLU_6306 3143306629296 2908 
CLU_6306 3143302149923 3018 
CLU_6306 3143306065341 3960 
CLU_6306 3143306329705 3802 
CLU_6306 3143306297943 10680 
CLU_6306 3143305212626 10680 
CLU_6306 3143307780621 4919 
CLU_6306 3143303180166 4632 
CLU_6306 3143302149893 1018 
CLU_6306 3143309251553 3121 
CLU_6306 3143302150026 4684 
CLU_6306 3143300550108 3705 
CLU_6306 3143303413578 26016 
CLU_6306 3143306329632 8077 
CLU_6306 3143305212588 10552 
CLU_6306 3143309812083 2516 
CLU_6306 3143306023282 2486 
CLU_6306 3143302218968 5790 
CLU_6306 3143309772227 1824 
CLU_6306 3143302203480 3529 
CLU_6306 3143302150085 2502 
CLU_6306 3143300211826 7286 
CLU_6306 3143302149931 4783 
CLU_6306 3143309352511 2082 
CLU_6306 3143309690905 3653 
CLU_6306 3143307608756 3819 
CLU_6306 3143306409911 3705 
CLU_6306 3143307780907 6623 
CLU_6306 3143309936424 4408 
CLU_6306 3143309812075 3481 
CLU_6306 3143303688100 4233 
CLU_6306 3143303180115 1871 
CLU_6306 3143305302854 735 
CLU_6306 3143302219212 533 
CLU_6306 3143302149958 6249 
CLU_6306 3143307951345 3895 
CLU_6306 3143302219077 3725 
CLU_6306 3143302219344 6564 
CLU_6306 3143307607660 7560 
CLU_6306 3143302150069 2036 
CLU_6306 3143307809131 5176 
CLU_6306 3143300186252 7660 
CLU_6306 3143307836619 3035 
CLU_6306 3143305212545 6057 
CLU_6306 3143302150077 3819 
CLU_6306 3143302150034 2679 
CLU_6306 3143305212529 22949 
CLU_6306 3143302219379 43741 
CLU_6306 3143305212618 22949 
CLU_6306 CLU_6117 46324 
CLU_6306 CLU_6298 5960 
CLU_6306 CLU_6301 17520 
CLU_6306 CLU_6312 5766 
CLU_6306 CLU_6320 6419 
CLU_6306 CLU_6326 7039 
CLU_6306 CLU_6362 3285 
CLU_6306 CLU_6374 6564 
CLU_6306 CLU_6383 4778 
CLU_6306 CLU_6385 4307 
CLU_6306 CLU_6399 6033 
CLU_6306 CLU_6409 42441 
CLU_6306 CLU_6411 19188 
CLU_6306 CLU_6413 43741 
CLU_6306 CLU_6416 22949 
CLU_6306 CLU_6417 62740 
CLU_6307 3143309772235 3615 
CLU_6307 3143309772251 2351 
CLU_6307 3143309812059 4272 
CLU_6307 3143305305063 1310 
CLU_6307 3143307781067 849 
CLU_6307 3143305304997 1530 
CLU_6307 3143307831331 1978 
CLU_6307 3143300659134 3637 
CLU_6307 3143303180158 5217 
CLU_6307 3143307821506 5078 
CLU_6307 3143302150107 7967 
CLU_6307 3143309775978 5078 
CLU_6307 3143302219107 8016 
CLU_6307 3143302219352 4495 
CLU_6307 3143303180182 1670 
CLU_6307 3143302150050 1157 
CLU_6307 3143302150042 759 
CLU_6307 3143302219085 814 
CLU_6307 3143309812032 2982 
CLU_6307 3143302149915 3118 
CLU_6307 3143307299079 2469 
CLU_6307 3143302150018 2724 
CLU_6307 3143302218984 1894 
CLU_6307 3143306065295 3166 
CLU_6307 3143302219069 7098 
CLU_6307 3143306629296 2384 
CLU_6307 3143302149923 2490 
CLU_6307 3143306065341 3412 
CLU_6307 3143306329705 3403 
CLU_6307 3143306297943 10145 
CLU_6307 3143305212626 10145 
CLU_6307 3143307780621 5268 
CLU_6307 3143303180166 5078 
CLU_6307 3143302149893 478 
CLU_6307 3143309251553 3540 
CLU_6307 3143302150026 5061 
CLU_6307 3143300550108 3162 
CLU_6307 3143303413578 25644 
CLU_6307 3143306329632 8617 
CLU_6307 3143305212588 10520 
CLU_6307 3143309812083 2679 
CLU_6307 3143306023282 3034 
CLU_6307 3143302218968 6219 
CLU_6307 3143309772227 1766 
CLU_6307 3143302203480 4068 
CLU_6307 3143302150085 2469 
CLU_6307 3143300211826 7827 
CLU_6307 3143302149931 5325 
CLU_6307 3143309352511 1687 
CLU_6307 3143309690905 3969 
CLU_6307 3143307608756 3290 
CLU_6307 3143306409911 3162 
CLU_6307 3143307780907 7171 
CLU_6307 3143309936424 4715 
CLU_6307 3143309812075 3753 
CLU_6307 3143303688100 4454 
CLU_6307 3143303180115 2351 
CLU_6307 3143305302854 1194 
CLU_6307 3143302219212 839 
CLU_6307 3143302149958 6776 
CLU_6307 3143307951345 3807 
CLU_6307 3143302219077 4131 
CLU_6307 3143302219344 7098 
CLU_6307 3143307607660 7967 
CLU_6307 3143302150069 1500 
CLU_6307 3143307809131 4780 
CLU_6307 3143300186252 8204 
CLU_6307 3143307836619 2982 
CLU_6307 3143305212545 6508 
CLU_6307 3143302150077 3290 
CLU_6307 3143302150034 2479 
CLU_6307 3143305212529 23493 
CLU_6307 3143302219379 44241 
CLU_6307 3143305212618 23493 
CLU_6307 CLU_6117 46676 
CLU_6307 CLU_6298 5458 
CLU_6307 CLU_6301 16984 
CLU_6307 CLU_6312 6306 
CLU_6307 CLU_6320 6939 
CLU_6307 CLU_6326 7390 
CLU_6307 CLU_6362 3719 
CLU_6307 CLU_6374 7098 
CLU_6307 CLU_6383 4243 
CLU_6307 CLU_6385 4190 
CLU_6307 CLU_6399 6530 
CLU_6307 CLU_6409 42810 
CLU_6307 CLU_6411 19615 
CLU_6307 CLU_6413 44241 
CLU_6307 CLU_6416 23493 
CLU_6307 CLU_6417 63275 
CLU_6308 3143309772235 4094 
CLU_6308 3143309772251 2823 
CLU_6308 3143309812059 4747 
CLU_6308 3143305305063 1788 
CLU_6308 3143307781067 1171 
CLU_6308 3143305304997 1871 
CLU_6308 3143307831331 2199 
CLU_6308 3143300659134 3940 
CLU_6308 3143303180158 5650 
CLU_6308 3143307821506 5533 
CLU_6308 3143302150107 8401 
CLU_6308 3143309775978 5533 
CLU_6308 3143302219107 8495 
CLU_6308 3143302219352 4973 
CLU_6308 3143303180182 1946 
CLU_6308 3143302150050 1191 
CLU_6308 3143302150042 1052 
CLU_6308 3143302219085 812 
CLU_6308 3143309812032 3137 
CLU_6308 3143302149915 3048 
CLU_6308 3143307299079 2416 
CLU_6308 3143302150018 2276 
CLU_6308 3143302218984 1417 
CLU_6308 3143306065295 2939 
CLU_6308 3143302219069 7526 
CLU_6308 3143306629296 1906 
CLU_6308 3143302149923 2099 
CLU_6308 3143306065341 2963 
CLU_6308 3143306329705 3201 
CLU_6308 3143306297943 9724 
CLU_6308 3143305212626 9724 
CLU_6308 3143307780621 5674 
CLU_6308 3143303180166 5533 
CLU_6308 3143302149893 0 
CLU_6308 3143309251553 3853 
CLU_6308 3143302150026 5322 
CLU_6308 3143300550108 2728 
CLU_6308 3143303413578 25428 
CLU_6308 3143306329632 9094 
CLU_6308 3143305212588 10393 
CLU_6308 3143309812083 2997 
CLU_6308 3143306023282 3494 
CLU_6308 3143302218968 6665 
CLU_6308 3143309772227 1965 
CLU_6308 3143302203480 4508 
CLU_6308 3143302150085 2416 
CLU_6308 3143300211826 8268 
CLU_6308 3143302149931 5769 
CLU_6308 3143309352511 1546 
CLU_6308 3143309690905 4184 
CLU_6308 3143307608756 2812 
CLU_6308 3143306409911 2728 
CLU_6308 3143307780907 7628 
CLU_6308 3143309936424 4914 
CLU_6308 3143309812075 4123 
CLU_6308 3143303688100 4787 
CLU_6308 3143303180115 2823 
CLU_6308 3143305302854 1591 
CLU_6308 3143302219212 1293 
CLU_6308 3143302149958 7255 
CLU_6308 3143307951345 3917 
CLU_6308 3143302219077 4428 
CLU_6308 3143302219344 7526 
CLU_6308 3143307607660 8401 
CLU_6308 3143302150069 1021 
CLU_6308 3143307809131 4566 
CLU_6308 3143300186252 8652 
CLU_6308 3143307836619 3137 
CLU_6308 3143305212545 6838 
CLU_6308 3143302150077 2812 
CLU_6308 3143302150034 2274 
CLU_6308 3143305212529 23967 
CLU_6308 3143302219379 44714 
CLU_6308 3143305212618 23967 
CLU_6308 CLU_6117 47070 
CLU_6308 CLU_6298 5100 
CLU_6308 CLU_6301 16505 
CLU_6308 CLU_6312 6744 
CLU_6308 CLU_6320 7348 
CLU_6308 CLU_6326 7617 
CLU_6308 CLU_6362 4171 
CLU_6308 CLU_6374 7526 
CLU_6308 CLU_6383 3827 
CLU_6308 CLU_6385 4269 
CLU_6308 CLU_6399 6910 
CLU_6308 CLU_6409 43215 
CLU_6308 CLU_6411 20056 
CLU_6308 CLU_6413 44714 
CLU_6308 CLU_6416 23967 
CLU_6308 CLU_6417 63754 
CLU_6309 3143309772235 2164 
CLU_6309 3143309772251 2772 
CLU_6309 3143309812059 1251 
CLU_6309 3143305305063 3925 
CLU_6309 3143307781067 4460 
CLU_6309 3143305304997 3861 
CLU_6309 3143307831331 4087 
CLU_6309 3143300659134 2942 
CLU_6309 3143303180158 700 
CLU_6309 3143307821506 0 
CLU_6309 3143302150107 2990 
CLU_6309 3143309775978 0 
CLU_6309 3143302219107 3685 
CLU_6309 3143302219352 1981 
CLU_6309 3143303180182 5069 
CLU_6309 3143302150050 5692 
CLU_6309 3143302150042 5061 
CLU_6309 3143302219085 5597 
CLU_6309 3143309812032 4243 
CLU_6309 3143302149915 5672 
CLU_6309 3143307299079 6689 
CLU_6309 3143302150018 7802 
CLU_6309 3143302218984 6858 
CLU_6309 3143306065295 6577 
CLU_6309 3143302219069 5137 
CLU_6309 3143306629296 7409 
CLU_6309 3143302149923 6922 
CLU_6309 3143306065341 8057 
CLU_6309 3143306329705 6579 
CLU_6309 3143306297943 14127 
CLU_6309 3143305212626 14127 
CLU_6309 3143307780621 1315 
CLU_6309 3143303180166 0 
CLU_6309 3143302149893 5533 
CLU_6309 3143309251553 5153 
CLU_6309 3143302150026 6383 
CLU_6309 3143300550108 7721 
CLU_6309 3143303413578 26873 
CLU_6309 3143306329632 4467 
CLU_6309 3143305212588 14091 
CLU_6309 3143309812083 3196 
CLU_6309 3143306023282 3180 
CLU_6309 3143302218968 1183 
CLU_6309 3143309772227 4270 
CLU_6309 3143302203480 3521 
CLU_6309 3143302150085 6689 
CLU_6309 3143300211826 5324 
CLU_6309 3143302149931 3728 
CLU_6309 3143309352511 5523 
CLU_6309 3143309690905 6177 
CLU_6309 3143307608756 8280 
CLU_6309 3143306409911 7721 
CLU_6309 3143307780907 4343 
CLU_6309 3143309936424 6738 
CLU_6309 3143309812075 2176 
CLU_6309 3143303688100 2478 
CLU_6309 3143303180115 2772 
CLU_6309 3143305302854 4575 
CLU_6309 3143302219212 4241 
CLU_6309 3143302149958 2545 
CLU_6309 3143307951345 4668 
CLU_6309 3143302219077 5546 
CLU_6309 3143302219344 5137 
CLU_6309 3143307607660 2990 
CLU_6309 3143302150069 6510 
CLU_6309 3143307809131 7572 
CLU_6309 3143300186252 5416 
CLU_6309 3143307836619 4243 
CLU_6309 3143305212545 6491 
CLU_6309 3143302150077 8280 
CLU_6309 3143302150034 7143 
CLU_6309 3143305212529 19119 
CLU_6309 3143302219379 39244 
CLU_6309 3143305212618 19119 
CLU_6309 CLU_6117 41820 
CLU_6309 CLU_6298 9185 
CLU_6309 CLU_6301 21791 
CLU_6309 CLU_6312 4364 
CLU_6309 CLU_6320 5461 
CLU_6309 CLU_6326 8383 
CLU_6309 CLU_6362 1363 
CLU_6309 CLU_6374 5137 
CLU_6309 CLU_6383 8558 
CLU_6309 CLU_6385 5031 
CLU_6309 CLU_6399 5742 
CLU_6309 CLU_6409 37894 
CLU_6309 CLU_6411 14558 
CLU_6309 CLU_6413 39244 
CLU_6309 CLU_6416 19119 
CLU_6309 CLU_6417 58581 
CLU_6310 3143309772235 2399 
CLU_6310 3143309772251 2541 
CLU_6310 3143309812059 3327 
CLU_6310 3143305305063 2168 
CLU_6310 3143307781067 3337 
CLU_6310 3143305304997 3512 
CLU_6310 3143307831331 4217 
CLU_6310 3143300659134 5034 
CLU_6310 3143303180158 5074 
CLU_6310 3143307821506 4562 
CLU_6310 3143302150107 7468 
CLU_6310 3143309775978 4562 
CLU_6310 3143302219107 6124 
CLU_6310 3143302219352 2901 
CLU_6310 3143303180182 1542 
CLU_6310 3143302150050 2548 
CLU_6310 3143302150042 2361 
CLU_6310 3143302219085 2783 
CLU_6310 3143309812032 5201 
CLU_6310 3143302149915 5905 
CLU_6310 3143307299079 2733 
CLU_6310 3143302150018 4940 
CLU_6310 3143302218984 4673 
CLU_6310 3143306065295 6169 
CLU_6310 3143302219069 4257 
CLU_6310 3143306629296 4974 
CLU_6310 3143302149923 5511 
CLU_6310 3143306065341 6309 
CLU_6310 3143306329705 6376 
CLU_6310 3143306297943 13103 
CLU_6310 3143305212626 13103 
CLU_6310 3143307780621 5462 
CLU_6310 3143303180166 4562 
CLU_6310 3143302149893 3411 
CLU_6310 3143309251553 685 
CLU_6310 3143302150026 2272 
CLU_6310 3143300550108 6112 
CLU_6310 3143303413578 28546 
CLU_6310 3143306329632 6525 
CLU_6310 3143305212588 9529 
CLU_6310 3143309812083 4259 
CLU_6310 3143306023282 1389 
CLU_6310 3143302218968 5692 
CLU_6310 3143309772227 4141 
CLU_6310 3143302203480 1546 
CLU_6310 3143302150085 2733 
CLU_6310 3143300211826 5075 
CLU_6310 3143302149931 2695 
CLU_6310 3143309352511 4662 
CLU_6310 3143309690905 1645 
CLU_6310 3143307608756 5849 
CLU_6310 3143306409911 6112 
CLU_6310 3143307780907 4620 
CLU_6310 3143309936424 2307 
CLU_6310 3143309812075 4640 
CLU_6310 3143303688100 5475 
CLU_6310 3143303180115 2541 
CLU_6310 3143305302854 1858 
CLU_6310 3143302219212 2832 
CLU_6310 3143302149958 5047 
CLU_6310 3143307951345 6064 
CLU_6310 3143302219077 1268 
CLU_6310 3143302219344 4257 
CLU_6310 3143307607660 7468 
CLU_6310 3143302150069 4271 
CLU_6310 3143307809131 7746 
CLU_6310 3143300186252 5512 
CLU_6310 3143307836619 5201 
CLU_6310 3143305212545 3475 
CLU_6310 3143302150077 5849 
CLU_6310 3143302150034 3459 
CLU_6310 3143305212529 21081 
CLU_6310 3143302219379 42470 
CLU_6310 3143305212618 21081 
CLU_6310 CLU_6117 46173 
CLU_6310 CLU_6298 8503 
CLU_6310 CLU_6301 19383 
CLU_6310 CLU_6312 3568 
CLU_6310 CLU_6320 3995 
CLU_6310 CLU_6326 4634 
CLU_6310 CLU_6362 3628 
CLU_6310 CLU_6374 4257 
CLU_6310 CLU_6383 7225 
CLU_6310 CLU_6385 6512 
CLU_6310 CLU_6399 3502 
CLU_6310 CLU_6409 42187 
CLU_6310 CLU_6411 18640 
CLU_6310 CLU_6413 42470 
CLU_6310 CLU_6416 21081 
CLU_6310 CLU_6417 61009 
CLU_6311 3143309772235 4900 
CLU_6311 3143309772251 3562 
CLU_6311 3143309812059 4988 
CLU_6311 3143305305063 3522 
CLU_6311 3143307781067 2448 
CLU_6311 3143305304997 2184 
CLU_6311 3143307831331 1486 
CLU_6311 3143300659134 2181 
CLU_6311 3143303180158 4750 
CLU_6311 3143307821506 5044 
CLU_6311 3143302150107 7193 
CLU_6311 3143309775978 5044 
CLU_6311 3143302219107 8681 
CLU_6311 3143302219352 5666 
CLU_6311 3143303180182 4670 
CLU_6311 3143302150050 4282 
CLU_6311 3143302150042 3838 
CLU_6311 3143302219085 3917 
CLU_6311 3143309812032 801 
CLU_6311 3143302149915 684 
CLU_6311 3143307299079 5571 
CLU_6311 3143302150018 4759 
CLU_6311 3143302218984 3524 
CLU_6311 3143306065295 1736 
CLU_6311 3143302219069 8994 
CLU_6311 3143306629296 4063 
CLU_6311 3143302149923 2769 
CLU_6311 3143306065341 3811 
CLU_6311 3143306329705 1628 
CLU_6311 3143306297943 9108 
CLU_6311 3143305212626 9108 
CLU_6311 3143307780621 4421 
CLU_6311 3143303180166 5044 
CLU_6311 3143302149893 3167 
CLU_6311 3143309251553 6316 
CLU_6311 3143302150026 7920 
CLU_6311 3143300550108 3453 
CLU_6311 3143303413578 22902 
CLU_6311 3143306329632 9430 
CLU_6311 3143305212588 13548 
CLU_6311 3143309812083 1945 
CLU_6311 3143306023282 4975 
CLU_6311 3143302218968 5831 
CLU_6311 3143309772227 1549 
CLU_6311 3143302203480 6093 
CLU_6311 3143302150085 5571 
CLU_6311 3143300211826 9532 
CLU_6311 3143302149931 7167 
CLU_6311 3143309352511 1752 
CLU_6311 3143309690905 6956 
CLU_6311 3143307608756 4602 
CLU_6311 3143306409911 3453 
CLU_6311 3143307780907 8673 
CLU_6311 3143309936424 7713 
CLU_6311 3143309812075 2888 
CLU_6311 3143303688100 2994 
CLU_6311 3143303180115 3562 
CLU_6311 3143305302854 4008 
CLU_6311 3143302219212 2905 
CLU_6311 3143302149958 7464 
CLU_6311 3143307951345 902 
CLU_6311 3143302219077 6928 
CLU_6311 3143302219344 8994 
CLU_6311 3143307607660 7193 
CLU_6311 3143302150069 3449 
CLU_6311 3143307809131 2540 
CLU_6311 3143300186252 9794 
CLU_6311 3143307836619 801 
CLU_6311 3143305212545 9087 
CLU_6311 3143302150077 4602 
CLU_6311 3143302150034 5415 
CLU_6311 3143305212529 24161 
CLU_6311 3143302219379 43864 
CLU_6311 3143305212618 24161 
CLU_6311 CLU_6117 44967 
CLU_6311 CLU_6298 4193 
CLU_6311 CLU_6301 17121 
CLU_6311 CLU_6312 8134 
CLU_6311 CLU_6320 9023 
CLU_6311 CLU_6326 10291 
CLU_6311 CLU_6362 3959 
CLU_6311 CLU_6374 8994 
CLU_6311 CLU_6383 3901 
CLU_6311 CLU_6385 1133 
CLU_6311 CLU_6399 8845 
CLU_6311 CLU_6409 41223 
CLU_6311 CLU_6411 18609 
CLU_6311 CLU_6413 43864 
CLU_6311 CLU_6416 24161 
CLU_6311 CLU_6417 63511 
CLU_6312 3143309772235 3248 
CLU_6312 3143309772251 4589 
CLU_6312 3143309812059 3485 
CLU_6312 3143305305063 5082 
CLU_6312 3143307781067 6265 
CLU_6312 3143305304997 6097 
CLU_6312 3143307831331 6712 
CLU_6312 3143300659134 6602 
CLU_6312 3143303180158 5065 
CLU_6312 3143307821506 4364 
CLU_6312 3143302150107 6259 
CLU_6312 3143309775978 4364 
CLU_6312 3143302219107 3348 
CLU_6312 3143302219352 2626 
CLU_6312 3143303180182 5067 
CLU_6312 3143302150050 6073 
CLU_6312 3143302150042 5755 
CLU_6312 3143302219085 6255 
CLU_6312 3143309812032 7430 
CLU_6312 3143302149915 8565 
CLU_6312 3143307299079 6250 
CLU_6312 3143302150018 8496 
CLU_6312 3143302218984 8112 
CLU_6312 3143306065295 9122 
CLU_6312 3143302219069 861 
CLU_6312 3143306629296 8475 
CLU_6312 3143302149923 8781 
CLU_6312 3143306065341 9707 
CLU_6312 3143306329705 9261 
CLU_6312 3143306297943 16446 
CLU_6312 3143305212626 16446 
CLU_6312 3143307780621 5675 
CLU_6312 3143303180166 4364 
CLU_6312 3143302149893 6744 
CLU_6312 3143309251553 3561 
CLU_6312 3143302150026 3582 
CLU_6312 3143300550108 9467 
CLU_6312 3143303413578 30858 
CLU_6312 3143306329632 3415 
CLU_6312 3143305212588 11497 
CLU_6312 3143309812083 6259 
CLU_6312 3143306023282 3318 
CLU_6312 3143302218968 4958 
CLU_6312 3143309772227 6751 
CLU_6312 3143302203480 2237 
CLU_6312 3143302150085 6250 
CLU_6312 3143300211826 1526 
CLU_6312 3143302149931 993 
CLU_6312 3143309352511 7671 
CLU_6312 3143309690905 4262 
CLU_6312 3143307608756 9370 
CLU_6312 3143306409911 9467 
CLU_6312 3143307780907 1166 
CLU_6312 3143309936424 4337 
CLU_6312 3143309812075 5898 
CLU_6312 3143303688100 6546 
CLU_6312 3143303180115 4589 
CLU_6312 3143305302854 5164 
CLU_6312 3143302219212 5779 
CLU_6312 3143302149958 2851 
CLU_6312 3143307951345 8160 
CLU_6312 3143302219077 3408 
CLU_6312 3143302219344 861 
CLU_6312 3143307607660 6259 
CLU_6312 3143302150069 7702 
CLU_6312 3143307809131 10547 
CLU_6312 3143300186252 1944 
CLU_6312 3143307836619 7430 
CLU_6312 3143305212545 2605 
CLU_6312 3143302150077 9370 
CLU_6312 3143302150034 7007 
CLU_6312 3143305212529 17527 
CLU_6312 3143302219379 39154 
CLU_6312 3143305212618 17527 
CLU_6312 CLU_6117 43815 
CLU_6312 CLU_6298 11661 
CLU_6312 CLU_6301 22951 
CLU_6312 CLU_6312 0 
CLU_6312 CLU_6320 1100 
CLU_6312 CLU_6326 4663 
CLU_6312 CLU_6362 4508 
CLU_6312 CLU_6374 861 
CLU_6312 CLU_6383 10544 
CLU_6312 CLU_6385 8601 
CLU_6312 CLU_6399 1607 
CLU_6312 CLU_6409 39737 
CLU_6312 CLU_6411 16087 
CLU_6312 CLU_6413 39154 
CLU_6312 CLU_6416 17527 
CLU_6312 CLU_6417 57473 
CLU_6313 3143309772235 1539 
CLU_6313 3143309772251 2543 
CLU_6313 3143309812059 2291 
CLU_6313 3143305305063 2859 
CLU_6313 3143307781067 4061 
CLU_6313 3143305304997 3967 
CLU_6313 3143307831331 4625 
CLU_6313 3143300659134 4877 
CLU_6313 3143303180158 4145 
CLU_6313 3143307821506 3521 
CLU_6313 3143302150107 6230 
CLU_6313 3143309775978 3521 
CLU_6313 3143302219107 4581 
CLU_6313 3143302219352 1595 
CLU_6313 3143303180182 2904 
CLU_6313 3143302150050 3892 
CLU_6313 3143302150042 3529 
CLU_6313 3143302219085 4044 
CLU_6313 3143309812032 5452 
CLU_6313 3143302149915 6460 
CLU_6313 3143307299079 4268 
CLU_6313 3143302150018 6330 
CLU_6313 3143302218984 5883 
CLU_6313 3143306065295 6941 
CLU_6313 3143302219069 3040 
CLU_6313 3143306629296 6263 
CLU_6313 3143302149923 6546 
CLU_6313 3143306065341 7471 
CLU_6313 3143306329705 7097 
CLU_6313 3143306297943 14210 
CLU_6313 3143305212626 14210 
CLU_6313 3143307780621 4648 
CLU_6313 3143303180166 3521 
CLU_6313 3143302149893 4508 
CLU_6313 3143309251553 1869 
CLU_6313 3143302150026 2865 
CLU_6313 3143300550108 7230 
CLU_6313 3143303413578 28964 
CLU_6313 3143306329632 4982 
CLU_6313 3143305212588 10736 
CLU_6313 3143309812083 4332 
CLU_6313 3143306023282 1129 
CLU_6313 3143302218968 4535 
CLU_6313 3143309772227 4631 
CLU_6313 3143302203480 0 
CLU_6313 3143302150085 4268 
CLU_6313 3143300211826 3760 
CLU_6313 3143302149931 1263 
CLU_6313 3143309352511 5468 
CLU_6313 3143309690905 2856 
CLU_6313 3143307608756 7167 
CLU_6313 3143306409911 7230 
CLU_6313 3143307780907 3167 
CLU_6313 3143309936424 3295 
CLU_6313 3143309812075 4290 
CLU_6313 3143303688100 5066 
CLU_6313 3143303180115 2543 
CLU_6313 3143305302854 2933 
CLU_6313 3143302219212 3564 
CLU_6313 3143302149958 3533 
CLU_6313 3143307951345 6250 
CLU_6313 3143302219077 2100 
CLU_6313 3143302219344 3040 
CLU_6313 3143307607660 6230 
CLU_6313 3143302150069 5473 
CLU_6313 3143307809131 8416 
CLU_6313 3143300186252 4150 
CLU_6313 3143307836619 5452 
CLU_6313 3143305212545 3202 
CLU_6313 3143302150077 7167 
CLU_6313 3143302150034 4971 
CLU_6313 3143305212529 19623 
CLU_6313 3143302219379 40926 
CLU_6313 3143305212618 19623 
CLU_6313 CLU_6117 44758 
CLU_6313 CLU_6298 9446 
CLU_6313 CLU_6301 20808 
CLU_6313 CLU_6312 2237 
CLU_6313 CLU_6320 2957 
CLU_6313 CLU_6326 4921 
CLU_6313 CLU_6362 2994 
CLU_6313 CLU_6374 3040 
CLU_6313 CLU_6383 8308 
CLU_6313 CLU_6385 6703 
CLU_6313 CLU_6399 2768 
CLU_6313 CLU_6409 40751 
CLU_6313 CLU_6411 17166 
CLU_6313 CLU_6413 40926 
CLU_6313 CLU_6416 19623 
CLU_6313 CLU_6417 59524 
CLU_6314 3143309772235 2993 
CLU_6314 3143309772251 3226 
CLU_6314 3143309812059 3905 
CLU_6314 3143305305063 2797 
CLU_6314 3143307781067 3923 
CLU_6314 3143305304997 4153 
CLU_6314 3143307831331 4856 
CLU_6314 3143300659134 5719 
CLU_6314 3143303180158 5693 
CLU_6314 3143307821506 5153 
CLU_6314 3143302150107 8009 
CLU_6314 3143309775978 5153 
CLU_6314 3143302219107 6398 
CLU_6314 3143302219352 3385 
CLU_6314 3143303180182 1911 
CLU_6314 3143302150050 2855 
CLU_6314 3143302150042 2807 
CLU_6314 3143302219085 3148 
CLU_6314 3143309812032 5855 
CLU_6314 3143302149915 6499 
CLU_6314 3143307299079 2715 
CLU_6314 3143302150018 5129 
CLU_6314 3143302218984 5018 
CLU_6314 3143306065295 6699 
CLU_6314 3143302219069 4148 
CLU_6314 3143306629296 5255 
CLU_6314 3143302149923 5942 
CLU_6314 3143306065341 6661 
CLU_6314 3143306329705 6921 
CLU_6314 3143306297943 13450 
CLU_6314 3143305212626 13450 
CLU_6314 3143307780621 6105 
CLU_6314 3143303180166 5153 
CLU_6314 3143302149893 3853 
CLU_6314 3143309251553 0 
CLU_6314 3143302150026 1609 
CLU_6314 3143300550108 6492 
CLU_6314 3143303413578 29132 
CLU_6314 3143306329632 6727 
CLU_6314 3143305212588 8949 
CLU_6314 3143309812083 4936 
CLU_6314 3143306023282 2021 
CLU_6314 3143302218968 6256 
CLU_6314 3143309772227 4767 
CLU_6314 3143302203480 1869 
CLU_6314 3143302150085 2715 
CLU_6314 3143300211826 5009 
CLU_6314 3143302149931 2812 
CLU_6314 3143309352511 5199 
CLU_6314 3143309690905 1026 
CLU_6314 3143307608756 6094 
CLU_6314 3143306409911 6492 
CLU_6314 3143307780907 4682 
CLU_6314 3143309936424 1633 
CLU_6314 3143309812075 5323 
CLU_6314 3143303688100 6157 
CLU_6314 3143303180115 3226 
CLU_6314 3143305302854 2385 
CLU_6314 3143302219212 3429 
CLU_6314 3143302149958 5395 
CLU_6314 3143307951345 6722 
CLU_6314 3143302219077 611 
CLU_6314 3143302219344 4148 
CLU_6314 3143307607660 8009 
CLU_6314 3143302150069 4629 
CLU_6314 3143307809131 8297 
CLU_6314 3143300186252 5473 
CLU_6314 3143307836619 5855 
CLU_6314 3143305212545 2987 
CLU_6314 3143302150077 6094 
CLU_6314 3143302150034 3495 
CLU_6314 3143305212529 21076 
CLU_6314 3143302219379 42649 
CLU_6314 3143305212618 21076 
CLU_6314 CLU_6117 46624 
CLU_6314 CLU_6298 8950 
CLU_6314 CLU_6301 19469 
CLU_6314 CLU_6312 3561 
CLU_6314 CLU_6320 3797 
CLU_6314 CLU_6326 3980 
CLU_6314 CLU_6362 4283 
CLU_6314 CLU_6374 4148 
CLU_6314 CLU_6383 7615 
CLU_6314 CLU_6385 7168 
CLU_6314 CLU_6399 3188 
CLU_6314 CLU_6409 42619 
CLU_6314 CLU_6411 19034 
CLU_6314 CLU_6413 42649 
CLU_6314 CLU_6416 21076 
CLU_6314 CLU_6417 61030 
CLU_6315 3143309772235 4304 
CLU_6315 3143309772251 4786 
CLU_6315 3143309812059 5142 
CLU_6315 3143305305063 4405 
CLU_6315 3143307781067 5510 
CLU_6315 3143305304997 5761 
CLU_6315 3143307831331 6464 
CLU_6315 3143300659134 7286 
CLU_6315 3143303180158 6989 
CLU_6315 3143307821506 6383 
CLU_6315 3143302150107 9058 
CLU_6315 3143309775978 6383 
CLU_6315 3143302219107 6842 
CLU_6315 3143302219352 4453 
CLU_6315 3143303180182 3392 
CLU_6315 3143302150050 4218 
CLU_6315 3143302150042 4307 
CLU_6315 3143302219085 4557 
CLU_6315 3143309812032 7464 
CLU_6315 3143302149915 8084 
CLU_6315 3143307299079 3656 
CLU_6315 3143302150018 6230 
CLU_6315 3143302218984 6348 
CLU_6315 3143306065295 8227 
CLU_6315 3143302219069 3856 
CLU_6315 3143306629296 6491 
CLU_6315 3143302149923 7365 
CLU_6315 3143306065341 7970 
CLU_6315 3143306329705 8463 
CLU_6315 3143306297943 14701 
CLU_6315 3143305212626 14701 
CLU_6315 3143307780621 7462 
CLU_6315 3143303180166 6383 
CLU_6315 3143302149893 5322 
CLU_6315 3143309251553 1609 
CLU_6315 3143302150026 0 
CLU_6315 3143300550108 7843 
CLU_6315 3143303413578 30698 
CLU_6315 3143306329632 6992 
CLU_6315 3143305212588 8021 
CLU_6315 3143309812083 6530 
CLU_6315 3143306023282 3456 
CLU_6315 3143302218968 7395 
CLU_6315 3143309772227 6371 
CLU_6315 3143302203480 2865 
CLU_6315 3143302150085 3656 
CLU_6315 3143300211826 4742 
CLU_6315 3143302149931 3229 
CLU_6315 3143309352511 6742 
CLU_6315 3143309690905 1226 
CLU_6315 3143307608756 7255 
CLU_6315 3143306409911 7843 
CLU_6315 3143307780907 4741 
CLU_6315 3143309936424 827 
CLU_6315 3143309812075 6844 
CLU_6315 3143303688100 7669 
CLU_6315 3143303180115 4786 
CLU_6315 3143305302854 3952 
CLU_6315 3143302219212 5023 
CLU_6315 3143302149958 6054 
CLU_6315 3143307951345 8330 
CLU_6315 3143302219077 1004 
CLU_6315 3143302219344 3856 
CLU_6315 3143307607660 9058 
CLU_6315 3143302150069 5984 
CLU_6315 3143307809131 9840 
CLU_6315 3143300186252 5239 
CLU_6315 3143307836619 7464 
CLU_6315 3143305212545 1830 
CLU_6315 3143302150077 7255 
CLU_6315 3143302150034 4437 
CLU_6315 3143305212529 20672 
CLU_6315 3143302219379 42634 
CLU_6315 3143305212618 20672 
CLU_6315 CLU_6117 47309 
CLU_6315 CLU_6298 10370 
CLU_6315 CLU_6301 20213 
CLU_6315 CLU_6312 3582 
CLU_6315 CLU_6320 3327 
CLU_6315 CLU_6326 2372 
CLU_6315 CLU_6362 5702 
CLU_6315 CLU_6374 3856 
CLU_6315 CLU_6383 8965 
CLU_6315 CLU_6385 8777 
CLU_6315 CLU_6399 2506 
CLU_6315 CLU_6409 43255 
CLU_6315 CLU_6411 19611 
CLU_6315 CLU_6413 42634 
CLU_6315 CLU_6416 20672 
CLU_6315 CLU_6417 60630 
CLU_6316 3143309772235 3846 
CLU_6316 3143309772251 3938 
CLU_6316 3143309812059 4765 
CLU_6316 3143305305063 3319 
CLU_6316 3143307781067 4325 
CLU_6316 3143305304997 4665 
CLU_6316 3143307831331 5354 
CLU_6316 3143300659134 6393 
CLU_6316 3143303180158 6535 
CLU_6316 3143307821506 6010 
CLU_6316 3143302150107 8878 
CLU_6316 3143309775978 6010 
CLU_6316 3143302219107 7202 
CLU_6316 3143302219352 4256 
CLU_6316 3143303180182 2129 
CLU_6316 3143302150050 2887 
CLU_6316 3143302150042 3034 
CLU_6316 3143302219085 3236 
CLU_6316 3143309812032 6384 
CLU_6316 3143302149915 6873 
CLU_6316 3143307299079 2345 
CLU_6316 3143302150018 4902 
CLU_6316 3143302218984 5004 
CLU_6316 3143306065295 6946 
CLU_6316 3143302219069 4703 
CLU_6316 3143306629296 5147 
CLU_6316 3143302149923 6036 
CLU_6316 3143306065341 6625 
CLU_6316 3143306329705 7192 
CLU_6316 3143306297943 13359 
CLU_6316 3143305212626 13359 
CLU_6316 3143307780621 6927 
CLU_6316 3143303180166 6010 
CLU_6316 3143302149893 4018 
CLU_6316 3143309251553 870 
CLU_6316 3143302150026 1345 
CLU_6316 3143300550108 6500 
CLU_6316 3143303413578 29435 
CLU_6316 3143306329632 7491 
CLU_6316 3143305212588 8084 
CLU_6316 3143309812083 5556 
CLU_6316 3143306023282 2851 
CLU_6316 3143302218968 7122 
CLU_6316 3143309772227 5233 
CLU_6316 3143302203480 2726 
CLU_6316 3143302150085 2345 
CLU_6316 3143300211826 5587 
CLU_6316 3143302149931 3569 
CLU_6316 3143309352511 5481 
CLU_6316 3143309690905 194 
CLU_6316 3143307608756 5920 
CLU_6316 3143306409911 6500 
CLU_6316 3143307780907 5370 
CLU_6316 3143309936424 946 
CLU_6316 3143309812075 6057 
CLU_6316 3143303688100 6894 
CLU_6316 3143303180115 3938 
CLU_6316 3143305302854 2759 
CLU_6316 3143302219212 3865 
CLU_6316 3143302149958 6235 
CLU_6316 3143307951345 7256 
CLU_6316 3143302219077 813 
CLU_6316 3143302219344 4703 
CLU_6316 3143307607660 8878 
CLU_6316 3143302150069 4644 
CLU_6316 3143307809131 8567 
CLU_6316 3143300186252 6069 
CLU_6316 3143307836619 6384 
CLU_6316 3143305212545 3092 
CLU_6316 3143302150077 5920 
CLU_6316 3143302150034 3136 
CLU_6316 3143305212529 21647 
CLU_6316 3143302219379 43366 
CLU_6316 3143305212618 21647 
CLU_6316 CLU_6117 47484 
CLU_6316 CLU_6298 9035 
CLU_6316 CLU_6301 19031 
CLU_6316 CLU_6312 4217 
CLU_6316 CLU_6320 4272 
CLU_6316 CLU_6326 3600 
CLU_6316 CLU_6362 5091 
CLU_6316 CLU_6374 4703 
CLU_6316 CLU_6383 7621 
CLU_6316 CLU_6385 7692 
CLU_6316 CLU_6399 3550 
CLU_6316 CLU_6409 43475 
CLU_6316 CLU_6411 19879 
CLU_6316 CLU_6413 43366 
CLU_6316 CLU_6416 21647 
CLU_6316 CLU_6417 61612 
CLU_6317 3143309772235 4429 
CLU_6317 3143309772251 3649 
CLU_6317 3143309812059 5297 
CLU_6317 3143305305063 2530 
CLU_6317 3143307781067 2841 
CLU_6317 3143305304997 3457 
CLU_6317 3143307831331 3990 
CLU_6317 3143300659134 5546 
CLU_6317 3143303180158 6673 
CLU_6317 3143307821506 6364 
CLU_6317 3143302150107 9352 
CLU_6317 3143309775978 6364 
CLU_6317 3143302219107 8634 
CLU_6317 3143302219352 5187 
CLU_6317 3143303180182 1332 
CLU_6317 3143302150050 874 
CLU_6317 3143302150042 1485 
CLU_6317 3143302219085 1215 
CLU_6317 3143309812032 5006 
CLU_6317 3143302149915 5026 
CLU_6317 3143307299079 445 
CLU_6317 3143302150018 2418 
CLU_6317 3143302218984 2581 
CLU_6317 3143306065295 4825 
CLU_6317 3143302219069 6850 
CLU_6317 3143306629296 2658 
CLU_6317 3143302149923 3705 
CLU_6317 3143306065341 4159 
CLU_6317 3143306329705 5108 
CLU_6317 3143306297943 10862 
CLU_6317 3143305212626 10862 
CLU_6317 3143307780621 6861 
CLU_6317 3143303180166 6364 
CLU_6317 3143302149893 1979 
CLU_6317 3143309251553 2730 
CLU_6317 3143302150026 3838 
CLU_6317 3143300550108 4067 
CLU_6317 3143303413578 27235 
CLU_6317 3143306329632 9098 
CLU_6317 3143305212588 8503 
CLU_6317 3143309812083 4589 
CLU_6317 3143306023282 3495 
CLU_6317 3143302218968 7547 
CLU_6317 3143309772227 3787 
CLU_6317 3143302203480 4134 
CLU_6317 3143302150085 445 
CLU_6317 3143300211826 7690 
CLU_6317 3143302149931 5329 
CLU_6317 3143309352511 3518 
CLU_6317 3143309690905 2614 
CLU_6317 3143307608756 3423 
CLU_6317 3143306409911 4067 
CLU_6317 3143307780907 7255 
CLU_6317 3143309936424 3247 
CLU_6317 3143309812075 5519 
CLU_6317 3143303688100 6293 
CLU_6317 3143303180115 3649 
CLU_6317 3143305302854 1809 
CLU_6317 3143302219212 2606 
CLU_6317 3143302149958 7480 
CLU_6317 3143307951345 5831 
CLU_6317 3143302219077 3152 
CLU_6317 3143302219344 6850 
CLU_6317 3143307607660 9352 
CLU_6317 3143302150069 2267 
CLU_6317 3143307809131 6439 
CLU_6317 3143300186252 8137 
CLU_6317 3143307836619 5006 
CLU_6317 3143305212545 5573 
CLU_6317 3143302150077 3423 
CLU_6317 3143302150034 842 
CLU_6317 3143305212529 23716 
CLU_6317 3143302219379 45019 
CLU_6317 3143305212618 23716 
CLU_6317 CLU_6117 48180 
CLU_6317 CLU_6298 6644 
CLU_6317 CLU_6301 16762 
CLU_6317 CLU_6312 6196 
CLU_6317 CLU_6320 6524 
CLU_6317 CLU_6326 5950 
CLU_6317 CLU_6362 5100 
CLU_6317 CLU_6374 6850 
CLU_6317 CLU_6383 5175 
CLU_6317 CLU_6385 6207 
CLU_6317 CLU_6399 5907 
CLU_6317 CLU_6409 44258 
CLU_6317 CLU_6411 20859 
CLU_6317 CLU_6413 45019 
CLU_6317 CLU_6416 23716 
CLU_6317 CLU_6417 63643 
CLU_6318 3143309772235 5389 
CLU_6318 3143309772251 4291 
CLU_6318 3143309812059 6154 
CLU_6318 3143305305063 3152 
CLU_6318 3143307781067 2814 
CLU_6318 3143305304997 3515 
CLU_6318 3143307831331 3815 
CLU_6318 3143300659134 5580 
CLU_6318 3143303180158 7232 
CLU_6318 3143307821506 7057 
CLU_6318 3143302150107 9979 
CLU_6318 3143309775978 7057 
CLU_6318 3143302219107 9753 
CLU_6318 3143302219352 6229 
CLU_6318 3143303180182 2519 
CLU_6318 3143302150050 1537 
CLU_6318 3143302150042 2050 
CLU_6318 3143302219085 1489 
CLU_6318 3143309812032 4684 
CLU_6318 3143302149915 4269 
CLU_6318 3143307299079 1761 
CLU_6318 3143302150018 916 
CLU_6318 3143302218984 1274 
CLU_6318 3143306065295 3788 
CLU_6318 3143302219069 8280 
CLU_6318 3143306629296 1161 
CLU_6318 3143302149923 2468 
CLU_6318 3143306065341 2687 
CLU_6318 3143306329705 4095 
CLU_6318 3143306297943 9330 
CLU_6318 3143305212626 9330 
CLU_6318 3143307780621 7293 
CLU_6318 3143303180166 7057 
CLU_6318 3143302149893 1645 
CLU_6318 3143309251553 4221 
CLU_6318 3143302150026 5371 
CLU_6318 3143300550108 2650 
CLU_6318 3143303413578 25928 
CLU_6318 3143306329632 10285 
CLU_6318 3143305212588 9065 
CLU_6318 3143309812083 4642 
CLU_6318 3143306023282 4595 
CLU_6318 3143302218968 8215 
CLU_6318 3143309772227 3573 
CLU_6318 3143302203480 5422 
CLU_6318 3143302150085 1761 
CLU_6318 3143300211826 9096 
CLU_6318 3143302149931 6665 
CLU_6318 3143309352511 2813 
CLU_6318 3143309690905 4145 
CLU_6318 3143307608756 1888 
CLU_6318 3143306409911 2650 
CLU_6318 3143307780907 8587 
CLU_6318 3143309936424 4755 
CLU_6318 3143309812075 5764 
CLU_6318 3143303688100 6432 
CLU_6318 3143303180115 4291 
CLU_6318 3143305302854 2632 
CLU_6318 3143302219212 2856 
CLU_6318 3143302149958 8546 
CLU_6318 3143307951345 5394 
CLU_6318 3143302219077 4676 
CLU_6318 3143302219344 8280 
CLU_6318 3143307607660 9979 
CLU_6318 3143302150069 1146 
CLU_6318 3143307809131 5321 
CLU_6318 3143300186252 9525 
CLU_6318 3143307836619 4684 
CLU_6318 3143305212545 7106 
CLU_6318 3143302150077 1888 
CLU_6318 3143302150034 1117 
CLU_6318 3143305212529 25044 
CLU_6318 3143302219379 46097 
CLU_6318 3143305212618 25044 
CLU_6318 CLU_6117 48701 
CLU_6318 CLU_6298 5240 
CLU_6318 CLU_6301 15386 
CLU_6318 CLU_6312 7581 
CLU_6318 CLU_6320 7991 
CLU_6318 CLU_6326 7434 
CLU_6318 CLU_6362 5710 
CLU_6318 CLU_6374 8280 
CLU_6318 CLU_6383 3720 
CLU_6318 CLU_6385 5696 
CLU_6318 CLU_6399 7409 
CLU_6318 CLU_6409 44835 
CLU_6318 CLU_6411 21613 
CLU_6318 CLU_6413 46097 
CLU_6318 CLU_6416 25044 
CLU_6318 CLU_6417 64927 
CLU_6319 3143309772235 5119 
CLU_6319 3143309772251 3696 
CLU_6319 3143309812059 5399 
CLU_6319 3143305305063 3295 
CLU_6319 3143307781067 2082 
CLU_6319 3143305304997 2162 
CLU_6319 3143307831331 1645 
CLU_6319 3143300659134 3043 
CLU_6319 3143303180158 5502 
CLU_6319 3143307821506 5686 
CLU_6319 3143302150107 8081 
CLU_6319 3143309775978 5686 
CLU_6319 3143302219107 9207 
CLU_6319 3143302219352 5959 
CLU_6319 3143303180182 4173 
CLU_6319 3143302150050 3586 
CLU_6319 3143302150042 3273 
CLU_6319 3143302219085 3207 
CLU_6319 3143309812032 1663 
CLU_6319 3143302149915 681 
CLU_6319 3143307299079 4801 
CLU_6319 3143302150018 3689 
CLU_6319 3143302218984 2462 
CLU_6319 3143306065295 907 
CLU_6319 3143302219069 9098 
CLU_6319 3143306629296 2977 
CLU_6319 3143302149923 1653 
CLU_6319 3143306065341 2719 
CLU_6319 3143306329705 1007 
CLU_6319 3143306297943 8479 
CLU_6319 3143305212626 8479 
CLU_6319 3143307780621 5261 
CLU_6319 3143303180166 5686 
CLU_6319 3143302149893 2400 
CLU_6319 3143309251553 5979 
CLU_6319 3143302150026 7543 
CLU_6319 3143300550108 2359 
CLU_6319 3143303413578 23155 
CLU_6319 3143306329632 9920 
CLU_6319 3143305212588 12643 
CLU_6319 3143309812083 2492 
CLU_6319 3143306023282 4965 
CLU_6319 3143302218968 6597 
CLU_6319 3143309772227 1533 
CLU_6319 3143302203480 6093 
CLU_6319 3143302150085 4801 
CLU_6319 3143300211826 9716 
CLU_6319 3143302149931 7263 
CLU_6319 3143309352511 854 
CLU_6319 3143309690905 6481 
CLU_6319 3143307608756 3485 
CLU_6319 3143306409911 2359 
CLU_6319 3143307780907 8922 
CLU_6319 3143309936424 7230 
CLU_6319 3143309812075 3639 
CLU_6319 3143303688100 3924 
CLU_6319 3143303180115 3696 
CLU_6319 3143305302854 3595 
CLU_6319 3143302219212 2594 
CLU_6319 3143302149958 7963 
CLU_6319 3143307951345 2019 
CLU_6319 3143302219077 6585 
CLU_6319 3143302219344 9098 
CLU_6319 3143307607660 8081 
CLU_6319 3143302150069 2447 
CLU_6319 3143307809131 2340 
CLU_6319 3143300186252 10025 
CLU_6319 3143307836619 1663 
CLU_6319 3143305212545 8884 
CLU_6319 3143302150077 3485 
CLU_6319 3143302150034 4532 
CLU_6319 3143305212529 24764 
CLU_6319 3143302219379 44754 
CLU_6319 3143305212618 24764 
CLU_6319 CLU_6117 46064 
CLU_6319 CLU_6298 3539 
CLU_6319 CLU_6301 16215 
CLU_6319 CLU_6312 8253 
CLU_6319 CLU_6320 9050 
CLU_6319 CLU_6326 9892 
CLU_6319 CLU_6362 4458 
CLU_6319 CLU_6374 9098 
CLU_6319 CLU_6383 2936 
CLU_6319 CLU_6385 2205 
CLU_6319 CLU_6399 8769 
CLU_6319 CLU_6409 42308 
CLU_6319 CLU_6411 19600 
CLU_6319 CLU_6413 44754 
CLU_6319 CLU_6416 24764 
CLU_6319 CLU_6417 64261 
CLU_6320 3143309772235 4204 
CLU_6320 3143309772251 5460 
CLU_6320 3143309812059 4541 
CLU_6320 3143305305063 5796 
CLU_6320 3143307781067 7009 
CLU_6320 3143305304997 6921 
CLU_6320 3143307831331 7569 
CLU_6320 3143300659134 7605 
CLU_6320 3143303180158 6161 
CLU_6320 3143307821506 5461 
CLU_6320 3143302150107 7304 
CLU_6320 3143309775978 5461 
CLU_6320 3143302219107 4148 
CLU_6320 3143302219352 3670 
CLU_6320 3143303180182 5537 
CLU_6320 3143302150050 6543 
CLU_6320 3143302150042 6318 
CLU_6320 3143302219085 6773 
CLU_6320 3143309812032 8350 
CLU_6320 3143302149915 9412 
CLU_6320 3143307299079 6504 
CLU_6320 3143302150018 8906 
CLU_6320 3143302218984 8660 
CLU_6320 3143306065295 9894 
CLU_6320 3143302219069 621 
CLU_6320 3143306629296 8969 
CLU_6320 3143302149923 9429 
CLU_6320 3143306065341 10287 
CLU_6320 3143306329705 10054 
CLU_6320 3143306297943 17071 
CLU_6320 3143305212626 17071 
CLU_6320 3143307780621 6769 
CLU_6320 3143303180166 5461 
CLU_6320 3143302149893 7348 
CLU_6320 3143309251553 3797 
CLU_6320 3143302150026 3327 
CLU_6320 3143300550108 10074 
CLU_6320 3143303413578 31834 
CLU_6320 3143306329632 4034 
CLU_6320 3143305212588 10922 
CLU_6320 3143309812083 7196 
CLU_6320 3143306023282 4086 
CLU_6320 3143302218968 6052 
CLU_6320 3143309772227 7584 
CLU_6320 3143302203480 2957 
CLU_6320 3143302150085 6504 
CLU_6320 3143300211826 1442 
CLU_6320 3143302149931 1893 
CLU_6320 3143309352511 8412 
CLU_6320 3143309690905 4267 
CLU_6320 3143307608756 9839 
CLU_6320 3143306409911 10074 
CLU_6320 3143307780907 1792 
CLU_6320 3143309936424 4146 
CLU_6320 3143309812075 6923 
CLU_6320 3143303688100 7599 
CLU_6320 3143303180115 5460 
CLU_6320 3143305302854 5757 
CLU_6320 3143302219212 6506 
CLU_6320 3143302149958 3857 
CLU_6320 3143307951345 9111 
CLU_6320 3143302219077 3472 
CLU_6320 3143302219344 621 
CLU_6320 3143307607660 7304 
CLU_6320 3143302150069 8254 
CLU_6320 3143307809131 11373 
CLU_6320 3143300186252 1937 
CLU_6320 3143307836619 8350 
CLU_6320 3143305212545 1873 
CLU_6320 3143302150077 9839 
CLU_6320 3143302150034 7289 
CLU_6320 3143305212529 17386 
CLU_6320 3143302219379 39318 
CLU_6320 3143305212618 17386 
CLU_6320 CLU_6117 44463 
CLU_6320 CLU_6298 12372 
CLU_6320 CLU_6301 23260 
CLU_6320 CLU_6312 1100 
CLU_6320 CLU_6320 0 
CLU_6320 CLU_6326 3854 
CLU_6320 CLU_6362 5536 
CLU_6320 CLU_6374 621 
CLU_6320 CLU_6383 11175 
CLU_6320 CLU_6385 9559 
CLU_6320 CLU_6399 860 
CLU_6320 CLU_6409 40357 
CLU_6320 CLU_6411 16724 
CLU_6320 CLU_6413 39318 
CLU_6320 CLU_6416 17386 
CLU_6320 CLU_6417 57352 
CLU_6321 3143309772235 4276 
CLU_6321 3143309772251 5583 
CLU_6321 3143309812059 4534 
CLU_6321 3143305305063 5988 
CLU_6321 3143307781067 7192 
CLU_6321 3143305304997 7069 
CLU_6321 3143307831331 7702 
CLU_6321 3143300659134 7648 
CLU_6321 3143303180158 6082 
CLU_6321 3143307821506 5383 
CLU_6321 3143302150107 7086 
CLU_6321 3143309775978 5383 
CLU_6321 3143302219107 3828 
CLU_6321 3143302219352 3675 
CLU_6321 3143303180182 5807 
CLU_6321 3143302150050 6816 
CLU_6321 3143302150042 6563 
CLU_6321 3143302219085 7033 
CLU_6321 3143309812032 8450 
CLU_6321 3143302149915 9552 
CLU_6321 3143307299079 6828 
CLU_6321 3143302150018 9199 
CLU_6321 3143302218984 8914 
CLU_6321 3143306065295 10069 
CLU_6321 3143302219069 288 
CLU_6321 3143306629296 9239 
CLU_6321 3143302149923 9652 
CLU_6321 3143306065341 10533 
CLU_6321 3143306329705 10220 
CLU_6321 3143306297943 17306 
CLU_6321 3143305212626 17306 
CLU_6321 3143307780621 6698 
CLU_6321 3143303180166 5383 
CLU_6321 3143302149893 7583 
CLU_6321 3143309251553 4113 
CLU_6321 3143302150026 3712 
CLU_6321 3143300550108 10311 
CLU_6321 3143303413578 31900 
CLU_6321 3143306329632 3673 
CLU_6321 3143305212588 11310 
CLU_6321 3143309812083 7285 
CLU_6321 3143306023282 4251 
CLU_6321 3143302218968 5906 
CLU_6321 3143309772227 7729 
CLU_6321 3143302203480 3131 
CLU_6321 3143302150085 6828 
CLU_6321 3143300211826 1046 
CLU_6321 3143302149931 1974 
CLU_6321 3143309352511 8599 
CLU_6321 3143309690905 4627 
CLU_6321 3143307608756 10118 
CLU_6321 3143306409911 10311 
CLU_6321 3143307780907 1477 
CLU_6321 3143309936424 4529 
CLU_6321 3143309812075 6946 
CLU_6321 3143303688100 7595 
CLU_6321 3143303180115 5583 
CLU_6321 3143305302854 5992 
CLU_6321 3143302219212 6695 
CLU_6321 3143302149958 3626 
CLU_6321 3143307951345 9192 
CLU_6321 3143302219077 3819 
CLU_6321 3143302219344 288 
CLU_6321 3143307607660 7086 
CLU_6321 3143302150069 8507 
CLU_6321 3143307809131 11525 
CLU_6321 3143300186252 1542 
CLU_6321 3143307836619 8450 
CLU_6321 3143305212545 2261 
CLU_6321 3143302150077 10118 
CLU_6321 3143302150034 7609 
CLU_6321 3143305212529 17024 
CLU_6321 3143302219379 38927 
CLU_6321 3143305212618 17024 
CLU_6321 CLU_6117 44089 
CLU_6321 CLU_6298 12574 
CLU_6321 CLU_6301 23583 
CLU_6321 CLU_6312 1049 
CLU_6321 CLU_6320 395 
CLU_6321 CLU_6326 4218 
CLU_6321 CLU_6362 5556 
CLU_6321 CLU_6374 288 
CLU_6321 CLU_6383 11405 
CLU_6321 CLU_6385 9635 
CLU_6321 CLU_6399 1255 
CLU_6321 CLU_6409 39979 
CLU_6321 CLU_6411 16350 
CLU_6321 CLU_6413 38927 
CLU_6321 CLU_6416 17024 
CLU_6321 CLU_6417 56990 
CLU_6322 3143309772235 6901 
CLU_6322 3143309772251 5625 
CLU_6322 3143309812059 7554 
CLU_6322 3143305305063 4593 
CLU_6322 3143307781067 3819 
CLU_6322 3143305304997 4449 
CLU_6322 3143307831331 4457 
CLU_6322 3143300659134 6232 
CLU_6322 3143303180158 8320 
CLU_6322 3143307821506 8280 
CLU_6322 3143302150107 11054 
CLU_6322 3143309775978 8280 
CLU_6322 3143302219107 11304 
CLU_6322 3143302219352 7777 
CLU_6322 3143303180182 4312 
CLU_6322 3143302150050 3303 
CLU_6322 3143302150042 3651 
CLU_6322 3143302219085 3122 
CLU_6322 3143309812032 5022 
CLU_6322 3143302149915 4075 
CLU_6322 3143307299079 3617 
CLU_6322 3143302150018 1051 
CLU_6322 3143302218984 1422 
CLU_6322 3143306065295 3205 
CLU_6322 3143302219069 10099 
CLU_6322 3143306629296 914 
CLU_6322 3143302149923 1848 
CLU_6322 3143306065341 1193 
CLU_6322 3143306329705 3499 
CLU_6322 3143306297943 7456 
CLU_6322 3143305212626 7456 
CLU_6322 3143307780621 8253 
CLU_6322 3143303180166 8280 
CLU_6322 3143302149893 2812 
CLU_6322 3143309251553 6094 
CLU_6322 3143302150026 7255 
CLU_6322 3143300550108 1399 
CLU_6322 3143303413578 24399 
CLU_6322 3143306329632 11892 
CLU_6322 3143305212588 9982 
CLU_6322 3143309812083 5408 
CLU_6322 3143306023282 6238 
CLU_6322 3143302218968 9375 
CLU_6322 3143309772227 4219 
CLU_6322 3143302203480 7167 
CLU_6322 3143302150085 3617 
CLU_6322 3143300211826 10894 
CLU_6322 3143302149931 8426 
CLU_6322 3143309352511 3044 
CLU_6322 3143309690905 6029 
CLU_6322 3143307608756 0 
CLU_6322 3143306409911 1399 
CLU_6322 3143307780907 10330 
CLU_6322 3143309936424 6619 
CLU_6322 3143309812075 6622 
CLU_6322 3143303688100 7135 
CLU_6322 3143303180115 5625 
CLU_6322 3143305302854 4258 
CLU_6322 3143302219212 4082 
CLU_6322 3143302149958 10067 
CLU_6322 3143307951345 5504 
CLU_6322 3143302219077 6562 
CLU_6322 3143302219344 10099 
CLU_6322 3143307607660 11054 
CLU_6322 3143302150069 1793 
CLU_6322 3143307809131 4379 
CLU_6322 3143300186252 11308 
CLU_6322 3143307836619 5022 
CLU_6322 3143305212545 8994 
CLU_6322 3143302150077 0 
CLU_6322 3143302150034 2880 
CLU_6322 3143305212529 26740 
CLU_6322 3143302219379 47506 
CLU_6322 3143305212618 26740 
CLU_6322 CLU_6117 49463 
CLU_6322 CLU_6298 3708 
CLU_6322 CLU_6301 13704 
CLU_6322 CLU_6312 9370 
CLU_6322 CLU_6320 9839 
CLU_6322 CLU_6326 9269 
CLU_6322 CLU_6362 6919 
CLU_6322 CLU_6374 10099 
CLU_6322 CLU_6383 2142 
CLU_6322 CLU_6385 5674 
CLU_6322 CLU_6399 9281 
CLU_6322 CLU_6409 45668 
CLU_6322 CLU_6411 22707 
CLU_6322 CLU_6413 47506 
CLU_6322 CLU_6416 26740 
CLU_6322 CLU_6417 66557 
CLU_6323 3143309772235 6335 
CLU_6323 3143309772251 4931 
CLU_6323 3143309812059 6816 
CLU_6323 3143305305063 4134 
CLU_6323 3143307781067 3041 
CLU_6323 3143305304997 3495 
CLU_6323 3143307831331 3260 
CLU_6323 3143300659134 4900 
CLU_6323 3143303180158 7236 
CLU_6323 3143307821506 7321 
CLU_6323 3143302150107 9894 
CLU_6323 3143309775978 7321 
CLU_6323 3143302219107 10653 
CLU_6323 3143302219352 7218 
CLU_6323 3143303180182 4416 
CLU_6323 3143302150050 3509 
CLU_6323 3143302150042 3548 
CLU_6323 3143302219085 3183 
CLU_6323 3143309812032 3564 
CLU_6323 3143302149915 2417 
CLU_6323 3143307299079 4356 
CLU_6323 3143302150018 2328 
CLU_6323 3143302218984 1445 
CLU_6323 3143306065295 1477 
CLU_6323 3143302219069 10000 
CLU_6323 3143306629296 1629 
CLU_6323 3143302149923 424 
CLU_6323 3143306065341 803 
CLU_6323 3143306329705 1766 
CLU_6323 3143306297943 7245 
CLU_6323 3143305212626 7245 
CLU_6323 3143307780621 7064 
CLU_6323 3143303180166 7321 
CLU_6323 3143302149893 2500 
CLU_6323 3143309251553 6326 
CLU_6323 3143302150026 7727 
CLU_6323 3143300550108 442 
CLU_6323 3143303413578 23250 
CLU_6323 3143306329632 11313 
CLU_6323 3143305212588 11541 
CLU_6323 3143309812083 4211 
CLU_6323 3143306023282 5901 
CLU_6323 3143302218968 8324 
CLU_6323 3143309772227 3057 
CLU_6323 3143302203480 6964 
CLU_6323 3143302150085 4356 
CLU_6323 3143300211826 10717 
CLU_6323 3143302149931 8214 
CLU_6323 3143309352511 1798 
CLU_6323 3143309690905 6539 
CLU_6323 3143307608756 1734 
CLU_6323 3143306409911 442 
CLU_6323 3143307780907 10028 
CLU_6323 3143309936424 7228 
CLU_6323 3143309812075 5418 
CLU_6323 3143303688100 5797 
CLU_6323 3143303180115 4931 
CLU_6323 3143305302854 4085 
CLU_6323 3143302219212 3468 
CLU_6323 3143302149958 9398 
CLU_6323 3143307951345 3905 
CLU_6323 3143302219077 6881 
CLU_6323 3143302219344 10000 
CLU_6323 3143307607660 9894 
CLU_6323 3143302150069 1755 
CLU_6323 3143307809131 2727 
CLU_6323 3143300186252 11082 
CLU_6323 3143307836619 3564 
CLU_6323 3143305212545 9314 
CLU_6323 3143302150077 1734 
CLU_6323 3143302150034 3804 
CLU_6323 3143305212529 26214 
CLU_6323 3143302219379 46527 
CLU_6323 3143305212618 26214 
CLU_6323 CLU_6117 47978 
CLU_6323 CLU_6298 2644 
CLU_6323 CLU_6301 14470 
CLU_6323 CLU_6312 9200 
CLU_6323 CLU_6320 9841 
CLU_6323 CLU_6326 9944 
CLU_6323 CLU_6362 6005 
CLU_6323 CLU_6374 10000 
CLU_6323 CLU_6383 1345 
CLU_6323 CLU_6385 4020 
CLU_6323 CLU_6399 9410 
CLU_6323 CLU_6409 44224 
CLU_6323 CLU_6411 21474 
CLU_6323 CLU_6413 46527 
CLU_6323 CLU_6416 26214 
CLU_6323 CLU_6417 65868 
CLU_6324 3143309772235 9926 
CLU_6324 3143309772251 8496 
CLU_6324 3143309812059 10222 
CLU_6324 3143305305063 7907 
CLU_6324 3143307781067 6716 
CLU_6324 3143305304997 6962 
CLU_6324 3143307831331 6468 
CLU_6324 3143300659134 7558 
CLU_6324 3143303180158 10135 
CLU_6324 3143307821506 10419 
CLU_6324 3143302150107 12481 
CLU_6324 3143309775978 10419 
CLU_6324 3143302219107 14011 
CLU_6324 3143302219352 10778 
CLU_6324 3143303180182 8341 
CLU_6324 3143302150050 7436 
CLU_6324 3143302150042 7459 
CLU_6324 3143302219085 7112 
CLU_6324 3143309812032 6183 
CLU_6324 3143302149915 4747 
CLU_6324 3143307299079 8189 
CLU_6324 3143302150018 5784 
CLU_6324 3143302218984 5315 
CLU_6324 3143306065295 3919 
CLU_6324 3143302219069 13806 
CLU_6324 3143306629296 5281 
CLU_6324 3143302149923 4310 
CLU_6324 3143306065341 3755 
CLU_6324 3143306329705 3859 
CLU_6324 3143306297943 3729 
CLU_6324 3143305212626 3729 
CLU_6324 3143307780621 9779 
CLU_6324 3143303180166 10419 
CLU_6324 3143302149893 6407 
CLU_6324 3143309251553 10252 
CLU_6324 3143302150026 11651 
CLU_6324 3143300550108 3822 
CLU_6324 3143303413578 19641 
CLU_6324 3143306329632 14736 
CLU_6324 3143305212588 14494 
CLU_6324 3143309812083 7247 
CLU_6324 3143306023282 9662 
CLU_6324 3143302218968 11211 
CLU_6324 3143309772227 6356 
CLU_6324 3143302203480 10767 
CLU_6324 3143302150085 8189 
CLU_6324 3143300211826 14474 
CLU_6324 3143302149931 11988 
CLU_6324 3143309352511 5311 
CLU_6324 3143309690905 10455 
CLU_6324 3143307608756 4774 
CLU_6324 3143306409911 3822 
CLU_6324 3143307780907 13716 
CLU_6324 3143309936424 11129 
CLU_6324 3143309812075 8274 
CLU_6324 3143303688100 8312 
CLU_6324 3143303180115 8496 
CLU_6324 3143305302854 7968 
CLU_6324 3143302219212 7203 
CLU_6324 3143302149958 12774 
CLU_6324 3143307951345 5947 
CLU_6324 3143302219077 10810 
CLU_6324 3143302219344 13806 
CLU_6324 3143307607660 12481 
CLU_6324 3143302150069 5667 
CLU_6324 3143307809131 2955 
CLU_6324 3143300186252 14806 
CLU_6324 3143307836619 6183 
CLU_6324 3143305212545 13240 
CLU_6324 3143302150077 4774 
CLU_6324 3143302150034 7542 
CLU_6324 3143305212529 29537 
CLU_6324 3143302219379 49041 
CLU_6324 3143305212618 29537 
CLU_6324 CLU_6117 49016 
CLU_6324 CLU_6298 1321 
CLU_6324 CLU_6301 12192 
CLU_6324 CLU_6312 12981 
CLU_6324 CLU_6320 13693 
CLU_6324 CLU_6326 13839 
CLU_6324 CLU_6362 9257 
CLU_6324 CLU_6374 13806 
CLU_6324 CLU_6383 2721 
CLU_6324 CLU_6385 5738 
CLU_6324 CLU_6399 13304 
CLU_6324 CLU_6409 45444 
CLU_6324 CLU_6411 23560 
CLU_6324 CLU_6413 49041 
CLU_6324 CLU_6416 29537 
CLU_6324 CLU_6417 68867 
CLU_6325 3143309772235 5006 
CLU_6325 3143309772251 6383 
CLU_6325 3143309812059 4526 
CLU_6325 3143305305063 7306 
CLU_6325 3143307781067 8276 
CLU_6325 3143305304997 7853 
CLU_6325 3143307831331 8275 
CLU_6325 3143300659134 7399 
CLU_6325 3143303180158 4976 
CLU_6325 3143307821506 4467 
CLU_6325 3143302150107 4441 
CLU_6325 3143309775978 4467 
CLU_6325 3143302219107 806 
CLU_6325 3143302219352 4122 
CLU_6325 3143303180182 7818 
CLU_6325 3143302150050 8751 
CLU_6325 3143302150042 8271 
CLU_6325 3143302219085 8827 
CLU_6325 3143309812032 8635 
CLU_6325 3143302149915 10017 
CLU_6325 3143307299079 9250 
CLU_6325 3143302150018 11166 
CLU_6325 3143302218984 10511 
CLU_6325 3143306065295 10828 
CLU_6325 3143302219069 3413 
CLU_6325 3143306629296 10978 
CLU_6325 3143302149923 10892 
CLU_6325 3143306065341 11959 
CLU_6325 3143306329705 10878 
CLU_6325 3143306297943 18396 
CLU_6325 3143305212626 18396 
CLU_6325 3143307780621 5542 
CLU_6325 3143303180166 4467 
CLU_6325 3143302149893 9094 
CLU_6325 3143309251553 6727 
CLU_6325 3143302150026 6992 
CLU_6325 3143300550108 11661 
CLU_6325 3143303413578 31118 
CLU_6325 3143306329632 0 
CLU_6325 3143305212588 14893 
CLU_6325 3143309812083 7505 
CLU_6325 3143306023282 5690 
CLU_6325 3143302218968 4174 
CLU_6325 3143309772227 8407 
CLU_6325 3143302203480 4982 
CLU_6325 3143302150085 9250 
CLU_6325 3143300211826 2769 
CLU_6325 3143302149931 3922 
CLU_6325 3143309352511 9574 
CLU_6325 3143309690905 7566 
CLU_6325 3143307608756 11892 
CLU_6325 3143306409911 11661 
CLU_6325 3143307780907 2289 
CLU_6325 3143309936424 7725 
CLU_6325 3143309812075 6625 
CLU_6325 3143303688100 6921 
CLU_6325 3143303180115 6383 
CLU_6325 3143305302854 7669 
CLU_6325 3143302219212 7888 
CLU_6325 3143302149958 1966 
CLU_6325 3143307951345 9126 
CLU_6325 3143302219077 6710 
CLU_6325 3143302219344 3413 
CLU_6325 3143307607660 4441 
CLU_6325 3143302150069 10113 
CLU_6325 3143307809131 11971 
CLU_6325 3143300186252 2416 
CLU_6325 3143307836619 8635 
CLU_6325 3143305212545 5884 
CLU_6325 3143302150077 11892 
CLU_6325 3143302150034 9939 
CLU_6325 3143305212529 14900 
CLU_6325 3143302219379 35945 
CLU_6325 3143305212618 14900 
CLU_6325 CLU_6117 40441 
CLU_6325 CLU_6298 13460 
CLU_6325 CLU_6301 25596 
CLU_6325 CLU_6312 3415 
CLU_6325 CLU_6320 4034 
CLU_6325 CLU_6326 7888 
CLU_6325 CLU_6362 5484 
CLU_6325 CLU_6374 3413 
CLU_6325 CLU_6383 12630 
CLU_6325 CLU_6385 9497 
CLU_6325 CLU_6399 4844 
CLU_6325 CLU_6409 36348 
CLU_6325 CLU_6411 12703 
CLU_6325 CLU_6413 35945 
CLU_6325 CLU_6416 14900 
CLU_6325 CLU_6417 54666 
CLU_6326 3143309772235 6450 
CLU_6326 3143309772251 7110 
CLU_6326 3143309812059 7192 
CLU_6326 3143305305063 6777 
CLU_6326 3143307781067 7875 
CLU_6326 3143305304997 8133 
CLU_6326 3143307831331 8836 
CLU_6326 3143300659134 9604 
CLU_6326 3143303180158 9038 
CLU_6326 3143307821506 8383 
CLU_6326 3143302150107 10791 
CLU_6326 3143309775978 8383 
CLU_6326 3143302219107 7971 
CLU_6326 3143302219352 6402 
CLU_6326 3143303180182 5721 
CLU_6326 3143302150050 6468 
CLU_6326 3143302150042 6631 
CLU_6326 3143302219085 6827 
CLU_6326 3143309812032 9833 
CLU_6326 3143302149915 10445 
CLU_6326 3143307299079 5672 
CLU_6326 3143302150018 8219 
CLU_6326 3143302218984 8525 
CLU_6326 3143306065295 10546 
CLU_6326 3143302219069 4475 
CLU_6326 3143306629296 8589 
CLU_6326 3143302149923 9606 
CLU_6326 3143306065341 10105 
CLU_6326 3143306329705 10792 
CLU_6326 3143306297943 16713 
CLU_6326 3143305212626 16713 
CLU_6326 3143307780621 9563 
CLU_6326 3143303180166 8383 
CLU_6326 3143302149893 7617 
CLU_6326 3143309251553 3980 
CLU_6326 3143302150026 2372 
CLU_6326 3143300550108 10016 
CLU_6326 3143303413578 33034 
CLU_6326 3143306329632 7888 
CLU_6326 3143305212588 7218 
CLU_6326 3143309812083 8880 
CLU_6326 3143306023282 5719 
CLU_6326 3143302218968 9272 
CLU_6326 3143309772227 8743 
CLU_6326 3143302203480 4921 
CLU_6326 3143302150085 5672 
CLU_6326 3143300211826 5201 
CLU_6326 3143302149931 4792 
CLU_6326 3143309352511 9077 
CLU_6326 3143309690905 3432 
CLU_6326 3143307608756 9269 
CLU_6326 3143306409911 10016 
CLU_6326 3143307780907 5632 
CLU_6326 3143309936424 2717 
CLU_6326 3143309812075 9116 
CLU_6326 3143303688100 9927 
CLU_6326 3143303180115 7110 
CLU_6326 3143305302854 6312 
CLU_6326 3143302219212 7393 
CLU_6326 3143302149958 7488 
CLU_6326 3143307951345 10698 
CLU_6326 3143302219077 3372 
CLU_6326 3143302219344 4475 
CLU_6326 3143307607660 10791 
CLU_6326 3143302150069 8189 
CLU_6326 3143307809131 12167 
CLU_6326 3143300186252 5661 
CLU_6326 3143307836619 9833 
CLU_6326 3143305212545 2058 
CLU_6326 3143302150077 9269 
CLU_6326 3143302150034 6389 
CLU_6326 3143305212529 20187 
CLU_6326 3143302219379 42613 
CLU_6326 3143305212618 20187 
CLU_6326 CLU_6117 48302 
CLU_6326 CLU_6298 12585 
CLU_6326 CLU_6301 21571 
CLU_6326 CLU_6312 4663 
CLU_6326 CLU_6320 3854 
CLU_6326 CLU_6326 0 
CLU_6326 CLU_6362 7895 
CLU_6326 CLU_6374 4475 
CLU_6326 CLU_6383 11125 
CLU_6326 CLU_6385 11146 
CLU_6326 CLU_6399 3077 
CLU_6326 CLU_6409 44184 
CLU_6326 CLU_6411 20565 
CLU_6326 CLU_6413 42613 
CLU_6326 CLU_6416 20187 
CLU_6326 CLU_6417 60009 
CLU_6327 3143309772235 11926 
CLU_6327 3143309772251 11784 
CLU_6327 3143309812059 12849 
CLU_6327 3143305305063 10843 
CLU_6327 3143307781067 11344 
CLU_6327 3143305304997 11946 
CLU_6327 3143307831331 12493 
CLU_6327 3143300659134 13998 
CLU_6327 3143303180158 14595 
CLU_6327 3143307821506 14091 
CLU_6327 3143302150107 16952 
CLU_6327 3143309775978 14091 
CLU_6327 3143302219107 14828 
CLU_6327 3143302219352 12314 
CLU_6327 3143303180182 9421 
CLU_6327 3143302150050 9378 
CLU_6327 3143302150042 9960 
CLU_6327 3143302219085 9706 
CLU_6327 3143309812032 13501 
CLU_6327 3143302149915 13323 
CLU_6327 3143307299079 8061 
CLU_6327 3143302150018 9213 
CLU_6327 3143302218984 10289 
CLU_6327 3143306065295 12825 
CLU_6327 3143302219069 11536 
CLU_6327 3143306629296 9927 
CLU_6327 3143302149923 11437 
CLU_6327 3143306065341 11173 
CLU_6327 3143306329705 13136 
CLU_6327 3143306297943 15950 
CLU_6327 3143305212626 15950 
CLU_6327 3143307780621 14944 
CLU_6327 3143303180166 14091 
CLU_6327 3143302149893 10393 
CLU_6327 3143309251553 8949 
CLU_6327 3143302150026 8021 
CLU_6327 3143300550108 11325 
CLU_6327 3143303413578 33999 
CLU_6327 3143306329632 14893 
CLU_6327 3143305212588 0 
CLU_6327 3143309812083 13055 
CLU_6327 3143306023282 10917 
CLU_6327 3143302218968 15206 
CLU_6327 3143309772227 12286 
CLU_6327 3143302203480 10736 
CLU_6327 3143302150085 8061 
CLU_6327 3143300211826 12339 
CLU_6327 3143302149931 11251 
CLU_6327 3143309352511 11832 
CLU_6327 3143309690905 7923 
CLU_6327 3143307608756 9982 
CLU_6327 3143306409911 11325 
CLU_6327 3143307780907 12604 
CLU_6327 3143309936424 7446 
CLU_6327 3143309812075 13856 
CLU_6327 3143303688100 14672 
CLU_6327 3143303180115 11784 
CLU_6327 3143305302854 10108 
CLU_6327 3143302219212 11081 
CLU_6327 3143302149958 14076 
CLU_6327 3143307951345 14307 
CLU_6327 3143302219077 8635 
CLU_6327 3143302219344 11536 
CLU_6327 3143307607660 16952 
CLU_6327 3143302150069 10211 
CLU_6327 3143307809131 14268 
CLU_6327 3143300186252 12818 
CLU_6327 3143307836619 13501 
CLU_6327 3143305212545 9049 
CLU_6327 3143302150077 9982 
CLU_6327 3143302150034 8133 
CLU_6327 3143305212529 27095 
CLU_6327 3143302219379 49737 
CLU_6327 3143305212618 27095 
CLU_6327 CLU_6117 55309 
CLU_6327 CLU_6298 13626 
CLU_6327 CLU_6301 17657 
CLU_6327 CLU_6312 11497 
CLU_6327 CLU_6320 10922 
CLU_6327 CLU_6326 7218 
CLU_6327 CLU_6362 13095 
CLU_6327 CLU_6374 11536 
CLU_6327 CLU_6383 12094 
CLU_6327 CLU_6385 14661 
CLU_6327 CLU_6399 10075 
CLU_6327 CLU_6409 51235 
CLU_6327 CLU_6411 27585 
CLU_6327 CLU_6413 49737 
CLU_6327 CLU_6416 27095 
CLU_6327 CLU_6417 66610 
CLU_6328 3143309772235 3123 
CLU_6328 3143309772251 1849 
CLU_6328 3143309812059 3217 
CLU_6328 3143305305063 2180 
CLU_6328 3143307781067 1632 
CLU_6328 3143305304997 963 
CLU_6328 3143307831331 709 
CLU_6328 3143300659134 1162 
CLU_6328 3143303180158 3278 
CLU_6328 3143307821506 3426 
CLU_6328 3143302150107 5943 
CLU_6328 3143309775978 3426 
CLU_6328 3143302219107 6972 
CLU_6328 3143302219352 3880 
CLU_6328 3143303180182 3561 
CLU_6328 3143302150050 3552 
CLU_6328 3143302150042 2944 
CLU_6328 3143302219085 3266 
CLU_6328 3143309812032 1066 
CLU_6328 3143302149915 2319 
CLU_6328 3143307299079 4854 
CLU_6328 3143302150018 4938 
CLU_6328 3143302218984 3798 
CLU_6328 3143306065295 3156 
CLU_6328 3143302219069 7228 
CLU_6328 3143306629296 4382 
CLU_6328 3143302149923 3585 
CLU_6328 3143306065341 4732 
CLU_6328 3143306329705 3180 
CLU_6328 3143306297943 10724 
CLU_6328 3143305212626 10724 
CLU_6328 3143307780621 3116 
CLU_6328 3143303180166 3426 
CLU_6328 3143302149893 2778 
CLU_6328 3143309251553 4897 
CLU_6328 3143302150026 6499 
CLU_6328 3143300550108 4382 
CLU_6328 3143303413578 24573 
CLU_6328 3143306329632 7703 
CLU_6328 3143305212588 12903 
CLU_6328 3143309812083 252 
CLU_6328 3143306023282 3303 
CLU_6328 3143302218968 4370 
CLU_6328 3143309772227 939 
CLU_6328 3143302203480 4391 
CLU_6328 3143302150085 4854 
CLU_6328 3143300211826 7749 
CLU_6328 3143302149931 5410 
CLU_6328 3143309352511 2181 
CLU_6328 3143309690905 5682 
CLU_6328 3143307608756 5158 
CLU_6328 3143306409911 4382 
CLU_6328 3143307780907 6887 
CLU_6328 3143309936424 6426 
CLU_6328 3143309812075 1471 
CLU_6328 3143303688100 2021 
CLU_6328 3143303180115 1849 
CLU_6328 3143305302854 2852 
CLU_6328 3143302219212 1822 
CLU_6328 3143302149958 5738 
CLU_6328 3143307951345 1870 
CLU_6328 3143302219077 5495 
CLU_6328 3143302219344 7228 
CLU_6328 3143307607660 5943 
CLU_6328 3143302150069 3539 
CLU_6328 3143307809131 4298 
CLU_6328 3143300186252 8008 
CLU_6328 3143307836619 1066 
CLU_6328 3143305212545 7486 
CLU_6328 3143302150077 5158 
CLU_6328 3143302150034 4955 
CLU_6328 3143305212529 22512 
CLU_6328 3143302219379 42567 
CLU_6328 3143305212618 22512 
CLU_6328 CLU_6117 44364 
CLU_6328 CLU_6298 5779 
CLU_6328 CLU_6301 18416 
CLU_6328 CLU_6312 6367 
CLU_6328 CLU_6320 7283 
CLU_6328 CLU_6326 8859 
CLU_6328 CLU_6362 2219 
CLU_6328 CLU_6374 7228 
CLU_6328 CLU_6383 5148 
CLU_6328 CLU_6385 2325 
CLU_6328 CLU_6399 7158 
CLU_6328 CLU_6409 40540 
CLU_6328 CLU_6411 17566 
CLU_6328 CLU_6413 42567 
CLU_6328 CLU_6416 22512 
CLU_6328 CLU_6417 62004 
CLU_6329 3143309772235 805 
CLU_6329 3143309772251 1642 
CLU_6329 3143309812059 295 
CLU_6329 3143305305063 2734 
CLU_6329 3143307781067 3511 
CLU_6329 3143305304997 3038 
CLU_6329 3143307831331 3466 
CLU_6329 3143300659134 2960 
CLU_6329 3143303180158 1902 
CLU_6329 3143307821506 1374 
CLU_6329 3143302150107 4338 
CLU_6329 3143309775978 1374 
CLU_6329 3143302219107 4134 
CLU_6329 3143302219352 1032 
CLU_6329 3143303180182 3746 
CLU_6329 3143302150050 4448 
CLU_6329 3143302150042 3845 
CLU_6329 3143302219085 4400 
CLU_6329 3143309812032 3950 
CLU_6329 3143302149915 5256 
CLU_6329 3143307299079 5365 
CLU_6329 3143302150018 6685 
CLU_6329 3143302218984 5851 
CLU_6329 3143306065295 6018 
CLU_6329 3143302219069 4505 
CLU_6329 3143306629296 6368 
CLU_6329 3143302149923 6103 
CLU_6329 3143306065341 7199 
CLU_6329 3143306329705 6082 
CLU_6329 3143306297943 13579 
CLU_6329 3143305212626 13579 
CLU_6329 3143307780621 2369 
CLU_6329 3143303180166 1374 
CLU_6329 3143302149893 4462 
CLU_6329 3143309251553 3797 
CLU_6329 3143302150026 5097 
CLU_6329 3143300550108 6886 
CLU_6329 3143303413578 27219 
CLU_6329 3143306329632 4819 
CLU_6329 3143305212588 12722 
CLU_6329 3143309812083 2774 
CLU_6329 3143306023282 1807 
CLU_6329 3143302218968 2534 
CLU_6329 3143309772227 3589 
CLU_6329 3143302203480 2283 
CLU_6329 3143302150085 5365 
CLU_6329 3143300211826 4906 
CLU_6329 3143302149931 2819 
CLU_6329 3143309352511 4761 
CLU_6329 3143309690905 4817 
CLU_6329 3143307608756 7267 
CLU_6329 3143306409911 6886 
CLU_6329 3143307780907 3995 
CLU_6329 3143309936424 5400 
CLU_6329 3143309812075 2240 
CLU_6329 3143303688100 2912 
CLU_6329 3143303180115 1642 
CLU_6329 3143305302854 3312 
CLU_6329 3143302219212 3185 
CLU_6329 3143302149958 2880 
CLU_6329 3143307951345 4589 
CLU_6329 3143302219077 4218 
CLU_6329 3143302219344 4505 
CLU_6329 3143307607660 4338 
CLU_6329 3143302150069 5474 
CLU_6329 3143307809131 7239 
CLU_6329 3143300186252 5119 
CLU_6329 3143307836619 3950 
CLU_6329 3143305212545 5418 
CLU_6329 3143302150077 7267 
CLU_6329 3143302150034 5864 
CLU_6329 3143305212529 19703 
CLU_6329 3143302219379 40253 
CLU_6329 3143305212618 19703 
CLU_6329 CLU_6117 43152 
CLU_6329 CLU_6298 8649 
CLU_6329 CLU_6301 20915 
CLU_6329 CLU_6312 3658 
CLU_6329 CLU_6320 4692 
CLU_6329 CLU_6326 7203 
CLU_6329 CLU_6362 851 
CLU_6329 CLU_6374 4505 
CLU_6329 CLU_6383 7823 
CLU_6329 CLU_6385 5015 
CLU_6329 CLU_6399 4799 
CLU_6329 CLU_6409 39210 
CLU_6329 CLU_6411 15801 
CLU_6329 CLU_6413 40253 
CLU_6329 CLU_6416 19703 
CLU_6329 CLU_6417 59364 
CLU_6330 3143309772235 756 
CLU_6330 3143309772251 1544 
CLU_6330 3143309812059 390 
CLU_6330 3143305305063 2637 
CLU_6330 3143307781067 3414 
CLU_6330 3143305304997 2946 
CLU_6330 3143307831331 3381 
CLU_6330 3143300659134 2914 
CLU_6330 3143303180158 1954 
CLU_6330 3143307821506 1447 
CLU_6330 3143302150107 4420 
CLU_6330 3143309775978 1447 
CLU_6330 3143302219107 4227 
CLU_6330 3143302219352 1074 
CLU_6330 3143303180182 3657 
CLU_6330 3143302150050 4353 
CLU_6330 3143302150042 3749 
CLU_6330 3143302219085 4303 
CLU_6330 3143309812032 3880 
CLU_6330 3143302149915 5177 
CLU_6330 3143307299079 5277 
CLU_6330 3143302150018 6587 
CLU_6330 3143302218984 5753 
CLU_6330 3143306065295 5932 
CLU_6330 3143302219069 4544 
CLU_6330 3143306629296 6270 
CLU_6330 3143302149923 6009 
CLU_6330 3143306065341 7103 
CLU_6330 3143306329705 5999 
CLU_6330 3143306297943 13491 
CLU_6330 3143305212626 13491 
CLU_6330 3143307780621 2404 
CLU_6330 3143303180166 1447 
CLU_6330 3143302149893 4364 
CLU_6330 3143309251553 3740 
CLU_6330 3143302150026 5058 
CLU_6330 3143300550108 6791 
CLU_6330 3143303413578 27174 
CLU_6330 3143306329632 4908 
CLU_6330 3143305212588 12657 
CLU_6330 3143309812083 2702 
CLU_6330 3143306023282 1740 
CLU_6330 3143302218968 2614 
CLU_6330 3143309772227 3502 
CLU_6330 3143302203480 2260 
CLU_6330 3143302150085 5277 
CLU_6330 3143300211826 4960 
CLU_6330 3143302149931 2840 
CLU_6330 3143309352511 4669 
CLU_6330 3143309690905 4758 
CLU_6330 3143307608756 7169 
CLU_6330 3143306409911 6791 
CLU_6330 3143307780907 4056 
CLU_6330 3143309936424 5348 
CLU_6330 3143309812075 2205 
CLU_6330 3143303688100 2895 
CLU_6330 3143303180115 1544 
CLU_6330 3143305302854 3218 
CLU_6330 3143302219212 3087 
CLU_6330 3143302149958 2972 
CLU_6330 3143307951345 4530 
CLU_6330 3143302219077 4170 
CLU_6330 3143302219344 4544 
CLU_6330 3143307607660 4420 
CLU_6330 3143302150069 5376 
CLU_6330 3143307809131 7162 
CLU_6330 3143300186252 5180 
CLU_6330 3143307836619 3880 
CLU_6330 3143305212545 5412 
CLU_6330 3143302150077 7169 
CLU_6330 3143302150034 5772 
CLU_6330 3143305212529 19795 
CLU_6330 3143302219379 40352 
CLU_6330 3143305212618 19795 
CLU_6330 CLU_6117 43238 
CLU_6330 CLU_6298 8562 
CLU_6330 CLU_6301 20818 
CLU_6330 CLU_6312 3694 
CLU_6330 CLU_6320 4720 
CLU_6330 CLU_6326 7181 
CLU_6330 CLU_6362 816 
CLU_6330 CLU_6374 4544 
CLU_6330 CLU_6383 7730 
CLU_6330 CLU_6385 4958 
CLU_6330 CLU_6399 4809 
CLU_6330 CLU_6409 39298 
CLU_6330 CLU_6411 15894 
CLU_6330 CLU_6413 40352 
CLU_6330 CLU_6416 19795 
CLU_6330 CLU_6417 59460 
CLU_6331 3143309772235 3298 
CLU_6331 3143309772251 3942 
CLU_6331 3143309812059 2366 
CLU_6331 3143305305063 5097 
CLU_6331 3143307781067 5562 
CLU_6331 3143305304997 4929 
CLU_6331 3143307831331 5064 
CLU_6331 3143300659134 3653 
CLU_6331 3143303180158 1095 
CLU_6331 3143307821506 1183 
CLU_6331 3143302150107 1808 
CLU_6331 3143309775978 1183 
CLU_6331 3143302219107 3368 
CLU_6331 3143302219352 2941 
CLU_6331 3143303180182 6251 
CLU_6331 3143302150050 6869 
CLU_6331 3143302150042 6234 
CLU_6331 3143302219085 6764 
CLU_6331 3143309812032 5045 
CLU_6331 3143302149915 6493 
CLU_6331 3143307299079 7871 
CLU_6331 3143302150018 8940 
CLU_6331 3143302218984 7958 
CLU_6331 3143306065295 7461 
CLU_6331 3143302219069 5635 
CLU_6331 3143306629296 8519 
CLU_6331 3143302149923 7938 
CLU_6331 3143306065341 9082 
CLU_6331 3143306329705 7427 
CLU_6331 3143306297943 14938 
CLU_6331 3143305212626 14938 
CLU_6331 3143307780621 1472 
CLU_6331 3143303180166 1183 
CLU_6331 3143302149893 6665 
CLU_6331 3143309251553 6256 
CLU_6331 3143302150026 7395 
CLU_6331 3143300550108 8737 
CLU_6331 3143303413578 26946 
CLU_6331 3143306329632 4174 
CLU_6331 3143305212588 15206 
CLU_6331 3143309812083 4124 
CLU_6331 3143306023282 4324 
CLU_6331 3143302218968 0 
CLU_6331 3143309772227 5269 
CLU_6331 3143302203480 4535 
CLU_6331 3143302150085 7871 
CLU_6331 3143300211826 5640 
CLU_6331 3143302149931 4504 
CLU_6331 3143309352511 6530 
CLU_6331 3143309690905 7282 
CLU_6331 3143307608756 9375 
CLU_6331 3143306409911 8737 
CLU_6331 3143307780907 4662 
CLU_6331 3143309936424 7808 
CLU_6331 3143309812075 2964 
CLU_6331 3143303688100 2954 
CLU_6331 3143303180115 3942 
CLU_6331 3143305302854 5755 
CLU_6331 3143302219212 5379 
CLU_6331 3143302149958 2517 
CLU_6331 3143307951345 5314 
CLU_6331 3143302219077 6610 
CLU_6331 3143302219344 5635 
CLU_6331 3143307607660 1808 
CLU_6331 3143302150069 7624 
CLU_6331 3143307809131 8300 
CLU_6331 3143300186252 5629 
CLU_6331 3143307836619 5045 
CLU_6331 3143305212545 7306 
CLU_6331 3143302150077 9375 
CLU_6331 3143302150034 8323 
CLU_6331 3143305212529 18401 
CLU_6331 3143302219379 38203 
CLU_6331 3143305212618 18401 
CLU_6331 CLU_6117 40637 
CLU_6331 CLU_6298 10022 
CLU_6331 CLU_6301 22786 
CLU_6331 CLU_6312 4958 
CLU_6331 CLU_6320 6052 
CLU_6331 CLU_6326 9272 
CLU_6331 CLU_6362 2504 
CLU_6331 CLU_6374 5635 
CLU_6331 CLU_6383 9515 
CLU_6331 CLU_6385 5617 
CLU_6331 CLU_6399 6464 
CLU_6331 CLU_6409 36711 
CLU_6331 CLU_6411 13399 
CLU_6331 CLU_6413 38203 
CLU_6331 CLU_6416 18401 
CLU_6331 CLU_6417 57685 
CLU_6332 3143309772235 1499 
CLU_6332 3143309772251 2500 
CLU_6332 3143309812059 599 
CLU_6332 3143305305063 3599 
CLU_6332 3143307781067 4349 
CLU_6332 3143305304997 3841 
CLU_6332 3143307831331 4206 
CLU_6332 3143300659134 3405 
CLU_6332 3143303180158 1568 
CLU_6332 3143307821506 877 
CLU_6332 3143302150107 3605 
CLU_6332 3143309775978 877 
CLU_6332 3143302219107 3358 
CLU_6332 3143302219352 1120 
CLU_6332 3143303180182 4569 
CLU_6332 3143302150050 5302 
CLU_6332 3143302150042 4706 
CLU_6332 3143302219085 5262 
CLU_6332 3143309812032 4563 
CLU_6332 3143302149915 5934 
CLU_6332 3143307299079 6182 
CLU_6332 3143302150018 7549 
CLU_6332 3143302218984 6706 
CLU_6332 3143306065295 6755 
CLU_6332 3143302219069 4311 
CLU_6332 3143306629296 7228 
CLU_6332 3143302149923 6921 
CLU_6332 3143306065341 8029 
CLU_6332 3143306329705 6797 
CLU_6332 3143306297943 14328 
CLU_6332 3143305212626 14328 
CLU_6332 3143307780621 2164 
CLU_6332 3143303180166 877 
CLU_6332 3143302149893 5323 
CLU_6332 3143309251553 4412 
CLU_6332 3143302150026 5562 
CLU_6332 3143300550108 7710 
CLU_6332 3143303413578 27558 
CLU_6332 3143306329632 4083 
CLU_6332 3143305212588 13361 
CLU_6332 3143309812083 3422 
CLU_6332 3143306023282 2521 
CLU_6332 3143302218968 1848 
CLU_6332 3143309772227 4352 
CLU_6332 3143302203480 2696 
CLU_6332 3143302150085 6182 
CLU_6332 3143300211826 4564 
CLU_6332 3143302149931 2851 
CLU_6332 3143309352511 5558 
CLU_6332 3143309690905 5437 
CLU_6332 3143307608756 8124 
CLU_6332 3143306409911 7710 
CLU_6332 3143307780907 3599 
CLU_6332 3143309936424 5960 
CLU_6332 3143309812075 2634 
CLU_6332 3143303688100 3128 
CLU_6332 3143303180115 2500 
CLU_6332 3143305302854 4165 
CLU_6332 3143302219212 4042 
CLU_6332 3143302149958 2118 
CLU_6332 3143307951345 5111 
CLU_6332 3143302219077 4762 
CLU_6332 3143302219344 4311 
CLU_6332 3143307607660 3605 
CLU_6332 3143302150069 6333 
CLU_6332 3143307809131 7894 
CLU_6332 3143300186252 4702 
CLU_6332 3143307836619 4563 
CLU_6332 3143305212545 5615 
CLU_6332 3143302150077 8124 
CLU_6332 3143302150034 6705 
CLU_6332 3143305212529 18922 
CLU_6332 3143302219379 39391 
CLU_6332 3143305212618 18922 
CLU_6332 CLU_6117 42365 
CLU_6332 CLU_6298 9386 
CLU_6332 CLU_6301 21757 
CLU_6332 CLU_6312 3517 
CLU_6332 CLU_6320 4607 
CLU_6332 CLU_6326 7518 
CLU_6332 CLU_6362 1400 
CLU_6332 CLU_6374 4311 
CLU_6332 CLU_6383 8622 
CLU_6332 CLU_6385 5511 
CLU_6332 CLU_6399 4867 
CLU_6332 CLU_6409 38408 
CLU_6332 CLU_6411 14964 
CLU_6332 CLU_6413 39391 
CLU_6332 CLU_6416 18922 
CLU_6332 CLU_6417 58535 
CLU_6333 3143309772235 933 
CLU_6333 3143309772251 2361 
CLU_6333 3143309812059 1171 
CLU_6333 3143305305063 3154 
CLU_6333 3143307781067 4205 
CLU_6333 3143305304997 3896 
CLU_6333 3143307831331 4447 
CLU_6333 3143300659134 4216 
CLU_6333 3143303180158 2970 
CLU_6333 3143307821506 2305 
CLU_6333 3143302150107 4939 
CLU_6333 3143309775978 2305 
CLU_6333 3143302219107 3624 
CLU_6333 3143302219352 324 
CLU_6333 3143303180182 3713 
CLU_6333 3143302150050 4605 
CLU_6333 3143302150042 4106 
CLU_6333 3143302219085 4663 
CLU_6333 3143309812032 5084 
CLU_6333 3143302149915 6293 
CLU_6333 3143307299079 5244 
CLU_6333 3143302150018 7003 
CLU_6333 3143302218984 6356 
CLU_6333 3143306065295 6947 
CLU_6333 3143302219069 3242 
CLU_6333 3143306629296 6813 
CLU_6333 3143302149923 6815 
CLU_6333 3143306065341 7844 
CLU_6333 3143306329705 7052 
CLU_6333 3143306297943 14430 
CLU_6333 3143305212626 14430 
CLU_6333 3143307780621 3525 
CLU_6333 3143303180166 2305 
CLU_6333 3143302149893 4939 
CLU_6333 3143309251553 3112 
CLU_6333 3143302150026 4138 
CLU_6333 3143300550108 7562 
CLU_6333 3143303413578 28472 
CLU_6333 3143306329632 4167 
CLU_6333 3143305212588 12023 
CLU_6333 3143309812083 3904 
CLU_6333 3143306023282 1546 
CLU_6333 3143302218968 3257 
CLU_6333 3143309772227 4522 
CLU_6333 3143302203480 1290 
CLU_6333 3143302150085 5244 
CLU_6333 3143300211826 3717 
CLU_6333 3143302149931 1530 
CLU_6333 3143309352511 5571 
CLU_6333 3143309690905 4123 
CLU_6333 3143307608756 7727 
CLU_6333 3143306409911 7562 
CLU_6333 3143307780907 2873 
CLU_6333 3143309936424 4585 
CLU_6333 3143309812075 3519 
CLU_6333 3143303688100 4201 
CLU_6333 3143303180115 2361 
CLU_6333 3143305302854 3506 
CLU_6333 3143302219212 3775 
CLU_6333 3143302149958 2448 
CLU_6333 3143307951345 5787 
CLU_6333 3143302219077 3389 
CLU_6333 3143302219344 3242 
CLU_6333 3143307607660 4939 
CLU_6333 3143302150069 5955 
CLU_6333 3143307809131 8285 
CLU_6333 3143300186252 3986 
CLU_6333 3143307836619 5084 
CLU_6333 3143305212545 4203 
CLU_6333 3143302150077 7727 
CLU_6333 3143302150034 5871 
CLU_6333 3143305212529 19029 
CLU_6333 3143302219379 40001 
CLU_6333 3143305212618 19029 
CLU_6333 CLU_6117 43522 
CLU_6333 CLU_6298 9549 
CLU_6333 CLU_6301 21431 
CLU_6333 CLU_6312 2386 
CLU_6333 CLU_6320 3404 
CLU_6333 CLU_6326 6077 
CLU_6333 CLU_6362 2131 
CLU_6333 CLU_6374 3242 
CLU_6333 CLU_6383 8576 
CLU_6333 CLU_6385 6225 
CLU_6333 CLU_6399 3526 
CLU_6333 CLU_6409 39529 
CLU_6333 CLU_6411 15980 
CLU_6333 CLU_6413 40001 
CLU_6333 CLU_6416 19029 
CLU_6333 CLU_6417 58833 
CLU_6334 3143309772235 5380 
CLU_6334 3143309772251 4015 
CLU_6334 3143309812059 5502 
CLU_6334 3143305305063 3867 
CLU_6334 3143307781067 2723 
CLU_6334 3143305304997 2571 
CLU_6334 3143307831331 1900 
CLU_6334 3143300659134 2710 
CLU_6334 3143303180158 5282 
CLU_6334 3143307821506 5578 
CLU_6334 3143302150107 7704 
CLU_6334 3143309775978 5578 
CLU_6334 3143302219107 9211 
CLU_6334 3143302219352 6163 
CLU_6334 3143303180182 4920 
CLU_6334 3143302150050 4434 
CLU_6334 3143302150042 4051 
CLU_6334 3143302219085 4058 
CLU_6334 3143309812032 1334 
CLU_6334 3143302149915 281 
CLU_6334 3143307299079 5687 
CLU_6334 3143302150018 4626 
CLU_6334 3143302218984 3405 
CLU_6334 3143306065295 1302 
CLU_6334 3143302219069 9458 
CLU_6334 3143306629296 3907 
CLU_6334 3143302149923 2508 
CLU_6334 3143306065341 3471 
CLU_6334 3143306329705 1142 
CLU_6334 3143306297943 8576 
CLU_6334 3143305212626 8576 
CLU_6334 3143307780621 4945 
CLU_6334 3143303180166 5578 
CLU_6334 3143302149893 3271 
CLU_6334 3143309251553 6639 
CLU_6334 3143302150026 8232 
CLU_6334 3143300550108 3122 
CLU_6334 3143303413578 22521 
CLU_6334 3143306329632 9958 
CLU_6334 3143305212588 13579 
CLU_6334 3143309812083 2462 
CLU_6334 3143306023282 5399 
CLU_6334 3143302218968 6362 
CLU_6334 3143309772227 1911 
CLU_6334 3143302203480 6525 
CLU_6334 3143302150085 5687 
CLU_6334 3143300211826 10015 
CLU_6334 3143302149931 7626 
CLU_6334 3143309352511 1753 
CLU_6334 3143309690905 7225 
CLU_6334 3143307608756 4356 
CLU_6334 3143306409911 3122 
CLU_6334 3143307780907 9168 
CLU_6334 3143309936424 7980 
CLU_6334 3143309812075 3422 
CLU_6334 3143303688100 3505 
CLU_6334 3143303180115 4015 
CLU_6334 3143305302854 4288 
CLU_6334 3143302219212 3210 
CLU_6334 3143302149958 7992 
CLU_6334 3143307951345 1266 
CLU_6334 3143302219077 7250 
CLU_6334 3143302219344 9458 
CLU_6334 3143307607660 7704 
CLU_6334 3143302150069 3393 
CLU_6334 3143307809131 2014 
CLU_6334 3143300186252 10286 
CLU_6334 3143307836619 1334 
CLU_6334 3143305212545 9465 
CLU_6334 3143302150077 4356 
CLU_6334 3143302150034 5457 
CLU_6334 3143305212529 24695 
CLU_6334 3143302219379 44366 
CLU_6334 3143305212618 24695 
CLU_6334 CLU_6117 45336 
CLU_6334 CLU_6298 3668 
CLU_6334 CLU_6301 16630 
CLU_6334 CLU_6312 8601 
CLU_6334 CLU_6320 9469 
CLU_6334 CLU_6326 10598 
CLU_6334 CLU_6362 4482 
CLU_6334 CLU_6374 9458 
CLU_6334 CLU_6383 3460 
CLU_6334 CLU_6385 1329 
CLU_6334 CLU_6399 9262 
CLU_6334 CLU_6409 41610 
CLU_6334 CLU_6411 19076 
CLU_6334 CLU_6413 44366 
CLU_6334 CLU_6416 24695 
CLU_6334 CLU_6417 64038 
CLU_6335 3143309772235 5710 
CLU_6335 3143309772251 4355 
CLU_6335 3143309812059 5807 
CLU_6335 3143305305063 4219 
CLU_6335 3143307781067 3071 
CLU_6335 3143305304997 2921 
CLU_6335 3143307831331 2245 
CLU_6335 3143300659134 2932 
CLU_6335 3143303180158 5513 
CLU_6335 3143307821506 5837 
CLU_6335 3143302150107 7874 
CLU_6335 3143309775978 5837 
CLU_6335 3143302219107 9487 
CLU_6335 3143302219352 6483 
CLU_6335 3143303180182 5263 
CLU_6335 3143302150050 4757 
CLU_6335 3143302150042 4389 
CLU_6335 3143302219085 4380 
CLU_6335 3143309812032 1606 
CLU_6335 3143302149915 538 
CLU_6335 3143307299079 5997 
CLU_6335 3143302150018 4834 
CLU_6335 3143302218984 3629 
CLU_6335 3143306065295 1337 
CLU_6335 3143302219069 9795 
CLU_6335 3143306629296 4108 
CLU_6335 3143302149923 2659 
CLU_6335 3143306065341 3548 
CLU_6335 3143306329705 1107 
CLU_6335 3143306297943 8360 
CLU_6335 3143305212626 8360 
CLU_6335 3143307780621 5148 
CLU_6335 3143303180166 5837 
CLU_6335 3143302149893 3585 
CLU_6335 3143309251553 6990 
CLU_6335 3143302150026 8582 
CLU_6335 3143300550108 3209 
CLU_6335 3143303413578 22169 
CLU_6335 3143306329632 10241 
CLU_6335 3143305212588 13852 
CLU_6335 3143309812083 2764 
CLU_6335 3143306023282 5746 
CLU_6335 3143302218968 6583 
CLU_6335 3143309772227 2262 
CLU_6335 3143302203480 6870 
CLU_6335 3143302150085 5997 
CLU_6335 3143300211826 10344 
CLU_6335 3143302149931 7965 
CLU_6335 3143309352511 2050 
CLU_6335 3143309690905 7570 
CLU_6335 3143307608756 4497 
CLU_6335 3143306409911 3209 
CLU_6335 3143307780907 9490 
CLU_6335 3143309936424 8324 
CLU_6335 3143309812075 3667 
CLU_6335 3143303688100 3686 
CLU_6335 3143303180115 4355 
CLU_6335 3143305302854 4636 
CLU_6335 3143302219212 3561 
CLU_6335 3143302149958 8276 
CLU_6335 3143307951345 1354 
CLU_6335 3143302219077 7601 
CLU_6335 3143302219344 9795 
CLU_6335 3143307607660 7874 
CLU_6335 3143302150069 3647 
CLU_6335 3143307809131 1735 
CLU_6335 3143300186252 10610 
CLU_6335 3143307836619 1606 
CLU_6335 3143305212545 9817 
CLU_6335 3143302150077 4497 
CLU_6335 3143302150034 5743 
CLU_6335 3143305212529 24945 
CLU_6335 3143302219379 44511 
CLU_6335 3143305212618 24945 
CLU_6335 CLU_6117 45324 
CLU_6335 CLU_6298 3490 
CLU_6335 CLU_6301 16511 
CLU_6335 CLU_6312 8937 
CLU_6335 CLU_6320 9811 
CLU_6335 CLU_6326 10947 
CLU_6335 CLU_6362 4776 
CLU_6335 CLU_6374 9795 
CLU_6335 CLU_6383 3432 
CLU_6335 CLU_6385 1294 
CLU_6335 CLU_6399 9611 
CLU_6335 CLU_6409 41616 
CLU_6335 CLU_6411 19173 
CLU_6335 CLU_6413 44511 
CLU_6335 CLU_6416 24945 
CLU_6335 CLU_6417 64239 
CLU_6336 3143309772235 6405 
CLU_6336 3143309772251 5052 
CLU_6336 3143309812059 6486 
CLU_6336 3143305305063 4893 
CLU_6336 3143307781067 3725 
CLU_6336 3143305304997 3611 
CLU_6336 3143307831331 2941 
CLU_6336 3143300659134 3539 
CLU_6336 3143303180158 6112 
CLU_6336 3143307821506 6469 
CLU_6336 3143302150107 8382 
CLU_6336 3143309775978 6469 
CLU_6336 3143302219107 10136 
CLU_6336 3143302219352 7173 
CLU_6336 3143303180182 5889 
CLU_6336 3143302150050 5325 
CLU_6336 3143302150042 5000 
CLU_6336 3143302219085 4946 
CLU_6336 3143309812032 2273 
CLU_6336 3143302149915 1149 
CLU_6336 3143307299079 6528 
CLU_6336 3143302150018 5144 
CLU_6336 3143302218984 3990 
CLU_6336 3143306065295 1486 
CLU_6336 3143302219069 10492 
CLU_6336 3143306629296 4412 
CLU_6336 3143302149923 2904 
CLU_6336 3143306065341 3617 
CLU_6336 3143306329705 1180 
CLU_6336 3143306297943 7821 
CLU_6336 3143305212626 7821 
CLU_6336 3143307780621 5713 
CLU_6336 3143303180166 6469 
CLU_6336 3143302149893 4138 
CLU_6336 3143309251553 7649 
CLU_6336 3143302150026 9233 
CLU_6336 3143300550108 3311 
CLU_6336 3143303413578 21493 
CLU_6336 3143306329632 10896 
CLU_6336 3143305212588 14273 
CLU_6336 3143309812083 3445 
CLU_6336 3143306023282 6441 
CLU_6336 3143302218968 7166 
CLU_6336 3143309772227 2949 
CLU_6336 3143302203480 7566 
CLU_6336 3143302150085 6528 
CLU_6336 3143300211826 11038 
CLU_6336 3143302149931 8662 
CLU_6336 3143309352511 2592 
CLU_6336 3143309690905 8199 
CLU_6336 3143307608756 4675 
CLU_6336 3143306409911 3311 
CLU_6336 3143307780907 10181 
CLU_6336 3143309936424 8951 
CLU_6336 3143309812075 4293 
CLU_6336 3143303688100 4233 
CLU_6336 3143303180115 5052 
CLU_6336 3143305302854 5281 
CLU_6336 3143302219212 4223 
CLU_6336 3143302149958 8933 
CLU_6336 3143307951345 1858 
CLU_6336 3143302219077 8259 
CLU_6336 3143302219344 10492 
CLU_6336 3143307607660 8382 
CLU_6336 3143302150069 4069 
CLU_6336 3143307809131 1146 
CLU_6336 3143300186252 11302 
CLU_6336 3143307836619 2273 
CLU_6336 3143305212545 10496 
CLU_6336 3143302150077 4675 
CLU_6336 3143302150034 6216 
CLU_6336 3143305212529 25555 
CLU_6336 3143302219379 44962 
CLU_6336 3143305212618 25555 
CLU_6336 CLU_6117 45494 
CLU_6336 CLU_6298 3057 
CLU_6336 CLU_6301 16127 
CLU_6336 CLU_6312 9634 
CLU_6336 CLU_6320 10508 
CLU_6336 CLU_6326 11593 
CLU_6336 CLU_6362 5447 
CLU_6336 CLU_6374 10492 
CLU_6336 CLU_6383 3298 
CLU_6336 CLU_6385 1643 
CLU_6336 CLU_6399 10303 
CLU_6336 CLU_6409 41820 
CLU_6336 CLU_6411 19548 
CLU_6336 CLU_6413 44962 
CLU_6336 CLU_6416 25555 
CLU_6336 CLU_6417 64776 
CLU_6337 3143309772235 3674 
CLU_6337 3143309772251 4129 
CLU_6337 3143309812059 4532 
CLU_6337 3143305305063 3775 
CLU_6337 3143307781067 4904 
CLU_6337 3143305304997 5128 
CLU_6337 3143307831331 5832 
CLU_6337 3143300659134 6629 
CLU_6337 3143303180158 6372 
CLU_6337 3143307821506 5779 
CLU_6337 3143302150107 8508 
CLU_6337 3143309775978 5779 
CLU_6337 3143302219107 6479 
CLU_6337 3143302219352 3879 
CLU_6337 3143303180182 2843 
CLU_6337 3143302150050 3730 
CLU_6337 3143302150042 3753 
CLU_6337 3143302219085 4050 
CLU_6337 3143309812032 6824 
CLU_6337 3143302149915 7479 
CLU_6337 3143307299079 3337 
CLU_6337 3143302150018 5871 
CLU_6337 3143302218984 5885 
CLU_6337 3143306065295 7662 
CLU_6337 3143302219069 3747 
CLU_6337 3143306629296 6073 
CLU_6337 3143302149923 6859 
CLU_6337 3143306065341 7522 
CLU_6337 3143306329705 7890 
CLU_6337 3143306297943 14289 
CLU_6337 3143305212626 14289 
CLU_6337 3143307780621 6832 
CLU_6337 3143303180166 5779 
CLU_6337 3143302149893 4788 
CLU_6337 3143309251553 980 
CLU_6337 3143302150026 657 
CLU_6337 3143300550108 7374 
CLU_6337 3143303413578 30110 
CLU_6337 3143306329632 6695 
CLU_6337 3143305212588 8490 
CLU_6337 3143309812083 5878 
CLU_6337 3143306023282 2805 
CLU_6337 3143302218968 6817 
CLU_6337 3143309772227 5746 
CLU_6337 3143302203480 2283 
CLU_6337 3143302150085 3337 
CLU_6337 3143300211826 4637 
CLU_6337 3143302149931 2825 
CLU_6337 3143309352511 6168 
CLU_6337 3143309690905 980 
CLU_6337 3143307608756 6874 
CLU_6337 3143306409911 7374 
CLU_6337 3143307780907 4502 
CLU_6337 3143309936424 1057 
CLU_6337 3143309812075 6188 
CLU_6337 3143303688100 7015 
CLU_6337 3143303180115 4129 
CLU_6337 3143305302854 3359 
CLU_6337 3143302219212 4410 
CLU_6337 3143302149958 5613 
CLU_6337 3143307951345 7688 
CLU_6337 3143302219077 370 
CLU_6337 3143302219344 3747 
CLU_6337 3143307607660 8508 
CLU_6337 3143302150069 5509 
CLU_6337 3143307809131 9266 
CLU_6337 3143300186252 5126 
CLU_6337 3143307836619 6824 
CLU_6337 3143305212545 2120 
CLU_6337 3143302150077 6874 
CLU_6337 3143302150034 4131 
CLU_6337 3143305212529 20673 
CLU_6337 3143302219379 42482 
CLU_6337 3143305212618 20673 
CLU_6337 CLU_6117 46895 
CLU_6337 CLU_6298 9869 
CLU_6337 CLU_6301 20038 
CLU_6337 CLU_6312 3336 
CLU_6337 CLU_6320 3287 
CLU_6337 CLU_6326 3009 
CLU_6337 CLU_6362 5058 
CLU_6337 CLU_6374 3747 
CLU_6337 CLU_6383 8498 
CLU_6337 CLU_6385 8136 
CLU_6337 CLU_6399 2546 
CLU_6337 CLU_6409 42859 
CLU_6337 CLU_6411 19228 
CLU_6337 CLU_6413 42482 
CLU_6337 CLU_6416 20673 
CLU_6337 CLU_6417 60639 
CLU_6338 3143309772235 4015 
CLU_6338 3143309772251 4130 
CLU_6338 3143309812059 4930 
CLU_6338 3143305305063 3513 
CLU_6338 3143307781067 4511 
CLU_6338 3143305304997 4857 
CLU_6338 3143307831331 5546 
CLU_6338 3143300659134 6587 
CLU_6338 3143303180158 6709 
CLU_6338 3143307821506 6177 
CLU_6338 3143302150107 9033 
CLU_6338 3143309775978 6177 
CLU_6338 3143302219107 7295 
CLU_6338 3143302219352 4403 
CLU_6338 3143303180182 2309 
CLU_6338 3143302150050 3042 
CLU_6338 3143302150042 3210 
CLU_6338 3143302219085 3396 
CLU_6338 3143309812032 6576 
CLU_6338 3143302149915 7056 
CLU_6338 3143307299079 2433 
CLU_6338 3143302150018 5004 
CLU_6338 3143302218984 5143 
CLU_6338 3143306065295 7116 
CLU_6338 3143302219069 4718 
CLU_6338 3143306629296 5270 
CLU_6338 3143302149923 6188 
CLU_6338 3143306065341 6757 
CLU_6338 3143306329705 7365 
CLU_6338 3143306297943 13476 
CLU_6338 3143305212626 13476 
CLU_6338 3143307780621 7107 
CLU_6338 3143303180166 6177 
CLU_6338 3143302149893 4184 
CLU_6338 3143309251553 1026 
CLU_6338 3143302150026 1226 
CLU_6338 3143300550108 6639 
CLU_6338 3143303413578 29607 
CLU_6338 3143306329632 7566 
CLU_6338 3143305212588 7923 
CLU_6338 3143309812083 5751 
CLU_6338 3143306023282 3027 
CLU_6338 3143302218968 7282 
CLU_6338 3143309772227 5423 
CLU_6338 3143302203480 2856 
CLU_6338 3143302150085 2433 
CLU_6338 3143300211826 5605 
CLU_6338 3143302149931 3651 
CLU_6338 3143309352511 5656 
CLU_6338 3143309690905 0 
CLU_6338 3143307608756 6029 
CLU_6338 3143306409911 6639 
CLU_6338 3143307780907 5422 
CLU_6338 3143309936424 756 
CLU_6338 3143309812075 6248 
CLU_6338 3143303688100 7085 
CLU_6338 3143303180115 4130 
CLU_6338 3143305302854 2947 
CLU_6338 3143302219212 4055 
CLU_6338 3143302149958 6348 
CLU_6338 3143307951345 7449 
CLU_6338 3143302219077 858 
CLU_6338 3143302219344 4718 
CLU_6338 3143307607660 9033 
CLU_6338 3143302150069 4788 
CLU_6338 3143307809131 8739 
CLU_6338 3143300186252 6091 
CLU_6338 3143307836619 6576 
CLU_6338 3143305212545 3012 
CLU_6338 3143302150077 6029 
CLU_6338 3143302150034 3219 
CLU_6338 3143305212529 21651 
CLU_6338 3143302219379 43417 
CLU_6338 3143305212618 21651 
CLU_6338 CLU_6117 47611 
CLU_6338 CLU_6298 9184 
CLU_6338 CLU_6301 19072 
CLU_6338 CLU_6312 4262 
CLU_6338 CLU_6320 4267 
CLU_6338 CLU_6326 3432 
CLU_6338 CLU_6362 5273 
CLU_6338 CLU_6374 4718 
CLU_6338 CLU_6383 7759 
CLU_6338 CLU_6385 7884 
CLU_6338 CLU_6399 3523 
CLU_6338 CLU_6409 43596 
CLU_6338 CLU_6411 19992 
CLU_6338 CLU_6413 43417 
CLU_6338 CLU_6416 21651 
CLU_6338 CLU_6417 61617 
CLU_6339 3143309772235 4556 
CLU_6339 3143309772251 4984 
CLU_6339 3143309812059 5405 
CLU_6339 3143305305063 4547 
CLU_6339 3143307781067 5624 
CLU_6339 3143305304997 5905 
CLU_6339 3143307831331 6605 
CLU_6339 3143300659134 7482 
CLU_6339 3143303180158 7249 
CLU_6339 3143307821506 6650 
CLU_6339 3143302150107 9342 
CLU_6339 3143309775978 6650 
CLU_6339 3143302219107 7134 
CLU_6339 3143302219352 4730 
CLU_6339 3143303180182 3467 
CLU_6339 3143302150050 4247 
CLU_6339 3143302150042 4379 
CLU_6339 3143302219085 4596 
CLU_6339 3143309812032 7615 
CLU_6339 3143302149915 8190 
CLU_6339 3143307299079 3597 
CLU_6339 3143302150018 6176 
CLU_6339 3143302218984 6351 
CLU_6339 3143306065295 8297 
CLU_6339 3143302219069 4118 
CLU_6339 3143306629296 6469 
CLU_6339 3143302149923 7395 
CLU_6339 3143306065341 7962 
CLU_6339 3143306329705 8540 
CLU_6339 3143306297943 14664 
CLU_6339 3143305212626 14664 
CLU_6339 3143307780621 7714 
CLU_6339 3143303180166 6650 
CLU_6339 3143302149893 5376 
CLU_6339 3143309251553 1771 
CLU_6339 3143302150026 294 
CLU_6339 3143300550108 7847 
CLU_6339 3143303413578 30782 
CLU_6339 3143306329632 7279 
CLU_6339 3143305212588 7727 
CLU_6339 3143309812083 6707 
CLU_6339 3143306023282 3684 
CLU_6339 3143302218968 7672 
CLU_6339 3143309772227 6502 
CLU_6339 3143302203480 3138 
CLU_6339 3143302150085 3597 
CLU_6339 3143300211826 5001 
CLU_6339 3143302149931 3524 
CLU_6339 3143309352511 6823 
CLU_6339 3143309690905 1208 
CLU_6339 3143307608756 7210 
CLU_6339 3143306409911 7847 
CLU_6339 3143307780907 5023 
CLU_6339 3143309936424 642 
CLU_6339 3143309812075 7059 
CLU_6339 3143303688100 7888 
CLU_6339 3143303180115 4984 
CLU_6339 3143305302854 4058 
CLU_6339 3143302219212 5145 
CLU_6339 3143302149958 6348 
CLU_6339 3143307951345 8484 
CLU_6339 3143302219077 1192 
CLU_6339 3143302219344 4118 
CLU_6339 3143307607660 9342 
CLU_6339 3143302150069 5997 
CLU_6339 3143307809131 9916 
CLU_6339 3143300186252 5498 
CLU_6339 3143307836619 7615 
CLU_6339 3143305212545 1995 
CLU_6339 3143302150077 7210 
CLU_6339 3143302150034 4365 
CLU_6339 3143305212529 20893 
CLU_6339 3143302219379 42892 
CLU_6339 3143305212618 20893 
CLU_6339 CLU_6117 47603 
CLU_6339 CLU_6298 10392 
CLU_6339 CLU_6301 20062 
CLU_6339 CLU_6312 3867 
CLU_6339 CLU_6320 3576 
CLU_6339 CLU_6326 2255 
CLU_6339 CLU_6362 5941 
CLU_6339 CLU_6374 4118 
CLU_6339 CLU_6383 8966 
CLU_6339 CLU_6385 8928 
CLU_6339 CLU_6399 2743 
CLU_6339 CLU_6409 43548 
CLU_6339 CLU_6411 19904 
CLU_6339 CLU_6413 42892 
CLU_6339 CLU_6416 20893 
CLU_6339 CLU_6417 60846 
CLU_6340 3143309772235 4455 
CLU_6340 3143309772251 3798 
CLU_6340 3143309812059 5348 
CLU_6340 3143305305063 2723 
CLU_6340 3143307781067 3165 
CLU_6340 3143305304997 3751 
CLU_6340 3143307831331 4316 
CLU_6340 3143300659134 5816 
CLU_6340 3143303180158 6805 
CLU_6340 3143307821506 6458 
CLU_6340 3143302150107 9449 
CLU_6340 3143309775978 6458 
CLU_6340 3143302219107 8563 
CLU_6340 3143302219352 5171 
CLU_6340 3143303180182 1390 
CLU_6340 3143302150050 1217 
CLU_6340 3143302150042 1765 
CLU_6340 3143302219085 1582 
CLU_6340 3143309812032 5343 
CLU_6340 3143302149915 5417 
CLU_6340 3143307299079 254 
CLU_6340 3143302150018 2751 
CLU_6340 3143302218984 2989 
CLU_6340 3143306065295 5236 
CLU_6340 3143302219069 6625 
CLU_6340 3143306629296 3042 
CLU_6340 3143302149923 4119 
CLU_6340 3143306065341 4554 
CLU_6340 3143306329705 5517 
CLU_6340 3143306297943 11228 
CLU_6340 3143305212626 11228 
CLU_6340 3143307780621 7026 
CLU_6340 3143303180166 6458 
CLU_6340 3143302149893 2369 
CLU_6340 3143309251553 2479 
CLU_6340 3143302150026 3479 
CLU_6340 3143300550108 4470 
CLU_6340 3143303413578 27650 
CLU_6340 3143306329632 8996 
CLU_6340 3143305212588 8194 
CLU_6340 3143309812083 4865 
CLU_6340 3143306023282 3480 
CLU_6340 3143302218968 7641 
CLU_6340 3143309772227 4121 
CLU_6340 3143302203480 4014 
CLU_6340 3143302150085 254 
CLU_6340 3143300211826 7479 
CLU_6340 3143302149931 5171 
CLU_6340 3143309352511 3914 
CLU_6340 3143309690905 2253 
CLU_6340 3143307608756 3776 
CLU_6340 3143306409911 4470 
CLU_6340 3143307780907 7089 
CLU_6340 3143309936424 2858 
CLU_6340 3143309812075 5743 
CLU_6340 3143303688100 6534 
CLU_6340 3143303180115 3798 
CLU_6340 3143305302854 1982 
CLU_6340 3143302219212 2886 
CLU_6340 3143302149958 7435 
CLU_6340 3143307951345 6179 
CLU_6340 3143302219077 2851 
CLU_6340 3143302219344 6625 
CLU_6340 3143307607660 9449 
CLU_6340 3143302150069 2681 
CLU_6340 3143307809131 6852 
CLU_6340 3143300186252 7936 
CLU_6340 3143307836619 5343 
CLU_6340 3143305212545 5242 
CLU_6340 3143302150077 3776 
CLU_6340 3143302150034 1015 
CLU_6340 3143305212529 23532 
CLU_6340 3143302219379 44936 
CLU_6340 3143305212618 23532 
CLU_6340 CLU_6117 48277 
CLU_6340 CLU_6298 7052 
CLU_6340 CLU_6301 16990 
CLU_6340 CLU_6312 6004 
CLU_6340 CLU_6320 6273 
CLU_6340 CLU_6326 5551 
CLU_6340 CLU_6362 5233 
CLU_6340 CLU_6374 6625 
CLU_6340 CLU_6383 5574 
CLU_6340 CLU_6385 6565 
CLU_6340 CLU_6399 5625 
CLU_6340 CLU_6409 44339 
CLU_6340 CLU_6411 20896 
CLU_6340 CLU_6413 44936 
CLU_6340 CLU_6416 23532 
CLU_6340 CLU_6417 63474 
CLU_6341 3143309772235 6216 
CLU_6341 3143309772251 5071 
CLU_6341 3143309812059 6960 
CLU_6341 3143305305063 3951 
CLU_6341 3143307781067 3466 
CLU_6341 3143305304997 4157 
CLU_6341 3143307831331 4356 
CLU_6341 3143300659134 6152 
CLU_6341 3143303180158 7959 
CLU_6341 3143307821506 7822 
CLU_6341 3143302150107 10711 
CLU_6341 3143309775978 7822 
CLU_6341 3143302219107 10592 
CLU_6341 3143302219352 7064 
CLU_6341 3143303180182 3369 
CLU_6341 3143302150050 2387 
CLU_6341 3143302150042 2876 
CLU_6341 3143302219085 2315 
CLU_6341 3143309812032 5124 
CLU_6341 3143302149915 4482 
CLU_6341 3143307299079 2451 
CLU_6341 3143302150018 170 
CLU_6341 3143302218984 1358 
CLU_6341 3143306065295 3816 
CLU_6341 3143302219069 9117 
CLU_6341 3143306629296 885 
CLU_6341 3143302149923 2404 
CLU_6341 3143306065341 2244 
CLU_6341 3143306329705 4127 
CLU_6341 3143306297943 8639 
CLU_6341 3143305212626 8639 
CLU_6341 3143307780621 7981 
CLU_6341 3143303180166 7822 
CLU_6341 3143302149893 2310 
CLU_6341 3143309251553 5033 
CLU_6341 3143302150026 6106 
CLU_6341 3143300550108 2317 
CLU_6341 3143303413578 25546 
CLU_6341 3143306329632 11131 
CLU_6341 3143305212588 9049 
CLU_6341 3143309812083 5243 
CLU_6341 3143306023282 5440 
CLU_6341 3143302218968 8966 
CLU_6341 3143309772227 4110 
CLU_6341 3143302203480 6272 
CLU_6341 3143302150085 2451 
CLU_6341 3143300211826 9939 
CLU_6341 3143302149931 7514 
CLU_6341 3143309352511 3152 
CLU_6341 3143309690905 4881 
CLU_6341 3143307608756 1203 
CLU_6341 3143306409911 2317 
CLU_6341 3143307780907 9437 
CLU_6341 3143309936424 5445 
CLU_6341 3143309812075 6409 
CLU_6341 3143303688100 7030 
CLU_6341 3143303180115 5071 
CLU_6341 3143305302854 3468 
CLU_6341 3143302219212 3586 
CLU_6341 3143302149958 9380 
CLU_6341 3143307951345 5755 
CLU_6341 3143302219077 5464 
CLU_6341 3143302219344 9117 
CLU_6341 3143307607660 10711 
CLU_6341 3143302150069 1487 
CLU_6341 3143307809131 5219 
CLU_6341 3143300186252 10371 
CLU_6341 3143307836619 5124 
CLU_6341 3143305212545 7873 
CLU_6341 3143302150077 1203 
CLU_6341 3143302150034 1690 
CLU_6341 3143305212529 25895 
CLU_6341 3143302219379 46920 
CLU_6341 3143305212618 25895 
CLU_6341 CLU_6117 49361 
CLU_6341 CLU_6298 4830 
CLU_6341 CLU_6301 14536 
CLU_6341 CLU_6312 8426 
CLU_6341 CLU_6320 8818 
CLU_6341 CLU_6326 8076 
CLU_6341 CLU_6362 6465 
CLU_6341 CLU_6374 9117 
CLU_6341 CLU_6383 3266 
CLU_6341 CLU_6385 6007 
CLU_6341 CLU_6399 8217 
CLU_6341 CLU_6409 45516 
CLU_6341 CLU_6411 22362 
CLU_6341 CLU_6413 46920 
CLU_6341 CLU_6416 25895 
CLU_6341 CLU_6417 65776 
CLU_6342 3143309772235 4514 
CLU_6342 3143309772251 5856 
CLU_6342 3143309812059 4698 
CLU_6342 3143305305063 6314 
CLU_6342 3143307781067 7509 
CLU_6342 3143305304997 7360 
CLU_6342 3143307831331 7979 
CLU_6342 3143300659134 7846 
CLU_6342 3143303180158 6166 
CLU_6342 3143307821506 5472 
CLU_6342 3143302150107 7005 
CLU_6342 3143309775978 5472 
CLU_6342 3143302219107 3617 
CLU_6342 3143302219352 3857 
CLU_6342 3143303180182 6185 
CLU_6342 3143302150050 7194 
CLU_6342 3143302150042 6924 
CLU_6342 3143302219085 7403 
CLU_6342 3143309812032 8697 
CLU_6342 3143302149915 9832 
CLU_6342 3143307299079 7232 
CLU_6342 3143302150018 9587 
CLU_6342 3143302218984 9279 
CLU_6342 3143306065295 10377 
CLU_6342 3143302219069 415 
CLU_6342 3143306629296 9615 
CLU_6342 3143302149923 9995 
CLU_6342 3143306065341 10892 
CLU_6342 3143306329705 10520 
CLU_6342 3143306297943 17655 
CLU_6342 3143305212626 17655 
CLU_6342 3143307780621 6787 
CLU_6342 3143303180166 5472 
CLU_6342 3143302149893 7936 
CLU_6342 3143309251553 4517 
CLU_6342 3143302150026 4127 
CLU_6342 3143300550108 10664 
CLU_6342 3143303413578 32106 
CLU_6342 3143306329632 3390 
CLU_6342 3143305212588 11674 
CLU_6342 3143309812083 7525 
CLU_6342 3143306023282 4562 
CLU_6342 3143302218968 5915 
CLU_6342 3143309772227 8016 
CLU_6342 3143302203480 3455 
CLU_6342 3143302150085 7232 
CLU_6342 3143300211826 665 
CLU_6342 3143302149931 2249 
CLU_6342 3143309352511 8916 
CLU_6342 3143309690905 5044 
CLU_6342 3143307608756 10497 
CLU_6342 3143306409911 10664 
CLU_6342 3143307780907 1324 
CLU_6342 3143309936424 4945 
CLU_6342 3143309812075 7128 
CLU_6342 3143303688100 7748 
CLU_6342 3143303180115 5856 
CLU_6342 3143305302854 6346 
CLU_6342 3143302219212 7017 
CLU_6342 3143302149958 3549 
CLU_6342 3143307951345 9421 
CLU_6342 3143302219077 4233 
CLU_6342 3143302219344 415 
CLU_6342 3143307607660 7005 
CLU_6342 3143302150069 8871 
CLU_6342 3143307809131 11812 
CLU_6342 3143300186252 1149 
CLU_6342 3143307836619 8697 
CLU_6342 3143305212545 2633 
CLU_6342 3143302150077 10497 
CLU_6342 3143302150034 8011 
CLU_6342 3143305212529 16608 
CLU_6342 3143302219379 38516 
CLU_6342 3143305212618 16608 
CLU_6342 CLU_6117 43761 
CLU_6342 CLU_6298 12900 
CLU_6342 CLU_6301 23986 
CLU_6342 CLU_6312 1268 
CLU_6342 CLU_6320 801 
CLU_6342 CLU_6326 4540 
CLU_6342 CLU_6362 5740 
CLU_6342 CLU_6374 415 
CLU_6342 CLU_6383 11753 
CLU_6342 CLU_6385 9861 
CLU_6342 CLU_6399 1653 
CLU_6342 CLU_6409 39644 
CLU_6342 CLU_6411 16026 
CLU_6342 CLU_6413 38516 
CLU_6342 CLU_6416 16608 
CLU_6342 CLU_6417 56574 
CLU_6343 3143309772235 6617 
CLU_6343 3143309772251 5295 
CLU_6343 3143309812059 7225 
CLU_6343 3143305305063 4316 
CLU_6343 3143307781067 3443 
CLU_6343 3143305304997 4040 
CLU_6343 3143307831331 3993 
CLU_6343 3143300659134 5749 
CLU_6343 3143303180158 7902 
CLU_6343 3143307821506 7895 
CLU_6343 3143302150107 10623 
CLU_6343 3143309775978 7895 
CLU_6343 3143302219107 11011 
CLU_6343 3143302219352 7499 
CLU_6343 3143303180182 4201 
CLU_6343 3143302150050 3203 
CLU_6343 3143302150042 3461 
CLU_6343 3143302219085 2968 
CLU_6343 3143309812032 4509 
CLU_6343 3143302149915 3529 
CLU_6343 3143307299079 3715 
CLU_6343 3143302150018 1297 
CLU_6343 3143302218984 1115 
CLU_6343 3143306065295 2657 
CLU_6343 3143302219069 9968 
CLU_6343 3143306629296 804 
CLU_6343 3143302149923 1302 
CLU_6343 3143306065341 776 
CLU_6343 3143306329705 2953 
CLU_6343 3143306297943 7414 
CLU_6343 3143305212626 7414 
CLU_6343 3143307780621 7809 
CLU_6343 3143303180166 7895 
CLU_6343 3143302149893 2530 
CLU_6343 3143309251553 6047 
CLU_6343 3143302150026 7296 
CLU_6343 3143300550108 892 
CLU_6343 3143303413578 24081 
CLU_6343 3143306329632 11621 
CLU_6343 3143305212588 10436 
CLU_6343 3143309812083 4951 
CLU_6343 3143306023282 6014 
CLU_6343 3143302218968 8969 
CLU_6343 3143309772227 3760 
CLU_6343 3143302203480 6990 
CLU_6343 3143302150085 3715 
CLU_6343 3143300211826 10741 
CLU_6343 3143302149931 8254 
CLU_6343 3143309352511 2551 
CLU_6343 3143309690905 6075 
CLU_6343 3143307608756 549 
CLU_6343 3143306409911 892 
CLU_6343 3143307780907 10137 
CLU_6343 3143309936424 6703 
CLU_6343 3143309812075 6170 
CLU_6343 3143303688100 6653 
CLU_6343 3143303180115 5295 
CLU_6343 3143305302854 4059 
CLU_6343 3143302219212 3754 
CLU_6343 3143302149958 9766 
CLU_6343 3143307951345 4967 
CLU_6343 3143302219077 6548 
CLU_6343 3143302219344 9968 
CLU_6343 3143307607660 10623 
CLU_6343 3143302150069 1522 
CLU_6343 3143307809131 3871 
CLU_6343 3143300186252 11141 
CLU_6343 3143307836619 4509 
CLU_6343 3143305212545 8992 
CLU_6343 3143302150077 549 
CLU_6343 3143302150034 3036 
CLU_6343 3143305212529 26498 
CLU_6343 3143302219379 47137 
CLU_6343 3143305212618 26498 
CLU_6343 CLU_6117 48959 
CLU_6343 CLU_6298 3363 
CLU_6343 CLU_6301 13988 
CLU_6343 CLU_6312 9214 
CLU_6343 CLU_6320 9738 
CLU_6343 CLU_6326 9388 
CLU_6343 CLU_6362 6540 
CLU_6343 CLU_6374 9968 
CLU_6343 CLU_6383 1804 
CLU_6343 CLU_6385 5130 
CLU_6343 CLU_6399 9218 
CLU_6343 CLU_6409 45175 
CLU_6343 CLU_6411 22265 
CLU_6343 CLU_6413 47137 
CLU_6343 CLU_6416 26498 
CLU_6343 CLU_6417 66274 
CLU_6344 3143309772235 6668 
CLU_6344 3143309772251 5280 
CLU_6344 3143309812059 7181 
CLU_6344 3143305305063 4430 
CLU_6344 3143307781067 3385 
CLU_6344 3143305304997 3877 
CLU_6344 3143307831331 3677 
CLU_6344 3143300659134 5336 
CLU_6344 3143303180158 7651 
CLU_6344 3143307821506 7721 
CLU_6344 3143302150107 10320 
CLU_6344 3143309775978 7721 
CLU_6344 3143302219107 11012 
CLU_6344 3143302219352 7553 
CLU_6344 3143303180182 4593 
CLU_6344 3143302150050 3645 
CLU_6344 3143302150042 3758 
CLU_6344 3143302219085 3345 
CLU_6344 3143309812032 4006 
CLU_6344 3143302149915 2850 
CLU_6344 3143307299079 4375 
CLU_6344 3143302150018 2146 
CLU_6344 3143302218984 1496 
CLU_6344 3143306065295 1879 
CLU_6344 3143302219069 10254 
CLU_6344 3143306629296 1513 
CLU_6344 3143302149923 800 
CLU_6344 3143306065341 361 
CLU_6344 3143306329705 2153 
CLU_6344 3143306297943 6997 
CLU_6344 3143305212626 6997 
CLU_6344 3143307780621 7491 
CLU_6344 3143303180166 7721 
CLU_6344 3143302149893 2728 
CLU_6344 3143309251553 6492 
CLU_6344 3143302150026 7843 
CLU_6344 3143300550108 0 
CLU_6344 3143303413578 23287 
CLU_6344 3143306329632 11661 
CLU_6344 3143305212588 11325 
CLU_6344 3143309812083 4633 
CLU_6344 3143306023282 6188 
CLU_6344 3143302218968 8737 
CLU_6344 3143309772227 3468 
CLU_6344 3143302203480 7230 
CLU_6344 3143302150085 4375 
CLU_6344 3143300211826 10989 
CLU_6344 3143302149931 8487 
CLU_6344 3143309352511 2207 
CLU_6344 3143309690905 6639 
CLU_6344 3143307608756 1399 
CLU_6344 3143306409911 0 
CLU_6344 3143307780907 10323 
CLU_6344 3143309936424 7307 
CLU_6344 3143309812075 5844 
CLU_6344 3143303688100 6234 
CLU_6344 3143303180115 5280 
CLU_6344 3143305302854 4319 
CLU_6344 3143302219212 3787 
CLU_6344 3143302149958 9758 
CLU_6344 3143307951345 4344 
CLU_6344 3143302219077 7030 
CLU_6344 3143302219344 10254 
CLU_6344 3143307607660 10320 
CLU_6344 3143302150069 1865 
CLU_6344 3143307809131 2983 
CLU_6344 3143300186252 11365 
CLU_6344 3143307836619 4006 
CLU_6344 3143305212545 9473 
CLU_6344 3143302150077 1399 
CLU_6344 3143302150034 3765 
CLU_6344 3143305212529 26562 
CLU_6344 3143302219379 46941 
CLU_6344 3143305212618 26562 
CLU_6344 CLU_6117 48420 
CLU_6344 CLU_6298 2592 
CLU_6344 CLU_6301 14070 
CLU_6344 CLU_6312 9467 
CLU_6344 CLU_6320 10074 
CLU_6344 CLU_6326 10016 
CLU_6344 CLU_6362 6395 
CLU_6344 CLU_6374 10254 
CLU_6344 CLU_6383 1124 
CLU_6344 CLU_6385 4450 
CLU_6344 CLU_6399 9613 
CLU_6344 CLU_6409 44667 
CLU_6344 CLU_6411 21909 
CLU_6344 CLU_6413 46941 
CLU_6344 CLU_6416 26562 
CLU_6344 CLU_6417 66245 
CLU_6345 3143309772235 5951 
CLU_6345 3143309772251 4527 
CLU_6345 3143309812059 6373 
CLU_6345 3143305305063 3833 
CLU_6345 3143307781067 2670 
CLU_6345 3143305304997 3039 
CLU_6345 3143307831331 2728 
CLU_6345 3143300659134 4313 
CLU_6345 3143303180158 6694 
CLU_6345 3143307821506 6812 
CLU_6345 3143302150107 9327 
CLU_6345 3143309775978 6812 
CLU_6345 3143302219107 10211 
CLU_6345 3143302219352 6825 
CLU_6345 3143303180182 4307 
CLU_6345 3143302150050 3480 
CLU_6345 3143302150042 3405 
CLU_6345 3143302219085 3124 
CLU_6345 3143309812032 2959 
CLU_6345 3143302149915 1805 
CLU_6345 3143307299079 4474 
CLU_6345 3143302150018 2738 
CLU_6345 3143302218984 1657 
CLU_6345 3143306065295 931 
CLU_6345 3143302219069 9732 
CLU_6345 3143306629296 2008 
CLU_6345 3143302149923 490 
CLU_6345 3143306065341 1418 
CLU_6345 3143306329705 1238 
CLU_6345 3143306297943 7562 
CLU_6345 3143305212626 7562 
CLU_6345 3143307780621 6498 
CLU_6345 3143303180166 6812 
CLU_6345 3143302149893 2361 
CLU_6345 3143309251553 6212 
CLU_6345 3143302150026 7677 
CLU_6345 3143300550108 1058 
CLU_6345 3143303413578 23141 
CLU_6345 3143306329632 10891 
CLU_6345 3143305212588 11923 
CLU_6345 3143309812083 3662 
CLU_6345 3143306023282 5598 
CLU_6345 3143302218968 7786 
CLU_6345 3143309772227 2542 
CLU_6345 3143302203480 6691 
CLU_6345 3143302150085 4474 
CLU_6345 3143300211826 10420 
CLU_6345 3143302149931 7923 
CLU_6345 3143309352511 1316 
CLU_6345 3143309690905 6520 
CLU_6345 3143307608756 2294 
CLU_6345 3143306409911 1058 
CLU_6345 3143307780907 9695 
CLU_6345 3143309936424 7234 
CLU_6345 3143309812075 4857 
CLU_6345 3143303688100 5205 
CLU_6345 3143303180115 4527 
CLU_6345 3143305302854 3889 
CLU_6345 3143302219212 3138 
CLU_6345 3143302149958 8958 
CLU_6345 3143307951345 3288 
CLU_6345 3143302219077 6789 
CLU_6345 3143302219344 9732 
CLU_6345 3143307607660 9327 
CLU_6345 3143302150069 1852 
CLU_6345 3143307809131 2393 
CLU_6345 3143300186252 10767 
CLU_6345 3143307836619 2959 
CLU_6345 3143305212545 9194 
CLU_6345 3143302150077 2294 
CLU_6345 3143302150034 4011 
CLU_6345 3143305212529 25782 
CLU_6345 3143302219379 45980 
CLU_6345 3143305212618 25782 
CLU_6345 CLU_6117 47361 
CLU_6345 CLU_6298 2766 
CLU_6345 CLU_6301 15000 
CLU_6345 CLU_6312 8915 
CLU_6345 CLU_6320 9608 
CLU_6345 CLU_6326 9948 
CLU_6345 CLU_6362 5518 
CLU_6345 CLU_6374 9732 
CLU_6345 CLU_6383 1751 
CLU_6345 CLU_6385 3410 
CLU_6345 CLU_6399 9223 
CLU_6345 CLU_6409 43609 
CLU_6345 CLU_6411 20885 
CLU_6345 CLU_6413 45980 
CLU_6345 CLU_6416 25782 
CLU_6345 CLU_6417 65384 
CLU_6346 3143309772235 3559 
CLU_6346 3143309772251 3113 
CLU_6346 3143309812059 3005 
CLU_6346 3143305305063 4046 
CLU_6346 3143307781067 3907 
CLU_6346 3143305304997 3208 
CLU_6346 3143307831331 3007 
CLU_6346 3143300659134 1234 
CLU_6346 3143303180158 1722 
CLU_6346 3143307821506 2297 
CLU_6346 3143302150107 3867 
CLU_6346 3143309775978 2297 
CLU_6346 3143302219107 5898 
CLU_6346 3143302219352 3879 
CLU_6346 3143303180182 5457 
CLU_6346 3143302150050 5701 
CLU_6346 3143302150042 5055 
CLU_6346 3143302219085 5467 
CLU_6346 3143309812032 2604 
CLU_6346 3143302149915 4012 
CLU_6346 3143307299079 6942 
CLU_6346 3143302150018 7265 
CLU_6346 3143302218984 6119 
CLU_6346 3143306065295 5044 
CLU_6346 3143302219069 7298 
CLU_6346 3143306629296 6704 
CLU_6346 3143302149923 5794 
CLU_6346 3143306065341 6928 
CLU_6346 3143306329705 4957 
CLU_6346 3143306297943 12362 
CLU_6346 3143305212626 12362 
CLU_6346 3143307780621 1199 
CLU_6346 3143303180166 2297 
CLU_6346 3143302149893 5076 
CLU_6346 3143309251553 6276 
CLU_6346 3143302150026 7761 
CLU_6346 3143300550108 6569 
CLU_6346 3143303413578 24578 
CLU_6346 3143306329632 6698 
CLU_6346 3143305212588 14872 
CLU_6346 3143309812083 2089 
CLU_6346 3143306023282 4304 
CLU_6346 3143302218968 2671 
CLU_6346 3143309772227 3250 
CLU_6346 3143302203480 5098 
CLU_6346 3143302150085 6942 
CLU_6346 3143300211826 7571 
CLU_6346 3143302149931 5695 
CLU_6346 3143309352511 4429 
CLU_6346 3143309690905 7223 
CLU_6346 3143307608756 7458 
CLU_6346 3143306409911 6569 
CLU_6346 3143307780907 6602 
CLU_6346 3143309936424 7906 
CLU_6346 3143309812075 1019 
CLU_6346 3143303688100 337 
CLU_6346 3143303180115 3113 
CLU_6346 3143305302854 4788 
CLU_6346 3143302219212 3964 
CLU_6346 3143302149958 4824 
CLU_6346 3143307951345 2689 
CLU_6346 3143302219077 6800 
CLU_6346 3143302219344 7298 
CLU_6346 3143307607660 3867 
CLU_6346 3143302150069 5865 
CLU_6346 3143307809131 5692 
CLU_6346 3143300186252 7693 
CLU_6346 3143307836619 2604 
CLU_6346 3143305212545 8284 
CLU_6346 3143302150077 7458 
CLU_6346 3143302150034 7161 
CLU_6346 3143305212529 21064 
CLU_6346 3143302219379 40535 
CLU_6346 3143305212618 21064 
CLU_6346 CLU_6117 42038 
CLU_6346 CLU_6298 7497 
CLU_6346 CLU_6301 20444 
CLU_6346 CLU_6312 6477 
CLU_6346 CLU_6320 7544 
CLU_6346 CLU_6326 9989 
CLU_6346 CLU_6362 2104 
CLU_6346 CLU_6374 7298 
CLU_6346 CLU_6383 7186 
CLU_6346 CLU_6385 2958 
CLU_6346 CLU_6399 7685 
CLU_6346 CLU_6409 38219 
CLU_6346 CLU_6411 15344 
CLU_6346 CLU_6413 40535 
CLU_6346 CLU_6416 21064 
CLU_6346 CLU_6417 60233 
CLU_6347 3143309772235 2053 
CLU_6347 3143309772251 2319 
CLU_6347 3143309812059 2977 
CLU_6347 3143305305063 2108 
CLU_6347 3143307781067 3313 
CLU_6347 3143305304997 3416 
CLU_6347 3143307831331 4118 
CLU_6347 3143300659134 4819 
CLU_6347 3143303180158 4741 
CLU_6347 3143307821506 4217 
CLU_6347 3143302150107 7113 
CLU_6347 3143309775978 4217 
CLU_6347 3143302219107 5787 
CLU_6347 3143302219352 2540 
CLU_6347 3143303180182 1734 
CLU_6347 3143302150050 2741 
CLU_6347 3143302150042 2475 
CLU_6347 3143302219085 2941 
CLU_6347 3143309812032 5073 
CLU_6347 3143302149915 5857 
CLU_6347 3143307299079 3044 
CLU_6347 3143302150018 5164 
CLU_6347 3143302218984 4821 
CLU_6347 3143306065295 6181 
CLU_6347 3143302219069 4060 
CLU_6347 3143306629296 5154 
CLU_6347 3143302149923 5601 
CLU_6347 3143306065341 6445 
CLU_6347 3143306329705 6375 
CLU_6347 3143306297943 13229 
CLU_6347 3143305212626 13229 
CLU_6347 3143307780621 5145 
CLU_6347 3143303180166 4217 
CLU_6347 3143302149893 3510 
CLU_6347 3143309251553 961 
CLU_6347 3143302150026 2467 
CLU_6347 3143300550108 6232 
CLU_6347 3143303413578 28489 
CLU_6347 3143306329632 6205 
CLU_6347 3143305212588 9873 
CLU_6347 3143309812083 4083 
CLU_6347 3143306023282 1061 
CLU_6347 3143302218968 5340 
CLU_6347 3143309772227 4062 
CLU_6347 3143302203480 1224 
CLU_6347 3143302150085 3044 
CLU_6347 3143300211826 4853 
CLU_6347 3143302149931 2423 
CLU_6347 3143309352511 4676 
CLU_6347 3143309690905 1968 
CLU_6347 3143307608756 6043 
CLU_6347 3143306409911 6232 
CLU_6347 3143307780907 4350 
CLU_6347 3143309936424 2593 
CLU_6347 3143309812075 4387 
CLU_6347 3143303688100 5217 
CLU_6347 3143303180115 2319 
CLU_6347 3143305302854 1924 
CLU_6347 3143302219212 2802 
CLU_6347 3143302149958 4698 
CLU_6347 3143307951345 5927 
CLU_6347 3143302219077 1480 
CLU_6347 3143302219344 4060 
CLU_6347 3143307607660 7113 
CLU_6347 3143302150069 4414 
CLU_6347 3143307809131 7735 
CLU_6347 3143300186252 5276 
CLU_6347 3143307836619 5073 
CLU_6347 3143305212545 3497 
CLU_6347 3143302150077 6043 
CLU_6347 3143302150034 3749 
CLU_6347 3143305212529 20816 
CLU_6347 3143302219379 42148 
CLU_6347 3143305212618 20816 
CLU_6347 CLU_6117 45812 
CLU_6347 CLU_6298 8572 
CLU_6347 CLU_6301 19629 
CLU_6347 CLU_6312 3333 
CLU_6347 CLU_6320 3842 
CLU_6347 CLU_6326 4798 
CLU_6347 CLU_6362 3322 
CLU_6347 CLU_6374 4060 
CLU_6347 CLU_6383 7337 
CLU_6347 CLU_6385 6378 
CLU_6347 CLU_6399 3416 
CLU_6347 CLU_6409 41827 
CLU_6347 CLU_6411 18282 
CLU_6347 CLU_6413 42148 
CLU_6347 CLU_6416 20816 
CLU_6347 CLU_6417 60731 
CLU_6348 3143309772235 3095 
CLU_6348 3143309772251 2623 
CLU_6348 3143309812059 4004 
CLU_6348 3143305305063 1738 
CLU_6348 3143307781067 2638 
CLU_6348 3143305304997 3031 
CLU_6348 3143307831331 3701 
CLU_6348 3143300659134 4911 
CLU_6348 3143303180158 5549 
CLU_6348 3143307821506 5152 
CLU_6348 3143302150107 8136 
CLU_6348 3143309775978 5152 
CLU_6348 3143302219107 7198 
CLU_6348 3143302219352 3794 
CLU_6348 3143303180182 437 
CLU_6348 3143302150050 1365 
CLU_6348 3143302150042 1352 
CLU_6348 3143302219085 1650 
CLU_6348 3143309812032 4742 
CLU_6348 3143302149915 5178 
CLU_6348 3143307299079 1628 
CLU_6348 3143302150018 3724 
CLU_6348 3143302218984 3524 
CLU_6348 3143306065295 5272 
CLU_6348 3143302219069 5472 
CLU_6348 3143306629296 3784 
CLU_6348 3143302149923 4451 
CLU_6348 3143306065341 5166 
CLU_6348 3143306329705 5511 
CLU_6348 3143306297943 11959 
CLU_6348 3143305212626 11959 
CLU_6348 3143307780621 5828 
CLU_6348 3143303180166 5152 
CLU_6348 3143302149893 2376 
CLU_6348 3143309251553 1497 
CLU_6348 3143302150026 2954 
CLU_6348 3143300550108 4994 
CLU_6348 3143303413578 27752 
CLU_6348 3143306329632 7651 
CLU_6348 3143305212588 9164 
CLU_6348 3143309812083 4013 
CLU_6348 3143306023282 2106 
CLU_6348 3143302218968 6329 
CLU_6348 3143309772227 3564 
CLU_6348 3143302203480 2685 
CLU_6348 3143302150085 1628 
CLU_6348 3143300211826 6293 
CLU_6348 3143302149931 3892 
CLU_6348 3143309352511 3794 
CLU_6348 3143309690905 1878 
CLU_6348 3143307608756 4645 
CLU_6348 3143306409911 4994 
CLU_6348 3143307780907 5820 
CLU_6348 3143309936424 2633 
CLU_6348 3143309812075 4697 
CLU_6348 3143303688100 5522 
CLU_6348 3143303180115 2623 
CLU_6348 3143305302854 1085 
CLU_6348 3143302219212 2197 
CLU_6348 3143302149958 6060 
CLU_6348 3143307951345 5613 
CLU_6348 3143302219077 2054 
CLU_6348 3143302219344 5472 
CLU_6348 3143307607660 8136 
CLU_6348 3143302150069 3132 
CLU_6348 3143307809131 6888 
CLU_6348 3143300186252 6728 
CLU_6348 3143307836619 4742 
CLU_6348 3143305212545 4482 
CLU_6348 3143302150077 4645 
CLU_6348 3143302150034 2288 
CLU_6348 3143305212529 22285 
CLU_6348 3143302219379 43579 
CLU_6348 3143305212618 22285 
CLU_6348 CLU_6117 46950 
CLU_6348 CLU_6298 7461 
CLU_6348 CLU_6301 18168 
CLU_6348 CLU_6312 4783 
CLU_6348 CLU_6320 5193 
CLU_6348 CLU_6326 5284 
CLU_6348 CLU_6362 3993 
CLU_6348 CLU_6374 5472 
CLU_6348 CLU_6383 6117 
CLU_6348 CLU_6385 6040 
CLU_6348 CLU_6399 4651 
CLU_6348 CLU_6409 42999 
CLU_6348 CLU_6411 19530 
CLU_6348 CLU_6413 43579 
CLU_6348 CLU_6416 22285 
CLU_6348 CLU_6417 62202 
CLU_6349 3143309772235 3264 
CLU_6349 3143309772251 2930 
CLU_6349 3143309812059 4189 
CLU_6349 3143305305063 2106 
CLU_6349 3143307781067 3024 
CLU_6349 3143305304997 3412 
CLU_6349 3143307831331 4086 
CLU_6349 3143300659134 5267 
CLU_6349 3143303180158 5799 
CLU_6349 3143307821506 5370 
CLU_6349 3143302150107 8340 
CLU_6349 3143309775978 5370 
CLU_6349 3143302219107 7231 
CLU_6349 3143302219352 3904 
CLU_6349 3143303180182 812 
CLU_6349 3143302150050 1644 
CLU_6349 3143302150042 1718 
CLU_6349 3143302219085 1964 
CLU_6349 3143309812032 5126 
CLU_6349 3143302149915 5559 
CLU_6349 3143307299079 1605 
CLU_6349 3143302150018 3904 
CLU_6349 3143302218984 3805 
CLU_6349 3143306065295 5635 
CLU_6349 3143302219069 5319 
CLU_6349 3143306629296 4025 
CLU_6349 3143302149923 4775 
CLU_6349 3143306065341 5446 
CLU_6349 3143306329705 5879 
CLU_6349 3143306297943 12228 
CLU_6349 3143305212626 12228 
CLU_6349 3143307780621 6104 
CLU_6349 3143303180166 5370 
CLU_6349 3143302149893 2721 
CLU_6349 3143309251553 1231 
CLU_6349 3143302150026 2601 
CLU_6349 3143300550108 5290 
CLU_6349 3143303413578 28121 
CLU_6349 3143306329632 7648 
CLU_6349 3143305212588 8856 
CLU_6349 3143309812083 4380 
CLU_6349 3143306023282 2247 
CLU_6349 3143302218968 6537 
CLU_6349 3143309772227 3950 
CLU_6349 3143302203480 2666 
CLU_6349 3143302150085 1605 
CLU_6349 3143300211826 6159 
CLU_6349 3143302149931 3820 
CLU_6349 3143309352511 4165 
CLU_6349 3143309690905 1496 
CLU_6349 3143307608756 4863 
CLU_6349 3143306409911 5290 
CLU_6349 3143307780907 5741 
CLU_6349 3143309936424 2249 
CLU_6349 3143309812075 5027 
CLU_6349 3143303688100 5857 
CLU_6349 3143303180115 2930 
CLU_6349 3143305302854 1471 
CLU_6349 3143302219212 2582 
CLU_6349 3143302149958 6126 
CLU_6349 3143307951345 5997 
CLU_6349 3143302219077 1740 
CLU_6349 3143302219344 5319 
CLU_6349 3143307607660 8340 
CLU_6349 3143302150069 3424 
CLU_6349 3143307809131 7255 
CLU_6349 3143300186252 6607 
CLU_6349 3143307836619 5126 
CLU_6349 3143305212545 4185 
CLU_6349 3143302150077 4863 
CLU_6349 3143302150034 2340 
CLU_6349 3143305212529 22193 
CLU_6349 3143302219379 43592 
CLU_6349 3143305212618 22193 
CLU_6349 CLU_6117 47129 
CLU_6349 CLU_6298 7784 
CLU_6349 CLU_6301 18294 
CLU_6349 CLU_6312 4669 
CLU_6349 CLU_6320 5004 
CLU_6349 CLU_6326 4913 
CLU_6349 CLU_6362 4259 
CLU_6349 CLU_6374 5319 
CLU_6349 CLU_6383 6414 
CLU_6349 CLU_6385 6425 
CLU_6349 CLU_6399 4418 
CLU_6349 CLU_6409 43165 
CLU_6349 CLU_6411 19662 
CLU_6349 CLU_6413 43592 
CLU_6349 CLU_6416 22193 
CLU_6349 CLU_6417 62129 
CLU_6350 3143309772235 3783 
CLU_6350 3143309772251 4381 
CLU_6350 3143309812059 4594 
CLU_6350 3143305305063 4123 
CLU_6350 3143307781067 5280 
CLU_6350 3143305304997 5465 
CLU_6350 3143307831331 6170 
CLU_6350 3143300659134 6874 
CLU_6350 3143303180158 6446 
CLU_6350 3143307821506 5827 
CLU_6350 3143302150107 8469 
CLU_6350 3143309775978 5827 
CLU_6350 3143302219107 6253 
CLU_6350 3143302219352 3881 
CLU_6350 3143303180182 3271 
CLU_6350 3143302150050 4179 
CLU_6350 3143302150042 4176 
CLU_6350 3143302219085 4492 
CLU_6350 3143309812032 7144 
CLU_6350 3143302149915 7853 
CLU_6350 3143307299079 3803 
CLU_6350 3143302150018 6338 
CLU_6350 3143302218984 6339 
CLU_6350 3143306065295 8070 
CLU_6350 3143302219069 3364 
CLU_6350 3143306629296 6535 
CLU_6350 3143302149923 7298 
CLU_6350 3143306065341 7977 
CLU_6350 3143306329705 8291 
CLU_6350 3143306297943 14749 
CLU_6350 3143305212626 14749 
CLU_6350 3143307780621 6935 
CLU_6350 3143303180166 5827 
CLU_6350 3143302149893 5217 
CLU_6350 3143309251553 1372 
CLU_6350 3143302150026 600 
CLU_6350 3143300550108 7824 
CLU_6350 3143303413578 30493 
CLU_6350 3143306329632 6422 
CLU_6350 3143305212588 8621 
CLU_6350 3143309812083 6160 
CLU_6350 3143306023282 2995 
CLU_6350 3143302218968 6820 
CLU_6350 3143309772227 6096 
CLU_6350 3143302203480 2305 
CLU_6350 3143302150085 3803 
CLU_6350 3143300211826 4255 
CLU_6350 3143302149931 2630 
CLU_6350 3143309352511 6570 
CLU_6350 3143309690905 1421 
CLU_6350 3143307608756 7339 
CLU_6350 3143306409911 7824 
CLU_6350 3143307780907 4189 
CLU_6350 3143309936424 1314 
CLU_6350 3143309812075 6394 
CLU_6350 3143303688100 7210 
CLU_6350 3143303180115 4381 
CLU_6350 3143305302854 3755 
CLU_6350 3143302219212 4779 
CLU_6350 3143302149958 5454 
CLU_6350 3143307951345 8001 
CLU_6350 3143302219077 794 
CLU_6350 3143302219344 3364 
CLU_6350 3143307607660 8469 
CLU_6350 3143302150069 5959 
CLU_6350 3143307809131 9666 
CLU_6350 3143300186252 4748 
CLU_6350 3143307836619 7144 
CLU_6350 3143305212545 1657 
CLU_6350 3143302150077 7339 
CLU_6350 3143302150034 4596 
CLU_6350 3143305212529 20258 
CLU_6350 3143302219379 42131 
CLU_6350 3143305212618 20258 
CLU_6350 CLU_6117 46713 
CLU_6350 CLU_6298 10308 
CLU_6350 CLU_6301 20492 
CLU_6350 CLU_6312 3024 
CLU_6350 CLU_6320 2874 
CLU_6350 CLU_6326 2729 
CLU_6350 CLU_6362 5206 
CLU_6350 CLU_6374 3364 
CLU_6350 CLU_6383 8948 
CLU_6350 CLU_6385 8452 
CLU_6350 CLU_6399 2105 
CLU_6350 CLU_6409 42662 
CLU_6350 CLU_6411 19020 
CLU_6350 CLU_6413 42131 
CLU_6350 CLU_6416 20258 
CLU_6350 CLU_6417 60223 
CLU_6351 3143309772235 2934 
CLU_6351 3143309772251 2825 
CLU_6351 3143309812059 3867 
CLU_6351 3143305305063 2189 
CLU_6351 3143307781067 3244 
CLU_6351 3143305304997 3542 
CLU_6351 3143307831331 4237 
CLU_6351 3143300659134 5260 
CLU_6351 3143303180158 5554 
CLU_6351 3143307821506 5081 
CLU_6351 3143302150107 8021 
CLU_6351 3143309775978 5081 
CLU_6351 3143302219107 6757 
CLU_6351 3143302219352 3502 
CLU_6351 3143303180182 1158 
CLU_6351 3143302150050 2104 
CLU_6351 3143302150042 2063 
CLU_6351 3143302219085 2393 
CLU_6351 3143309812032 5259 
CLU_6351 3143302149915 5815 
CLU_6351 3143307299079 2117 
CLU_6351 3143302150018 4419 
CLU_6351 3143302218984 4266 
CLU_6351 3143306065295 5970 
CLU_6351 3143302219069 4795 
CLU_6351 3143306629296 4515 
CLU_6351 3143302149923 5189 
CLU_6351 3143306065341 5908 
CLU_6351 3143306329705 6200 
CLU_6351 3143306297943 12700 
CLU_6351 3143305212626 12700 
CLU_6351 3143307780621 5903 
CLU_6351 3143303180166 5081 
CLU_6351 3143302149893 3104 
CLU_6351 3143309251553 754 
CLU_6351 3143302150026 2270 
CLU_6351 3143300550108 5737 
CLU_6351 3143303413578 28429 
CLU_6351 3143306329632 7155 
CLU_6351 3143305212588 9044 
CLU_6351 3143309812083 4418 
CLU_6351 3143306023282 1907 
CLU_6351 3143302218968 6231 
CLU_6351 3143309772227 4126 
CLU_6351 3143302203480 2178 
CLU_6351 3143302150085 2117 
CLU_6351 3143300211826 5634 
CLU_6351 3143302149931 3304 
CLU_6351 3143309352511 4478 
CLU_6351 3143309690905 1332 
CLU_6351 3143307608756 5365 
CLU_6351 3143306409911 5737 
CLU_6351 3143307780907 5222 
CLU_6351 3143309936424 2075 
CLU_6351 3143309812075 4946 
CLU_6351 3143303688100 5782 
CLU_6351 3143303180115 2825 
CLU_6351 3143305302854 1682 
CLU_6351 3143302219212 2766 
CLU_6351 3143302149958 5676 
CLU_6351 3143307951345 6131 
CLU_6351 3143302219077 1327 
CLU_6351 3143302219344 4795 
CLU_6351 3143307607660 8021 
CLU_6351 3143302150069 3875 
CLU_6351 3143307809131 7577 
CLU_6351 3143300186252 6082 
CLU_6351 3143307836619 5259 
CLU_6351 3143305212545 3742 
CLU_6351 3143302150077 5365 
CLU_6351 3143302150034 2862 
CLU_6351 3143305212529 21670 
CLU_6351 3143302219379 43100 
CLU_6351 3143305212618 21670 
CLU_6351 CLU_6117 46766 
CLU_6351 CLU_6298 8198 
CLU_6351 CLU_6301 18818 
CLU_6351 CLU_6312 4145 
CLU_6351 CLU_6320 4486 
CLU_6351 CLU_6326 4631 
CLU_6351 CLU_6362 4055 
CLU_6351 CLU_6374 4795 
CLU_6351 CLU_6383 6860 
CLU_6351 CLU_6385 6570 
CLU_6351 CLU_6399 3918 
CLU_6351 CLU_6409 42788 
CLU_6351 CLU_6411 19255 
CLU_6351 CLU_6413 43100 
CLU_6351 CLU_6416 21670 
CLU_6351 CLU_6417 61608 
CLU_6352 3143309772235 5095 
CLU_6352 3143309772251 5540 
CLU_6352 3143309812059 5932 
CLU_6352 3143305305063 5087 
CLU_6352 3143307781067 6146 
CLU_6352 3143305304997 6444 
CLU_6352 3143307831331 7143 
CLU_6352 3143300659134 8037 
CLU_6352 3143303180158 7781 
CLU_6352 3143307821506 7172 
CLU_6352 3143302150107 9826 
CLU_6352 3143309775978 7172 
CLU_6352 3143302219107 7493 
CLU_6352 3143302219352 5236 
CLU_6352 3143303180182 3967 
CLU_6352 3143302150050 4701 
CLU_6352 3143302150042 4873 
CLU_6352 3143302219085 5060 
CLU_6352 3143309812032 8158 
CLU_6352 3143302149915 8706 
CLU_6352 3143307299079 3948 
CLU_6352 3143302150018 6517 
CLU_6352 3143302218984 6769 
CLU_6352 3143306065295 8783 
CLU_6352 3143302219069 4328 
CLU_6352 3143306629296 6853 
CLU_6352 3143302149923 7840 
CLU_6352 3143306065341 8361 
CLU_6352 3143306329705 9032 
CLU_6352 3143306297943 15017 
CLU_6352 3143305212626 15017 
CLU_6352 3143307780621 8253 
CLU_6352 3143303180166 7172 
CLU_6352 3143302149893 5851 
CLU_6352 3143309251553 2324 
CLU_6352 3143302150026 791 
CLU_6352 3143300550108 8263 
CLU_6352 3143303413578 31274 
CLU_6352 3143306329632 7589 
CLU_6352 3143305212588 7336 
CLU_6352 3143309812083 7260 
CLU_6352 3143306023282 4236 
CLU_6352 3143302218968 8177 
CLU_6352 3143309772227 7036 
CLU_6352 3143302203480 3652 
CLU_6352 3143302150085 3948 
CLU_6352 3143300211826 5192 
CLU_6352 3143302149931 3936 
CLU_6352 3143309352511 7321 
CLU_6352 3143309690905 1667 
CLU_6352 3143307608756 7562 
CLU_6352 3143306409911 8263 
CLU_6352 3143307780907 5310 
CLU_6352 3143309936424 955 
CLU_6352 3143309812075 7614 
CLU_6352 3143303688100 8442 
CLU_6352 3143303180115 5540 
CLU_6352 3143305302854 4579 
CLU_6352 3143302219212 5674 
CLU_6352 3143302149958 6764 
CLU_6352 3143307951345 9028 
CLU_6352 3143302219077 1748 
CLU_6352 3143302219344 4328 
CLU_6352 3143307607660 9826 
CLU_6352 3143302150069 6427 
CLU_6352 3143307809131 10406 
CLU_6352 3143300186252 5688 
CLU_6352 3143307836619 8158 
CLU_6352 3143305212545 1999 
CLU_6352 3143302150077 7562 
CLU_6352 3143302150034 4691 
CLU_6352 3143305212529 20936 
CLU_6352 3143302219379 43051 
CLU_6352 3143305212618 20936 
CLU_6352 CLU_6117 47974 
CLU_6352 CLU_6298 10825 
CLU_6352 CLU_6301 20211 
CLU_6352 CLU_6312 4177 
CLU_6352 CLU_6320 3751 
CLU_6352 CLU_6326 1767 
CLU_6352 CLU_6362 6489 
CLU_6352 CLU_6374 4328 
CLU_6352 CLU_6383 9376 
CLU_6352 CLU_6385 9470 
CLU_6352 CLU_6399 2893 
CLU_6352 CLU_6409 43907 
CLU_6352 CLU_6411 20257 
CLU_6352 CLU_6413 43051 
CLU_6352 CLU_6416 20936 
CLU_6352 CLU_6417 60869 
CLU_6353 3143309772235 5336 
CLU_6353 3143309772251 4022 
CLU_6353 3143309812059 5953 
CLU_6353 3143305305063 3036 
CLU_6353 3143307781067 2199 
CLU_6353 3143305304997 2835 
CLU_6353 3143307831331 2904 
CLU_6353 3143300659134 4701 
CLU_6353 3143303180158 6706 
CLU_6353 3143307821506 6659 
CLU_6353 3143302150107 9445 
CLU_6353 3143309775978 6659 
CLU_6353 3143302219107 9731 
CLU_6353 3143302219352 6218 
CLU_6353 3143303180182 3041 
CLU_6353 3143302150050 2089 
CLU_6353 3143302150042 2231 
CLU_6353 3143302219085 1792 
CLU_6353 3143309812032 3601 
CLU_6353 3143302149915 2967 
CLU_6353 3143307299079 2925 
CLU_6353 3143302150018 1426 
CLU_6353 3143302218984 208 
CLU_6353 3143306065295 2425 
CLU_6353 3143302219069 8749 
CLU_6353 3143306629296 793 
CLU_6353 3143302149923 1142 
CLU_6353 3143306065341 1741 
CLU_6353 3143306329705 2732 
CLU_6353 3143306297943 8534 
CLU_6353 3143305212626 8534 
CLU_6353 3143307780621 6656 
CLU_6353 3143303180166 6659 
CLU_6353 3143302149893 1254 
CLU_6353 3143309251553 4936 
CLU_6353 3143302150026 6297 
CLU_6353 3143300550108 1556 
CLU_6353 3143303413578 24673 
CLU_6353 3143306329632 10341 
CLU_6353 3143305212588 10414 
CLU_6353 3143309812083 3835 
CLU_6353 3143306023282 4747 
CLU_6353 3143302218968 7756 
CLU_6353 3143309772227 2660 
CLU_6353 3143302203480 5746 
CLU_6353 3143302150085 2925 
CLU_6353 3143300211826 9505 
CLU_6353 3143302149931 7009 
CLU_6353 3143309352511 1614 
CLU_6353 3143309690905 5101 
CLU_6353 3143307608756 1620 
CLU_6353 3143306409911 1556 
CLU_6353 3143307780907 8878 
CLU_6353 3143309936424 5784 
CLU_6353 3143309812075 5037 
CLU_6353 3143303688100 5595 
CLU_6353 3143303180115 4022 
CLU_6353 3143305302854 2815 
CLU_6353 3143302219212 2479 
CLU_6353 3143302149958 8487 
CLU_6353 3143307951345 4215 
CLU_6353 3143302219077 5475 
CLU_6353 3143302219344 8749 
CLU_6353 3143307607660 9445 
CLU_6353 3143302150069 312 
CLU_6353 3143307809131 3969 
CLU_6353 3143300186252 9895 
CLU_6353 3143307836619 3601 
CLU_6353 3143305212545 7917 
CLU_6353 3143302150077 1620 
CLU_6353 3143302150034 2433 
CLU_6353 3143305212529 25220 
CLU_6353 3143302219379 45889 
CLU_6353 3143305212618 25220 
CLU_6353 CLU_6117 47946 
CLU_6353 CLU_6298 4085 
CLU_6353 CLU_6301 15267 
CLU_6353 CLU_6312 7979 
CLU_6353 CLU_6320 8546 
CLU_6353 CLU_6326 8500 
CLU_6353 CLU_6362 5299 
CLU_6353 CLU_6374 8749 
CLU_6353 CLU_6383 2679 
CLU_6353 CLU_6385 4470 
CLU_6353 CLU_6399 8067 
CLU_6353 CLU_6409 44129 
CLU_6353 CLU_6411 21102 
CLU_6353 CLU_6413 45889 
CLU_6353 CLU_6416 25220 
CLU_6353 CLU_6417 64994 
CLU_6354 3143309772235 4915 
CLU_6354 3143309772251 6329 
CLU_6354 3143309812059 4881 
CLU_6354 3143305305063 6949 
CLU_6354 3143307781067 8100 
CLU_6354 3143305304997 7862 
CLU_6354 3143307831331 8432 
CLU_6354 3143300659134 8056 
CLU_6354 3143303180158 6078 
CLU_6354 3143307821506 5416 
CLU_6354 3143302150107 6455 
CLU_6354 3143309775978 5416 
CLU_6354 3143302219107 2821 
CLU_6354 3143302219352 4130 
CLU_6354 3143303180182 7010 
CLU_6354 3143302150050 8015 
CLU_6354 3143302150042 7680 
CLU_6354 3143302219085 8189 
CLU_6354 3143309812032 9049 
CLU_6354 3143302149915 10279 
CLU_6354 3143307299079 8179 
CLU_6354 3143302150018 10440 
CLU_6354 3143302218984 10034 
CLU_6354 3143306065295 10912 
CLU_6354 3143302219069 1384 
CLU_6354 3143306629296 10409 
CLU_6354 3143302149923 10660 
CLU_6354 3143306065341 11615 
CLU_6354 3143306329705 11028 
CLU_6354 3143306297943 18321 
CLU_6354 3143305212626 18321 
CLU_6354 3143307780621 6701 
CLU_6354 3143303180166 5416 
CLU_6354 3143302149893 8652 
CLU_6354 3143309251553 5473 
CLU_6354 3143302150026 5239 
CLU_6354 3143300550108 11365 
CLU_6354 3143303413578 32260 
CLU_6354 3143306329632 2416 
CLU_6354 3143305212588 12818 
CLU_6354 3143309812083 7867 
CLU_6354 3143306023282 5181 
CLU_6354 3143302218968 5629 
CLU_6354 3143309772227 8499 
CLU_6354 3143302203480 4150 
CLU_6354 3143302150085 8179 
CLU_6354 3143300211826 497 
CLU_6354 3143302149931 2887 
CLU_6354 3143309352511 9497 
CLU_6354 3143309690905 6091 
CLU_6354 3143307608756 11308 
CLU_6354 3143306409911 11365 
CLU_6354 3143307780907 1124 
CLU_6354 3143309936424 6047 
CLU_6354 3143309812075 7302 
CLU_6354 3143303688100 7830 
CLU_6354 3143303180115 6329 
CLU_6354 3143305302854 7083 
CLU_6354 3143302219212 7631 
CLU_6354 3143302149958 3124 
CLU_6354 3143307951345 9709 
CLU_6354 3143302219077 5256 
CLU_6354 3143302219344 1384 
CLU_6354 3143307607660 6455 
CLU_6354 3143302150069 9624 
CLU_6354 3143307809131 12271 
CLU_6354 3143300186252 0 
CLU_6354 3143307836619 9049 
CLU_6354 3143305212545 3782 
CLU_6354 3143302150077 11308 
CLU_6354 3143302150034 8942 
CLU_6354 3143305212529 15602 
CLU_6354 3143302219379 37394 
CLU_6354 3143305212618 15602 
CLU_6354 CLU_6117 42654 
CLU_6354 CLU_6298 13490 
CLU_6354 CLU_6301 24895 
CLU_6354 CLU_6312 1944 
CLU_6354 CLU_6320 1937 
CLU_6354 CLU_6326 5661 
CLU_6354 CLU_6362 5949 
CLU_6354 CLU_6374 1384 
CLU_6354 CLU_6383 12427 
CLU_6354 CLU_6385 10133 
CLU_6354 CLU_6399 2796 
CLU_6354 CLU_6409 38527 
CLU_6354 CLU_6411 14927 
CLU_6354 CLU_6413 37394 
CLU_6354 CLU_6416 15602 
CLU_6354 CLU_6417 55559 
CLU_6355 3143309772235 3805 
CLU_6355 3143309772251 5226 
CLU_6355 3143309812059 3759 
CLU_6355 3143305305063 5895 
CLU_6355 3143307781067 7024 
CLU_6355 3143305304997 6762 
CLU_6355 3143307831331 7320 
CLU_6355 3143300659134 6935 
CLU_6355 3143303180158 5019 
CLU_6355 3143307821506 4343 
CLU_6355 3143302150107 5684 
CLU_6355 3143309775978 4343 
CLU_6355 3143302219107 2356 
CLU_6355 3143302219352 3007 
CLU_6355 3143303180182 6068 
CLU_6355 3143302150050 7060 
CLU_6355 3143302150042 6683 
CLU_6355 3143302219085 7208 
CLU_6355 3143309812032 7926 
CLU_6355 3143302149915 9164 
CLU_6355 3143307299079 7338 
CLU_6355 3143302150018 9497 
CLU_6355 3143302218984 9025 
CLU_6355 3143306065295 9814 
CLU_6355 3143302219069 1192 
CLU_6355 3143306629296 9423 
CLU_6355 3143302149923 9604 
CLU_6355 3143306065341 10583 
CLU_6355 3143306329705 9923 
CLU_6355 3143306297943 17255 
CLU_6355 3143305212626 17255 
CLU_6355 3143307780621 5644 
CLU_6355 3143303180166 4343 
CLU_6355 3143302149893 7628 
CLU_6355 3143309251553 4682 
CLU_6355 3143302150026 4741 
CLU_6355 3143300550108 10323 
CLU_6355 3143303413578 31154 
CLU_6355 3143306329632 2289 
CLU_6355 3143305212588 12604 
CLU_6355 3143309812083 6744 
CLU_6355 3143306023282 4137 
CLU_6355 3143302218968 4662 
CLU_6355 3143309772227 7393 
CLU_6355 3143302203480 3167 
CLU_6355 3143302150085 7338 
CLU_6355 3143300211826 986 
CLU_6355 3143302149931 1927 
CLU_6355 3143309352511 8413 
CLU_6355 3143309690905 5422 
CLU_6355 3143307608756 10330 
CLU_6355 3143306409911 10323 
CLU_6355 3143307780907 0 
CLU_6355 3143309936424 5502 
CLU_6355 3143309812075 6184 
CLU_6355 3143303688100 6727 
CLU_6355 3143303180115 5226 
CLU_6355 3143305302854 6080 
CLU_6355 3143302219212 6565 
CLU_6355 3143302149958 2236 
CLU_6355 3143307951345 8585 
CLU_6355 3143302219077 4565 
CLU_6355 3143302219344 1192 
CLU_6355 3143307607660 5684 
CLU_6355 3143302150069 8615 
CLU_6355 3143307809131 11157 
CLU_6355 3143300186252 1124 
CLU_6355 3143307836619 7926 
CLU_6355 3143305212545 3605 
CLU_6355 3143302150077 10330 
CLU_6355 3143302150034 8079 
CLU_6355 3143305212529 16465 
CLU_6355 3143302219379 37996 
CLU_6355 3143305212618 16465 
CLU_6355 CLU_6117 42728 
CLU_6355 CLU_6298 12403 
CLU_6355 CLU_6301 23974 
CLU_6355 CLU_6312 1166 
CLU_6355 CLU_6320 1792 
CLU_6355 CLU_6326 5632 
CLU_6355 CLU_6362 4827 
CLU_6355 CLU_6374 1192 
CLU_6355 CLU_6383 11372 
CLU_6355 CLU_6385 9009 
CLU_6355 CLU_6399 2565 
CLU_6355 CLU_6409 38637 
CLU_6355 CLU_6411 14991 
CLU_6355 CLU_6413 37996 
CLU_6355 CLU_6416 16465 
CLU_6355 CLU_6417 56388 
CLU_6356 3143309772235 3651 
CLU_6356 3143309772251 5080 
CLU_6356 3143309812059 3542 
CLU_6356 3143305305063 5797 
CLU_6356 3143307781067 6904 
CLU_6356 3143305304997 6615 
CLU_6356 3143307831331 7156 
CLU_6356 3143300659134 6711 
CLU_6356 3143303180158 4741 
CLU_6356 3143307821506 4072 
CLU_6356 3143302150107 5373 
CLU_6356 3143309775978 4072 
CLU_6356 3143302219107 2090 
CLU_6356 3143302219352 2826 
CLU_6356 3143303180182 6042 
CLU_6356 3143302150050 7025 
CLU_6356 3143302150042 6624 
CLU_6356 3143302219085 7157 
CLU_6356 3143309812032 7733 
CLU_6356 3143302149915 8993 
CLU_6356 3143307299079 7359 
CLU_6356 3143302150018 9463 
CLU_6356 3143302218984 8953 
CLU_6356 3143306065295 9666 
CLU_6356 3143302219069 1480 
CLU_6356 3143306629296 9366 
CLU_6356 3143302149923 9498 
CLU_6356 3143306065341 10495 
CLU_6356 3143306329705 9768 
CLU_6356 3143306297943 17137 
CLU_6356 3143305212626 17137 
CLU_6356 3143307780621 5366 
CLU_6356 3143303180166 4072 
CLU_6356 3143302149893 7548 
CLU_6356 3143309251553 4736 
CLU_6356 3143302150026 4894 
CLU_6356 3143300550108 10228 
CLU_6356 3143303413578 30907 
CLU_6356 3143306329632 2100 
CLU_6356 3143305212588 12804 
CLU_6356 3143309812083 6552 
CLU_6356 3143306023282 4054 
CLU_6356 3143302218968 4360 
CLU_6356 3143309772227 7238 
CLU_6356 3143302203480 3138 
CLU_6356 3143302150085 7359 
CLU_6356 3143300211826 1281 
CLU_6356 3143302149931 1938 
CLU_6356 3143309352511 8284 
CLU_6356 3143309690905 5516 
CLU_6356 3143307608756 10275 
CLU_6356 3143306409911 10228 
CLU_6356 3143307780907 311 
CLU_6356 3143309936424 5636 
CLU_6356 3143309812075 5954 
CLU_6356 3143303688100 6477 
CLU_6356 3143303180115 5080 
CLU_6356 3143305302854 6018 
CLU_6356 3143302219212 6455 
CLU_6356 3143302149958 1924 
CLU_6356 3143307951345 8375 
CLU_6356 3143302219077 4658 
CLU_6356 3143302219344 1480 
CLU_6356 3143307607660 5373 
CLU_6356 3143302150069 8545 
CLU_6356 3143307809131 10985 
CLU_6356 3143300186252 1353 
CLU_6356 3143307836619 7733 
CLU_6356 3143305212545 3841 
CLU_6356 3143302150077 10275 
CLU_6356 3143302150034 8087 
CLU_6356 3143305212529 16486 
CLU_6356 3143302219379 37917 
CLU_6356 3143305212618 16486 
CLU_6356 CLU_6117 42514 
CLU_6356 CLU_6298 12267 
CLU_6356 CLU_6301 23942 
CLU_6356 CLU_6312 1314 
CLU_6356 CLU_6320 2064 
CLU_6356 CLU_6326 5881 
CLU_6356 CLU_6362 4610 
CLU_6356 CLU_6374 1480 
CLU_6356 CLU_6383 11265 
CLU_6356 CLU_6385 8795 
CLU_6356 CLU_6399 2806 
CLU_6356 CLU_6409 38431 
CLU_6356 CLU_6411 14782 
CLU_6356 CLU_6413 37917 
CLU_6356 CLU_6416 16486 
CLU_6356 CLU_6417 56389 
CLU_6357 3143309772235 4292 
CLU_6357 3143309772251 5722 
CLU_6357 3143309812059 4074 
CLU_6357 3143305305063 6491 
CLU_6357 3143307781067 7573 
CLU_6357 3143305304997 7251 
CLU_6357 3143307831331 7766 
CLU_6357 3143300659134 7198 
CLU_6357 3143303180158 5061 
CLU_6357 3143307821506 4429 
CLU_6357 3143302150107 5301 
CLU_6357 3143309775978 4429 
CLU_6357 3143302219107 1704 
CLU_6357 3143302219352 3434 
CLU_6357 3143303180182 6781 
CLU_6357 3143302150050 7759 
CLU_6357 3143302150042 7346 
CLU_6357 3143302219085 7883 
CLU_6357 3143309812032 8288 
CLU_6357 3143302149915 9586 
CLU_6357 3143307299079 8107 
CLU_6357 3143302150018 10197 
CLU_6357 3143302218984 9664 
CLU_6357 3143306065295 10295 
CLU_6357 3143302219069 1936 
CLU_6357 3143306629296 10086 
CLU_6357 3143302149923 10179 
CLU_6357 3143306065341 11191 
CLU_6357 3143306329705 10385 
CLU_6357 3143306297943 17798 
CLU_6357 3143305212626 17798 
CLU_6357 3143307780621 5678 
CLU_6357 3143303180166 4429 
CLU_6357 3143302149893 8254 
CLU_6357 3143309251553 5482 
CLU_6357 3143302150026 5585 
CLU_6357 3143300550108 10917 
CLU_6357 3143303413578 31302 
CLU_6357 3143306329632 1476 
CLU_6357 3143305212588 13432 
CLU_6357 3143309812083 7114 
CLU_6357 3143306023282 4764 
CLU_6357 3143302218968 4529 
CLU_6357 3143309772227 7860 
CLU_6357 3143302203480 3878 
CLU_6357 3143302150085 8107 
CLU_6357 3143300211826 1367 
CLU_6357 3143302149931 2686 
CLU_6357 3143309352511 8939 
CLU_6357 3143309690905 6249 
CLU_6357 3143307608756 10997 
CLU_6357 3143306409911 10917 
CLU_6357 3143307780907 843 
CLU_6357 3143309936424 6344 
CLU_6357 3143309812075 6430 
CLU_6357 3143303688100 6889 
CLU_6357 3143303180115 5722 
CLU_6357 3143305302854 6739 
CLU_6357 3143302219212 7135 
CLU_6357 3143302149958 2012 
CLU_6357 3143307951345 8891 
CLU_6357 3143302219077 5391 
CLU_6357 3143302219344 1936 
CLU_6357 3143307607660 5301 
CLU_6357 3143302150069 9257 
CLU_6357 3143307809131 11574 
CLU_6357 3143300186252 1154 
CLU_6357 3143307836619 8288 
CLU_6357 3143305212545 4409 
CLU_6357 3143302150077 10997 
CLU_6357 3143302150034 8834 
CLU_6357 3143305212529 15752 
CLU_6357 3143302219379 37175 
CLU_6357 3143305212618 15752 
CLU_6357 CLU_6117 41915 
CLU_6357 CLU_6298 12908 
CLU_6357 CLU_6301 24674 
CLU_6357 CLU_6312 2007 
CLU_6357 CLU_6320 2557 
CLU_6357 CLU_6326 6411 
CLU_6357 CLU_6362 5128 
CLU_6357 CLU_6374 1936 
CLU_6357 CLU_6383 11942 
CLU_6357 CLU_6385 9300 
CLU_6357 CLU_6399 3370 
CLU_6357 CLU_6409 37817 
CLU_6357 CLU_6411 14176 
CLU_6357 CLU_6413 37175 
CLU_6357 CLU_6416 15752 
CLU_6357 CLU_6417 55645 
CLU_6358 3143309772235 4469 
CLU_6358 3143309772251 4659 
CLU_6358 3143309812059 5371 
CLU_6358 3143305305063 4060 
CLU_6358 3143307781067 5053 
CLU_6358 3143305304997 5404 
CLU_6358 3143307831331 6092 
CLU_6358 3143300659134 7125 
CLU_6358 3143303180158 7174 
CLU_6358 3143307821506 6621 
CLU_6358 3143302150107 9434 
CLU_6358 3143309775978 6621 
CLU_6358 3143302219107 7522 
CLU_6358 3143302219352 4794 
CLU_6358 3143303180182 2843 
CLU_6358 3143302150050 3529 
CLU_6358 3143302150042 3735 
CLU_6358 3143302219085 3892 
CLU_6358 3143309812032 7123 
CLU_6358 3143302149915 7590 
CLU_6358 3143307299079 2789 
CLU_6358 3143302150018 5367 
CLU_6358 3143302218984 5591 
CLU_6358 3143306065295 7627 
CLU_6358 3143302219069 4736 
CLU_6358 3143306629296 5682 
CLU_6358 3143302149923 6664 
CLU_6358 3143306065341 7186 
CLU_6358 3143306329705 7881 
CLU_6358 3143306297943 13862 
CLU_6358 3143305212626 13862 
CLU_6358 3143307780621 7590 
CLU_6358 3143303180166 6621 
CLU_6358 3143302149893 4690 
CLU_6358 3143309251553 1485 
CLU_6358 3143302150026 958 
CLU_6358 3143300550108 7085 
CLU_6358 3143303413578 30118 
CLU_6358 3143306329632 7741 
CLU_6358 3143305212588 7521 
CLU_6358 3143309812083 6295 
CLU_6358 3143306023282 3506 
CLU_6358 3143302218968 7705 
CLU_6358 3143309772227 5968 
CLU_6358 3143302203480 3214 
CLU_6358 3143302150085 2789 
CLU_6358 3143300211826 5626 
CLU_6358 3143302149931 3866 
CLU_6358 3143309352511 6178 
CLU_6358 3143309690905 547 
CLU_6358 3143307608756 6406 
CLU_6358 3143306409911 7085 
CLU_6358 3143307780907 5538 
CLU_6358 3143309936424 224 
CLU_6358 3143309812075 6774 
CLU_6358 3143303688100 7610 
CLU_6358 3143303180115 4659 
CLU_6358 3143305302854 3490 
CLU_6358 3143302219212 4599 
CLU_6358 3143302149958 6634 
CLU_6358 3143307951345 7996 
CLU_6358 3143302219077 1116 
CLU_6358 3143302219344 4736 
CLU_6358 3143307607660 9434 
CLU_6358 3143302150069 5249 
CLU_6358 3143307809131 9253 
CLU_6358 3143300186252 6120 
CLU_6358 3143307836619 7123 
CLU_6358 3143305212545 2786 
CLU_6358 3143302150077 6406 
CLU_6358 3143302150034 3550 
CLU_6358 3143305212529 21608 
CLU_6358 3143302219379 43501 
CLU_6358 3143305212618 21608 
CLU_6358 CLU_6117 47917 
CLU_6358 CLU_6298 9646 
CLU_6358 CLU_6301 19258 
CLU_6358 CLU_6312 4372 
CLU_6358 CLU_6320 4236 
CLU_6358 CLU_6326 2941 
CLU_6358 CLU_6362 5767 
CLU_6358 CLU_6374 4736 
CLU_6358 CLU_6383 8199 
CLU_6358 CLU_6385 8431 
CLU_6358 CLU_6399 3439 
CLU_6358 CLU_6409 43887 
CLU_6358 CLU_6411 20263 
CLU_6358 CLU_6413 43501 
CLU_6358 CLU_6416 21608 
CLU_6358 CLU_6417 61570 
CLU_6359 3143309772235 4477 
CLU_6359 3143309772251 4472 
CLU_6359 3143309812059 5401 
CLU_6359 3143305305063 3746 
CLU_6359 3143307781067 4650 
CLU_6359 3143305304997 5059 
CLU_6359 3143307831331 5730 
CLU_6359 3143300659134 6884 
CLU_6359 3143303180158 7153 
CLU_6359 3143307821506 6642 
CLU_6359 3143302150107 9525 
CLU_6359 3143309775978 6642 
CLU_6359 3143302219107 7838 
CLU_6359 3143302219352 4908 
CLU_6359 3143303180182 2428 
CLU_6359 3143302150050 3007 
CLU_6359 3143302150042 3281 
CLU_6359 3143302219085 3378 
CLU_6359 3143309812032 6771 
CLU_6359 3143302149915 7146 
CLU_6359 3143307299079 2179 
CLU_6359 3143302150018 4753 
CLU_6359 3143302218984 5017 
CLU_6359 3143306065295 7125 
CLU_6359 3143302219069 5225 
CLU_6359 3143306629296 5085 
CLU_6359 3143302149923 6113 
CLU_6359 3143306065341 6597 
CLU_6359 3143306329705 7388 
CLU_6359 3143306297943 13252 
CLU_6359 3143305212626 13252 
CLU_6359 3143307780621 7528 
CLU_6359 3143303180166 6642 
CLU_6359 3143302149893 4187 
CLU_6359 3143309251553 1523 
CLU_6359 3143302150026 1558 
CLU_6359 3143300550108 6507 
CLU_6359 3143303413578 29605 
CLU_6359 3143306329632 8108 
CLU_6359 3143305212588 7449 
CLU_6359 3143309812083 6015 
CLU_6359 3143306023282 3470 
CLU_6359 3143302218968 7762 
CLU_6359 3143309772227 5588 
CLU_6359 3143302203480 3381 
CLU_6359 3143302150085 2179 
CLU_6359 3143300211826 6115 
CLU_6359 3143302149931 4194 
CLU_6359 3143309352511 5703 
CLU_6359 3143309690905 542 
CLU_6359 3143307608756 5795 
CLU_6359 3143306409911 6507 
CLU_6359 3143307780907 5955 
CLU_6359 3143309936424 825 
CLU_6359 3143309812075 6592 
CLU_6359 3143303688100 7428 
CLU_6359 3143303180115 4472 
CLU_6359 3143305302854 3114 
CLU_6359 3143302219212 4224 
CLU_6359 3143302149958 6885 
CLU_6359 3143307951345 7642 
CLU_6359 3143302219077 1398 
CLU_6359 3143302219344 5225 
CLU_6359 3143307607660 9525 
CLU_6359 3143302150069 4687 
CLU_6359 3143307809131 8752 
CLU_6359 3143300186252 6603 
CLU_6359 3143307836619 6771 
CLU_6359 3143305212545 3389 
CLU_6359 3143302150077 5795 
CLU_6359 3143302150034 2932 
CLU_6359 3143305212529 22142 
CLU_6359 3143302219379 43948 
CLU_6359 3143305212618 22142 
CLU_6359 CLU_6117 48139 
CLU_6359 CLU_6298 9079 
CLU_6359 CLU_6301 18656 
CLU_6359 CLU_6312 4794 
CLU_6359 CLU_6320 4756 
CLU_6359 CLU_6326 3509 
CLU_6359 CLU_6362 5684 
CLU_6359 CLU_6374 5225 
CLU_6359 CLU_6383 7615 
CLU_6359 CLU_6385 8068 
CLU_6359 CLU_6399 3986 
CLU_6359 CLU_6409 44128 
CLU_6359 CLU_6411 20529 
CLU_6359 CLU_6413 43948 
CLU_6359 CLU_6416 22142 
CLU_6359 CLU_6417 62107 
CLU_6360 3143309772235 4595 
CLU_6360 3143309772251 4835 
CLU_6360 3143309812059 5486 
CLU_6360 3143305305063 4263 
CLU_6360 3143307781067 5268 
CLU_6360 3143305304997 5611 
CLU_6360 3143307831331 6301 
CLU_6360 3143300659134 7310 
CLU_6360 3143303180158 7302 
CLU_6360 3143307821506 6738 
CLU_6360 3143302150107 9524 
CLU_6360 3143309775978 6738 
CLU_6360 3143302219107 7529 
CLU_6360 3143302219352 4884 
CLU_6360 3143303180182 3062 
CLU_6360 3143302150050 3754 
CLU_6360 3143302150042 3956 
CLU_6360 3143302219085 4117 
CLU_6360 3143309812032 7329 
CLU_6360 3143302149915 7809 
CLU_6360 3143307299079 3002 
CLU_6360 3143302150018 5578 
CLU_6360 3143302218984 5813 
CLU_6360 3143306065295 7851 
CLU_6360 3143302219069 4663 
CLU_6360 3143306629296 5900 
CLU_6360 3143302149923 6888 
CLU_6360 3143306065341 7406 
CLU_6360 3143306329705 8105 
CLU_6360 3143306297943 14075 
CLU_6360 3143305212626 14075 
CLU_6360 3143307780621 7729 
CLU_6360 3143303180166 6738 
CLU_6360 3143302149893 4914 
CLU_6360 3143309251553 1633 
CLU_6360 3143302150026 827 
CLU_6360 3143300550108 7307 
CLU_6360 3143303413578 30342 
CLU_6360 3143306329632 7725 
CLU_6360 3143305212588 7446 
CLU_6360 3143309812083 6488 
CLU_6360 3143306023282 3649 
CLU_6360 3143302218968 7808 
CLU_6360 3143309772227 6179 
CLU_6360 3143302203480 3295 
CLU_6360 3143302150085 3002 
CLU_6360 3143300211826 5552 
CLU_6360 3143302149931 3879 
CLU_6360 3143309352511 6401 
CLU_6360 3143309690905 756 
CLU_6360 3143307608756 6619 
CLU_6360 3143306409911 7307 
CLU_6360 3143307780907 5502 
CLU_6360 3143309936424 0 
CLU_6360 3143309812075 6945 
CLU_6360 3143303688100 7781 
CLU_6360 3143303180115 4835 
CLU_6360 3143305302854 3704 
CLU_6360 3143302219212 4811 
CLU_6360 3143302149958 6670 
CLU_6360 3143307951345 8202 
CLU_6360 3143302219077 1198 
CLU_6360 3143302219344 4663 
CLU_6360 3143307607660 9524 
CLU_6360 3143302150069 5473 
CLU_6360 3143307809131 9477 
CLU_6360 3143300186252 6047 
CLU_6360 3143307836619 7329 
CLU_6360 3143305212545 2632 
CLU_6360 3143302150077 6619 
CLU_6360 3143302150034 3757 
CLU_6360 3143305212529 21500 
CLU_6360 3143302219379 43438 
CLU_6360 3143305212618 21500 
CLU_6360 CLU_6117 47953 
CLU_6360 CLU_6298 9870 
CLU_6360 CLU_6301 19420 
CLU_6360 CLU_6312 4337 
CLU_6360 CLU_6320 4146 
CLU_6360 CLU_6326 2717 
CLU_6360 CLU_6362 5914 
CLU_6360 CLU_6374 4663 
CLU_6360 CLU_6383 8420 
CLU_6360 CLU_6385 8638 
CLU_6360 CLU_6399 3333 
CLU_6360 CLU_6409 43915 
CLU_6360 CLU_6411 20284 
CLU_6360 CLU_6413 43438 
CLU_6360 CLU_6416 21500 
CLU_6360 CLU_6417 61458 
CLU_6361 3143309772235 2779 
CLU_6361 3143309772251 2120 
CLU_6361 3143309812059 2437 
CLU_6361 3143305305063 3026 
CLU_6361 3143307781067 2952 
CLU_6361 3143305304997 2254 
CLU_6361 3143307831331 2180 
CLU_6361 3143300659134 776 
CLU_6361 3143303180158 1872 
CLU_6361 3143307821506 2176 
CLU_6361 3143302150107 4476 
CLU_6361 3143309775978 2176 
CLU_6361 3143302219107 5853 
CLU_6361 3143302219352 3273 
CLU_6361 3143303180182 4438 
CLU_6361 3143302150050 4693 
CLU_6361 3143302150042 4044 
CLU_6361 3143302219085 4470 
CLU_6361 3143309812032 2091 
CLU_6361 3143302149915 3537 
CLU_6361 3143307299079 5925 
CLU_6361 3143302150018 6352 
CLU_6361 3143302218984 5246 
CLU_6361 3143306065295 4496 
CLU_6361 3143302219069 6745 
CLU_6361 3143306629296 5827 
CLU_6361 3143302149923 5050 
CLU_6361 3143306065341 6197 
CLU_6361 3143306329705 4465 
CLU_6361 3143306297943 11994 
CLU_6361 3143305212626 11994 
CLU_6361 3143307780621 1647 
CLU_6361 3143303180166 2176 
CLU_6361 3143302149893 4123 
CLU_6361 3143309251553 5323 
CLU_6361 3143302150026 6844 
CLU_6361 3143300550108 5844 
CLU_6361 3143303413578 24986 
CLU_6361 3143306329632 6625 
CLU_6361 3143305212588 13856 
CLU_6361 3143309812083 1219 
CLU_6361 3143306023282 3399 
CLU_6361 3143302218968 2964 
CLU_6361 3143309772227 2409 
CLU_6361 3143302203480 4290 
CLU_6361 3143302150085 5925 
CLU_6361 3143300211826 7121 
CLU_6361 3143302149931 5037 
CLU_6361 3143309352511 3650 
CLU_6361 3143309690905 6248 
CLU_6361 3143307608756 6622 
CLU_6361 3143306409911 5844 
CLU_6361 3143307780907 6184 
CLU_6361 3143309936424 6945 
CLU_6361 3143309812075 0 
CLU_6361 3143303688100 836 
CLU_6361 3143303180115 2120 
CLU_6361 3143305302854 3769 
CLU_6361 3143302219212 2966 
CLU_6361 3143302149958 4675 
CLU_6361 3143307951345 2500 
CLU_6361 3143302219077 5867 
CLU_6361 3143302219344 6745 
CLU_6361 3143307607660 4476 
CLU_6361 3143302150069 4964 
CLU_6361 3143307809131 5401 
CLU_6361 3143300186252 7302 
CLU_6361 3143307836619 2091 
CLU_6361 3143305212545 7493 
CLU_6361 3143302150077 6622 
CLU_6361 3143302150034 6160 
CLU_6361 3143305212529 21277 
CLU_6361 3143302219379 41125 
CLU_6361 3143305212618 21277 
CLU_6361 CLU_6117 42951 
CLU_6361 CLU_6298 7065 
CLU_6361 CLU_6301 19848 
CLU_6361 CLU_6312 5898 
CLU_6361 CLU_6320 6923 
CLU_6361 CLU_6326 9116 
CLU_6361 CLU_6362 1390 
CLU_6361 CLU_6374 6745 
CLU_6361 CLU_6383 6567 
CLU_6361 CLU_6385 2883 
CLU_6361 CLU_6399 6974 
CLU_6361 CLU_6409 39109 
CLU_6361 CLU_6411 16095 
CLU_6361 CLU_6413 41125 
CLU_6361 CLU_6416 21277 
CLU_6361 CLU_6417 60647 
CLU_6362 3143309772235 1455 
CLU_6362 3143309772251 1455 
CLU_6362 3143309812059 1068 
CLU_6362 3143305305063 2606 
CLU_6362 3143307781067 3100 
CLU_6362 3143305304997 2520 
CLU_6362 3143307831331 2821 
CLU_6362 3143300659134 2113 
CLU_6362 3143303180158 1574 
CLU_6362 3143307821506 1363 
CLU_6362 3143302150107 4281 
CLU_6362 3143309775978 1363 
CLU_6362 3143302219107 4753 
CLU_6362 3143302219352 1883 
CLU_6362 3143303180182 3847 
CLU_6362 3143302150050 4383 
CLU_6362 3143302150042 3741 
CLU_6362 3143302219085 4264 
CLU_6362 3143309812032 3173 
CLU_6362 3143302149915 4534 
CLU_6362 3143307299079 5451 
CLU_6362 3143302150018 6443 
CLU_6362 3143302218984 5497 
CLU_6362 3143306065295 5362 
CLU_6362 3143302219069 5356 
CLU_6362 3143306629296 6046 
CLU_6362 3143302149923 5599 
CLU_6362 3143306065341 6725 
CLU_6362 3143306329705 5399 
CLU_6362 3143306297943 12935 
CLU_6362 3143305212626 12935 
CLU_6362 3143307780621 1848 
CLU_6362 3143303180166 1363 
CLU_6362 3143302149893 4171 
CLU_6362 3143309251553 4283 
CLU_6362 3143302150026 5702 
CLU_6362 3143300550108 6395 
CLU_6362 3143303413578 26369 
CLU_6362 3143306329632 5484 
CLU_6362 3143305212588 13095 
CLU_6362 3143309812083 2022 
CLU_6362 3143306023282 2267 
CLU_6362 3143302218968 2504 
CLU_6362 3143309772227 2981 
CLU_6362 3143302203480 2994 
CLU_6362 3143302150085 5451 
CLU_6362 3143300211826 5749 
CLU_6362 3143302149931 3654 
CLU_6362 3143309352511 4213 
CLU_6362 3143309690905 5273 
CLU_6362 3143307608756 6919 
CLU_6362 3143306409911 6395 
CLU_6362 3143307780907 4827 
CLU_6362 3143309936424 5914 
CLU_6362 3143309812075 1390 
CLU_6362 3143303688100 2092 
CLU_6362 3143303180115 1455 
CLU_6362 3143305302854 3292 
CLU_6362 3143302219212 2880 
CLU_6362 3143302149958 3518 
CLU_6362 3143307951345 3767 
CLU_6362 3143302219077 4769 
CLU_6362 3143302219344 5356 
CLU_6362 3143307607660 4281 
CLU_6362 3143302150069 5147 
CLU_6362 3143307809131 6497 
CLU_6362 3143300186252 5949 
CLU_6362 3143307836619 3173 
CLU_6362 3143305212545 6182 
CLU_6362 3143302150077 6919 
CLU_6362 3143302150034 5851 
CLU_6362 3143305212529 20306 
CLU_6362 3143302219379 40597 
CLU_6362 3143305212618 20306 
CLU_6362 CLU_6117 43089 
CLU_6362 CLU_6298 7992 
CLU_6362 CLU_6301 20464 
CLU_6362 CLU_6312 4508 
CLU_6362 CLU_6320 5536 
CLU_6362 CLU_6326 7895 
CLU_6362 CLU_6362 0 
CLU_6362 CLU_6374 5356 
CLU_6362 CLU_6383 7269 
CLU_6362 CLU_6385 4185 
CLU_6362 CLU_6399 5612 
CLU_6362 CLU_6409 39184 
CLU_6362 CLU_6411 15903 
CLU_6362 CLU_6413 40597 
CLU_6362 CLU_6416 20306 
CLU_6362 CLU_6417 59867 
CLU_6363 3143309772235 1506 
CLU_6363 3143309772251 549 
CLU_6363 3143309812059 1720 
CLU_6363 3143305305063 1642 
CLU_6363 3143307781067 2133 
CLU_6363 3143305304997 1615 
CLU_6363 3143307831331 2059 
CLU_6363 3143300659134 2048 
CLU_6363 3143303180158 2532 
CLU_6363 3143307821506 2354 
CLU_6363 3143302150107 5266 
CLU_6363 3143309775978 2354 
CLU_6363 3143302219107 5558 
CLU_6363 3143302219352 2281 
CLU_6363 3143303180182 2966 
CLU_6363 3143302150050 3417 
CLU_6363 3143302150042 2768 
CLU_6363 3143302219085 3279 
CLU_6363 3143309812032 2677 
CLU_6363 3143302149915 3886 
CLU_6363 3143307299079 4537 
CLU_6363 3143302150018 5448 
CLU_6363 3143302218984 4519 
CLU_6363 3143306065295 4603 
CLU_6363 3143302219069 5615 
CLU_6363 3143306629296 5061 
CLU_6363 3143302149923 4691 
CLU_6363 3143306065341 5800 
CLU_6363 3143306329705 4680 
CLU_6363 3143306297943 12156 
CLU_6363 3143305212626 12156 
CLU_6363 3143307780621 2697 
CLU_6363 3143303180166 2354 
CLU_6363 3143302149893 3179 
CLU_6363 3143309251553 3731 
CLU_6363 3143302150026 5265 
CLU_6363 3143300550108 5480 
CLU_6363 3143303413578 26149 
CLU_6363 3143306329632 6245 
CLU_6363 3143305212588 12333 
CLU_6363 3143309812083 1509 
CLU_6363 3143306023282 1851 
CLU_6363 3143302218968 3498 
CLU_6363 3143309772227 2168 
CLU_6363 3143302203480 2854 
CLU_6363 3143302150085 4537 
CLU_6363 3143300211826 6134 
CLU_6363 3143302149931 3805 
CLU_6363 3143309352511 3337 
CLU_6363 3143309690905 4656 
CLU_6363 3143307608756 5942 
CLU_6363 3143306409911 5480 
CLU_6363 3143307780907 5281 
CLU_6363 3143309936424 5351 
CLU_6363 3143309812075 1594 
CLU_6363 3143303688100 2430 
CLU_6363 3143303180115 549 
CLU_6363 3143305302854 2358 
CLU_6363 3143302219212 1887 
CLU_6363 3143302149958 4304 
CLU_6363 3143307951345 3424 
CLU_6363 3143302219077 4281 
CLU_6363 3143302219344 5615 
CLU_6363 3143307607660 5266 
CLU_6363 3143302150069 4162 
CLU_6363 3143307809131 5878 
CLU_6363 3143300186252 6400 
CLU_6363 3143307836619 2677 
CLU_6363 3143305212545 6027 
CLU_6363 3143302150077 5942 
CLU_6363 3143302150034 4893 
CLU_6363 3143305212529 21128 
CLU_6363 3143302219379 41565 
CLU_6363 3143305212618 21128 
CLU_6363 CLU_6117 44053 
CLU_6363 CLU_6298 7230 
CLU_6363 CLU_6301 19533 
CLU_6363 CLU_6312 4753 
CLU_6363 CLU_6320 5688 
CLU_6363 CLU_6326 7563 
CLU_6363 CLU_6362 995 
CLU_6363 CLU_6374 5615 
CLU_6363 CLU_6383 6400 
CLU_6363 CLU_6385 3873 
CLU_6363 CLU_6399 5612 
CLU_6363 CLU_6409 40157 
CLU_6363 CLU_6411 16897 
CLU_6363 CLU_6413 41565 
CLU_6363 CLU_6416 21128 
CLU_6363 CLU_6417 60765 
CLU_6364 3143309772235 2432 
CLU_6364 3143309772251 1663 
CLU_6364 3143309812059 2222 
CLU_6364 3143305305063 2569 
CLU_6364 3143307781067 2570 
CLU_6364 3143305304997 1882 
CLU_6364 3143307831331 1924 
CLU_6364 3143300659134 986 
CLU_6364 3143303180158 2051 
CLU_6364 3143307821506 2211 
CLU_6364 3143302150107 4750 
CLU_6364 3143309775978 2211 
CLU_6364 3143302219107 5825 
CLU_6364 3143302219352 3012 
CLU_6364 3143303180182 3977 
CLU_6364 3143302150050 4254 
CLU_6364 3143302150042 3603 
CLU_6364 3143302219085 4043 
CLU_6364 3143309812032 2057 
CLU_6364 3143302149915 3466 
CLU_6364 3143307299079 5474 
CLU_6364 3143302150018 5986 
CLU_6364 3143302218984 4912 
CLU_6364 3143306065295 4367 
CLU_6364 3143302219069 6474 
CLU_6364 3143306629296 5488 
CLU_6364 3143302149923 4801 
CLU_6364 3143306065341 5947 
CLU_6364 3143306329705 4368 
CLU_6364 3143306297943 11917 
CLU_6364 3143305212626 11917 
CLU_6364 3143307780621 1952 
CLU_6364 3143303180166 2211 
CLU_6364 3143302149893 3735 
CLU_6364 3143309251553 4876 
CLU_6364 3143302150026 6409 
CLU_6364 3143300550108 5600 
CLU_6364 3143303413578 25240 
CLU_6364 3143306329632 6578 
CLU_6364 3143305212588 13393 
CLU_6364 3143309812083 991 
CLU_6364 3143306023282 2977 
CLU_6364 3143302218968 3140 
CLU_6364 3143309772227 2133 
CLU_6364 3143302203480 3911 
CLU_6364 3143302150085 5474 
CLU_6364 3143300211826 6896 
CLU_6364 3143302149931 4727 
CLU_6364 3143309352511 3394 
CLU_6364 3143309690905 5793 
CLU_6364 3143307608756 6306 
CLU_6364 3143306409911 5600 
CLU_6364 3143307780907 5980 
CLU_6364 3143309936424 6494 
CLU_6364 3143309812075 463 
CLU_6364 3143303688100 1296 
CLU_6364 3143303180115 1663 
CLU_6364 3143305302854 3311 
CLU_6364 3143302219212 2542 
CLU_6364 3143302149958 4613 
CLU_6364 3143307951345 2612 
CLU_6364 3143302219077 5427 
CLU_6364 3143302219344 6474 
CLU_6364 3143307607660 4750 
CLU_6364 3143302150069 4612 
CLU_6364 3143307809131 5395 
CLU_6364 3143300186252 7103 
CLU_6364 3143307836619 2057 
CLU_6364 3143305212545 7110 
CLU_6364 3143302150077 6306 
CLU_6364 3143302150034 5726 
CLU_6364 3143305212529 21325 
CLU_6364 3143302219379 41342 
CLU_6364 3143305212618 21325 
CLU_6364 CLU_6117 43335 
CLU_6364 CLU_6298 6974 
CLU_6364 CLU_6301 19646 
CLU_6364 CLU_6312 5619 
CLU_6364 CLU_6320 6619 
CLU_6364 CLU_6326 8697 
CLU_6364 CLU_6362 1155 
CLU_6364 CLU_6374 6474 
CLU_6364 CLU_6383 6380 
CLU_6364 CLU_6385 3029 
CLU_6364 CLU_6399 6628 
CLU_6364 CLU_6409 39480 
CLU_6364 CLU_6411 16400 
CLU_6364 CLU_6413 41342 
CLU_6364 CLU_6416 21325 
CLU_6364 CLU_6417 60778 
CLU_6365 3143309772235 3536 
CLU_6365 3143309772251 2957 
CLU_6365 3143309812059 3061 
CLU_6365 3143305305063 3832 
CLU_6365 3143307781067 3623 
CLU_6365 3143305304997 2926 
CLU_6365 3143307831331 2691 
CLU_6365 3143300659134 904 
CLU_6365 3143303180158 1958 
CLU_6365 3143307821506 2478 
CLU_6365 3143302150107 4199 
CLU_6365 3143309775978 2478 
CLU_6365 3143302219107 6126 
CLU_6365 3143302219352 3929 
CLU_6365 3143303180182 5251 
CLU_6365 3143302150050 5451 
CLU_6365 3143302150042 4810 
CLU_6365 3143302219085 5205 
CLU_6365 3143309812032 2267 
CLU_6365 3143302149915 3677 
CLU_6365 3143307299079 6708 
CLU_6365 3143302150018 6959 
CLU_6365 3143302218984 5803 
CLU_6365 3143306065295 4708 
CLU_6365 3143302219069 7379 
CLU_6365 3143306629296 6389 
CLU_6365 3143302149923 5461 
CLU_6365 3143306065341 6594 
CLU_6365 3143306329705 4623 
CLU_6365 3143306297943 12041 
CLU_6365 3143305212626 12041 
CLU_6365 3143307780621 1486 
CLU_6365 3143303180166 2478 
CLU_6365 3143302149893 4787 
CLU_6365 3143309251553 6157 
CLU_6365 3143302150026 7669 
CLU_6365 3143300550108 6234 
CLU_6365 3143303413578 24430 
CLU_6365 3143306329632 6921 
CLU_6365 3143305212588 14672 
CLU_6365 3143309812083 1791 
CLU_6365 3143306023282 4217 
CLU_6365 3143302218968 2954 
CLU_6365 3143309772227 2935 
CLU_6365 3143302203480 5066 
CLU_6365 3143302150085 6708 
CLU_6365 3143300211826 7688 
CLU_6365 3143302149931 5732 
CLU_6365 3143309352511 4102 
CLU_6365 3143309690905 7085 
CLU_6365 3143307608756 7135 
CLU_6365 3143306409911 6234 
CLU_6365 3143307780907 6727 
CLU_6365 3143309936424 7781 
CLU_6365 3143309812075 836 
CLU_6365 3143303688100 0 
CLU_6365 3143303180115 2957 
CLU_6365 3143305302854 4571 
CLU_6365 3143302219212 3706 
CLU_6365 3143302149958 5022 
CLU_6365 3143307951345 2374 
CLU_6365 3143302219077 6697 
CLU_6365 3143302219344 7379 
CLU_6365 3143307607660 4199 
CLU_6365 3143302150069 5557 
CLU_6365 3143307809131 5375 
CLU_6365 3143300186252 7830 
CLU_6365 3143307836619 2267 
CLU_6365 3143305212545 8265 
CLU_6365 3143302150077 7135 
CLU_6365 3143302150034 6902 
CLU_6365 3143305212529 21355 
CLU_6365 3143302219379 40870 
CLU_6365 3143305212618 21355 
CLU_6365 CLU_6117 42351 
CLU_6365 CLU_6298 7169 
CLU_6365 CLU_6301 20108 
CLU_6365 CLU_6312 6546 
CLU_6365 CLU_6320 7599 
CLU_6365 CLU_6326 9927 
CLU_6365 CLU_6362 2092 
CLU_6365 CLU_6374 7379 
CLU_6365 CLU_6383 6849 
CLU_6365 CLU_6385 2662 
CLU_6365 CLU_6399 7703 
CLU_6365 CLU_6409 38537 
CLU_6365 CLU_6411 15680 
CLU_6365 CLU_6413 40870 
CLU_6365 CLU_6416 21355 
CLU_6365 CLU_6417 60554 
CLU_6366 3143309772235 1120 
CLU_6366 3143309772251 2506 
CLU_6366 3143309812059 891 
CLU_6366 3143305305063 3428 
CLU_6366 3143307781067 4394 
CLU_6366 3143305304997 4012 
CLU_6366 3143307831331 4506 
CLU_6366 3143300659134 4063 
CLU_6366 3143303180158 2547 
CLU_6366 3143307821506 1861 
CLU_6366 3143302150107 4422 
CLU_6366 3143309775978 1861 
CLU_6366 3143302219107 3283 
CLU_6366 3143302219352 264 
CLU_6366 3143303180182 4123 
CLU_6366 3143302150050 4975 
CLU_6366 3143302150042 4443 
CLU_6366 3143302219085 5004 
CLU_6366 3143309812032 5049 
CLU_6366 3143302149915 6326 
CLU_6366 3143307299079 5685 
CLU_6366 3143302150018 7341 
CLU_6366 3143302218984 6630 
CLU_6366 3143306065295 7043 
CLU_6366 3143302219069 3434 
CLU_6366 3143306629296 7109 
CLU_6366 3143302149923 7012 
CLU_6366 3143306065341 8071 
CLU_6366 3143306329705 7126 
CLU_6366 3143306297943 14575 
CLU_6366 3143305212626 14575 
CLU_6366 3143307780621 3129 
CLU_6366 3143303180166 1861 
CLU_6366 3143302149893 5214 
CLU_6366 3143309251553 3625 
CLU_6366 3143302150026 4648 
CLU_6366 3143300550108 7776 
CLU_6366 3143303413578 28315 
CLU_6366 3143306329632 3889 
CLU_6366 3143305212588 12540 
CLU_6366 3143309812083 3869 
CLU_6366 3143306023282 1957 
CLU_6366 3143302218968 2754 
CLU_6366 3143309772227 4607 
CLU_6366 3143302203480 1808 
CLU_6366 3143302150085 5685 
CLU_6366 3143300211826 3798 
CLU_6366 3143302149931 1874 
CLU_6366 3143309352511 5721 
CLU_6366 3143309690905 4638 
CLU_6366 3143307608756 8021 
CLU_6366 3143306409911 7776 
CLU_6366 3143307780907 2885 
CLU_6366 3143309936424 5103 
CLU_6366 3143309812075 3328 
CLU_6366 3143303688100 3944 
CLU_6366 3143303180115 2506 
CLU_6366 3143305302854 3854 
CLU_6366 3143302219212 3999 
CLU_6366 3143302149958 2060 
CLU_6366 3143307951345 5700 
CLU_6366 3143302219077 3907 
CLU_6366 3143302219344 3434 
CLU_6366 3143307607660 4422 
CLU_6366 3143302150069 6235 
CLU_6366 3143307809131 8316 
CLU_6366 3143300186252 4009 
CLU_6366 3143307836619 5049 
CLU_6366 3143305212545 4631 
CLU_6366 3143302150077 8021 
CLU_6366 3143302150034 6287 
CLU_6366 3143305212529 18786 
CLU_6366 3143302219379 39617 
CLU_6366 3143305212618 18786 
CLU_6366 CLU_6117 43020 
CLU_6366 CLU_6298 9665 
CLU_6366 CLU_6301 21720 
CLU_6366 CLU_6312 2605 
CLU_6366 CLU_6320 3676 
CLU_6366 CLU_6326 6544 
CLU_6366 CLU_6362 1950 
CLU_6366 CLU_6374 3434 
CLU_6366 CLU_6383 8760 
CLU_6366 CLU_6385 6125 
CLU_6366 CLU_6399 3891 
CLU_6366 CLU_6409 39032 
CLU_6366 CLU_6411 15498 
CLU_6366 CLU_6413 39617 
CLU_6366 CLU_6416 18786 
CLU_6366 CLU_6417 58539 
CLU_6367 3143309772235 2762 
CLU_6367 3143309772251 1839 
CLU_6367 3143309812059 3566 
CLU_6367 3143305305063 742 
CLU_6367 3143307781067 1567 
CLU_6367 3143305304997 1950 
CLU_6367 3143307831331 2615 
CLU_6367 3143300659134 3898 
CLU_6367 3143303180158 4864 
CLU_6367 3143307821506 4575 
CLU_6367 3143302150107 7556 
CLU_6367 3143309775978 4575 
CLU_6367 3143302219107 7123 
CLU_6367 3143302219352 3597 
CLU_6367 3143303180182 708 
CLU_6367 3143302150050 1138 
CLU_6367 3143302150042 606 
CLU_6367 3143302219085 1157 
CLU_6367 3143309812032 3657 
CLU_6367 3143302149915 4132 
CLU_6367 3143307299079 2181 
CLU_6367 3143302150018 3497 
CLU_6367 3143302218984 2950 
CLU_6367 3143306065295 4319 
CLU_6367 3143302219069 5937 
CLU_6367 3143306629296 3347 
CLU_6367 3143302149923 3677 
CLU_6367 3143306065341 4546 
CLU_6367 3143306329705 4536 
CLU_6367 3143306297943 11315 
CLU_6367 3143305212626 11315 
CLU_6367 3143307780621 5055 
CLU_6367 3143303180166 4575 
CLU_6367 3143302149893 1591 
CLU_6367 3143309251553 2385 
CLU_6367 3143302150026 3952 
CLU_6367 3143300550108 4319 
CLU_6367 3143303413578 26751 
CLU_6367 3143306329632 7669 
CLU_6367 3143305212588 10108 
CLU_6367 3143309812083 2973 
CLU_6367 3143306023282 1985 
CLU_6367 3143302218968 5755 
CLU_6367 3143309772227 2479 
CLU_6367 3143302203480 2933 
CLU_6367 3143302150085 2181 
CLU_6367 3143300211826 6690 
CLU_6367 3143302149931 4196 
CLU_6367 3143309352511 2816 
CLU_6367 3143309690905 2947 
CLU_6367 3143307608756 4258 
CLU_6367 3143306409911 4319 
CLU_6367 3143307780907 6080 
CLU_6367 3143309936424 3704 
CLU_6367 3143309812075 3769 
CLU_6367 3143303688100 4571 
CLU_6367 3143303180115 1839 
CLU_6367 3143305302854 0 
CLU_6367 3143302219212 1111 
CLU_6367 3143302149958 5914 
CLU_6367 3143307951345 4528 
CLU_6367 3143302219077 2990 
CLU_6367 3143302219344 5937 
CLU_6367 3143307607660 7556 
CLU_6367 3143302150069 2540 
CLU_6367 3143307809131 5911 
CLU_6367 3143300186252 7083 
CLU_6367 3143307836619 3657 
CLU_6367 3143305212545 5328 
CLU_6367 3143302150077 4258 
CLU_6367 3143302150034 2568 
CLU_6367 3143305212529 22485 
CLU_6367 3143302219379 43468 
CLU_6367 3143305212618 22485 
CLU_6367 CLU_6117 46379 
CLU_6367 CLU_6298 6653 
CLU_6367 CLU_6301 17947 
CLU_6367 CLU_6312 5164 
CLU_6367 CLU_6320 5757 
CLU_6367 CLU_6326 6312 
CLU_6367 CLU_6362 3292 
CLU_6367 CLU_6374 5937 
CLU_6367 CLU_6383 5417 
CLU_6367 CLU_6385 4954 
CLU_6367 CLU_6399 5336 
CLU_6367 CLU_6409 42465 
CLU_6367 CLU_6411 19109 
CLU_6367 CLU_6413 43468 
CLU_6367 CLU_6416 22485 
CLU_6367 CLU_6417 62329 
CLU_6368 3143309772235 3170 
CLU_6368 3143309772251 4483 
CLU_6368 3143309812059 2584 
CLU_6368 3143305305063 5475 
CLU_6368 3143307781067 6375 
CLU_6368 3143305304997 5918 
CLU_6368 3143307831331 6318 
CLU_6368 3143300659134 5450 
CLU_6368 3143303180158 3117 
CLU_6368 3143307821506 2545 
CLU_6368 3143302150107 3461 
CLU_6368 3143309775978 2545 
CLU_6368 3143302219107 1254 
CLU_6368 3143302219352 2317 
CLU_6368 3143303180182 6160 
CLU_6368 3143302150050 7032 
CLU_6368 3143302150042 6503 
CLU_6368 3143302219085 7064 
CLU_6368 3143309812032 6669 
CLU_6368 3143302149915 8051 
CLU_6368 3143307299079 7688 
CLU_6368 3143302150018 9400 
CLU_6368 3143302218984 8666 
CLU_6368 3143306065295 8870 
CLU_6368 3143302219069 3340 
CLU_6368 3143306629296 9157 
CLU_6368 3143302149923 8979 
CLU_6368 3143306065341 10065 
CLU_6368 3143306329705 8915 
CLU_6368 3143306297943 16441 
CLU_6368 3143305212626 16441 
CLU_6368 3143307780621 3719 
CLU_6368 3143303180166 2545 
CLU_6368 3143302149893 7255 
CLU_6368 3143309251553 5395 
CLU_6368 3143302150026 6054 
CLU_6368 3143300550108 9758 
CLU_6368 3143303413578 29362 
CLU_6368 3143306329632 1966 
CLU_6368 3143305212588 14076 
CLU_6368 3143309812083 5539 
CLU_6368 3143306023282 3990 
CLU_6368 3143302218968 2517 
CLU_6368 3143309772227 6456 
CLU_6368 3143302203480 3533 
CLU_6368 3143302150085 7688 
CLU_6368 3143300211826 3182 
CLU_6368 3143302149931 2828 
CLU_6368 3143309352511 7641 
CLU_6368 3143309690905 6348 
CLU_6368 3143307608756 10067 
CLU_6368 3143306409911 9758 
CLU_6368 3143307780907 2236 
CLU_6368 3143309936424 6670 
CLU_6368 3143309812075 4675 
CLU_6368 3143303688100 5022 
CLU_6368 3143303180115 4483 
CLU_6368 3143305302854 5914 
CLU_6368 3143302219212 6014 
CLU_6368 3143302149958 0 
CLU_6368 3143307951345 7175 
CLU_6368 3143302219077 5530 
CLU_6368 3143302219344 3340 
CLU_6368 3143307607660 3461 
CLU_6368 3143302150069 8276 
CLU_6368 3143307809131 10005 
CLU_6368 3143300186252 3124 
CLU_6368 3143307836619 6669 
CLU_6368 3143305212545 5433 
CLU_6368 3143302150077 10067 
CLU_6368 3143302150034 8320 
CLU_6368 3143305212529 16824 
CLU_6368 3143302219379 37560 
CLU_6368 3143305212618 16824 
CLU_6368 CLU_6117 41283 
CLU_6368 CLU_6298 11502 
CLU_6368 CLU_6301 23755 
CLU_6368 CLU_6312 2851 
CLU_6368 CLU_6320 3857 
CLU_6368 CLU_6326 7488 
CLU_6368 CLU_6362 3518 
CLU_6368 CLU_6374 3340 
CLU_6368 CLU_6383 10703 
CLU_6368 CLU_6385 7555 
CLU_6368 CLU_6399 4457 
CLU_6368 CLU_6409 37254 
CLU_6368 CLU_6411 13644 
CLU_6368 CLU_6413 37560 
CLU_6368 CLU_6416 16824 
CLU_6368 CLU_6417 56509 
CLU_6369 3143309772235 3691 
CLU_6369 3143309772251 2294 
CLU_6369 3143309812059 4204 
CLU_6369 3143305305063 1555 
CLU_6369 3143307781067 400 
CLU_6369 3143305304997 1013 
CLU_6369 3143307831331 1263 
CLU_6369 3143300659134 3017 
CLU_6369 3143303180158 4879 
CLU_6369 3143307821506 4840 
CLU_6369 3143302150107 7621 
CLU_6369 3143309775978 4840 
CLU_6369 3143302219107 8028 
CLU_6369 3143302219352 4573 
CLU_6369 3143303180182 2367 
CLU_6369 3143302150050 1934 
CLU_6369 3143302150042 1493 
CLU_6369 3143302219085 1580 
CLU_6369 3143309812032 2225 
CLU_6369 3143302149915 2379 
CLU_6369 3143307299079 3240 
CLU_6369 3143302150018 3100 
CLU_6369 3143302218984 2030 
CLU_6369 3143306065295 2572 
CLU_6369 3143302219069 7452 
CLU_6369 3143306629296 2600 
CLU_6369 3143302149923 2220 
CLU_6369 3143306065341 3291 
CLU_6369 3143306329705 2773 
CLU_6369 3143306297943 9848 
CLU_6369 3143305212626 9848 
CLU_6369 3143307780621 4846 
CLU_6369 3143303180166 4840 
CLU_6369 3143302149893 935 
CLU_6369 3143309251553 4158 
CLU_6369 3143302150026 5722 
CLU_6369 3143300550108 2985 
CLU_6369 3143303413578 24978 
CLU_6369 3143306329632 8676 
CLU_6369 3143305212588 11278 
CLU_6369 3143309812083 2087 
CLU_6369 3143306023282 3311 
CLU_6369 3143302218968 5929 
CLU_6369 3143309772227 1031 
CLU_6369 3143302203480 4414 
CLU_6369 3143302150085 3240 
CLU_6369 3143300211826 8131 
CLU_6369 3143302149931 5637 
CLU_6369 3143309352511 1068 
CLU_6369 3143309690905 4676 
CLU_6369 3143307608756 3445 
CLU_6369 3143306409911 2985 
CLU_6369 3143307780907 7407 
CLU_6369 3143309936424 5429 
CLU_6369 3143309812075 3252 
CLU_6369 3143303688100 3878 
CLU_6369 3143303180115 2294 
CLU_6369 3143305302854 1773 
CLU_6369 3143302219212 850 
CLU_6369 3143302149958 6775 
CLU_6369 3143307951345 3036 
CLU_6369 3143302219077 4763 
CLU_6369 3143302219344 7452 
CLU_6369 3143307607660 7621 
CLU_6369 3143302150069 1718 
CLU_6369 3143307809131 4143 
CLU_6369 3143300186252 8478 
CLU_6369 3143307836619 2225 
CLU_6369 3143305212545 7078 
CLU_6369 3143302150077 3445 
CLU_6369 3143302150034 3191 
CLU_6369 3143305212529 23577 
CLU_6369 3143302219379 44081 
CLU_6369 3143305212618 23577 
CLU_6369 CLU_6117 46201 
CLU_6369 CLU_6298 5032 
CLU_6369 CLU_6301 17010 
CLU_6369 CLU_6312 6630 
CLU_6369 CLU_6320 7351 
CLU_6369 CLU_6326 8075 
CLU_6369 CLU_6362 3484 
CLU_6369 CLU_6374 7452 
CLU_6369 CLU_6383 3978 
CLU_6369 CLU_6385 3414 
CLU_6369 CLU_6399 7012 
CLU_6369 CLU_6409 42361 
CLU_6369 CLU_6411 19281 
CLU_6369 CLU_6413 44081 
CLU_6369 CLU_6416 23577 
CLU_6369 CLU_6417 63273 
CLU_6370 3143309772235 4398 
CLU_6370 3143309772251 2972 
CLU_6370 3143309812059 4701 
CLU_6370 3143305305063 2603 
CLU_6370 3143307781067 1410 
CLU_6370 3143305304997 1438 
CLU_6370 3143307831331 967 
CLU_6370 3143300659134 2581 
CLU_6370 3143303180158 4918 
CLU_6370 3143307821506 5052 
CLU_6370 3143302150107 7560 
CLU_6370 3143309775978 5052 
CLU_6370 3143302219107 8522 
CLU_6370 3143302219352 5242 
CLU_6370 3143303180182 3584 
CLU_6370 3143302150050 3113 
CLU_6370 3143302150042 2713 
CLU_6370 3143302219085 2742 
CLU_6370 3143309812032 1349 
CLU_6370 3143302149915 1168 
CLU_6370 3143307299079 4389 
CLU_6370 3143302150018 3682 
CLU_6370 3143302218984 2455 
CLU_6370 3143306065295 1618 
CLU_6370 3143302219069 8375 
CLU_6370 3143306629296 3025 
CLU_6370 3143302149923 1980 
CLU_6370 3143306065341 3120 
CLU_6370 3143306329705 1731 
CLU_6370 3143306297943 9169 
CLU_6370 3143305212626 9169 
CLU_6370 3143307780621 4730 
CLU_6370 3143303180166 5052 
CLU_6370 3143302149893 1980 
CLU_6370 3143309251553 5334 
CLU_6370 3143302150026 6916 
CLU_6370 3143300550108 2764 
CLU_6370 3143303413578 23801 
CLU_6370 3143306329632 9227 
CLU_6370 3143305212588 12360 
CLU_6370 3143309812083 1887 
CLU_6370 3143306023282 4247 
CLU_6370 3143302218968 6011 
CLU_6370 3143309772227 821 
CLU_6370 3143302203480 5376 
CLU_6370 3143302150085 4389 
CLU_6370 3143300211826 8992 
CLU_6370 3143302149931 6541 
CLU_6370 3143309352511 649 
CLU_6370 3143309690905 5891 
CLU_6370 3143307608756 3685 
CLU_6370 3143306409911 2764 
CLU_6370 3143307780907 8199 
CLU_6370 3143309936424 6645 
CLU_6370 3143309812075 3085 
CLU_6370 3143303688100 3484 
CLU_6370 3143303180115 2972 
CLU_6370 3143305302854 2964 
CLU_6370 3143302219212 1915 
CLU_6370 3143302149958 7274 
CLU_6370 3143307951345 1992 
CLU_6370 3143302219077 5943 
CLU_6370 3143302219344 8375 
CLU_6370 3143307607660 7560 
CLU_6370 3143302150069 2319 
CLU_6370 3143307809131 3043 
CLU_6370 3143300186252 9301 
CLU_6370 3143307836619 1349 
CLU_6370 3143305212545 8206 
CLU_6370 3143302150077 3685 
CLU_6370 3143302150034 4227 
CLU_6370 3143305212529 24088 
CLU_6370 3143302219379 44205 
CLU_6370 3143305212618 24088 
CLU_6370 CLU_6117 45778 
CLU_6370 CLU_6298 4241 
CLU_6370 CLU_6301 16775 
CLU_6370 CLU_6312 7530 
CLU_6370 CLU_6320 8333 
CLU_6370 CLU_6326 9277 
CLU_6370 CLU_6362 3787 
CLU_6370 CLU_6374 8375 
CLU_6370 CLU_6383 3509 
CLU_6370 CLU_6385 2306 
CLU_6370 CLU_6399 8065 
CLU_6370 CLU_6409 41991 
CLU_6370 CLU_6411 19147 
CLU_6370 CLU_6413 44205 
CLU_6370 CLU_6416 24088 
CLU_6370 CLU_6417 63632 
CLU_6371 3143309772235 4915 
CLU_6371 3143309772251 3716 
CLU_6371 3143309812059 4832 
CLU_6371 3143305305063 3942 
CLU_6371 3143307781067 3033 
CLU_6371 3143305304997 2591 
CLU_6371 3143307831331 1912 
CLU_6371 3143300659134 1726 
CLU_6371 3143303180158 4271 
CLU_6371 3143307821506 4668 
CLU_6371 3143302150107 6536 
CLU_6371 3143309775978 4668 
CLU_6371 3143302219107 8351 
CLU_6371 3143302219352 5594 
CLU_6371 3143303180182 5221 
CLU_6371 3143302150050 4964 
CLU_6371 3143302150042 4456 
CLU_6371 3143302219085 4616 
CLU_6371 3143309812032 872 
CLU_6371 3143302149915 1512 
CLU_6371 3143307299079 6276 
CLU_6371 3143302150018 5639 
CLU_6371 3143302218984 4403 
CLU_6371 3143306065295 2567 
CLU_6371 3143302219069 9021 
CLU_6371 3143306629296 4952 
CLU_6371 3143302149923 3671 
CLU_6371 3143306065341 4700 
CLU_6371 3143306329705 2403 
CLU_6371 3143306297943 9673 
CLU_6371 3143305212626 9673 
CLU_6371 3143307780621 3856 
CLU_6371 3143303180166 4668 
CLU_6371 3143302149893 3917 
CLU_6371 3143309251553 6722 
CLU_6371 3143302150026 8330 
CLU_6371 3143300550108 4344 
CLU_6371 3143303413578 22725 
CLU_6371 3143306329632 9126 
CLU_6371 3143305212588 14307 
CLU_6371 3143309812083 1919 
CLU_6371 3143306023282 5172 
CLU_6371 3143302218968 5314 
CLU_6371 3143309772227 2072 
CLU_6371 3143302203480 6250 
CLU_6371 3143302150085 6276 
CLU_6371 3143300211826 9487 
CLU_6371 3143302149931 7225 
CLU_6371 3143309352511 2607 
CLU_6371 3143309690905 7449 
CLU_6371 3143307608756 5504 
CLU_6371 3143306409911 4344 
CLU_6371 3143307780907 8585 
CLU_6371 3143309936424 8202 
CLU_6371 3143309812075 2500 
CLU_6371 3143303688100 2374 
CLU_6371 3143303180115 3716 
CLU_6371 3143305302854 4528 
CLU_6371 3143302219212 3420 
CLU_6371 3143302149958 7175 
CLU_6371 3143307951345 0 
CLU_6371 3143302219077 7327 
CLU_6371 3143302219344 9021 
CLU_6371 3143307607660 6536 
CLU_6371 3143302150069 4304 
CLU_6371 3143307809131 3002 
CLU_6371 3143300186252 9709 
CLU_6371 3143307836619 872 
CLU_6371 3143305212545 9357 
CLU_6371 3143302150077 5504 
CLU_6371 3143302150034 6189 
CLU_6371 3143305212529 23711 
CLU_6371 3143302219379 43159 
CLU_6371 3143305212618 23711 
CLU_6371 CLU_6117 44084 
CLU_6371 CLU_6298 4839 
CLU_6371 CLU_6301 17864 
CLU_6371 CLU_6312 8160 
CLU_6371 CLU_6320 9111 
CLU_6371 CLU_6326 10698 
CLU_6371 CLU_6362 3767 
CLU_6371 CLU_6374 9021 
CLU_6371 CLU_6383 4726 
CLU_6371 CLU_6385 454 
CLU_6371 CLU_6399 9018 
CLU_6371 CLU_6409 40350 
CLU_6371 CLU_6411 17825 
CLU_6371 CLU_6413 43159 
CLU_6371 CLU_6416 23711 
CLU_6371 CLU_6417 62921 
CLU_6372 3143309772235 3976 
CLU_6372 3143309772251 3425 
CLU_6372 3143309812059 4883 
CLU_6372 3143305305063 2417 
CLU_6372 3143307781067 3049 
CLU_6372 3143305304997 3570 
CLU_6372 3143307831331 4184 
CLU_6372 3143300659134 5575 
CLU_6372 3143303180158 6399 
CLU_6372 3143307821506 6021 
CLU_6372 3143302150107 9008 
CLU_6372 3143309775978 6021 
CLU_6372 3143302219107 8037 
CLU_6372 3143302219352 4668 
CLU_6372 3143303180182 1004 
CLU_6372 3143302150050 1246 
CLU_6372 3143302150042 1627 
CLU_6372 3143302219085 1623 
CLU_6372 3143309812032 5227 
CLU_6372 3143302149915 5444 
CLU_6372 3143307299079 787 
CLU_6372 3143302150018 3193 
CLU_6372 3143302218984 3277 
CLU_6372 3143306065295 5366 
CLU_6372 3143302219069 6104 
CLU_6372 3143306629296 3408 
CLU_6372 3143302149923 4349 
CLU_6372 3143306065341 4889 
CLU_6372 3143306329705 5634 
CLU_6372 3143306297943 11622 
CLU_6372 3143305212626 11622 
CLU_6372 3143307780621 6652 
CLU_6372 3143303180166 6021 
CLU_6372 3143302149893 2435 
CLU_6372 3143309251553 1966 
CLU_6372 3143302150026 3084 
CLU_6372 3143300550108 4773 
CLU_6372 3143303413578 27839 
CLU_6372 3143306329632 8464 
CLU_6372 3143305212588 8427 
CLU_6372 3143309812083 4642 
CLU_6372 3143306023282 2985 
CLU_6372 3143302218968 7200 
CLU_6372 3143309772227 4010 
CLU_6372 3143302203480 3482 
CLU_6372 3143302150085 787 
CLU_6372 3143300211826 6954 
CLU_6372 3143302149931 4636 
CLU_6372 3143309352511 3970 
CLU_6372 3143309690905 1868 
CLU_6372 3143307608756 4193 
CLU_6372 3143306409911 4773 
CLU_6372 3143307780907 6555 
CLU_6372 3143309936424 2541 
CLU_6372 3143309812075 5440 
CLU_6372 3143303688100 6249 
CLU_6372 3143303180115 3425 
CLU_6372 3143305302854 1680 
CLU_6372 3143302219212 2700 
CLU_6372 3143302149958 6918 
CLU_6372 3143307951345 6082 
CLU_6372 3143302219077 2377 
CLU_6372 3143302219344 6104 
CLU_6372 3143307607660 9008 
CLU_6372 3143302150069 2931 
CLU_6372 3143307809131 6993 
CLU_6372 3143300186252 7408 
CLU_6372 3143307836619 5227 
CLU_6372 3143305212545 4801 
CLU_6372 3143302150077 4193 
CLU_6372 3143302150034 1535 
CLU_6372 3143305212529 23001 
CLU_6372 3143302219379 44406 
CLU_6372 3143305212618 23001 
CLU_6372 CLU_6117 47827 
CLU_6372 CLU_6298 7329 
CLU_6372 CLU_6301 17507 
CLU_6372 CLU_6312 5474 
CLU_6372 CLU_6320 5763 
CLU_6372 CLU_6326 5258 
CLU_6372 CLU_6362 4833 
CLU_6372 CLU_6374 6104 
CLU_6372 CLU_6383 5891 
CLU_6372 CLU_6385 6487 
CLU_6372 CLU_6399 5135 
CLU_6372 CLU_6409 43879 
CLU_6372 CLU_6411 20411 
CLU_6372 CLU_6413 44406 
CLU_6372 CLU_6416 23001 
CLU_6372 CLU_6417 62941 
CLU_6373 3143309772235 4175 
CLU_6373 3143309772251 3710 
CLU_6373 3143309812059 5093 
CLU_6373 3143305305063 2734 
CLU_6373 3143307781067 3395 
CLU_6373 3143305304997 3910 
CLU_6373 3143307831331 4529 
CLU_6373 3143300659134 5903 
CLU_6373 3143303180158 6655 
CLU_6373 3143307821506 6255 
CLU_6373 3143302150107 9235 
CLU_6373 3143309775978 6255 
CLU_6373 3143302219107 8137 
CLU_6373 3143302219352 4827 
CLU_6373 3143303180182 1311 
CLU_6373 3143302150050 1576 
CLU_6373 3143302150042 1973 
CLU_6373 3143302219085 1955 
CLU_6373 3143309812032 5572 
CLU_6373 3143302149915 5785 
CLU_6373 3143307299079 819 
CLU_6373 3143302150018 3364 
CLU_6373 3143302218984 3545 
CLU_6373 3143306065295 5690 
CLU_6373 3143302219069 6060 
CLU_6373 3143306629296 3636 
CLU_6373 3143302149923 4643 
CLU_6373 3143306065341 5136 
CLU_6373 3143306329705 5961 
CLU_6373 3143306297943 11834 
CLU_6373 3143305212626 11834 
CLU_6373 3143307780621 6927 
CLU_6373 3143303180166 6255 
CLU_6373 3143302149893 2767 
CLU_6373 3143309251553 1913 
CLU_6373 3143302150026 2869 
CLU_6373 3143300550108 5037 
CLU_6373 3143303413578 28151 
CLU_6373 3143306329632 8536 
CLU_6373 3143305212588 8109 
CLU_6373 3143309812083 4974 
CLU_6373 3143306023282 3164 
CLU_6373 3143302218968 7429 
CLU_6373 3143309772227 4356 
CLU_6373 3143302203480 3560 
CLU_6373 3143302150085 819 
CLU_6373 3143300211826 6923 
CLU_6373 3143302149931 4667 
CLU_6373 3143309352511 4307 
CLU_6373 3143309690905 1642 
CLU_6373 3143307608756 4386 
CLU_6373 3143306409911 5037 
CLU_6373 3143307780907 6571 
CLU_6373 3143309936424 2271 
CLU_6373 3143309812075 5749 
CLU_6373 3143303688100 6563 
CLU_6373 3143303180115 3710 
CLU_6373 3143305302854 2005 
CLU_6373 3143302219212 3041 
CLU_6373 3143302149958 7044 
CLU_6373 3143307951345 6428 
CLU_6373 3143302219077 2247 
CLU_6373 3143302219344 6060 
CLU_6373 3143307607660 9235 
CLU_6373 3143302150069 3214 
CLU_6373 3143307809131 7315 
CLU_6373 3143300186252 7386 
CLU_6373 3143307836619 5572 
CLU_6373 3143305212545 4629 
CLU_6373 3143302150077 4386 
CLU_6373 3143302150034 1612 
CLU_6373 3143305212529 22988 
CLU_6373 3143302219379 44481 
CLU_6373 3143305212618 22988 
CLU_6373 CLU_6117 48039 
CLU_6373 CLU_6298 7606 
CLU_6373 CLU_6301 17570 
CLU_6373 CLU_6312 5466 
CLU_6373 CLU_6320 5690 
CLU_6373 CLU_6326 4980 
CLU_6373 CLU_6362 5097 
CLU_6373 CLU_6374 6060 
CLU_6373 CLU_6383 6149 
CLU_6373 CLU_6385 6833 
CLU_6373 CLU_6399 5026 
CLU_6373 CLU_6409 44080 
CLU_6373 CLU_6411 20585 
CLU_6373 CLU_6413 44481 
CLU_6373 CLU_6416 22988 
CLU_6373 CLU_6417 62940 
CLU_6374 3143309772235 4109 
CLU_6374 3143309772251 5444 
CLU_6374 3143309812059 4322 
CLU_6374 3143305305063 5899 
CLU_6374 3143307781067 7094 
CLU_6374 3143305304997 6945 
CLU_6374 3143307831331 7567 
CLU_6374 3143300659134 7456 
CLU_6374 3143303180158 5835 
CLU_6374 3143307821506 5137 
CLU_6374 3143302150107 6800 
CLU_6374 3143309775978 5137 
CLU_6374 3143302219107 3546 
CLU_6374 3143302219352 3472 
CLU_6374 3143303180182 5787 
CLU_6374 3143302150050 6796 
CLU_6374 3143302150042 6518 
CLU_6374 3143302219085 7000 
CLU_6374 3143309812032 8292 
CLU_6374 3143302149915 9420 
CLU_6374 3143307299079 6864 
CLU_6374 3143302150018 9197 
CLU_6374 3143302218984 8874 
CLU_6374 3143306065295 9962 
CLU_6374 3143302219069 0 
CLU_6374 3143306629296 9214 
CLU_6374 3143302149923 9582 
CLU_6374 3143306065341 10484 
CLU_6374 3143306329705 10105 
CLU_6374 3143306297943 17244 
CLU_6374 3143305212626 17244 
CLU_6374 3143307780621 6453 
CLU_6374 3143303180166 5137 
CLU_6374 3143302149893 7526 
CLU_6374 3143309251553 4148 
CLU_6374 3143302150026 3856 
CLU_6374 3143300550108 10254 
CLU_6374 3143303413578 31715 
CLU_6374 3143306329632 3413 
CLU_6374 3143305212588 11536 
CLU_6374 3143309812083 7121 
CLU_6374 3143306023282 4146 
CLU_6374 3143302218968 5635 
CLU_6374 3143309772227 7602 
CLU_6374 3143302203480 3040 
CLU_6374 3143302150085 6864 
CLU_6374 3143300211826 890 
CLU_6374 3143302149931 1835 
CLU_6374 3143309352511 8501 
CLU_6374 3143309690905 4718 
CLU_6374 3143307608756 10099 
CLU_6374 3143306409911 10254 
CLU_6374 3143307780907 1192 
CLU_6374 3143309936424 4663 
CLU_6374 3143309812075 6745 
CLU_6374 3143303688100 7379 
CLU_6374 3143303180115 5444 
CLU_6374 3143305302854 5937 
CLU_6374 3143302219212 6602 
CLU_6374 3143302149958 3340 
CLU_6374 3143307951345 9021 
CLU_6374 3143302219077 3892 
CLU_6374 3143302219344 0 
CLU_6374 3143307607660 6800 
CLU_6374 3143302150069 8465 
CLU_6374 3143307809131 11398 
CLU_6374 3143300186252 1384 
CLU_6374 3143307836619 8292 
CLU_6374 3143305212545 2489 
CLU_6374 3143302150077 10099 
CLU_6374 3143302150034 7638 
CLU_6374 3143305212529 16947 
CLU_6374 3143302219379 38777 
CLU_6374 3143305212618 16947 
CLU_6374 CLU_6117 43842 
CLU_6374 CLU_6298 12485 
CLU_6374 CLU_6301 23611 
CLU_6374 CLU_6312 861 
CLU_6374 CLU_6320 621 
CLU_6374 CLU_6326 4475 
CLU_6374 CLU_6362 5356 
CLU_6374 CLU_6374 0 
CLU_6374 CLU_6383 11341 
CLU_6374 CLU_6385 9462 
CLU_6374 CLU_6399 1461 
CLU_6374 CLU_6409 39736 
CLU_6374 CLU_6411 16102 
CLU_6374 CLU_6413 38777 
CLU_6374 CLU_6416 16947 
CLU_6374 CLU_6417 56910 
CLU_6375 3143309772235 4569 
CLU_6375 3143309772251 5558 
CLU_6375 3143309812059 5159 
CLU_6375 3143305305063 5583 
CLU_6375 3143307781067 6791 
CLU_6375 3143305304997 6858 
CLU_6375 3143307831331 7550 
CLU_6375 3143300659134 7941 
CLU_6375 3143303180158 6948 
CLU_6375 3143307821506 6263 
CLU_6375 3143302150107 8479 
CLU_6375 3143309775978 6263 
CLU_6375 3143302219107 5590 
CLU_6375 3143302219352 4308 
CLU_6375 3143303180182 4959 
CLU_6375 3143302150050 5912 
CLU_6375 3143302150042 5835 
CLU_6375 3143302219085 6203 
CLU_6375 3143309812032 8449 
CLU_6375 3143302149915 9326 
CLU_6375 3143307299079 5593 
CLU_6375 3143302150018 8123 
CLU_6375 3143302218984 8075 
CLU_6375 3143306065295 9652 
CLU_6375 3143302219069 2143 
CLU_6375 3143306629296 8299 
CLU_6375 3143302149923 8984 
CLU_6375 3143306065341 9718 
CLU_6375 3143306329705 9852 
CLU_6375 3143306297943 16505 
CLU_6375 3143305212626 16505 
CLU_6375 3143307780621 7517 
CLU_6375 3143303180166 6263 
CLU_6375 3143302149893 6886 
CLU_6375 3143309251553 3057 
CLU_6375 3143302150026 2053 
CLU_6375 3143300550108 9549 
CLU_6375 3143303413578 31938 
CLU_6375 3143306329632 5540 
CLU_6375 3143305212588 9395 
CLU_6375 3143309812083 7366 
CLU_6375 3143306023282 4100 
CLU_6375 3143302218968 7046 
CLU_6375 3143309772227 7515 
CLU_6375 3143302203480 3064 
CLU_6375 3143302150085 5593 
CLU_6375 3143300211826 2953 
CLU_6375 3143302149931 2548 
CLU_6375 3143309352511 8146 
CLU_6375 3143309690905 3190 
CLU_6375 3143307608756 9117 
CLU_6375 3143306409911 9549 
CLU_6375 3143307780907 3263 
CLU_6375 3143309936424 2873 
CLU_6375 3143309812075 7345 
CLU_6375 3143303688100 8104 
CLU_6375 3143303180115 5558 
CLU_6375 3143305302854 5350 
CLU_6375 3143302219212 6280 
CLU_6375 3143302149958 5122 
CLU_6375 3143307951345 9273 
CLU_6375 3143302219077 2554 
CLU_6375 3143302219344 2143 
CLU_6375 3143307607660 8479 
CLU_6375 3143302150069 7686 
CLU_6375 3143307809131 11214 
CLU_6375 3143300186252 3441 
CLU_6375 3143307836619 8449 
CLU_6375 3143305212545 346 
CLU_6375 3143302150077 9117 
CLU_6375 3143302150034 6386 
CLU_6375 3143305212529 18655 
CLU_6375 3143302219379 40754 
CLU_6375 3143305212618 18655 
CLU_6375 CLU_6117 45980 
CLU_6375 CLU_6298 11986 
CLU_6375 CLU_6301 22253 
CLU_6375 CLU_6312 2282 
CLU_6375 CLU_6320 1527 
CLU_6375 CLU_6326 2384 
CLU_6375 CLU_6362 6014 
CLU_6375 CLU_6374 2143 
CLU_6375 CLU_6383 10670 
CLU_6375 CLU_6385 9727 
CLU_6375 CLU_6399 697 
CLU_6375 CLU_6409 41878 
CLU_6375 CLU_6411 18240 
CLU_6375 CLU_6413 40754 
CLU_6375 CLU_6416 18655 
CLU_6375 CLU_6417 58603 
CLU_6376 3143309772235 4431 
CLU_6376 3143309772251 3528 
CLU_6376 3143309812059 4115 
CLU_6376 3143305305063 4126 
CLU_6376 3143307781067 3550 
CLU_6376 3143305304997 2926 
CLU_6376 3143307831331 2430 
CLU_6376 3143300659134 1036 
CLU_6376 3143303180158 3165 
CLU_6376 3143307821506 3670 
CLU_6376 3143302150107 5248 
CLU_6376 3143309775978 3670 
CLU_6376 3143302219107 7331 
CLU_6376 3143302219352 4955 
CLU_6376 3143303180182 5528 
CLU_6376 3143302150050 5506 
CLU_6376 3143302150042 4912 
CLU_6376 3143302219085 5202 
CLU_6376 3143309812032 1595 
CLU_6376 3143302149915 2786 
CLU_6376 3143307299079 6816 
CLU_6376 3143302150018 6610 
CLU_6376 3143302218984 5393 
CLU_6376 3143306065295 3848 
CLU_6376 3143302219069 8427 
CLU_6376 3143306629296 5968 
CLU_6376 3143302149923 4827 
CLU_6376 3143306065341 5910 
CLU_6376 3143306329705 3706 
CLU_6376 3143306297943 10956 
CLU_6376 3143305212626 10956 
CLU_6376 3143307780621 2670 
CLU_6376 3143303180166 3670 
CLU_6376 3143302149893 4628 
CLU_6376 3143309251553 6737 
CLU_6376 3143302150026 8313 
CLU_6376 3143300550108 5550 
CLU_6376 3143303413578 23311 
CLU_6376 3143306329632 8125 
CLU_6376 3143305212588 14873 
CLU_6376 3143309812083 1851 
CLU_6376 3143306023282 4937 
CLU_6376 3143302218968 4142 
CLU_6376 3143309772227 2662 
CLU_6376 3143302203480 5908 
CLU_6376 3143302150085 6816 
CLU_6376 3143300211826 8792 
CLU_6376 3143302149931 6712 
CLU_6376 3143309352511 3593 
CLU_6376 3143309690905 7585 
CLU_6376 3143307608756 6613 
CLU_6376 3143306409911 5550 
CLU_6376 3143307780907 7847 
CLU_6376 3143309936424 8316 
CLU_6376 3143309812075 1682 
CLU_6376 3143303688100 1206 
CLU_6376 3143303180115 3528 
CLU_6376 3143305302854 4820 
CLU_6376 3143302219212 3793 
CLU_6376 3143302149958 6215 
CLU_6376 3143307951345 1317 
CLU_6376 3143302219077 7315 
CLU_6376 3143302219344 8427 
CLU_6376 3143307607660 5248 
CLU_6376 3143302150069 5220 
CLU_6376 3143307809131 4282 
CLU_6376 3143300186252 8960 
CLU_6376 3143307836619 1595 
CLU_6376 3143305212545 9102 
CLU_6376 3143302150077 6613 
CLU_6376 3143302150034 6871 
CLU_6376 3143305212529 22533 
CLU_6376 3143302219379 41845 
CLU_6376 3143305212618 22533 
CLU_6376 CLU_6117 42876 
CLU_6376 CLU_6298 6152 
CLU_6376 CLU_6301 19181 
CLU_6376 CLU_6312 7580 
CLU_6376 CLU_6320 8601 
CLU_6376 CLU_6326 10637 
CLU_6376 CLU_6362 3072 
CLU_6376 CLU_6374 8427 
CLU_6376 CLU_6383 6015 
CLU_6376 CLU_6385 1509 
CLU_6376 CLU_6399 8628 
CLU_6376 CLU_6409 39117 
CLU_6376 CLU_6411 16513 
CLU_6376 CLU_6413 41845 
CLU_6376 CLU_6416 22533 
CLU_6376 CLU_6417 61646 
CLU_6377 3143309772235 2546 
CLU_6377 3143309772251 2499 
CLU_6377 3143309812059 1872 
CLU_6377 3143305305063 3600 
CLU_6377 3143307781067 3824 
CLU_6377 3143305304997 3154 
CLU_6377 3143307831331 3214 
CLU_6377 3143300659134 1824 
CLU_6377 3143303180158 775 
CLU_6377 3143307821506 1163 
CLU_6377 3143302150107 3458 
CLU_6377 3143309775978 1163 
CLU_6377 3143302219107 4838 
CLU_6377 3143302219352 2744 
CLU_6377 3143303180182 4925 
CLU_6377 3143302150050 5362 
CLU_6377 3143302150042 4709 
CLU_6377 3143302219085 5195 
CLU_6377 3143309812032 3188 
CLU_6377 3143302149915 4635 
CLU_6377 3143307299079 6503 
CLU_6377 3143302150018 7241 
CLU_6377 3143302218984 6193 
CLU_6377 3143306065295 5592 
CLU_6377 3143302219069 6131 
CLU_6377 3143306629296 6766 
CLU_6377 3143302149923 6094 
CLU_6377 3143306065341 7240 
CLU_6377 3143306329705 5564 
CLU_6377 3143306297943 13090 
CLU_6377 3143305212626 13090 
CLU_6377 3143307780621 732 
CLU_6377 3143303180166 1163 
CLU_6377 3143302149893 4972 
CLU_6377 3143309251553 5436 
CLU_6377 3143302150026 6837 
CLU_6377 3143300550108 6892 
CLU_6377 3143303413578 25741 
CLU_6377 3143306329632 5626 
CLU_6377 3143305212588 14235 
CLU_6377 3143309812083 2263 
CLU_6377 3143306023282 3417 
CLU_6377 3143302218968 1869 
CLU_6377 3143309772227 3428 
CLU_6377 3143302203480 4071 
CLU_6377 3143302150085 6503 
CLU_6377 3143300211826 6397 
CLU_6377 3143302149931 4563 
CLU_6377 3143309352511 4686 
CLU_6377 3143309690905 6427 
CLU_6377 3143307608756 7595 
CLU_6377 3143306409911 6892 
CLU_6377 3143307780907 5428 
CLU_6377 3143309936424 7066 
CLU_6377 3143309812075 1098 
CLU_6377 3143303688100 1320 
CLU_6377 3143303180115 2499 
CLU_6377 3143305302854 4323 
CLU_6377 3143302219212 3726 
CLU_6377 3143302149958 3709 
CLU_6377 3143307951345 3535 
CLU_6377 3143302219077 5915 
CLU_6377 3143302219344 6131 
CLU_6377 3143307607660 3458 
CLU_6377 3143302150069 5882 
CLU_6377 3143307809131 6482 
CLU_6377 3143300186252 6523 
CLU_6377 3143307836619 3188 
CLU_6377 3143305212545 7215 
CLU_6377 3143302150077 7595 
CLU_6377 3143302150034 6842 
CLU_6377 3143305212529 20194 
CLU_6377 3143302219379 40055 
CLU_6377 3143305212618 20194 
CLU_6377 CLU_6117 42129 
CLU_6377 CLU_6298 8164 
CLU_6377 CLU_6301 20925 
CLU_6377 CLU_6312 5317 
CLU_6377 CLU_6320 6392 
CLU_6377 CLU_6326 8992 
CLU_6377 CLU_6362 1153 
CLU_6377 CLU_6374 6131 
CLU_6377 CLU_6383 7648 
CLU_6377 CLU_6385 3883 
CLU_6377 CLU_6399 6569 
CLU_6377 CLU_6409 38254 
CLU_6377 CLU_6411 15115 
CLU_6377 CLU_6413 40055 
CLU_6377 CLU_6416 20194 
CLU_6377 CLU_6417 59549 
CLU_6378 3143309772235 2707 
CLU_6378 3143309772251 3025 
CLU_6378 3143309812059 1853 
CLU_6378 3143305305063 4169 
CLU_6378 3143307781067 4522 
CLU_6378 3143305304997 3871 
CLU_6378 3143307831331 3975 
CLU_6378 3143300659134 2580 
CLU_6378 3143303180158 0 
CLU_6378 3143307821506 700 
CLU_6378 3143302150107 2751 
CLU_6378 3143309775978 700 
CLU_6378 3143302219107 4176 
CLU_6378 3143302219352 2648 
CLU_6378 3143303180182 5418 
CLU_6378 3143302150050 5947 
CLU_6378 3143302150042 5300 
CLU_6378 3143302219085 5810 
CLU_6378 3143309812032 3959 
CLU_6378 3143302149915 5407 
CLU_6378 3143307299079 7025 
CLU_6378 3143302150018 7925 
CLU_6378 3143302218984 6910 
CLU_6378 3143306065295 6367 
CLU_6378 3143302219069 5835 
CLU_6378 3143306629296 7477 
CLU_6378 3143302149923 6852 
CLU_6378 3143306065341 7997 
CLU_6378 3143306329705 6338 
CLU_6378 3143306297943 13859 
CLU_6378 3143305212626 13859 
CLU_6378 3143307780621 625 
CLU_6378 3143303180166 700 
CLU_6378 3143302149893 5650 
CLU_6378 3143309251553 5693 
CLU_6378 3143302150026 6989 
CLU_6378 3143300550108 7651 
CLU_6378 3143303413578 26250 
CLU_6378 3143306329632 4976 
CLU_6378 3143305212588 14595 
CLU_6378 3143309812083 3031 
CLU_6378 3143306023282 3685 
CLU_6378 3143302218968 1095 
CLU_6378 3143309772227 4183 
CLU_6378 3143302203480 4145 
CLU_6378 3143302150085 7025 
CLU_6378 3143300211826 6003 
CLU_6378 3143302149931 4419 
CLU_6378 3143309352511 5444 
CLU_6378 3143309690905 6709 
CLU_6378 3143307608756 8320 
CLU_6378 3143306409911 7651 
CLU_6378 3143307780907 5019 
CLU_6378 3143309936424 7302 
CLU_6378 3143309812075 1872 
CLU_6378 3143303688100 1958 
CLU_6378 3143303180115 3025 
CLU_6378 3143305302854 4864 
CLU_6378 3143302219212 4378 
CLU_6378 3143302149958 3117 
CLU_6378 3143307951345 4271 
CLU_6378 3143302219077 6120 
CLU_6378 3143302219344 5835 
CLU_6378 3143307607660 2751 
CLU_6378 3143302150069 6586 
CLU_6378 3143307809131 7238 
CLU_6378 3143300186252 6078 
CLU_6378 3143307836619 3959 
CLU_6378 3143305212545 7170 
CLU_6378 3143302150077 8320 
CLU_6378 3143302150034 7419 
CLU_6378 3143305212529 19442 
CLU_6378 3143302219379 39291 
CLU_6378 3143305212618 19442 
CLU_6378 CLU_6117 41522 
CLU_6378 CLU_6298 8936 
CLU_6378 CLU_6301 21694 
CLU_6378 CLU_6312 5065 
CLU_6378 CLU_6320 6161 
CLU_6378 CLU_6326 9038 
CLU_6378 CLU_6362 1574 
CLU_6378 CLU_6374 5835 
CLU_6378 CLU_6383 8420 
CLU_6378 CLU_6385 4598 
CLU_6378 CLU_6399 6436 
CLU_6378 CLU_6409 37625 
CLU_6378 CLU_6411 14409 
CLU_6378 CLU_6413 39291 
CLU_6378 CLU_6416 19442 
CLU_6378 CLU_6417 58775 
CLU_6379 3143309772235 975 
CLU_6379 3143309772251 2097 
CLU_6379 3143309812059 1744 
CLU_6379 3143305305063 2600 
CLU_6379 3143307781067 3758 
CLU_6379 3143305304997 3583 
CLU_6379 3143307831331 4213 
CLU_6379 3143300659134 4346 
CLU_6379 3143303180158 3595 
CLU_6379 3143307821506 2986 
CLU_6379 3143302150107 5764 
CLU_6379 3143309775978 2986 
CLU_6379 3143302219107 4416 
CLU_6379 3143302219352 1132 
CLU_6379 3143303180182 2922 
CLU_6379 3143302150050 3861 
CLU_6379 3143302150042 3419 
CLU_6379 3143302219085 3962 
CLU_6379 3143309812032 4990 
CLU_6379 3143302149915 6062 
CLU_6379 3143307299079 4407 
CLU_6379 3143302150018 6290 
CLU_6379 3143302218984 5738 
CLU_6379 3143306065295 6605 
CLU_6379 3143302219069 3362 
CLU_6379 3143306629296 6158 
CLU_6379 3143302149923 6312 
CLU_6379 3143306065341 7286 
CLU_6379 3143306329705 6744 
CLU_6379 3143306297943 13971 
CLU_6379 3143305212626 13971 
CLU_6379 3143307780621 4088 
CLU_6379 3143303180166 2986 
CLU_6379 3143302149893 4334 
CLU_6379 3143309251553 2253 
CLU_6379 3143302150026 3397 
CLU_6379 3143300550108 7026 
CLU_6379 3143303413578 28492 
CLU_6379 3143306329632 4896 
CLU_6379 3143305212588 11188 
CLU_6379 3143309812083 3848 
CLU_6379 3143306023282 840 
CLU_6379 3143302218968 4035 
CLU_6379 3143309772227 4241 
CLU_6379 3143302203480 566 
CLU_6379 3143302150085 4407 
CLU_6379 3143300211826 4002 
CLU_6379 3143302149931 1527 
CLU_6379 3143309352511 5161 
CLU_6379 3143309690905 3272 
CLU_6379 3143307608756 7070 
CLU_6379 3143306409911 7026 
CLU_6379 3143307780907 3297 
CLU_6379 3143309936424 3773 
CLU_6379 3143309812075 3740 
CLU_6379 3143303688100 4508 
CLU_6379 3143303180115 2097 
CLU_6379 3143305302854 2812 
CLU_6379 3143302219212 3282 
CLU_6379 3143302149958 3285 
CLU_6379 3143307951345 5767 
CLU_6379 3143302219077 2575 
CLU_6379 3143302219344 3362 
CLU_6379 3143307607660 5764 
CLU_6379 3143302150069 5331 
CLU_6379 3143307809131 8037 
CLU_6379 3143300186252 4349 
CLU_6379 3143307836619 4990 
CLU_6379 3143305212545 3757 
CLU_6379 3143302150077 7070 
CLU_6379 3143302150034 5060 
CLU_6379 3143305212529 19672 
CLU_6379 3143302219379 40800 
CLU_6379 3143305212618 19672 
CLU_6379 CLU_6117 44394 
CLU_6379 CLU_6298 9154 
CLU_6379 CLU_6301 20757 
CLU_6379 CLU_6312 2517 
CLU_6379 CLU_6320 3363 
CLU_6379 CLU_6326 5486 
CLU_6379 CLU_6362 2430 
CLU_6379 CLU_6374 3362 
CLU_6379 CLU_6383 8080 
CLU_6379 CLU_6385 6218 
CLU_6379 CLU_6399 3266 
CLU_6379 CLU_6409 40403 
CLU_6379 CLU_6411 16853 
CLU_6379 CLU_6413 40800 
CLU_6379 CLU_6416 19672 
CLU_6379 CLU_6417 59530 
CLU_6380 3143309772235 4283 
CLU_6380 3143309772251 5252 
CLU_6380 3143309812059 3410 
CLU_6380 3143305305063 6384 
CLU_6380 3143307781067 7007 
CLU_6380 3143305304997 6414 
CLU_6380 3143307831331 6617 
CLU_6380 3143300659134 5272 
CLU_6380 3143303180158 2698 
CLU_6380 3143307821506 2552 
CLU_6380 3143302150107 1531 
CLU_6380 3143309775978 2552 
CLU_6380 3143302219107 2222 
CLU_6380 3143302219352 3641 
CLU_6380 3143303180182 7375 
CLU_6380 3143302150050 8110 
CLU_6380 3143302150042 7505 
CLU_6380 3143302219085 8056 
CLU_6380 3143309812032 6657 
CLU_6380 3143302149915 8105 
CLU_6380 3143307299079 8982 
CLU_6380 3143302150018 10313 
CLU_6380 3143302218984 9402 
CLU_6380 3143306065295 9058 
CLU_6380 3143302219069 5324 
CLU_6380 3143306629296 9946 
CLU_6380 3143302149923 9469 
CLU_6380 3143306065341 10607 
CLU_6380 3143306329705 9034 
CLU_6380 3143306297943 16556 
CLU_6380 3143305212626 16556 
CLU_6380 3143307780621 3086 
CLU_6380 3143303180166 2552 
CLU_6380 3143302149893 8057 
CLU_6380 3143309251553 7007 
CLU_6380 3143302150026 7882 
CLU_6380 3143300550108 10269 
CLU_6380 3143303413578 28283 
CLU_6380 3143306329632 2962 
CLU_6380 3143305212588 15871 
CLU_6380 3143309812083 5697 
CLU_6380 3143306023282 5278 
CLU_6380 3143302218968 1623 
CLU_6380 3143309772227 6809 
CLU_6380 3143302203480 5155 
CLU_6380 3143302150085 8982 
CLU_6380 3143300211826 5075 
CLU_6380 3143302149931 4712 
CLU_6380 3143309352511 8067 
CLU_6380 3143309690905 8010 
CLU_6380 3143307608756 10824 
CLU_6380 3143306409911 10269 
CLU_6380 3143307780907 4183 
CLU_6380 3143309936424 8425 
CLU_6380 3143309812075 4569 
CLU_6380 3143303688100 4572 
CLU_6380 3143303180115 5252 
CLU_6380 3143305302854 6973 
CLU_6380 3143302219212 6764 
CLU_6380 3143302149958 1996 
CLU_6380 3143307951345 6936 
CLU_6380 3143302219077 7244 
CLU_6380 3143302219344 5324 
CLU_6380 3143307607660 1531 
CLU_6380 3143302150069 9047 
CLU_6380 3143307809131 9923 
CLU_6380 3143300186252 4925 
CLU_6380 3143307836619 6657 
CLU_6380 3143305212545 7408 
CLU_6380 3143302150077 10824 
CLU_6380 3143302150034 9516 
CLU_6380 3143305212529 16783 
CLU_6380 3143302219379 36692 
CLU_6380 3143305212618 16783 
CLU_6380 CLU_6117 39630 
CLU_6380 CLU_6298 11634 
CLU_6380 CLU_6301 24337 
CLU_6380 CLU_6312 4843 
CLU_6380 CLU_6320 5853 
CLU_6380 CLU_6326 9455 
CLU_6380 CLU_6362 3906 
CLU_6380 CLU_6374 5324 
CLU_6380 CLU_6383 11085 
CLU_6380 CLU_6385 7235 
CLU_6380 CLU_6399 6446 
CLU_6380 CLU_6409 35648 
CLU_6380 CLU_6411 12157 
CLU_6380 CLU_6413 36692 
CLU_6380 CLU_6416 16783 
CLU_6380 CLU_6417 56080 
CLU_6381 3143309772235 19331 
CLU_6381 3143309772251 17981 
CLU_6381 3143309812059 19898 
CLU_6381 3143305305063 17033 
CLU_6381 3143307781067 16093 
CLU_6381 3143305304997 16599 
CLU_6381 3143307831331 16339 
CLU_6381 3143300659134 17809 
CLU_6381 3143303180158 20291 
CLU_6381 3143307821506 20422 
CLU_6381 3143302150107 22848 
CLU_6381 3143309775978 20422 
CLU_6381 3143302219107 23715 
CLU_6381 3143302219352 20214 
CLU_6381 3143303180182 16744 
CLU_6381 3143302150050 15742 
CLU_6381 3143302150042 16127 
CLU_6381 3143302219085 15593 
CLU_6381 3143309812032 16399 
CLU_6381 3143302149915 14974 
CLU_6381 3143307299079 15688 
CLU_6381 3143302150018 13313 
CLU_6381 3143302218984 13829 
CLU_6381 3143306065295 13953 
CLU_6381 3143302219069 22500 
CLU_6381 3143306629296 13388 
CLU_6381 3143302149923 13516 
CLU_6381 3143306065341 12404 
CLU_6381 3143306329705 14029 
CLU_6381 3143306297943 7233 
CLU_6381 3143305212626 7233 
CLU_6381 3143307780621 20046 
CLU_6381 3143303180166 20422 
CLU_6381 3143302149893 15247 
CLU_6381 3143309251553 18383 
CLU_6381 3143302150026 19227 
CLU_6381 3143300550108 12723 
CLU_6381 3143303413578 21283 
CLU_6381 3143306329632 24337 
CLU_6381 3143305212588 17333 
CLU_6381 3143309812083 17263 
CLU_6381 3143306023282 18713 
CLU_6381 3143302218968 21386 
CLU_6381 3143309772227 16152 
CLU_6381 3143302203480 19632 
CLU_6381 3143302150085 15688 
CLU_6381 3143300211826 23324 
CLU_6381 3143302149931 20885 
CLU_6381 3143309352511 14902 
CLU_6381 3143309690905 18056 
CLU_6381 3143307608756 12476 
CLU_6381 3143306409911 12723 
CLU_6381 3143307780907 22799 
CLU_6381 3143309936424 18454 
CLU_6381 3143309812075 18432 
CLU_6381 3143303688100 18651 
CLU_6381 3143303180115 17981 
CLU_6381 3143305302854 16734 
CLU_6381 3143302219212 16454 
CLU_6381 3143302149958 22464 
CLU_6381 3143307951345 16372 
CLU_6381 3143302219077 18754 
CLU_6381 3143302219344 22500 
CLU_6381 3143307607660 22848 
CLU_6381 3143302150069 14231 
CLU_6381 3143307809131 13491 
CLU_6381 3143300186252 23753 
CLU_6381 3143307836619 16399 
CLU_6381 3143305212545 21055 
CLU_6381 3143302150077 12476 
CLU_6381 3143302150034 14897 
CLU_6381 3143305212529 39212 
CLU_6381 3143302219379 59521 
CLU_6381 3143305212618 39212 
CLU_6381 CLU_6117 59358 
CLU_6381 CLU_6298 11547 
CLU_6381 CLU_6301 1729 
CLU_6381 CLU_6312 21810 
CLU_6381 CLU_6320 22180 
CLU_6381 CLU_6326 20721 
CLU_6381 CLU_6362 19113 
CLU_6381 CLU_6374 22500 
CLU_6381 CLU_6383 11872 
CLU_6381 CLU_6385 16238 
CLU_6381 CLU_6399 21534 
CLU_6381 CLU_6409 55887 
CLU_6381 CLU_6411 34146 
CLU_6381 CLU_6413 59521 
CLU_6381 CLU_6416 39212 
CLU_6381 CLU_6417 78967 
CLU_6382 3143309772235 5845 
CLU_6382 3143309772251 4452 
CLU_6382 3143309812059 6353 
CLU_6382 3143305305063 3623 
CLU_6382 3143307781067 2558 
CLU_6382 3143305304997 3053 
CLU_6382 3143307831331 2888 
CLU_6382 3143300659134 4596 
CLU_6382 3143303180158 6852 
CLU_6382 3143307821506 6905 
CLU_6382 3143302150107 9540 
CLU_6382 3143309775978 6905 
CLU_6382 3143302219107 10184 
CLU_6382 3143302219352 6729 
CLU_6382 3143303180182 3896 
CLU_6382 3143302150050 3001 
CLU_6382 3143302150042 3025 
CLU_6382 3143302219085 2669 
CLU_6382 3143309812032 3319 
CLU_6382 3143302149915 2343 
CLU_6382 3143307299079 3901 
CLU_6382 3143302150018 2090 
CLU_6382 3143302218984 1024 
CLU_6382 3143306065295 1573 
CLU_6382 3143302219069 9479 
CLU_6382 3143306629296 1359 
CLU_6382 3143302149923 170 
CLU_6382 3143306065341 1152 
CLU_6382 3143306329705 1883 
CLU_6382 3143306297943 7764 
CLU_6382 3143305212626 7764 
CLU_6382 3143307780621 6713 
CLU_6382 3143303180166 6905 
CLU_6382 3143302149893 1976 
CLU_6382 3143309251553 5807 
CLU_6382 3143302150026 7220 
CLU_6382 3143300550108 828 
CLU_6382 3143303413578 23697 
CLU_6382 3143306329632 10835 
CLU_6382 3143305212588 11272 
CLU_6382 3143309812083 3849 
CLU_6382 3143306023282 5387 
CLU_6382 3143302218968 7934 
CLU_6382 3143309772227 2670 
CLU_6382 3143302203480 6446 
CLU_6382 3143302150085 3901 
CLU_6382 3143300211826 10200 
CLU_6382 3143302149931 7697 
CLU_6382 3143309352511 1415 
CLU_6382 3143309690905 6038 
CLU_6382 3143307608756 1740 
CLU_6382 3143306409911 828 
CLU_6382 3143307780907 9519 
CLU_6382 3143309936424 6735 
CLU_6382 3143309812075 5066 
CLU_6382 3143303688100 5500 
CLU_6382 3143303180115 4452 
CLU_6382 3143305302854 3561 
CLU_6382 3143302219212 2968 
CLU_6382 3143302149958 8930 
CLU_6382 3143307951345 3764 
CLU_6382 3143302219077 6366 
CLU_6382 3143302219344 9479 
CLU_6382 3143307607660 9540 
CLU_6382 3143302150069 1276 
CLU_6382 3143307809131 3028 
CLU_6382 3143300186252 10568 
CLU_6382 3143307836619 3319 
CLU_6382 3143305212545 8795 
CLU_6382 3143302150077 1740 
CLU_6382 3143302150034 3395 
CLU_6382 3143305212529 25735 
CLU_6382 3143302219379 46136 
CLU_6382 3143305212618 25735 
CLU_6382 CLU_6117 47770 
CLU_6382 CLU_6298 3151 
CLU_6382 CLU_6301 14890 
CLU_6382 CLU_6312 8682 
CLU_6382 CLU_6320 9318 
CLU_6382 CLU_6326 9452 
CLU_6382 CLU_6362 5573 
CLU_6382 CLU_6374 9479 
CLU_6382 CLU_6383 1862 
CLU_6382 CLU_6385 3936 
CLU_6382 CLU_6399 8886 
CLU_6382 CLU_6409 43995 
CLU_6382 CLU_6411 21153 
CLU_6382 CLU_6413 46136 
CLU_6382 CLU_6416 25735 
CLU_6382 CLU_6417 65418 
CLU_6383 3143309772235 7667 
CLU_6383 3143309772251 6254 
CLU_6383 3143309812059 8118 
CLU_6383 3143305305063 5479 
CLU_6383 3143307781067 4372 
CLU_6383 3143305304997 4785 
CLU_6383 3143307831331 4471 
CLU_6383 3143300659134 5977 
CLU_6383 3143303180158 8420 
CLU_6383 3143307821506 8558 
CLU_6383 3143302150107 11017 
CLU_6383 3143309775978 8558 
CLU_6383 3143302219107 11957 
CLU_6383 3143302219352 8547 
CLU_6383 3143303180182 5713 
CLU_6383 3143302150050 4769 
CLU_6383 3143302150042 4867 
CLU_6383 3143302219085 4467 
CLU_6383 3143309812032 4582 
CLU_6383 3143302149915 3228 
CLU_6383 3143307299079 5468 
CLU_6383 3143302150018 3097 
CLU_6383 3143302218984 2617 
CLU_6383 3143306065295 2166 
CLU_6383 3143302219069 11341 
CLU_6383 3143306629296 2561 
CLU_6383 3143302149923 1768 
CLU_6383 3143306065341 1036 
CLU_6383 3143306329705 2330 
CLU_6383 3143306297943 5902 
CLU_6383 3143305212626 5902 
CLU_6383 3143307780621 8196 
CLU_6383 3143303180166 8558 
CLU_6383 3143302149893 3827 
CLU_6383 3143309251553 7615 
CLU_6383 3143302150026 8965 
CLU_6383 3143300550108 1124 
CLU_6383 3143303413578 22280 
CLU_6383 3143306329632 12630 
CLU_6383 3143305212588 12094 
CLU_6383 3143309812083 5391 
CLU_6383 3143306023282 7246 
CLU_6383 3143302218968 9515 
CLU_6383 3143309772227 4291 
CLU_6383 3143302203480 8308 
CLU_6383 3143302150085 5468 
CLU_6383 3143300211826 12062 
CLU_6383 3143302149931 9559 
CLU_6383 3143309352511 3064 
CLU_6383 3143309690905 7759 
CLU_6383 3143307608756 2142 
CLU_6383 3143306409911 1124 
CLU_6383 3143307780907 11372 
CLU_6383 3143309936424 8420 
CLU_6383 3143309812075 6567 
CLU_6383 3143303688100 6849 
CLU_6383 3143303180115 6254 
CLU_6383 3143305302854 5417 
CLU_6383 3143302219212 4810 
CLU_6383 3143302149958 10703 
CLU_6383 3143307951345 4726 
CLU_6383 3143302219077 8154 
CLU_6383 3143302219344 11341 
CLU_6383 3143307607660 11017 
CLU_6383 3143302150069 2989 
CLU_6383 3143307809131 2598 
CLU_6383 3143300186252 12427 
CLU_6383 3143307836619 4582 
CLU_6383 3143305212545 10597 
CLU_6383 3143302150077 2142 
CLU_6383 3143302150034 4824 
CLU_6383 3143305212529 27526 
CLU_6383 3143302219379 47689 
CLU_6383 3143305212618 27526 
CLU_6383 CLU_6117 48752 
CLU_6383 CLU_6298 1568 
CLU_6383 CLU_6301 13281 
CLU_6383 CLU_6312 10544 
CLU_6383 CLU_6320 11175 
CLU_6383 CLU_6326 11125 
CLU_6383 CLU_6362 7269 
CLU_6383 CLU_6374 11341 
CLU_6383 CLU_6383 0 
CLU_6383 CLU_6385 4726 
CLU_6383 CLU_6399 10728 
CLU_6383 CLU_6409 45048 
CLU_6383 CLU_6411 22508 
CLU_6383 CLU_6413 47689 
CLU_6383 CLU_6416 27526 
CLU_6383 CLU_6417 67134 
CLU_6384 3143309772235 2416 
CLU_6384 3143309772251 1505 
CLU_6384 3143309812059 2306 
CLU_6384 3143305305063 2347 
CLU_6384 3143307781067 2314 
CLU_6384 3143305304997 1626 
CLU_6384 3143307831331 1693 
CLU_6384 3143300659134 1025 
CLU_6384 3143303180158 2289 
CLU_6384 3143307821506 2409 
CLU_6384 3143302150107 5000 
CLU_6384 3143309775978 2409 
CLU_6384 3143302219107 5983 
CLU_6384 3143302219352 3056 
CLU_6384 3143303180182 3763 
CLU_6384 3143302150050 4012 
CLU_6384 3143302150042 3362 
CLU_6384 3143302219085 3795 
CLU_6384 3143309812032 1917 
CLU_6384 3143302149915 3296 
CLU_6384 3143307299079 5242 
CLU_6384 3143302150018 5730 
CLU_6384 3143302218984 4658 
CLU_6384 3143306065295 4169 
CLU_6384 3143302219069 6498 
CLU_6384 3143306629296 5234 
CLU_6384 3143302149923 4564 
CLU_6384 3143306065341 5709 
CLU_6384 3143306329705 4182 
CLU_6384 3143306297943 11731 
CLU_6384 3143305212626 11731 
CLU_6384 3143307780621 2207 
CLU_6384 3143303180166 2409 
CLU_6384 3143302149893 3479 
CLU_6384 3143309251553 4731 
CLU_6384 3143302150026 6282 
CLU_6384 3143300550108 5363 
CLU_6384 3143303413578 25221 
CLU_6384 3143306329632 6726 
CLU_6384 3143305212588 13183 
CLU_6384 3143309812083 789 
CLU_6384 3143306023282 2877 
CLU_6384 3143302218968 3374 
CLU_6384 3143309772227 1895 
CLU_6384 3143302203480 3854 
CLU_6384 3143302150085 5242 
CLU_6384 3143300211826 6949 
CLU_6384 3143302149931 4726 
CLU_6384 3143309352511 3156 
CLU_6384 3143309690905 5629 
CLU_6384 3143307608756 6054 
CLU_6384 3143306409911 5363 
CLU_6384 3143307780907 6048 
CLU_6384 3143309936424 6339 
CLU_6384 3143309812075 683 
CLU_6384 3143303688100 1490 
CLU_6384 3143303180115 1505 
CLU_6384 3143305302854 3088 
CLU_6384 3143302219212 2293 
CLU_6384 3143302149958 4760 
CLU_6384 3143307951345 2538 
CLU_6384 3143302219077 5293 
CLU_6384 3143302219344 6498 
CLU_6384 3143307607660 5000 
CLU_6384 3143302150069 4356 
CLU_6384 3143307809131 5246 
CLU_6384 3143300186252 7172 
CLU_6384 3143307836619 1917 
CLU_6384 3143305212545 7042 
CLU_6384 3143302150077 6054 
CLU_6384 3143302150034 5481 
CLU_6384 3143305212529 21506 
CLU_6384 3143302219379 41578 
CLU_6384 3143305212618 21506 
CLU_6384 CLU_6117 43590 
CLU_6384 CLU_6298 6786 
CLU_6384 CLU_6301 19417 
CLU_6384 CLU_6312 5639 
CLU_6384 CLU_6320 6619 
CLU_6384 CLU_6326 8588 
CLU_6384 CLU_6362 1256 
CLU_6384 CLU_6374 6498 
CLU_6384 CLU_6383 6159 
CLU_6384 CLU_6385 2970 
CLU_6384 CLU_6399 6594 
CLU_6384 CLU_6409 39736 
CLU_6384 CLU_6411 16653 
CLU_6384 CLU_6413 41578 
CLU_6384 CLU_6416 21506 
CLU_6384 CLU_6417 60988 
CLU_6385 3143309772235 5360 
CLU_6385 3143309772251 4170 
CLU_6385 3143309812059 5252 
CLU_6385 3143305305063 4383 
CLU_6385 3143307781067 3439 
CLU_6385 3143305304997 3028 
CLU_6385 3143307831331 2339 
CLU_6385 3143300659134 2108 
CLU_6385 3143303180158 4598 
CLU_6385 3143307821506 5031 
CLU_6385 3143302150107 6755 
CLU_6385 3143309775978 5031 
CLU_6385 3143302219107 8717 
CLU_6385 3143302219352 6026 
CLU_6385 3143303180182 5642 
CLU_6385 3143302150050 5348 
CLU_6385 3143302150042 4859 
CLU_6385 3143302219085 4992 
CLU_6385 3143309812032 1313 
CLU_6385 3143302149915 1605 
CLU_6385 3143307299079 6652 
CLU_6385 3143302150018 5883 
CLU_6385 3143302218984 4649 
CLU_6385 3143306065295 2608 
CLU_6385 3143302219069 9462 
CLU_6385 3143306629296 5180 
CLU_6385 3143302149923 3827 
CLU_6385 3143306065341 4799 
CLU_6385 3143306329705 2399 
CLU_6385 3143306297943 9452 
CLU_6385 3143305212626 9452 
CLU_6385 3143307780621 4148 
CLU_6385 3143303180166 5031 
CLU_6385 3143302149893 4269 
CLU_6385 3143309251553 7168 
CLU_6385 3143302150026 8777 
CLU_6385 3143300550108 4450 
CLU_6385 3143303413578 22276 
CLU_6385 3143306329632 9497 
CLU_6385 3143305212588 14661 
CLU_6385 3143309812083 2371 
CLU_6385 3143306023282 5627 
CLU_6385 3143302218968 5617 
CLU_6385 3143309772227 2483 
CLU_6385 3143302203480 6703 
CLU_6385 3143302150085 6652 
CLU_6385 3143300211826 9918 
CLU_6385 3143302149931 7671 
CLU_6385 3143309352511 2885 
CLU_6385 3143309690905 7884 
CLU_6385 3143307608756 5674 
CLU_6385 3143306409911 4450 
CLU_6385 3143307780907 9009 
CLU_6385 3143309936424 8638 
CLU_6385 3143309812075 2883 
CLU_6385 3143303688100 2662 
CLU_6385 3143303180115 4170 
CLU_6385 3143305302854 4954 
CLU_6385 3143302219212 3843 
CLU_6385 3143302149958 7555 
CLU_6385 3143307951345 454 
CLU_6385 3143302219077 7774 
CLU_6385 3143302219344 9462 
CLU_6385 3143307607660 6755 
CLU_6385 3143302150069 4583 
CLU_6385 3143307809131 2783 
CLU_6385 3143300186252 10133 
CLU_6385 3143307836619 1313 
CLU_6385 3143305212545 9811 
CLU_6385 3143302150077 5674 
CLU_6385 3143302150034 6531 
CLU_6385 3143305212529 24018 
CLU_6385 3143302219379 43318 
CLU_6385 3143305212618 24018 
CLU_6385 CLU_6117 44033 
CLU_6385 CLU_6298 4691 
CLU_6385 CLU_6301 17753 
CLU_6385 CLU_6312 8601 
CLU_6385 CLU_6320 9559 
CLU_6385 CLU_6326 11146 
CLU_6385 CLU_6362 4185 
CLU_6385 CLU_6374 9462 
CLU_6385 CLU_6383 4726 
CLU_6385 CLU_6385 0 
CLU_6385 CLU_6399 9471 
CLU_6385 CLU_6409 40322 
CLU_6385 CLU_6411 17922 
CLU_6385 CLU_6413 43318 
CLU_6385 CLU_6416 24018 
CLU_6385 CLU_6417 63155 
CLU_6386 3143309772235 4158 
CLU_6386 3143309772251 3385 
CLU_6386 3143309812059 5026 
CLU_6386 3143305305063 2274 
CLU_6386 3143307781067 2650 
CLU_6386 3143305304997 3245 
CLU_6386 3143307831331 3801 
CLU_6386 3143300659134 5322 
CLU_6386 3143303180158 6407 
CLU_6386 3143307821506 6094 
CLU_6386 3143302150107 9082 
CLU_6386 3143309775978 6094 
CLU_6386 3143302219107 8375 
CLU_6386 3143302219352 4920 
CLU_6386 3143303180182 1062 
CLU_6386 3143302150050 702 
CLU_6386 3143302150042 1261 
CLU_6386 3143302219085 1072 
CLU_6386 3143309812032 4827 
CLU_6386 3143302149915 4914 
CLU_6386 3143307299079 652 
CLU_6386 3143302150018 2580 
CLU_6386 3143302218984 2621 
CLU_6386 3143306065295 4768 
CLU_6386 3143302219069 6643 
CLU_6386 3143306629296 2756 
CLU_6386 3143302149923 3706 
CLU_6386 3143306065341 4232 
CLU_6386 3143306329705 5044 
CLU_6386 3143306297943 10972 
CLU_6386 3143305212626 10972 
CLU_6386 3143307780621 6601 
CLU_6386 3143303180166 6094 
CLU_6386 3143302149893 1870 
CLU_6386 3143309251553 2549 
CLU_6386 3143302150026 3740 
CLU_6386 3143300550108 4117 
CLU_6386 3143303413578 27217 
CLU_6386 3143306329632 8845 
CLU_6386 3143305212588 8702 
CLU_6386 3143309812083 4368 
CLU_6386 3143306023282 3229 
CLU_6386 3143302218968 7277 
CLU_6386 3143309772227 3605 
CLU_6386 3143302203480 3889 
CLU_6386 3143302150085 652 
CLU_6386 3143300211826 7477 
CLU_6386 3143302149931 5096 
CLU_6386 3143309352511 3417 
CLU_6386 3143309690905 2525 
CLU_6386 3143307608756 3558 
CLU_6386 3143306409911 4117 
CLU_6386 3143307780907 7023 
CLU_6386 3143309936424 3193 
CLU_6386 3143309812075 5275 
CLU_6386 3143303688100 6056 
CLU_6386 3143303180115 3385 
CLU_6386 3143305302854 1547 
CLU_6386 3143302219212 2385 
CLU_6386 3143302149958 7216 
CLU_6386 3143307951345 5662 
CLU_6386 3143302219077 3004 
CLU_6386 3143302219344 6643 
CLU_6386 3143307607660 9082 
CLU_6386 3143302150069 2281 
CLU_6386 3143307809131 6390 
CLU_6386 3143300186252 7918 
CLU_6386 3143307836619 4827 
CLU_6386 3143305212545 5441 
CLU_6386 3143302150077 3558 
CLU_6386 3143302150034 1103 
CLU_6386 3143305212529 23487 
CLU_6386 3143302219379 44760 
CLU_6386 3143305212618 23487 
CLU_6386 CLU_6117 47912 
CLU_6386 CLU_6298 6677 
CLU_6386 CLU_6301 16976 
CLU_6386 CLU_6312 5976 
CLU_6386 CLU_6320 6333 
CLU_6386 CLU_6326 5908 
CLU_6386 CLU_6362 4834 
CLU_6386 CLU_6374 6643 
CLU_6386 CLU_6383 5234 
CLU_6386 CLU_6385 6048 
CLU_6386 CLU_6399 5736 
CLU_6386 CLU_6409 43988 
CLU_6386 CLU_6411 20587 
CLU_6386 CLU_6413 44760 
CLU_6386 CLU_6416 23487 
CLU_6386 CLU_6417 63407 
CLU_6387 3143309772235 4334 
CLU_6387 3143309772251 3162 
CLU_6387 3143309812059 5055 
CLU_6387 3143305305063 2047 
CLU_6387 3143307781067 1684 
CLU_6387 3143305304997 2381 
CLU_6387 3143307831331 2750 
CLU_6387 3143300659134 4473 
CLU_6387 3143303180158 6079 
CLU_6387 3143307821506 5918 
CLU_6387 3143302150107 8827 
CLU_6387 3143309775978 5918 
CLU_6387 3143302219107 8730 
CLU_6387 3143302219352 5197 
CLU_6387 3143303180182 1789 
CLU_6387 3143302150050 846 
CLU_6387 3143302150042 1039 
CLU_6387 3143302219085 540 
CLU_6387 3143309812032 3692 
CLU_6387 3143302149915 3546 
CLU_6387 3143307299079 1920 
CLU_6387 3143302150018 1907 
CLU_6387 3143302218984 1349 
CLU_6387 3143306065295 3331 
CLU_6387 3143302219069 7534 
CLU_6387 3143306629296 1702 
CLU_6387 3143302149923 2303 
CLU_6387 3143306065341 2987 
CLU_6387 3143306329705 3611 
CLU_6387 3143306297943 9783 
CLU_6387 3143305212626 9783 
CLU_6387 3143307780621 6138 
CLU_6387 3143303180166 5918 
CLU_6387 3143302149893 555 
CLU_6387 3143309251553 3682 
CLU_6387 3143302150026 5065 
CLU_6387 3143300550108 2810 
CLU_6387 3143303413578 25781 
CLU_6387 3143306329632 9297 
CLU_6387 3143305212588 9847 
CLU_6387 3143309812083 3523 
CLU_6387 3143306023282 3627 
CLU_6387 3143302218968 7069 
CLU_6387 3143309772227 2518 
CLU_6387 3143302203480 4564 
CLU_6387 3143302150085 1920 
CLU_6387 3143300211826 8309 
CLU_6387 3143302149931 5827 
CLU_6387 3143309352511 2033 
CLU_6387 3143309690905 3885 
CLU_6387 3143307608756 2612 
CLU_6387 3143306409911 2810 
CLU_6387 3143307780907 7722 
CLU_6387 3143309936424 4590 
CLU_6387 3143309812075 4620 
CLU_6387 3143303688100 5307 
CLU_6387 3143303180115 3162 
CLU_6387 3143305302854 1645 
CLU_6387 3143302219212 1701 
CLU_6387 3143302149958 7505 
CLU_6387 3143307951345 4468 
CLU_6387 3143302219077 4224 
CLU_6387 3143302219344 7534 
CLU_6387 3143307607660 8827 
CLU_6387 3143302150069 949 
CLU_6387 3143307809131 4952 
CLU_6387 3143300186252 8713 
CLU_6387 3143307836619 3692 
CLU_6387 3143305212545 6664 
CLU_6387 3143302150077 2612 
CLU_6387 3143302150034 1721 
CLU_6387 3143305212529 24129 
CLU_6387 3143302219379 45023 
CLU_6387 3143305212618 24129 
CLU_6387 CLU_6117 47547 
CLU_6387 CLU_6298 5305 
CLU_6387 CLU_6301 16306 
CLU_6387 CLU_6312 6783 
CLU_6387 CLU_6320 7312 
CLU_6387 CLU_6326 7307 
CLU_6387 CLU_6362 4565 
CLU_6387 CLU_6374 7534 
CLU_6387 CLU_6383 3932 
CLU_6387 CLU_6385 4814 
CLU_6387 CLU_6399 6817 
CLU_6387 CLU_6409 43680 
CLU_6387 CLU_6411 20468 
CLU_6387 CLU_6413 45023 
CLU_6387 CLU_6416 24129 
CLU_6387 CLU_6417 63963 
CLU_6388 3143309772235 5445 
CLU_6388 3143309772251 4051 
CLU_6388 3143309812059 5953 
CLU_6388 3143305305063 3232 
CLU_6388 3143307781067 2157 
CLU_6388 3143305304997 2659 
CLU_6388 3143307831331 2523 
CLU_6388 3143300659134 4261 
CLU_6388 3143303180158 6474 
CLU_6388 3143307821506 6515 
CLU_6388 3143302150107 9172 
CLU_6388 3143309775978 6515 
CLU_6388 3143302219107 9783 
CLU_6388 3143302219352 6329 
CLU_6388 3143303180182 3568 
CLU_6388 3143302150050 2712 
CLU_6388 3143302150042 2680 
CLU_6388 3143302219085 2363 
CLU_6388 3143309812032 3025 
CLU_6388 3143302149915 2187 
CLU_6388 3143307299079 3700 
CLU_6388 3143302150018 2161 
CLU_6388 3143302218984 964 
CLU_6388 3143306065295 1586 
CLU_6388 3143302219069 9101 
CLU_6388 3143306629296 1440 
CLU_6388 3143302149923 481 
CLU_6388 3143306065341 1546 
CLU_6388 3143306329705 1893 
CLU_6388 3143306297943 8146 
CLU_6388 3143305212626 8146 
CLU_6388 3143307780621 6349 
CLU_6388 3143303180166 6515 
CLU_6388 3143302149893 1628 
CLU_6388 3143309251553 5479 
CLU_6388 3143302150026 6920 
CLU_6388 3143300550108 1229 
CLU_6388 3143303413578 23919 
CLU_6388 3143306329632 10434 
CLU_6388 3143305212588 11249 
CLU_6388 3143309812083 3484 
CLU_6388 3143306023282 4998 
CLU_6388 3143302218968 7553 
CLU_6388 3143309772227 2298 
CLU_6388 3143302203480 6064 
CLU_6388 3143302150085 3700 
CLU_6388 3143300211826 9815 
CLU_6388 3143302149931 7313 
CLU_6388 3143309352511 1063 
CLU_6388 3143309690905 5754 
CLU_6388 3143307608756 1997 
CLU_6388 3143306409911 1229 
CLU_6388 3143307780907 9126 
CLU_6388 3143309936424 6463 
CLU_6388 3143309812075 4704 
CLU_6388 3143303688100 5165 
CLU_6388 3143303180115 4051 
CLU_6388 3143305302854 3198 
CLU_6388 3143302219212 2570 
CLU_6388 3143302149958 8529 
CLU_6388 3143307951345 3535 
CLU_6388 3143302219077 6047 
CLU_6388 3143302219344 9101 
CLU_6388 3143307607660 9172 
CLU_6388 3143302150069 1088 
CLU_6388 3143307809131 3147 
CLU_6388 3143300186252 10180 
CLU_6388 3143307836619 3025 
CLU_6388 3143305212545 8465 
CLU_6388 3143302150077 1997 
CLU_6388 3143302150034 3259 
CLU_6388 3143305212529 25335 
CLU_6388 3143302219379 45751 
CLU_6388 3143305212618 25335 
CLU_6388 CLU_6117 47470 
CLU_6388 CLU_6298 3472 
CLU_6388 CLU_6301 15285 
CLU_6388 CLU_6312 8299 
CLU_6388 CLU_6320 8949 
CLU_6388 CLU_6326 9179 
CLU_6388 CLU_6362 5179 
CLU_6388 CLU_6374 9101 
CLU_6388 CLU_6383 2247 
CLU_6388 CLU_6385 3745 
CLU_6388 CLU_6399 8531 
CLU_6388 CLU_6409 43683 
CLU_6388 CLU_6411 20798 
CLU_6388 CLU_6413 45751 
CLU_6388 CLU_6416 25335 
CLU_6388 CLU_6417 65019 
CLU_6389 3143309772235 5463 
CLU_6389 3143309772251 4054 
CLU_6389 3143309812059 5937 
CLU_6389 3143305305063 3291 
CLU_6389 3143307781067 2168 
CLU_6389 3143305304997 2617 
CLU_6389 3143307831331 2419 
CLU_6389 3143300659134 4121 
CLU_6389 3143303180158 6388 
CLU_6389 3143307821506 6455 
CLU_6389 3143302150107 9069 
CLU_6389 3143309775978 6455 
CLU_6389 3143302219107 9773 
CLU_6389 3143302219352 6344 
CLU_6389 3143303180182 3716 
CLU_6389 3143302150050 2892 
CLU_6389 3143302150042 2816 
CLU_6389 3143302219085 2534 
CLU_6389 3143309812032 2850 
CLU_6389 3143302149915 1953 
CLU_6389 3143307299079 3917 
CLU_6389 3143302150018 2400 
CLU_6389 3143302218984 1210 
CLU_6389 3143306065295 1344 
CLU_6389 3143302219069 9181 
CLU_6389 3143306629296 1676 
CLU_6389 3143302149923 467 
CLU_6389 3143306065341 1609 
CLU_6389 3143306329705 1650 
CLU_6389 3143306297943 8082 
CLU_6389 3143305212626 8082 
CLU_6389 3143307780621 6242 
CLU_6389 3143303180166 6455 
CLU_6389 3143302149893 1770 
CLU_6389 3143309251553 5623 
CLU_6389 3143302150026 7085 
CLU_6389 3143300550108 1266 
CLU_6389 3143303413578 23719 
CLU_6389 3143306329632 10435 
CLU_6389 3143305212588 11495 
CLU_6389 3143309812083 3378 
CLU_6389 3143306023282 5060 
CLU_6389 3143302218968 7473 
CLU_6389 3143309772227 2205 
CLU_6389 3143302203480 6141 
CLU_6389 3143302150085 3917 
CLU_6389 3143300211826 9882 
CLU_6389 3143302149931 7382 
CLU_6389 3143309352511 945 
CLU_6389 3143309690905 5930 
CLU_6389 3143307608756 2183 
CLU_6389 3143306409911 1266 
CLU_6389 3143307780907 9176 
CLU_6389 3143309936424 6647 
CLU_6389 3143309812075 4594 
CLU_6389 3143303688100 5024 
CLU_6389 3143303180115 4054 
CLU_6389 3143305302854 3310 
CLU_6389 3143302219212 2611 
CLU_6389 3143302149958 8519 
CLU_6389 3143307951345 3326 
CLU_6389 3143302219077 6198 
CLU_6389 3143302219344 9181 
CLU_6389 3143307607660 9069 
CLU_6389 3143302150069 1322 
CLU_6389 3143307809131 2921 
CLU_6389 3143300186252 10239 
CLU_6389 3143307836619 2850 
CLU_6389 3143305212545 8605 
CLU_6389 3143302150077 2183 
CLU_6389 3143302150034 3494 
CLU_6389 3143305212529 25335 
CLU_6389 3143302219379 45677 
CLU_6389 3143305212618 25335 
CLU_6389 CLU_6117 47302 
CLU_6389 CLU_6298 3342 
CLU_6389 CLU_6301 15336 
CLU_6389 CLU_6312 8371 
CLU_6389 CLU_6320 9044 
CLU_6389 CLU_6326 9360 
CLU_6389 CLU_6362 5132 
CLU_6389 CLU_6374 9181 
CLU_6389 CLU_6383 2204 
CLU_6389 CLU_6385 3522 
CLU_6389 CLU_6399 8646 
CLU_6389 CLU_6409 43524 
CLU_6389 CLU_6411 20679 
CLU_6389 CLU_6413 45677 
CLU_6389 CLU_6416 25335 
CLU_6389 CLU_6417 64990 
CLU_6390 3143309772235 4906 
CLU_6390 3143309772251 5843 
CLU_6390 3143309812059 5524 
CLU_6390 3143305305063 5804 
CLU_6390 3143307781067 7002 
CLU_6390 3143305304997 7102 
CLU_6390 3143307831331 7799 
CLU_6390 3143300659134 8253 
CLU_6390 3143303180158 7324 
CLU_6390 3143307821506 6643 
CLU_6390 3143302150107 8881 
CLU_6390 3143309775978 6643 
CLU_6390 3143302219107 5979 
CLU_6390 3143302219352 4679 
CLU_6390 3143303180182 5096 
CLU_6390 3143302150050 6023 
CLU_6390 3143302150042 5987 
CLU_6390 3143302219085 6329 
CLU_6390 3143309812032 8718 
CLU_6390 3143302149915 9554 
CLU_6390 3143307299079 5617 
CLU_6390 3143302150018 8172 
CLU_6390 3143302218984 8185 
CLU_6390 3143306065295 9844 
CLU_6390 3143302219069 2502 
CLU_6390 3143306629296 8382 
CLU_6390 3143302149923 9127 
CLU_6390 3143306065341 9824 
CLU_6390 3143306329705 10051 
CLU_6390 3143306297943 16597 
CLU_6390 3143305212626 16597 
CLU_6390 3143307780621 7887 
CLU_6390 3143303180166 6643 
CLU_6390 3143302149893 7036 
CLU_6390 3143309251553 3184 
CLU_6390 3143302150026 1993 
CLU_6390 3143300550108 9668 
CLU_6390 3143303413578 32183 
CLU_6390 3143306329632 5911 
CLU_6390 3143305212588 9058 
CLU_6390 3143309812083 7653 
CLU_6390 3143306023282 4386 
CLU_6390 3143302218968 7440 
CLU_6390 3143309772227 7754 
CLU_6390 3143302203480 3384 
CLU_6390 3143302150085 5617 
CLU_6390 3143300211826 3280 
CLU_6390 3143302149931 2938 
CLU_6390 3143309352511 8338 
CLU_6390 3143309690905 3188 
CLU_6390 3143307608756 9181 
CLU_6390 3143306409911 9668 
CLU_6390 3143307780907 3643 
CLU_6390 3143309936424 2783 
CLU_6390 3143309812075 7674 
CLU_6390 3143303688100 8442 
CLU_6390 3143303180115 5843 
CLU_6390 3143305302854 5528 
CLU_6390 3143302219212 6492 
CLU_6390 3143302149958 5525 
CLU_6390 3143307951345 9550 
CLU_6390 3143302219077 2639 
CLU_6390 3143302219344 2502 
CLU_6390 3143307607660 8881 
CLU_6390 3143302150069 7802 
CLU_6390 3143307809131 11419 
CLU_6390 3143300186252 3760 
CLU_6390 3143307836619 8718 
CLU_6390 3143305212545 199 
CLU_6390 3143302150077 9181 
CLU_6390 3143302150034 6406 
CLU_6390 3143305212529 18832 
CLU_6390 3143302219379 41005 
CLU_6390 3143305212618 18832 
CLU_6390 CLU_6117 46345 
CLU_6390 CLU_6298 12135 
CLU_6390 CLU_6301 22201 
CLU_6390 CLU_6312 2682 
CLU_6390 CLU_6320 1881 
CLU_6390 CLU_6326 1991 
CLU_6390 CLU_6362 6357 
CLU_6390 CLU_6374 2502 
CLU_6390 CLU_6383 10792 
CLU_6390 CLU_6385 10005 
CLU_6390 CLU_6399 1086 
CLU_6390 CLU_6409 42238 
CLU_6390 CLU_6411 18605 
CLU_6390 CLU_6413 41005 
CLU_6390 CLU_6416 18832 
CLU_6390 CLU_6417 58765 
CLU_6391 3143309772235 4729 
CLU_6391 3143309772251 5650 
CLU_6391 3143309812059 5361 
CLU_6391 3143305305063 5605 
CLU_6391 3143307781067 6802 
CLU_6391 3143305304997 6904 
CLU_6391 3143307831331 7601 
CLU_6391 3143300659134 8067 
CLU_6391 3143303180158 7170 
CLU_6391 3143307821506 6491 
CLU_6391 3143302150107 8768 
CLU_6391 3143309775978 6491 
CLU_6391 3143302219107 5926 
CLU_6391 3143302219352 4522 
CLU_6391 3143303180182 4899 
CLU_6391 3143302150050 5829 
CLU_6391 3143302150042 5789 
CLU_6391 3143302219085 6133 
CLU_6391 3143309812032 8523 
CLU_6391 3143302149915 9355 
CLU_6391 3143307299079 5437 
CLU_6391 3143302150018 7988 
CLU_6391 3143302218984 7991 
CLU_6391 3143306065295 9644 
CLU_6391 3143302219069 2489 
CLU_6391 3143306629296 8192 
CLU_6391 3143302149923 8930 
CLU_6391 3143306065341 9631 
CLU_6391 3143306329705 9852 
CLU_6391 3143306297943 16406 
CLU_6391 3143305212626 16406 
CLU_6391 3143307780621 7728 
CLU_6391 3143303180166 6491 
CLU_6391 3143302149893 6838 
CLU_6391 3143309251553 2987 
CLU_6391 3143302150026 1830 
CLU_6391 3143300550108 9473 
CLU_6391 3143303413578 31985 
CLU_6391 3143306329632 5884 
CLU_6391 3143305212588 9049 
CLU_6391 3143309812083 7461 
CLU_6391 3143306023282 4194 
CLU_6391 3143302218968 7306 
CLU_6391 3143309772227 7556 
CLU_6391 3143302203480 3202 
CLU_6391 3143302150085 5437 
CLU_6391 3143300211826 3296 
CLU_6391 3143302149931 2802 
CLU_6391 3143309352511 8138 
CLU_6391 3143309690905 3012 
CLU_6391 3143307608756 8994 
CLU_6391 3143306409911 9473 
CLU_6391 3143307780907 3605 
CLU_6391 3143309936424 2632 
CLU_6391 3143309812075 7493 
CLU_6391 3143303688100 8265 
CLU_6391 3143303180115 5650 
CLU_6391 3143305302854 5328 
CLU_6391 3143302219212 6293 
CLU_6391 3143302149958 5433 
CLU_6391 3143307951345 9357 
CLU_6391 3143302219077 2446 
CLU_6391 3143302219344 2489 
CLU_6391 3143307607660 8768 
CLU_6391 3143302150069 7607 
CLU_6391 3143307809131 11219 
CLU_6391 3143300186252 3782 
CLU_6391 3143307836619 8523 
CLU_6391 3143305212545 0 
CLU_6391 3143302150077 8994 
CLU_6391 3143302150034 6227 
CLU_6391 3143305212529 18940 
CLU_6391 3143302219379 41075 
CLU_6391 3143305212618 18940 
CLU_6391 CLU_6117 46325 
CLU_6391 CLU_6298 11937 
CLU_6391 CLU_6301 22044 
CLU_6391 CLU_6312 2605 
CLU_6391 CLU_6320 1873 
CLU_6391 CLU_6326 2058 
CLU_6391 CLU_6362 6182 
CLU_6391 CLU_6374 2489 
CLU_6391 CLU_6383 10597 
CLU_6391 CLU_6385 9811 
CLU_6391 CLU_6399 1040 
CLU_6391 CLU_6409 42224 
CLU_6391 CLU_6411 18585 
CLU_6391 CLU_6413 41075 
CLU_6391 CLU_6416 18940 
CLU_6391 CLU_6417 58880 
CLU_6392 3143309772235 2147 
CLU_6392 3143309772251 2229 
CLU_6392 3143309812059 1465 
CLU_6392 3143305305063 3362 
CLU_6392 3143307781067 3706 
CLU_6392 3143305304997 3064 
CLU_6392 3143307831331 3214 
CLU_6392 3143300659134 2023 
CLU_6392 3143303180158 821 
CLU_6392 3143307821506 926 
CLU_6392 3143302150107 3572 
CLU_6392 3143309775978 926 
CLU_6392 3143302219107 4601 
CLU_6392 3143302219352 2338 
CLU_6392 3143303180182 4642 
CLU_6392 3143302150050 5137 
CLU_6392 3143302150042 4488 
CLU_6392 3143302219085 4993 
CLU_6392 3143309812032 3318 
CLU_6392 3143302149915 4751 
CLU_6392 3143307299079 6238 
CLU_6392 3143302150018 7105 
CLU_6392 3143302218984 6098 
CLU_6392 3143306065295 5670 
CLU_6392 3143302219069 5742 
CLU_6392 3143306629296 6663 
CLU_6392 3143302149923 6078 
CLU_6392 3143306065341 7220 
CLU_6392 3143306329705 5664 
CLU_6392 3143306297943 13209 
CLU_6392 3143305212626 13209 
CLU_6392 3143307780621 1045 
CLU_6392 3143303180166 926 
CLU_6392 3143302149893 4829 
CLU_6392 3143309251553 5065 
CLU_6392 3143302150026 6446 
CLU_6392 3143300550108 6878 
CLU_6392 3143303413578 26090 
CLU_6392 3143306329632 5376 
CLU_6392 3143305212588 13901 
CLU_6392 3143309812083 2296 
CLU_6392 3143306023282 3044 
CLU_6392 3143302218968 1866 
CLU_6392 3143309772227 3411 
CLU_6392 3143302203480 3667 
CLU_6392 3143302150085 6238 
CLU_6392 3143300211826 6029 
CLU_6392 3143302149931 4157 
CLU_6392 3143309352511 4672 
CLU_6392 3143309690905 6064 
CLU_6392 3143307608756 7512 
CLU_6392 3143306409911 6878 
CLU_6392 3143307780907 5067 
CLU_6392 3143309936424 6692 
CLU_6392 3143309812075 1252 
CLU_6392 3143303688100 1660 
CLU_6392 3143303180115 2229 
CLU_6392 3143305302854 4067 
CLU_6392 3143302219212 3557 
CLU_6392 3143302149958 3433 
CLU_6392 3143307951345 3750 
CLU_6392 3143302219077 5533 
CLU_6392 3143302219344 5742 
CLU_6392 3143307607660 3572 
CLU_6392 3143302150069 5770 
CLU_6392 3143307809131 6645 
CLU_6392 3143300186252 6170 
CLU_6392 3143307836619 3318 
CLU_6392 3143305212545 6806 
CLU_6392 3143302150077 7512 
CLU_6392 3143302150034 6613 
CLU_6392 3143305212529 20042 
CLU_6392 3143302219379 40065 
CLU_6392 3143305212618 20042 
CLU_6392 CLU_6117 42333 
CLU_6392 CLU_6298 8270 
CLU_6392 CLU_6301 20938 
CLU_6392 CLU_6312 4922 
CLU_6392 CLU_6320 5993 
CLU_6392 CLU_6326 8588 
CLU_6392 CLU_6362 807 
CLU_6392 CLU_6374 5742 
CLU_6392 CLU_6383 7680 
CLU_6392 CLU_6385 4122 
CLU_6392 CLU_6399 6161 
CLU_6392 CLU_6409 38441 
CLU_6392 CLU_6411 15228 
CLU_6392 CLU_6413 40065 
CLU_6392 CLU_6416 20042 
CLU_6392 CLU_6417 59473 
CLU_6393 3143309772235 5198 
CLU_6393 3143309772251 4127 
CLU_6393 3143309812059 4983 
CLU_6393 3143305305063 4508 
CLU_6393 3143307781067 3695 
CLU_6393 3143305304997 3186 
CLU_6393 3143307831331 2549 
CLU_6393 3143300659134 1807 
CLU_6393 3143303180158 4139 
CLU_6393 3143307821506 4627 
CLU_6393 3143302150107 6172 
CLU_6393 3143309775978 4627 
CLU_6393 3143302219107 8299 
CLU_6393 3143302219352 5796 
CLU_6393 3143303180182 5839 
CLU_6393 3143302150050 5649 
CLU_6393 3143302150042 5115 
CLU_6393 3143302219085 5309 
CLU_6393 3143309812032 1514 
CLU_6393 3143302149915 2202 
CLU_6393 3143307299079 6965 
CLU_6393 3143302150018 6386 
CLU_6393 3143302218984 5150 
CLU_6393 3143306065295 3232 
CLU_6393 3143302219069 9261 
CLU_6393 3143306629296 5698 
CLU_6393 3143302149923 4399 
CLU_6393 3143306065341 5404 
CLU_6393 3143306329705 3034 
CLU_6393 3143306297943 10056 
CLU_6393 3143305212626 10056 
CLU_6393 3143307780621 3646 
CLU_6393 3143303180166 4627 
CLU_6393 3143302149893 4633 
CLU_6393 3143309251553 7245 
CLU_6393 3143302150026 8846 
CLU_6393 3143300550108 5051 
CLU_6393 3143303413578 22453 
CLU_6393 3143306329632 9090 
CLU_6393 3143305212588 15012 
CLU_6393 3143309812083 2325 
CLU_6393 3143306023282 5579 
CLU_6393 3143302218968 5118 
CLU_6393 3143309772227 2736 
CLU_6393 3143302203480 6614 
CLU_6393 3143302150085 6965 
CLU_6393 3143300211826 9668 
CLU_6393 3143302149931 7506 
CLU_6393 3143309352511 3353 
CLU_6393 3143309690905 8020 
CLU_6393 3143307608756 6239 
CLU_6393 3143306409911 5051 
CLU_6393 3143307780907 8737 
CLU_6393 3143309936424 8768 
CLU_6393 3143309812075 2554 
CLU_6393 3143303688100 2181 
CLU_6393 3143303180115 4127 
CLU_6393 3143305302854 5137 
CLU_6393 3143302219212 4043 
CLU_6393 3143302149958 7170 
CLU_6393 3143307951345 746 
CLU_6393 3143302219077 7842 
CLU_6393 3143302219344 9261 
CLU_6393 3143307607660 6172 
CLU_6393 3143302150069 5048 
CLU_6393 3143307809131 3402 
CLU_6393 3143300186252 9856 
CLU_6393 3143307836619 1514 
CLU_6393 3143305212545 9773 
CLU_6393 3143302150077 6239 
CLU_6393 3143302150034 6908 
CLU_6393 3143305212529 23503 
CLU_6393 3143302219379 42693 
CLU_6393 3143305212618 23503 
CLU_6393 CLU_6117 43403 
CLU_6393 CLU_6298 5328 
CLU_6393 CLU_6301 18393 
CLU_6393 CLU_6312 8406 
CLU_6393 CLU_6320 9399 
CLU_6393 CLU_6326 11202 
CLU_6393 CLU_6362 3920 
CLU_6393 CLU_6374 9261 
CLU_6393 CLU_6383 5365 
CLU_6393 CLU_6385 645 
CLU_6393 CLU_6399 9368 
CLU_6393 CLU_6409 39685 
CLU_6393 CLU_6411 17281 
CLU_6393 CLU_6413 42693 
CLU_6393 CLU_6416 23503 
CLU_6393 CLU_6417 62569 
CLU_6394 3143309772235 5252 
CLU_6394 3143309772251 4396 
CLU_6394 3143309812059 6106 
CLU_6394 3143305305063 3251 
CLU_6394 3143307781067 3328 
CLU_6394 3143305304997 3998 
CLU_6394 3143307831331 4444 
CLU_6394 3143300659134 6109 
CLU_6394 3143303180158 7419 
CLU_6394 3143307821506 7143 
CLU_6394 3143302150107 10123 
CLU_6394 3143309775978 7143 
CLU_6394 3143302219107 9476 
CLU_6394 3143302219352 6023 
CLU_6394 3143303180182 2163 
CLU_6394 3143302150050 1479 
CLU_6394 3143302150042 2134 
CLU_6394 3143302219085 1696 
CLU_6394 3143309812032 5410 
CLU_6394 3143302149915 5209 
CLU_6394 3143307299079 793 
CLU_6394 3143302150018 1830 
CLU_6394 3143302218984 2373 
CLU_6394 3143306065295 4836 
CLU_6394 3143302219069 7638 
CLU_6394 3143306629296 2264 
CLU_6394 3143302149923 3565 
CLU_6394 3143306065341 3788 
CLU_6394 3143306329705 5137 
CLU_6394 3143306297943 10328 
CLU_6394 3143305212626 10328 
CLU_6394 3143307780621 7571 
CLU_6394 3143303180166 7143 
CLU_6394 3143302149893 2274 
CLU_6394 3143309251553 3495 
CLU_6394 3143302150026 4437 
CLU_6394 3143300550108 3765 
CLU_6394 3143303413578 27046 
CLU_6394 3143306329632 9939 
CLU_6394 3143305212588 8133 
CLU_6394 3143309812083 5148 
CLU_6394 3143306023282 4332 
CLU_6394 3143302218968 8323 
CLU_6394 3143309772227 4220 
CLU_6394 3143302203480 4971 
CLU_6394 3143302150085 793 
CLU_6394 3143300211826 8489 
CLU_6394 3143302149931 6155 
CLU_6394 3143309352511 3705 
CLU_6394 3143309690905 3219 
CLU_6394 3143307608756 2880 
CLU_6394 3143306409911 3765 
CLU_6394 3143307780907 8079 
CLU_6394 3143309936424 3757 
CLU_6394 3143309812075 6160 
CLU_6394 3143303688100 6902 
CLU_6394 3143303180115 4396 
CLU_6394 3143305302854 2568 
CLU_6394 3143302219212 3197 
CLU_6394 3143302149958 8320 
CLU_6394 3143307951345 6189 
CLU_6394 3143302219077 3860 
CLU_6394 3143302219344 7638 
CLU_6394 3143307607660 10123 
CLU_6394 3143302150069 2171 
CLU_6394 3143307809131 6402 
CLU_6394 3143300186252 8942 
CLU_6394 3143307836619 5410 
CLU_6394 3143305212545 6227 
CLU_6394 3143302150077 2880 
CLU_6394 3143302150034 0 
CLU_6394 3143305212529 24533 
CLU_6394 3143302219379 45861 
CLU_6394 3143305212618 24533 
CLU_6394 CLU_6117 48941 
CLU_6394 CLU_6298 6354 
CLU_6394 CLU_6301 15974 
CLU_6394 CLU_6312 7007 
CLU_6394 CLU_6320 7289 
CLU_6394 CLU_6326 6389 
CLU_6394 CLU_6362 5851 
CLU_6394 CLU_6374 7638 
CLU_6394 CLU_6383 4824 
CLU_6394 CLU_6385 6531 
CLU_6394 CLU_6399 6638 
CLU_6394 CLU_6409 45032 
CLU_6394 CLU_6411 21666 
CLU_6394 CLU_6413 45861 
CLU_6394 CLU_6416 24533 
CLU_6394 CLU_6417 64468 
CLU_6395 3143309772235 5116 
CLU_6395 3143309772251 5019 
CLU_6395 3143309812059 6044 
CLU_6395 3143305305063 4205 
CLU_6395 3143307781067 5001 
CLU_6395 3143305304997 5471 
CLU_6395 3143307831331 6117 
CLU_6395 3143300659134 7375 
CLU_6395 3143303180158 7774 
CLU_6395 3143307821506 7278 
CLU_6395 3143302150107 10179 
CLU_6395 3143309775978 7278 
CLU_6395 3143302219107 8505 
CLU_6395 3143302219352 5572 
CLU_6395 3143303180182 2817 
CLU_6395 3143302150050 3208 
CLU_6395 3143302150042 3590 
CLU_6395 3143302219085 3587 
CLU_6395 3143309812032 7162 
CLU_6395 3143302149915 7421 
CLU_6395 3143307299079 2146 
CLU_6395 3143302150018 4629 
CLU_6395 3143302218984 5057 
CLU_6395 3143306065295 7308 
CLU_6395 3143302219069 5820 
CLU_6395 3143306629296 5047 
CLU_6395 3143302149923 6202 
CLU_6395 3143306065341 6574 
CLU_6395 3143306329705 7584 
CLU_6395 3143306297943 13112 
CLU_6395 3143305212626 13112 
CLU_6395 3143307780621 8130 
CLU_6395 3143303180166 7278 
CLU_6395 3143302149893 4398 
CLU_6395 3143309251553 2190 
CLU_6395 3143302150026 2030 
CLU_6395 3143300550108 6520 
CLU_6395 3143303413578 29734 
CLU_6395 3143306329632 8764 
CLU_6395 3143305212588 6821 
CLU_6395 3143309812083 6479 
CLU_6395 3143306023282 4099 
CLU_6395 3143302218968 8409 
CLU_6395 3143309772227 5957 
CLU_6395 3143302203480 4053 
CLU_6395 3143302150085 2146 
CLU_6395 3143300211826 6711 
CLU_6395 3143302149931 4856 
CLU_6395 3143309352511 5941 
CLU_6395 3143309690905 1211 
CLU_6395 3143307608756 5681 
CLU_6395 3143306409911 6520 
CLU_6395 3143307780907 6592 
CLU_6395 3143309936424 1206 
CLU_6395 3143309812075 7129 
CLU_6395 3143303688100 7961 
CLU_6395 3143303180115 5019 
CLU_6395 3143305302854 3524 
CLU_6395 3143302219212 4613 
CLU_6395 3143302149958 7558 
CLU_6395 3143307951345 8026 
CLU_6395 3143302219077 2057 
CLU_6395 3143302219344 5820 
CLU_6395 3143307607660 10179 
CLU_6395 3143302150069 4763 
CLU_6395 3143307809131 8929 
CLU_6395 3143300186252 7203 
CLU_6395 3143307836619 7162 
CLU_6395 3143305212545 3835 
CLU_6395 3143302150077 5681 
CLU_6395 3143302150034 2805 
CLU_6395 3143305212529 22697 
CLU_6395 3143302219379 44574 
CLU_6395 3143305212618 22697 
CLU_6395 CLU_6117 48811 
CLU_6395 CLU_6298 9110 
CLU_6395 CLU_6301 18236 
CLU_6395 CLU_6312 5427 
CLU_6395 CLU_6320 5325 
CLU_6395 CLU_6326 3604 
CLU_6395 CLU_6362 6282 
CLU_6395 CLU_6374 5820 
CLU_6395 CLU_6383 7606 
CLU_6395 CLU_6385 8440 
CLU_6395 CLU_6399 4527 
CLU_6395 CLU_6409 44801 
CLU_6395 CLU_6411 21202 
CLU_6395 CLU_6413 44574 
CLU_6395 CLU_6416 22697 
CLU_6395 CLU_6417 62658 
CLU_6396 3143309772235 13507 
CLU_6396 3143309772251 12079 
CLU_6396 3143309812059 13870 
CLU_6396 3143305305063 11373 
CLU_6396 3143307781067 10232 
CLU_6396 3143305304997 10562 
CLU_6396 3143307831331 10123 
CLU_6396 3143300659134 11285 
CLU_6396 3143303180158 13859 
CLU_6396 3143307821506 14127 
CLU_6396 3143302150107 16204 
CLU_6396 3143309775978 14127 
CLU_6396 3143302219107 17686 
CLU_6396 3143302219352 14376 
CLU_6396 3143303180182 11573 
CLU_6396 3143302150050 10595 
CLU_6396 3143302150042 10754 
CLU_6396 3143302219085 10323 
CLU_6396 3143309812032 9903 
CLU_6396 3143302149915 8459 
CLU_6396 3143307299079 11073 
CLU_6396 3143302150018 8500 
CLU_6396 3143302218984 8436 
CLU_6396 3143306065295 7573 
CLU_6396 3143302219069 17244 
CLU_6396 3143306629296 8216 
CLU_6396 3143302149923 7665 
CLU_6396 3143306065341 6795 
CLU_6396 3143306329705 7549 
CLU_6396 3143306297943 0 
CLU_6396 3143305212626 0 
CLU_6396 3143307780621 13508 
CLU_6396 3143303180166 14127 
CLU_6396 3143302149893 9724 
CLU_6396 3143309251553 13450 
CLU_6396 3143302150026 14701 
CLU_6396 3143300550108 6997 
CLU_6396 3143303413578 18270 
CLU_6396 3143306329632 18396 
CLU_6396 3143305212588 15950 
CLU_6396 3143309812083 10941 
CLU_6396 3143306023282 13141 
CLU_6396 3143302218968 14938 
CLU_6396 3143309772227 9989 
CLU_6396 3143302203480 14210 
CLU_6396 3143302150085 11073 
CLU_6396 3143300211826 17961 
CLU_6396 3143302149931 15459 
CLU_6396 3143309352511 8859 
CLU_6396 3143309690905 13476 
CLU_6396 3143307608756 7456 
CLU_6396 3143306409911 6997 
CLU_6396 3143307780907 17255 
CLU_6396 3143309936424 14075 
CLU_6396 3143309812075 11994 
CLU_6396 3143303688100 12041 
CLU_6396 3143303180115 12079 
CLU_6396 3143305302854 11315 
CLU_6396 3143302219212 10691 
CLU_6396 3143302149958 16441 
CLU_6396 3143307951345 9673 
CLU_6396 3143302219077 13961 
CLU_6396 3143302219344 17244 
CLU_6396 3143307607660 16204 
CLU_6396 3143302150069 8834 
CLU_6396 3143307809131 6675 
CLU_6396 3143300186252 18321 
CLU_6396 3143307836619 9903 
CLU_6396 3143305212545 16406 
CLU_6396 3143302150077 7456 
CLU_6396 3143302150034 10328 
CLU_6396 3143305212529 33237 
CLU_6396 3143302219379 52711 
CLU_6396 3143305212618 33237 
CLU_6396 CLU_6117 52126 
CLU_6396 CLU_6298 4945 
CLU_6396 CLU_6301 8915 
CLU_6396 CLU_6312 16446 
CLU_6396 CLU_6320 17071 
CLU_6396 CLU_6326 16713 
CLU_6396 CLU_6362 12935 
CLU_6396 CLU_6374 17244 
CLU_6396 CLU_6383 5902 
CLU_6396 CLU_6385 9452 
CLU_6396 CLU_6399 16601 
CLU_6396 CLU_6409 48656 
CLU_6396 CLU_6411 27164 
CLU_6396 CLU_6413 52711 
CLU_6396 CLU_6416 33237 
CLU_6396 CLU_6417 72595 
CLU_6397 3143309772235 7325 
CLU_6397 3143309772251 5976 
CLU_6397 3143309812059 7900 
CLU_6397 3143305305063 5036 
CLU_6397 3143307781067 4097 
CLU_6397 3143305304997 4651 
CLU_6397 3143307831331 4520 
CLU_6397 3143300659134 6218 
CLU_6397 3143303180158 8478 
CLU_6397 3143307821506 8512 
CLU_6397 3143302150107 11171 
CLU_6397 3143309775978 8512 
CLU_6397 3143302219107 11707 
CLU_6397 3143302219352 8209 
CLU_6397 3143303180182 4970 
CLU_6397 3143302150050 3973 
CLU_6397 3143302150042 4218 
CLU_6397 3143302219085 3734 
CLU_6397 3143309812032 4906 
CLU_6397 3143302149915 3759 
CLU_6397 3143307299079 4450 
CLU_6397 3143302150018 1934 
CLU_6397 3143302218984 1862 
CLU_6397 3143306065295 2769 
CLU_6397 3143302219069 10731 
CLU_6397 3143306629296 1566 
CLU_6397 3143302149923 1658 
CLU_6397 3143306065341 558 
CLU_6397 3143306329705 3028 
CLU_6397 3143306297943 6650 
CLU_6397 3143305212626 6650 
CLU_6397 3143307780621 8345 
CLU_6397 3143303180166 8512 
CLU_6397 3143302149893 3262 
CLU_6397 3143309251553 6816 
CLU_6397 3143302150026 8053 
CLU_6397 3143300550108 911 
CLU_6397 3143303413578 23493 
CLU_6397 3143306329632 12331 
CLU_6397 3143305212588 10828 
CLU_6397 3143309812083 5480 
CLU_6397 3143306023282 6755 
CLU_6397 3143302218968 9557 
CLU_6397 3143309772227 4300 
CLU_6397 3143302203480 7746 
CLU_6397 3143302150085 4450 
CLU_6397 3143300211826 11500 
CLU_6397 3143302149931 9009 
CLU_6397 3143309352511 3047 
CLU_6397 3143309690905 6830 
CLU_6397 3143307608756 908 
CLU_6397 3143306409911 911 
CLU_6397 3143307780907 10885 
CLU_6397 3143309936424 7447 
CLU_6397 3143309812075 6698 
CLU_6397 3143303688100 7119 
CLU_6397 3143303180115 5976 
CLU_6397 3143305302854 4813 
CLU_6397 3143302219212 4445 
CLU_6397 3143302149958 10458 
CLU_6397 3143307951345 5256 
CLU_6397 3143302219077 7314 
CLU_6397 3143302219344 10731 
CLU_6397 3143307607660 11171 
CLU_6397 3143302150069 2272 
CLU_6397 3143307809131 3689 
CLU_6397 3143300186252 11896 
CLU_6397 3143307836619 4906 
CLU_6397 3143305212545 9758 
CLU_6397 3143302150077 908 
CLU_6397 3143302150034 3742 
CLU_6397 3143305212529 27220 
CLU_6397 3143302219379 47753 
CLU_6397 3143305212618 27220 
CLU_6397 CLU_6117 49331 
CLU_6397 CLU_6298 2817 
CLU_6397 CLU_6301 13309 
CLU_6397 CLU_6312 9973 
CLU_6397 CLU_6320 10506 
CLU_6397 CLU_6326 10120 
CLU_6397 CLU_6362 7169 
CLU_6397 CLU_6374 10731 
CLU_6397 CLU_6383 1266 
CLU_6397 CLU_6385 5357 
CLU_6397 CLU_6399 9988 
CLU_6397 CLU_6409 45575 
CLU_6397 CLU_6411 22783 
CLU_6397 CLU_6413 47753 
CLU_6397 CLU_6416 27220 
CLU_6397 CLU_6417 66966 
CLU_6399 3143309772235 4197 
CLU_6399 3143309772251 5310 
CLU_6399 3143309812059 4696 
CLU_6399 3143305305063 5477 
CLU_6399 3143307781067 6696 
CLU_6399 3143305304997 6692 
CLU_6399 3143307831331 7367 
CLU_6399 3143300659134 7607 
CLU_6399 3143303180158 6436 
CLU_6399 3143307821506 5742 
CLU_6399 3143302150107 7845 
CLU_6399 3143309775978 5742 
CLU_6399 3143302219107 4894 
CLU_6399 3143302219352 3828 
CLU_6399 3143303180182 5028 
CLU_6399 3143302150050 6015 
CLU_6399 3143302150042 5862 
CLU_6399 3143302219085 6277 
CLU_6399 3143309812032 8219 
CLU_6399 3143302149915 9181 
CLU_6399 3143307299079 5845 
CLU_6399 3143302150018 8316 
CLU_6399 3143302218984 8165 
CLU_6399 3143306065295 9580 
CLU_6399 3143302219069 1461 
CLU_6399 3143306629296 8433 
CLU_6399 3143302149923 9008 
CLU_6399 3143306065341 9805 
CLU_6399 3143306329705 9762 
CLU_6399 3143306297943 16601 
CLU_6399 3143305212626 16601 
CLU_6399 3143307780621 7021 
CLU_6399 3143303180166 5742 
CLU_6399 3143302149893 6910 
CLU_6399 3143309251553 3188 
CLU_6399 3143302150026 2506 
CLU_6399 3143300550108 9613 
CLU_6399 3143303413578 31730 
CLU_6399 3143306329632 4844 
CLU_6399 3143305212588 10075 
CLU_6399 3143309812083 7100 
CLU_6399 3143306023282 3871 
CLU_6399 3143302218968 6464 
CLU_6399 3143309772227 7355 
CLU_6399 3143302203480 2768 
CLU_6399 3143302150085 5845 
CLU_6399 3143300211826 2302 
CLU_6399 3143302149931 2017 
CLU_6399 3143309352511 8080 
CLU_6399 3143309690905 3523 
CLU_6399 3143307608756 9281 
CLU_6399 3143306409911 9613 
CLU_6399 3143307780907 2565 
CLU_6399 3143309936424 3333 
CLU_6399 3143309812075 6974 
CLU_6399 3143303688100 7703 
CLU_6399 3143303180115 5310 
CLU_6399 3143305302854 5336 
CLU_6399 3143302219212 6185 
CLU_6399 3143302149958 4457 
CLU_6399 3143307951345 9018 
CLU_6399 3143302219077 2780 
CLU_6399 3143302219344 1461 
CLU_6399 3143307607660 7845 
CLU_6399 3143302150069 7766 
CLU_6399 3143307809131 11107 
CLU_6399 3143300186252 2796 
CLU_6399 3143307836619 8219 
CLU_6399 3143305212545 1040 
CLU_6399 3143302150077 9281 
CLU_6399 3143302150034 6638 
CLU_6399 3143305212529 18169 
CLU_6399 3143302219379 40165 
CLU_6399 3143305212618 18169 
CLU_6399 CLU_6117 45286 
CLU_6399 CLU_6298 11988 
CLU_6399 CLU_6301 22580 
CLU_6399 CLU_6312 1607 
CLU_6399 CLU_6320 860 
CLU_6399 CLU_6326 3077 
CLU_6399 CLU_6362 5612 
CLU_6399 CLU_6374 1461 
CLU_6399 CLU_6383 10728 
CLU_6399 CLU_6385 9471 
CLU_6399 CLU_6399 0 
CLU_6399 CLU_6409 41187 
CLU_6399 CLU_6411 17546 
CLU_6399 CLU_6413 40165 
CLU_6399 CLU_6416 18169 
CLU_6399 CLU_6417 58131 
CLU_6401 3143309772235 4019 
CLU_6401 3143309772251 3328 
CLU_6401 3143309812059 3581 
CLU_6401 3143305305063 4107 
CLU_6401 3143307781067 3747 
CLU_6401 3143305304997 3068 
CLU_6401 3143307831331 2716 
CLU_6401 3143300659134 958 
CLU_6401 3143303180158 2452 
CLU_6401 3143307821506 2999 
CLU_6401 3143302150107 4516 
CLU_6401 3143309775978 2999 
CLU_6401 3143302219107 6628 
CLU_6401 3143302219352 4445 
CLU_6401 3143303180182 5531 
CLU_6401 3143302150050 5644 
CLU_6401 3143302150042 5018 
CLU_6401 3143302219085 5373 
CLU_6401 3143309812032 2097 
CLU_6401 3143302149915 3428 
CLU_6401 3143307299079 6929 
CLU_6401 3143302150018 6987 
CLU_6401 3143302218984 5799 
CLU_6401 3143306065295 4481 
CLU_6401 3143302219069 7901 
CLU_6401 3143306629296 6383 
CLU_6401 3143302149923 5351 
CLU_6401 3143306065341 6464 
CLU_6401 3143306329705 4365 
CLU_6401 3143306297943 11688 
CLU_6401 3143305212626 11688 
CLU_6401 3143307780621 1933 
CLU_6401 3143303180166 2999 
CLU_6401 3143302149893 4887 
CLU_6401 3143309251553 6551 
CLU_6401 3143302150026 8088 
CLU_6401 3143300550108 6103 
CLU_6401 3143303413578 23901 
CLU_6401 3143306329632 7426 
CLU_6401 3143305212588 14942 
CLU_6401 3143309812083 1919 
CLU_6401 3143306023282 4650 
CLU_6401 3143302218968 3403 
CLU_6401 3143309772227 2961 
CLU_6401 3143302203480 5539 
CLU_6401 3143302150085 6929 
CLU_6401 3143300211826 8217 
CLU_6401 3143302149931 6241 
CLU_6401 3143309352511 4041 
CLU_6401 3143309690905 7454 
CLU_6401 3143307608756 7085 
CLU_6401 3143306409911 6103 
CLU_6401 3143307780907 7256 
CLU_6401 3143309936424 8163 
CLU_6401 3143309812075 1254 
CLU_6401 3143303688100 529 
CLU_6401 3143303180115 3328 
CLU_6401 3143305302854 4836 
CLU_6401 3143302219212 3897 
CLU_6401 3143302149958 5538 
CLU_6401 3143307951345 2022 
CLU_6401 3143302219077 7105 
CLU_6401 3143302219344 7901 
CLU_6401 3143307607660 4516 
CLU_6401 3143302150069 5585 
CLU_6401 3143307809131 5013 
CLU_6401 3143300186252 8359 
CLU_6401 3143307836619 2097 
CLU_6401 3143305212545 8742 
CLU_6401 3143302150077 7085 
CLU_6401 3143302150034 7067 
CLU_6401 3143305212529 21788 
CLU_6401 3143302219379 41144 
CLU_6401 3143305212618 21788 
CLU_6401 CLU_6117 42377 
CLU_6401 CLU_6298 6859 
CLU_6401 CLU_6301 19859 
CLU_6401 CLU_6312 7066 
CLU_6401 CLU_6320 8114 
CLU_6401 CLU_6326 10369 
CLU_6401 CLU_6362 2590 
CLU_6401 CLU_6374 7901 
CLU_6401 CLU_6383 6643 
CLU_6401 CLU_6385 2251 
CLU_6401 CLU_6399 8202 
CLU_6401 CLU_6409 38590 
CLU_6401 CLU_6411 15865 
CLU_6401 CLU_6413 41144 
CLU_6401 CLU_6416 21788 
CLU_6401 CLU_6417 60910 
CLU_6403 3143309772235 2124 
CLU_6403 3143309772251 3533 
CLU_6403 3143309812059 1831 
CLU_6403 3143305305063 4413 
CLU_6403 3143307781067 5415 
CLU_6403 3143305304997 5043 
CLU_6403 3143307831331 5532 
CLU_6403 3143300659134 4984 
CLU_6403 3143303180158 3090 
CLU_6403 3143307821506 2398 
CLU_6403 3143302150107 4317 
CLU_6403 3143309775978 2398 
CLU_6403 3143302219107 2357 
CLU_6403 3143302219352 1239 
CLU_6403 3143303180182 4971 
CLU_6403 3143302150050 5877 
CLU_6403 3143302150042 5381 
CLU_6403 3143302219085 5938 
CLU_6403 3143309812032 6043 
CLU_6403 3143302149915 7343 
CLU_6403 3143307299079 6470 
CLU_6403 3143302150018 8279 
CLU_6403 3143302218984 7618 
CLU_6403 3143306065295 8073 
CLU_6403 3143302219069 2755 
CLU_6403 3143306629296 8082 
CLU_6403 3143302149923 8033 
CLU_6403 3143306065341 9083 
CLU_6403 3143306329705 8153 
CLU_6403 3143306297943 15605 
CLU_6403 3143305212626 15605 
CLU_6403 3143307780621 3712 
CLU_6403 3143303180166 2398 
CLU_6403 3143302149893 6200 
CLU_6403 3143309251553 4150 
CLU_6403 3143302150026 4872 
CLU_6403 3143300550108 8793 
CLU_6403 3143303413578 29181 
CLU_6403 3143306329632 2895 
CLU_6403 3143305212588 12883 
CLU_6403 3143309812083 4868 
CLU_6403 3143306023282 2814 
CLU_6403 3143302218968 2922 
CLU_6403 3143309772227 5636 
CLU_6403 3143302203480 2287 
CLU_6403 3143302150085 6470 
CLU_6403 3143300211826 2940 
CLU_6403 3143302149931 1695 
CLU_6403 3143309352511 6750 
CLU_6403 3143309690905 5109 
CLU_6403 3143307608756 8996 
CLU_6403 3143306409911 8793 
CLU_6403 3143307780907 1973 
CLU_6403 3143309936424 5455 
CLU_6403 3143309812075 4225 
CLU_6403 3143303688100 4754 
CLU_6403 3143303180115 3533 
CLU_6403 3143305302854 4781 
CLU_6403 3143302219212 5009 
CLU_6403 3143302149958 1246 
CLU_6403 3143307951345 6659 
CLU_6403 3143302219077 4300 
CLU_6403 3143302219344 2755 
CLU_6403 3143307607660 4317 
CLU_6403 3143302150069 7219 
CLU_6403 3143307809131 9330 
CLU_6403 3143300186252 3081 
CLU_6403 3143307836619 6043 
CLU_6403 3143305212545 4453 
CLU_6403 3143302150077 8996 
CLU_6403 3143302150034 7120 
CLU_6403 3143305212529 17776 
CLU_6403 3143302219379 38742 
CLU_6403 3143305212618 17776 
CLU_6403 CLU_6117 42509 
CLU_6403 CLU_6298 10695 
CLU_6403 CLU_6301 22700 
CLU_6403 CLU_6312 2036 
CLU_6403 CLU_6320 3134 
CLU_6403 CLU_6326 6474 
CLU_6403 CLU_6362 2892 
CLU_6403 CLU_6374 2755 
CLU_6403 CLU_6383 9785 
CLU_6403 CLU_6385 7075 
CLU_6403 CLU_6399 3559 
CLU_6403 CLU_6409 38488 
CLU_6403 CLU_6411 14886 
CLU_6403 CLU_6413 38742 
CLU_6403 CLU_6416 17776 
CLU_6403 CLU_6417 57561 
CLU_6404 3143309772235 3974 
CLU_6404 3143309772251 4992 
CLU_6404 3143309812059 4560 
CLU_6404 3143305305063 5073 
CLU_6404 3143307781067 6289 
CLU_6404 3143305304997 6324 
CLU_6404 3143307831331 7009 
CLU_6404 3143300659134 7354 
CLU_6404 3143303180158 6352 
CLU_6404 3143307821506 5670 
CLU_6404 3143302150107 7934 
CLU_6404 3143309775978 5670 
CLU_6404 3143302219107 5173 
CLU_6404 3143302219352 3710 
CLU_6404 3143303180182 4547 
CLU_6404 3143302150050 5526 
CLU_6404 3143302150042 5398 
CLU_6404 3143302219085 5797 
CLU_6404 3143309812032 7892 
CLU_6404 3143302149915 8803 
CLU_6404 3143307299079 5322 
CLU_6404 3143302150018 7805 
CLU_6404 3143302218984 7682 
CLU_6404 3143306065295 9164 
CLU_6404 3143302219069 1891 
CLU_6404 3143306629296 7937 
CLU_6404 3143302149923 8549 
CLU_6404 3143306065341 9324 
CLU_6404 3143306329705 9355 
CLU_6404 3143306297943 16119 
CLU_6404 3143305212626 16119 
CLU_6404 3143307780621 6919 
CLU_6404 3143303180166 5670 
CLU_6404 3143302149893 6449 
CLU_6404 3143309251553 2683 
CLU_6404 3143302150026 1994 
CLU_6404 3143300550108 9140 
CLU_6404 3143303413578 31393 
CLU_6404 3143306329632 5192 
CLU_6404 3143305212588 9701 
CLU_6404 3143309812083 6796 
CLU_6404 3143306023282 3537 
CLU_6404 3143302218968 6471 
CLU_6404 3143309772227 6984 
CLU_6404 3143302203480 2478 
CLU_6404 3143302150085 5322 
CLU_6404 3143300211826 2764 
CLU_6404 3143302149931 1967 
CLU_6404 3143309352511 7660 
CLU_6404 3143309690905 2992 
CLU_6404 3143307608756 8777 
CLU_6404 3143306409911 9140 
CLU_6404 3143307780907 2902 
CLU_6404 3143309936424 2817 
CLU_6404 3143309812075 6751 
CLU_6404 3143303688100 7507 
CLU_6404 3143303180115 4992 
CLU_6404 3143305302854 4888 
CLU_6404 3143302219212 5777 
CLU_6404 3143302149958 4619 
CLU_6404 3143307951345 8708 
CLU_6404 3143302219077 2255 
CLU_6404 3143302219344 1891 
CLU_6404 3143307607660 7934 
CLU_6404 3143302150069 7286 
CLU_6404 3143307809131 10709 
CLU_6404 3143300186252 3261 
CLU_6404 3143307836619 7892 
CLU_6404 3143305212545 836 
CLU_6404 3143302150077 8777 
CLU_6404 3143302150034 6115 
CLU_6404 3143305212529 18693 
CLU_6404 3143302219379 40651 
CLU_6404 3143305212618 18693 
CLU_6404 CLU_6117 45625 
CLU_6404 CLU_6298 11540 
CLU_6404 CLU_6301 22051 
CLU_6404 CLU_6312 1826 
CLU_6404 CLU_6320 1334 
CLU_6404 CLU_6326 2870 
CLU_6404 CLU_6362 5416 
CLU_6404 CLU_6374 1891 
CLU_6404 CLU_6383 10257 
CLU_6404 CLU_6385 9162 
CLU_6404 CLU_6399 530 
CLU_6404 CLU_6409 41538 
CLU_6404 CLU_6411 17891 
CLU_6404 CLU_6413 40651 
CLU_6404 CLU_6416 18693 
CLU_6404 CLU_6417 58656 
CLU_6405 3143309772235 3416 
CLU_6405 3143309772251 2499 
CLU_6405 3143309812059 3177 
CLU_6405 3143305305063 3178 
CLU_6405 3143307781067 2793 
CLU_6405 3143305304997 2111 
CLU_6405 3143307831331 1800 
CLU_6405 3143300659134 0 
CLU_6405 3143303180158 2580 
CLU_6405 3143307821506 2942 
CLU_6405 3143302150107 5043 
CLU_6405 3143309775978 2942 
CLU_6405 3143302219107 6625 
CLU_6405 3143302219352 3989 
CLU_6405 3143303180182 4598 
CLU_6405 3143302150050 4686 
CLU_6405 3143302150042 4062 
CLU_6405 3143302219085 4415 
CLU_6405 3143309812032 1410 
CLU_6405 3143302149915 2852 
CLU_6405 3143307299079 5974 
CLU_6405 3143302150018 6076 
CLU_6405 3143302218984 4909 
CLU_6405 3143306065295 3856 
CLU_6405 3143302219069 7456 
CLU_6405 3143306629296 5494 
CLU_6405 3143302149923 4560 
CLU_6405 3143306065341 5695 
CLU_6405 3143306329705 3794 
CLU_6405 3143306297943 11285 
CLU_6405 3143305212626 11285 
CLU_6405 3143307780621 2243 
CLU_6405 3143303180166 2942 
CLU_6405 3143302149893 3940 
CLU_6405 3143309251553 5719 
CLU_6405 3143302150026 7286 
CLU_6405 3143300550108 5336 
CLU_6405 3143303413578 24260 
CLU_6405 3143306329632 7399 
CLU_6405 3143305212588 13998 
CLU_6405 3143309812083 961 
CLU_6405 3143306023282 3900 
CLU_6405 3143302218968 3653 
CLU_6405 3143309772227 2045 
CLU_6405 3143302203480 4877 
CLU_6405 3143302150085 5974 
CLU_6405 3143300211826 7862 
CLU_6405 3143302149931 5713 
CLU_6405 3143309352511 3198 
CLU_6405 3143309690905 6587 
CLU_6405 3143307608756 6232 
CLU_6405 3143306409911 5336 
CLU_6405 3143307780907 6935 
CLU_6405 3143309936424 7310 
CLU_6405 3143309812075 776 
CLU_6405 3143303688100 904 
CLU_6405 3143303180115 2499 
CLU_6405 3143305302854 3898 
CLU_6405 3143302219212 2940 
CLU_6405 3143302149958 5450 
CLU_6405 3143307951345 1726 
CLU_6405 3143302219077 6291 
CLU_6405 3143302219344 7456 
CLU_6405 3143307607660 5043 
CLU_6405 3143302150069 4673 
CLU_6405 3143307809131 4659 
CLU_6405 3143300186252 8056 
CLU_6405 3143307836619 1410 
CLU_6405 3143305212545 8067 
CLU_6405 3143302150077 6232 
CLU_6405 3143302150034 6109 
CLU_6405 3143305212529 22018 
CLU_6405 3143302219379 41720 
CLU_6405 3143305212618 22018 
CLU_6405 CLU_6117 43246 
CLU_6405 CLU_6298 6375 
CLU_6405 CLU_6301 19250 
CLU_6405 CLU_6312 6602 
CLU_6405 CLU_6320 7605 
CLU_6405 CLU_6326 9604 
CLU_6405 CLU_6362 2113 
CLU_6405 CLU_6374 7456 
CLU_6405 CLU_6383 5977 
CLU_6405 CLU_6385 2108 
CLU_6405 CLU_6399 7607 
CLU_6405 CLU_6409 39437 
CLU_6405 CLU_6411 16574 
CLU_6405 CLU_6413 41720 
CLU_6405 CLU_6416 22018 
CLU_6405 CLU_6417 61329 
CLU_6406 3143309772235 3067 
CLU_6406 3143309772251 3452 
CLU_6406 3143309812059 2178 
CLU_6406 3143305305063 4598 
CLU_6406 3143307781067 4945 
CLU_6406 3143305304997 4289 
CLU_6406 3143307831331 4370 
CLU_6406 3143300659134 2900 
CLU_6406 3143303180158 429 
CLU_6406 3143307821506 939 
CLU_6406 3143302150107 2325 
CLU_6406 3143309775978 939 
CLU_6406 3143302219107 4036 
CLU_6406 3143302219352 2918 
CLU_6406 3143303180182 5838 
CLU_6406 3143302150050 6375 
CLU_6406 3143302150042 5729 
CLU_6406 3143302219085 6240 
CLU_6406 3143309812032 4299 
CLU_6406 3143302149915 5747 
CLU_6406 3143307299079 7447 
CLU_6406 3143302150018 8351 
CLU_6406 3143302218984 7329 
CLU_6406 3143306065295 6725 
CLU_6406 3143302219069 5962 
CLU_6406 3143306629296 7898 
CLU_6406 3143302149923 7249 
CLU_6406 3143306065341 8396 
CLU_6406 3143306329705 6684 
CLU_6406 3143306297943 14184 
CLU_6406 3143305212626 14184 
CLU_6406 3143307780621 719 
CLU_6406 3143303180166 939 
CLU_6406 3143302149893 6076 
CLU_6406 3143309251553 6060 
CLU_6406 3143302150026 7318 
CLU_6406 3143300550108 8048 
CLU_6406 3143303413578 26309 
CLU_6406 3143306329632 4842 
CLU_6406 3143305212588 14980 
CLU_6406 3143309812083 3418 
CLU_6406 3143306023282 4063 
CLU_6406 3143302218968 760 
CLU_6406 3143309772227 4583 
CLU_6406 3143302203480 4459 
CLU_6406 3143302150085 7447 
CLU_6406 3143300211826 6068 
CLU_6406 3143302149931 4640 
CLU_6406 3143309352511 5842 
CLU_6406 3143309690905 7080 
CLU_6406 3143307608756 8737 
CLU_6406 3143306409911 8048 
CLU_6406 3143307780907 5082 
CLU_6406 3143309936424 7658 
CLU_6406 3143309812075 2232 
CLU_6406 3143303688100 2195 
CLU_6406 3143303180115 3452 
CLU_6406 3143305302854 5290 
CLU_6406 3143302219212 4807 
CLU_6406 3143302149958 3064 
CLU_6406 3143307951345 4554 
CLU_6406 3143302219077 6469 
CLU_6406 3143302219344 5962 
CLU_6406 3143307607660 2325 
CLU_6406 3143302150069 7009 
CLU_6406 3143307809131 7542 
CLU_6406 3143300186252 6108 
CLU_6406 3143307836619 4299 
CLU_6406 3143305212545 7418 
CLU_6406 3143302150077 8737 
CLU_6406 3143302150034 7847 
CLU_6406 3143305212529 19161 
CLU_6406 3143302219379 38901 
CLU_6406 3143305212618 19161 
CLU_6406 CLU_6117 41094 
CLU_6406 CLU_6298 9274 
CLU_6406 CLU_6301 22076 
CLU_6406 CLU_6312 5223 
CLU_6406 CLU_6320 6323 
CLU_6406 CLU_6326 9321 
CLU_6406 CLU_6362 1998 
CLU_6406 CLU_6374 5962 
CLU_6406 CLU_6383 8798 
CLU_6406 CLU_6385 4857 
CLU_6406 CLU_6399 6647 
CLU_6406 CLU_6409 37196 
CLU_6406 CLU_6411 13985 
CLU_6406 CLU_6413 38901 
CLU_6406 CLU_6416 19161 
CLU_6406 CLU_6417 58430 
CLU_6408 3143309772235 6233 
CLU_6408 3143309772251 5063 
CLU_6408 3143309812059 6962 
CLU_6408 3143305305063 3954 
CLU_6408 3143307781067 3418 
CLU_6408 3143305304997 4104 
CLU_6408 3143307831331 4277 
CLU_6408 3143300659134 6076 
CLU_6408 3143303180158 7925 
CLU_6408 3143307821506 7802 
CLU_6408 3143302150107 10677 
CLU_6408 3143309775978 7802 
CLU_6408 3143302219107 10618 
CLU_6408 3143302219352 7087 
CLU_6408 3143303180182 3432 
CLU_6408 3143302150050 2438 
CLU_6408 3143302150042 2899 
CLU_6408 3143302219085 2340 
CLU_6408 3143309812032 5023 
CLU_6408 3143302149915 4347 
CLU_6408 3143307299079 2579 
CLU_6408 3143302150018 0 
CLU_6408 3143302218984 1236 
CLU_6408 3143306065295 3664 
CLU_6408 3143302219069 9197 
CLU_6408 3143306629296 732 
CLU_6408 3143302149923 2248 
CLU_6408 3143306065341 2074 
CLU_6408 3143306329705 3974 
CLU_6408 3143306297943 8500 
CLU_6408 3143305212626 8500 
CLU_6408 3143307780621 7934 
CLU_6408 3143303180166 7802 
CLU_6408 3143302149893 2276 
CLU_6408 3143309251553 5129 
CLU_6408 3143302150026 6230 
CLU_6408 3143300550108 2146 
CLU_6408 3143303413578 25377 
CLU_6408 3143306329632 11166 
CLU_6408 3143305212588 9213 
CLU_6408 3143309812083 5176 
CLU_6408 3143306023282 5477 
CLU_6408 3143302218968 8940 
CLU_6408 3143309772227 4031 
CLU_6408 3143302203480 6330 
CLU_6408 3143302150085 2579 
CLU_6408 3143300211826 10012 
CLU_6408 3143302149931 7577 
CLU_6408 3143309352511 3041 
CLU_6408 3143309690905 5004 
CLU_6408 3143307608756 1051 
CLU_6408 3143306409911 2146 
CLU_6408 3143307780907 9497 
CLU_6408 3143309936424 5578 
CLU_6408 3143309812075 6352 
CLU_6408 3143303688100 6959 
CLU_6408 3143303180115 5063 
CLU_6408 3143305302854 3497 
CLU_6408 3143302219212 3562 
CLU_6408 3143302149958 9400 
CLU_6408 3143307951345 5639 
CLU_6408 3143302219077 5570 
CLU_6408 3143302219344 9197 
CLU_6408 3143307607660 10677 
CLU_6408 3143302150069 1403 
CLU_6408 3143307809131 5055 
CLU_6408 3143300186252 10440 
CLU_6408 3143307836619 5023 
CLU_6408 3143305212545 7988 
CLU_6408 3143302150077 1051 
CLU_6408 3143302150034 1830 
CLU_6408 3143305212529 25949 
CLU_6408 3143302219379 46930 
CLU_6408 3143305212618 25949 
CLU_6408 CLU_6117 49299 
CLU_6408 CLU_6298 4660 
CLU_6408 CLU_6301 14478 
CLU_6408 CLU_6312 8496 
CLU_6408 CLU_6320 8906 
CLU_6408 CLU_6326 8219 
CLU_6408 CLU_6362 6443 
CLU_6408 CLU_6374 9197 
CLU_6408 CLU_6383 3097 
CLU_6408 CLU_6385 5883 
CLU_6408 CLU_6399 8316 
CLU_6408 CLU_6409 45461 
CLU_6408 CLU_6411 22332 
CLU_6408 CLU_6413 46930 
CLU_6408 CLU_6416 25949 
CLU_6408 CLU_6417 65820 
CLU_6409 3143309772235 39906 
CLU_6409 3143309772251 40638 
CLU_6409 3143309812059 38995 
CLU_6409 3143305305063 41790 
CLU_6409 3143307781067 42050 
CLU_6409 3143305304997 41358 
CLU_6409 3143307831331 41226 
CLU_6409 3143300659134 39437 
CLU_6409 3143303180158 37625 
CLU_6409 3143307821506 37894 
CLU_6409 3143302150107 34909 
CLU_6409 3143309775978 37894 
CLU_6409 3143302219107 36416 
CLU_6409 3143302219352 39287 
CLU_6409 3143303180182 42955 
CLU_6409 3143302150050 43568 
CLU_6409 3143302150042 42924 
CLU_6409 3143302219085 43435 
CLU_6409 3143309812032 40677 
CLU_6409 3143302149915 41862 
CLU_6409 3143307299079 44575 
CLU_6409 3143302150018 45461 
CLU_6409 3143302218984 44337 
CLU_6409 3143306065295 42912 
CLU_6409 3143302219069 39736 
CLU_6409 3143306629296 44922 
CLU_6409 3143302149923 43935 
CLU_6409 3143306065341 45027 
CLU_6409 3143306329705 42720 
CLU_6409 3143306297943 48656 
CLU_6409 3143305212626 48656 
CLU_6409 3143307780621 37542 
CLU_6409 3143303180166 37894 
CLU_6409 3143302149893 43215 
CLU_6409 3143309251553 42619 
CLU_6409 3143302150026 43255 
CLU_6409 3143300550108 44667 
CLU_6409 3143303413578 47908 
CLU_6409 3143306329632 36348 
CLU_6409 3143305212588 51235 
CLU_6409 3143309812083 40296 
CLU_6409 3143306023282 40917 
CLU_6409 3143302218968 36711 
CLU_6409 3143309772227 41469 
CLU_6409 3143302203480 40751 
CLU_6409 3143302150085 44575 
CLU_6409 3143300211826 38982 
CLU_6409 3143302149931 40040 
CLU_6409 3143309352511 42626 
CLU_6409 3143309690905 43596 
CLU_6409 3143307608756 45668 
CLU_6409 3143306409911 44667 
CLU_6409 3143307780907 38637 
CLU_6409 3143309936424 43915 
CLU_6409 3143309812075 39109 
CLU_6409 3143303688100 38537 
CLU_6409 3143303180115 40638 
CLU_6409 3143305302854 42465 
CLU_6409 3143302219212 41980 
CLU_6409 3143302149958 37254 
CLU_6409 3143307951345 40350 
CLU_6409 3143302219077 42785 
CLU_6409 3143302219344 39736 
CLU_6409 3143307607660 34909 
CLU_6409 3143302150069 44072 
CLU_6409 3143307809131 42799 
CLU_6409 3143300186252 38527 
CLU_6409 3143307836619 40677 
CLU_6409 3143305212545 42224 
CLU_6409 3143302150077 45668 
CLU_6409 3143302150034 45032 
CLU_6409 3143305212529 29381 
CLU_6409 3143302219379 17658 
CLU_6409 3143305212618 29381 
CLU_6409 CLU_6117 4304 
CLU_6409 CLU_6298 44767 
CLU_6409 CLU_6301 57549 
CLU_6409 CLU_6312 39737 
CLU_6409 CLU_6320 40357 
CLU_6409 CLU_6326 44184 
CLU_6409 CLU_6362 39184 
CLU_6409 CLU_6374 39736 
CLU_6409 CLU_6383 45048 
CLU_6409 CLU_6385 40322 
CLU_6409 CLU_6399 41187 
CLU_6409 CLU_6409 0 
CLU_6409 CLU_6411 23649 
CLU_6409 CLU_6413 17658 
CLU_6409 CLU_6416 29381 
CLU_6409 CLU_6417 37517 
CLU_6410 3143309772235 20540 
CLU_6410 3143309772251 21709 
CLU_6410 3143309812059 19793 
CLU_6410 3143305305063 22799 
CLU_6410 3143307781067 23514 
CLU_6410 3143305304997 22927 
CLU_6410 3143307831331 23101 
CLU_6410 3143300659134 21590 
CLU_6410 3143303180158 19128 
CLU_6410 3143307821506 19065 
CLU_6410 3143302150107 16558 
CLU_6410 3143309775978 19065 
CLU_6410 3143302219107 16256 
CLU_6410 3143302219352 19719 
CLU_6410 3143303180182 23568 
CLU_6410 3143302150050 24431 
CLU_6410 3143302150042 23877 
CLU_6410 3143302219085 24439 
CLU_6410 3143309812032 23001 
CLU_6410 3143302149915 24433 
CLU_6410 3143307299079 25074 
CLU_6410 3143302150018 26754 
CLU_6410 3143302218984 25901 
CLU_6410 3143306065295 25446 
CLU_6410 3143302219069 18888 
CLU_6410 3143306629296 26434 
CLU_6410 3143302149923 25972 
CLU_6410 3143306065341 27113 
CLU_6410 3143306329705 25378 
CLU_6410 3143306297943 32713 
CLU_6410 3143305212626 32713 
CLU_6410 3143307780621 19353 
CLU_6410 3143303180166 19065 
CLU_6410 3143302149893 24532 
CLU_6410 3143309251553 22595 
CLU_6410 3143302150026 22724 
CLU_6410 3143300550108 26772 
CLU_6410 3143303413578 40170 
CLU_6410 3143306329632 15867 
CLU_6410 3143305212588 30228 
CLU_6410 3143309812083 22159 
CLU_6410 3143306023282 21398 
CLU_6410 3143302218968 18037 
CLU_6410 3143309772227 23304 
CLU_6410 3143302203480 20826 
CLU_6410 3143302150085 25074 
CLU_6410 3143300211826 18022 
CLU_6410 3143302149931 19787 
CLU_6410 3143309352511 24565 
CLU_6410 3143309690905 23414 
CLU_6410 3143307608756 27323 
CLU_6410 3143306409911 26772 
CLU_6410 3143307780907 18007 
CLU_6410 3143309936424 23504 
CLU_6410 3143309812075 20974 
CLU_6410 3143303688100 20758 
CLU_6410 3143303180115 21709 
CLU_6410 3143305302854 23303 
CLU_6410 3143302219212 23245 
CLU_6410 3143302149958 17408 
CLU_6410 3143307951345 23081 
CLU_6410 3143302219077 22556 
CLU_6410 3143302219344 18888 
CLU_6410 3143307607660 16558 
CLU_6410 3143302150069 25537 
CLU_6410 3143307809131 26053 
CLU_6410 3143300186252 17526 
CLU_6410 3143307836619 23001 
CLU_6410 3143305212545 21292 
CLU_6410 3143302150077 27323 
CLU_6410 3143302150034 25725 
CLU_6410 3143305212529 7446 
CLU_6410 3143302219379 20182 
CLU_6410 3143305212618 7446 
CLU_6410 CLU_6117 26967 
CLU_6410 CLU_6298 27917 
CLU_6410 CLU_6301 40821 
CLU_6410 CLU_6312 19174 
CLU_6410 CLU_6320 19464 
CLU_6410 CLU_6326 23011 
CLU_6410 CLU_6362 20416 
CLU_6410 CLU_6374 18888 
CLU_6410 CLU_6383 27541 
CLU_6410 CLU_6385 23269 
CLU_6410 CLU_6399 20323 
CLU_6410 CLU_6409 22667 
CLU_6410 CLU_6411 6841 
CLU_6410 CLU_6413 20182 
CLU_6410 CLU_6416 7446 
CLU_6410 CLU_6417 40092 
CLU_6411 3143309772235 16441 
CLU_6411 3143309772251 17330 
CLU_6411 3143309812059 15561 
CLU_6411 3143305305063 18482 
CLU_6411 3143307781067 18930 
CLU_6411 3143305304997 18268 
CLU_6411 3143307831331 18275 
CLU_6411 3143300659134 16574 
CLU_6411 3143303180158 14409 
CLU_6411 3143307821506 14558 
CLU_6411 3143302150107 11660 
CLU_6411 3143309775978 14558 
CLU_6411 3143302219107 12769 
CLU_6411 3143302219352 15759 
CLU_6411 3143303180182 19533 
CLU_6411 3143302150050 20239 
CLU_6411 3143302150042 19617 
CLU_6411 3143302219085 20155 
CLU_6411 3143309812032 17938 
CLU_6411 3143302149915 19289 
CLU_6411 3143307299079 21140 
CLU_6411 3143302150018 22332 
CLU_6411 3143302218984 21309 
CLU_6411 3143306065295 20346 
CLU_6411 3143302219069 16102 
CLU_6411 3143306629296 21881 
CLU_6411 3143302149923 21127 
CLU_6411 3143306065341 22267 
CLU_6411 3143306329705 20219 
CLU_6411 3143306297943 27164 
CLU_6411 3143305212626 27164 
CLU_6411 3143307780621 14455 
CLU_6411 3143303180166 14558 
CLU_6411 3143302149893 20056 
CLU_6411 3143309251553 19034 
CLU_6411 3143302150026 19611 
CLU_6411 3143300550108 21909 
CLU_6411 3143303413578 33367 
CLU_6411 3143306329632 12703 
CLU_6411 3143305212588 27585 
CLU_6411 3143309812083 17314 
CLU_6411 3143306023282 17426 
CLU_6411 3143302218968 13399 
CLU_6411 3143309772227 18505 
CLU_6411 3143302203480 17166 
CLU_6411 3143302150085 21140 
CLU_6411 3143300211826 15369 
CLU_6411 3143302149931 16404 
CLU_6411 3143309352511 19739 
CLU_6411 3143309690905 19992 
CLU_6411 3143307608756 22707 
CLU_6411 3143306409911 21909 
CLU_6411 3143307780907 14991 
CLU_6411 3143309936424 20284 
CLU_6411 3143309812075 16095 
CLU_6411 3143303688100 15680 
CLU_6411 3143303180115 17330 
CLU_6411 3143305302854 19109 
CLU_6411 3143302219212 18776 
CLU_6411 3143302149958 13644 
CLU_6411 3143307951345 17825 
CLU_6411 3143302219077 19168 
CLU_6411 3143302219344 16102 
CLU_6411 3143307607660 11660 
CLU_6411 3143302150069 20993 
CLU_6411 3143307809131 20655 
CLU_6411 3143300186252 14927 
CLU_6411 3143307836619 17938 
CLU_6411 3143305212545 18585 
CLU_6411 3143302150077 22707 
CLU_6411 3143302150034 21666 
CLU_6411 3143305212529 12356 
CLU_6411 3143302219379 25678 
CLU_6411 3143305212618 12356 
CLU_6411 CLU_6117 27739 
CLU_6411 CLU_6298 22606 
CLU_6411 CLU_6301 35674 
CLU_6411 CLU_6312 16087 
CLU_6411 CLU_6320 16724 
CLU_6411 CLU_6326 20565 
CLU_6411 CLU_6362 15903 
CLU_6411 CLU_6374 16102 
CLU_6411 CLU_6383 22508 
CLU_6411 CLU_6385 17922 
CLU_6411 CLU_6399 17546 
CLU_6411 CLU_6409 23649 
CLU_6411 CLU_6411 0 
CLU_6411 CLU_6413 25678 
CLU_6411 CLU_6416 12356 
CLU_6411 CLU_6417 46452 
CLU_6412 3143309772235 16465 
CLU_6412 3143309772251 17332 
CLU_6412 3143309812059 15579 
CLU_6412 3143305305063 18486 
CLU_6412 3143307781067 18913 
CLU_6412 3143305304997 18248 
CLU_6412 3143307831331 18241 
CLU_6412 3143300659134 16529 
CLU_6412 3143303180158 14395 
CLU_6412 3143307821506 14560 
CLU_6412 3143302150107 11644 
CLU_6412 3143309775978 14560 
CLU_6412 3143302219107 12848 
CLU_6412 3143302219352 15794 
CLU_6412 3143303180182 19552 
CLU_6412 3143302150050 20246 
CLU_6412 3143302150042 19621 
CLU_6412 3143302219085 20157 
CLU_6412 3143309812032 17886 
CLU_6412 3143302149915 19229 
CLU_6412 3143307299079 21163 
CLU_6412 3143302150018 22320 
CLU_6412 3143302218984 21286 
CLU_6412 3143306065295 20287 
CLU_6412 3143302219069 16207 
CLU_6412 3143306629296 21860 
CLU_6412 3143302149923 21086 
CLU_6412 3143306065341 22225 
CLU_6412 3143306329705 20155 
CLU_6412 3143306297943 27059 
CLU_6412 3143305212626 27059 
CLU_6412 3143307780621 14427 
CLU_6412 3143303180166 14560 
CLU_6412 3143302149893 20044 
CLU_6412 3143309251553 19085 
CLU_6412 3143302150026 19687 
CLU_6412 3143300550108 21866 
CLU_6412 3143303413578 33108 
CLU_6412 3143306329632 12802 
CLU_6412 3143305212588 27673 
CLU_6412 3143309812083 17282 
CLU_6412 3143306023282 17456 
CLU_6412 3143302218968 13395 
CLU_6412 3143309772227 18473 
CLU_6412 3143302203480 17216 
CLU_6412 3143302150085 21163 
CLU_6412 3143300211826 15485 
CLU_6412 3143302149931 16474 
CLU_6412 3143309352511 19703 
CLU_6412 3143309690905 20049 
CLU_6412 3143307608756 22680 
CLU_6412 3143306409911 21866 
CLU_6412 3143307780907 15088 
CLU_6412 3143309936424 20352 
CLU_6412 3143309812075 16063 
CLU_6412 3143303688100 15633 
CLU_6412 3143303180115 17332 
CLU_6412 3143305302854 19119 
CLU_6412 3143302219212 18767 
CLU_6412 3143302149958 13701 
CLU_6412 3143307951345 17758 
CLU_6412 3143302219077 19229 
CLU_6412 3143302219344 16207 
CLU_6412 3143307607660 11644 
CLU_6412 3143302150069 20975 
CLU_6412 3143307809131 20570 
CLU_6412 3143300186252 15047 
CLU_6412 3143307836619 17886 
CLU_6412 3143305212545 18687 
CLU_6412 3143302150077 22680 
CLU_6412 3143302150034 21679 
CLU_6412 3143305212529 12686 
CLU_6412 3143302219379 25829 
CLU_6412 3143305212618 12686 
CLU_6412 CLU_6117 27640 
CLU_6412 CLU_6298 22527 
CLU_6412 CLU_6301 35596 
CLU_6412 CLU_6312 16176 
CLU_6412 CLU_6320 16829 
CLU_6412 CLU_6326 20675 
CLU_6412 CLU_6362 15900 
CLU_6412 CLU_6374 16207 
CLU_6412 CLU_6383 22451 
CLU_6412 CLU_6385 17846 
CLU_6412 CLU_6399 17647 
CLU_6412 CLU_6409 23567 
CLU_6412 CLU_6411 329 
CLU_6412 CLU_6413 25829 
CLU_6412 CLU_6416 12686 
CLU_6412 CLU_6417 46659 
CLU_6413 3143309772235 40708 
CLU_6413 3143309772251 41891 
CLU_6413 3143309812059 39972 
CLU_6413 3143305305063 42976 
CLU_6413 3143307781067 43696 
CLU_6413 3143305304997 43106 
CLU_6413 3143307831331 43267 
CLU_6413 3143300659134 41720 
CLU_6413 3143303180158 39291 
CLU_6413 3143307821506 39244 
CLU_6413 3143302150107 36678 
CLU_6413 3143309775978 39244 
CLU_6413 3143302219107 36385 
CLU_6413 3143302219352 39877 
CLU_6413 3143303180182 43712 
CLU_6413 3143302150050 44592 
CLU_6413 3143302150042 44048 
CLU_6413 3143302219085 44609 
CLU_6413 3143309812032 43128 
CLU_6413 3143302149915 44547 
CLU_6413 3143307299079 45190 
CLU_6413 3143302150018 46930 
CLU_6413 3143302218984 46084 
CLU_6413 3143306065295 45575 
CLU_6413 3143302219069 38777 
CLU_6413 3143306629296 46616 
CLU_6413 3143302149923 46142 
CLU_6413 3143306065341 47285 
CLU_6413 3143306329705 45492 
CLU_6413 3143306297943 52711 
CLU_6413 3143305212626 52711 
CLU_6413 3143307780621 39493 
CLU_6413 3143303180166 39244 
CLU_6413 3143302149893 44714 
CLU_6413 3143309251553 42649 
CLU_6413 3143302150026 42634 
CLU_6413 3143300550108 46941 
CLU_6413 3143303413578 57662 
CLU_6413 3143306329632 35945 
CLU_6413 3143305212588 49737 
CLU_6413 3143309812083 42319 
CLU_6413 3143306023282 41547 
CLU_6413 3143302218968 38203 
CLU_6413 3143309772227 43473 
CLU_6413 3143302203480 40926 
CLU_6413 3143302150085 45190 
CLU_6413 3143300211826 37891 
CLU_6413 3143302149931 39837 
CLU_6413 3143309352511 44734 
CLU_6413 3143309690905 43417 
CLU_6413 3143307608756 47506 
CLU_6413 3143306409911 46941 
CLU_6413 3143307780907 37996 
CLU_6413 3143309936424 43438 
CLU_6413 3143309812075 41125 
CLU_6413 3143303688100 40870 
CLU_6413 3143303180115 41891 
CLU_6413 3143305302854 43468 
CLU_6413 3143302219212 43428 
CLU_6413 3143302149958 37560 
CLU_6413 3143307951345 43159 
CLU_6413 3143302219077 42562 
CLU_6413 3143302219344 38777 
CLU_6413 3143307607660 36678 
CLU_6413 3143302150069 45719 
CLU_6413 3143307809131 46096 
CLU_6413 3143300186252 37394 
CLU_6413 3143307836619 43128 
CLU_6413 3143305212545 41075 
CLU_6413 3143302150077 47506 
CLU_6413 3143302150034 45861 
CLU_6413 3143305212529 22955 
CLU_6413 3143302219379 0 
CLU_6413 3143305212618 22955 
CLU_6413 CLU_6117 20403 
CLU_6413 CLU_6298 47997 
CLU_6413 CLU_6301 60970 
CLU_6413 CLU_6312 39154 
CLU_6413 CLU_6320 39318 
CLU_6413 CLU_6326 42613 
CLU_6413 CLU_6362 40597 
CLU_6413 CLU_6374 38777 
CLU_6413 CLU_6383 47689 
CLU_6413 CLU_6385 43318 
CLU_6413 CLU_6399 40165 
CLU_6413 CLU_6409 17658 
CLU_6413 CLU_6411 25678 
CLU_6413 CLU_6413 0 
CLU_6413 CLU_6416 22955 
CLU_6413 CLU_6417 21937 
CLU_6414 3143309772235 38717 
CLU_6414 3143309772251 39902 
CLU_6414 3143309812059 37982 
CLU_6414 3143305305063 40986 
CLU_6414 3143307781067 41709 
CLU_6414 3143305304997 41120 
CLU_6414 3143307831331 41285 
CLU_6414 3143300659134 39744 
CLU_6414 3143303180158 37309 
CLU_6414 3143307821506 37259 
CLU_6414 3143302150107 34701 
CLU_6414 3143309775978 37259 
CLU_6414 3143302219107 34392 
CLU_6414 3143302219352 37885 
CLU_6414 3143303180182 41720 
CLU_6414 3143302150050 42601 
CLU_6414 3143302150042 42057 
CLU_6414 3143302219085 42618 
CLU_6414 3143309812032 41151 
CLU_6414 3143302149915 42573 
CLU_6414 3143307299079 43197 
CLU_6414 3143302150018 44940 
CLU_6414 3143302218984 44096 
CLU_6414 3143306065295 43598 
CLU_6414 3143302219069 36786 
CLU_6414 3143306629296 44628 
CLU_6414 3143302149923 44159 
CLU_6414 3143306065341 45302 
CLU_6414 3143306329705 43518 
CLU_6414 3143306297943 50751 
CLU_6414 3143305212626 50751 
CLU_6414 3143307780621 37514 
CLU_6414 3143303180166 37259 
CLU_6414 3143302149893 42725 
CLU_6414 3143309251553 40655 
CLU_6414 3143302150026 40642 
CLU_6414 3143300550108 44959 
CLU_6414 3143303413578 55922 
CLU_6414 3143306329632 33952 
CLU_6414 3143305212588 47760 
CLU_6414 3143309812083 40338 
CLU_6414 3143306023282 39554 
CLU_6414 3143302218968 36221 
CLU_6414 3143309772227 41490 
CLU_6414 3143302203480 38933 
CLU_6414 3143302150085 43197 
CLU_6414 3143300211826 35900 
CLU_6414 3143302149931 37844 
CLU_6414 3143309352511 42751 
CLU_6414 3143309690905 41424 
CLU_6414 3143307608756 45518 
CLU_6414 3143306409911 44959 
CLU_6414 3143307780907 36003 
CLU_6414 3143309936424 41447 
CLU_6414 3143309812075 39145 
CLU_6414 3143303688100 38895 
CLU_6414 3143303180115 39902 
CLU_6414 3143305302854 41477 
CLU_6414 3143302219212 41439 
CLU_6414 3143302149958 35568 
CLU_6414 3143307951345 41189 
CLU_6414 3143302219077 40569 
CLU_6414 3143302219344 36786 
CLU_6414 3143307607660 34701 
CLU_6414 3143302150069 43731 
CLU_6414 3143307809131 44130 
CLU_6414 3143300186252 35403 
CLU_6414 3143307836619 41151 
CLU_6414 3143305212545 39086 
CLU_6414 3143302150077 45518 
CLU_6414 3143302150034 43868 
CLU_6414 3143305212529 21028 
CLU_6414 3143302219379 1993 
CLU_6414 3143305212618 21028 
CLU_6414 CLU_6117 20415 
CLU_6414 CLU_6298 46028 
CLU_6414 CLU_6301 58991 
CLU_6414 CLU_6312 37162 
CLU_6414 CLU_6320 37327 
CLU_6414 CLU_6326 40630 
CLU_6414 CLU_6362 38611 
CLU_6414 CLU_6374 36786 
CLU_6414 CLU_6383 45710 
CLU_6414 CLU_6385 41351 
CLU_6414 CLU_6399 38175 
CLU_6414 CLU_6409 17337 
CLU_6414 CLU_6411 23753 
CLU_6414 CLU_6413 1993 
CLU_6414 CLU_6416 21028 
CLU_6414 CLU_6417 23499 
CLU_6416 3143309772235 19899 
CLU_6416 3143309772251 21284 
CLU_6416 3143309812059 19408 
CLU_6416 3143305305063 22184 
CLU_6416 3143307781067 23177 
CLU_6416 3143305304997 22742 
CLU_6416 3143307831331 23126 
CLU_6416 3143300659134 22018 
CLU_6416 3143303180158 19442 
CLU_6416 3143307821506 19119 
CLU_6416 3143302150107 17483 
CLU_6416 3143309775978 19119 
CLU_6416 3143302219107 15571 
CLU_6416 3143302219352 19014 
CLU_6416 3143303180182 22528 
CLU_6416 3143302150050 23511 
CLU_6416 3143302150042 23091 
CLU_6416 3143302219085 23633 
CLU_6416 3143309812032 23360 
CLU_6416 3143302149915 24790 
CLU_6416 3143307299079 23777 
CLU_6416 3143302150018 25949 
CLU_6416 3143302218984 25384 
CLU_6416 3143306065295 25667 
CLU_6416 3143302219069 16947 
CLU_6416 3143306629296 25827 
CLU_6416 3143302149923 25792 
CLU_6416 3143306065341 26858 
CLU_6416 3143306329705 25689 
CLU_6416 3143306297943 33237 
CLU_6416 3143305212626 33237 
CLU_6416 3143307780621 19870 
CLU_6416 3143303180166 19119 
CLU_6416 3143302149893 23967 
CLU_6416 3143309251553 21076 
CLU_6416 3143302150026 20672 
CLU_6416 3143300550108 26562 
CLU_6416 3143303413578 43747 
CLU_6416 3143306329632 14900 
CLU_6416 3143305212588 27095 
CLU_6416 3143309812083 22296 
CLU_6416 3143306023282 20502 
CLU_6416 3143302218968 18401 
CLU_6416 3143309772227 23274 
CLU_6416 3143302203480 19623 
CLU_6416 3143302150085 23777 
CLU_6416 3143300211826 16070 
CLU_6416 3143302149931 18392 
CLU_6416 3143309352511 24465 
CLU_6416 3143309690905 21651 
CLU_6416 3143307608756 26740 
CLU_6416 3143306409911 26562 
CLU_6416 3143307780907 16465 
CLU_6416 3143309936424 21500 
CLU_6416 3143309812075 21277 
CLU_6416 3143303688100 21355 
CLU_6416 3143303180115 21284 
CLU_6416 3143305302854 22485 
CLU_6416 3143302219212 22785 
CLU_6416 3143302149958 16824 
CLU_6416 3143307951345 23711 
CLU_6416 3143302219077 20838 
CLU_6416 3143302219344 16947 
CLU_6416 3143307607660 17483 
CLU_6416 3143302150069 24981 
CLU_6416 3143307809131 26676 
CLU_6416 3143300186252 15602 
CLU_6416 3143307836619 23360 
CLU_6416 3143305212545 18940 
CLU_6416 3143302150077 26740 
CLU_6416 3143302150034 24533 
CLU_6416 3143305212529 0 
CLU_6416 3143302219379 22955 
CLU_6416 3143305212618 0 
CLU_6416 CLU_6117 33676 
CLU_6416 CLU_6298 28292 
CLU_6416 CLU_6301 40427 
CLU_6416 CLU_6312 17527 
CLU_6416 CLU_6320 17386 
CLU_6416 CLU_6326 20187 
CLU_6416 CLU_6362 20306 
CLU_6416 CLU_6374 16947 
CLU_6416 CLU_6383 27526 
CLU_6416 CLU_6385 24018 
CLU_6416 CLU_6399 18169 
CLU_6416 CLU_6409 29381 
CLU_6416 CLU_6411 12356 
CLU_6416 CLU_6413 22955 
CLU_6416 CLU_6416 0 
CLU_6416 CLU_6417 39965 
CLU_6417 3143309772235 59660 
CLU_6417 3143309772251 60989 
CLU_6417 3143309812059 59069 
CLU_6417 3143305305063 61967 
CLU_6417 3143307781067 62874 
CLU_6417 3143305304997 62372 
CLU_6417 3143307831331 62666 
CLU_6417 3143300659134 61329 
CLU_6417 3143303180158 58775 
CLU_6417 3143307821506 58581 
CLU_6417 3143302150107 56399 
CLU_6417 3143309775978 58581 
CLU_6417 3143302219107 55262 
CLU_6417 3143302219352 58781 
CLU_6417 3143303180182 62424 
CLU_6417 3143302150050 63389 
CLU_6417 3143302150042 62934 
CLU_6417 3143302219085 63486 
CLU_6417 3143309812032 62729 
CLU_6417 3143302149915 64177 
CLU_6417 3143307299079 63722 
CLU_6417 3143302150018 65820 
CLU_6417 3143302218984 65169 
CLU_6417 3143306065295 65139 
CLU_6417 3143302219069 56910 
CLU_6417 3143306629296 65644 
CLU_6417 3143302149923 65455 
CLU_6417 3143306065341 66562 
CLU_6417 3143306329705 65112 
CLU_6417 3143306297943 72595 
CLU_6417 3143305212626 72595 
CLU_6417 3143307780621 59093 
CLU_6417 3143303180166 58581 
CLU_6417 3143302149893 63754 
CLU_6417 3143309251553 61030 
CLU_6417 3143302150026 60630 
CLU_6417 3143300550108 66245 
CLU_6417 3143303413578 79293 
CLU_6417 3143306329632 54666 
CLU_6417 3143305212588 66610 
CLU_6417 3143309812083 61769 
CLU_6417 3143306023282 60345 
CLU_6417 3143302218968 57685 
CLU_6417 3143309772227 62842 
CLU_6417 3143302203480 59524 
CLU_6417 3143302150085 63722 
CLU_6417 3143300211826 56031 
CLU_6417 3143302149931 58314 
CLU_6417 3143309352511 64080 
CLU_6417 3143309690905 61617 
CLU_6417 3143307608756 66557 
CLU_6417 3143306409911 66245 
CLU_6417 3143307780907 56388 
CLU_6417 3143309936424 61458 
CLU_6417 3143309812075 60647 
CLU_6417 3143303688100 60554 
CLU_6417 3143303180115 60989 
CLU_6417 3143305302854 62329 
CLU_6417 3143302219212 62523 
CLU_6417 3143302149958 56509 
CLU_6417 3143307951345 62921 
CLU_6417 3143302219077 60802 
CLU_6417 3143302219344 56910 
CLU_6417 3143307607660 56399 
CLU_6417 3143302150069 64775 
CLU_6417 3143307809131 65922 
CLU_6417 3143300186252 55559 
CLU_6417 3143307836619 62729 
CLU_6417 3143305212545 58880 
CLU_6417 3143302150077 66557 
CLU_6417 3143302150034 64468 
CLU_6417 3143305212529 39965 
CLU_6417 3143302219379 21937 
CLU_6417 3143305212618 39965 
CLU_6417 CLU_6117 38752 
CLU_6417 CLU_6298 67704 
CLU_6417 CLU_6301 80260 
CLU_6417 CLU_6312 57473 
CLU_6417 CLU_6320 57352 
CLU_6417 CLU_6326 60009 
CLU_6417 CLU_6362 59867 
CLU_6417 CLU_6374 56910 
CLU_6417 CLU_6383 67134 
CLU_6417 CLU_6385 63155 
CLU_6417 CLU_6399 58131 
CLU_6417 CLU_6409 37517 
CLU_6417 CLU_6411 46452 
CLU_6417 CLU_6413 21937 
CLU_6417 CLU_6416 39965 
CLU_6417 CLU_6417 0 
CLU_6418 3143309772235 27804 
CLU_6418 3143309772251 29118 
CLU_6418 3143309812059 27194 
CLU_6418 3143305305063 30112 
CLU_6418 3143307781067 30999 
CLU_6418 3143305304997 30490 
CLU_6418 3143307831331 30781 
CLU_6418 3143300659134 29457 
CLU_6418 3143303180158 26896 
CLU_6418 3143307821506 26696 
CLU_6418 3143302150107 24567 
CLU_6418 3143309775978 26696 
CLU_6418 3143302219107 23402 
CLU_6418 3143302219352 26930 
CLU_6418 3143303180182 30627 
CLU_6418 3143302150050 31577 
CLU_6418 3143302150042 31101 
CLU_6418 3143302219085 31657 
CLU_6418 3143309812032 30853 
CLU_6418 3143302149915 32302 
CLU_6418 3143307299079 31982 
CLU_6418 3143302150018 33996 
CLU_6418 3143302218984 33309 
CLU_6418 3143306065295 33257 
CLU_6418 3143302219069 25266 
CLU_6418 3143306629296 33794 
CLU_6418 3143302149923 33574 
CLU_6418 3143306065341 34684 
CLU_6418 3143306329705 33234 
CLU_6418 3143306297943 40735 
CLU_6418 3143305212626 40735 
CLU_6418 3143307780621 27227 
CLU_6418 3143303180166 26696 
CLU_6418 3143302149893 31897 
CLU_6418 3143309251553 29324 
CLU_6418 3143302150026 29073 
CLU_6418 3143300550108 34365 
CLU_6418 3143303413578 49093 
CLU_6418 3143306329632 22830 
CLU_6418 3143305212588 35734 
CLU_6418 3143309812083 29885 
CLU_6418 3143306023282 28519 
CLU_6418 3143302218968 25808 
CLU_6418 3143309772227 30957 
CLU_6418 3143302203480 27743 
CLU_6418 3143302150085 31982 
CLU_6418 3143300211826 24377 
CLU_6418 3143302149931 26560 
CLU_6418 3143309352511 32196 
CLU_6418 3143309690905 29982 
CLU_6418 3143307608756 34706 
CLU_6418 3143306409911 34365 
CLU_6418 3143307780907 24647 
CLU_6418 3143309936424 29897 
CLU_6418 3143309812075 28769 
CLU_6418 3143303688100 28695 
CLU_6418 3143303180115 29118 
CLU_6418 3143305302854 30499 
CLU_6418 3143302219212 30656 
CLU_6418 3143302149958 24643 
CLU_6418 3143307951345 31067 
CLU_6418 3143302219077 29146 
CLU_6418 3143302219344 25266 
CLU_6418 3143307607660 24567 
CLU_6418 3143302150069 32918 
CLU_6418 3143307809131 34069 
CLU_6418 3143300186252 23891 
CLU_6418 3143307836619 30853 
CLU_6418 3143305212545 27398 
CLU_6418 3143302150077 34706 
CLU_6418 3143302150034 32709 
CLU_6418 3143305212529 8666 
CLU_6418 3143302219379 14411 
CLU_6418 3143305212618 8666 
CLU_6418 CLU_6117 28096 
CLU_6418 CLU_6298 35830 
CLU_6418 CLU_6301 48398 
CLU_6418 CLU_6312 25765 
CLU_6418 CLU_6320 25752 
CLU_6418 CLU_6326 28754 
CLU_6418 CLU_6362 27983 
CLU_6418 CLU_6374 25266 
CLU_6418 CLU_6383 35249 
CLU_6418 CLU_6385 31313 
CLU_6418 CLU_6399 26567 
CLU_6418 CLU_6409 23989 
CLU_6418 CLU_6411 15768 
CLU_6418 CLU_6413 14411 
CLU_6418 CLU_6416 8666 
CLU_6418 CLU_6417 31885 
CLU_6419 3143309772235 22423 
CLU_6419 3143309772251 23833 
CLU_6419 3143309812059 22004 
CLU_6419 3143305305063 24670 
CLU_6419 3143307781067 25717 
CLU_6419 3143305304997 25325 
CLU_6419 3143307831331 25752 
CLU_6419 3143300659134 24746 
CLU_6419 3143303180158 22189 
CLU_6419 3143307821506 21818 
CLU_6419 3143302150107 20374 
CLU_6419 3143309775978 21818 
CLU_6419 3143302219107 18193 
CLU_6419 3143302219352 21540 
CLU_6419 3143303180182 24894 
CLU_6419 3143302150050 25893 
CLU_6419 3143302150042 25517 
CLU_6419 3143302219085 26045 
CLU_6419 3143309812032 26057 
CLU_6419 3143302149915 27468 
CLU_6419 3143307299079 26047 
CLU_6419 3143302150018 28326 
CLU_6419 3143302218984 27846 
CLU_6419 3143306065295 28304 
CLU_6419 3143302219069 19183 
CLU_6419 3143306629296 28259 
CLU_6419 3143302149923 28334 
CLU_6419 3143306065341 29368 
CLU_6419 3143306329705 28346 
CLU_6419 3143306297943 35874 
CLU_6419 3143305212626 35874 
CLU_6419 3143307780621 22649 
CLU_6419 3143303180166 21818 
CLU_6419 3143302149893 26438 
CLU_6419 3143309251553 23331 
CLU_6419 3143302150026 22767 
CLU_6419 3143300550108 29087 
CLU_6419 3143303413578 46841 
CLU_6419 3143306329632 17478 
CLU_6419 3143305212588 28653 
CLU_6419 3143309812083 24959 
CLU_6419 3143306023282 22946 
CLU_6419 3143302218968 21176 
CLU_6419 3143309772227 25885 
CLU_6419 3143302203480 22004 
CLU_6419 3143302150085 26047 
CLU_6419 3143300211826 18334 
CLU_6419 3143302149931 20750 
CLU_6419 3143309352511 27043 
CLU_6419 3143309690905 23819 
CLU_6419 3143307608756 29167 
CLU_6419 3143306409911 29087 
CLU_6419 3143307780907 18837 
CLU_6419 3143309936424 23591 
CLU_6419 3143309812075 23991 
CLU_6419 3143303688100 24127 
CLU_6419 3143303180115 23833 
CLU_6419 3143305302854 24912 
CLU_6419 3143302219212 25300 
CLU_6419 3143302149958 19434 
CLU_6419 3143307951345 26458 
CLU_6419 3143302219077 23037 
CLU_6419 3143302219344 19183 
CLU_6419 3143307607660 20374 
CLU_6419 3143302150069 27439 
CLU_6419 3143307809131 29390 
CLU_6419 3143300186252 17891 
CLU_6419 3143307836619 26057 
CLU_6419 3143305212545 20978 
CLU_6419 3143302150077 29167 
CLU_6419 3143302150034 26821 
CLU_6419 3143305212529 3162 
CLU_6419 3143302219379 22415 
CLU_6419 3143305212618 3162 
CLU_6419 CLU_6117 35014 
CLU_6419 CLU_6298 30936 
CLU_6419 CLU_6301 42786 
CLU_6419 CLU_6312 19836 
CLU_6419 CLU_6320 19565 
CLU_6419 CLU_6326 22017 
CLU_6419 CLU_6362 22947 
CLU_6419 CLU_6374 19183 
CLU_6419 CLU_6383 30087 
CLU_6419 CLU_6385 26785 
CLU_6419 CLU_6399 20298 
CLU_6419 CLU_6409 30763 
CLU_6419 CLU_6411 15424 
CLU_6419 CLU_6413 22415 
CLU_6419 CLU_6416 3162 
CLU_6419 CLU_6417 38002 
CLU_6420 3143309772235 24980 
CLU_6420 3143309772251 26355 
CLU_6420 3143309812059 24468 
CLU_6420 3143305305063 27271 
CLU_6420 3143307781067 28249 
CLU_6420 3143305304997 27801 
CLU_6420 3143307831331 28167 
CLU_6420 3143300659134 27005 
CLU_6420 3143303180158 24425 
CLU_6420 3143307821506 24132 
CLU_6420 3143302150107 22345 
CLU_6420 3143309775978 24132 
CLU_6420 3143302219107 20629 
CLU_6420 3143302219352 24095 
CLU_6420 3143303180182 27631 
CLU_6420 3143302150050 28613 
CLU_6420 3143302150042 28189 
CLU_6420 3143302219085 28732 
CLU_6420 3143309812032 28365 
CLU_6420 3143302149915 29802 
CLU_6420 3143307299079 28883 
CLU_6420 3143302150018 31051 
CLU_6420 3143302218984 30474 
CLU_6420 3143306065295 30698 
CLU_6420 3143302219069 22049 
CLU_6420 3143306629296 30921 
CLU_6420 3143302149923 30861 
CLU_6420 3143306065341 31935 
CLU_6420 3143306329705 30710 
CLU_6420 3143306297943 38259 
CLU_6420 3143305212626 38259 
CLU_6420 3143307780621 24827 
CLU_6420 3143303180166 24132 
CLU_6420 3143302149893 29056 
CLU_6420 3143309251553 26181 
CLU_6420 3143302150026 25758 
CLU_6420 3143300550108 31635 
CLU_6420 3143303413578 48076 
CLU_6420 3143306329632 19975 
CLU_6420 3143305212588 32008 
CLU_6420 3143309812083 27320 
CLU_6420 3143306023282 25597 
CLU_6420 3143302218968 23367 
CLU_6420 3143309772227 28321 
CLU_6420 3143302203480 24726 
CLU_6420 3143302150085 28883 
CLU_6420 3143300211826 21174 
CLU_6420 3143302149931 23498 
CLU_6420 3143309352511 29523 
CLU_6420 3143309690905 26749 
CLU_6420 3143307608756 31835 
CLU_6420 3143306409911 31635 
CLU_6420 3143307780907 21570 
CLU_6420 3143309936424 26586 
CLU_6420 3143309812075 26276 
CLU_6420 3143303688100 26314 
CLU_6420 3143303180115 26355 
CLU_6420 3143305302854 27582 
CLU_6420 3143302219212 27864 
CLU_6420 3143302149958 21884 
CLU_6420 3143307951345 28681 
CLU_6420 3143302219077 25939 
CLU_6420 3143302219344 22049 
CLU_6420 3143307607660 22345 
CLU_6420 3143302150069 30072 
CLU_6420 3143307809131 31663 
CLU_6420 3143300186252 20707 
CLU_6420 3143307836619 28365 
CLU_6420 3143305212545 24013 
CLU_6420 3143302150077 31835 
CLU_6420 3143302150034 29639 
CLU_6420 3143305212529 5106 
CLU_6420 3143302219379 18715 
CLU_6420 3143305212618 5106 
CLU_6420 CLU_6117 31985 
CLU_6420 CLU_6298 33316 
CLU_6420 CLU_6301 45527 
CLU_6420 CLU_6312 22633 
CLU_6420 CLU_6320 22483 
CLU_6420 CLU_6326 25203 
CLU_6420 CLU_6362 25345 
CLU_6420 CLU_6374 22049 
CLU_6420 CLU_6383 32586 
CLU_6420 CLU_6385 28973 
CLU_6420 CLU_6399 23259 
CLU_6420 CLU_6409 27791 
CLU_6420 CLU_6411 15432 
CLU_6420 CLU_6413 18715 
CLU_6420 CLU_6416 5106 
CLU_6420 CLU_6417 34871 
CLU_6421 3143309772235 2496 
CLU_6421 3143309772251 1139 
CLU_6421 3143309812059 3070 
CLU_6421 3143305305063 517 
CLU_6421 3143307781067 816 
CLU_6421 3143305304997 840 
CLU_6421 3143307831331 1541 
CLU_6421 3143300659134 2743 
CLU_6421 3143303180158 4008 
CLU_6421 3143307821506 3849 
CLU_6421 3143302150107 6754 
CLU_6421 3143309775978 3849 
CLU_6421 3143302219107 6863 
CLU_6421 3143302219352 3381 
CLU_6421 3143303180182 1870 
CLU_6421 3143302150050 2015 
CLU_6421 3143302150042 1363 
CLU_6421 3143302219085 1819 
CLU_6421 3143309812032 2555 
CLU_6421 3143302149915 3259 
CLU_6421 3143307299079 3253 
CLU_6421 3143302150018 3953 
CLU_6421 3143302218984 3069 
CLU_6421 3143306065295 3678 
CLU_6421 3143302219069 6287 
CLU_6421 3143306629296 3591 
CLU_6421 3143302149923 3418 
CLU_6421 3143306065341 4465 
CLU_6421 3143306329705 3839 
CLU_6421 3143306297943 11047 
CLU_6421 3143305212626 11047 
CLU_6421 3143307780621 4100 
CLU_6421 3143303180166 3849 
CLU_6421 3143302149893 1692 
CLU_6421 3143309251553 3314 
CLU_6421 3143302150026 4922 
CLU_6421 3143300550108 4172 
CLU_6421 3143303413578 25887 
CLU_6421 3143306329632 7494 
CLU_6421 3143305212588 11254 
CLU_6421 3143309812083 1811 
CLU_6421 3143306023282 2141 
CLU_6421 3143302218968 4995 
CLU_6421 3143309772227 1462 
CLU_6421 3143302203480 3262 
CLU_6421 3143302150085 3253 
CLU_6421 3143300211826 6945 
CLU_6421 3143302149931 4461 
CLU_6421 3143309352511 2217 
CLU_6421 3143309690905 4024 
CLU_6421 3143307608756 4486 
CLU_6421 3143306409911 4172 
CLU_6421 3143307780907 6208 
CLU_6421 3143309936424 4776 
CLU_6421 3143309812075 2681 
CLU_6421 3143303688100 3455 
CLU_6421 3143303180115 1139 
CLU_6421 3143305302854 1162 
CLU_6421 3143302219212 404 
CLU_6421 3143302149958 5613 
CLU_6421 3143307951345 3427 
CLU_6421 3143302219077 3924 
CLU_6421 3143302219344 6287 
CLU_6421 3143307607660 6754 
CLU_6421 3143302150069 2695 
CLU_6421 3143307809131 5173 
CLU_6421 3143300186252 7284 
CLU_6421 3143307836619 2555 
CLU_6421 3143305212545 6099 
CLU_6421 3143302150077 4486 
CLU_6421 3143302150034 3489 
CLU_6421 3143305212529 22393 
CLU_6421 3143302219379 43025 
CLU_6421 3143305212618 22393 
CLU_6421 CLU_6117 45506 
CLU_6421 CLU_6298 6210 
CLU_6421 CLU_6301 18144 
CLU_6421 CLU_6312 5454 
CLU_6421 CLU_6320 6217 
CLU_6421 CLU_6326 7294 
CLU_6421 CLU_6362 2492 
CLU_6421 CLU_6374 6287 
CLU_6421 CLU_6383 5180 
CLU_6421 CLU_6385 3866 
CLU_6421 CLU_6399 5935 
CLU_6421 CLU_6409 41625 
CLU_6421 CLU_6411 18394 
CLU_6421 CLU_6413 43025 
CLU_6421 CLU_6416 22393 
CLU_6421 CLU_6417 62122 
CLU_6422 3143309772235 2881 
CLU_6422 3143309772251 1481 
CLU_6422 3143309812059 3167 
CLU_6422 3143305305063 1548 
CLU_6422 3143307781067 1022 
CLU_6422 3143305304997 323 
CLU_6422 3143307831331 641 
CLU_6422 3143300659134 1794 
CLU_6422 3143303180158 3588 
CLU_6422 3143307821506 3613 
CLU_6422 3143302150107 6318 
CLU_6422 3143309775978 3613 
CLU_6422 3143302219107 6997 
CLU_6422 3143302219352 3711 
CLU_6422 3143303180182 2904 
CLU_6422 3143302150050 2895 
CLU_6422 3143302150042 2282 
CLU_6422 3143302219085 2620 
CLU_6422 3143309812032 1542 
CLU_6422 3143302149915 2495 
CLU_6422 3143307299079 4192 
CLU_6422 3143302150018 4417 
CLU_6422 3143302218984 3335 
CLU_6422 3143306065295 3153 
CLU_6422 3143302219069 6925 
CLU_6422 3143306629296 3911 
CLU_6422 3143302149923 3309 
CLU_6422 3143306065341 4443 
CLU_6422 3143306329705 3241 
CLU_6422 3143306297943 10705 
CLU_6422 3143305212626 10705 
CLU_6422 3143307780621 3529 
CLU_6422 3143303180166 3613 
CLU_6422 3143302149893 2192 
CLU_6422 3143309251553 4315 
CLU_6422 3143302150026 5924 
CLU_6422 3143300550108 4108 
CLU_6422 3143303413578 25002 
CLU_6422 3143306329632 7693 
CLU_6422 3143305212588 12239 
CLU_6422 3143309812083 833 
CLU_6422 3143306023282 2870 
CLU_6422 3143302218968 4657 
CLU_6422 3143309772227 717 
CLU_6422 3143302203480 3990 
CLU_6422 3143302150085 4192 
CLU_6422 3143300211826 7504 
CLU_6422 3143302149931 5091 
CLU_6422 3143309352511 1919 
CLU_6422 3143309690905 5062 
CLU_6422 3143307608756 4735 
CLU_6422 3143306409911 4108 
CLU_6422 3143307780907 6686 
CLU_6422 3143309936424 5811 
CLU_6422 3143309812075 1936 
CLU_6422 3143303688100 2603 
CLU_6422 3143303180115 1481 
CLU_6422 3143305302854 2196 
CLU_6422 3143302219212 1158 
CLU_6422 3143302149958 5745 
CLU_6422 3143307951345 2406 
CLU_6422 3143302219077 4920 
CLU_6422 3143302219344 6925 
CLU_6422 3143307607660 6318 
CLU_6422 3143302150069 3036 
CLU_6422 3143307809131 4481 
CLU_6422 3143300186252 7796 
CLU_6422 3143307836619 1542 
CLU_6422 3143305212545 6999 
CLU_6422 3143302150077 4735 
CLU_6422 3143302150034 4315 
CLU_6422 3143305212529 22567 
CLU_6422 3143302219379 42849 
CLU_6422 3143305212618 22567 
CLU_6422 CLU_6117 44888 
CLU_6422 CLU_6298 5779 
CLU_6422 CLU_6301 18178 
CLU_6422 CLU_6312 6070 
CLU_6422 CLU_6320 6930 
CLU_6422 CLU_6326 8292 
CLU_6422 CLU_6362 2294 
CLU_6422 CLU_6374 6925 
CLU_6422 CLU_6383 4978 
CLU_6422 CLU_6385 2853 
CLU_6422 CLU_6399 6740 
CLU_6422 CLU_6409 41044 
CLU_6422 CLU_6411 17974 
CLU_6422 CLU_6413 42849 
CLU_6422 CLU_6416 22567 
CLU_6422 CLU_6417 62160 
CLU_6423 3143309772235 2986 
CLU_6423 3143309772251 1907 
CLU_6423 3143309812059 2916 
CLU_6423 3143305305063 2513 
CLU_6423 3143307781067 2165 
CLU_6423 3143305304997 1471 
CLU_6423 3143307831331 1287 
CLU_6423 3143300659134 668 
CLU_6423 3143303180158 2742 
CLU_6423 3143307821506 2953 
CLU_6423 3143302150107 5375 
CLU_6423 3143309775978 2953 
CLU_6423 3143302219107 6571 
CLU_6423 3143302219352 3658 
CLU_6423 3143303180182 3931 
CLU_6423 3143302150050 4028 
CLU_6423 3143302150042 3399 
CLU_6423 3143302219085 3765 
CLU_6423 3143309812032 1314 
CLU_6423 3143302149915 2720 
CLU_6423 3143307299079 5310 
CLU_6423 3143302150018 5513 
CLU_6423 3143302218984 4380 
CLU_6423 3143306065295 3635 
CLU_6423 3143302219069 7085 
CLU_6423 3143306629296 4964 
CLU_6423 3143302149923 4152 
CLU_6423 3143306065341 5298 
CLU_6423 3143306329705 3626 
CLU_6423 3143306297943 11173 
CLU_6423 3143305212626 11173 
CLU_6423 3143307780621 2545 
CLU_6423 3143303180166 2953 
CLU_6423 3143302149893 3328 
CLU_6423 3143309251553 5098 
CLU_6423 3143302150026 6680 
CLU_6423 3143300550108 4946 
CLU_6423 3143303413578 24644 
CLU_6423 3143306329632 7320 
CLU_6423 3143305212588 13330 
CLU_6423 3143309812083 337 
CLU_6423 3143306023282 3347 
CLU_6423 3143302218968 3837 
CLU_6423 3143309772227 1522 
CLU_6423 3143302203480 4375 
CLU_6423 3143302150085 5310 
CLU_6423 3143300211826 7550 
CLU_6423 3143302149931 5299 
CLU_6423 3143309352511 2753 
CLU_6423 3143309690905 5945 
CLU_6423 3143307608756 5741 
CLU_6423 3143306409911 4946 
CLU_6423 3143307780907 6654 
CLU_6423 3143309936424 6675 
CLU_6423 3143309812075 898 
CLU_6423 3143303688100 1458 
CLU_6423 3143303180115 1907 
CLU_6423 3143305302854 3230 
CLU_6423 3143302219212 2280 
CLU_6423 3143302149958 5355 
CLU_6423 3143307951345 1938 
CLU_6423 3143302219077 5680 
CLU_6423 3143302219344 7085 
CLU_6423 3143307607660 5375 
CLU_6423 3143302150069 4116 
CLU_6423 3143307809131 4650 
CLU_6423 3143300186252 7779 
CLU_6423 3143307836619 1314 
CLU_6423 3143305212545 7538 
CLU_6423 3143302150077 5741 
CLU_6423 3143302150034 5461 
CLU_6423 3143305212529 22070 
CLU_6423 3143302219379 42018 
CLU_6423 3143305212618 22070 
CLU_6423 CLU_6117 43787 
CLU_6423 CLU_6298 6232 
CLU_6423 CLU_6301 18957 
CLU_6423 CLU_6312 6225 
CLU_6423 CLU_6320 7189 
CLU_6423 CLU_6326 9015 
CLU_6423 CLU_6362 1863 
CLU_6423 CLU_6374 7085 
CLU_6423 CLU_6383 5679 
CLU_6423 CLU_6385 2376 
CLU_6423 CLU_6399 7133 
CLU_6423 CLU_6409 39959 
CLU_6423 CLU_6411 16988 
CLU_6423 CLU_6413 42018 
CLU_6423 CLU_6416 22070 
CLU_6423 CLU_6417 61504 
CLU_6424 3143309772235 839 
CLU_6424 3143309772251 2002 
CLU_6424 3143309812059 231 
CLU_6424 3143305305063 3036 
CLU_6424 3143307781067 3892 
CLU_6424 3143305304997 3451 
CLU_6424 3143307831331 3901 
CLU_6424 3143300659134 3392 
CLU_6424 3143303180158 2056 
CLU_6424 3143307821506 1426 
CLU_6424 3143302150107 4268 
CLU_6424 3143309775978 1426 
CLU_6424 3143302219107 3735 
CLU_6424 3143302219352 642 
CLU_6424 3143303180182 3929 
CLU_6424 3143302150050 4695 
CLU_6424 3143302150042 4117 
CLU_6424 3143302219085 4677 
CLU_6424 3143309812032 4398 
CLU_6424 3143302149915 5700 
CLU_6424 3143307299079 5535 
CLU_6424 3143302150018 6989 
CLU_6424 3143302218984 6199 
CLU_6424 3143306065295 6451 
CLU_6424 3143302219069 4094 
CLU_6424 3143306629296 6704 
CLU_6424 3143302149923 6499 
CLU_6424 3143306065341 7583 
CLU_6424 3143306329705 6520 
CLU_6424 3143306297943 14005 
CLU_6424 3143305212626 14005 
CLU_6424 3143307780621 2591 
CLU_6424 3143303180166 1426 
CLU_6424 3143302149893 4797 
CLU_6424 3143309251553 3758 
CLU_6424 3143302150026 4956 
CLU_6424 3143300550108 7276 
CLU_6424 3143303413578 27644 
CLU_6424 3143306329632 4401 
CLU_6424 3143305212588 12707 
CLU_6424 3143309812083 3221 
CLU_6424 3143306023282 1857 
CLU_6424 3143302218968 2498 
CLU_6424 3143309772227 4018 
CLU_6424 3143302203480 2096 
CLU_6424 3143302150085 5535 
CLU_6424 3143300211826 4470 
CLU_6424 3143302149931 2461 
CLU_6424 3143309352511 5172 
CLU_6424 3143309690905 4784 
CLU_6424 3143307608756 7609 
CLU_6424 3143306409911 7276 
CLU_6424 3143307780907 3552 
CLU_6424 3143309936424 5323 
CLU_6424 3143309812075 2658 
CLU_6424 3143303688100 3292 
CLU_6424 3143303180115 2002 
CLU_6424 3143305302854 3558 
CLU_6424 3143302219212 3539 
CLU_6424 3143302149958 2482 
CLU_6424 3143307951345 5033 
CLU_6424 3143302219077 4127 
CLU_6424 3143302219344 4094 
CLU_6424 3143307607660 4268 
CLU_6424 3143302150069 5816 
CLU_6424 3143307809131 7685 
CLU_6424 3143300186252 4675 
CLU_6424 3143307836619 4398 
CLU_6424 3143305212545 5139 
CLU_6424 3143302150077 7609 
CLU_6424 3143302150034 6077 
CLU_6424 3143305212529 19296 
CLU_6424 3143302219379 39940 
CLU_6424 3143305212618 19296 
CLU_6424 CLU_6117 43027 
CLU_6424 CLU_6298 9080 
CLU_6424 CLU_6301 21281 
CLU_6424 CLU_6312 3255 
CLU_6424 CLU_6320 4309 
CLU_6424 CLU_6326 6983 
CLU_6424 CLU_6362 1278 
CLU_6424 CLU_6374 4094 
CLU_6424 CLU_6383 8229 
CLU_6424 CLU_6385 5457 
CLU_6424 CLU_6399 4466 
CLU_6424 CLU_6409 39067 
CLU_6424 CLU_6411 15605 
CLU_6424 CLU_6413 39940 
CLU_6424 CLU_6416 19296 
CLU_6424 CLU_6417 58987 
CLU_6425 3143309772235 1904 
CLU_6425 3143309772251 923 
CLU_6425 3143309812059 2650 
CLU_6425 3143305305063 428 
CLU_6425 3143307781067 1614 
CLU_6425 3143305304997 1628 
CLU_6425 3143307831331 2330 
CLU_6425 3143300659134 3227 
CLU_6425 3143303180158 3936 
CLU_6425 3143307821506 3637 
CLU_6425 3143302150107 6619 
CLU_6425 3143309775978 3637 
CLU_6425 3143302219107 6305 
CLU_6425 3143302219352 2774 
CLU_6425 3143303180182 1503 
CLU_6425 3143302150050 2063 
CLU_6425 3143302150042 1459 
CLU_6425 3143302219085 2017 
CLU_6425 3143309812032 3298 
CLU_6425 3143302149915 4089 
CLU_6425 3143307299079 3090 
CLU_6425 3143302150018 4333 
CLU_6425 3143302218984 3623 
CLU_6425 3143306065295 4499 
CLU_6425 3143302219069 5484 
CLU_6425 3143306629296 4089 
CLU_6425 3143302149923 4138 
CLU_6425 3143306065341 5127 
CLU_6425 3143306329705 4666 
CLU_6425 3143306297943 11798 
CLU_6425 3143305212626 11798 
CLU_6425 3143307780621 4153 
CLU_6425 3143303180166 3637 
CLU_6425 3143302149893 2205 
CLU_6425 3143309251553 2565 
CLU_6425 3143302150026 4171 
CLU_6425 3143300550108 4858 
CLU_6425 3143303413578 26707 
CLU_6425 3143306329632 6890 
CLU_6425 3143305212588 10889 
CLU_6425 3143309812083 2385 
CLU_6425 3143306023282 1345 
CLU_6425 3143302218968 4817 
CLU_6425 3143309772227 2278 
CLU_6425 3143302203480 2448 
CLU_6425 3143302150085 3090 
CLU_6425 3143300211826 6167 
CLU_6425 3143302149931 3670 
CLU_6425 3143309352511 3019 
CLU_6425 3143309690905 3368 
CLU_6425 3143307608756 5002 
CLU_6425 3143306409911 4858 
CLU_6425 3143307780907 5467 
CLU_6425 3143309936424 4103 
CLU_6425 3143309812075 2972 
CLU_6425 3143303688100 3800 
CLU_6425 3143303180115 923 
CLU_6425 3143305302854 937 
CLU_6425 3143302219212 1117 
CLU_6425 3143302149958 5075 
CLU_6425 3143307951345 4161 
CLU_6425 3143302219077 3167 
CLU_6425 3143302219344 5484 
CLU_6425 3143307607660 6619 
CLU_6425 3143302150069 3223 
CLU_6425 3143307809131 6005 
CLU_6425 3143300186252 6523 
CLU_6425 3143307836619 3298 
CLU_6425 3143305212545 5277 
CLU_6425 3143302150077 5002 
CLU_6425 3143302150034 3505 
CLU_6425 3143305212529 21762 
CLU_6425 3143302219379 42598 
CLU_6425 3143305212618 21762 
CLU_6425 CLU_6117 45444 
CLU_6425 CLU_6298 7000 
CLU_6425 CLU_6301 18705 
CLU_6425 CLU_6312 4662 
CLU_6425 CLU_6320 5395 
CLU_6425 CLU_6326 6537 
CLU_6425 CLU_6362 2362 
CLU_6425 CLU_6374 5484 
CLU_6425 CLU_6383 5906 
CLU_6425 CLU_6385 4609 
CLU_6425 CLU_6399 5102 
CLU_6425 CLU_6409 41528 
CLU_6425 CLU_6411 18175 
CLU_6425 CLU_6413 42598 
CLU_6425 CLU_6416 21762 
CLU_6425 CLU_6417 61555 
CLU_6426 3143309772235 3036 
CLU_6426 3143309772251 1617 
CLU_6426 3143309812059 3510 
CLU_6426 3143305305063 1113 
CLU_6426 3143307781067 318 
CLU_6426 3143305304997 422 
CLU_6426 3143307831331 1014 
CLU_6426 3143300659134 2533 
CLU_6426 3143303180158 4204 
CLU_6426 3143307821506 4144 
CLU_6426 3143302150107 6952 
CLU_6426 3143309775978 4144 
CLU_6426 3143302219107 7340 
CLU_6426 3143302219352 3912 
CLU_6426 3143303180182 2293 
CLU_6426 3143302150050 2169 
CLU_6426 3143302150042 1578 
CLU_6426 3143302219085 1882 
CLU_6426 3143309812032 2059 
CLU_6426 3143302149915 2637 
CLU_6426 3143307299079 3477 
CLU_6426 3143302150018 3733 
CLU_6426 3143302218984 2716 
CLU_6426 3143306065295 3055 
CLU_6426 3143302219069 6906 
CLU_6426 3143306629296 3276 
CLU_6426 3143302149923 2894 
CLU_6426 3143306065341 3983 
CLU_6426 3143306329705 3210 
CLU_6426 3143306297943 10473 
CLU_6426 3143305212626 10473 
CLU_6426 3143307780621 4203 
CLU_6426 3143303180166 4144 
CLU_6426 3143302149893 1474 
CLU_6426 3143309251553 3893 
CLU_6426 3143302150026 5494 
CLU_6426 3143300550108 3672 
CLU_6426 3143303413578 25273 
CLU_6426 3143306329632 7998 
CLU_6426 3143305212588 11535 
CLU_6426 3143309812083 1573 
CLU_6426 3143306023282 2763 
CLU_6426 3143302218968 5243 
CLU_6426 3143309772227 881 
CLU_6426 3143302203480 3888 
CLU_6426 3143302150085 3477 
CLU_6426 3143300211826 7551 
CLU_6426 3143302149931 5076 
CLU_6426 3143309352511 1618 
CLU_6426 3143309690905 4543 
CLU_6426 3143307608756 4136 
CLU_6426 3143306409911 3672 
CLU_6426 3143307780907 6795 
CLU_6426 3143309936424 5299 
CLU_6426 3143309812075 2651 
CLU_6426 3143303688100 3343 
CLU_6426 3143303180115 1617 
CLU_6426 3143305302854 1603 
CLU_6426 3143302219212 492 
CLU_6426 3143302149958 6086 
CLU_6426 3143307951345 2927 
CLU_6426 3143302219077 4504 
CLU_6426 3143302219344 6906 
CLU_6426 3143307607660 6952 
CLU_6426 3143302150069 2382 
CLU_6426 3143307809131 4543 
CLU_6426 3143300186252 7881 
CLU_6426 3143307836619 2059 
CLU_6426 3143305212545 6718 
CLU_6426 3143302150077 4136 
CLU_6426 3143302150034 3575 
CLU_6426 3143305212529 22898 
CLU_6426 3143302219379 43382 
CLU_6426 3143305212618 22898 
CLU_6426 CLU_6117 45595 
CLU_6426 CLU_6298 5609 
CLU_6426 CLU_6301 17709 
CLU_6426 CLU_6312 6069 
CLU_6426 CLU_6320 6844 
CLU_6426 CLU_6326 7865 
CLU_6426 CLU_6362 2785 
CLU_6426 CLU_6374 6906 
CLU_6426 CLU_6383 4636 
CLU_6426 CLU_6385 3351 
CLU_6426 CLU_6399 6565 
CLU_6426 CLU_6409 41741 
CLU_6426 CLU_6411 18612 
CLU_6426 CLU_6413 43382 
CLU_6426 CLU_6416 22898 
CLU_6426 CLU_6417 62578 
CLU_6427 3143309772235 3438 
CLU_6427 3143309772251 2009 
CLU_6427 3143309812059 3792 
CLU_6427 3143305305063 1707 
CLU_6427 3143307781067 680 
CLU_6427 3143305304997 473 
CLU_6427 3143307831331 477 
CLU_6427 3143300659134 2220 
CLU_6427 3143303180158 4223 
CLU_6427 3143307821506 4263 
CLU_6427 3143302150107 6940 
CLU_6427 3143309775978 4263 
CLU_6427 3143302219107 7628 
CLU_6427 3143302219352 4291 
CLU_6427 3143303180182 2874 
CLU_6427 3143302150050 2641 
CLU_6427 3143302150042 2102 
CLU_6427 3143302219085 2314 
CLU_6427 3143309812032 1502 
CLU_6427 3143302149915 2058 
CLU_6427 3143307299079 3958 
CLU_6427 3143302150018 3867 
CLU_6427 3143302218984 2738 
CLU_6427 3143306065295 2578 
CLU_6427 3143302219069 7408 
CLU_6427 3143306629296 3321 
CLU_6427 3143302149923 2659 
CLU_6427 3143306065341 3794 
CLU_6427 3143306329705 2699 
CLU_6427 3143306297943 10093 
CLU_6427 3143305212626 10093 
CLU_6427 3143307780621 4133 
CLU_6427 3143303180166 4263 
CLU_6427 3143302149893 1735 
CLU_6427 3143309251553 4494 
CLU_6427 3143302150026 6096 
CLU_6427 3143300550108 3458 
CLU_6427 3143303413578 24682 
CLU_6427 3143306329632 8316 
CLU_6427 3143305212588 12017 
CLU_6427 3143309812083 1310 
CLU_6427 3143306023282 3287 
CLU_6427 3143302218968 5298 
CLU_6427 3143309772227 286 
CLU_6427 3143302203480 4416 
CLU_6427 3143302150085 3958 
CLU_6427 3143300211826 8024 
CLU_6427 3143302149931 5573 
CLU_6427 3143309352511 1272 
CLU_6427 3143309690905 5140 
CLU_6427 3143307608756 4120 
CLU_6427 3143306409911 3458 
CLU_6427 3143307780907 7235 
CLU_6427 3143309936424 5896 
CLU_6427 3143309812075 2507 
CLU_6427 3143303688100 3092 
CLU_6427 3143303180115 2009 
CLU_6427 3143305302854 2195 
CLU_6427 3143302219212 1085 
CLU_6427 3143302149958 6375 
CLU_6427 3143307951345 2356 
CLU_6427 3143302219077 5106 
CLU_6427 3143302219344 7408 
CLU_6427 3143307607660 6940 
CLU_6427 3143302150069 2469 
CLU_6427 3143307809131 3999 
CLU_6427 3143300186252 8335 
CLU_6427 3143307836619 1502 
CLU_6427 3143305212545 7304 
CLU_6427 3143302150077 4120 
CLU_6427 3143302150034 3969 
CLU_6427 3143305212529 23199 
CLU_6427 3143302219379 43495 
CLU_6427 3143305212618 23199 
CLU_6427 CLU_6117 45434 
CLU_6427 CLU_6298 5184 
CLU_6427 CLU_6301 17528 
CLU_6427 CLU_6312 6562 
CLU_6427 CLU_6320 7373 
CLU_6427 CLU_6326 8468 
CLU_6427 CLU_6362 2942 
CLU_6427 CLU_6374 7408 
CLU_6427 CLU_6383 4335 
CLU_6427 CLU_6385 2769 
CLU_6427 CLU_6399 7124 
CLU_6427 CLU_6409 41605 
CLU_6427 CLU_6411 18588 
CLU_6427 CLU_6413 43495 
CLU_6427 CLU_6416 23199 
CLU_6427 CLU_6417 62808 
CLU_6428 3143309772235 3163 
CLU_6428 3143309772251 3779 
CLU_6428 3143309812059 2234 
CLU_6428 3143305305063 4934 
CLU_6428 3143307781067 5391 
CLU_6428 3143305304997 4757 
CLU_6428 3143307831331 4894 
CLU_6428 3143300659134 3493 
CLU_6428 3143303180158 927 
CLU_6428 3143307821506 1028 
CLU_6428 3143302150107 1962 
CLU_6428 3143309775978 1028 
CLU_6428 3143302219107 3458 
CLU_6428 3143302219352 2840 
CLU_6428 3143303180182 6097 
CLU_6428 3143302150050 6706 
CLU_6428 3143302150042 6070 
CLU_6428 3143302219085 6599 
CLU_6428 3143309812032 4881 
CLU_6428 3143302149915 6330 
CLU_6428 3143307299079 7717 
CLU_6428 3143302150018 8771 
CLU_6428 3143302218984 7787 
CLU_6428 3143306065295 7294 
CLU_6428 3143302219069 5619 
CLU_6428 3143306629296 8348 
CLU_6428 3143302149923 7767 
CLU_6428 3143306065341 8910 
CLU_6428 3143306329705 7263 
CLU_6428 3143306297943 14778 
CLU_6428 3143305212626 14778 
CLU_6428 3143307780621 1333 
CLU_6428 3143303180166 1028 
CLU_6428 3143302149893 6495 
CLU_6428 3143309251553 6132 
CLU_6428 3143302150026 7293 
CLU_6428 3143300550108 8566 
CLU_6428 3143303413578 26863 
CLU_6428 3143306329632 4264 
CLU_6428 3143305212588 15081 
CLU_6428 3143309812083 3955 
CLU_6428 3143306023282 4188 
CLU_6428 3143302218968 171 
CLU_6428 3143309772227 5098 
CLU_6428 3143302203480 4429 
CLU_6428 3143302150085 7717 
CLU_6428 3143300211826 5651 
CLU_6428 3143302149931 4440 
CLU_6428 3143309352511 6359 
CLU_6428 3143309690905 7158 
CLU_6428 3143307608756 9203 
CLU_6428 3143306409911 8566 
CLU_6428 3143307780907 4669 
CLU_6428 3143309936424 7693 
CLU_6428 3143309812075 2798 
CLU_6428 3143303688100 2808 
CLU_6428 3143303180115 3779 
CLU_6428 3143305302854 5595 
CLU_6428 3143302219212 5210 
CLU_6428 3143302149958 2558 
CLU_6428 3143307951345 5161 
CLU_6428 3143302219077 6496 
CLU_6428 3143302219344 5619 
CLU_6428 3143307607660 1962 
CLU_6428 3143302150069 7453 
CLU_6428 3143307809131 8144 
CLU_6428 3143300186252 5655 
CLU_6428 3143307836619 4881 
CLU_6428 3143305212545 7242 
CLU_6428 3143302150077 9203 
CLU_6428 3143302150034 8163 
CLU_6428 3143305212529 18550 
CLU_6428 3143302219379 38375 
CLU_6428 3143305212618 18550 
CLU_6428 CLU_6117 40793 
CLU_6428 CLU_6298 9859 
CLU_6428 CLU_6301 22616 
CLU_6428 CLU_6312 4925 
CLU_6428 CLU_6320 6023 
CLU_6428 CLU_6326 9196 
CLU_6428 CLU_6362 2337 
CLU_6428 CLU_6374 5619 
CLU_6428 CLU_6383 9345 
CLU_6428 CLU_6385 5470 
CLU_6428 CLU_6399 6414 
CLU_6428 CLU_6409 36870 
CLU_6428 CLU_6411 13566 
CLU_6428 CLU_6413 38375 
CLU_6428 CLU_6416 18550 
CLU_6428 CLU_6417 57849 
CLU_6429 3143309772235 887 
CLU_6429 3143309772251 1583 
CLU_6429 3143309812059 1812 
CLU_6429 3143305305063 1997 
CLU_6429 3143307781067 3162 
CLU_6429 3143305304997 3019 
CLU_6429 3143307831331 3668 
CLU_6429 3143300659134 3967 
CLU_6429 3143303180158 3586 
CLU_6429 3143307821506 3051 
CLU_6429 3143302150107 5957 
CLU_6429 3143309775978 3051 
CLU_6429 3143302219107 4929 
CLU_6429 3143302219352 1472 
CLU_6429 3143303180182 2404 
CLU_6429 3143302150050 3306 
CLU_6429 3143302150042 2836 
CLU_6429 3143302219085 3386 
CLU_6429 3143309812032 4493 
CLU_6429 3143302149915 5508 
CLU_6429 3143307299079 3949 
CLU_6429 3143302150018 5721 
CLU_6429 3143302218984 5141 
CLU_6429 3143306065295 6021 
CLU_6429 3143302219069 3940 
CLU_6429 3143306629296 5569 
CLU_6429 3143302149923 5708 
CLU_6429 3143306065341 6683 
CLU_6429 3143306329705 6167 
CLU_6429 3143306297943 13368 
CLU_6429 3143305212626 13368 
CLU_6429 3143307780621 4013 
CLU_6429 3143303180166 3051 
CLU_6429 3143302149893 3734 
CLU_6429 3143309251553 2108 
CLU_6429 3143302150026 3473 
CLU_6429 3143300550108 6422 
CLU_6429 3143303413578 28004 
CLU_6429 3143306329632 5446 
CLU_6429 3143305212588 11040 
CLU_6429 3143309812083 3381 
CLU_6429 3143306023282 244 
CLU_6429 3143302218968 4177 
CLU_6429 3143309772227 3681 
CLU_6429 3143302203480 960 
CLU_6429 3143302150085 3949 
CLU_6429 3143300211826 4600 
CLU_6429 3143302149931 2111 
CLU_6429 3143309352511 4567 
CLU_6429 3143309690905 3128 
CLU_6429 3143307608756 6482 
CLU_6429 3143306409911 6422 
CLU_6429 3143307780907 3901 
CLU_6429 3143309936424 3719 
CLU_6429 3143309812075 3428 
CLU_6429 3143303688100 4233 
CLU_6429 3143303180115 1583 
CLU_6429 3143305302854 2230 
CLU_6429 3143302219212 2681 
CLU_6429 3143302149958 3756 
CLU_6429 3143307951345 5296 
CLU_6429 3143302219077 2550 
CLU_6429 3143302219344 3940 
CLU_6429 3143307607660 5957 
CLU_6429 3143302150069 4734 
CLU_6429 3143307809131 7473 
CLU_6429 3143300186252 4952 
CLU_6429 3143307836619 4493 
CLU_6429 3143305212545 4102 
CLU_6429 3143302150077 6482 
CLU_6429 3143302150034 4563 
CLU_6429 3143305212529 20257 
CLU_6429 3143302219379 41309 
CLU_6429 3143305212618 20257 
CLU_6429 CLU_6117 44698 
CLU_6429 CLU_6298 8558 
CLU_6429 CLU_6301 20177 
CLU_6429 CLU_6312 3104 
CLU_6429 CLU_6320 3903 
CLU_6429 CLU_6326 5693 
CLU_6429 CLU_6362 2229 
CLU_6429 CLU_6374 3940 
CLU_6429 CLU_6383 7476 
CLU_6429 CLU_6385 5749 
CLU_6429 CLU_6399 3726 
CLU_6429 CLU_6409 40727 
CLU_6429 CLU_6411 17222 
CLU_6429 CLU_6413 41309 
CLU_6429 CLU_6416 20257 
CLU_6429 CLU_6417 60100 
CLU_6430 3143309772235 1640 
CLU_6430 3143309772251 1933 
CLU_6430 3143309812059 2570 
CLU_6430 3143305305063 1883 
CLU_6430 3143307781067 3103 
CLU_6430 3143305304997 3131 
CLU_6430 3143307831331 3824 
CLU_6430 3143300659134 4427 
CLU_6430 3143303180158 4317 
CLU_6430 3143307821506 3803 
CLU_6430 3143302150107 6717 
CLU_6430 3143309775978 3803 
CLU_6430 3143302219107 5543 
CLU_6430 3143302219352 2191 
CLU_6430 3143303180182 1825 
CLU_6430 3143302150050 2802 
CLU_6430 3143302150042 2441 
CLU_6430 3143302219085 2951 
CLU_6430 3143309812032 4749 
CLU_6430 3143302149915 5603 
CLU_6430 3143307299079 3276 
CLU_6430 3143302150018 5241 
CLU_6430 3143302218984 4798 
CLU_6430 3143306065295 5990 
CLU_6430 3143302219069 4088 
CLU_6430 3143306629296 5171 
CLU_6430 3143302149923 5500 
CLU_6430 3143306065341 6397 
CLU_6430 3143306329705 6168 
CLU_6430 3143306297943 13157 
CLU_6430 3143305212626 13157 
CLU_6430 3143307780621 4716 
CLU_6430 3143303180166 3803 
CLU_6430 3143302149893 3438 
CLU_6430 3143309251553 1390 
CLU_6430 3143302150026 2870 
CLU_6430 3143300550108 6165 
CLU_6430 3143303413578 28212 
CLU_6430 3143306329632 6003 
CLU_6430 3143305212588 10289 
CLU_6430 3143309812083 3722 
CLU_6430 3143306023282 633 
CLU_6430 3143302218968 4936 
CLU_6430 3143309772227 3788 
CLU_6430 3143302203480 1093 
CLU_6430 3143302150085 3276 
CLU_6430 3143300211826 4840 
CLU_6430 3143302149931 2353 
CLU_6430 3143309352511 4494 
CLU_6430 3143309690905 2394 
CLU_6430 3143307608756 6073 
CLU_6430 3143306409911 6165 
CLU_6430 3143307780907 4260 
CLU_6430 3143309936424 3021 
CLU_6430 3143309812075 3974 
CLU_6430 3143303688100 4802 
CLU_6430 3143303180115 1933 
CLU_6430 3143305302854 1851 
CLU_6430 3143302219212 2593 
CLU_6430 3143302149958 4415 
CLU_6430 3143307951345 5592 
CLU_6430 3143302219077 1896 
CLU_6430 3143302219344 4088 
CLU_6430 3143307607660 6717 
CLU_6430 3143302150069 4388 
CLU_6430 3143307809131 7515 
CLU_6430 3143300186252 5239 
CLU_6430 3143307836619 4749 
CLU_6430 3143305212545 3779 
CLU_6430 3143302150077 6073 
CLU_6430 3143302150034 3938 
CLU_6430 3143305212529 20709 
CLU_6430 3143302219379 41925 
CLU_6430 3143305212618 20709 
CLU_6430 CLU_6117 45449 
CLU_6430 CLU_6298 8438 
CLU_6430 CLU_6301 19719 
CLU_6430 CLU_6312 3313 
CLU_6430 CLU_6320 3934 
CLU_6430 CLU_6326 5177 
CLU_6430 CLU_6362 2893 
CLU_6430 CLU_6374 4088 
CLU_6430 CLU_6383 7255 
CLU_6430 CLU_6385 6045 
CLU_6430 CLU_6399 3593 
CLU_6430 CLU_6409 41473 
CLU_6430 CLU_6411 17950 
CLU_6430 CLU_6413 41925 
CLU_6430 CLU_6416 20709 
CLU_6430 CLU_6417 60598 
CLU_6431 3143309772235 3970 
CLU_6431 3143309772251 2541 
CLU_6431 3143309812059 4307 
CLU_6431 3143305305063 2164 
CLU_6431 3143307781067 993 
CLU_6431 3143305304997 1005 
CLU_6431 3143307831331 667 
CLU_6431 3143300659134 2436 
CLU_6431 3143303180158 4635 
CLU_6431 3143307821506 4723 
CLU_6431 3143302150107 7319 
CLU_6431 3143309775978 4723 
CLU_6431 3143302219107 8139 
CLU_6431 3143302219352 4821 
CLU_6431 3143303180182 3201 
CLU_6431 3143302150050 2810 
CLU_6431 3143302150042 2356 
CLU_6431 3143302219085 2452 
CLU_6431 3143309812032 1402 
CLU_6431 3143302149915 1588 
CLU_6431 3143307299079 4112 
CLU_6431 3143302150018 3672 
CLU_6431 3143302218984 2479 
CLU_6431 3143306065295 2046 
CLU_6431 3143302219069 7932 
CLU_6431 3143306629296 3063 
CLU_6431 3143302149923 2216 
CLU_6431 3143306065341 3362 
CLU_6431 3143306329705 2173 
CLU_6431 3143306297943 9569 
CLU_6431 3143305212626 9569 
CLU_6431 3143307780621 4494 
CLU_6431 3143303180166 4723 
CLU_6431 3143302149893 1746 
CLU_6431 3143309251553 4914 
CLU_6431 3143302150026 6503 
CLU_6431 3143300550108 3016 
CLU_6431 3143303413578 24229 
CLU_6431 3143306329632 8833 
CLU_6431 3143305212588 12134 
CLU_6431 3143309812083 1629 
CLU_6431 3143306023282 3801 
CLU_6431 3143302218968 5722 
CLU_6431 3143309772227 453 
CLU_6431 3143302203480 4930 
CLU_6431 3143302150085 4112 
CLU_6431 3143300211826 8553 
CLU_6431 3143302149931 6098 
CLU_6431 3143309352511 808 
CLU_6431 3143309690905 5500 
CLU_6431 3143307608756 3800 
CLU_6431 3143306409911 3016 
CLU_6431 3143307780907 7767 
CLU_6431 3143309936424 6256 
CLU_6431 3143309812075 2848 
CLU_6431 3143303688100 3336 
CLU_6431 3143303180115 2541 
CLU_6431 3143305302854 2559 
CLU_6431 3143302219212 1486 
CLU_6431 3143302149958 6887 
CLU_6431 3143307951345 2172 
CLU_6431 3143302219077 5524 
CLU_6431 3143302219344 7932 
CLU_6431 3143307607660 7319 
CLU_6431 3143302150069 2274 
CLU_6431 3143307809131 3489 
CLU_6431 3143300186252 8866 
CLU_6431 3143307836619 1402 
CLU_6431 3143305212545 7770 
CLU_6431 3143302150077 3800 
CLU_6431 3143302150034 4020 
CLU_6431 3143305212529 23709 
CLU_6431 3143302219379 43926 
CLU_6431 3143305212618 23709 
CLU_6431 CLU_6117 45681 
CLU_6431 CLU_6298 4654 
CLU_6431 CLU_6301 17074 
CLU_6431 CLU_6312 7087 
CLU_6431 CLU_6320 7888 
CLU_6431 CLU_6326 8869 
CLU_6431 CLU_6362 3426 
CLU_6431 CLU_6374 7932 
CLU_6431 CLU_6383 3842 
CLU_6431 CLU_6385 2539 
CLU_6431 CLU_6399 7621 
CLU_6431 CLU_6409 41873 
CLU_6431 CLU_6411 18942 
CLU_6431 CLU_6413 43926 
CLU_6431 CLU_6416 23709 
CLU_6431 CLU_6417 63291 
CLU_6432 3143309772235 4333 
CLU_6432 3143309772251 3610 
CLU_6432 3143309812059 5213 
CLU_6432 3143305305063 2512 
CLU_6432 3143307781067 2907 
CLU_6432 3143305304997 3502 
CLU_6432 3143307831331 4058 
CLU_6432 3143300659134 5577 
CLU_6432 3143303180158 6628 
CLU_6432 3143307821506 6300 
CLU_6432 3143302150107 9290 
CLU_6432 3143309775978 6300 
CLU_6432 3143302219107 8503 
CLU_6432 3143302219352 5075 
CLU_6432 3143303180182 1240 
CLU_6432 3143302150050 952 
CLU_6432 3143302150042 1517 
CLU_6432 3143302219085 1316 
CLU_6432 3143309812032 5083 
CLU_6432 3143302149915 5151 
CLU_6432 3143307299079 404 
CLU_6432 3143302150018 2612 
CLU_6432 3143302218984 2766 
CLU_6432 3143306065295 4978 
CLU_6432 3143302219069 6672 
CLU_6432 3143306629296 2853 
CLU_6432 3143302149923 3880 
CLU_6432 3143306065341 4352 
CLU_6432 3143306329705 5258 
CLU_6432 3143306297943 11058 
CLU_6432 3143305212626 11058 
CLU_6432 3143307780621 6833 
CLU_6432 3143303180166 6300 
CLU_6432 3143302149893 2103 
CLU_6432 3143309251553 2544 
CLU_6432 3143302150026 3642 
CLU_6432 3143300550108 4255 
CLU_6432 3143303413578 27405 
CLU_6432 3143306329632 8956 
CLU_6432 3143305212588 8445 
CLU_6432 3143309812083 4623 
CLU_6432 3143306023282 3382 
CLU_6432 3143302218968 7483 
CLU_6432 3143309772227 3861 
CLU_6432 3143302203480 3984 
CLU_6432 3143302150085 404 
CLU_6432 3143300211826 7516 
CLU_6432 3143302149931 5168 
CLU_6432 3143309352511 3648 
CLU_6432 3143309690905 2418 
CLU_6432 3143307608756 3619 
CLU_6432 3143306409911 4255 
CLU_6432 3143307780907 7093 
CLU_6432 3143309936424 3055 
CLU_6432 3143309812075 5522 
CLU_6432 3143303688100 6306 
CLU_6432 3143303180115 3610 
CLU_6432 3143305302854 1778 
CLU_6432 3143302219212 2641 
CLU_6432 3143302149958 7358 
CLU_6432 3143307951345 5916 
CLU_6432 3143302219077 2959 
CLU_6432 3143302219344 6672 
CLU_6432 3143307607660 9290 
CLU_6432 3143302150069 2445 
CLU_6432 3143307809131 6597 
CLU_6432 3143300186252 7965 
CLU_6432 3143307836619 5083 
CLU_6432 3143305212545 5377 
CLU_6432 3143302150077 3619 
CLU_6432 3143302150034 987 
CLU_6432 3143305212529 23550 
CLU_6432 3143302219379 44886 
CLU_6432 3143305212618 23550 
CLU_6432 CLU_6117 48121 
CLU_6432 CLU_6298 6829 
CLU_6432 CLU_6301 16938 
CLU_6432 CLU_6312 6027 
CLU_6432 CLU_6320 6340 
CLU_6432 CLU_6326 5761 
CLU_6432 CLU_6362 5054 
CLU_6432 CLU_6374 6672 
CLU_6432 CLU_6383 5366 
CLU_6432 CLU_6385 6300 
CLU_6432 CLU_6399 5718 
CLU_6432 CLU_6409 44191 
CLU_6432 CLU_6411 20772 
CLU_6432 CLU_6413 44886 
CLU_6432 CLU_6416 23550 
CLU_6432 CLU_6417 63482 
CLU_6433 3143309772235 4643 
CLU_6433 3143309772251 3618 
CLU_6433 3143309812059 5436 
CLU_6433 3143305305063 2464 
CLU_6433 3143307781067 2365 
CLU_6433 3143305304997 3048 
CLU_6433 3143307831331 3466 
CLU_6433 3143300659134 5156 
CLU_6433 3143303180158 6609 
CLU_6433 3143307821506 6390 
CLU_6433 3143302150107 9342 
CLU_6433 3143309775978 6390 
CLU_6433 3143302219107 8986 
CLU_6433 3143302219352 5470 
CLU_6433 3143303180182 1729 
CLU_6433 3143302150050 756 
CLU_6433 3143302150042 1331 
CLU_6433 3143302219085 799 
CLU_6433 3143309812032 4425 
CLU_6433 3143302149915 4261 
CLU_6433 3143307299079 1264 
CLU_6433 3143302150018 1704 
CLU_6433 3143302218984 1679 
CLU_6433 3143306065295 3971 
CLU_6433 3143302219069 7497 
CLU_6433 3143306629296 1801 
CLU_6433 3143302149923 2807 
CLU_6433 3143306065341 3274 
CLU_6433 3143306329705 4262 
CLU_6433 3143306297943 10017 
CLU_6433 3143305212626 10017 
CLU_6433 3143307780621 6716 
CLU_6433 3143303180166 6390 
CLU_6433 3143302149893 1289 
CLU_6433 3143309251553 3467 
CLU_6433 3143302150026 4698 
CLU_6433 3143300550108 3169 
CLU_6433 3143303413578 26340 
CLU_6433 3143306329632 9507 
CLU_6433 3143305212588 9109 
CLU_6433 3143309812083 4198 
CLU_6433 3143306023282 3820 
CLU_6433 3143302218968 7560 
CLU_6433 3143309772227 3239 
CLU_6433 3143302203480 4632 
CLU_6433 3143302150085 1264 
CLU_6433 3143300211826 8309 
CLU_6433 3143302149931 5875 
CLU_6433 3143309352511 2750 
CLU_6433 3143309690905 3482 
CLU_6433 3143307608756 2627 
CLU_6433 3143306409911 3169 
CLU_6433 3143307780907 7797 
CLU_6433 3143309936424 4138 
CLU_6433 3143309812075 5250 
CLU_6433 3143303688100 5968 
CLU_6433 3143303180115 3618 
CLU_6433 3143305302854 1880 
CLU_6433 3143302219212 2286 
CLU_6433 3143302149958 7787 
CLU_6433 3143307951345 5205 
CLU_6433 3143302219077 3949 
CLU_6433 3143302219344 7497 
CLU_6433 3143307607660 9342 
CLU_6433 3143302150069 1368 
CLU_6433 3143307809131 5573 
CLU_6433 3143300186252 8736 
CLU_6433 3143307836619 4425 
CLU_6433 3143305212545 6391 
CLU_6433 3143302150077 2627 
CLU_6433 3143302150034 984 
CLU_6433 3143305212529 24255 
CLU_6433 3143302219379 45346 
CLU_6433 3143305212618 24255 
CLU_6433 CLU_6117 48121 
CLU_6433 CLU_6298 5742 
CLU_6433 CLU_6301 16176 
CLU_6433 CLU_6312 6792 
CLU_6433 CLU_6320 7218 
CLU_6433 CLU_6326 6847 
CLU_6433 CLU_6362 5061 
CLU_6433 CLU_6374 7497 
CLU_6433 CLU_6383 4282 
CLU_6433 CLU_6385 5551 
CLU_6433 CLU_6399 6653 
CLU_6433 CLU_6409 44234 
CLU_6433 CLU_6411 20947 
CLU_6433 CLU_6413 45346 
CLU_6433 CLU_6416 24255 
CLU_6433 CLU_6417 64141 
CLU_6434 3143309772235 4435 
CLU_6434 3143309772251 3072 
CLU_6434 3143309812059 4997 
CLU_6434 3143305305063 2187 
CLU_6434 3143307781067 1203 
CLU_6434 3143305304997 1824 
CLU_6434 3143307831331 1933 
CLU_6434 3143300659134 3732 
CLU_6434 3143303180158 5695 
CLU_6434 3143307821506 5659 
CLU_6434 3143302150107 8434 
CLU_6434 3143309775978 5659 
CLU_6434 3143302219107 8805 
CLU_6434 3143302219352 5320 
CLU_6434 3143303180182 2586 
CLU_6434 3143302150050 1845 
CLU_6434 3143302150042 1676 
CLU_6434 3143302219085 1468 
CLU_6434 3143309812032 2740 
CLU_6434 3143302149915 2443 
CLU_6434 3143307299079 3024 
CLU_6434 3143302150018 2343 
CLU_6434 3143302218984 1217 
CLU_6434 3143306065295 2279 
CLU_6434 3143302219069 8048 
CLU_6434 3143306629296 1794 
CLU_6434 3143302149923 1534 
CLU_6434 3143306065341 2524 
CLU_6434 3143306329705 2543 
CLU_6434 3143306297943 9198 
CLU_6434 3143305212626 9198 
CLU_6434 3143307780621 5647 
CLU_6434 3143303180166 5659 
CLU_6434 3143302149893 659 
CLU_6434 3143309251553 4483 
CLU_6434 3143302150026 5972 
CLU_6434 3143300550108 2244 
CLU_6434 3143303413578 24768 
CLU_6434 3143306329632 9438 
CLU_6434 3143305212588 10913 
CLU_6434 3143309812083 2841 
CLU_6434 3143306023282 3950 
CLU_6434 3143302218968 6748 
CLU_6434 3143309772227 1687 
CLU_6434 3143302203480 5011 
CLU_6434 3143302150085 3024 
CLU_6434 3143300211826 8764 
CLU_6434 3143302149931 6261 
CLU_6434 3143309352511 931 
CLU_6434 3143309690905 4842 
CLU_6434 3143307608756 2626 
CLU_6434 3143306409911 2244 
CLU_6434 3143307780907 8082 
CLU_6434 3143309936424 5573 
CLU_6434 3143309812075 4034 
CLU_6434 3143303688100 4617 
CLU_6434 3143303180115 3072 
CLU_6434 3143305302854 2159 
CLU_6434 3143302219212 1549 
CLU_6434 3143302149958 7555 
CLU_6434 3143307951345 3451 
CLU_6434 3143302219077 5066 
CLU_6434 3143302219344 8048 
CLU_6434 3143307607660 8434 
CLU_6434 3143302150069 941 
CLU_6434 3143307809131 3906 
CLU_6434 3143300186252 9131 
CLU_6434 3143307836619 2740 
CLU_6434 3143305212545 7461 
CLU_6434 3143302150077 2626 
CLU_6434 3143302150034 2781 
CLU_6434 3143305212529 24334 
CLU_6434 3143302219379 44899 
CLU_6434 3143305212618 24334 
CLU_6434 CLU_6117 46964 
CLU_6434 CLU_6298 4494 
CLU_6434 CLU_6301 16211 
CLU_6434 CLU_6312 7247 
CLU_6434 CLU_6320 7900 
CLU_6434 CLU_6326 8274 
CLU_6434 CLU_6362 4302 
CLU_6434 CLU_6374 8048 
CLU_6434 CLU_6383 3298 
CLU_6434 CLU_6385 3768 
CLU_6434 CLU_6399 7495 
CLU_6434 CLU_6409 43137 
CLU_6434 CLU_6411 20091 
CLU_6434 CLU_6413 44899 
CLU_6434 CLU_6416 24334 
CLU_6434 CLU_6417 64062 
CLU_6435 3143309772235 5174 
CLU_6435 3143309772251 3753 
CLU_6435 3143309812059 5611 
CLU_6435 3143305305063 3063 
CLU_6435 3143307781067 1892 
CLU_6435 3143305304997 2280 
CLU_6435 3143307831331 2038 
CLU_6435 3143300659134 3729 
CLU_6435 3143303180158 6012 
CLU_6435 3143307821506 6093 
CLU_6435 3143302150107 8685 
CLU_6435 3143309775978 6093 
CLU_6435 3143302219107 9450 
CLU_6435 3143302219352 6050 
CLU_6435 3143303180182 3628 
CLU_6435 3143302150050 2879 
CLU_6435 3143302150042 2715 
CLU_6435 3143302219085 2507 
CLU_6435 3143309812032 2462 
CLU_6435 3143302149915 1650 
CLU_6435 3143307299079 3993 
CLU_6435 3143302150018 2706 
CLU_6435 3143302218984 1480 
CLU_6435 3143306065295 1243 
CLU_6435 3143302219069 8963 
CLU_6435 3143306629296 1997 
CLU_6435 3143302149923 841 
CLU_6435 3143306065341 1988 
CLU_6435 3143306329705 1523 
CLU_6435 3143306297943 8340 
CLU_6435 3143305212626 8340 
CLU_6435 3143307780621 5856 
CLU_6435 3143303180166 6093 
CLU_6435 3143302149893 1705 
CLU_6435 3143309251553 5516 
CLU_6435 3143302150026 7018 
CLU_6435 3143300550108 1639 
CLU_6435 3143303413578 23723 
CLU_6435 3143306329632 10123 
CLU_6435 3143305212588 11708 
CLU_6435 3143309812083 2995 
CLU_6435 3143306023282 4825 
CLU_6435 3143302218968 7099 
CLU_6435 3143309772227 1830 
CLU_6435 3143302203480 5923 
CLU_6435 3143302150085 3993 
CLU_6435 3143300211826 9645 
CLU_6435 3143302149931 7151 
CLU_6435 3143309352511 570 
CLU_6435 3143309690905 5889 
CLU_6435 3143307608756 2563 
CLU_6435 3143306409911 1639 
CLU_6435 3143307780907 8917 
CLU_6435 3143309936424 6619 
CLU_6435 3143309812075 4209 
CLU_6435 3143303688100 4632 
CLU_6435 3143303180115 3753 
CLU_6435 3143305302854 3161 
CLU_6435 3143302219212 2364 
CLU_6435 3143302149958 8196 
CLU_6435 3143307951345 2964 
CLU_6435 3143302219077 6104 
CLU_6435 3143302219344 8963 
CLU_6435 3143307607660 8685 
CLU_6435 3143302150069 1497 
CLU_6435 3143307809131 2868 
CLU_6435 3143300186252 9991 
CLU_6435 3143307836619 2462 
CLU_6435 3143305212545 8486 
CLU_6435 3143302150077 2563 
CLU_6435 3143302150034 3640 
CLU_6435 3143305212529 25018 
CLU_6435 3143302219379 45303 
CLU_6435 3143305212618 25018 
CLU_6435 CLU_6117 46913 
CLU_6435 CLU_6298 3523 
CLU_6435 CLU_6301 15699 
CLU_6435 CLU_6312 8143 
CLU_6435 CLU_6320 8849 
CLU_6435 CLU_6326 9321 
CLU_6435 CLU_6362 4781 
CLU_6435 CLU_6374 8963 
CLU_6435 CLU_6383 2507 
CLU_6435 CLU_6385 3182 
CLU_6435 CLU_6399 8482 
CLU_6435 CLU_6409 43132 
CLU_6435 CLU_6411 20289 
CLU_6435 CLU_6413 45303 
CLU_6435 CLU_6416 25018 
CLU_6435 CLU_6417 64646 
CLU_6436 3143309772235 6700 
CLU_6436 3143309772251 5292 
CLU_6436 3143309812059 7171 
CLU_6436 3143305305063 4504 
CLU_6436 3143307781067 3405 
CLU_6436 3143305304997 3844 
CLU_6436 3143307831331 3580 
CLU_6436 3143300659134 5179 
CLU_6436 3143303180158 7552 
CLU_6436 3143307821506 7655 
CLU_6436 3143302150107 10193 
CLU_6436 3143309775978 7655 
CLU_6436 3143302219107 11009 
CLU_6436 3143302219352 7582 
CLU_6436 3143303180182 4772 
CLU_6436 3143302150050 3853 
CLU_6436 3143302150042 3911 
CLU_6436 3143302219085 3534 
CLU_6436 3143309812032 3818 
CLU_6436 3143302149915 2589 
CLU_6436 3143307299079 4654 
CLU_6436 3143302150018 2498 
CLU_6436 3143302218984 1747 
CLU_6436 3143306065295 1578 
CLU_6436 3143302219069 10369 
CLU_6436 3143306629296 1841 
CLU_6436 3143302149923 793 
CLU_6436 3143306065341 642 
CLU_6436 3143306329705 1835 
CLU_6436 3143306297943 6875 
CLU_6436 3143305212626 6875 
CLU_6436 3143307780621 7364 
CLU_6436 3143303180166 7655 
CLU_6436 3143302149893 2864 
CLU_6436 3143309251553 6681 
CLU_6436 3143302150026 8067 
CLU_6436 3143300550108 366 
CLU_6436 3143303413578 22974 
CLU_6436 3143306329632 11673 
CLU_6436 3143305212588 11688 
CLU_6436 3143309812083 4522 
CLU_6436 3143306023282 6271 
CLU_6436 3143302218968 8644 
CLU_6436 3143309772227 3385 
CLU_6436 3143302203480 7334 
CLU_6436 3143302150085 4654 
CLU_6436 3143300211826 11087 
CLU_6436 3143302149931 8584 
CLU_6436 3143309352511 2134 
CLU_6436 3143309690905 6873 
CLU_6436 3143307608756 1763 
CLU_6436 3143306409911 366 
CLU_6436 3143307780907 10397 
CLU_6436 3143309936424 7554 
CLU_6436 3143309812075 5722 
CLU_6436 3143303688100 6070 
CLU_6436 3143303180115 5292 
CLU_6436 3143305302854 4452 
CLU_6436 3143302219212 3837 
CLU_6436 3143302149958 9754 
CLU_6436 3143307951345 4097 
CLU_6436 3143302219077 7232 
CLU_6436 3143302219344 10369 
CLU_6436 3143307607660 10193 
CLU_6436 3143302150069 2084 
CLU_6436 3143307809131 2616 
CLU_6436 3143300186252 11452 
CLU_6436 3143307836619 3818 
CLU_6436 3143305212545 9667 
CLU_6436 3143302150077 1763 
CLU_6436 3143302150034 4071 
CLU_6436 3143305212529 26573 
CLU_6436 3143302219379 46842 
CLU_6436 3143305212618 26573 
CLU_6436 CLU_6117 48182 
CLU_6436 CLU_6298 2316 
CLU_6436 CLU_6301 14144 
CLU_6436 CLU_6312 9570 
CLU_6436 CLU_6320 10209 
CLU_6436 CLU_6326 10269 
CLU_6436 CLU_6362 6347 
CLU_6436 CLU_6374 10369 
CLU_6436 CLU_6383 975 
CLU_6436 CLU_6385 4177 
CLU_6436 CLU_6399 9773 
CLU_6436 CLU_6409 44442 
CLU_6436 CLU_6411 21750 
CLU_6436 CLU_6413 46842 
CLU_6436 CLU_6416 26573 
CLU_6436 CLU_6417 66213 
CLU_6437 3143309772235 9264 
CLU_6437 3143309772251 10595 
CLU_6437 3143309812059 8682 
CLU_6437 3143305305063 11573 
CLU_6437 3143307781067 12484 
CLU_6437 3143305304997 12006 
CLU_6437 3143307831331 12353 
CLU_6437 3143300659134 11215 
CLU_6437 3143303180158 8642 
CLU_6437 3143307821506 8319 
CLU_6437 3143302150107 6882 
CLU_6437 3143309775978 8319 
CLU_6437 3143302219107 4864 
CLU_6437 3143302219352 8389 
CLU_6437 3143303180182 12121 
CLU_6437 3143302150050 13053 
CLU_6437 3143302150042 12564 
CLU_6437 3143302219085 13122 
CLU_6437 3143309812032 12558 
CLU_6437 3143302149915 13991 
CLU_6437 3143307299079 13539 
CLU_6437 3143302150018 15462 
CLU_6437 3143302218984 14772 
CLU_6437 3143306065295 14882 
CLU_6437 3143302219069 7183 
CLU_6437 3143306629296 15254 
CLU_6437 3143302149923 15080 
CLU_6437 3143306065341 16175 
CLU_6437 3143306329705 14895 
CLU_6437 3143306297943 22445 
CLU_6437 3143305212626 22445 
CLU_6437 3143307780621 9084 
CLU_6437 3143303180166 8319 
CLU_6437 3143302149893 13358 
CLU_6437 3143309251553 10963 
CLU_6437 3143302150026 11017 
CLU_6437 3143300550108 15864 
CLU_6437 3143303413578 33838 
CLU_6437 3143306329632 4303 
CLU_6437 3143305212588 18615 
CLU_6437 3143309812083 11504 
CLU_6437 3143306023282 9990 
CLU_6437 3143302218968 7613 
CLU_6437 3143309772227 12511 
CLU_6437 3143302203480 9272 
CLU_6437 3143302150085 13539 
CLU_6437 3143300211826 6322 
CLU_6437 3143302149931 8153 
CLU_6437 3143309352511 13725 
CLU_6437 3143309690905 11739 
CLU_6437 3143307608756 16166 
CLU_6437 3143306409911 15864 
CLU_6437 3143307780907 6318 
CLU_6437 3143309936424 11802 
CLU_6437 3143309812075 10474 
CLU_6437 3143303688100 10566 
CLU_6437 3143303180115 10595 
CLU_6437 3143305302854 11964 
CLU_6437 3143302219212 12125 
CLU_6437 3143302149958 6111 
CLU_6437 3143307951345 12912 
CLU_6437 3143302219077 10882 
CLU_6437 3143302219344 7183 
CLU_6437 3143307607660 6882 
CLU_6437 3143302150069 14380 
CLU_6437 3143307809131 15873 
CLU_6437 3143300186252 5829 
CLU_6437 3143307836619 12558 
CLU_6437 3143305212545 9609 
CLU_6437 3143302150077 16166 
CLU_6437 3143302150034 14238 
CLU_6437 3143305212529 10803 
CLU_6437 3143302219379 31686 
CLU_6437 3143305212618 10803 
CLU_6437 CLU_6117 37146 
CLU_6437 CLU_6298 17501 
CLU_6437 CLU_6301 29863 
CLU_6437 CLU_6312 7482 
CLU_6437 CLU_6320 7764 
CLU_6437 CLU_6326 11409 
CLU_6437 CLU_6362 9532 
CLU_6437 CLU_6374 7183 
CLU_6437 CLU_6383 16789 
CLU_6437 CLU_6385 13228 
CLU_6437 CLU_6399 8624 
CLU_6437 CLU_6409 32965 
CLU_6437 CLU_6411 9643 
CLU_6437 CLU_6413 31686 
CLU_6437 CLU_6416 10803 
CLU_6437 CLU_6417 50397 
CLU_6438 3143309772235 12222 
CLU_6438 3143309772251 11317 
CLU_6438 3143309812059 13078 
CLU_6438 3143305305063 10162 
CLU_6438 3143307781067 9889 
CLU_6438 3143305304997 10586 
CLU_6438 3143307831331 10794 
CLU_6438 3143300659134 12593 
CLU_6438 3143303180158 14307 
CLU_6438 3143307821506 14086 
CLU_6438 3143302150107 17044 
CLU_6438 3143309775978 14086 
CLU_6438 3143302219107 16353 
CLU_6438 3143302219352 12972 
CLU_6438 3143303180182 9126 
CLU_6438 3143302150050 8395 
CLU_6438 3143302150042 9025 
CLU_6438 3143302219085 8499 
CLU_6438 3143309812032 11507 
CLU_6438 3143302149915 10625 
CLU_6438 3143307299079 7554 
CLU_6438 3143302150018 6517 
CLU_6438 3143302218984 7711 
CLU_6438 3143306065295 9715 
CLU_6438 3143302219069 14008 
CLU_6438 3143306629296 7133 
CLU_6438 3143302149923 8398 
CLU_6438 3143306065341 7522 
CLU_6438 3143306329705 9992 
CLU_6438 3143306297943 9845 
CLU_6438 3143305212626 9845 
CLU_6438 3143307780621 14382 
CLU_6438 3143303180166 14086 
CLU_6438 3143302149893 8719 
CLU_6438 3143309251553 10030 
CLU_6438 3143302150026 10215 
CLU_6438 3143300550108 7839 
CLU_6438 3143303413578 28115 
CLU_6438 3143306329632 16743 
CLU_6438 3143305212588 6814 
CLU_6438 3143309812083 11685 
CLU_6438 3143306023282 11279 
CLU_6438 3143302218968 15259 
CLU_6438 3143309772227 10548 
CLU_6438 3143302203480 11776 
CLU_6438 3143302150085 7554 
CLU_6438 3143300211826 14898 
CLU_6438 3143302149931 12842 
CLU_6438 3143309352511 9508 
CLU_6438 3143309690905 9298 
CLU_6438 3143307608756 6550 
CLU_6438 3143306409911 7839 
CLU_6438 3143307780907 14697 
CLU_6438 3143309936424 9388 
CLU_6438 3143309812075 12841 
CLU_6438 3143303688100 13472 
CLU_6438 3143303180115 11317 
CLU_6438 3143305302854 9523 
CLU_6438 3143302219212 9942 
CLU_6438 3143302149958 15241 
CLU_6438 3143307951345 12046 
CLU_6438 3143302219077 10144 
CLU_6438 3143302219344 14008 
CLU_6438 3143307607660 17044 
CLU_6438 3143302150069 7920 
CLU_6438 3143307809131 10607 
CLU_6438 3143300186252 15386 
CLU_6438 3143307836619 11507 
CLU_6438 3143305212545 11958 
CLU_6438 3143302150077 6550 
CLU_6438 3143302150034 6972 
CLU_6438 3143305212529 30886 
CLU_6438 3143302219379 52679 
CLU_6438 3143305212618 30886 
CLU_6438 CLU_6117 55789 
CLU_6438 CLU_6298 9186 
CLU_6438 CLU_6301 11008 
CLU_6438 CLU_6312 13550 
CLU_6438 CLU_6320 13524 
CLU_6438 CLU_6326 11023 
CLU_6438 CLU_6362 12762 
CLU_6438 CLU_6374 14008 
CLU_6438 CLU_6383 8014 
CLU_6438 CLU_6385 12225 
CLU_6438 CLU_6399 12721 
CLU_6438 CLU_6409 51923 
CLU_6438 CLU_6411 28633 
CLU_6438 CLU_6413 52679 
CLU_6438 CLU_6416 30886 
CLU_6438 CLU_6417 70838 
CLU_6439 3143309772235 3738 
CLU_6439 3143309772251 5065 
CLU_6439 3143309812059 3979 
CLU_6439 3143305305063 5520 
CLU_6439 3143307781067 6713 
CLU_6439 3143305304997 6565 
CLU_6439 3143307831331 7188 
CLU_6439 3143300659134 7098 
CLU_6439 3143303180158 5535 
CLU_6439 3143307821506 4835 
CLU_6439 3143302150107 6621 
CLU_6439 3143309775978 4835 
CLU_6439 3143302219107 3514 
CLU_6439 3143302219352 3121 
CLU_6439 3143303180182 5427 
CLU_6439 3143302150050 6436 
CLU_6439 3143302150042 6148 
CLU_6439 3143302219085 6635 
CLU_6439 3143309812032 7918 
CLU_6439 3143302149915 9040 
CLU_6439 3143307299079 6535 
CLU_6439 3143302150018 8844 
CLU_6439 3143302218984 8505 
CLU_6439 3143306065295 9580 
CLU_6439 3143302219069 381 
CLU_6439 3143306629296 8851 
CLU_6439 3143302149923 9205 
CLU_6439 3143306065341 10112 
CLU_6439 3143306329705 9724 
CLU_6439 3143306297943 16868 
CLU_6439 3143305212626 16868 
CLU_6439 3143307780621 6149 
CLU_6439 3143303180166 4835 
CLU_6439 3143302149893 7153 
CLU_6439 3143309251553 3823 
CLU_6439 3143302150026 3639 
CLU_6439 3143300550108 9880 
CLU_6439 3143303413578 31353 
CLU_6439 3143306329632 3468 
CLU_6439 3143305212588 11430 
CLU_6439 3143309812083 6749 
CLU_6439 3143306023282 3765 
CLU_6439 3143302218968 5386 
CLU_6439 3143309772227 7222 
CLU_6439 3143302203480 2662 
CLU_6439 3143302150085 6535 
CLU_6439 3143300211826 1185 
CLU_6439 3143302149931 1455 
CLU_6439 3143309352511 8120 
CLU_6439 3143309690905 4438 
CLU_6439 3143307608756 9739 
CLU_6439 3143306409911 9880 
CLU_6439 3143307780907 1182 
CLU_6439 3143309936424 4430 
CLU_6439 3143309812075 6394 
CLU_6439 3143303688100 7039 
CLU_6439 3143303180115 5065 
CLU_6439 3143305302854 5565 
CLU_6439 3143302219212 6222 
CLU_6439 3143302149958 3175 
CLU_6439 3143307951345 8652 
CLU_6439 3143302219077 3600 
CLU_6439 3143302219344 381 
CLU_6439 3143307607660 6621 
CLU_6439 3143302150069 8096 
CLU_6439 3143307809131 11018 
CLU_6439 3143300186252 1657 
CLU_6439 3143307836619 7918 
CLU_6439 3143305212545 2423 
CLU_6439 3143302150077 9739 
CLU_6439 3143302150034 7305 
CLU_6439 3143305212529 17255 
CLU_6439 3143302219379 39012 
CLU_6439 3143305212618 17255 
CLU_6439 CLU_6117 43909 
CLU_6439 CLU_6298 12105 
CLU_6439 CLU_6301 23272 
CLU_6439 CLU_6312 495 
CLU_6439 CLU_6320 683 
CLU_6439 CLU_6326 4458 
CLU_6439 CLU_6362 5003 
CLU_6439 CLU_6374 381 
CLU_6439 CLU_6383 10965 
CLU_6439 CLU_6385 9094 
CLU_6439 CLU_6399 1384 
CLU_6439 CLU_6409 39816 
CLU_6439 CLU_6411 16172 
CLU_6439 CLU_6413 39012 
CLU_6439 CLU_6416 17255 
CLU_6439 CLU_6417 57214 
CLU_6440 3143309772235 3577 
CLU_6440 3143309772251 2676 
CLU_6440 3143309812059 3314 
CLU_6440 3143305305063 3348 
CLU_6440 3143307781067 2933 
CLU_6440 3143305304997 2258 
CLU_6440 3143307831331 1910 
CLU_6440 3143300659134 176 
CLU_6440 3143303180158 2628 
CLU_6440 3143307821506 3025 
CLU_6440 3143302150107 5028 
CLU_6440 3143309775978 3025 
CLU_6440 3143302219107 6710 
CLU_6440 3143302219352 4134 
CLU_6440 3143303180182 4767 
CLU_6440 3143302150050 4840 
CLU_6440 3143302150042 4220 
CLU_6440 3143302219085 4563 
CLU_6440 3143309812032 1425 
CLU_6440 3143302149915 2849 
CLU_6440 3143307299079 6132 
CLU_6440 3143302150018 6187 
CLU_6440 3143302218984 5010 
CLU_6440 3143306065295 3870 
CLU_6440 3143302219069 7605 
CLU_6440 3143306629296 5594 
CLU_6440 3143302149923 4623 
CLU_6440 3143306065341 5753 
CLU_6440 3143306329705 3794 
CLU_6440 3143306297943 11257 
CLU_6440 3143305212626 11257 
CLU_6440 3143307780621 2254 
CLU_6440 3143303180166 3025 
CLU_6440 3143302149893 4072 
CLU_6440 3143309251553 5895 
CLU_6440 3143302150026 7462 
CLU_6440 3143300550108 5393 
CLU_6440 3143303413578 24115 
CLU_6440 3143306329632 7490 
CLU_6440 3143305212588 14162 
CLU_6440 3143309812083 1113 
CLU_6440 3143306023282 4074 
CLU_6440 3143302218968 3687 
CLU_6440 3143309772227 2156 
CLU_6440 3143302203480 5045 
CLU_6440 3143302150085 6132 
CLU_6440 3143300211826 8000 
CLU_6440 3143302149931 5869 
CLU_6440 3143309352511 3278 
CLU_6440 3143309690905 6763 
CLU_6440 3143307608756 6319 
CLU_6440 3143306409911 5393 
CLU_6440 3143307780907 7068 
CLU_6440 3143309936424 7486 
CLU_6440 3143309812075 887 
CLU_6440 3143303688100 845 
CLU_6440 3143303180115 2676 
CLU_6440 3143305302854 4065 
CLU_6440 3143302219212 3097 
CLU_6440 3143302149958 5548 
CLU_6440 3143307951345 1648 
CLU_6440 3143302219077 6467 
CLU_6440 3143302219344 7605 
CLU_6440 3143307607660 5028 
CLU_6440 3143302150069 4784 
CLU_6440 3143307809131 4613 
CLU_6440 3143300186252 8187 
CLU_6440 3143307836619 1425 
CLU_6440 3143305212545 8238 
CLU_6440 3143302150077 6319 
CLU_6440 3143302150034 6255 
CLU_6440 3143305212529 22071 
CLU_6440 3143302219379 41705 
CLU_6440 3143305212618 22071 
CLU_6440 CLU_6117 43150 
CLU_6440 CLU_6298 6360 
CLU_6440 CLU_6301 19269 
CLU_6440 CLU_6312 6752 
CLU_6440 CLU_6320 7761 
CLU_6440 CLU_6326 9779 
CLU_6440 CLU_6362 2253 
CLU_6440 CLU_6374 7605 
CLU_6440 CLU_6383 6006 
CLU_6440 CLU_6385 2008 
CLU_6440 CLU_6399 7771 
CLU_6440 CLU_6409 39349 
CLU_6440 CLU_6411 16524 
CLU_6440 CLU_6413 41705 
CLU_6440 CLU_6416 22071 
CLU_6440 CLU_6417 61348 
CLU_6441 3143309772235 2110 
CLU_6441 3143309772251 1961 
CLU_6441 3143309812059 1574 
CLU_6441 3143305305063 3067 
CLU_6441 3143307781067 3349 
CLU_6441 3143305304997 2698 
CLU_6441 3143307831331 2838 
CLU_6441 3143300659134 1710 
CLU_6441 3143303180158 1173 
CLU_6441 3143307821506 1282 
CLU_6441 3143302150107 3921 
CLU_6441 3143309775978 1282 
CLU_6441 3143302219107 4932 
CLU_6441 3143302219352 2441 
CLU_6441 3143303180182 4387 
CLU_6441 3143302150050 4834 
CLU_6441 3143302150042 4182 
CLU_6441 3143302219085 4676 
CLU_6441 3143309812032 2963 
CLU_6441 3143302149915 4389 
CLU_6441 3143307299079 5966 
CLU_6441 3143302150018 6756 
CLU_6441 3143302218984 5736 
CLU_6441 3143306065295 5299 
CLU_6441 3143302219069 5894 
CLU_6441 3143306629296 6303 
CLU_6441 3143302149923 5703 
CLU_6441 3143306065341 6845 
CLU_6441 3143306329705 5297 
CLU_6441 3143306297943 12845 
CLU_6441 3143305212626 12845 
CLU_6441 3143307780621 1268 
CLU_6441 3143303180166 1282 
CLU_6441 3143302149893 4482 
CLU_6441 3143309251553 4934 
CLU_6441 3143302150026 6365 
CLU_6441 3143300550108 6503 
CLU_6441 3143303413578 25876 
CLU_6441 3143306329632 5698 
CLU_6441 3143305212588 13705 
CLU_6441 3143309812083 1922 
CLU_6441 3143306023282 2924 
CLU_6441 3143302218968 2238 
CLU_6441 3143309772227 3035 
CLU_6441 3143302203480 3648 
CLU_6441 3143302150085 5966 
CLU_6441 3143300211826 6228 
CLU_6441 3143302149931 4247 
CLU_6441 3143309352511 4296 
CLU_6441 3143309690905 5916 
CLU_6441 3143307608756 7147 
CLU_6441 3143306409911 6503 
CLU_6441 3143307780907 5279 
CLU_6441 3143309936424 6567 
CLU_6441 3143309812075 934 
CLU_6441 3143303688100 1487 
CLU_6441 3143303180115 1961 
CLU_6441 3143305302854 3787 
CLU_6441 3143302219212 3220 
CLU_6441 3143302149958 3743 
CLU_6441 3143307951345 3431 
CLU_6441 3143302219077 5428 
CLU_6441 3143302219344 5894 
CLU_6441 3143307607660 3921 
CLU_6441 3143302150069 5413 
CLU_6441 3143307809131 6297 
CLU_6441 3143300186252 6393 
CLU_6441 3143307836619 2963 
CLU_6441 3143305212545 6827 
CLU_6441 3143302150077 7147 
CLU_6441 3143302150034 6313 
CLU_6441 3143305212529 20401 
CLU_6441 3143302219379 40439 
CLU_6441 3143305212618 20401 
CLU_6441 CLU_6117 42646 
CLU_6441 CLU_6298 7904 
CLU_6441 CLU_6301 20562 
CLU_6441 CLU_6312 5059 
CLU_6441 CLU_6320 6111 
CLU_6441 CLU_6326 8556 
CLU_6441 CLU_6362 663 
CLU_6441 CLU_6374 5894 
CLU_6441 CLU_6383 7304 
CLU_6441 CLU_6385 3818 
CLU_6441 CLU_6399 6229 
CLU_6441 CLU_6409 38763 
CLU_6441 CLU_6411 15581 
CLU_6441 CLU_6413 40439 
CLU_6441 CLU_6416 20401 
CLU_6441 CLU_6417 59847 
CLU_6442 3143309772235 4109 
CLU_6442 3143309772251 3580 
CLU_6442 3143309812059 3568 
CLU_6442 3143305305063 4444 
CLU_6442 3143307781067 4174 
CLU_6442 3143305304997 3484 
CLU_6442 3143307831331 3178 
CLU_6442 3143300659134 1387 
CLU_6442 3143303180158 2211 
CLU_6442 3143307821506 2825 
CLU_6442 3143302150107 4066 
CLU_6442 3143309775978 2825 
CLU_6442 3143302219107 6369 
CLU_6442 3143302219352 4442 
CLU_6442 3143303180182 5866 
CLU_6442 3143302150050 6038 
CLU_6442 3143302150042 5402 
CLU_6442 3143302219085 5780 
CLU_6442 3143309812032 2595 
CLU_6442 3143302149915 3921 
CLU_6442 3143307299079 7306 
CLU_6442 3143302150018 7455 
CLU_6442 3143302218984 6276 
CLU_6442 3143306065295 4976 
CLU_6442 3143302219069 7858 
CLU_6442 3143306629296 6860 
CLU_6442 3143302149923 5847 
CLU_6442 3143306065341 6962 
CLU_6442 3143306329705 4856 
CLU_6442 3143306297943 12140 
CLU_6442 3143305212626 12140 
CLU_6442 3143307780621 1631 
CLU_6442 3143303180166 2825 
CLU_6442 3143302149893 5327 
CLU_6442 3143309251553 6776 
CLU_6442 3143302150026 8280 
CLU_6442 3143300550108 6601 
CLU_6442 3143303413578 24049 
CLU_6442 3143306329632 7172 
CLU_6442 3143305212588 15287 
CLU_6442 3143309812083 2335 
CLU_6442 3143306023282 4825 
CLU_6442 3143302218968 3071 
CLU_6442 3143309772227 3424 
CLU_6442 3143302203480 5646 
CLU_6442 3143302150085 7306 
CLU_6442 3143300211826 8122 
CLU_6442 3143302149931 6257 
CLU_6442 3143309352511 4529 
CLU_6442 3143309690905 7707 
CLU_6442 3143307608756 7573 
CLU_6442 3143306409911 6601 
CLU_6442 3143307780907 7149 
CLU_6442 3143309936424 8401 
CLU_6442 3143309812075 1459 
CLU_6442 3143303688100 622 
CLU_6442 3143303180115 3580 
CLU_6442 3143305302854 5181 
CLU_6442 3143302219212 4290 
CLU_6442 3143302149958 5328 
CLU_6442 3143307951345 2494 
CLU_6442 3143302219077 7312 
CLU_6442 3143302219344 7858 
CLU_6442 3143307607660 4066 
CLU_6442 3143302150069 6052 
CLU_6442 3143307809131 5467 
CLU_6442 3143300186252 8235 
CLU_6442 3143307836619 2595 
CLU_6442 3143305212545 8837 
CLU_6442 3143302150077 7573 
CLU_6442 3143302150034 7477 
CLU_6442 3143305212529 21407 
CLU_6442 3143302219379 40665 
CLU_6442 3143305212618 21407 
CLU_6442 CLU_6117 41890 
CLU_6442 CLU_6298 7333 
CLU_6442 CLU_6301 20347 
CLU_6442 CLU_6312 7039 
CLU_6442 CLU_6320 8107 
CLU_6442 CLU_6326 10526 
CLU_6442 CLU_6362 2655 
CLU_6442 CLU_6374 7858 
CLU_6442 CLU_6383 7139 
CLU_6442 CLU_6385 2689 
CLU_6442 CLU_6399 8246 
CLU_6442 CLU_6409 38099 
CLU_6442 CLU_6411 15369 
CLU_6442 CLU_6413 40665 
CLU_6442 CLU_6416 21407 
CLU_6442 CLU_6417 60466 
CLU_6443 3143309772235 3001 
CLU_6443 3143309772251 3375 
CLU_6443 3143309812059 2117 
CLU_6443 3143305305063 4520 
CLU_6443 3143307781067 4868 
CLU_6443 3143305304997 4212 
CLU_6443 3143307831331 4297 
CLU_6443 3143300659134 2839 
CLU_6443 3143303180158 351 
CLU_6443 3143307821506 886 
CLU_6443 3143302150107 2403 
CLU_6443 3143309775978 886 
CLU_6443 3143302219107 4060 
CLU_6443 3143302219352 2868 
CLU_6443 3143303180182 5762 
CLU_6443 3143302150050 6298 
CLU_6443 3143302150042 5651 
CLU_6443 3143302219085 6162 
CLU_6443 3143309812032 4235 
CLU_6443 3143302149915 5684 
CLU_6443 3143307299079 7371 
CLU_6443 3143302150018 8274 
CLU_6443 3143302218984 7253 
CLU_6443 3143306065295 6659 
CLU_6443 3143302219069 5938 
CLU_6443 3143306629296 7821 
CLU_6443 3143302149923 7177 
CLU_6443 3143306065341 8323 
CLU_6443 3143306329705 6620 
CLU_6443 3143306297943 14124 
CLU_6443 3143305212626 14124 
CLU_6443 3143307780621 682 
CLU_6443 3143303180166 886 
CLU_6443 3143302149893 5999 
CLU_6443 3143309251553 5994 
CLU_6443 3143302150026 7258 
CLU_6443 3143300550108 7975 
CLU_6443 3143303413578 26296 
CLU_6443 3143306329632 4865 
CLU_6443 3143305212588 14910 
CLU_6443 3143309812083 3347 
CLU_6443 3143306023282 3994 
CLU_6443 3143302218968 815 
CLU_6443 3143309772227 4510 
CLU_6443 3143302203480 4401 
CLU_6443 3143302150085 7371 
CLU_6443 3143300211826 6056 
CLU_6443 3143302149931 4599 
CLU_6443 3143309352511 5769 
CLU_6443 3143309690905 7013 
CLU_6443 3143307608756 8661 
CLU_6443 3143306409911 7975 
CLU_6443 3143307780907 5069 
CLU_6443 3143309936424 7593 
CLU_6443 3143309812075 2164 
CLU_6443 3143303688100 2147 
CLU_6443 3143303180115 3375 
CLU_6443 3143305302854 5213 
CLU_6443 3143302219212 4729 
CLU_6443 3143302149958 3071 
CLU_6443 3143307951345 4499 
CLU_6443 3143302219077 6406 
CLU_6443 3143302219344 5938 
CLU_6443 3143307607660 2403 
CLU_6443 3143302150069 6932 
CLU_6443 3143307809131 7485 
CLU_6443 3143300186252 6102 
CLU_6443 3143307836619 4235 
CLU_6443 3143305212545 7373 
CLU_6443 3143302150077 8661 
CLU_6443 3143302150034 7770 
CLU_6443 3143305212529 19213 
CLU_6443 3143302219379 38972 
CLU_6443 3143305212618 19213 
CLU_6443 CLU_6117 41172 
CLU_6443 CLU_6298 9211 
CLU_6443 CLU_6301 22006 
CLU_6443 CLU_6312 5193 
CLU_6443 CLU_6320 6293 
CLU_6443 CLU_6326 9269 
CLU_6443 CLU_6362 1921 
CLU_6443 CLU_6374 5938 
CLU_6443 CLU_6383 8728 
CLU_6443 CLU_6385 4808 
CLU_6443 CLU_6399 6608 
CLU_6443 CLU_6409 37273 
CLU_6443 CLU_6411 14062 
CLU_6443 CLU_6413 38972 
CLU_6443 CLU_6416 19213 
CLU_6443 CLU_6417 58493 
CLU_6444 3143309772235 2403 
CLU_6444 3143309772251 1921 
CLU_6444 3143309812059 3298 
CLU_6444 3143305305063 1191 
CLU_6444 3143307781067 2294 
CLU_6444 3143305304997 2547 
CLU_6444 3143307831331 3245 
CLU_6444 3143300659134 4288 
CLU_6444 3143303180158 4825 
CLU_6444 3143307821506 4432 
CLU_6444 3143302150107 7418 
CLU_6444 3143309775978 4432 
CLU_6444 3143302219107 6614 
CLU_6444 3143302219352 3147 
CLU_6444 3143303180182 715 
CLU_6444 3143302150050 1663 
CLU_6444 3143302150042 1336 
CLU_6444 3143302219085 1820 
CLU_6444 3143309812032 4262 
CLU_6444 3143302149915 4870 
CLU_6444 3143307299079 2295 
CLU_6444 3143302150018 4102 
CLU_6444 3143302218984 3688 
CLU_6444 3143306065295 5105 
CLU_6444 3143302219069 5186 
CLU_6444 3143306629296 4040 
CLU_6444 3143302149923 4466 
CLU_6444 3143306065341 5307 
CLU_6444 3143306329705 5316 
CLU_6444 3143306297943 12090 
CLU_6444 3143305212626 12090 
CLU_6444 3143307780621 5108 
CLU_6444 3143303180166 4432 
CLU_6444 3143302149893 2372 
CLU_6444 3143309251553 1630 
CLU_6444 3143302150026 3227 
CLU_6444 3143300550108 5092 
CLU_6444 3143303413578 27507 
CLU_6444 3143306329632 7109 
CLU_6444 3143305212588 9863 
CLU_6444 3143309812083 3428 
CLU_6444 3143306023282 1456 
CLU_6444 3143302218968 5610 
CLU_6444 3143309772227 3144 
CLU_6444 3143302203480 2231 
CLU_6444 3143302150085 2295 
CLU_6444 3143300211826 5960 
CLU_6444 3143302149931 3488 
CLU_6444 3143309352511 3600 
CLU_6444 3143309690905 2327 
CLU_6444 3143307608756 4939 
CLU_6444 3143306409911 5092 
CLU_6444 3143307780907 5399 
CLU_6444 3143309936424 3074 
CLU_6444 3143309812075 4022 
CLU_6444 3143303688100 4854 
CLU_6444 3143303180115 1921 
CLU_6444 3143305302854 796 
CLU_6444 3143302219212 1799 
CLU_6444 3143302149958 5445 
CLU_6444 3143307951345 5134 
CLU_6444 3143302219077 2241 
CLU_6444 3143302219344 5186 
CLU_6444 3143307607660 7418 
CLU_6444 3143302150069 3280 
CLU_6444 3143307809131 6688 
CLU_6444 3143300186252 6369 
CLU_6444 3143307836619 4262 
CLU_6444 3143305212545 4538 
CLU_6444 3143302150077 4939 
CLU_6444 3143302150034 2876 
CLU_6444 3143305212529 21847 
CLU_6444 3143302219379 42997 
CLU_6444 3143305212618 21847 
CLU_6444 CLU_6117 46238 
CLU_6444 CLU_6298 7448 
CLU_6444 CLU_6301 18580 
CLU_6444 CLU_6312 4435 
CLU_6444 CLU_6320 4981 
CLU_6444 CLU_6326 5599 
CLU_6444 CLU_6362 3271 
CLU_6444 CLU_6374 5186 
CLU_6444 CLU_6383 6198 
CLU_6444 CLU_6385 5574 
CLU_6444 CLU_6399 4542 
CLU_6444 CLU_6409 42293 
CLU_6444 CLU_6411 18845 
CLU_6444 CLU_6413 42997 
CLU_6444 CLU_6416 21847 
CLU_6444 CLU_6417 61730 
CLU_6445 3143309772235 2707 
CLU_6445 3143309772251 2240 
CLU_6445 3143309812059 3611 
CLU_6445 3143305305063 1430 
CLU_6445 3143307781067 2445 
CLU_6445 3143305304997 2766 
CLU_6445 3143307831331 3454 
CLU_6445 3143300659134 4574 
CLU_6445 3143303180158 5151 
CLU_6445 3143307821506 4754 
CLU_6445 3143302150107 7739 
CLU_6445 3143309775978 4754 
CLU_6445 3143302219107 6862 
CLU_6445 3143302219352 3426 
CLU_6445 3143303180182 503 
CLU_6445 3143302150050 1510 
CLU_6445 3143302150042 1313 
CLU_6445 3143302219085 1726 
CLU_6445 3143309812032 4484 
CLU_6445 3143302149915 5015 
CLU_6445 3143307299079 1997 
CLU_6445 3143302150018 3935 
CLU_6445 3143302218984 3615 
CLU_6445 3143306065295 5187 
CLU_6445 3143302219069 5287 
CLU_6445 3143306629296 3928 
CLU_6445 3143302149923 4464 
CLU_6445 3143306065341 5250 
CLU_6445 3143306329705 5411 
CLU_6445 3143306297943 12044 
CLU_6445 3143305212626 12044 
CLU_6445 3143307780621 5434 
CLU_6445 3143303180166 4754 
CLU_6445 3143302149893 2365 
CLU_6445 3143309251553 1511 
CLU_6445 3143302150026 3069 
CLU_6445 3143300550108 5054 
CLU_6445 3143303413578 27633 
CLU_6445 3143306329632 7336 
CLU_6445 3143305212588 9543 
CLU_6445 3143309812083 3696 
CLU_6445 3143306023282 1733 
CLU_6445 3143302218968 5931 
CLU_6445 3143309772227 3335 
CLU_6445 3143302203480 2405 
CLU_6445 3143302150085 1997 
CLU_6445 3143300211826 6085 
CLU_6445 3143302149931 3642 
CLU_6445 3143309352511 3689 
CLU_6445 3143309690905 2092 
CLU_6445 3143307608756 4812 
CLU_6445 3143306409911 5054 
CLU_6445 3143307780907 5565 
CLU_6445 3143309936424 2846 
CLU_6445 3143309812075 4331 
CLU_6445 3143303688100 5160 
CLU_6445 3143303180115 2240 
CLU_6445 3143305302854 883 
CLU_6445 3143302219212 1971 
CLU_6445 3143302149958 5709 
CLU_6445 3143307951345 5357 
CLU_6445 3143302219077 2110 
CLU_6445 3143302219344 5287 
CLU_6445 3143307607660 7739 
CLU_6445 3143302150069 3212 
CLU_6445 3143307809131 6787 
CLU_6445 3143300186252 6507 
CLU_6445 3143307836619 4484 
CLU_6445 3143305212545 4480 
CLU_6445 3143302150077 4812 
CLU_6445 3143302150034 2614 
CLU_6445 3143305212529 22027 
CLU_6445 3143302219379 43247 
CLU_6445 3143305212618 22027 
CLU_6445 CLU_6117 46555 
CLU_6445 CLU_6298 7464 
CLU_6445 CLU_6301 18408 
CLU_6445 CLU_6312 4564 
CLU_6445 CLU_6320 5047 
CLU_6445 CLU_6326 5430 
CLU_6445 CLU_6362 3597 
CLU_6445 CLU_6374 5287 
CLU_6445 CLU_6383 6169 
CLU_6445 CLU_6385 5792 
CLU_6445 CLU_6399 4558 
CLU_6445 CLU_6409 42606 
CLU_6445 CLU_6411 19147 
CLU_6445 CLU_6413 43247 
CLU_6445 CLU_6416 22027 
CLU_6445 CLU_6417 61928 
CLU_6446 3143309772235 3537 
CLU_6446 3143309772251 2959 
CLU_6446 3143309812059 4436 
CLU_6446 3143305305063 1966 
CLU_6446 3143307781067 2682 
CLU_6446 3143305304997 3163 
CLU_6446 3143307831331 3799 
CLU_6446 3143300659134 5136 
CLU_6446 3143303180158 5934 
CLU_6446 3143307821506 5563 
CLU_6446 3143302150107 8552 
CLU_6446 3143309775978 5563 
CLU_6446 3143302219107 7664 
CLU_6446 3143302219352 4253 
CLU_6446 3143303180182 543 
CLU_6446 3143302150050 1079 
CLU_6446 3143302150042 1285 
CLU_6446 3143302219085 1423 
CLU_6446 3143309812032 4844 
CLU_6446 3143302149915 5148 
CLU_6446 3143307299079 1167 
CLU_6446 3143302150018 3320 
CLU_6446 3143302218984 3227 
CLU_6446 3143306065295 5149 
CLU_6446 3143302219069 5888 
CLU_6446 3143306629296 3436 
CLU_6446 3143302149923 4226 
CLU_6446 3143306065341 4865 
CLU_6446 3143306329705 5404 
CLU_6446 3143306297943 11642 
CLU_6446 3143305212626 11642 
CLU_6446 3143307780621 6185 
CLU_6446 3143303180166 5563 
CLU_6446 3143302149893 2212 
CLU_6446 3143309251553 1821 
CLU_6446 3143302150026 3139 
CLU_6446 3143300550108 4717 
CLU_6446 3143303413578 27640 
CLU_6446 3143306329632 8116 
CLU_6446 3143305212588 8877 
CLU_6446 3143309812083 4211 
CLU_6446 3143306023282 2562 
CLU_6446 3143302218968 6743 
CLU_6446 3143309772227 3637 
CLU_6446 3143302203480 3146 
CLU_6446 3143302150085 1167 
CLU_6446 3143300211826 6719 
CLU_6446 3143302149931 4341 
CLU_6446 3143309352511 3708 
CLU_6446 3143309690905 1974 
CLU_6446 3143307608756 4273 
CLU_6446 3143306409911 4717 
CLU_6446 3143307780907 6268 
CLU_6446 3143309936424 2702 
CLU_6446 3143309812075 4982 
CLU_6446 3143303688100 5795 
CLU_6446 3143303180115 2959 
CLU_6446 3143305302854 1239 
CLU_6446 3143302219212 2298 
CLU_6446 3143302149958 6525 
CLU_6446 3143307951345 5707 
CLU_6446 3143302219077 2320 
CLU_6446 3143302219344 5888 
CLU_6446 3143307607660 8552 
CLU_6446 3143302150069 2852 
CLU_6446 3143307809131 6775 
CLU_6446 3143300186252 7160 
CLU_6446 3143307836619 4844 
CLU_6446 3143305212545 4766 
CLU_6446 3143302150077 4273 
CLU_6446 3143302150034 1825 
CLU_6446 3143305212529 22731 
CLU_6446 3143302219379 44046 
CLU_6446 3143305212618 22731 
CLU_6446 CLU_6117 47375 
CLU_6446 CLU_6298 7231 
CLU_6446 CLU_6301 17734 
CLU_6446 CLU_6312 5218 
CLU_6446 CLU_6320 5586 
CLU_6446 CLU_6326 5405 
CLU_6446 CLU_6362 4367 
CLU_6446 CLU_6374 5888 
CLU_6446 CLU_6383 5841 
CLU_6446 CLU_6385 6120 
CLU_6446 CLU_6399 5008 
CLU_6446 CLU_6409 43431 
CLU_6446 CLU_6411 19978 
CLU_6446 CLU_6413 44046 
CLU_6446 CLU_6416 22731 
CLU_6446 CLU_6417 62655 
CLU_6447 3143309772235 3603 
CLU_6447 3143309772251 2214 
CLU_6447 3143309812059 4131 
CLU_6447 3143305305063 1449 
CLU_6447 3143307781067 330 
CLU_6447 3143305304997 991 
CLU_6447 3143307831331 1304 
CLU_6447 3143300659134 3033 
CLU_6447 3143303180158 4843 
CLU_6447 3143307821506 4790 
CLU_6447 3143302150107 7589 
CLU_6447 3143309775978 4790 
CLU_6447 3143302219107 7950 
CLU_6447 3143302219352 4487 
CLU_6447 3143303180182 2263 
CLU_6447 3143302150050 1856 
CLU_6447 3143302150042 1396 
CLU_6447 3143302219085 1509 
CLU_6447 3143309812032 2287 
CLU_6447 3143302149915 2484 
CLU_6447 3143307299079 3167 
CLU_6447 3143302150018 3113 
CLU_6447 3143302218984 2071 
CLU_6447 3143306065295 2682 
CLU_6447 3143302219069 7348 
CLU_6447 3143306629296 2633 
CLU_6447 3143302149923 2308 
CLU_6447 3143306065341 3368 
CLU_6447 3143306329705 2883 
CLU_6447 3143306297943 9945 
CLU_6447 3143305212626 9945 
CLU_6447 3143307780621 4824 
CLU_6447 3143303180166 4790 
CLU_6447 3143302149893 907 
CLU_6447 3143309251553 4048 
CLU_6447 3143302150026 5614 
CLU_6447 3143300550108 3067 
CLU_6447 3143303413578 25087 
CLU_6447 3143306329632 8594 
CLU_6447 3143305212588 11213 
CLU_6447 3143309812083 2094 
CLU_6447 3143306023282 3208 
CLU_6447 3143302218968 5887 
CLU_6447 3143309772227 1080 
CLU_6447 3143302203480 4309 
CLU_6447 3143302150085 3167 
CLU_6447 3143300211826 8029 
CLU_6447 3143302149931 5534 
CLU_6447 3143309352511 1178 
CLU_6447 3143309690905 4572 
CLU_6447 3143307608756 3490 
CLU_6447 3143306409911 3067 
CLU_6447 3143307780907 7310 
CLU_6447 3143309936424 5325 
CLU_6447 3143309812075 3241 
CLU_6447 3143303688100 3885 
CLU_6447 3143303180115 2214 
CLU_6447 3143305302854 1664 
CLU_6447 3143302219212 748 
CLU_6447 3143302149958 6698 
CLU_6447 3143307951345 3108 
CLU_6447 3143302219077 4654 
CLU_6447 3143302219344 7348 
CLU_6447 3143307607660 7589 
CLU_6447 3143302150069 1744 
CLU_6447 3143307809131 4254 
CLU_6447 3143300186252 8378 
CLU_6447 3143307836619 2287 
CLU_6447 3143305212545 6968 
CLU_6447 3143302150077 3490 
CLU_6447 3143302150034 3140 
CLU_6447 3143305212529 23494 
CLU_6447 3143302219379 44026 
CLU_6447 3143305212618 23494 
CLU_6447 CLU_6117 46193 
CLU_6447 CLU_6298 5137 
CLU_6447 CLU_6301 17078 
CLU_6447 CLU_6312 6527 
CLU_6447 CLU_6320 7244 
CLU_6447 CLU_6326 7967 
CLU_6447 CLU_6362 3430 
CLU_6447 CLU_6374 7348 
CLU_6447 CLU_6383 4070 
CLU_6447 CLU_6385 3493 
CLU_6447 CLU_6399 6903 
CLU_6447 CLU_6409 42349 
CLU_6447 CLU_6411 19249 
CLU_6447 CLU_6413 44026 
CLU_6447 CLU_6416 23494 
CLU_6447 CLU_6417 63200 
CLU_6448 3143309772235 4883 
CLU_6448 3143309772251 3809 
CLU_6448 3143309812059 5657 
CLU_6448 3143305305063 2663 
CLU_6448 3143307781067 2431 
CLU_6448 3143305304997 3127 
CLU_6448 3143307831331 3492 
CLU_6448 3143300659134 5221 
CLU_6448 3143303180158 6775 
CLU_6448 3143307821506 6580 
CLU_6448 3143302150107 9516 
CLU_6448 3143309775978 6580 
CLU_6448 3143302219107 9244 
CLU_6448 3143302219352 5721 
CLU_6448 3143303180182 2021 
CLU_6448 3143302150050 1029 
CLU_6448 3143302150042 1548 
CLU_6448 3143302219085 990 
CLU_6448 3143309812032 4415 
CLU_6448 3143302149915 4153 
CLU_6448 3143307299079 1492 
CLU_6448 3143302150018 1411 
CLU_6448 3143302218984 1419 
CLU_6448 3143306065295 3795 
CLU_6448 3143302219069 7796 
CLU_6448 3143306629296 1502 
CLU_6448 3143302149923 2578 
CLU_6448 3143306065341 2989 
CLU_6448 3143306329705 4093 
CLU_6448 3143306297943 9718 
CLU_6448 3143305212626 9718 
CLU_6448 3143307780621 6857 
CLU_6448 3143303180166 6580 
CLU_6448 3143302149893 1292 
CLU_6448 3143309251553 3771 
CLU_6448 3143302150026 4991 
CLU_6448 3143300550108 2897 
CLU_6448 3143303413578 26107 
CLU_6448 3143306329632 9775 
CLU_6448 3143305212588 9180 
CLU_6448 3143309812083 4270 
CLU_6448 3143306023282 4085 
CLU_6448 3143302218968 7743 
CLU_6448 3143309772227 3257 
CLU_6448 3143302203480 4919 
CLU_6448 3143302150085 1492 
CLU_6448 3143300211826 8606 
CLU_6448 3143302149931 6166 
CLU_6448 3143309352511 2652 
CLU_6448 3143309690905 3772 
CLU_6448 3143307608756 2323 
CLU_6448 3143306409911 2897 
CLU_6448 3143307780907 8086 
CLU_6448 3143309936424 4418 
CLU_6448 3143309812075 5358 
CLU_6448 3143303688100 6053 
CLU_6448 3143303180115 3809 
CLU_6448 3143305302854 2123 
CLU_6448 3143302219212 2415 
CLU_6448 3143302149958 8038 
CLU_6448 3143307951345 5169 
CLU_6448 3143302219077 4251 
CLU_6448 3143302219344 7796 
CLU_6448 3143307607660 9516 
CLU_6448 3143302150069 1147 
CLU_6448 3143307809131 5380 
CLU_6448 3143300186252 9031 
CLU_6448 3143307836619 4415 
CLU_6448 3143305212545 6692 
CLU_6448 3143302150077 2323 
CLU_6448 3143302150034 1057 
CLU_6448 3143305212529 24539 
CLU_6448 3143302219379 45591 
CLU_6448 3143305212618 24539 
CLU_6448 CLU_6117 48268 
CLU_6448 CLU_6298 5479 
CLU_6448 CLU_6301 15889 
CLU_6448 CLU_6312 7088 
CLU_6448 CLU_6320 7521 
CLU_6448 CLU_6326 7122 
CLU_6448 CLU_6362 5240 
CLU_6448 CLU_6374 7796 
CLU_6448 CLU_6383 4003 
CLU_6448 CLU_6385 5499 
CLU_6448 CLU_6399 6957 
CLU_6448 CLU_6409 44392 
CLU_6448 CLU_6411 21139 
CLU_6448 CLU_6413 45591 
CLU_6448 CLU_6416 24539 
CLU_6448 CLU_6417 64418 
CLU_6449 3143309772235 4448 
CLU_6449 3143309772251 3297 
CLU_6449 3143309812059 5181 
CLU_6449 3143305305063 2173 
CLU_6449 3143307781067 1842 
CLU_6449 3143305304997 2539 
CLU_6449 3143307831331 2906 
CLU_6449 3143300659134 4632 
CLU_6449 3143303180158 6226 
CLU_6449 3143307821506 6058 
CLU_6449 3143302150107 8974 
CLU_6449 3143309775978 6058 
CLU_6449 3143302219107 8839 
CLU_6449 3143302219352 5306 
CLU_6449 3143303180182 1819 
CLU_6449 3143302150050 838 
CLU_6449 3143302150042 1128 
CLU_6449 3143302219085 590 
CLU_6449 3143309812032 3843 
CLU_6449 3143302149915 3668 
CLU_6449 3143307299079 1815 
CLU_6449 3143302150018 1785 
CLU_6449 3143302218984 1325 
CLU_6449 3143306065295 3418 
CLU_6449 3143302219069 7588 
CLU_6449 3143306629296 1629 
CLU_6449 3143302149923 2340 
CLU_6449 3143306065341 2968 
CLU_6449 3143306329705 3702 
CLU_6449 3143306297943 9761 
CLU_6449 3143305212626 9761 
CLU_6449 3143307780621 6291 
CLU_6449 3143303180166 6058 
CLU_6449 3143302149893 708 
CLU_6449 3143309251553 3692 
CLU_6449 3143302150026 5044 
CLU_6449 3143300550108 2808 
CLU_6449 3143303413578 25845 
CLU_6449 3143306329632 9398 
CLU_6449 3143305212588 9706 
CLU_6449 3143309812083 3681 
CLU_6449 3143306023282 3720 
CLU_6449 3143302218968 7212 
CLU_6449 3143309772227 2673 
CLU_6449 3143302203480 4635 
CLU_6449 3143302150085 1815 
CLU_6449 3143300211826 8371 
CLU_6449 3143302149931 5896 
CLU_6449 3143309352511 2155 
CLU_6449 3143309690905 3853 
CLU_6449 3143307608756 2532 
CLU_6449 3143306409911 2808 
CLU_6449 3143307780907 7798 
CLU_6449 3143309936424 4548 
CLU_6449 3143309812075 4776 
CLU_6449 3143303688100 5466 
CLU_6449 3143303180115 3297 
CLU_6449 3143305302854 1734 
CLU_6449 3143302219212 1851 
CLU_6449 3143302149958 7617 
CLU_6449 3143307951345 4613 
CLU_6449 3143302219077 4223 
CLU_6449 3143302219344 7588 
CLU_6449 3143307607660 8974 
CLU_6449 3143302150069 942 
CLU_6449 3143307809131 5033 
CLU_6449 3143300186252 8779 
CLU_6449 3143307836619 3843 
CLU_6449 3143305212545 6667 
CLU_6449 3143302150077 2532 
CLU_6449 3143302150034 1576 
CLU_6449 3143305212529 24218 
CLU_6449 3143302219379 45146 
CLU_6449 3143305212618 24218 
CLU_6449 CLU_6117 47701 
CLU_6449 CLU_6298 5330 
CLU_6449 CLU_6301 16213 
CLU_6449 CLU_6312 6845 
CLU_6449 CLU_6320 7354 
CLU_6449 CLU_6326 7265 
CLU_6449 CLU_6362 4707 
CLU_6449 CLU_6374 7588 
CLU_6449 CLU_6383 3932 
CLU_6449 CLU_6385 4955 
CLU_6449 CLU_6399 6844 
CLU_6449 CLU_6409 43831 
CLU_6449 CLU_6411 20611 
CLU_6449 CLU_6413 45146 
CLU_6449 CLU_6416 24218 
CLU_6449 CLU_6417 64062 
CLU_6450 3143309772235 2428 
CLU_6450 3143309772251 3857 
CLU_6450 3143309812059 2255 
CLU_6450 3143305305063 4666 
CLU_6450 3143307781067 5718 
CLU_6450 3143305304997 5384 
CLU_6450 3143307831331 5901 
CLU_6450 3143300659134 5426 
CLU_6450 3143303180158 3559 
CLU_6450 3143307821506 2869 
CLU_6450 3143302150107 4667 
CLU_6450 3143309775978 2869 
CLU_6450 3143302219107 2290 
CLU_6450 3143302219352 1567 
CLU_6450 3143303180182 5104 
CLU_6450 3143302150050 6044 
CLU_6450 3143302150042 5581 
CLU_6450 3143302219085 6132 
CLU_6450 3143309812032 6451 
CLU_6450 3143302149915 7728 
CLU_6450 3143307299079 6549 
CLU_6450 3143302150018 8467 
CLU_6450 3143302218984 7861 
CLU_6450 3143306065295 8428 
CLU_6450 3143302219069 2295 
CLU_6450 3143306629296 8307 
CLU_6450 3143302149923 8330 
CLU_6450 3143306065341 9359 
CLU_6450 3143306329705 8519 
CLU_6450 3143306297943 15935 
CLU_6450 3143305212626 15935 
CLU_6450 3143307780621 4182 
CLU_6450 3143303180166 2869 
CLU_6450 3143302149893 6445 
CLU_6450 3143309251553 4110 
CLU_6450 3143302150026 4682 
CLU_6450 3143300550108 9078 
CLU_6450 3143303413578 29641 
CLU_6450 3143306329632 2713 
CLU_6450 3143305212588 12704 
CLU_6450 3143309812083 5272 
CLU_6450 3143306023282 2991 
CLU_6450 3143302218968 3354 
CLU_6450 3143309772227 5993 
CLU_6450 3143302203480 2294 
CLU_6450 3143302150085 6549 
CLU_6450 3143300211826 2472 
CLU_6450 3143302149931 1453 
CLU_6450 3143309352511 7075 
CLU_6450 3143309690905 5027 
CLU_6450 3143307608756 9221 
CLU_6450 3143306409911 9078 
CLU_6450 3143307780907 1513 
CLU_6450 3143309936424 5313 
CLU_6450 3143309812075 4672 
CLU_6450 3143303688100 5217 
CLU_6450 3143303180115 3857 
CLU_6450 3143305302854 4976 
CLU_6450 3143302219212 5291 
CLU_6450 3143302149958 1375 
CLU_6450 3143307951345 7088 
CLU_6450 3143302219077 4194 
CLU_6450 3143302219344 2295 
CLU_6450 3143307607660 4667 
CLU_6450 3143302150069 7458 
CLU_6450 3143307809131 9718 
CLU_6450 3143300186252 2630 
CLU_6450 3143307836619 6451 
CLU_6450 3143305212545 4112 
CLU_6450 3143302150077 9221 
CLU_6450 3143302150034 7229 
CLU_6450 3143305212529 17523 
CLU_6450 3143302219379 38641 
CLU_6450 3143305212618 17523 
CLU_6450 CLU_6117 42641 
CLU_6450 CLU_6298 11041 
CLU_6450 CLU_6301 22921 
CLU_6450 CLU_6312 1613 
CLU_6450 CLU_6320 2700 
CLU_6450 CLU_6326 6154 
CLU_6450 CLU_6362 3323 
CLU_6450 CLU_6374 2295 
CLU_6450 CLU_6383 10090 
CLU_6450 CLU_6385 7508 
CLU_6450 CLU_6399 3179 
CLU_6450 CLU_6409 38602 
CLU_6450 CLU_6411 14976 
CLU_6450 CLU_6413 38641 
CLU_6450 CLU_6416 17523 
CLU_6450 CLU_6417 57354 
CLU_6451 3143309772235 5305 
CLU_6451 3143309772251 6128 
CLU_6451 3143309812059 4395 
CLU_6451 3143305305063 7279 
CLU_6451 3143307781067 7777 
CLU_6451 3143305304997 7142 
CLU_6451 3143307831331 7249 
CLU_6451 3143300659134 5723 
CLU_6451 3143303180158 3279 
CLU_6451 3143307821506 3357 
CLU_6451 3143302150107 859 
CLU_6451 3143309775978 3357 
CLU_6451 3143302219107 3158 
CLU_6451 3143302219352 4734 
CLU_6451 3143303180182 8363 
CLU_6451 3143302150050 9038 
CLU_6451 3143302150042 8414 
CLU_6451 3143302219085 8952 
CLU_6451 3143309812032 7133 
CLU_6451 3143302149915 8573 
CLU_6451 3143307299079 9981 
CLU_6451 3143302150018 11151 
CLU_6451 3143302218984 10174 
CLU_6451 3143306065295 9576 
CLU_6451 3143302219069 6456 
CLU_6451 3143306629296 10734 
CLU_6451 3143302149923 10129 
CLU_6451 3143306065341 11275 
CLU_6451 3143306329705 9517 
CLU_6451 3143306297943 16954 
CLU_6451 3143305212626 16954 
CLU_6451 3143307780621 3481 
CLU_6451 3143303180166 3357 
CLU_6451 3143302149893 8878 
CLU_6451 3143309251553 8118 
CLU_6451 3143302150026 9039 
CLU_6451 3143300550108 10927 
CLU_6451 3143303413578 27909 
CLU_6451 3143306329632 3791 
CLU_6451 3143305212588 17013 
CLU_6451 3143309812083 6297 
CLU_6451 3143306023282 6321 
CLU_6451 3143302218968 2215 
CLU_6451 3143309772227 7461 
CLU_6451 3143302203480 6282 
CLU_6451 3143302150085 9981 
CLU_6451 3143300211826 6150 
CLU_6451 3143302149931 5881 
CLU_6451 3143309352511 8721 
CLU_6451 3143309690905 9130 
CLU_6451 3143307608756 11589 
CLU_6451 3143306409911 10927 
CLU_6451 3143307780907 5295 
CLU_6451 3143309936424 9566 
CLU_6451 3143309812075 5102 
CLU_6451 3143303688100 4917 
CLU_6451 3143303180115 6128 
CLU_6451 3143305302854 7912 
CLU_6451 3143302219212 7589 
CLU_6451 3143302149958 3153 
CLU_6451 3143307951345 7280 
CLU_6451 3143302219077 8379 
CLU_6451 3143302219344 6456 
CLU_6451 3143307607660 859 
CLU_6451 3143302150069 9839 
CLU_6451 3143307809131 10282 
CLU_6451 3143300186252 5957 
CLU_6451 3143307836619 7133 
CLU_6451 3143305212545 8576 
CLU_6451 3143302150077 11589 
CLU_6451 3143302150034 10475 
CLU_6451 3143305212529 16640 
CLU_6451 3143302219379 36023 
CLU_6451 3143305212618 16640 
CLU_6451 CLU_6117 38561 
CLU_6451 CLU_6298 12083 
CLU_6451 CLU_6301 24950 
CLU_6451 CLU_6312 6004 
CLU_6451 CLU_6320 6999 
CLU_6451 CLU_6326 10625 
CLU_6451 CLU_6362 4709 
CLU_6451 CLU_6374 6456 
CLU_6451 CLU_6383 11669 
CLU_6451 CLU_6385 7522 
CLU_6451 CLU_6399 7609 
CLU_6451 CLU_6409 34601 
CLU_6451 CLU_6411 11203 
CLU_6451 CLU_6413 36023 
CLU_6451 CLU_6416 16640 
CLU_6451 CLU_6417 55641 
CLU_6452 3143309772235 8673 
CLU_6452 3143309772251 10061 
CLU_6452 3143309812059 8687 
CLU_6452 3143305305063 10562 
CLU_6452 3143307781067 11754 
CLU_6452 3143305304997 11581 
CLU_6452 3143307831331 12180 
CLU_6452 3143300659134 11862 
CLU_6452 3143303180158 9815 
CLU_6452 3143307821506 9176 
CLU_6452 3143302150107 9714 
CLU_6452 3143309775978 9176 
CLU_6452 3143302219107 6005 
CLU_6452 3143302219352 7922 
CLU_6452 3143303180182 10375 
CLU_6452 3143302150050 11379 
CLU_6452 3143302150042 11149 
CLU_6452 3143302219085 11610 
CLU_6452 3143309812032 12838 
CLU_6452 3143302149915 14033 
CLU_6452 3143307299079 11268 
CLU_6452 3143302150018 13726 
CLU_6452 3143302218984 13496 
CLU_6452 3143306065295 14613 
CLU_6452 3143302219069 4662 
CLU_6452 3143306629296 13805 
CLU_6452 3143302149923 14240 
CLU_6452 3143306065341 15120 
CLU_6452 3143306329705 14748 
CLU_6452 3143306297943 21896 
CLU_6452 3143305212626 21896 
CLU_6452 3143307780621 10432 
CLU_6452 3143303180166 9176 
CLU_6452 3143302149893 12172 
CLU_6452 3143309251553 8598 
CLU_6452 3143302150026 7786 
CLU_6452 3143300550108 14900 
CLU_6452 3143303413578 36046 
CLU_6452 3143306329632 5273 
CLU_6452 3143305212588 13961 
CLU_6452 3143309812083 11656 
CLU_6452 3143306023282 8806 
CLU_6452 3143302218968 9242 
CLU_6452 3143309772227 12231 
CLU_6452 3143302203480 7703 
CLU_6452 3143302150085 11268 
CLU_6452 3143300211826 4039 
CLU_6452 3143302149931 6484 
CLU_6452 3143309352511 13161 
CLU_6452 3143309690905 8912 
CLU_6452 3143307608756 14672 
CLU_6452 3143306409911 14900 
CLU_6452 3143307780907 4928 
CLU_6452 3143309936424 8597 
CLU_6452 3143309812075 11107 
CLU_6452 3143303688100 11618 
CLU_6452 3143303180115 10061 
CLU_6452 3143305302854 10581 
CLU_6452 3143302219212 11264 
CLU_6452 3143302149958 6740 
CLU_6452 3143307951345 13511 
CLU_6452 3143302219077 8201 
CLU_6452 3143302219344 4662 
CLU_6452 3143307607660 9714 
CLU_6452 3143302150069 13090 
CLU_6452 3143307809131 16022 
CLU_6452 3143300186252 3805 
CLU_6452 3143307836619 12838 
CLU_6452 3143305212545 5965 
CLU_6452 3143302150077 14672 
CLU_6452 3143302150034 12060 
CLU_6452 3143305212529 13198 
CLU_6452 3143302219379 35787 
CLU_6452 3143305212618 13198 
CLU_6452 CLU_6117 42884 
CLU_6452 CLU_6298 17147 
CLU_6452 CLU_6301 27984 
CLU_6452 CLU_6312 5491 
CLU_6452 CLU_6320 4837 
CLU_6452 CLU_6326 6995 
CLU_6452 CLU_6362 9755 
CLU_6452 CLU_6374 4662 
CLU_6452 CLU_6383 15994 
CLU_6452 CLU_6385 13937 
CLU_6452 CLU_6399 5422 
CLU_6452 CLU_6409 38661 
CLU_6452 CLU_6411 15588 
CLU_6452 CLU_6413 35787 
CLU_6452 CLU_6416 13198 
CLU_6452 CLU_6417 53028 
CLU_6453 3143309772235 19355 
CLU_6453 3143309772251 18027 
CLU_6453 3143309812059 19322 
CLU_6453 3143305305063 17797 
CLU_6453 3143307781067 16585 
CLU_6453 3143305304997 16575 
CLU_6453 3143307831331 15916 
CLU_6453 3143300659134 16166 
CLU_6453 3143303180158 18478 
CLU_6453 3143307821506 19014 
CLU_6453 3143302150107 19901 
CLU_6453 3143309775978 19014 
CLU_6453 3143302219107 22654 
CLU_6453 3143302219352 20079 
CLU_6453 3143303180182 18556 
CLU_6453 3143302150050 17753 
CLU_6453 3143302150042 17643 
CLU_6453 3143302219085 17398 
CLU_6453 3143309812032 15173 
CLU_6453 3143302149915 14082 
CLU_6453 3143307299079 18646 
CLU_6453 3143302150018 16304 
CLU_6453 3143302218984 15736 
CLU_6453 3143306065295 13739 
CLU_6453 3143302219069 23459 
CLU_6453 3143306629296 15774 
CLU_6453 3143302149923 14619 
CLU_6453 3143306065341 14255 
CLU_6453 3143306329705 13528 
CLU_6453 3143306297943 9025 
CLU_6453 3143305212626 9025 
CLU_6453 3143307780621 17922 
CLU_6453 3143303180166 19014 
CLU_6453 3143302149893 16622 
CLU_6453 3143309251553 20436 
CLU_6453 3143302150026 21944 
CLU_6453 3143300550108 14277 
CLU_6453 3143303413578 9270 
CLU_6453 3143306329632 23454 
CLU_6453 3143305212588 24748 
CLU_6453 3143309812083 16351 
CLU_6453 3143306023282 19412 
CLU_6453 3143302218968 19349 
CLU_6453 3143309772227 15911 
CLU_6453 3143302203480 20539 
CLU_6453 3143302150085 18646 
CLU_6453 3143300211826 23969 
CLU_6453 3143302149931 21634 
CLU_6453 3143309352511 15243 
CLU_6453 3143309690905 20795 
CLU_6453 3143307608756 15295 
CLU_6453 3143306409911 14277 
CLU_6453 3143307780907 23075 
CLU_6453 3143309936424 21505 
CLU_6453 3143309812075 16935 
CLU_6453 3143303688100 16539 
CLU_6453 3143303180115 18027 
CLU_6453 3143305302854 18058 
CLU_6453 3143302219212 17097 
CLU_6453 3143302149958 21559 
CLU_6453 3143307951345 14490 
CLU_6453 3143302219077 21030 
CLU_6453 3143302219344 23459 
CLU_6453 3143307607660 19901 
CLU_6453 3143302150069 16048 
CLU_6453 3143307809131 12163 
CLU_6453 3143300186252 24200 
CLU_6453 3143307836619 15173 
CLU_6453 3143305212545 23380 
CLU_6453 3143302150077 15295 
CLU_6453 3143302150034 18038 
CLU_6453 3143305212529 37300 
CLU_6453 3143302219379 53986 
CLU_6453 3143305212618 37300 
CLU_6453 CLU_6117 49901 
CLU_6453 CLU_6298 11685 
CLU_6453 CLU_6301 14748 
CLU_6453 CLU_6312 22599 
CLU_6453 CLU_6320 23485 
CLU_6453 CLU_6326 24221 
CLU_6453 CLU_6362 18255 
CLU_6453 CLU_6374 23459 
CLU_6453 CLU_6383 13219 
CLU_6453 CLU_6385 14070 
CLU_6453 CLU_6399 23260 
CLU_6453 CLU_6409 46937 
CLU_6453 CLU_6411 28528 
CLU_6453 CLU_6413 53986 
CLU_6453 CLU_6416 37300 
CLU_6453 CLU_6417 74976 
CLU_6454 3143309772235 28988 
CLU_6454 3143309772251 27670 
CLU_6454 3143309812059 28926 
CLU_6454 3143305305063 27444 
CLU_6454 3143307781067 26230 
CLU_6454 3143305304997 26222 
CLU_6454 3143307831331 25562 
CLU_6454 3143300659134 25756 
CLU_6454 3143303180158 27993 
CLU_6454 3143307821506 28558 
CLU_6454 3143302150107 29201 
CLU_6454 3143309775978 28558 
CLU_6454 3143302219107 32155 
CLU_6454 3143302219352 29697 
CLU_6454 3143303180182 28179 
CLU_6454 3143302150050 27354 
CLU_6454 3143302150042 27268 
CLU_6454 3143302219085 27005 
CLU_6454 3143309812032 24804 
CLU_6454 3143302149915 23729 
CLU_6454 3143307299079 28196 
CLU_6454 3143302150018 25781 
CLU_6454 3143302218984 25299 
CLU_6454 3143306065295 23376 
CLU_6454 3143302219069 33095 
CLU_6454 3143306629296 25295 
CLU_6454 3143302149923 24209 
CLU_6454 3143306065341 23768 
CLU_6454 3143306329705 23170 
CLU_6454 3143306297943 17835 
CLU_6454 3143305212626 17835 
CLU_6454 3143307780621 27418 
CLU_6454 3143303180166 28558 
CLU_6454 3143302149893 26239 
CLU_6454 3143309251553 30068 
CLU_6454 3143302150026 31560 
CLU_6454 3143300550108 23820 
CLU_6454 3143303413578 4665 
CLU_6454 3143306329632 32960 
CLU_6454 3143305212588 33782 
CLU_6454 3143309812083 25979 
CLU_6454 3143306023282 29059 
CLU_6454 3143302218968 28812 
CLU_6454 3143309772227 25558 
CLU_6454 3143302203480 30186 
CLU_6454 3143302150085 28196 
CLU_6454 3143300211826 33590 
CLU_6454 3143302149931 31274 
CLU_6454 3143309352511 24881 
CLU_6454 3143309690905 30397 
CLU_6454 3143307608756 24749 
CLU_6454 3143306409911 23820 
CLU_6454 3143307780907 32684 
CLU_6454 3143309936424 31097 
CLU_6454 3143309812075 26519 
CLU_6454 3143303688100 26079 
CLU_6454 3143303180115 27670 
CLU_6454 3143305302854 27694 
CLU_6454 3143302219212 26742 
CLU_6454 3143302149958 31098 
CLU_6454 3143307951345 24103 
CLU_6454 3143302219077 30657 
CLU_6454 3143302219344 33095 
CLU_6454 3143307607660 29201 
CLU_6454 3143302150069 25626 
CLU_6454 3143307809131 21808 
CLU_6454 3143300186252 33808 
CLU_6454 3143307836619 24804 
CLU_6454 3143305212545 33020 
CLU_6454 3143302150077 24749 
CLU_6454 3143302150034 27556 
CLU_6454 3143305212529 46366 
CLU_6454 3143302219379 61434 
CLU_6454 3143305212618 46366 
CLU_6454 CLU_6117 54706 
CLU_6454 CLU_6298 21235 
CLU_6454 CLU_6301 20319 
CLU_6454 CLU_6312 32234 
CLU_6454 CLU_6320 33129 
CLU_6454 CLU_6326 33814 
CLU_6454 CLU_6362 27858 
CLU_6454 CLU_6374 33095 
CLU_6454 CLU_6383 22734 
CLU_6454 CLU_6385 23675 
CLU_6454 CLU_6399 32908 
CLU_6454 CLU_6409 52282 
CLU_6454 CLU_6411 36638 
CLU_6454 CLU_6413 61434 
CLU_6454 CLU_6416 46366 
CLU_6454 CLU_6417 82896 
CLU_6455 3143309772235 1730 
CLU_6455 3143309772251 1125 
CLU_6455 3143309812059 1618 
CLU_6455 3143305305063 2201 
CLU_6455 3143307781067 2532 
CLU_6455 3143305304997 1921 
CLU_6455 3143307831331 2200 
CLU_6455 3143300659134 1686 
CLU_6455 3143303180158 2014 
CLU_6455 3143307821506 1940 
CLU_6455 3143302150107 4764 
CLU_6455 3143309775978 1940 
CLU_6455 3143302219107 5371 
CLU_6455 3143302219352 2350 
CLU_6455 3143303180182 3543 
CLU_6455 3143302150050 3965 
CLU_6455 3143302150042 3312 
CLU_6455 3143302219085 3807 
CLU_6455 3143309812032 2596 
CLU_6455 3143302149915 3928 
CLU_6455 3143307299079 5108 
CLU_6455 3143302150018 5916 
CLU_6455 3143302218984 4930 
CLU_6455 3143306065295 4743 
CLU_6455 3143302219069 5794 
CLU_6455 3143306629296 5488 
CLU_6455 3143302149923 4989 
CLU_6455 3143306065341 6120 
CLU_6455 3143306329705 4783 
CLU_6455 3143306297943 12316 
CLU_6455 3143305212626 12316 
CLU_6455 3143307780621 2130 
CLU_6455 3143303180166 1940 
CLU_6455 3143302149893 3640 
CLU_6455 3143309251553 4253 
CLU_6455 3143302150026 5756 
CLU_6455 3143300550108 5787 
CLU_6455 3143303413578 25923 
CLU_6455 3143306329632 6095 
CLU_6455 3143305212588 12907 
CLU_6455 3143309812083 1425 
CLU_6455 3143306023282 2305 
CLU_6455 3143302218968 3031 
CLU_6455 3143309772227 2361 
CLU_6455 3143302203480 3209 
CLU_6455 3143302150085 5108 
CLU_6455 3143300211826 6243 
CLU_6455 3143302149931 4031 
CLU_6455 3143309352511 3598 
CLU_6455 3143309690905 5200 
CLU_6455 3143307608756 6349 
CLU_6455 3143306409911 5787 
CLU_6455 3143307780907 5345 
CLU_6455 3143309936424 5881 
CLU_6455 3143309812075 1094 
CLU_6455 3143303688100 1913 
CLU_6455 3143303180115 1125 
CLU_6455 3143305302854 2926 
CLU_6455 3143302219212 2364 
CLU_6455 3143302149958 4131 
CLU_6455 3143307951345 3244 
CLU_6455 3143302219077 4785 
CLU_6455 3143302219344 5794 
CLU_6455 3143307607660 4764 
CLU_6455 3143302150069 4592 
CLU_6455 3143307809131 5900 
CLU_6455 3143300186252 6469 
CLU_6455 3143307836619 2596 
CLU_6455 3143305212545 6410 
CLU_6455 3143302150077 6349 
CLU_6455 3143302150034 5444 
CLU_6455 3143305212529 20926 
CLU_6455 3143302219379 41185 
CLU_6455 3143305212618 20926 
CLU_6455 CLU_6117 43515 
CLU_6455 CLU_6298 7373 
CLU_6455 CLU_6301 19858 
CLU_6455 CLU_6312 4936 
CLU_6455 CLU_6320 5924 
CLU_6455 CLU_6326 8022 
CLU_6455 CLU_6362 621 
CLU_6455 CLU_6374 5794 
CLU_6455 CLU_6383 6651 
CLU_6455 CLU_6385 3677 
CLU_6455 CLU_6399 5924 
CLU_6455 CLU_6409 39629 
CLU_6455 CLU_6411 16416 
CLU_6455 CLU_6413 41185 
CLU_6455 CLU_6416 20926 
CLU_6455 CLU_6417 60483 
CLU_6456 3143309772235 3485 
CLU_6456 3143309772251 2223 
CLU_6456 3143309812059 3540 
CLU_6456 3143305305063 2501 
CLU_6456 3143307781067 1813 
CLU_6456 3143305304997 1208 
CLU_6456 3143307831331 718 
CLU_6456 3143300659134 1098 
CLU_6456 3143303180158 3454 
CLU_6456 3143307821506 3663 
CLU_6456 3143302150107 6059 
CLU_6456 3143309775978 3663 
CLU_6456 3143302219107 7258 
CLU_6456 3143302219352 4228 
CLU_6456 3143303180182 3854 
CLU_6456 3143302150050 3771 
CLU_6456 3143302150042 3188 
CLU_6456 3143302219085 3464 
CLU_6456 3143309812032 698 
CLU_6456 3143302149915 2021 
CLU_6456 3143307299079 5084 
CLU_6456 3143302150018 4991 
CLU_6456 3143302218984 3814 
CLU_6456 3143306065295 2920 
CLU_6456 3143302219069 7593 
CLU_6456 3143306629296 4398 
CLU_6456 3143302149923 3483 
CLU_6456 3143306065341 4626 
CLU_6456 3143306329705 2916 
CLU_6456 3143306297943 10465 
CLU_6456 3143305212626 10465 
CLU_6456 3143307780621 3230 
CLU_6456 3143303180166 3663 
CLU_6456 3143302149893 2910 
CLU_6456 3143309251553 5247 
CLU_6456 3143302150026 6852 
CLU_6456 3143300550108 4270 
CLU_6456 3143303413578 24200 
CLU_6456 3143306329632 7998 
CLU_6456 3143305212588 13144 
CLU_6456 3143309812083 497 
CLU_6456 3143306023282 3676 
CLU_6456 3143302218968 4549 
CLU_6456 3143309772227 963 
CLU_6456 3143302203480 4764 
CLU_6456 3143302150085 5084 
CLU_6456 3143300211826 8105 
CLU_6456 3143302149931 5779 
CLU_6456 3143309352511 2105 
CLU_6456 3143309690905 6013 
CLU_6456 3143307608756 5134 
CLU_6456 3143306409911 4270 
CLU_6456 3143307780907 7235 
CLU_6456 3143309936424 6760 
CLU_6456 3143309812075 1594 
CLU_6456 3143303688100 2000 
CLU_6456 3143303180115 2223 
CLU_6456 3143305302854 3147 
CLU_6456 3143302219212 2079 
CLU_6456 3143302149958 6032 
CLU_6456 3143307951345 1500 
CLU_6456 3143302219077 5847 
CLU_6456 3143302219344 7593 
CLU_6456 3143307607660 6059 
CLU_6456 3143302150069 3588 
CLU_6456 3143307809131 3979 
CLU_6456 3143300186252 8358 
CLU_6456 3143307836619 698 
CLU_6456 3143305212545 7857 
CLU_6456 3143302150077 5134 
CLU_6456 3143302150034 5137 
CLU_6456 3143305212529 22775 
CLU_6456 3143302219379 42718 
CLU_6456 3143305212618 22775 
CLU_6456 CLU_6117 44343 
CLU_6456 CLU_6298 5522 
CLU_6456 CLU_6301 18254 
CLU_6456 CLU_6312 6732 
CLU_6456 CLU_6320 7654 
CLU_6456 CLU_6326 9215 
CLU_6456 CLU_6362 2518 
CLU_6456 CLU_6374 7593 
CLU_6456 CLU_6383 4973 
CLU_6456 CLU_6385 1954 
CLU_6456 CLU_6399 7532 
CLU_6456 CLU_6409 40536 
CLU_6456 CLU_6411 17643 
CLU_6456 CLU_6413 42718 
CLU_6456 CLU_6416 22775 
CLU_6456 CLU_6417 62219 
CLU_6457 3143309772235 4946 
CLU_6457 3143309772251 4136 
CLU_6457 3143309812059 4540 
CLU_6457 3143305305063 4779 
CLU_6457 3143307781067 4211 
CLU_6457 3143305304997 3589 
CLU_6457 3143307831331 3084 
CLU_6457 3143300659134 1639 
CLU_6457 3143303180158 3355 
CLU_6457 3143307821506 3938 
CLU_6457 3143302150107 5122 
CLU_6457 3143309775978 3938 
CLU_6457 3143302219107 7524 
CLU_6457 3143302219352 5401 
CLU_6457 3143303180182 6185 
CLU_6457 3143302150050 6169 
CLU_6457 3143302150042 5576 
CLU_6457 3143302219085 5862 
CLU_6457 3143309812032 2199 
CLU_6457 3143302149915 3241 
CLU_6457 3143307299079 7479 
CLU_6457 3143302150018 7222 
CLU_6457 3143302218984 5998 
CLU_6457 3143306065295 4295 
CLU_6457 3143302219069 8862 
CLU_6457 3143306629296 6567 
CLU_6457 3143302149923 5368 
CLU_6457 3143306065341 6422 
CLU_6457 3143306329705 4119 
CLU_6457 3143306297943 11153 
CLU_6457 3143305212626 11153 
CLU_6457 3143307780621 2790 
CLU_6457 3143303180166 3938 
CLU_6457 3143302149893 5278 
CLU_6457 3143309251553 7358 
CLU_6457 3143302150026 8922 
CLU_6457 3143300550108 6064 
CLU_6457 3143303413578 22945 
CLU_6457 3143306329632 8327 
CLU_6457 3143305212588 15536 
CLU_6457 3143309812083 2506 
CLU_6457 3143306023282 5517 
CLU_6457 3143302218968 4231 
CLU_6457 3143309772227 3313 
CLU_6457 3143302203480 6450 
CLU_6457 3143302150085 7479 
CLU_6457 3143300211826 9178 
CLU_6457 3143302149931 7190 
CLU_6457 3143309352511 4190 
CLU_6457 3143309690905 8222 
CLU_6457 3143307608756 7180 
CLU_6457 3143306409911 6064 
CLU_6457 3143307780907 8216 
CLU_6457 3143309936424 8947 
CLU_6457 3143309812075 2166 
CLU_6457 3143303688100 1490 
CLU_6457 3143303180115 4136 
CLU_6457 3143305302854 5478 
CLU_6457 3143302219212 4456 
CLU_6457 3143302149958 6465 
CLU_6457 3143307951345 1729 
CLU_6457 3143302219077 7929 
CLU_6457 3143302219344 8862 
CLU_6457 3143307607660 5122 
CLU_6457 3143302150069 5842 
CLU_6457 3143307809131 4516 
CLU_6457 3143300186252 9317 
CLU_6457 3143307836619 2199 
CLU_6457 3143305212545 9652 
CLU_6457 3143302150077 7180 
CLU_6457 3143302150034 7528 
CLU_6457 3143305212529 22535 
CLU_6457 3143302219379 41580 
CLU_6457 3143305212618 22535 
CLU_6457 CLU_6117 42357 
CLU_6457 CLU_6298 6448 
CLU_6457 CLU_6301 19513 
CLU_6457 CLU_6312 8025 
CLU_6457 CLU_6320 9068 
CLU_6457 CLU_6326 11232 
CLU_6457 CLU_6362 3536 
CLU_6457 CLU_6374 8862 
CLU_6457 CLU_6383 6449 
CLU_6457 CLU_6385 1761 
CLU_6457 CLU_6399 9139 
CLU_6457 CLU_6409 38620 
CLU_6457 CLU_6411 16160 
CLU_6457 CLU_6413 41580 
CLU_6457 CLU_6416 22535 
CLU_6457 CLU_6417 61498 
CLU_6458 3143309772235 2409 
CLU_6458 3143309772251 3438 
CLU_6458 3143309812059 1545 
CLU_6458 3143305305063 4546 
CLU_6458 3143307781067 5263 
CLU_6458 3143305304997 4724 
CLU_6458 3143307831331 5032 
CLU_6458 3143300659134 4002 
CLU_6458 3143303180158 1638 
CLU_6458 3143307821506 1066 
CLU_6458 3143302150107 2835 
CLU_6458 3143309775978 1066 
CLU_6458 3143302219107 2622 
CLU_6458 3143302219352 1822 
CLU_6458 3143303180182 5501 
CLU_6458 3143302150050 6249 
CLU_6458 3143302150042 5654 
CLU_6458 3143302219085 6210 
CLU_6458 3143309812032 5274 
CLU_6458 3143302149915 6687 
CLU_6458 3143307299079 7107 
CLU_6458 3143302150018 8494 
CLU_6458 3143302218984 7635 
CLU_6458 3143306065295 7560 
CLU_6458 3143302219069 4366 
CLU_6458 3143306629296 8163 
CLU_6458 3143302149923 7807 
CLU_6458 3143306065341 8926 
CLU_6458 3143306329705 7579 
CLU_6458 3143306297943 15127 
CLU_6458 3143305212626 15127 
CLU_6458 3143307780621 2251 
CLU_6458 3143303180166 1066 
CLU_6458 3143302149893 6261 
CLU_6458 3143309251553 5207 
CLU_6458 3143302150026 6223 
CLU_6458 3143300550108 8601 
CLU_6458 3143303413578 27888 
CLU_6458 3143306329632 3401 
CLU_6458 3143305212588 14132 
CLU_6458 3143309812083 4186 
CLU_6458 3143306023282 3410 
CLU_6458 3143302218968 1287 
CLU_6458 3143309772227 5197 
CLU_6458 3143302203480 3399 
CLU_6458 3143302150085 7107 
CLU_6458 3143300211826 4431 
CLU_6458 3143302149931 3234 
CLU_6458 3143309352511 6427 
CLU_6458 3143309690905 6225 
CLU_6458 3143307608756 9056 
CLU_6458 3143306409911 8601 
CLU_6458 3143307780907 3445 
CLU_6458 3143309936424 6695 
CLU_6458 3143309812075 3231 
CLU_6458 3143303688100 3536 
CLU_6458 3143303180115 3438 
CLU_6458 3143305302854 5111 
CLU_6458 3143302219212 4974 
CLU_6458 3143302149958 1487 
CLU_6458 3143307951345 5728 
CLU_6458 3143302219077 5499 
CLU_6458 3143302219344 4366 
CLU_6458 3143307607660 2835 
CLU_6458 3143302150069 7266 
CLU_6458 3143307809131 8610 
CLU_6458 3143300186252 4469 
CLU_6458 3143307836619 5274 
CLU_6458 3143305212545 6034 
CLU_6458 3143302150077 9056 
CLU_6458 3143302150034 7645 
CLU_6458 3143305212529 18109 
CLU_6458 3143302219379 38453 
CLU_6458 3143305212618 18109 
CLU_6458 CLU_6117 41477 
CLU_6458 CLU_6298 10182 
CLU_6458 CLU_6301 22663 
CLU_6458 CLU_6312 3673 
CLU_6458 CLU_6320 4769 
CLU_6458 CLU_6326 8019 
CLU_6458 CLU_6362 2216 
CLU_6458 CLU_6374 4366 
CLU_6458 CLU_6383 9485 
CLU_6458 CLU_6385 6096 
CLU_6458 CLU_6399 5179 
CLU_6458 CLU_6409 37507 
CLU_6458 CLU_6411 14032 
CLU_6458 CLU_6413 38453 
CLU_6458 CLU_6416 18109 
CLU_6458 CLU_6417 57652 
CLU_6459 3143309772235 1664 
CLU_6459 3143309772251 3003 
CLU_6459 3143309812059 1189 
CLU_6459 3143305305063 3970 
CLU_6459 3143307781067 4897 
CLU_6459 3143305304997 4478 
CLU_6459 3143307831331 4932 
CLU_6459 3143300659134 4317 
CLU_6459 3143303180158 2465 
CLU_6459 3143307821506 1766 
CLU_6459 3143302150107 4009 
CLU_6459 3143309775978 1766 
CLU_6459 3143302219107 2743 
CLU_6459 3143302219352 827 
CLU_6459 3143303180182 4687 
CLU_6459 3143302150050 5537 
CLU_6459 3143302150042 4999 
CLU_6459 3143302219085 5561 
CLU_6459 3143309812032 5400 
CLU_6459 3143302149915 6723 
CLU_6459 3143307299079 6246 
CLU_6459 3143302150018 7895 
CLU_6459 3143302218984 7165 
CLU_6459 3143306065295 7482 
CLU_6459 3143302219069 3372 
CLU_6459 3143306629296 7652 
CLU_6459 3143302149923 7511 
CLU_6459 3143306065341 8584 
CLU_6459 3143306329705 7550 
CLU_6459 3143306297943 15036 
CLU_6459 3143305212626 15036 
CLU_6459 3143307780621 3081 
CLU_6459 3143303180166 1766 
CLU_6459 3143302149893 5752 
CLU_6459 3143309251553 4127 
CLU_6459 3143302150026 5053 
CLU_6459 3143300550108 8283 
CLU_6459 3143303413578 28509 
CLU_6459 3143306329632 3380 
CLU_6459 3143305212588 13003 
CLU_6459 3143309812083 4231 
CLU_6459 3143306023282 2520 
CLU_6459 3143302218968 2446 
CLU_6459 3143309772227 5049 
CLU_6459 3143302203480 2274 
CLU_6459 3143302150085 6246 
CLU_6459 3143300211826 3606 
CLU_6459 3143302149931 2057 
CLU_6459 3143309352511 6197 
CLU_6459 3143309690905 5129 
CLU_6459 3143307608756 8563 
CLU_6459 3143306409911 8283 
CLU_6459 3143307780907 2644 
CLU_6459 3143309936424 5557 
CLU_6459 3143309812075 3555 
CLU_6459 3143303688100 4083 
CLU_6459 3143303180115 3003 
CLU_6459 3143305302854 4414 
CLU_6459 3143302219212 4520 
CLU_6459 3143302149958 1506 
CLU_6459 3143307951345 6000 
CLU_6459 3143302219077 4369 
CLU_6459 3143302219344 3372 
CLU_6459 3143307607660 4009 
CLU_6459 3143302150069 6773 
CLU_6459 3143307809131 8704 
CLU_6459 3143300186252 3753 
CLU_6459 3143307836619 5400 
CLU_6459 3143305212545 4859 
CLU_6459 3143302150077 8563 
CLU_6459 3143302150034 6851 
CLU_6459 3143305212529 18280 
CLU_6459 3143302219379 39055 
CLU_6459 3143305212618 18280 
CLU_6459 CLU_6117 42500 
CLU_6459 CLU_6298 10111 
CLU_6459 CLU_6301 22255 
CLU_6459 CLU_6312 2602 
CLU_6459 CLU_6320 3701 
CLU_6459 CLU_6326 6833 
CLU_6459 CLU_6362 2235 
CLU_6459 CLU_6374 3372 
CLU_6459 CLU_6383 9250 
CLU_6459 CLU_6385 6411 
CLU_6459 CLU_6399 4036 
CLU_6459 CLU_6409 38504 
CLU_6459 CLU_6411 14954 
CLU_6459 CLU_6413 39055 
CLU_6459 CLU_6416 18280 
CLU_6459 CLU_6417 58005 
CLU_6460 3143309772235 3848 
CLU_6460 3143309772251 4323 
CLU_6460 3143309812059 4696 
CLU_6460 3143305305063 3969 
CLU_6460 3143307781067 5094 
CLU_6460 3143305304997 5322 
CLU_6460 3143307831331 6026 
CLU_6460 3143300659134 6823 
CLU_6460 3143303180158 6540 
CLU_6460 3143307821506 5941 
CLU_6460 3143302150107 8649 
CLU_6460 3143309775978 5941 
CLU_6460 3143302219107 6552 
CLU_6460 3143302219352 4028 
CLU_6460 3143303180182 3019 
CLU_6460 3143302150050 3892 
CLU_6460 3143302150042 3931 
CLU_6460 3143302219085 4217 
CLU_6460 3143309812032 7019 
CLU_6460 3143302149915 7669 
CLU_6460 3143307299079 3451 
CLU_6460 3143302150018 6000 
CLU_6460 3143302218984 6042 
CLU_6460 3143306065295 7844 
CLU_6460 3143302219069 3734 
CLU_6460 3143306629296 6219 
CLU_6460 3143302149923 7027 
CLU_6460 3143306065341 7676 
CLU_6460 3143306329705 8073 
CLU_6460 3143306297943 14435 
CLU_6460 3143305212626 14435 
CLU_6460 3143307780621 7006 
CLU_6460 3143303180166 5941 
CLU_6460 3143302149893 4962 
CLU_6460 3143309251553 1173 
CLU_6460 3143302150026 465 
CLU_6460 3143300550108 7533 
CLU_6460 3143303413578 30297 
CLU_6460 3143306329632 6746 
CLU_6460 3143305212588 8374 
CLU_6460 3143309812083 6074 
CLU_6460 3143306023282 2991 
CLU_6460 3143302218968 6968 
CLU_6460 3143309772227 5939 
CLU_6460 3143302203480 2433 
CLU_6460 3143302150085 3451 
CLU_6460 3143300211826 4624 
CLU_6460 3143302149931 2906 
CLU_6460 3143309352511 6351 
CLU_6460 3143309690905 1048 
CLU_6460 3143307608756 7010 
CLU_6460 3143306409911 7533 
CLU_6460 3143307780907 4531 
CLU_6460 3143309936424 979 
CLU_6460 3143309812075 6378 
CLU_6460 3143303688100 7204 
CLU_6460 3143303180115 4323 
CLU_6460 3143305302854 3546 
CLU_6460 3143302219212 4601 
CLU_6460 3143302149958 5712 
CLU_6460 3143307951345 7884 
CLU_6460 3143302219077 561 
CLU_6460 3143302219344 3734 
CLU_6460 3143307607660 8649 
CLU_6460 3143302150069 5668 
CLU_6460 3143307809131 9450 
CLU_6460 3143300186252 5116 
CLU_6460 3143307836619 7019 
CLU_6460 3143305212545 1988 
CLU_6460 3143302150077 7010 
CLU_6460 3143302150034 4243 
CLU_6460 3143305212529 20636 
CLU_6460 3143302219379 42492 
CLU_6460 3143305212618 20636 
CLU_6460 CLU_6117 46989 
CLU_6460 CLU_6298 10037 
CLU_6460 CLU_6301 20120 
CLU_6460 CLU_6312 3365 
CLU_6460 CLU_6320 3251 
CLU_6460 CLU_6326 2814 
CLU_6460 CLU_6362 5240 
CLU_6460 CLU_6374 3734 
CLU_6460 CLU_6383 8657 
CLU_6460 CLU_6385 8331 
CLU_6460 CLU_6399 2483 
CLU_6460 CLU_6409 42947 
CLU_6460 CLU_6411 19311 
CLU_6460 CLU_6413 42492 
CLU_6460 CLU_6416 20636 
CLU_6460 CLU_6417 60601 
CLU_6461 3143309772235 4572 
CLU_6461 3143309772251 3997 
CLU_6461 3143309812059 5480 
CLU_6461 3143305305063 2953 
CLU_6461 3143307781067 3454 
CLU_6461 3143305304997 4027 
CLU_6461 3143307831331 4604 
CLU_6461 3143300659134 6076 
CLU_6461 3143303180158 6986 
CLU_6461 3143307821506 6615 
CLU_6461 3143302150107 9603 
CLU_6461 3143309775978 6615 
CLU_6461 3143302219107 8600 
CLU_6461 3143302219352 5256 
CLU_6461 3143303180182 1572 
CLU_6461 3143302150050 1519 
CLU_6461 3143302150042 2043 
CLU_6461 3143302219085 1888 
CLU_6461 3143309812032 5635 
CLU_6461 3143302149915 5726 
CLU_6461 3143307299079 387 
CLU_6461 3143302150018 2965 
CLU_6461 3143302218984 3274 
CLU_6461 3143306065295 5543 
CLU_6461 3143302219069 6542 
CLU_6461 3143306629296 3300 
CLU_6461 3143302149923 4415 
CLU_6461 3143306065341 4820 
CLU_6461 3143306329705 5826 
CLU_6461 3143306297943 11460 
CLU_6461 3143305212626 11460 
CLU_6461 3143307780621 7227 
CLU_6461 3143303180166 6615 
CLU_6461 3143302149893 2678 
CLU_6461 3143309251553 2397 
CLU_6461 3143302150026 3273 
CLU_6461 3143300550108 4747 
CLU_6461 3143303413578 27948 
CLU_6461 3143306329632 9009 
CLU_6461 3143305212588 7924 
CLU_6461 3143309812083 5130 
CLU_6461 3143306023282 3577 
CLU_6461 3143302218968 7795 
CLU_6461 3143309772227 4413 
CLU_6461 3143302203480 4029 
CLU_6461 3143302150085 387 
CLU_6461 3143300211826 7406 
CLU_6461 3143302149931 5148 
CLU_6461 3143309352511 4223 
CLU_6461 3143309690905 2053 
CLU_6461 3143307608756 4004 
CLU_6461 3143306409911 4747 
CLU_6461 3143307780907 7054 
CLU_6461 3143309936424 2615 
CLU_6461 3143309812075 5979 
CLU_6461 3143303688100 6778 
CLU_6461 3143303180115 3997 
CLU_6461 3143305302854 2210 
CLU_6461 3143302219212 3158 
CLU_6461 3143302149958 7494 
CLU_6461 3143307951345 6475 
CLU_6461 3143302219077 2712 
CLU_6461 3143302219344 6542 
CLU_6461 3143307607660 9603 
CLU_6461 3143302150069 2976 
CLU_6461 3143307809131 7158 
CLU_6461 3143300186252 7870 
CLU_6461 3143307836619 5635 
CLU_6461 3143305212545 5062 
CLU_6461 3143302150077 4004 
CLU_6461 3143302150034 1165 
CLU_6461 3143305212529 23472 
CLU_6461 3143302219379 44954 
CLU_6461 3143305212618 23472 
CLU_6461 CLU_6117 48424 
CLU_6461 CLU_6298 7334 
CLU_6461 CLU_6301 17095 
CLU_6461 CLU_6312 5951 
CLU_6461 CLU_6320 6166 
CLU_6461 CLU_6326 5289 
CLU_6461 CLU_6362 5417 
CLU_6461 CLU_6374 6542 
CLU_6461 CLU_6383 5845 
CLU_6461 CLU_6385 6864 
CLU_6461 CLU_6399 5492 
CLU_6461 CLU_6409 44476 
CLU_6461 CLU_6411 21004 
CLU_6461 CLU_6413 44954 
CLU_6461 CLU_6416 23472 
CLU_6461 CLU_6417 63424 
CLU_6462 3143309772235 5014 
CLU_6462 3143309772251 3624 
CLU_6462 3143309812059 5532 
CLU_6462 3143305305063 2800 
CLU_6462 3143307781067 1730 
CLU_6462 3143305304997 2258 
CLU_6462 3143307831331 2187 
CLU_6462 3143300659134 3961 
CLU_6462 3143303180158 6101 
CLU_6462 3143307821506 6120 
CLU_6462 3143302150107 8815 
CLU_6462 3143309775978 6120 
CLU_6462 3143302219107 9358 
CLU_6462 3143302219352 5898 
CLU_6462 3143303180182 3189 
CLU_6462 3143302150050 2380 
CLU_6462 3143302150042 2288 
CLU_6462 3143302219085 2017 
CLU_6462 3143309812032 2799 
CLU_6462 3143302149915 2166 
CLU_6462 3143307299079 3456 
CLU_6462 3143302150018 2247 
CLU_6462 3143302218984 1011 
CLU_6462 3143306065295 1772 
CLU_6462 3143302219069 8675 
CLU_6462 3143306629296 1575 
CLU_6462 3143302149923 911 
CLU_6462 3143306065341 1961 
CLU_6462 3143306329705 2061 
CLU_6462 3143306297943 8575 
CLU_6462 3143305212626 8575 
CLU_6462 3143307780621 6000 
CLU_6462 3143303180166 6120 
CLU_6462 3143302149893 1243 
CLU_6462 3143309251553 5095 
CLU_6462 3143302150026 6562 
CLU_6462 3143300550108 1655 
CLU_6462 3143303413578 24220 
CLU_6462 3143306329632 10006 
CLU_6462 3143305212588 11169 
CLU_6462 3143309812083 3143 
CLU_6462 3143306023282 4567 
CLU_6462 3143302218968 7174 
CLU_6462 3143309772227 1952 
CLU_6462 3143302203480 5636 
CLU_6462 3143302150085 3456 
CLU_6462 3143300211826 9385 
CLU_6462 3143302149931 6883 
CLU_6462 3143309352511 801 
CLU_6462 3143309690905 5413 
CLU_6462 3143307608756 2272 
CLU_6462 3143306409911 1655 
CLU_6462 3143307780907 8694 
CLU_6462 3143309936424 6134 
CLU_6462 3143309812075 4361 
CLU_6462 3143303688100 4863 
CLU_6462 3143303180115 3624 
CLU_6462 3143305302854 2787 
CLU_6462 3143302219212 2137 
CLU_6462 3143302149958 8105 
CLU_6462 3143307951345 3393 
CLU_6462 3143302219077 5671 
CLU_6462 3143302219344 8675 
CLU_6462 3143307607660 8815 
CLU_6462 3143302150069 960 
CLU_6462 3143307809131 3387 
CLU_6462 3143300186252 9748 
CLU_6462 3143307836619 2799 
CLU_6462 3143305212545 8078 
CLU_6462 3143302150077 2272 
CLU_6462 3143302150034 3092 
CLU_6462 3143305212529 24906 
CLU_6462 3143302219379 45363 
CLU_6462 3143305212618 24906 
CLU_6462 CLU_6117 47200 
CLU_6462 CLU_6298 3868 
CLU_6462 CLU_6301 15692 
CLU_6462 CLU_6312 7871 
CLU_6462 CLU_6320 8529 
CLU_6462 CLU_6326 8844 
CLU_6462 CLU_6362 4777 
CLU_6462 CLU_6374 8675 
CLU_6462 CLU_6383 2679 
CLU_6462 CLU_6385 3647 
CLU_6462 CLU_6399 8123 
CLU_6462 CLU_6409 43399 
CLU_6462 CLU_6411 20455 
CLU_6462 CLU_6413 45363 
CLU_6462 CLU_6416 24906 
CLU_6462 CLU_6417 64601 
CLU_6463 3143309772235 6402 
CLU_6463 3143309772251 4971 
CLU_6463 3143309812059 6765 
CLU_6463 3143305305063 4357 
CLU_6463 3143307781067 3164 
CLU_6463 3143305304997 3449 
CLU_6463 3143307831331 3040 
CLU_6463 3143300659134 4469 
CLU_6463 3143303180158 6942 
CLU_6463 3143307821506 7115 
CLU_6463 3143302150107 9512 
CLU_6463 3143309775978 7115 
CLU_6463 3143302219107 10593 
CLU_6463 3143302219352 7266 
CLU_6463 3143303180182 4903 
CLU_6463 3143302150050 4091 
CLU_6463 3143302150042 3996 
CLU_6463 3143302219085 3733 
CLU_6463 3143309812032 3069 
CLU_6463 3143302149915 1724 
CLU_6463 3143307299079 5085 
CLU_6463 3143302150018 3244 
CLU_6463 3143302218984 2238 
CLU_6463 3143306065295 668 
CLU_6463 3143302219069 10255 
CLU_6463 3143306629296 2528 
CLU_6463 3143302149923 1044 
CLU_6463 3143306065341 1584 
CLU_6463 3143306329705 897 
CLU_6463 3143306297943 7112 
CLU_6463 3143305212626 7112 
CLU_6463 3143307780621 6697 
CLU_6463 3143303180166 7115 
CLU_6463 3143302149893 2960 
CLU_6463 3143309251553 6804 
CLU_6463 3143302150026 8281 
CLU_6463 3143300550108 1275 
CLU_6463 3143303413578 22527 
CLU_6463 3143306329632 11291 
CLU_6463 3143305212588 12454 
CLU_6463 3143309812083 3925 
CLU_6463 3143306023282 6110 
CLU_6463 3143302218968 8037 
CLU_6463 3143309772227 2887 
CLU_6463 3143302203480 7217 
CLU_6463 3143302150085 5085 
CLU_6463 3143300211826 10924 
CLU_6463 3143302149931 8436 
CLU_6463 3143309352511 1762 
CLU_6463 3143309690905 7129 
CLU_6463 3143307608756 2655 
CLU_6463 3143306409911 1275 
CLU_6463 3143307780907 10175 
CLU_6463 3143309936424 7846 
CLU_6463 3143309812075 5079 
CLU_6463 3143303688100 5337 
CLU_6463 3143303180115 4971 
CLU_6463 3143305302854 4462 
CLU_6463 3143302219212 3652 
CLU_6463 3143302149958 9343 
CLU_6463 3143307951345 3234 
CLU_6463 3143302219077 7385 
CLU_6463 3143302219344 10255 
CLU_6463 3143307607660 9512 
CLU_6463 3143302150069 2459 
CLU_6463 3143307809131 1820 
CLU_6463 3143300186252 11260 
CLU_6463 3143307836619 3069 
CLU_6463 3143305212545 9780 
CLU_6463 3143302150077 2655 
CLU_6463 3143302150034 4606 
CLU_6463 3143305212529 26162 
CLU_6463 3143302219379 46188 
CLU_6463 3143305212618 26162 
CLU_6463 CLU_6117 47303 
CLU_6463 CLU_6298 2232 
CLU_6463 CLU_6301 14781 
CLU_6463 CLU_6312 9429 
CLU_6463 CLU_6320 10150 
CLU_6463 CLU_6326 10559 
CLU_6463 CLU_6362 5861 
CLU_6463 CLU_6374 10255 
CLU_6463 CLU_6383 1514 
CLU_6463 CLU_6385 3274 
CLU_6463 CLU_6399 9786 
CLU_6463 CLU_6409 43580 
CLU_6463 CLU_6411 20994 
CLU_6463 CLU_6413 46188 
CLU_6463 CLU_6416 26162 
CLU_6463 CLU_6417 65694 
CLU_6464 3143309772235 6933 
CLU_6464 3143309772251 5502 
CLU_6464 3143309812059 7295 
CLU_6464 3143305305063 4875 
CLU_6464 3143307781067 3688 
CLU_6464 3143305304997 3981 
CLU_6464 3143307831331 3564 
CLU_6464 3143300659134 4945 
CLU_6464 3143303180158 7443 
CLU_6464 3143307821506 7630 
CLU_6464 3143302150107 9987 
CLU_6464 3143309775978 7630 
CLU_6464 3143302219107 11122 
CLU_6464 3143302219352 7797 
CLU_6464 3143303180182 5368 
CLU_6464 3143302150050 4521 
CLU_6464 3143302150042 4469 
CLU_6464 3143302219085 4173 
CLU_6464 3143309812032 3537 
CLU_6464 3143302149915 2139 
CLU_6464 3143307299079 5448 
CLU_6464 3143302150018 3422 
CLU_6464 3143302218984 2550 
CLU_6464 3143306065295 1090 
CLU_6464 3143302219069 10774 
CLU_6464 3143306629296 2741 
CLU_6464 3143302149923 1386 
CLU_6464 3143306065341 1520 
CLU_6464 3143306329705 1219 
CLU_6464 3143306297943 6581 
CLU_6464 3143305212626 6581 
CLU_6464 3143307780621 7182 
CLU_6464 3143303180166 7630 
CLU_6464 3143302149893 3422 
CLU_6464 3143309251553 7275 
CLU_6464 3143302150026 8730 
CLU_6464 3143300550108 1301 
CLU_6464 3143303413578 22150 
CLU_6464 3143306329632 11821 
CLU_6464 3143305212588 12622 
CLU_6464 3143309812083 4436 
CLU_6464 3143306023282 6632 
CLU_6464 3143302218968 8537 
CLU_6464 3143309772227 3416 
CLU_6464 3143302203480 7735 
CLU_6464 3143302150085 5448 
CLU_6464 3143300211826 11449 
CLU_6464 3143302149931 8958 
CLU_6464 3143309352511 2291 
CLU_6464 3143309690905 7563 
CLU_6464 3143307608756 2691 
CLU_6464 3143306409911 1301 
CLU_6464 3143307780907 10705 
CLU_6464 3143309936424 8269 
CLU_6464 3143309812075 5575 
CLU_6464 3143303688100 5799 
CLU_6464 3143303180115 5502 
CLU_6464 3143305302854 4954 
CLU_6464 3143302219212 4172 
CLU_6464 3143302149958 9872 
CLU_6464 3143307951345 3622 
CLU_6464 3143302219077 7850 
CLU_6464 3143302219344 10774 
CLU_6464 3143307607660 9987 
CLU_6464 3143302150069 2824 
CLU_6464 3143307809131 1690 
CLU_6464 3143300186252 11787 
CLU_6464 3143307836619 3537 
CLU_6464 3143305212545 10258 
CLU_6464 3143302150077 2691 
CLU_6464 3143302150034 4919 
CLU_6464 3143305212529 26688 
CLU_6464 3143302219379 46665 
CLU_6464 3143305212618 26688 
CLU_6464 CLU_6117 47635 
CLU_6464 CLU_6298 1711 
CLU_6464 CLU_6301 14309 
CLU_6464 CLU_6312 9951 
CLU_6464 CLU_6320 10662 
CLU_6464 CLU_6326 10986 
CLU_6464 CLU_6362 6385 
CLU_6464 CLU_6374 10774 
CLU_6464 CLU_6383 1116 
CLU_6464 CLU_6385 3610 
CLU_6464 CLU_6399 10285 
CLU_6464 CLU_6409 43932 
CLU_6464 CLU_6411 21428 
CLU_6464 CLU_6413 46665 
CLU_6464 CLU_6416 26688 
CLU_6464 CLU_6417 66206 
CLU_6465 3143309772235 3183 
CLU_6465 3143309772251 2177 
CLU_6465 3143309812059 3034 
CLU_6465 3143305305063 2814 
CLU_6465 3143307781067 2440 
CLU_6465 3143305304997 1752 
CLU_6465 3143307831331 1493 
CLU_6465 3143300659134 367 
CLU_6465 3143303180158 2666 
CLU_6465 3143307821506 2946 
CLU_6465 3143302150107 5231 
CLU_6465 3143309775978 2946 
CLU_6465 3143302219107 6603 
CLU_6465 3143302219352 3811 
CLU_6465 3143303180182 4233 
CLU_6465 3143302150050 4322 
CLU_6465 3143302150042 3696 
CLU_6465 3143302219085 4053 
CLU_6465 3143309812032 1300 
CLU_6465 3143302149915 2744 
CLU_6465 3143307299079 5607 
CLU_6465 3143302150018 5755 
CLU_6465 3143302218984 4604 
CLU_6465 3143306065295 3705 
CLU_6465 3143302219069 7261 
CLU_6465 3143306629296 5189 
CLU_6465 3143302149923 4315 
CLU_6465 3143306065341 5457 
CLU_6465 3143306329705 3672 
CLU_6465 3143306297943 11202 
CLU_6465 3143305212626 11202 
CLU_6465 3143307780621 2405 
CLU_6465 3143303180166 2946 
CLU_6465 3143302149893 3595 
CLU_6465 3143309251553 5383 
CLU_6465 3143302150026 6959 
CLU_6465 3143300550108 5101 
CLU_6465 3143303413578 24456 
CLU_6465 3143306329632 7365 
CLU_6465 3143305212588 13631 
CLU_6465 3143309812083 601 
CLU_6465 3143306023282 3601 
CLU_6465 3143302218968 3756 
CLU_6465 3143309772227 1735 
CLU_6465 3143302203480 4607 
CLU_6465 3143302150085 5607 
CLU_6465 3143300211826 7700 
CLU_6465 3143302149931 5493 
CLU_6465 3143309352511 2931 
CLU_6465 3143309690905 6239 
CLU_6465 3143307608756 5947 
CLU_6465 3143306409911 5101 
CLU_6465 3143307780907 6789 
CLU_6465 3143309936424 6966 
CLU_6465 3143309812075 793 
CLU_6465 3143303688100 1203 
CLU_6465 3143303180115 2177 
CLU_6465 3143305302854 3532 
CLU_6465 3143302219212 2575 
CLU_6465 3143302149958 5405 
CLU_6465 3143307951345 1799 
CLU_6465 3143302219077 5961 
CLU_6465 3143302219344 7261 
CLU_6465 3143307607660 5231 
CLU_6465 3143302150069 4354 
CLU_6465 3143307809131 4625 
CLU_6465 3143300186252 7913 
CLU_6465 3143307836619 1300 
CLU_6465 3143305212545 7785 
CLU_6465 3143302150077 5947 
CLU_6465 3143302150034 5749 
CLU_6465 3143305212529 22061 
CLU_6465 3143302219379 41898 
CLU_6465 3143305212618 22061 
CLU_6465 CLU_6117 43552 
CLU_6465 CLU_6298 6272 
CLU_6465 CLU_6301 19072 
CLU_6465 CLU_6312 6403 
CLU_6465 CLU_6320 7386 
CLU_6465 CLU_6326 9287 
CLU_6465 CLU_6362 1967 
CLU_6465 CLU_6374 7261 
CLU_6465 CLU_6383 5791 
CLU_6465 CLU_6385 2219 
CLU_6465 CLU_6399 7355 
CLU_6465 CLU_6409 39734 
CLU_6465 CLU_6411 16812 
CLU_6465 CLU_6413 41898 
CLU_6465 CLU_6416 22061 
CLU_6465 CLU_6417 61441 
CLU_6466 3143309772235 3131 
CLU_6466 3143309772251 2927 
CLU_6466 3143309812059 2478 
CLU_6466 3143305305063 3967 
CLU_6466 3143307781067 4023 
CLU_6466 3143305304997 3329 
CLU_6466 3143307831331 3260 
CLU_6466 3143300659134 1626 
CLU_6466 3143303180158 1087 
CLU_6466 3143307821506 1669 
CLU_6466 3143302150107 3425 
CLU_6466 3143309775978 1669 
CLU_6466 3143302219107 5264 
CLU_6466 3143302219352 3349 
CLU_6466 3143303180182 5339 
CLU_6466 3143302150050 5694 
CLU_6466 3143302150042 5039 
CLU_6466 3143302219085 5495 
CLU_6466 3143309812032 3036 
CLU_6466 3143302149915 4476 
CLU_6466 3143307299079 6884 
CLU_6466 3143302150018 7432 
CLU_6466 3143302218984 6332 
CLU_6466 3143306065295 5481 
CLU_6466 3143302219069 6724 
CLU_6466 3143306629296 6913 
CLU_6466 3143302149923 6117 
CLU_6466 3143306065341 7262 
CLU_6466 3143306329705 5420 
CLU_6466 3143306297943 12888 
CLU_6466 3143305212626 12888 
CLU_6466 3143307780621 620 
CLU_6466 3143303180166 1669 
CLU_6466 3143302149893 5191 
CLU_6466 3143309251553 5974 
CLU_6466 3143302150026 7404 
CLU_6466 3143300550108 6907 
CLU_6466 3143303413578 25203 
CLU_6466 3143306329632 6062 
CLU_6466 3143305212588 14708 
CLU_6466 3143309812083 2301 
CLU_6466 3143306023282 3965 
CLU_6466 3143302218968 2076 
CLU_6466 3143309772227 3492 
CLU_6466 3143302203480 4664 
CLU_6466 3143302150085 6884 
CLU_6466 3143300211826 6969 
CLU_6466 3143302149931 5169 
CLU_6466 3143309352511 4724 
CLU_6466 3143309690905 6951 
CLU_6466 3143307608756 7708 
CLU_6466 3143306409911 6907 
CLU_6466 3143307780907 5994 
CLU_6466 3143309936424 7607 
CLU_6466 3143309812075 1086 
CLU_6466 3143303688100 881 
CLU_6466 3143303180115 2927 
CLU_6466 3143305302854 4705 
CLU_6466 3143302219212 3998 
CLU_6466 3143302149958 4188 
CLU_6466 3143307951345 3240 
CLU_6466 3143302219077 6469 
CLU_6466 3143302219344 6724 
CLU_6466 3143307607660 3425 
CLU_6466 3143302150069 6048 
CLU_6466 3143307809131 6234 
CLU_6466 3143300186252 7078 
CLU_6466 3143307836619 3036 
CLU_6466 3143305212545 7818 
CLU_6466 3143302150077 7708 
CLU_6466 3143302150034 7170 
CLU_6466 3143305212529 20477 
CLU_6466 3143302219379 40099 
CLU_6466 3143305212618 20477 
CLU_6466 CLU_6117 41878 
CLU_6466 CLU_6298 7993 
CLU_6466 CLU_6301 20870 
CLU_6466 CLU_6312 5916 
CLU_6466 CLU_6320 6994 
CLU_6466 CLU_6326 9581 
CLU_6466 CLU_6362 1702 
CLU_6466 CLU_6374 6724 
CLU_6466 CLU_6383 7591 
CLU_6466 CLU_6385 3542 
CLU_6466 CLU_6399 7175 
CLU_6466 CLU_6409 38029 
CLU_6466 CLU_6411 15016 
CLU_6466 CLU_6413 40099 
CLU_6466 CLU_6416 20477 
CLU_6466 CLU_6417 59714 
CLU_6467 3143309772235 4010 
CLU_6467 3143309772251 3833 
CLU_6467 3143309812059 3290 
CLU_6467 3143305305063 4847 
CLU_6467 3143307781067 4802 
CLU_6467 3143305304997 4101 
CLU_6467 3143307831331 3925 
CLU_6467 3143300659134 2149 
CLU_6467 3143303180158 1584 
CLU_6467 3143307821506 2278 
CLU_6467 3143302150107 3074 
CLU_6467 3143309775978 2278 
CLU_6467 3143302219107 5573 
CLU_6467 3143302219352 4143 
CLU_6467 3143303180182 6235 
CLU_6467 3143302150050 6548 
CLU_6467 3143302150042 5896 
CLU_6467 3143302219085 6331 
CLU_6467 3143309812032 3493 
CLU_6467 3143302149915 4870 
CLU_6467 3143307299079 7762 
CLU_6467 3143302150018 8176 
CLU_6467 3143302218984 7036 
CLU_6467 3143306065295 5916 
CLU_6467 3143302219069 7416 
CLU_6467 3143306629296 7621 
CLU_6467 3143302149923 6706 
CLU_6467 3143306065341 7838 
CLU_6467 3143306329705 5812 
CLU_6467 3143306297943 13132 
CLU_6467 3143305212626 13132 
CLU_6467 3143307780621 962 
CLU_6467 3143303180166 2278 
CLU_6467 3143302149893 5973 
CLU_6467 3143309251553 6884 
CLU_6467 3143302150026 8300 
CLU_6467 3143300550108 7478 
CLU_6467 3143303413578 24753 
CLU_6467 3143306329632 6380 
CLU_6467 3143305212588 15617 
CLU_6467 3143309812083 2999 
CLU_6467 3143306023282 4871 
CLU_6467 3143302218968 2212 
CLU_6467 3143309772227 4168 
CLU_6467 3143302203480 5530 
CLU_6467 3143302150085 7762 
CLU_6467 3143300211826 7583 
CLU_6467 3143302149931 5950 
CLU_6467 3143309352511 5347 
CLU_6467 3143309690905 7865 
CLU_6467 3143307608756 8377 
CLU_6467 3143306409911 7478 
CLU_6467 3143307780907 6598 
CLU_6467 3143309936424 8517 
CLU_6467 3143309812075 1861 
CLU_6467 3143303688100 1246 
CLU_6467 3143303180115 3833 
CLU_6467 3143305302854 5588 
CLU_6467 3143302219212 4827 
CLU_6467 3143302149958 4623 
CLU_6467 3143307951345 3475 
CLU_6467 3143302219077 7373 
CLU_6467 3143302219344 7416 
CLU_6467 3143307607660 3074 
CLU_6467 3143302150069 6778 
CLU_6467 3143307809131 6458 
CLU_6467 3143300186252 7646 
CLU_6467 3143307836619 3493 
CLU_6467 3143305212545 8652 
CLU_6467 3143302150077 8377 
CLU_6467 3143302150034 8018 
CLU_6467 3143305212529 20446 
CLU_6467 3143302219379 39690 
CLU_6467 3143305212618 20446 
CLU_6467 CLU_6117 41124 
CLU_6467 CLU_6298 8314 
CLU_6467 CLU_6301 21307 
CLU_6467 CLU_6312 6636 
CLU_6467 CLU_6320 7729 
CLU_6467 CLU_6326 10452 
CLU_6467 CLU_6362 2604 
CLU_6467 CLU_6374 7416 
CLU_6467 CLU_6383 8070 
CLU_6467 CLU_6385 3681 
CLU_6467 CLU_6399 7967 
CLU_6467 CLU_6409 37301 
CLU_6467 CLU_6411 14444 
CLU_6467 CLU_6413 39690 
CLU_6467 CLU_6416 20446 
CLU_6467 CLU_6417 59474 
CLU_6468 3143309772235 4154 
CLU_6468 3143309772251 3959 
CLU_6468 3143309812059 5087 
CLU_6468 3143305305063 3136 
CLU_6468 3143307781067 3974 
CLU_6468 3143305304997 4416 
CLU_6468 3143307831331 5073 
CLU_6468 3143300659134 6305 
CLU_6468 3143303180158 6768 
CLU_6468 3143307821506 6302 
CLU_6468 3143302150107 9240 
CLU_6468 3143309775978 6302 
CLU_6468 3143302219107 7828 
CLU_6468 3143302219352 4692 
CLU_6468 3143303180182 1765 
CLU_6468 3143302150050 2297 
CLU_6468 3143302150042 2587 
CLU_6468 3143302219085 2669 
CLU_6468 3143309812032 6118 
CLU_6468 3143302149915 6448 
CLU_6468 3143307299079 1552 
CLU_6468 3143302150018 4127 
CLU_6468 3143302218984 4325 
CLU_6468 3143306065295 6416 
CLU_6468 3143302219069 5489 
CLU_6468 3143306629296 4418 
CLU_6468 3143302149923 5409 
CLU_6468 3143306065341 5919 
CLU_6468 3143306329705 6679 
CLU_6468 3143306297943 12611 
CLU_6468 3143305212626 12611 
CLU_6468 3143307780621 7101 
CLU_6468 3143303180166 6302 
CLU_6468 3143302149893 3478 
CLU_6468 3143309251553 1437 
CLU_6468 3143302150026 2103 
CLU_6468 3143300550108 5818 
CLU_6468 3143303413578 28896 
CLU_6468 3143306329632 8164 
CLU_6468 3143305212588 7844 
CLU_6468 3143309812083 5411 
CLU_6468 3143306023282 3127 
CLU_6468 3143302218968 7452 
CLU_6468 3143309772227 4922 
CLU_6468 3143302203480 3267 
CLU_6468 3143302150085 1552 
CLU_6468 3143300211826 6368 
CLU_6468 3143302149931 4248 
CLU_6468 3143309352511 4997 
CLU_6468 3143309690905 882 
CLU_6468 3143307608756 5158 
CLU_6468 3143306409911 5818 
CLU_6468 3143307780907 6101 
CLU_6468 3143309936424 1488 
CLU_6468 3143309812075 6063 
CLU_6468 3143303688100 6894 
CLU_6468 3143303180115 3959 
CLU_6468 3143305302854 2466 
CLU_6468 3143302219212 3566 
CLU_6468 3143302149958 6800 
CLU_6468 3143307951345 6986 
CLU_6468 3143302219077 1602 
CLU_6468 3143302219344 5489 
CLU_6468 3143307607660 9240 
CLU_6468 3143302150069 3987 
CLU_6468 3143307809131 8043 
CLU_6468 3143300186252 6844 
CLU_6468 3143307836619 6118 
CLU_6468 3143305212545 3894 
CLU_6468 3143302150077 5158 
CLU_6468 3143302150034 2336 
CLU_6468 3143305212529 22436 
CLU_6468 3143302219379 44082 
CLU_6468 3143305212618 22436 
CLU_6468 CLU_6117 47964 
CLU_6468 CLU_6298 8383 
CLU_6468 CLU_6301 18216 
CLU_6468 CLU_6312 4963 
CLU_6468 CLU_6320 5074 
CLU_6468 CLU_6326 4202 
CLU_6468 CLU_6362 5252 
CLU_6468 CLU_6374 5489 
CLU_6468 CLU_6383 6931 
CLU_6468 CLU_6385 7406 
CLU_6468 CLU_6399 4364 
CLU_6468 CLU_6409 43978 
CLU_6468 CLU_6411 20420 
CLU_6468 CLU_6413 44082 
CLU_6468 CLU_6416 22436 
CLU_6468 CLU_6417 62399 
CLU_6469 3143309772235 4320 
CLU_6469 3143309772251 4540 
CLU_6469 3143309812059 5218 
CLU_6469 3143305305063 3972 
CLU_6469 3143307781067 4987 
CLU_6469 3143305304997 5321 
CLU_6469 3143307831331 6013 
CLU_6469 3143300659134 7015 
CLU_6469 3143303180158 7027 
CLU_6469 3143307821506 6470 
CLU_6469 3143302150107 9275 
CLU_6469 3143309775978 6470 
CLU_6469 3143302219107 7357 
CLU_6469 3143302219352 4634 
CLU_6469 3143303180182 2789 
CLU_6469 3143302150050 3512 
CLU_6469 3143302150042 3689 
CLU_6469 3143302219085 3870 
CLU_6469 3143309812032 7040 
CLU_6469 3143302149915 7534 
CLU_6469 3143307299079 2830 
CLU_6469 3143302150018 5409 
CLU_6469 3143302218984 5596 
CLU_6469 3143306065295 7594 
CLU_6469 3143302219069 4588 
CLU_6469 3143306629296 5705 
CLU_6469 3143302149923 6655 
CLU_6469 3143306065341 7202 
CLU_6469 3143306329705 7844 
CLU_6469 3143306297943 13898 
CLU_6469 3143305212626 13898 
CLU_6469 3143307780621 7448 
CLU_6469 3143303180166 6470 
CLU_6469 3143302149893 4661 
CLU_6469 3143309251553 1345 
CLU_6469 3143302150026 856 
CLU_6469 3143300550108 7092 
CLU_6469 3143303413578 30085 
CLU_6469 3143306329632 7578 
CLU_6469 3143305212588 7683 
CLU_6469 3143309812083 6194 
CLU_6469 3143306023282 3365 
CLU_6469 3143302218968 7549 
CLU_6469 3143309772227 5894 
CLU_6469 3143302203480 3052 
CLU_6469 3143302150085 2830 
CLU_6469 3143300211826 5479 
CLU_6469 3143302149931 3701 
CLU_6469 3143309352511 6136 
CLU_6469 3143309690905 479 
CLU_6469 3143307608756 6444 
CLU_6469 3143306409911 7092 
CLU_6469 3143307780907 5380 
CLU_6469 3143309936424 295 
CLU_6469 3143309812075 6652 
CLU_6469 3143303688100 7487 
CLU_6469 3143303180115 4540 
CLU_6469 3143305302854 3421 
CLU_6469 3143302219212 4526 
CLU_6469 3143302149958 6468 
CLU_6469 3143307951345 7912 
CLU_6469 3143302219077 953 
CLU_6469 3143302219344 4588 
CLU_6469 3143307607660 9275 
CLU_6469 3143302150069 5248 
CLU_6469 3143307809131 9218 
CLU_6469 3143300186252 5972 
CLU_6469 3143307836619 7040 
CLU_6469 3143305212545 2686 
CLU_6469 3143302150077 6444 
CLU_6469 3143302150034 3602 
CLU_6469 3143305212529 21474 
CLU_6469 3143302219379 43348 
CLU_6469 3143305212618 21474 
CLU_6469 CLU_6117 47751 
CLU_6469 CLU_6298 9645 
CLU_6469 CLU_6301 19358 
CLU_6469 CLU_6312 4213 
CLU_6469 CLU_6320 4096 
CLU_6469 CLU_6326 2957 
CLU_6469 CLU_6362 5629 
CLU_6469 CLU_6374 4588 
CLU_6469 CLU_6383 8209 
CLU_6469 CLU_6385 8349 
CLU_6469 CLU_6399 3307 
CLU_6469 CLU_6409 43721 
CLU_6469 CLU_6411 20097 
CLU_6469 CLU_6413 43348 
CLU_6469 CLU_6416 21474 
CLU_6469 CLU_6417 61438 
CLU_6470 3143309772235 4736 
CLU_6470 3143309772251 5197 
CLU_6470 3143309812059 5573 
CLU_6470 3143305305063 4775 
CLU_6470 3143307781067 5855 
CLU_6470 3143305304997 6133 
CLU_6470 3143307831331 6833 
CLU_6470 3143300659134 7696 
CLU_6470 3143303180158 7421 
CLU_6470 3143307821506 6814 
CLU_6470 3143302150107 9476 
CLU_6470 3143309775978 6814 
CLU_6470 3143302219107 7193 
CLU_6470 3143302219352 4880 
CLU_6470 3143303180182 3698 
CLU_6470 3143302150050 4473 
CLU_6470 3143302150042 4610 
CLU_6470 3143302219085 4824 
CLU_6470 3143309812032 7842 
CLU_6470 3143302149915 8422 
CLU_6470 3143307299079 3800 
CLU_6470 3143302150018 6379 
CLU_6470 3143302218984 6572 
CLU_6470 3143306065295 8528 
CLU_6470 3143302219069 4099 
CLU_6470 3143306629296 6682 
CLU_6470 3143302149923 7621 
CLU_6470 3143306065341 8179 
CLU_6470 3143306329705 8771 
CLU_6470 3143306297943 14872 
CLU_6470 3143305212626 14872 
CLU_6470 3143307780621 7894 
CLU_6470 3143303180166 6814 
CLU_6470 3143302149893 5605 
CLU_6470 3143309251553 1993 
CLU_6470 3143302150026 432 
CLU_6470 3143300550108 8068 
CLU_6470 3143303413578 31013 
CLU_6470 3143306329632 7312 
CLU_6470 3143305212588 7646 
CLU_6470 3143309812083 6928 
CLU_6470 3143306023282 3882 
CLU_6470 3143302218968 7821 
CLU_6470 3143309772227 6732 
CLU_6470 3143302203480 3295 
CLU_6470 3143302150085 3800 
CLU_6470 3143300211826 4975 
CLU_6470 3143302149931 3610 
CLU_6470 3143309352511 7055 
CLU_6470 3143309690905 1432 
CLU_6470 3143307608756 7416 
CLU_6470 3143306409911 8068 
CLU_6470 3143307780907 5042 
CLU_6470 3143309936424 811 
CLU_6470 3143309812075 7265 
CLU_6470 3143303688100 8092 
CLU_6470 3143303180115 5197 
CLU_6470 3143305302854 4290 
CLU_6470 3143302219212 5376 
CLU_6470 3143302149958 6438 
CLU_6470 3143307951345 8711 
CLU_6470 3143302219077 1405 
CLU_6470 3143302219344 4099 
CLU_6470 3143307607660 9476 
CLU_6470 3143302150069 6220 
CLU_6470 3143307809131 10147 
CLU_6470 3143300186252 5472 
CLU_6470 3143307836619 7842 
CLU_6470 3143305212545 1881 
CLU_6470 3143302150077 7416 
CLU_6470 3143302150034 4563 
CLU_6470 3143305212529 20810 
CLU_6470 3143302219379 42858 
CLU_6470 3143305212618 20810 
CLU_6470 CLU_6117 47670 
CLU_6470 CLU_6298 10616 
CLU_6470 CLU_6301 20211 
CLU_6470 CLU_6312 3897 
CLU_6470 CLU_6320 3540 
CLU_6470 CLU_6326 2024 
CLU_6470 CLU_6362 6132 
CLU_6470 CLU_6374 4099 
CLU_6470 CLU_6383 9186 
CLU_6470 CLU_6385 9155 
CLU_6470 CLU_6399 2694 
CLU_6470 CLU_6409 43609 
CLU_6470 CLU_6411 19961 
CLU_6470 CLU_6413 42858 
CLU_6470 CLU_6416 20810 
CLU_6470 CLU_6417 60757 
CLU_6471 3143309772235 4785 
CLU_6471 3143309772251 5469 
CLU_6471 3143309812059 5541 
CLU_6471 3143305305063 5216 
CLU_6471 3143307781067 6361 
CLU_6471 3143305304997 6562 
CLU_6471 3143307831331 7266 
CLU_6471 3143300659134 7955 
CLU_6471 3143303180158 7391 
CLU_6471 3143307821506 6745 
CLU_6471 3143302150107 9246 
CLU_6471 3143309775978 6745 
CLU_6471 3143302219107 6685 
CLU_6471 3143302219352 4769 
CLU_6471 3143303180182 4298 
CLU_6471 3143302150050 5153 
CLU_6471 3143302150042 5211 
CLU_6471 3143302219085 5485 
CLU_6471 3143309812032 8242 
CLU_6471 3143302149915 8937 
CLU_6471 3143307299079 4597 
CLU_6471 3143302150018 7173 
CLU_6471 3143302218984 7290 
CLU_6471 3143306065295 9124 
CLU_6471 3143302219069 3403 
CLU_6471 3143306629296 7438 
CLU_6471 3143302149923 8296 
CLU_6471 3143306065341 8915 
CLU_6471 3143306329705 9352 
CLU_6471 3143306297943 15648 
CLU_6471 3143305212626 15648 
CLU_6471 3143307780621 7907 
CLU_6471 3143303180166 6745 
CLU_6471 3143302149893 6238 
CLU_6471 3143309251553 2438 
CLU_6471 3143302150026 947 
CLU_6471 3143300550108 8785 
CLU_6471 3143303413578 31571 
CLU_6471 3143306329632 6726 
CLU_6471 3143305212588 8166 
CLU_6471 3143309812083 7255 
CLU_6471 3143306023282 4061 
CLU_6471 3143302218968 7672 
CLU_6471 3143309772227 7190 
CLU_6471 3143302203480 3260 
CLU_6471 3143302150085 4597 
CLU_6471 3143300211826 4252 
CLU_6471 3143302149931 3258 
CLU_6471 3143309352511 7630 
CLU_6471 3143309690905 2172 
CLU_6471 3143307608756 8201 
CLU_6471 3143306409911 8785 
CLU_6471 3143307780907 4437 
CLU_6471 3143309936424 1664 
CLU_6471 3143309812075 7454 
CLU_6471 3143303688100 8262 
CLU_6471 3143303180115 5469 
CLU_6471 3143305302854 4822 
CLU_6471 3143302219212 5864 
CLU_6471 3143302149958 6049 
CLU_6471 3143307951345 9100 
CLU_6471 3143302219077 1832 
CLU_6471 3143302219344 3403 
CLU_6471 3143307607660 9246 
CLU_6471 3143302150069 6923 
CLU_6471 3143307809131 10729 
CLU_6471 3143300186252 4747 
CLU_6471 3143307836619 8242 
CLU_6471 3143305212545 1032 
CLU_6471 3143302150077 8201 
CLU_6471 3143302150034 5374 
CLU_6471 3143305212529 19973 
CLU_6471 3143302219379 42090 
CLU_6471 3143305212618 19973 
CLU_6471 CLU_6117 47153 
CLU_6471 CLU_6298 11304 
CLU_6471 CLU_6301 21080 
CLU_6471 CLU_6312 3339 
CLU_6471 CLU_6320 2811 
CLU_6471 CLU_6326 1666 
CLU_6471 CLU_6362 6229 
CLU_6471 CLU_6374 3403 
CLU_6471 CLU_6383 9907 
CLU_6471 CLU_6385 9550 
CLU_6471 CLU_6399 1950 
CLU_6471 CLU_6409 43070 
CLU_6471 CLU_6411 19422 
CLU_6471 CLU_6413 42090 
CLU_6471 CLU_6416 19973 
CLU_6471 CLU_6417 59911 
CLU_6472 3143309772235 4635 
CLU_6472 3143309772251 5779 
CLU_6472 3143309812059 3859 
CLU_6472 3143305305063 6866 
CLU_6472 3143307781067 7612 
CLU_6472 3143305304997 7065 
CLU_6472 3143307831331 7340 
CLU_6472 3143300659134 6121 
CLU_6472 3143303180158 3546 
CLU_6472 3143307821506 3259 
CLU_6472 3143302150107 2412 
CLU_6472 3143309775978 3259 
CLU_6472 3143302219107 1388 
CLU_6472 3143302219352 3867 
CLU_6472 3143303180182 7717 
CLU_6472 3143302150050 8527 
CLU_6472 3143302150042 7955 
CLU_6472 3143302219085 8515 
CLU_6472 3143309812032 7476 
CLU_6472 3143302149915 8916 
CLU_6472 3143307299079 9288 
CLU_6472 3143302150018 10821 
CLU_6472 3143302218984 9982 
CLU_6472 3143306065295 9835 
CLU_6472 3143302219069 4816 
CLU_6472 3143306629296 10507 
CLU_6472 3143302149923 10146 
CLU_6472 3143306065341 11270 
CLU_6472 3143306329705 9832 
CLU_6472 3143306297943 17376 
CLU_6472 3143305212626 17376 
CLU_6472 3143307780621 4003 
CLU_6472 3143303180166 3259 
CLU_6472 3143302149893 8602 
CLU_6472 3143309251553 7099 
CLU_6472 3143302150026 7783 
CLU_6472 3143300550108 10942 
CLU_6472 3143303413578 29292 
CLU_6472 3143306329632 2033 
CLU_6472 3143305212588 15805 
CLU_6472 3143309812083 6454 
CLU_6472 3143306023282 5559 
CLU_6472 3143302218968 2533 
CLU_6472 3143309772227 7516 
CLU_6472 3143302203480 5230 
CLU_6472 3143302150085 9288 
CLU_6472 3143300211826 4427 
CLU_6472 3143302149931 4554 
CLU_6472 3143309352511 8759 
CLU_6472 3143309690905 8065 
CLU_6472 3143307608756 11402 
CLU_6472 3143306409911 10942 
CLU_6472 3143307780907 3630 
CLU_6472 3143309936424 8400 
CLU_6472 3143309812075 5387 
CLU_6472 3143303688100 5478 
CLU_6472 3143303180115 5779 
CLU_6472 3143305302854 7392 
CLU_6472 3143302219212 7320 
CLU_6472 3143302149958 1730 
CLU_6472 3143307951345 7817 
CLU_6472 3143302219077 7255 
CLU_6472 3143302219344 4816 
CLU_6472 3143307607660 2412 
CLU_6472 3143302150069 9611 
CLU_6472 3143307809131 10780 
CLU_6472 3143300186252 4203 
CLU_6472 3143307836619 7476 
CLU_6472 3143305212545 7082 
CLU_6472 3143302150077 11402 
CLU_6472 3143302150034 9879 
CLU_6472 3143305212529 15896 
CLU_6472 3143302219379 36113 
CLU_6472 3143305212618 15896 
CLU_6472 CLU_6117 39555 
CLU_6472 CLU_6298 12438 
CLU_6472 CLU_6301 25008 
CLU_6472 CLU_6312 4477 
CLU_6472 CLU_6320 5392 
CLU_6472 CLU_6326 9140 
CLU_6472 CLU_6362 4547 
CLU_6472 CLU_6374 4816 
CLU_6472 CLU_6383 11807 
CLU_6472 CLU_6385 8136 
CLU_6472 CLU_6399 6074 
CLU_6472 CLU_6409 35531 
CLU_6472 CLU_6411 11936 
CLU_6472 CLU_6413 36113 
CLU_6472 CLU_6416 15896 
CLU_6472 CLU_6417 55326 
CLU_6473 3143309772235 4855 
CLU_6473 3143309772251 4034 
CLU_6473 3143309812059 5716 
CLU_6473 3143305305063 2898 
CLU_6473 3143307781067 3080 
CLU_6473 3143305304997 3728 
CLU_6473 3143307831331 4216 
CLU_6473 3143300659134 5834 
CLU_6473 3143303180158 7059 
CLU_6473 3143307821506 6767 
CLU_6473 3143302150107 9752 
CLU_6473 3143309775978 6767 
CLU_6473 3143302219107 9069 
CLU_6473 3143302219352 5620 
CLU_6473 3143303180182 1761 
CLU_6473 3143302150050 1155 
CLU_6473 3143302150042 1805 
CLU_6473 3143302219085 1429 
CLU_6473 3143309812032 5208 
CLU_6473 3143302149915 5111 
CLU_6473 3143307299079 487 
CLU_6473 3143302150018 2098 
CLU_6473 3143302218984 2447 
CLU_6473 3143306065295 4820 
CLU_6473 3143302219069 7253 
CLU_6473 3143306629296 2433 
CLU_6473 3143302149923 3616 
CLU_6473 3143306065341 3956 
CLU_6473 3143306329705 5113 
CLU_6473 3143306297943 10587 
CLU_6473 3143305212626 10587 
CLU_6473 3143307780621 7228 
CLU_6473 3143303180166 6767 
CLU_6473 3143302149893 2102 
CLU_6473 3143309251553 3117 
CLU_6473 3143302150026 4132 
CLU_6473 3143300550108 3898 
CLU_6473 3143303413578 27142 
CLU_6473 3143306329632 9532 
CLU_6473 3143305212588 8296 
CLU_6473 3143309812083 4873 
CLU_6473 3143306023282 3928 
CLU_6473 3143302218968 7949 
CLU_6473 3143309772227 4001 
CLU_6473 3143302203480 4565 
CLU_6473 3143302150085 487 
CLU_6473 3143300211826 8100 
CLU_6473 3143302149931 5754 
CLU_6473 3143309352511 3599 
CLU_6473 3143309690905 2906 
CLU_6473 3143307608756 3131 
CLU_6473 3143306409911 3898 
CLU_6473 3143307780907 7679 
CLU_6473 3143309936424 3488 
CLU_6473 3143309812075 5849 
CLU_6473 3143303688100 6606 
CLU_6473 3143303180115 4034 
CLU_6473 3143305302854 2197 
CLU_6473 3143302219212 2901 
CLU_6473 3143302149958 7914 
CLU_6473 3143307951345 6011 
CLU_6473 3143302219077 3506 
CLU_6473 3143302219344 7253 
CLU_6473 3143307607660 9752 
CLU_6473 3143302150069 2186 
CLU_6473 3143307809131 6414 
CLU_6473 3143300186252 8550 
CLU_6473 3143307836619 5208 
CLU_6473 3143305212545 5900 
CLU_6473 3143302150077 3131 
CLU_6473 3143302150034 407 
CLU_6473 3143305212529 24136 
CLU_6473 3143302219379 45454 
CLU_6473 3143305212618 24136 
CLU_6473 CLU_6117 48576 
CLU_6473 CLU_6298 6489 
CLU_6473 CLU_6301 16357 
CLU_6473 CLU_6312 6612 
CLU_6473 CLU_6320 6914 
CLU_6473 CLU_6326 6160 
CLU_6473 CLU_6362 5488 
CLU_6473 CLU_6374 7253 
CLU_6473 CLU_6383 4986 
CLU_6473 CLU_6385 6370 
CLU_6473 CLU_6399 6277 
CLU_6473 CLU_6409 44661 
CLU_6473 CLU_6411 21277 
CLU_6473 CLU_6413 45454 
CLU_6473 CLU_6416 24136 
CLU_6473 CLU_6417 64068 
CLU_6474 3143309772235 2608 
CLU_6474 3143309772251 1358 
CLU_6474 3143309812059 2731 
CLU_6474 3143305305063 1865 
CLU_6474 3143307781067 1627 
CLU_6474 3143305304997 931 
CLU_6474 3143307831331 1051 
CLU_6474 3143300659134 1314 
CLU_6474 3143303180158 2979 
CLU_6474 3143307821506 3044 
CLU_6474 3143302150107 5700 
CLU_6474 3143309775978 3044 
CLU_6474 3143302219107 6519 
CLU_6474 3143302219352 3371 
CLU_6474 3143303180182 3284 
CLU_6474 3143302150050 3412 
CLU_6474 3143302150042 2774 
CLU_6474 3143302219085 3167 
CLU_6474 3143309812032 1579 
CLU_6474 3143302149915 2807 
CLU_6474 3143307299079 4680 
CLU_6474 3143302150018 5035 
CLU_6474 3143302218984 3956 
CLU_6474 3143306065295 3593 
CLU_6474 3143302219069 6714 
CLU_6474 3143306629296 4533 
CLU_6474 3143302149923 3887 
CLU_6474 3143306065341 5028 
CLU_6474 3143306329705 3640 
CLU_6474 3143306297943 11167 
CLU_6474 3143305212626 11167 
CLU_6474 3143307780621 2908 
CLU_6474 3143303180166 3044 
CLU_6474 3143302149893 2797 
CLU_6474 3143309251553 4486 
CLU_6474 3143302150026 6078 
CLU_6474 3143300550108 4687 
CLU_6474 3143303413578 25077 
CLU_6474 3143306329632 7238 
CLU_6474 3143305212588 12688 
CLU_6474 3143309812083 455 
CLU_6474 3143306023282 2816 
CLU_6474 3143302218968 4056 
CLU_6474 3143309772227 1226 
CLU_6474 3143302203480 3890 
CLU_6474 3143302150085 4680 
CLU_6474 3143300211826 7236 
CLU_6474 3143302149931 4897 
CLU_6474 3143309352511 2482 
CLU_6474 3143309690905 5313 
CLU_6474 3143307608756 5353 
CLU_6474 3143306409911 4687 
CLU_6474 3143307780907 6377 
CLU_6474 3143309936424 6047 
CLU_6474 3143309812075 1325 
CLU_6474 3143303688100 2040 
CLU_6474 3143303180115 1358 
CLU_6474 3143305302854 2584 
CLU_6474 3143302219212 1666 
CLU_6474 3143302149958 5277 
CLU_6474 3143307951345 2360 
CLU_6474 3143302219077 5075 
CLU_6474 3143302219344 6714 
CLU_6474 3143307607660 5700 
CLU_6474 3143302150069 3657 
CLU_6474 3143307809131 4794 
CLU_6474 3143300186252 7498 
CLU_6474 3143307836619 1579 
CLU_6474 3143305212545 7008 
CLU_6474 3143302150077 5353 
CLU_6474 3143302150034 4862 
CLU_6474 3143305212529 22077 
CLU_6474 3143302219379 42257 
CLU_6474 3143305212618 22077 
CLU_6474 CLU_6117 44274 
CLU_6474 CLU_6298 6225 
CLU_6474 CLU_6301 18752 
CLU_6474 CLU_6312 5853 
CLU_6474 CLU_6320 6772 
CLU_6474 CLU_6326 8426 
CLU_6474 CLU_6362 1771 
CLU_6474 CLU_6374 6714 
CLU_6474 CLU_6383 5516 
CLU_6474 CLU_6385 2813 
CLU_6474 CLU_6399 6659 
CLU_6474 CLU_6409 40427 
CLU_6474 CLU_6411 17354 
CLU_6474 CLU_6413 42257 
CLU_6474 CLU_6416 22077 
CLU_6474 CLU_6417 61618 
CLU_6475 3143309772235 2292 
CLU_6475 3143309772251 3105 
CLU_6475 3143309812059 1362 
CLU_6475 3143305305063 4247 
CLU_6475 3143307781067 4861 
CLU_6475 3143305304997 4285 
CLU_6475 3143307831331 4542 
CLU_6475 3143300659134 3428 
CLU_6475 3143303180158 1059 
CLU_6475 3143307821506 485 
CLU_6475 3143302150107 2795 
CLU_6475 3143309775978 485 
CLU_6475 3143302219107 3202 
CLU_6475 3143302219352 1914 
CLU_6475 3143303180182 5313 
CLU_6475 3143302150050 5993 
CLU_6475 3143302150042 5376 
CLU_6475 3143302219085 5921 
CLU_6475 3143309812032 4725 
CLU_6475 3143302149915 6151 
CLU_6475 3143307299079 6932 
CLU_6475 3143302150018 8164 
CLU_6475 3143302218984 7253 
CLU_6475 3143306065295 7046 
CLU_6475 3143302219069 4831 
CLU_6475 3143306629296 7795 
CLU_6475 3143302149923 7358 
CLU_6475 3143306065341 8488 
CLU_6475 3143306329705 7054 
CLU_6475 3143306297943 14603 
CLU_6475 3143305212626 14603 
CLU_6475 3143307780621 1681 
CLU_6475 3143303180166 485 
CLU_6475 3143302149893 5906 
CLU_6475 3143309251553 5229 
CLU_6475 3143302150026 6367 
CLU_6475 3143300550108 8156 
CLU_6475 3143303413578 27304 
CLU_6475 3143306329632 3987 
CLU_6475 3143305212588 14178 
CLU_6475 3143309812083 3666 
CLU_6475 3143306023282 3320 
CLU_6475 3143302218968 1031 
CLU_6475 3143309772227 4719 
CLU_6475 3143302203480 3504 
CLU_6475 3143302150085 6932 
CLU_6475 3143300211826 4957 
CLU_6475 3143302149931 3543 
CLU_6475 3143309352511 5965 
CLU_6475 3143309690905 6255 
CLU_6475 3143307608756 8675 
CLU_6475 3143306409911 8156 
CLU_6475 3143307780907 3971 
CLU_6475 3143309936424 6776 
CLU_6475 3143309812075 2662 
CLU_6475 3143303688100 2944 
CLU_6475 3143303180115 3105 
CLU_6475 3143305302854 4862 
CLU_6475 3143302219212 4612 
CLU_6475 3143302149958 2079 
CLU_6475 3143307951345 5153 
CLU_6475 3143302219077 5578 
CLU_6475 3143302219344 4831 
CLU_6475 3143307607660 2795 
CLU_6475 3143302150069 6896 
CLU_6475 3143307809131 8056 
CLU_6475 3143300186252 5021 
CLU_6475 3143307836619 4725 
CLU_6475 3143305212545 6339 
CLU_6475 3143302150077 8675 
CLU_6475 3143302150034 7424 
CLU_6475 3143305212529 18639 
CLU_6475 3143302219379 38834 
CLU_6475 3143305212618 18639 
CLU_6475 CLU_6117 41588 
CLU_6475 CLU_6298 9660 
CLU_6475 CLU_6301 22226 
CLU_6475 CLU_6312 4093 
CLU_6475 CLU_6320 5194 
CLU_6475 CLU_6326 8278 
CLU_6475 CLU_6362 1765 
CLU_6475 CLU_6374 4831 
CLU_6475 CLU_6383 9010 
CLU_6475 CLU_6385 5515 
CLU_6475 CLU_6399 5537 
CLU_6475 CLU_6409 37643 
CLU_6475 CLU_6411 14246 
CLU_6475 CLU_6413 38834 
CLU_6475 CLU_6416 18639 
CLU_6475 CLU_6417 58124 
CLU_6476 3143309772235 595 
CLU_6476 3143309772251 1670 
CLU_6476 3143309812059 1475 
CLU_6476 3143305305063 2274 
CLU_6476 3143307781067 3391 
CLU_6476 3143305304997 3176 
CLU_6476 3143307831331 3792 
CLU_6476 3143300659134 3910 
CLU_6476 3143303180158 3292 
CLU_6476 3143307821506 2725 
CLU_6476 3143302150107 5596 
CLU_6476 3143309775978 2725 
CLU_6476 3143302219107 4557 
CLU_6476 3143302219352 1081 
CLU_6476 3143303180182 2787 
CLU_6476 3143302150050 3672 
CLU_6476 3143302150042 3180 
CLU_6476 3143302219085 3736 
CLU_6476 3143309812032 4554 
CLU_6476 3143302149915 5645 
CLU_6476 3143307299079 4339 
CLU_6476 3143302150018 6075 
CLU_6476 3143302218984 5457 
CLU_6476 3143306065295 6213 
CLU_6476 3143302219069 3774 
CLU_6476 3143306629296 5900 
CLU_6476 3143302149923 5973 
CLU_6476 3143306065341 6974 
CLU_6476 3143306329705 6343 
CLU_6476 3143306297943 13620 
CLU_6476 3143305212626 13620 
CLU_6476 3143307780621 3753 
CLU_6476 3143303180166 2725 
CLU_6476 3143302149893 4042 
CLU_6476 3143309251553 2431 
CLU_6476 3143302150026 3709 
CLU_6476 3143300550108 6703 
CLU_6476 3143303413578 28052 
CLU_6476 3143306329632 5091 
CLU_6476 3143305212588 11378 
CLU_6476 3143309812083 3408 
CLU_6476 3143306023282 616 
CLU_6476 3143302218968 3828 
CLU_6476 3143309772227 3829 
CLU_6476 3143302203480 974 
CLU_6476 3143302150085 4339 
CLU_6476 3143300211826 4383 
CLU_6476 3143302149931 1940 
CLU_6476 3143309352511 4786 
CLU_6476 3143309690905 3456 
CLU_6476 3143307608756 6814 
CLU_6476 3143306409911 6703 
CLU_6476 3143307780907 3634 
CLU_6476 3143309936424 4015 
CLU_6476 3143309812075 3315 
CLU_6476 3143303688100 4094 
CLU_6476 3143303180115 1670 
CLU_6476 3143305302854 2578 
CLU_6476 3143302219212 2931 
CLU_6476 3143302149958 3373 
CLU_6476 3143307951345 5327 
CLU_6476 3143302219077 2828 
CLU_6476 3143302219344 3774 
CLU_6476 3143307607660 5596 
CLU_6476 3143302150069 5052 
CLU_6476 3143307809131 7625 
CLU_6476 3143300186252 4711 
CLU_6476 3143307836619 4554 
CLU_6476 3143305212545 4177 
CLU_6476 3143302150077 6814 
CLU_6476 3143302150034 4949 
CLU_6476 3143305212529 19929 
CLU_6476 3143302219379 40931 
CLU_6476 3143305212618 19929 
CLU_6476 CLU_6117 44317 
CLU_6476 CLU_6298 8779 
CLU_6476 CLU_6301 20516 
CLU_6476 CLU_6312 2922 
CLU_6476 CLU_6320 3796 
CLU_6476 CLU_6326 5862 
CLU_6476 CLU_6362 2033 
CLU_6476 CLU_6374 3774 
CLU_6476 CLU_6383 7741 
CLU_6476 CLU_6385 5778 
CLU_6476 CLU_6399 3706 
CLU_6476 CLU_6409 40343 
CLU_6476 CLU_6411 16832 
CLU_6476 CLU_6413 40931 
CLU_6476 CLU_6416 19929 
CLU_6476 CLU_6417 59753 
CLU_6477 3143309772235 3132 
CLU_6477 3143309772251 4541 
CLU_6477 3143309812059 3179 
CLU_6477 3143305305063 5180 
CLU_6477 3143307781067 6319 
CLU_6477 3143305304997 6074 
CLU_6477 3143307831331 6648 
CLU_6477 3143300659134 6352 
CLU_6477 3143303180158 4600 
CLU_6477 3143307821506 3906 
CLU_6477 3143302150107 5605 
CLU_6477 3143309775978 3906 
CLU_6477 3143302219107 2656 
CLU_6477 3143302219352 2377 
CLU_6477 3143303180182 5352 
CLU_6477 3143302150050 6342 
CLU_6477 3143302150042 5962 
CLU_6477 3143302219085 6488 
CLU_6477 3143309812032 7288 
CLU_6477 3143302149915 8497 
CLU_6477 3143307299079 6645 
CLU_6477 3143302150018 8780 
CLU_6477 3143302218984 8304 
CLU_6477 3143306065295 9124 
CLU_6477 3143302219069 1250 
CLU_6477 3143306629296 8703 
CLU_6477 3143302149923 8891 
CLU_6477 3143306065341 9865 
CLU_6477 3143306329705 9241 
CLU_6477 3143306297943 16546 
CLU_6477 3143305212626 16546 
CLU_6477 3143307780621 5222 
CLU_6477 3143303180166 3906 
CLU_6477 3143302149893 6908 
CLU_6477 3143309251553 4016 
CLU_6477 3143302150026 4217 
CLU_6477 3143300550108 9607 
CLU_6477 3143303413578 30603 
CLU_6477 3143306329632 2782 
CLU_6477 3143305212588 12174 
CLU_6477 3143309812083 6106 
CLU_6477 3143306023282 3419 
CLU_6477 3143302218968 4386 
CLU_6477 3143309772227 6712 
CLU_6477 3143302203480 2449 
CLU_6477 3143302150085 6645 
CLU_6477 3143300211826 1515 
CLU_6477 3143302149931 1223 
CLU_6477 3143309352511 7712 
CLU_6477 3143309690905 4802 
CLU_6477 3143307608756 9609 
CLU_6477 3143306409911 9607 
CLU_6477 3143307780907 720 
CLU_6477 3143309936424 4943 
CLU_6477 3143309812075 5617 
CLU_6477 3143303688100 6207 
CLU_6477 3143303180115 4541 
CLU_6477 3143305302854 5359 
CLU_6477 3143302219212 5854 
CLU_6477 3143302149958 2168 
CLU_6477 3143307951345 7972 
CLU_6477 3143302219077 3944 
CLU_6477 3143302219344 1250 
CLU_6477 3143307607660 5605 
CLU_6477 3143302150069 7895 
CLU_6477 3143307809131 10489 
CLU_6477 3143300186252 1787 
CLU_6477 3143307836619 7288 
CLU_6477 3143305212545 3308 
CLU_6477 3143302150077 9609 
CLU_6477 3143302150034 7379 
CLU_6477 3143305212529 17177 
CLU_6477 3143302219379 38637 
CLU_6477 3143305212618 17177 
CLU_6477 CLU_6117 43134 
CLU_6477 CLU_6298 11704 
CLU_6477 CLU_6301 23257 
CLU_6477 CLU_6312 703 
CLU_6477 CLU_6320 1700 
CLU_6477 CLU_6326 5366 
CLU_6477 CLU_6362 4239 
CLU_6477 CLU_6374 1250 
CLU_6477 CLU_6383 10659 
CLU_6477 CLU_6385 8403 
CLU_6477 CLU_6399 2303 
CLU_6477 CLU_6409 39063 
CLU_6477 CLU_6411 15414 
CLU_6477 CLU_6413 38637 
CLU_6477 CLU_6416 17177 
CLU_6477 CLU_6417 57092 
CLU_6478 3143309772235 10949 
CLU_6478 3143309772251 12279 
CLU_6478 3143309812059 11075 
CLU_6478 3143305305063 12638 
CLU_6478 3143307781067 13853 
CLU_6478 3143305304997 13762 
CLU_6478 3143307831331 14398 
CLU_6478 3143300659134 14249 
CLU_6478 3143303180158 12329 
CLU_6478 3143307821506 11671 
CLU_6478 3143302150107 12333 
CLU_6478 3143309775978 11671 
CLU_6478 3143302219107 8617 
CLU_6478 3143302219352 10265 
CLU_6478 3143303180182 12240 
CLU_6478 3143302150050 13217 
CLU_6478 3143302150042 13081 
CLU_6478 3143302219085 13490 
CLU_6478 3143309812032 15132 
CLU_6478 3143302149915 16248 
CLU_6478 3143307299079 12895 
CLU_6478 3143302150018 15443 
CLU_6478 3143302218984 15375 
CLU_6478 3143306065295 16740 
CLU_6478 3143302219069 6841 
CLU_6478 3143306629296 15618 
CLU_6478 3143302149923 16225 
CLU_6478 3143306065341 17017 
CLU_6478 3143306329705 16902 
CLU_6478 3143306297943 23812 
CLU_6478 3143305212626 23812 
CLU_6478 3143307780621 12951 
CLU_6478 3143303180166 11671 
CLU_6478 3143302149893 14128 
CLU_6478 3143309251553 10365 
CLU_6478 3143302150026 9257 
CLU_6478 3143300550108 16831 
CLU_6478 3143303413578 38496 
CLU_6478 3143306329632 7893 
CLU_6478 3143305212588 14117 
CLU_6478 3143309812083 13959 
CLU_6478 3143306023282 10932 
CLU_6478 3143302218968 11812 
CLU_6478 3143309772227 14423 
CLU_6478 3143302203480 9804 
CLU_6478 3143302150085 12895 
CLU_6478 3143300211826 6392 
CLU_6478 3143302149931 8668 
CLU_6478 3143309352511 15254 
CLU_6478 3143309690905 10466 
CLU_6478 3143307608756 16440 
CLU_6478 3143306409911 16831 
CLU_6478 3143307780907 7347 
CLU_6478 3143309936424 10003 
CLU_6478 3143309812075 13512 
CLU_6478 3143303688100 14074 
CLU_6478 3143303180115 12279 
CLU_6478 3143305302854 12549 
CLU_6478 3143302219212 13348 
CLU_6478 3143302149958 9297 
CLU_6478 3143307951345 15851 
CLU_6478 3143302219077 9878 
CLU_6478 3143302219344 6841 
CLU_6478 3143307607660 12333 
CLU_6478 3143302150069 14979 
CLU_6478 3143307809131 18217 
CLU_6478 3143300186252 6254 
CLU_6478 3143307836619 15132 
CLU_6478 3143305212545 7458 
CLU_6478 3143302150077 16440 
CLU_6478 3143302150034 13684 
CLU_6478 3143305212529 13186 
CLU_6478 3143302219379 36102 
CLU_6478 3143305212618 13186 
CLU_6478 CLU_6117 44370 
CLU_6478 CLU_6298 19196 
CLU_6478 CLU_6301 29365 
CLU_6478 CLU_6312 7702 
CLU_6478 CLU_6320 6847 
CLU_6478 CLU_6326 7847 
CLU_6478 CLU_6362 12136 
CLU_6478 CLU_6374 6841 
CLU_6478 CLU_6383 17946 
CLU_6478 CLU_6385 16288 
CLU_6478 CLU_6399 7218 
CLU_6478 CLU_6409 40109 
CLU_6478 CLU_6411 17512 
CLU_6478 CLU_6413 36102 
CLU_6478 CLU_6416 13186 
CLU_6478 CLU_6417 52496 
CLU_6479 3143309772235 13690 
CLU_6479 3143309772251 14854 
CLU_6479 3143309812059 14031 
CLU_6479 3143305305063 14940 
CLU_6479 3143307781067 16144 
CLU_6479 3143305304997 16210 
CLU_6479 3143307831331 16896 
CLU_6479 3143300659134 17103 
CLU_6479 3143303180158 15537 
CLU_6479 3143307821506 14845 
CLU_6479 3143302150107 15977 
CLU_6479 3143309775978 14845 
CLU_6479 3143302219107 12246 
CLU_6479 3143302219352 13167 
CLU_6479 3143303180182 14204 
CLU_6479 3143302150050 15079 
CLU_6479 3143302150042 15109 
CLU_6479 3143302219085 15409 
CLU_6479 3143309812032 17763 
CLU_6479 3143302149915 18683 
CLU_6479 3143307299079 14428 
CLU_6479 3143302150018 16994 
CLU_6479 3143302218984 17210 
CLU_6479 3143306065295 18988 
CLU_6479 3143302219069 9724 
CLU_6479 3143306629296 17328 
CLU_6479 3143302149923 18220 
CLU_6479 3143306065341 18825 
CLU_6479 3143306329705 19197 
CLU_6479 3143306297943 25494 
CLU_6479 3143305212626 25494 
CLU_6479 3143307780621 16160 
CLU_6479 3143303180166 14845 
CLU_6479 3143302149893 16150 
CLU_6479 3143309251553 12303 
CLU_6479 3143302150026 10863 
CLU_6479 3143300550108 18706 
CLU_6479 3143303413578 41274 
CLU_6479 3143306329632 11598 
CLU_6479 3143305212588 13246 
CLU_6479 3143309812083 16641 
CLU_6479 3143306023282 13411 
CLU_6479 3143302218968 15199 
CLU_6479 3143309772227 16869 
CLU_6479 3143302203480 12311 
CLU_6479 3143302150085 14428 
CLU_6479 3143300211826 9563 
CLU_6479 3143302149931 11392 
CLU_6479 3143309352511 17483 
CLU_6479 3143309690905 12068 
CLU_6479 3143307608756 18041 
CLU_6479 3143306409911 18706 
CLU_6479 3143307780907 10547 
CLU_6479 3143309936424 11429 
CLU_6479 3143309812075 16426 
CLU_6479 3143303688100 17093 
CLU_6479 3143303180115 14854 
CLU_6479 3143305302854 14670 
CLU_6479 3143302219212 15634 
CLU_6479 3143302149958 12706 
CLU_6479 3143307951345 18560 
CLU_6479 3143302219077 11722 
CLU_6479 3143302219344 9724 
CLU_6479 3143307607660 15977 
CLU_6479 3143302150069 16848 
CLU_6479 3143307809131 20564 
CLU_6479 3143300186252 9583 
CLU_6479 3143307836619 17763 
CLU_6479 3143305212545 9345 
CLU_6479 3143302150077 18041 
CLU_6479 3143302150034 15165 
CLU_6479 3143305212529 15879 
CLU_6479 3143302219379 38771 
CLU_6479 3143305212618 15879 
CLU_6479 CLU_6117 48117 
CLU_6479 CLU_6298 21229 
CLU_6479 CLU_6301 29979 
CLU_6479 CLU_6312 10546 
CLU_6479 CLU_6320 9503 
CLU_6479 CLU_6326 8786 
CLU_6479 CLU_6362 15039 
CLU_6479 CLU_6374 9724 
CLU_6479 CLU_6383 19827 
CLU_6479 CLU_6385 19012 
CLU_6479 CLU_6399 9544 
CLU_6479 CLU_6409 43836 
CLU_6479 CLU_6411 21549 
CLU_6479 CLU_6413 38771 
CLU_6479 CLU_6416 15879 
CLU_6479 CLU_6417 53968 
CLU_6480 3143309772235 4265 
CLU_6480 3143309772251 5250 
CLU_6480 3143309812059 4866 
CLU_6480 3143305305063 5286 
CLU_6480 3143307781067 6497 
CLU_6480 3143305304997 6556 
CLU_6480 3143307831331 7246 
CLU_6480 3143300659134 7633 
CLU_6480 3143303180158 6663 
CLU_6480 3143307821506 5981 
CLU_6480 3143302150107 8241 
CLU_6480 3143309775978 5981 
CLU_6480 3143302219107 5436 
CLU_6480 3143302219352 4019 
CLU_6480 3143303180182 4692 
CLU_6480 3143302150050 5655 
CLU_6480 3143302150042 5560 
CLU_6480 3143302219085 5939 
CLU_6480 3143309812032 8143 
CLU_6480 3143302149915 9027 
CLU_6480 3143307299079 5381 
CLU_6480 3143302150018 7894 
CLU_6480 3143302218984 7817 
CLU_6480 3143306065295 9363 
CLU_6480 3143302219069 2072 
CLU_6480 3143306629296 8053 
CLU_6480 3143302149923 8711 
CLU_6480 3143306065341 9460 
CLU_6480 3143306329705 9559 
CLU_6480 3143306297943 16251 
CLU_6480 3143305212626 16251 
CLU_6480 3143307780621 7227 
CLU_6480 3143303180166 5981 
CLU_6480 3143302149893 6612 
CLU_6480 3143309251553 2800 
CLU_6480 3143302150026 1923 
CLU_6480 3143300550108 9285 
CLU_6480 3143303413578 31634 
CLU_6480 3143306329632 5427 
CLU_6480 3143305212588 9475 
CLU_6480 3143309812083 7058 
CLU_6480 3143306023282 3793 
CLU_6480 3143302218968 6783 
CLU_6480 3143309772227 7214 
CLU_6480 3143302203480 2756 
CLU_6480 3143302150085 5381 
CLU_6480 3143300211826 2920 
CLU_6480 3143302149931 2279 
CLU_6480 3143309352511 7857 
CLU_6480 3143309690905 3004 
CLU_6480 3143307608756 8880 
CLU_6480 3143306409911 9285 
CLU_6480 3143307780907 3138 
CLU_6480 3143309936424 2750 
CLU_6480 3143309812075 7039 
CLU_6480 3143303688100 7800 
CLU_6480 3143303180115 5250 
CLU_6480 3143305302854 5067 
CLU_6480 3143302219212 5985 
CLU_6480 3143302149958 4914 
CLU_6480 3143307951345 8965 
CLU_6480 3143302219077 2323 
CLU_6480 3143302219344 2072 
CLU_6480 3143307607660 8241 
CLU_6480 3143302150069 7425 
CLU_6480 3143307809131 10919 
CLU_6480 3143300186252 3416 
CLU_6480 3143307836619 8143 
CLU_6480 3143305212545 526 
CLU_6480 3143302150077 8880 
CLU_6480 3143302150034 6175 
CLU_6480 3143305212529 18750 
CLU_6480 3143302219379 40780 
CLU_6480 3143305212618 18750 
CLU_6480 CLU_6117 45867 
CLU_6480 CLU_6298 11710 
CLU_6480 CLU_6301 22076 
CLU_6480 CLU_6312 2099 
CLU_6480 CLU_6320 1478 
CLU_6480 CLU_6326 2574 
CLU_6480 CLU_6362 5711 
CLU_6480 CLU_6374 2072 
CLU_6480 CLU_6383 10406 
CLU_6480 CLU_6385 9420 
CLU_6480 CLU_6399 619 
CLU_6480 CLU_6409 41774 
CLU_6480 CLU_6411 18130 
CLU_6480 CLU_6413 40780 
CLU_6480 CLU_6416 18750 
CLU_6480 CLU_6417 58708 
CLU_6481 3143309772235 9179 
CLU_6481 3143309772251 7841 
CLU_6481 3143309812059 9204 
CLU_6481 3143305305063 7653 
CLU_6481 3143307781067 6459 
CLU_6481 3143305304997 6397 
CLU_6481 3143307831331 5731 
CLU_6481 3143300659134 6118 
CLU_6481 3143303180158 8602 
CLU_6481 3143307821506 9048 
CLU_6481 3143302150107 10550 
CLU_6481 3143309775978 9048 
CLU_6481 3143302219107 12734 
CLU_6481 3143302219352 9926 
CLU_6481 3143303180182 8548 
CLU_6481 3143302150050 7867 
CLU_6481 3143302150042 7638 
CLU_6481 3143302219085 7492 
CLU_6481 3143309812032 5007 
CLU_6481 3143302149915 3910 
CLU_6481 3143307299079 8954 
CLU_6481 3143302150018 7068 
CLU_6481 3143302218984 6135 
CLU_6481 3143306065295 3746 
CLU_6481 3143302219069 13276 
CLU_6481 3143306629296 6383 
CLU_6481 3143302149923 4941 
CLU_6481 3143306065341 5090 
CLU_6481 3143306329705 3483 
CLU_6481 3143306297943 6137 
CLU_6481 3143305212626 6137 
CLU_6481 3143307780621 8119 
CLU_6481 3143303180166 9048 
CLU_6481 3143302149893 6682 
CLU_6481 3143309251553 10369 
CLU_6481 3143302150026 11930 
CLU_6481 3143300550108 4934 
CLU_6481 3143303413578 18768 
CLU_6481 3143306329632 13514 
CLU_6481 3143305212588 16257 
CLU_6481 3143309812083 6189 
CLU_6481 3143306023282 9230 
CLU_6481 3143302218968 9591 
CLU_6481 3143309772227 5733 
CLU_6481 3143302203480 10356 
CLU_6481 3143302150085 8954 
CLU_6481 3143300211826 13806 
CLU_6481 3143302149931 11449 
CLU_6481 3143309352511 5191 
CLU_6481 3143309690905 10846 
CLU_6481 3143307608756 6284 
CLU_6481 3143306409911 4934 
CLU_6481 3143307780907 12932 
CLU_6481 3143309936424 11587 
CLU_6481 3143309812075 6893 
CLU_6481 3143303688100 6648 
CLU_6481 3143303180115 7841 
CLU_6481 3143305302854 7985 
CLU_6481 3143302219212 6967 
CLU_6481 3143302149958 11569 
CLU_6481 3143307951345 4395 
CLU_6481 3143302219077 10975 
CLU_6481 3143302219344 13276 
CLU_6481 3143307607660 10550 
CLU_6481 3143302150069 6345 
CLU_6481 3143307809131 2121 
CLU_6481 3143300186252 14056 
CLU_6481 3143307836619 5007 
CLU_6481 3143305212545 13258 
CLU_6481 3143302150077 6284 
CLU_6481 3143302150034 8503 
CLU_6481 3143305212529 27964 
CLU_6481 3143302219379 46706 
CLU_6481 3143305212618 27964 
CLU_6481 CLU_6117 46120 
CLU_6481 CLU_6298 2924 
CLU_6481 CLU_6301 14964 
CLU_6481 CLU_6312 12417 
CLU_6481 CLU_6320 13298 
CLU_6481 CLU_6326 14269 
CLU_6481 CLU_6362 8146 
CLU_6481 CLU_6374 13276 
CLU_6481 CLU_6383 4246 
CLU_6481 CLU_6385 4017 
CLU_6481 CLU_6399 13089 
CLU_6481 CLU_6409 42591 
CLU_6481 CLU_6411 21091 
CLU_6481 CLU_6413 46706 
CLU_6481 CLU_6416 27964 
CLU_6481 CLU_6417 66855 
CLU_6482 3143309772235 16738 
CLU_6482 3143309772251 16521 
CLU_6482 3143309812059 17665 
CLU_6482 3143305305063 15528 
CLU_6482 3143307781067 15908 
CLU_6482 3143305304997 16547 
CLU_6482 3143307831331 17042 
CLU_6482 3143300659134 18637 
CLU_6482 3143303180158 19387 
CLU_6482 3143307821506 18901 
CLU_6482 3143302150107 21781 
CLU_6482 3143309775978 18901 
CLU_6482 3143302219107 19636 
CLU_6482 3143302219352 17146 
CLU_6482 3143303180182 14120 
CLU_6482 3143302150050 13958 
CLU_6482 3143302150042 14574 
CLU_6482 3143302219085 14257 
CLU_6482 3143309812032 18012 
CLU_6482 3143302149915 17655 
CLU_6482 3143307299079 12662 
CLU_6482 3143302150018 13358 
CLU_6482 3143302218984 14536 
CLU_6482 3143306065295 17021 
CLU_6482 3143302219069 16285 
CLU_6482 3143306629296 14090 
CLU_6482 3143302149923 15603 
CLU_6482 3143306065341 15123 
CLU_6482 3143306329705 17331 
CLU_6482 3143306297943 18666 
CLU_6482 3143305212626 18666 
CLU_6482 3143307780621 19714 
CLU_6482 3143303180166 18901 
CLU_6482 3143302149893 14875 
CLU_6482 3143309251553 13773 
CLU_6482 3143302150026 12853 
CLU_6482 3143300550108 15340 
CLU_6482 3143303413578 36937 
CLU_6482 3143306329632 19671 
CLU_6482 3143305212588 4837 
CLU_6482 3143309812083 17681 
CLU_6482 3143306023282 15722 
CLU_6482 3143302218968 20026 
CLU_6482 3143309772227 16821 
CLU_6482 3143302203480 15571 
CLU_6482 3143302150085 12662 
CLU_6482 3143300211826 17059 
CLU_6482 3143302149931 16080 
CLU_6482 3143309352511 16215 
CLU_6482 3143309690905 12748 
CLU_6482 3143307608756 13943 
CLU_6482 3143306409911 15340 
CLU_6482 3143307780907 17382 
CLU_6482 3143309936424 12283 
CLU_6482 3143309812075 18554 
CLU_6482 3143303688100 19356 
CLU_6482 3143303180115 16521 
CLU_6482 3143305302854 14786 
CLU_6482 3143302219212 15697 
CLU_6482 3143302149958 18907 
CLU_6482 3143307951345 18776 
CLU_6482 3143302219077 13471 
CLU_6482 3143302219344 16285 
CLU_6482 3143307607660 21781 
CLU_6482 3143302150069 14533 
CLU_6482 3143307809131 18322 
CLU_6482 3143300186252 17527 
CLU_6482 3143307836619 18012 
CLU_6482 3143305212545 13796 
CLU_6482 3143302150077 13943 
CLU_6482 3143302150034 12603 
CLU_6482 3143305212529 31184 
CLU_6482 3143302219379 54017 
CLU_6482 3143305212618 31184 
CLU_6482 CLU_6117 60109 
CLU_6482 CLU_6298 17352 
CLU_6482 CLU_6301 18063 
CLU_6482 CLU_6312 16295 
CLU_6482 CLU_6320 15666 
CLU_6482 CLU_6326 11872 
CLU_6482 CLU_6362 17868 
CLU_6482 CLU_6374 16285 
CLU_6482 CLU_6383 15921 
CLU_6482 CLU_6385 19095 
CLU_6482 CLU_6399 14832 
CLU_6482 CLU_6409 56018 
CLU_6482 CLU_6411 32374 
CLU_6482 CLU_6413 54017 
CLU_6482 CLU_6416 31184 
CLU_6482 CLU_6417 70223 
CLU_6483 3143309772235 6223 
CLU_6483 3143309772251 5147 
CLU_6483 3143309812059 7002 
CLU_6483 3143305305063 4005 
CLU_6483 3143307781067 3645 
CLU_6483 3143305304997 4344 
CLU_6483 3143307831331 4600 
CLU_6483 3143300659134 6384 
CLU_6483 3143303180158 8087 
CLU_6483 3143307821506 7914 
CLU_6483 3143302150107 10835 
CLU_6483 3143309775978 7914 
CLU_6483 3143302219107 10567 
CLU_6483 3143302219352 7053 
CLU_6483 3143303180182 3274 
CLU_6483 3143302150050 2338 
CLU_6483 3143302150042 2892 
CLU_6483 3143302219085 2335 
CLU_6483 3143309812032 5415 
CLU_6483 3143302149915 4846 
CLU_6483 3143307299079 2179 
CLU_6483 3143302150018 599 
CLU_6483 3143302218984 1717 
CLU_6483 3143306065295 4217 
CLU_6483 3143302219069 8956 
CLU_6483 3143306629296 1297 
CLU_6483 3143302149923 2812 
CLU_6483 3143306065341 2669 
CLU_6483 3143306329705 4528 
CLU_6483 3143306297943 8976 
CLU_6483 3143305212626 8976 
CLU_6483 3143307780621 8141 
CLU_6483 3143303180166 7914 
CLU_6483 3143302149893 2475 
CLU_6483 3143309251553 4836 
CLU_6483 3143302150026 5828 
CLU_6483 3143300550108 2746 
CLU_6483 3143303413578 25966 
CLU_6483 3143306329632 11082 
CLU_6483 3143305212588 8629 
CLU_6483 3143309812083 5457 
CLU_6483 3143306023282 5400 
CLU_6483 3143302218968 9072 
CLU_6483 3143309772227 4355 
CLU_6483 3143302203480 6174 
CLU_6483 3143302150085 2179 
CLU_6483 3143300211826 9791 
CLU_6483 3143302149931 7399 
CLU_6483 3143309352511 3471 
CLU_6483 3143309690905 4610 
CLU_6483 3143307608756 1591 
CLU_6483 3143306409911 2746 
CLU_6483 3143307780907 9326 
CLU_6483 3143309936424 5140 
CLU_6483 3143309812075 6598 
CLU_6483 3143303688100 7249 
CLU_6483 3143303180115 5147 
CLU_6483 3143305302854 3460 
CLU_6483 3143302219212 3710 
CLU_6483 3143302149958 9370 
CLU_6483 3143307951345 6078 
CLU_6483 3143302219077 5234 
CLU_6483 3143302219344 8956 
CLU_6483 3143307607660 10835 
CLU_6483 3143302150069 1776 
CLU_6483 3143307809131 5641 
CLU_6483 3143300186252 10233 
CLU_6483 3143307836619 5415 
CLU_6483 3143305212545 7616 
CLU_6483 3143302150077 1591 
CLU_6483 3143302150034 1391 
CLU_6483 3143305212529 25791 
CLU_6483 3143302219379 46928 
CLU_6483 3143305212618 25791 
CLU_6483 CLU_6117 49544 
CLU_6483 CLU_6298 5252 
CLU_6483 CLU_6301 14662 
CLU_6483 CLU_6312 8289 
CLU_6483 CLU_6320 8632 
CLU_6483 CLU_6326 7739 
CLU_6483 CLU_6362 6567 
CLU_6483 CLU_6374 8956 
CLU_6483 CLU_6383 3686 
CLU_6483 CLU_6385 6347 
CLU_6483 CLU_6399 8005 
CLU_6483 CLU_6409 45684 
CLU_6483 CLU_6411 22470 
CLU_6483 CLU_6413 46928 
CLU_6483 CLU_6416 25791 
CLU_6483 CLU_6417 65697 
CLU_6484 3143309772235 2227 
CLU_6484 3143309772251 2365 
CLU_6484 3143309812059 1500 
CLU_6484 3143305305063 3501 
CLU_6484 3143307781067 3850 
CLU_6484 3143305304997 3207 
CLU_6484 3143307831331 3349 
CLU_6484 3143300659134 2114 
CLU_6484 3143303180158 677 
CLU_6484 3143307821506 827 
CLU_6484 3143302150107 3428 
CLU_6484 3143309775978 827 
CLU_6484 3143302219107 4512 
CLU_6484 3143302219352 2367 
CLU_6484 3143303180182 4774 
CLU_6484 3143302150050 5277 
CLU_6484 3143302150042 4629 
CLU_6484 3143302219085 5136 
CLU_6484 3143309812032 3430 
CLU_6484 3143302149915 4868 
CLU_6484 3143307299079 6373 
CLU_6484 3143302150018 7249 
CLU_6484 3143302218984 6242 
CLU_6484 3143306065295 5794 
CLU_6484 3143302219069 5742 
CLU_6484 3143306629296 6807 
CLU_6484 3143302149923 6216 
CLU_6484 3143306065341 7358 
CLU_6484 3143306329705 5784 
CLU_6484 3143306297943 13327 
CLU_6484 3143305212626 13327 
CLU_6484 3143307780621 938 
CLU_6484 3143303180166 827 
CLU_6484 3143302149893 4973 
CLU_6484 3143309251553 5166 
CLU_6484 3143302150026 6531 
CLU_6484 3143300550108 7016 
CLU_6484 3143303413578 26124 
CLU_6484 3143306329632 5292 
CLU_6484 3143305212588 14017 
CLU_6484 3143309812083 2424 
CLU_6484 3143306023282 3145 
CLU_6484 3143302218968 1725 
CLU_6484 3143309772227 3548 
CLU_6484 3143302203480 3735 
CLU_6484 3143302150085 6373 
CLU_6484 3143300211826 6008 
CLU_6484 3143302149931 4185 
CLU_6484 3143309352511 4809 
CLU_6484 3143309690905 6169 
CLU_6484 3143307608756 7655 
CLU_6484 3143306409911 7016 
CLU_6484 3143307780907 5041 
CLU_6484 3143309936424 6790 
CLU_6484 3143309812075 1351 
CLU_6484 3143303688100 1695 
CLU_6484 3143303180115 2365 
CLU_6484 3143305302854 4205 
CLU_6484 3143302219212 3701 
CLU_6484 3143302149958 3358 
CLU_6484 3143307951345 3840 
CLU_6484 3143302219077 5626 
CLU_6484 3143302219344 5742 
CLU_6484 3143307607660 3428 
CLU_6484 3143302150069 5914 
CLU_6484 3143307809131 6752 
CLU_6484 3143300186252 6138 
CLU_6484 3143307836619 3430 
CLU_6484 3143305212545 6857 
CLU_6484 3143302150077 7655 
CLU_6484 3143302150034 6752 
CLU_6484 3143305212529 19930 
CLU_6484 3143302219379 39926 
CLU_6484 3143305212618 19930 
CLU_6484 CLU_6117 42192 
CLU_6484 CLU_6298 8390 
CLU_6484 CLU_6301 21073 
CLU_6484 CLU_6312 4930 
CLU_6484 CLU_6320 6007 
CLU_6484 CLU_6326 8656 
CLU_6484 CLU_6362 931 
CLU_6484 CLU_6374 5742 
CLU_6484 CLU_6383 7812 
CLU_6484 CLU_6385 4205 
CLU_6484 CLU_6399 6195 
CLU_6484 CLU_6409 38299 
CLU_6484 CLU_6411 15083 
CLU_6484 CLU_6413 39926 
CLU_6484 CLU_6416 19930 
CLU_6484 CLU_6417 59346 
CLU_6485 3143309772235 3549 
CLU_6485 3143309772251 4592 
CLU_6485 3143309812059 2705 
CLU_6485 3143305305063 5706 
CLU_6485 3143307781067 6397 
CLU_6485 3143305304997 5834 
CLU_6485 3143307831331 6095 
CLU_6485 3143300659134 4890 
CLU_6485 3143303180158 2329 
CLU_6485 3143307821506 2011 
CLU_6485 3143302150107 2109 
CLU_6485 3143309775978 2011 
CLU_6485 3143302219107 1979 
CLU_6485 3143302219352 2877 
CLU_6485 3143303180182 6647 
CLU_6485 3143302150050 7408 
CLU_6485 3143302150042 6815 
CLU_6485 3143302219085 7370 
CLU_6485 3143309812032 6234 
CLU_6485 3143302149915 7672 
CLU_6485 3143307299079 8246 
CLU_6485 3143302150018 9652 
CLU_6485 3143302218984 8779 
CLU_6485 3143306065295 8588 
CLU_6485 3143302219069 4694 
CLU_6485 3143306629296 9312 
CLU_6485 3143302149923 8911 
CLU_6485 3143306065341 10039 
CLU_6485 3143306329705 8586 
CLU_6485 3143306297943 16131 
CLU_6485 3143305212626 16131 
CLU_6485 3143307780621 2830 
CLU_6485 3143303180166 2011 
CLU_6485 3143302149893 7413 
CLU_6485 3143309251553 6236 
CLU_6485 3143302150026 7116 
CLU_6485 3143300550108 9709 
CLU_6485 3143303413578 28337 
CLU_6485 3143306329632 2781 
CLU_6485 3143305212588 15100 
CLU_6485 3143309812083 5207 
CLU_6485 3143306023282 4529 
CLU_6485 3143302218968 1402 
CLU_6485 3143309772227 6273 
CLU_6485 3143302203480 4383 
CLU_6485 3143302150085 8246 
CLU_6485 3143300211826 4534 
CLU_6485 3143302149931 3964 
CLU_6485 3143309352511 7519 
CLU_6485 3143309690905 7239 
CLU_6485 3143307608756 10201 
CLU_6485 3143306409911 9709 
CLU_6485 3143307780907 3597 
CLU_6485 3143309936424 7654 
CLU_6485 3143309812075 4147 
CLU_6485 3143303688100 4281 
CLU_6485 3143303180115 4592 
CLU_6485 3143305302854 6269 
CLU_6485 3143302219212 6124 
CLU_6485 3143302149958 1362 
CLU_6485 3143307951345 6596 
CLU_6485 3143302219077 6473 
CLU_6485 3143302219344 4694 
CLU_6485 3143307607660 2109 
CLU_6485 3143302150069 8414 
CLU_6485 3143307809131 9546 
CLU_6485 3143300186252 4443 
CLU_6485 3143307836619 6234 
CLU_6485 3143305212545 6690 
CLU_6485 3143302150077 10201 
CLU_6485 3143302150034 8797 
CLU_6485 3143305212529 17130 
CLU_6485 3143302219379 37305 
CLU_6485 3143305212618 17130 
CLU_6485 CLU_6117 40396 
CLU_6485 CLU_6298 11192 
CLU_6485 CLU_6301 23778 
CLU_6485 CLU_6312 4155 
CLU_6485 CLU_6320 5195 
CLU_6485 CLU_6326 8728 
CLU_6485 CLU_6362 3314 
CLU_6485 CLU_6374 4694 
CLU_6485 CLU_6383 10564 
CLU_6485 CLU_6385 6928 
CLU_6485 CLU_6399 5748 
CLU_6485 CLU_6409 36409 
CLU_6485 CLU_6411 12897 
CLU_6485 CLU_6413 37305 
CLU_6485 CLU_6416 17130 
CLU_6485 CLU_6417 56571 
CLU_6486 3143309772235 3917 
CLU_6486 3143309772251 5095 
CLU_6486 3143309812059 3167 
CLU_6486 3143305305063 6167 
CLU_6486 3143307781067 6948 
CLU_6486 3143305304997 6422 
CLU_6486 3143307831331 6732 
CLU_6486 3143300659134 5613 
CLU_6486 3143303180158 3078 
CLU_6486 3143307821506 2690 
CLU_6486 3143302150107 2594 
CLU_6486 3143309775978 2690 
CLU_6486 3143302219107 1227 
CLU_6486 3143302219352 3139 
CLU_6486 3143303180182 6992 
CLU_6486 3143302150050 7812 
CLU_6486 3143302150042 7246 
CLU_6486 3143302219085 7807 
CLU_6486 3143309812032 6933 
CLU_6486 3143302149915 8361 
CLU_6486 3143307299079 8560 
CLU_6486 3143302150018 10121 
CLU_6486 3143302218984 9304 
CLU_6486 3143306065295 9251 
CLU_6486 3143302219069 4298 
CLU_6486 3143306629296 9821 
CLU_6486 3143302149923 9506 
CLU_6486 3143306065341 10621 
CLU_6486 3143306329705 9263 
CLU_6486 3143306297943 16812 
CLU_6486 3143305212626 16812 
CLU_6486 3143307780621 3598 
CLU_6486 3143303180166 2690 
CLU_6486 3143302149893 7915 
CLU_6486 3143309251553 6374 
CLU_6486 3143302150026 7093 
CLU_6486 3143300550108 10299 
CLU_6486 3143303413578 29106 
CLU_6486 3143306329632 2018 
CLU_6486 3143305212588 15113 
CLU_6486 3143309812083 5872 
CLU_6486 3143306023282 4831 
CLU_6486 3143302218968 2177 
CLU_6486 3143309772227 6898 
CLU_6486 3143302203480 4505 
CLU_6486 3143302150085 8560 
CLU_6486 3143300211826 4014 
CLU_6486 3143302149931 3872 
CLU_6486 3143309352511 8129 
CLU_6486 3143309690905 7346 
CLU_6486 3143307608756 10721 
CLU_6486 3143306409911 10299 
CLU_6486 3143307780907 3138 
CLU_6486 3143309936424 7695 
CLU_6486 3143309812075 4858 
CLU_6486 3143303688100 5035 
CLU_6486 3143303180115 5095 
CLU_6486 3143305302854 6678 
CLU_6486 3143302219212 6639 
CLU_6486 3143302149958 1048 
CLU_6486 3143307951345 7329 
CLU_6486 3143302219077 6542 
CLU_6486 3143302219344 4298 
CLU_6486 3143307607660 2594 
CLU_6486 3143302150069 8928 
CLU_6486 3143307809131 10259 
CLU_6486 3143300186252 3861 
CLU_6486 3143307836619 6933 
CLU_6486 3143305212545 6471 
CLU_6486 3143302150077 10721 
CLU_6486 3143302150034 9155 
CLU_6486 3143305212529 16429 
CLU_6486 3143302219379 36809 
CLU_6486 3143305212618 16429 
CLU_6486 CLU_6117 40267 
CLU_6486 CLU_6298 11868 
CLU_6486 CLU_6301 24354 
CLU_6486 CLU_6312 3876 
CLU_6486 CLU_6320 4846 
CLU_6486 CLU_6326 8527 
CLU_6486 CLU_6362 3917 
CLU_6486 CLU_6374 4298 
CLU_6486 CLU_6383 11187 
CLU_6486 CLU_6385 7671 
CLU_6486 CLU_6399 5482 
CLU_6486 CLU_6409 36249 
CLU_6486 CLU_6411 12662 
CLU_6486 CLU_6413 36809 
CLU_6486 CLU_6416 16429 
CLU_6486 CLU_6417 55951 
CLU_6487 3143309772235 3154 
CLU_6487 3143309772251 3848 
CLU_6487 3143309812059 3948 
CLU_6487 3143305305063 3717 
CLU_6487 3143307781067 4911 
CLU_6487 3143305304997 5029 
CLU_6487 3143307831331 5730 
CLU_6487 3143300659134 6321 
CLU_6487 3143303180158 5801 
CLU_6487 3143307821506 5177 
CLU_6487 3143302150107 7819 
CLU_6487 3143309775978 5177 
CLU_6487 3143302219107 5694 
CLU_6487 3143302219352 3227 
CLU_6487 3143303180182 3063 
CLU_6487 3143302150050 4033 
CLU_6487 3143302150042 3930 
CLU_6487 3143302219085 4311 
CLU_6487 3143309812032 6673 
CLU_6487 3143302149915 7467 
CLU_6487 3143307299079 3869 
CLU_6487 3143302150018 6318 
CLU_6487 3143302218984 6192 
CLU_6487 3143306065295 7757 
CLU_6487 3143302219069 3042 
CLU_6487 3143306629296 6443 
CLU_6487 3143302149923 7081 
CLU_6487 3143306065341 7835 
CLU_6487 3143306329705 7962 
CLU_6487 3143306297943 14629 
CLU_6487 3143305212626 14629 
CLU_6487 3143307780621 6297 
CLU_6487 3143303180166 5177 
CLU_6487 3143302149893 4982 
CLU_6487 3143309251553 1190 
CLU_6487 3143302150026 1239 
CLU_6487 3143300550108 7656 
CLU_6487 3143303413578 30102 
CLU_6487 3143306329632 5911 
CLU_6487 3143305212588 9237 
CLU_6487 3143309812083 5648 
CLU_6487 3143306023282 2422 
CLU_6487 3143302218968 6166 
CLU_6487 3143309772227 5676 
CLU_6487 3143302203480 1657 
CLU_6487 3143302150085 3869 
CLU_6487 3143300211826 3924 
CLU_6487 3143302149931 2043 
CLU_6487 3143309352511 6250 
CLU_6487 3143309690905 1695 
CLU_6487 3143307608756 7285 
CLU_6487 3143306409911 7656 
CLU_6487 3143307780907 3732 
CLU_6487 3143309936424 1836 
CLU_6487 3143309812075 5811 
CLU_6487 3143303688100 6618 
CLU_6487 3143303180115 3848 
CLU_6487 3143305302854 3447 
CLU_6487 3143302219212 4402 
CLU_6487 3143302149958 4845 
CLU_6487 3143307951345 7519 
CLU_6487 3143302219077 851 
CLU_6487 3143302219344 3042 
CLU_6487 3143307607660 7819 
CLU_6487 3143302150069 5798 
CLU_6487 3143307809131 9329 
CLU_6487 3143300186252 4405 
CLU_6487 3143307836619 6673 
CLU_6487 3143305212545 1890 
CLU_6487 3143302150077 7285 
CLU_6487 3143302150034 4658 
CLU_6487 3143305212529 19989 
CLU_6487 3143302219379 41724 
CLU_6487 3143305212618 19989 
CLU_6487 CLU_6117 46123 
CLU_6487 CLU_6298 10081 
CLU_6487 CLU_6301 20624 
CLU_6487 CLU_6312 2569 
CLU_6487 CLU_6320 2638 
CLU_6487 CLU_6326 3309 
CLU_6487 CLU_6362 4590 
CLU_6487 CLU_6374 3042 
CLU_6487 CLU_6383 8776 
CLU_6487 CLU_6385 7973 
CLU_6487 CLU_6399 1997 
CLU_6487 CLU_6409 42081 
CLU_6487 CLU_6411 18447 
CLU_6487 CLU_6413 41724 
CLU_6487 CLU_6416 19989 
CLU_6487 CLU_6417 59953 
CLU_6488 3143309772235 4386 
CLU_6488 3143309772251 4946 
CLU_6488 3143309812059 5198 
CLU_6488 3143305305063 4617 
CLU_6488 3143307781067 5741 
CLU_6488 3143305304997 5970 
CLU_6488 3143307831331 6674 
CLU_6488 3143300659134 7444 
CLU_6488 3143303180158 7051 
CLU_6488 3143307821506 6430 
CLU_6488 3143302150107 9051 
CLU_6488 3143309775978 6430 
CLU_6488 3143302219107 6727 
CLU_6488 3143302219352 4479 
CLU_6488 3143303180182 3649 
CLU_6488 3143302150050 4493 
CLU_6488 3143302150042 4563 
CLU_6488 3143302219085 4827 
CLU_6488 3143309812032 7665 
CLU_6488 3143302149915 8317 
CLU_6488 3143307299079 3948 
CLU_6488 3143302150018 6521 
CLU_6488 3143302218984 6628 
CLU_6488 3143306065295 8480 
CLU_6488 3143302219069 3652 
CLU_6488 3143306629296 6778 
CLU_6488 3143302149923 7637 
CLU_6488 3143306065341 8254 
CLU_6488 3143306329705 8713 
CLU_6488 3143306297943 14989 
CLU_6488 3143305212626 14989 
CLU_6488 3143307780621 7539 
CLU_6488 3143303180166 6430 
CLU_6488 3143302149893 5585 
CLU_6488 3143309251553 1821 
CLU_6488 3143302150026 292 
CLU_6488 3143300550108 8123 
CLU_6488 3143303413578 30942 
CLU_6488 3143306329632 6847 
CLU_6488 3143305212588 8108 
CLU_6488 3143309812083 6709 
CLU_6488 3143306023282 3582 
CLU_6488 3143302218968 7415 
CLU_6488 3143309772227 6588 
CLU_6488 3143302203480 2908 
CLU_6488 3143302150085 3948 
CLU_6488 3143300211826 4533 
CLU_6488 3143302149931 3154 
CLU_6488 3143309352511 6991 
CLU_6488 3143309690905 1517 
CLU_6488 3143307608756 7545 
CLU_6488 3143306409911 8123 
CLU_6488 3143307780907 4580 
CLU_6488 3143309936424 1091 
CLU_6488 3143309812075 6979 
CLU_6488 3143303688100 7799 
CLU_6488 3143303180115 4946 
CLU_6488 3143305302854 4191 
CLU_6488 3143302219212 5249 
CLU_6488 3143302149958 5983 
CLU_6488 3143307951345 8528 
CLU_6488 3143302219077 1210 
CLU_6488 3143302219344 3652 
CLU_6488 3143307607660 9051 
CLU_6488 3143302150069 6262 
CLU_6488 3143307809131 10090 
CLU_6488 3143300186252 5030 
CLU_6488 3143307836619 7665 
CLU_6488 3143305212545 1546 
CLU_6488 3143302150077 7545 
CLU_6488 3143302150034 4729 
CLU_6488 3143305212529 20421 
CLU_6488 3143302219379 42423 
CLU_6488 3143305212618 20421 
CLU_6488 CLU_6117 47206 
CLU_6488 CLU_6298 10644 
CLU_6488 CLU_6301 20498 
CLU_6488 CLU_6312 3432 
CLU_6488 CLU_6320 3105 
CLU_6488 CLU_6326 2172 
CLU_6488 CLU_6362 5805 
CLU_6488 CLU_6374 3652 
CLU_6488 CLU_6383 9246 
CLU_6488 CLU_6385 8976 
CLU_6488 CLU_6399 2270 
CLU_6488 CLU_6409 43144 
CLU_6488 CLU_6411 19496 
CLU_6488 CLU_6413 42423 
CLU_6488 CLU_6416 20421 
CLU_6488 CLU_6417 60376 
CLU_6489 3143309772235 8750 
CLU_6489 3143309772251 7406 
CLU_6489 3143309812059 9330 
CLU_6489 3143305305063 6455 
CLU_6489 3143307781067 5527 
CLU_6489 3143305304997 6071 
CLU_6489 3143307831331 5907 
CLU_6489 3143300659134 7558 
CLU_6489 3143303180158 9878 
CLU_6489 3143307821506 9930 
CLU_6489 3143302150107 12552 
CLU_6489 3143309775978 9930 
CLU_6489 3143302219107 13136 
CLU_6489 3143302219352 9633 
CLU_6489 3143303180182 6300 
CLU_6489 3143302150050 5292 
CLU_6489 3143302150042 5596 
CLU_6489 3143302219085 5088 
CLU_6489 3143309812032 6206 
CLU_6489 3143302149915 4944 
CLU_6489 3143307299079 5579 
CLU_6489 3143302150018 3002 
CLU_6489 3143302218984 3259 
CLU_6489 3143306065295 3893 
CLU_6489 3143302219069 12084 
CLU_6489 3143306629296 2870 
CLU_6489 3143302149923 3027 
CLU_6489 3143306065341 1881 
CLU_6489 3143306329705 4097 
CLU_6489 3143306297943 5539 
CLU_6489 3143305212626 5539 
CLU_6489 3143307780621 9722 
CLU_6489 3143303180166 9930 
CLU_6489 3143302149893 4673 
CLU_6489 3143309251553 8094 
CLU_6489 3143302150026 9232 
CLU_6489 3143300550108 2231 
CLU_6489 3143303413578 22992 
CLU_6489 3143306329632 13756 
CLU_6489 3143305212588 11050 
CLU_6489 3143309812083 6863 
CLU_6489 3143306023282 8158 
CLU_6489 3143302218968 10962 
CLU_6489 3143309772227 5694 
CLU_6489 3143302203480 9126 
CLU_6489 3143302150085 5579 
CLU_6489 3143300211826 12869 
CLU_6489 3143302149931 10389 
CLU_6489 3143309352511 4434 
CLU_6489 3143309690905 8006 
CLU_6489 3143307608756 1999 
CLU_6489 3143306409911 2231 
CLU_6489 3143307780907 12278 
CLU_6489 3143309936424 8571 
CLU_6489 3143309812075 8075 
CLU_6489 3143303688100 8453 
CLU_6489 3143303180115 7406 
CLU_6489 3143305302854 6198 
CLU_6489 3143302219212 5873 
CLU_6489 3143302149958 11887 
CLU_6489 3143307951345 6456 
CLU_6489 3143302219077 8559 
CLU_6489 3143302219344 12084 
CLU_6489 3143307607660 12552 
CLU_6489 3143302150069 3666 
CLU_6489 3143307809131 4374 
CLU_6489 3143300186252 13275 
CLU_6489 3143307836619 6206 
CLU_6489 3143305212545 10986 
CLU_6489 3143302150077 1999 
CLU_6489 3143302150034 4814 
CLU_6489 3143305212529 28640 
CLU_6489 3143302219379 49164 
CLU_6489 3143305212618 28640 
CLU_6489 CLU_6117 50527 
CLU_6489 CLU_6298 2865 
CLU_6489 CLU_6301 11880 
CLU_6489 CLU_6312 11343 
CLU_6489 CLU_6320 11834 
CLU_6489 CLU_6326 11182 
CLU_6489 CLU_6362 8591 
CLU_6489 CLU_6374 12084 
CLU_6489 CLU_6383 1812 
CLU_6489 CLU_6385 6494 
CLU_6489 CLU_6399 11280 
CLU_6489 CLU_6409 46805 
CLU_6489 CLU_6411 24132 
CLU_6489 CLU_6413 49164 
CLU_6489 CLU_6416 28640 
CLU_6489 CLU_6417 68395 
CLU_6490 3143309772235 3644 
CLU_6490 3143309772251 3324 
CLU_6490 3143309812059 4571 
CLU_6490 3143305305063 2468 
CLU_6490 3143307781067 3318 
CLU_6490 3143305304997 3747 
CLU_6490 3143307831331 4408 
CLU_6490 3143300659134 5640 
CLU_6490 3143303180158 6194 
CLU_6490 3143307821506 5760 
CLU_6490 3143302150107 8725 
CLU_6490 3143309775978 5760 
CLU_6490 3143302219107 7535 
CLU_6490 3143302219352 4258 
CLU_6490 3143303180182 1099 
CLU_6490 3143302150050 1749 
CLU_6490 3143302150042 1952 
CLU_6490 3143302219085 2103 
CLU_6490 3143309812032 5452 
CLU_6490 3143302149915 5817 
CLU_6490 3143307299079 1389 
CLU_6490 3143302150018 3840 
CLU_6490 3143302218984 3868 
CLU_6490 3143306065295 5833 
CLU_6490 3143302219069 5475 
CLU_6490 3143306629296 4033 
CLU_6490 3143302149923 4897 
CLU_6490 3143306065341 5495 
CLU_6490 3143306329705 6087 
CLU_6490 3143306297943 12249 
CLU_6490 3143305212626 12249 
CLU_6490 3143307780621 6501 
CLU_6490 3143303180166 5760 
CLU_6490 3143302149893 2896 
CLU_6490 3143309251553 1328 
CLU_6490 3143302150026 2479 
CLU_6490 3143300550108 5364 
CLU_6490 3143303413578 28324 
CLU_6490 3143306329632 7928 
CLU_6490 3143305212588 8460 
CLU_6490 3143309812083 4743 
CLU_6490 3143306023282 2621 
CLU_6490 3143302218968 6925 
CLU_6490 3143309772227 4260 
CLU_6490 3143302203480 2955 
CLU_6490 3143302150085 1389 
CLU_6490 3143300211826 6331 
CLU_6490 3143302149931 4058 
CLU_6490 3143309352511 4388 
CLU_6490 3143309690905 1293 
CLU_6490 3143307608756 4834 
CLU_6490 3143306409911 5364 
CLU_6490 3143307780907 5965 
CLU_6490 3143309936424 2018 
CLU_6490 3143309812075 5416 
CLU_6490 3143303688100 6244 
CLU_6490 3143303180115 3324 
CLU_6490 3143305302854 1797 
CLU_6490 3143302219212 2900 
CLU_6490 3143302149958 6452 
CLU_6490 3143307951345 6320 
CLU_6490 3143302219077 1730 
CLU_6490 3143302219344 5475 
CLU_6490 3143307607660 8725 
CLU_6490 3143302150069 3505 
CLU_6490 3143307809131 7458 
CLU_6490 3143300186252 6791 
CLU_6490 3143307836619 5452 
CLU_6490 3143305212545 4162 
CLU_6490 3143302150077 4834 
CLU_6490 3143302150034 2167 
CLU_6490 3143305212529 22391 
CLU_6490 3143302219379 43872 
CLU_6490 3143305212618 22391 
CLU_6490 CLU_6117 47503 
CLU_6490 CLU_6298 7896 
CLU_6490 CLU_6301 18141 
CLU_6490 CLU_6312 4865 
CLU_6490 CLU_6320 5122 
CLU_6490 CLU_6326 4723 
CLU_6490 CLU_6362 4656 
CLU_6490 CLU_6374 5475 
CLU_6490 CLU_6383 6486 
CLU_6490 CLU_6385 6742 
CLU_6490 CLU_6399 4487 
CLU_6490 CLU_6409 43534 
CLU_6490 CLU_6411 20017 
CLU_6490 CLU_6413 43872 
CLU_6490 CLU_6416 22391 
CLU_6490 CLU_6417 62339 
CLU_6491 3143309772235 5155 
CLU_6491 3143309772251 4156 
CLU_6491 3143309812059 5962 
CLU_6491 3143305305063 3002 
CLU_6491 3143307781067 2872 
CLU_6491 3143305304997 3563 
CLU_6491 3143307831331 3948 
CLU_6491 3143300659134 5665 
CLU_6491 3143303180158 7150 
CLU_6491 3143307821506 6928 
CLU_6491 3143302150107 9883 
CLU_6491 3143309775978 6928 
CLU_6491 3143302219107 9474 
CLU_6491 3143302219352 5970 
CLU_6491 3143303180182 2165 
CLU_6491 3143302150050 1260 
CLU_6491 3143302150042 1866 
CLU_6491 3143302219085 1340 
CLU_6491 3143309812032 4877 
CLU_6491 3143302149915 4599 
CLU_6491 3143307299079 1244 
CLU_6491 3143302150018 1371 
CLU_6491 3143302218984 1739 
CLU_6491 3143306065295 4200 
CLU_6491 3143302219069 7863 
CLU_6491 3143306629296 1678 
CLU_6491 3143302149923 2928 
CLU_6491 3143306065341 3203 
CLU_6491 3143306329705 4502 
CLU_6491 3143306297943 9838 
CLU_6491 3143305212626 9838 
CLU_6491 3143307780621 7255 
CLU_6491 3143303180166 6928 
CLU_6491 3143302149893 1749 
CLU_6491 3143309251553 3767 
CLU_6491 3143302150026 4869 
CLU_6491 3143300550108 3157 
CLU_6491 3143303413578 26425 
CLU_6491 3143306329632 9979 
CLU_6491 3143305212588 8727 
CLU_6491 3143309812083 4711 
CLU_6491 3143306023282 4304 
CLU_6491 3143302218968 8099 
CLU_6491 3143309772227 3715 
CLU_6491 3143302203480 5064 
CLU_6491 3143302150085 1244 
CLU_6491 3143300211826 8692 
CLU_6491 3143302149931 6290 
CLU_6491 3143309352511 3105 
CLU_6491 3143309690905 3643 
CLU_6491 3143307608756 2386 
CLU_6491 3143306409911 3157 
CLU_6491 3143307780907 8217 
CLU_6491 3143309936424 4242 
CLU_6491 3143309812075 5780 
CLU_6491 3143303688100 6489 
CLU_6491 3143303180115 4156 
CLU_6491 3143305302854 2398 
CLU_6491 3143302219212 2821 
CLU_6491 3143302149958 8285 
CLU_6491 3143307951345 5632 
CLU_6491 3143302219077 4200 
CLU_6491 3143302219344 7863 
CLU_6491 3143307607660 9883 
CLU_6491 3143302150069 1535 
CLU_6491 3143307809131 5764 
CLU_6491 3143300186252 9130 
CLU_6491 3143307836619 4877 
CLU_6491 3143305212545 6618 
CLU_6491 3143302150077 2386 
CLU_6491 3143302150034 638 
CLU_6491 3143305212529 24682 
CLU_6491 3143302219379 45846 
CLU_6491 3143305212618 24682 
CLU_6491 CLU_6117 48661 
CLU_6491 CLU_6298 5749 
CLU_6491 CLU_6301 15765 
CLU_6491 CLU_6312 7186 
CLU_6491 CLU_6320 7554 
CLU_6491 CLU_6326 6917 
CLU_6491 CLU_6362 5601 
CLU_6491 CLU_6374 7863 
CLU_6491 CLU_6383 4236 
CLU_6491 CLU_6385 5959 
CLU_6491 CLU_6399 6950 
CLU_6491 CLU_6409 44775 
CLU_6491 CLU_6411 21483 
CLU_6491 CLU_6413 45846 
CLU_6491 CLU_6416 24682 
CLU_6491 CLU_6417 64588 
CLU_6492 3143309772235 6491 
CLU_6492 3143309772251 5245 
CLU_6492 3143309812059 7169 
CLU_6492 3143305305063 4186 
CLU_6492 3143307781067 3485 
CLU_6492 3143305304997 4139 
CLU_6492 3143307831331 4211 
CLU_6492 3143300659134 6005 
CLU_6492 3143303180158 8005 
CLU_6492 3143307821506 7934 
CLU_6492 3143302150107 10748 
CLU_6492 3143309775978 7934 
CLU_6492 3143302219107 10892 
CLU_6492 3143302219352 7361 
CLU_6492 3143303180182 3844 
CLU_6492 3143302150050 2835 
CLU_6492 3143302150042 3209 
CLU_6492 3143302219085 2670 
CLU_6492 3143309812032 4856 
CLU_6492 3143302149915 4029 
CLU_6492 3143307299079 3143 
CLU_6492 3143302150018 608 
CLU_6492 3143302218984 1104 
CLU_6492 3143306065295 3247 
CLU_6492 3143302219069 9631 
CLU_6492 3143306629296 527 
CLU_6492 3143302149923 1835 
CLU_6492 3143306065341 1481 
CLU_6492 3143306329705 3553 
CLU_6492 3143306297943 7930 
CLU_6492 3143305212626 7930 
CLU_6492 3143307780621 7966 
CLU_6492 3143303180166 7934 
CLU_6492 3143302149893 2422 
CLU_6492 3143309251553 5615 
CLU_6492 3143302150026 6777 
CLU_6492 3143300550108 1591 
CLU_6492 3143303413578 24775 
CLU_6492 3143306329632 11468 
CLU_6492 3143305212588 9734 
CLU_6492 3143309812083 5147 
CLU_6492 3143306023282 5800 
CLU_6492 3143302218968 9046 
CLU_6492 3143309772227 3969 
CLU_6492 3143302203480 6711 
CLU_6492 3143302150085 3143 
CLU_6492 3143300211826 10430 
CLU_6492 3143302149931 7969 
CLU_6492 3143309352511 2858 
CLU_6492 3143309690905 5551 
CLU_6492 3143307608756 480 
CLU_6492 3143306409911 1591 
CLU_6492 3143307780907 9877 
CLU_6492 3143309936424 6146 
CLU_6492 3143309812075 6350 
CLU_6492 3143303688100 6902 
CLU_6492 3143303180115 5245 
CLU_6492 3143305302854 3816 
CLU_6492 3143302219212 3709 
CLU_6492 3143302149958 9660 
CLU_6492 3143307951345 5401 
CLU_6492 3143302219077 6082 
CLU_6492 3143302219344 9631 
CLU_6492 3143307607660 10748 
CLU_6492 3143302150069 1424 
CLU_6492 3143307809131 4551 
CLU_6492 3143300186252 10847 
CLU_6492 3143307836619 4856 
CLU_6492 3143305212545 8514 
CLU_6492 3143302150077 480 
CLU_6492 3143302150034 2417 
CLU_6492 3143305212529 26301 
CLU_6492 3143302219379 47136 
CLU_6492 3143305212618 26301 
CLU_6492 CLU_6117 49251 
CLU_6492 CLU_6298 4060 
CLU_6492 CLU_6301 14133 
CLU_6492 CLU_6312 8908 
CLU_6492 CLU_6320 9365 
CLU_6492 CLU_6326 8804 
CLU_6492 CLU_6362 6571 
CLU_6492 CLU_6374 9631 
CLU_6492 CLU_6383 2494 
CLU_6492 CLU_6385 5606 
CLU_6492 CLU_6399 8802 
CLU_6492 CLU_6409 45438 
CLU_6492 CLU_6411 22408 
CLU_6492 CLU_6413 47136 
CLU_6492 CLU_6416 26301 
CLU_6492 CLU_6417 66135 
CLU_6493 3143309772235 10792 
CLU_6493 3143309772251 11113 
CLU_6493 3143309812059 11631 
CLU_6493 3143305305063 10453 
CLU_6493 3143307781067 11303 
CLU_6493 3143305304997 11757 
CLU_6493 3143307831331 12414 
CLU_6493 3143300659134 13572 
CLU_6493 3143303180158 13480 
CLU_6493 3143307821506 12867 
CLU_6493 3143302150107 15437 
CLU_6493 3143309775978 12867 
CLU_6493 3143302219107 12682 
CLU_6493 3143302219352 10914 
CLU_6493 3143303180182 9106 
CLU_6493 3143302150050 9470 
CLU_6493 3143302150042 9891 
CLU_6493 3143302219085 9846 
CLU_6493 3143309812032 13459 
CLU_6493 3143302149915 13690 
CLU_6493 3143307299079 8255 
CLU_6493 3143302150018 10256 
CLU_6493 3143302218984 11044 
CLU_6493 3143306065295 13475 
CLU_6493 3143302219069 9161 
CLU_6493 3143306629296 10864 
CLU_6493 3143302149923 12237 
CLU_6493 3143306065341 12330 
CLU_6493 3143306329705 13767 
CLU_6493 3143306297943 18128 
CLU_6493 3143305212626 18128 
CLU_6493 3143307780621 13950 
CLU_6493 3143303180166 12867 
CLU_6493 3143302149893 10644 
CLU_6493 3143309251553 7909 
CLU_6493 3143302150026 6491 
CLU_6493 3143300550108 12374 
CLU_6493 3143303413578 35628 
CLU_6493 3143306329632 12565 
CLU_6493 3143305212588 3809 
CLU_6493 3143309812083 12719 
CLU_6493 3143306023282 9903 
CLU_6493 3143302218968 13844 
CLU_6493 3143309772227 12258 
CLU_6493 3143302203480 9345 
CLU_6493 3143302150085 8255 
CLU_6493 3143300211826 9830 
CLU_6493 3143302149931 9443 
CLU_6493 3143309352511 12190 
CLU_6493 3143309690905 6987 
CLU_6493 3143307608756 11229 
CLU_6493 3143306409911 12374 
CLU_6493 3143307780907 10334 
CLU_6493 3143309936424 6281 
CLU_6493 3143309812075 13227 
CLU_6493 3143303688100 14062 
CLU_6493 3143303180115 11113 
CLU_6493 3143305302854 9807 
CLU_6493 3143302219212 10908 
CLU_6493 3143302149958 12192 
CLU_6493 3143307951345 14326 
CLU_6493 3143302219077 7399 
CLU_6493 3143302219344 9161 
CLU_6493 3143307607660 15437 
CLU_6493 3143302150069 10830 
CLU_6493 3143307809131 15066 
CLU_6493 3143300186252 10260 
CLU_6493 3143307836619 13459 
CLU_6493 3143305212545 6772 
CLU_6493 3143302150077 11229 
CLU_6493 3143302150034 8671 
CLU_6493 3143305212529 23597 
CLU_6493 3143302219379 46394 
CLU_6493 3143305212618 23597 
CLU_6493 CLU_6117 52897 
CLU_6493 CLU_6298 14916 
CLU_6493 CLU_6301 21033 
CLU_6493 CLU_6312 9378 
CLU_6493 CLU_6320 8545 
CLU_6493 CLU_6326 4715 
CLU_6493 CLU_6362 12169 
CLU_6493 CLU_6374 9161 
CLU_6493 CLU_6383 13350 
CLU_6493 CLU_6385 14742 
CLU_6493 CLU_6399 7791 
CLU_6493 CLU_6409 48751 
CLU_6493 CLU_6411 25185 
CLU_6493 CLU_6413 46394 
CLU_6493 CLU_6416 23597 
CLU_6493 CLU_6417 62913 
CLU_6494 3143309772235 6310 
CLU_6494 3143309772251 4970 
CLU_6494 3143309812059 6372 
CLU_6494 3143305305063 4847 
CLU_6494 3143307781067 3694 
CLU_6494 3143305304997 3549 
CLU_6494 3143307831331 2869 
CLU_6494 3143300659134 3397 
CLU_6494 3143303180158 5966 
CLU_6494 3143307821506 6332 
CLU_6494 3143302150107 8220 
CLU_6494 3143309775978 6332 
CLU_6494 3143302219107 10003 
CLU_6494 3143302219352 7069 
CLU_6494 3143303180182 5875 
CLU_6494 3143302150050 5337 
CLU_6494 3143302150042 4993 
CLU_6494 3143302219085 4958 
CLU_6494 3143309812032 2158 
CLU_6494 3143302149915 1128 
CLU_6494 3143307299079 6555 
CLU_6494 3143302150018 5232 
CLU_6494 3143302218984 4063 
CLU_6494 3143306065295 1587 
CLU_6494 3143302219069 10405 
CLU_6494 3143306629296 4500 
CLU_6494 3143302149923 3000 
CLU_6494 3143306065341 3747 
CLU_6494 3143306329705 1289 
CLU_6494 3143306297943 7983 
CLU_6494 3143305212626 7983 
CLU_6494 3143307780621 5560 
CLU_6494 3143303180166 6332 
CLU_6494 3143302149893 4155 
CLU_6494 3143309251553 7616 
CLU_6494 3143302150026 9205 
CLU_6494 3143300550108 3435 
CLU_6494 3143303413578 21539 
CLU_6494 3143306329632 10767 
CLU_6494 3143305212588 14337 
CLU_6494 3143309812083 3335 
CLU_6494 3143306023282 6370 
CLU_6494 3143302218968 7016 
CLU_6494 3143309772227 2891 
CLU_6494 3143302203480 7492 
CLU_6494 3143302150085 6555 
CLU_6494 3143300211826 10941 
CLU_6494 3143302149931 8577 
CLU_6494 3143309352511 2609 
CLU_6494 3143309690905 8184 
CLU_6494 3143307608756 4789 
CLU_6494 3143306409911 3435 
CLU_6494 3143307780907 10077 
CLU_6494 3143309936424 8937 
CLU_6494 3143309812075 4156 
CLU_6494 3143303688100 4078 
CLU_6494 3143303180115 4970 
CLU_6494 3143305302854 5256 
CLU_6494 3143302219212 4187 
CLU_6494 3143302149958 8805 
CLU_6494 3143307951345 1704 
CLU_6494 3143302219077 8226 
CLU_6494 3143302219344 10405 
CLU_6494 3143307607660 8220 
CLU_6494 3143302150069 4127 
CLU_6494 3143307809131 1309 
CLU_6494 3143300186252 11199 
CLU_6494 3143307836619 2158 
CLU_6494 3143305212545 10446 
CLU_6494 3143302150077 4789 
CLU_6494 3143302150034 6262 
CLU_6494 3143305212529 25409 
CLU_6494 3143302219379 44793 
CLU_6494 3143305212618 25409 
CLU_6494 CLU_6117 45329 
CLU_6494 CLU_6298 3228 
CLU_6494 CLU_6301 16297 
CLU_6494 CLU_6312 9545 
CLU_6494 CLU_6320 10429 
CLU_6494 CLU_6326 11569 
CLU_6494 CLU_6362 5327 
CLU_6494 CLU_6374 10405 
CLU_6494 CLU_6383 3453 
CLU_6494 CLU_6385 1476 
CLU_6494 CLU_6399 10236 
CLU_6494 CLU_6409 41653 
CLU_6494 CLU_6411 19378 
CLU_6494 CLU_6413 44793 
CLU_6494 CLU_6416 25409 
CLU_6494 CLU_6417 64616 
CLU_6495 3143309772235 24739 
CLU_6495 3143309772251 23594 
CLU_6495 3143309812059 24464 
CLU_6495 3143305305063 23659 
CLU_6495 3143307781067 22520 
CLU_6495 3143305304997 22325 
CLU_6495 3143307831331 21623 
CLU_6495 3143300659134 21334 
CLU_6495 3143303180158 23191 
CLU_6495 3143307821506 23834 
CLU_6495 3143302150107 23840 
CLU_6495 3143309775978 23834 
CLU_6495 3143302219107 27186 
CLU_6495 3143302219352 25309 
CLU_6495 3143303180182 24680 
CLU_6495 3143302150050 24033 
CLU_6495 3143302150042 23779 
CLU_6495 3143302219085 23657 
CLU_6495 3143309812032 20697 
CLU_6495 3143302149915 19947 
CLU_6495 3143307299079 25109 
CLU_6495 3143302150018 23032 
CLU_6495 3143302218984 22242 
CLU_6495 3143306065295 19913 
CLU_6495 3143302219069 28781 
CLU_6495 3143306629296 22408 
CLU_6495 3143302149923 21057 
CLU_6495 3143306065341 20961 
CLU_6495 3143306329705 19645 
CLU_6495 3143306297943 16651 
CLU_6495 3143305212626 16651 
CLU_6495 3143307780621 22575 
CLU_6495 3143303180166 23834 
CLU_6495 3143302149893 22846 
CLU_6495 3143309251553 26441 
CLU_6495 3143302150026 28031 
CLU_6495 3143300550108 20900 
CLU_6495 3143303413578 3515 
CLU_6495 3143306329632 27986 
CLU_6495 3143305212588 31928 
CLU_6495 3143309812083 21794 
CLU_6495 3143306023282 25048 
CLU_6495 3143302218968 23828 
CLU_6495 3143309772227 21687 
CLU_6495 3143302203480 26127 
CLU_6495 3143302150085 25109 
CLU_6495 3143300211826 29119 
CLU_6495 3143302149931 27046 
CLU_6495 3143309352511 21335 
CLU_6495 3143309690905 26988 
CLU_6495 3143307608756 22103 
CLU_6495 3143306409911 20900 
CLU_6495 3143307780907 28154 
CLU_6495 3143309936424 27736 
CLU_6495 3143309812075 22035 
CLU_6495 3143303688100 21431 
CLU_6495 3143303180115 23594 
CLU_6495 3143305302854 24080 
CLU_6495 3143302219212 23012 
CLU_6495 3143302149958 26284 
CLU_6495 3143307951345 19878 
CLU_6495 3143302219077 27052 
CLU_6495 3143302219344 28781 
CLU_6495 3143307607660 23840 
CLU_6495 3143302150069 22485 
CLU_6495 3143307809131 18289 
CLU_6495 3143300186252 29247 
CLU_6495 3143307836619 20697 
CLU_6495 3143305212545 29217 
CLU_6495 3143302150077 22103 
CLU_6495 3143302150034 24615 
CLU_6495 3143305212529 40332 
CLU_6495 3143302219379 54181 
CLU_6495 3143305212618 40332 
CLU_6495 CLU_6117 47156 
CLU_6495 CLU_6298 18395 
CLU_6495 CLU_6301 22253 
CLU_6495 CLU_6312 27932 
CLU_6495 CLU_6320 28939 
CLU_6495 CLU_6326 30392 
CLU_6495 CLU_6362 23425 
CLU_6495 CLU_6374 28781 
CLU_6495 CLU_6383 19961 
CLU_6495 CLU_6385 19424 
CLU_6495 CLU_6399 28893 
CLU_6495 CLU_6409 44715 
CLU_6495 CLU_6411 29857 
CLU_6495 CLU_6413 54181 
CLU_6495 CLU_6416 40332 
CLU_6495 CLU_6417 75789 
;

end;
