id_setor,populacao,ivs,area_km2,dens_pop_km2,min_dist_exist_km,cnes_mais_proxima,centralidade_km,n_area,n_dens,n_cent,score,rank_abnc
310620025610662,252,0.496636,16.402653312367235,15.363368060092913,2.10017353699172,0022624,2.10017353699172,1.0,8.245201534049915e-05,0.5225222640477937,0.4567896600204743,1
310620005620281,187,0.470322,0.001003590281009,186331.01928009107,1.078599302736409,0023388,1.078599302736409,0.0,1.0,0.037270909042998755,0.41118127271289967,2
310620005680232,0,0.812975,0.521342995897449,0.0,3.1053823786538204,0023604,3.1053823786538204,0.031724821248667344,0.0,1.0,0.3095174463746002,3
310620005620526,292,0.477133,0.005767037238942,50632.584445313776,2.3969160495723387,0023434,2.3969160495723387,0.00029042486814717243,0.2717345970678309,0.6634760014159248,0.3078237667123539,4
310620005620720,196,0.482319,0.001379040125239,142127.8441524908,1.005441925194007,0022764,1.005441925194007,2.289098051669915e-05,0.7627707115090996,0.002520897354493472,0.3058714211041429,5
310620005620455,263,0.515374,0.192864375438915,1363.6525636290914,2.7458751829872914,0024155,2.7458751829872914,0.011697651663634116,0.007318440960059696,0.8292328173700215,0.25520651709412057,6
310620005680554,132,0.46983,0.378239601651306,348.9851391121362,2.7342247312733226,3411451,2.7342247312733226,0.02299988219247948,0.001872930983045528,0.8236988118214748,0.2547587805974045,7
310620005620528,589,0.489346,0.06345766505995,9281.778638460104,2.534794658679512,0023434,2.534794658679512,0.0038077922548755104,0.04981338412853214,0.7289688257765589,0.23975833906084315,8
310620005620525,437,0.498474,0.026229637794048,16660.54268195665,2.4250838160772035,0023434,2.4250838160772035,0.0015380189151991198,0.0894136829515899,0.6768557895953987,0.2392836157338153,9
310620005620423,452,0.499147,0.038161005366862,11844.55167401079,2.485426248815199,0023434,2.485426248815199,0.002265468152012621,0.06356725637939097,0.7055186574209004,0.2377621402236303,10
310620005620422,489,0.484838,0.101246892530164,4829.777860632262,2.5825487499594857,0023434,2.5825487499594857,0.0061117816773131545,0.025920417755951757,0.7516521871257436,0.2376973577432977,11
310620005620527,405,0.476844,0.031078893880144,13031.351809426864,2.4415667807802746,0023434,2.4415667807802746,0.0018336755209834793,0.06993656697513287,0.6846852558137709,0.23393030619047944,12
310620005620524,401,0.498082,0.020642277708675,19426.150818205402,2.342316803828292,0023434,2.342316803828292,0.0011973604948544187,0.10425612919019238,0.6375411676161552,0.23332401010937984,13
310620005680096,709,0.503343,0.26568980951917,2668.5253803414857,2.5273226780468203,0023604,2.5273226780468203,0.016137780267416534,0.014321423188965563,0.7254196086908066,0.22819578596305315,14
310620005620424,515,0.497953,0.142380577473923,3617.066380379882,2.52516490325822,0023434,2.52516490325822,0.008619680921641545,0.01941204633750616,0.7243946580755175,0.22766912023415017,15
310620005620257,701,0.500136,0.008791252588936,79738.3527442068,1.3068121630425518,0024147,1.3068121630425518,0.00047480969535889094,0.4279392290788945,0.14567282050448108,0.21501998069150977,16
310620005680369,436,0.464834,0.181091008437783,2407.62920125764,2.425174225991324,0023604,2.425174225991324,0.010979835638988855,0.012921247415270745,0.6768987346226535,0.211532070044601,17
310620005680268,309,0.494404,0.034013045014859,9084.749685451852,2.32348355632226,0023604,2.32348355632226,0.0020125691801233837,0.04875597053325695,0.6285953087984603,0.20868475160687788,18
310620005620740,399,0.510407,0.21202180668836,1881.8818980562207,2.39794994615222,0024155,2.39794994615222,0.012865670221160551,0.010099670496770016,0.6639671059284499,0.20708970104359112,19
310620005680392,282,0.476316,0.114595927575844,2460.8204319770575,2.3611106833545747,0023604,2.3611106833545747,0.006925665358032441,0.013206713737115208,0.6464683265049789,0.20130088305374946,20
310620005670842,321,0.505742,3.058883959293341,104.94023450113386,1.9915744734804293,0022675,1.9915744734804293,0.18643736580318712,0.000563192510332317,0.47093732684592676,0.19743768479886709,21
310620060640213,811,0.496636,0.033697357716803,24067.168910267384,2.011836097138612,0023035,2.011836097138612,0.0019933218907710877,0.12916351235158458,0.4805616693606903,0.19643190231607224,22
310620005620816,0,0.812975,2.315155481510364,0.0,2.0613006844059325,0024147,2.0613006844059325,0.14109262973182213,0.0,0.504057522321114,0.19354504561588085,23
310620005620358,480,0.524046,0.068534552870644,7003.766419925132,2.2425214577349384,0023434,2.2425214577349384,0.0041173274477809855,0.037587764221893374,0.5901380271578673,0.19331171207045184,24
310620005680102,692,0.500643,0.31878793519336,2170.7220493782775,2.267594580577537,3411451,2.267594580577537,0.01937514520167,0.011649815783572074,0.6020478487113071,0.19108682448732195,25
310620005630582,0,0.812975,3.614712680834555,0.0,1.86432355821916,0022993,1.86432355821916,0.2203259520709906,0.0,0.4104926944486113,0.18924559395588056,26
310620005620359,513,0.504848,0.065167876376563,7871.976632101756,2.18375294373229,0023434,2.18375294373229,0.003912062943836149,0.042247268664744826,0.562222776268448,0.18673935922958315,27
310620060640439,366,0.496636,0.017683610852743,20697.13041345443,1.983921368401616,0023035,1.983921368401616,0.001016972125021846,0.11107721351721205,0.4673020750111001,0.1849265995477214,28
310620005680535,597,0.473204,0.147295670526151,4053.072285610785,2.217210549058799,3411451,2.217210549058799,0.008919351572796191,0.021751999754363194,0.5781152564970035,0.18481118232268517,29
310620005620143,689,0.374346,0.021046517920136,32737.006787275135,1.7948169361793784,0024147,1.7948169361793784,0.001222006808994188,0.1756927371178342,0.37747680446662024,0.183886738229818,30
310620005680543,407,0.466533,0.022696299281118,17932.43889494356,2.01511413931776,0023485,2.01511413931776,0.001322593115185109,0.09623968657621994,0.48211875092740974,0.18352827784326642,31
310620005620361,439,0.49341,0.122061792074534,3596.53903599855,2.2061842881713187,0023434,2.2061842881713187,0.007380855209370174,0.01930188033046857,0.5728777437868414,0.1817983318310509,32
310620060640121,593,0.496636,0.067138065721603,8832.5451981139,2.1321929476874804,0023035,2.1321929476874804,0.004032184357134408,0.047402441269517766,0.5377315967674067,0.18149011084516944,33
310620005680394,230,0.489742,0.259345268679196,886.8486445553962,2.225517555138345,3411451,2.225517555138345,0.01575095693272292,0.00475953305027701,0.5820611136074965,0.18124743438217664,34
310620005620594,831,0.388635,0.025913162206647,32068.645014186637,1.7775739067030123,0024147,1.7775739067030123,0.0015187235642579984,0.17210577786826436,0.36928630480714747,0.18008381965872738,35
310620005680234,364,0.515614,0.014001006856476,25998.13025815612,1.869033434816836,0023604,1.869033434816836,0.0007924456866046142,0.13952658209353735,0.4127299024010943,0.1798673372637246,36
310620060640440,486,0.496636,0.381852250519484,1272.7435790644943,2.1816706368338257,0023035,2.1816706368338257,0.023220143503347085,0.006830551262918375,0.5612336731664574,0.17806836550610872,37
310620005680547,334,0.529228,0.01465187506047,22795.717177599658,1.8890271361271207,0023604,1.8890271361271207,0.0008321287803800868,0.12233989416079641,0.4222269808580986,0.1758536905558622,38
310620060640258,538,0.496636,0.033799701109764,15917.300518512086,1.9879052700944368,0023035,1.9879052700944368,0.001999561713880051,0.08542485615122057,0.46919444232991414,0.17552814367362646,39
310620005620360,332,0.488443,0.049910900904159,6651.853482619364,2.1131908345464723,0023434,2.1131908345464723,0.002981853133791299,0.03569912035215327,0.5287055261790561,0.1737858619347155,40
310620060640438,360,0.496636,0.019980436590014,18017.624308566108,1.936070041675172,0023035,1.936070041675172,0.0011570083882142081,0.09669685905320027,0.4445725264827834,0.1723976040825794,41
310620005680456,674,0.518308,0.034314478294839,19641.85479402645,1.906618048662128,0023485,1.906618048662128,0.0020309474094532113,0.10541376776617636,0.4305827261942225,0.17194960918757324,42
310620005680226,427,0.530383,0.010631571615963,40163.39403281371,1.589081804803647,0024023,1.589081804803647,0.0005870129833335667,0.2155486198057043,0.2797518933201113,0.17032111981331519,43
310620005680403,341,0.479458,0.417611782290491,816.5478429025745,2.128577814148324,0023485,2.128577814148324,0.02540038344121466,0.0043822432038282755,0.5360143956188501,0.17017733099955074,44
310620005680240,198,0.475025,0.096494707469887,2051.92600912117,2.098393864593823,3411451,2.098393864593823,0.005822043441172325,0.011012262032639523,0.521676913398192,0.1626545918648651,45
310620060690369,437,0.496636,0.077434760318884,5643.460355535302,2.0455658920962607,0023574,2.0455658920962607,0.004659968438111068,0.03028728323034666,0.4965834406215563,0.16248793601003886,46
310620005680544,282,0.537926,0.011361969093292,24819.641532601083,1.7376396856075238,0023604,1.7376396856075238,0.0006315449352838305,0.13320187711361373,0.3503174093046363,0.15856543711742152,47
310620005680546,887,0.473327,0.178270775255563,4975.577173142522,2.006187221095612,0023604,2.006187221095612,0.010807887497795333,0.026702892477946896,0.47787843336842983,0.1572870532510463,48
310620005680455,612,0.509708,0.037787429399026,16195.862214850074,1.8518441176336184,0023485,1.8518441176336184,0.002242691420758999,0.08691983909831247,0.4045649162698183,0.15681021794649816,49
310620060660430,513,0.496636,0.101690669657501,5044.710608434465,2.0052948038705254,0023280,2.0052948038705254,0.006138838536522836,0.027073917310844003,0.4774545320471336,0.15590757809943454,50
310620060660393,272,0.496636,0.054009794997312,5036.123540434418,2.0073650991232648,0023280,2.0073650991232648,0.0032317605615565367,0.027027832294869613,0.47843792957514986,0.15531203995895976,51
310620005620254,389,0.48773,0.007635273913525,50947.746525626506,1.3060480555697496,0024147,1.3060480555697496,0.00040433028048305833,0.27342600669748024,0.1453098667668931,0.15308466179320496,52
310620005620739,384,0.513156,0.16405265889291,2340.711833574528,1.9862989336725771,0023434,1.9862989336725771,0.00994101638400078,0.01256211575838584,0.46843142687869815,0.14853657928216402,53
310620005680518,645,0.482459,0.271189600780991,2378.4097846764157,1.9681355134937693,0023604,1.9681355134937693,0.016473099662417095,0.012764432856459675,0.4598037383977794,0.1479888245606428,54
310620005680390,592,0.48085,0.039480273898101,14994.830115109085,1.805913116251656,0023485,1.805913116251656,0.0023459032639430075,0.08047414849681574,0.38274752903552534,0.1477176890885668,55
310620005620421,482,0.520805,0.082284995422753,5857.690062734329,1.9355769844297737,0023434,1.9355769844297737,0.004955684734096694,0.031437009711888626,0.44433832255672323,0.14736300607200142,56
310620005680447,408,0.499846,0.019902127067826,20500.32132794375,1.719176873411802,0023485,1.719176873411802,0.0011522338976285114,0.11002097990527201,0.34154750856247057,0.14681831470013854,57
310620060640346,35,0.496636,1.623587362590154,21.5572015442172,1.8189905681737604,5432243,1.8189905681737604,0.0989280834429842,0.00011569303719534005,0.3889593647028933,0.1464125116586414,58
310620005670544,565,0.462194,0.009770723354519,57825.81079206231,1.1533220112759277,3286401,1.1533220112759277,0.0005345275153452585,0.31033915348865815,0.07276445846171674,0.14612535718858186,59
310620005620253,714,0.515444,0.27715313153506,2576.1931537464106,1.950285130823564,0024155,1.950285130823564,0.01683669301156895,0.013825895246533808,0.45132474383466237,0.1459787891524829,60
310620060660444,44,0.496636,5.890067583411475,7.470202909711876,1.264604581827876,0023280,1.264604581827876,0.3590531497084916,4.0091032285304766e-05,0.12562407094804137,0.145419202609874,61
310620060640441,465,0.496636,0.147736379283348,3147.498282113457,1.952471201909748,0023035,1.952471201909748,0.008946221355084223,0.016891971579794596,0.4523631352908456,0.14514959562569676,62
310620005620579,410,0.480119,0.010781850506145,38026.86744416693,1.4246582366166471,0024147,1.4246582366166471,0.0005961754086217764,0.2040823239795908,0.20165012001567148,0.1423068182191243,63
310620005680558,190,0.509472,0.380394663806748,499.48124429139136,1.9120682852533613,3411451,1.9120682852533613,0.02313127520427756,0.0026806124188081416,0.43317160774811225,0.1379631098532402,64
310620005620796,198,0.499249,0.11053572398996,1791.276094758147,1.926020207120703,0024104,1.926020207120703,0.006678116870247302,0.009613407910711406,0.43979881971571233,0.13778844414007244,65
310620005630389,581,0.512224,0.031903870051235,18210.956823324617,1.645216220373692,0022934,1.645216220373692,0.001883973886396082,0.0977344346297493,0.3064159381877102,0.1315837474741316,66
310620060640255,406,0.496636,0.03200995543088,12683.554054821703,1.7250558373426317,0023035,1.7250558373426317,0.0018904418564748564,0.06807000843888425,0.3443400371108623,0.13109714706575484,67
310620005680509,582,0.454182,0.010172734811233,57211.75384984384,1.0559801857836757,0023485,1.0559801857836757,0.0005590379434744886,0.30704363702236637,0.026526748920042267,0.13094319086800157,68
310620005630126,728,0.493198,0.051426156580155,14156.220266340693,1.6988809018914737,0022934,1.6988809018914737,0.0030742374793706084,0.07597350307551956,0.33190685069235765,0.1308837276817263,69
310620005670246,401,0.512167,0.019691798007482,20363.808314895265,1.6048379329404092,0024090,1.6048379329404092,0.001139410244891874,0.10928834282972807,0.28723610961259294,0.13022799308913668,70
310620005680399,769,0.459405,0.06458522489085,11906.74804182569,1.7221710912265662,0023604,1.7221710912265662,0.00387653898767408,0.06390105140748237,0.34296977255765926,0.12961431402659296,71
310620060660431,233,0.496636,0.114829787934016,2029.0902229470935,1.8519608939794043,9166718,1.8519608939794043,0.0069399237016829025,0.010889707096471059,0.40462038544486695,0.12782397558255337,72
310620060690405,0,0.496636,0.195996355691968,0.0,1.8704688186493448,0023574,1.8704688186493448,0.01188860686058821,0.0,0.413411714770985,0.12759009648947195,73
310620005670635,562,0.497664,0.027488282990367,20445.074732275836,1.5578052061267234,0024090,1.5578052061267234,0.0016147578541257403,0.10972448286531931,0.2648953989225388,0.12384284017912711,74
310620005680513,944,0.404518,0.05678021899185,16625.50826257817,1.607542975520657,0023604,1.607542975520657,0.003400671862643975,0.08922566047678222,0.2885210143541144,0.12326677005574041,75
310620005680443,504,0.503837,0.039988495944357,12603.624820030827,1.6672639761498915,0024023,1.6672639761498915,0.002376889296132906,0.06764104478538366,0.3168886997418566,0.12283609462555031,76
310620005680536,513,0.480358,0.16339042588031,3139.7188497188504,1.7720527794261456,3411451,1.7720527794261456,0.0099006403837922,0.016850220976890883,0.3666637499281998,0.11970940548435394,77
310620005680093,777,0.490359,0.075085985312574,10348.136163698748,1.661715730176345,0023485,1.661715730176345,0.004516764855172264,0.055536304173507064,0.3142532633865868,0.11784553014193055,78
310620060660432,313,0.496636,0.118257044756176,2646.7767788832175,1.7711104326887863,0023280,1.7711104326887863,0.007148881756526917,0.01420470294806152,0.3662161319129302,0.11769138528006173,79
310620005680512,729,0.366814,0.041988479450344,17361.90520692998,1.5588696577103696,0023604,1.5588696577103696,0.0024988272438317798,0.09317775040360683,0.26540101716933995,0.11764105348539425,80
310620005680542,296,0.335378,0.014597376101145,20277.6168777882,1.5020019559840918,0024023,1.5020019559840918,0.0008288060073512486,0.10882577123300696,0.23838865879794796,0.11529554793479255,81
310620005670437,334,0.535693,0.278543854618864,1199.093049304633,1.7482364038247926,0023434,1.7482364038247926,0.016921484670174566,0.006435284119291847,0.3553508877353859,0.11425582536938489,82
310620005670586,193,0.437124,0.008223315610634,23469.85195976445,1.4459650925089682,0023345,1.4459650925089682,0.0004401828750130556,0.1259578359547574,0.21177095151860928,0.11404647469998966,83
310620060660434,205,0.496636,0.085323986206098,2402.6069235071545,1.7368614463814307,0023280,1.7368614463814307,0.005140970411747324,0.012894293890463713,0.3499477429345219,0.11168433156006626,84
310620005630165,763,0.531639,0.023858828205209,31979.776770152414,1.2951257105540617,0022934,1.2951257105540617,0.0013934718952949877,0.17162884040300722,0.14012171446139177,0.1111060920682089,85
310620005680228,185,0.499888,0.01301191107835,14217.742412013107,1.563585733036123,0023485,1.563585733036123,0.0007321410346406049,0.07630367969297226,0.26764116953946576,0.11103346504942081,86
310620005630199,587,0.506337,0.014305339582726,41033.6291987654,1.1568741699743537,0023205,1.1568741699743537,0.0008110006936561422,0.2202189917561929,0.07445174633939092,0.11066642081239128,87
310620060640256,524,0.496636,0.366339348497248,1430.367778262117,1.6989615585413322,0023035,1.6989615585413322,0.02227432998549427,0.007676487703381268,0.33194516288477754,0.10933644294243405,88
310620060660269,244,0.496636,0.005589830334916,43650.698747669,1.1088458453372518,2695421,1.1088458453372518,0.0002796206559472633,0.2342642621519376,0.05163812318086157,0.1092810280118177,89
310620005680510,578,0.455624,0.011695156081534,49422.17068078551,1.0201015167021017,0023493,1.0201015167021017,0.0006518591715885684,0.2652385570139267,0.009484254890918887,0.10913625702432292,90
310620005630363,683,0.491972,0.061496915035861,11106.2481687369,1.5892580251357755,3002446,1.5892580251357755,0.0036882463520357075,0.05960493433485752,0.27983559859778706,0.10889912721888984,91
310620005680100,196,0.499866,0.283942771115048,690.2799434910941,1.7164946002973582,3411451,1.7164946002973582,0.01725065378350552,0.003704589531888255,0.3402734193973052,0.1087390577669985,92
310620060660389,396,0.496636,0.052651209041023,7521.194806589494,1.6308162227564431,9166718,1.6308162227564431,0.0031489282867970324,0.040364695237799904,0.299575888662646,0.10696332317995287,93
310620005620249,426,0.496398,0.012558326686014,33921.7166945043,1.2373053651056491,0023388,1.2373053651056491,0.0007044862316164184,0.18205082989168586,0.11265684697073869,0.10682873191738089,94
310620060660423,422,0.496636,0.130784007487656,3226.694212133164,1.6801846767365736,0023035,1.6801846767365736,0.007912644118468556,0.017316999738421584,0.323026077973473,0.10620841652295109,95
310620060660390,492,0.496636,0.103866027559085,4736.87125196082,1.6466491565453305,9166718,1.6466491565453305,0.0062714689693417185,0.02542180722384392,0.307096587910077,0.10417913995336318,96
310620060660391,355,0.496636,0.176760500284045,2008.367250768884,1.677136016664438,9166718,1.677136016664438,0.01071580682316147,0.010778491195553033,0.3215779537145138,0.1039995246395238,97
310620005670634,325,0.510499,0.040437053431972,8037.183039232903,1.601786424479385,0023450,1.601786424479385,0.0024042376114070075,0.0431338972452648,0.2857866323588914,0.10371081988919545,98
310620060640442,35,0.496636,2.246403761735313,15.580458240046317,1.4394766050785268,0023035,1.4394766050785268,0.13690087335731116,8.361709338704317e-05,0.20868889716369649,0.1037103779936571,99
310620005670478,185,0.50193,0.01540402793351,12009.84578829217,1.544106379262673,3451658,1.544106379262673,0.0008779871474214924,0.06445435566602617,0.2583884079718497,0.10356166080219183,100
310620005620664,282,0.503713,0.008133146836378,34672.92619612722,1.199260893251648,0024104,1.199260893251648,0.00043468533203513314,0.18608241574639378,0.09458558900576729,0.10293904859989825,101
310620005670055,491,0.459935,0.012611753952553,38931.93618010655,1.13350921829017,0023345,1.13350921829017,0.0007077436640969484,0.2089396404877946,0.0633533120952691,0.10279417292292765,102
310620005670587,524,0.490895,0.012132439271969,43189.99570108369,1.0682342814602084,3286401,1.0682342814602084,0.0006785200988638387,0.23179176429105924,0.03234748747432905,0.10262450798838157,103
310620060660395,130,0.496636,0.10017754827945,1297.695963144944,1.6831914096403175,0023280,1.6831914096403175,0.00604658431797228,0.006964465541801494,0.3244542866799532,0.10193604751609824,104
310620005630524,335,0.527621,0.010251634550566,32677.715767921556,1.216551515991434,0022969,1.216551515991434,0.0005638484192906349,0.1753745344933723,0.10279869563278993,0.1011585770129731,105
310620060640203,368,0.496636,0.016571474508263,22206.834993259345,1.373441792026152,0022845,1.373441792026152,0.000949165754118655,0.1191794854075168,0.17732212866398805,0.10115318248843873,106
310620005670245,497,0.504243,0.026363254139452,18851.997457182304,1.4164562343140976,3451658,1.4164562343140976,0.0015461654338523058,0.1011747669820029,0.19775414006863817,0.1002599984435483,107
310620005670247,461,0.500626,0.02715458737479,16976.873691256566,1.444142517713626,0024090,1.444142517713626,0.0015944126070785698,0.09111136598108276,0.21090522207929732,0.10019443679834586,108
310620005620663,247,0.478086,0.007838850749973,31509.720988226592,1.2237068997444844,0024147,1.2237068997444844,0.000416742253662431,0.16910614834807225,0.1061975280869758,0.09962674044142036,109
310620005680089,593,0.50513,0.05218974628279,11362.38518552727,1.5201625192294244,0024023,1.5201625192294244,0.0031207931439271295,0.06097956866992413,0.2470149902254157,0.0994325624787725,110
310620005620654,384,0.532082,0.023762050111183,16160.221790765445,1.450341265470667,0024104,1.450341265470667,0.0013875713855495758,0.08672856432172224,0.21384964907008747,0.09926259186538001,111
310620005680448,619,0.49742,0.053369381452954,11598.41060825595,1.5121151917349758,0023485,1.5121151917349758,0.003192714882907783,0.062246268243836125,0.24319248135635138,0.09881406616931221,112
310620060640324,362,0.496636,0.030917960662765,11708.40483136918,1.5088506643366466,4908732,1.5088506643366466,0.0018238635069418498,0.0628365844646039,0.24164181935806375,0.09817433864534324,113
310620025610538,491,0.496636,0.020086097953552,24444.767775971748,1.3137258752805605,3008525,1.3137258752805605,0.0011634505062528416,0.1311900072806804,0.14895685813886067,0.09751209550580621,114
310620005630360,586,0.51022,0.024302205048202,24113.038254664683,1.3162742333031752,0022934,1.3162742333031752,0.0014205043493776982,0.12940968362555988,0.1501673371643155,0.0972402259043319,115
310620005680517,597,0.46379,0.103383563058821,5774.6123497439485,1.5795326417712845,0023604,1.5795326417712845,0.006242053361251131,0.0309911488277945,0.2752160072873225,0.09683387772568988,116
310620005680444,607,0.520376,0.055325780023462,10971.377172496972,1.5049609573563436,0023485,1.5049609573563436,0.00331199547990002,0.058881109623539915,0.23979419485905754,0.09648430095110323,117
310620060640202,0,0.496636,0.027176006351986,0.0,1.6717641238620202,0023035,1.6717641238620202,0.0015957185109089118,0.0,0.3190262857359122,0.09618660127404632,118
310620025610616,555,0.496636,0.023011900756171,24117.955569192523,1.30680407274292,3008525,1.30680407274292,0.0013418351719538264,0.12943607383448397,0.1456689775836956,0.09587767336048841,119
310620005620144,423,0.519884,0.349574512140835,1210.0424524931716,1.6098108690754098,0024147,1.6098108690754098,0.021252186686467608,0.006494047299093271,0.28959827177070613,0.09585275645678942,120
310620005630166,720,0.485753,0.05573968395978,12917.188416775549,1.47038537259284,3002446,1.47038537259284,0.0033372309862869562,0.06932387568469504,0.22337067046505818,0.09574192070928156,121
310620005620653,218,0.507233,0.0085219841902,25580.8970228662,1.2818397393490124,0022993,1.2818397393490124,0.0004583925420055056,0.13728737770930793,0.1338108314010878,0.09519571826665116,122
310620005630125,506,0.508808,0.041176269080219,12288.631566260126,1.4773308636047544,0022934,1.4773308636047544,0.0024493072026232853,0.06595054121282924,0.2266698031288356,0.09511594958456937,123
310620025610530,567,0.496636,0.025454079645525,22275.407631942508,1.327245482707354,3008525,1.327245482707354,0.0014907335407603128,0.11954750056112944,0.1553787192263878,0.09487983605459621,124
310620005680393,333,0.473726,0.070330441377916,4734.791840856599,1.5830989051606073,0023604,1.5830989051606073,0.00422682183021824,0.025410647454996764,0.27690999494279067,0.09450530401390138,125
310620005670244,208,0.502386,0.016430059043612,12659.723221193799,1.4682789829009877,2695464,1.4682789829009877,0.0009405437272465305,0.06794211328905908,0.2223701279514889,0.09417004681924425,126
310620005620256,597,0.521716,0.016764615366914,35610.71858398948,1.1131186478133648,0024147,1.1131186478133648,0.0009609414511932558,0.19111535331892204,0.05366771938804574,0.09283473957934052,127
310620005670633,312,0.502879,0.019532662711992,15973.244641574078,1.4073212630112677,0024090,1.4073212630112677,0.0011297078492069012,0.08572509667627183,0.19341499656443709,0.09265344999460193,128
310620005680511,794,0.448353,0.058216663267631,13638.706779704278,1.4373242353482114,0023604,1.4373242353482114,0.0034882511183969315,0.07319611534568327,0.20766651397010683,0.09262487566482443,129
310620005630271,816,0.36519,0.075515592436333,10805.715398286353,1.4770084521627356,0022853,1.4770084521627356,0.004542957776679452,0.05799203718218973,0.22651665655968517,0.09251469917378528,130
310620005630382,169,0.487508,1.355072643865368,124.71656096452851,1.472770314954614,0022853,1.472770314954614,0.08255688156545551,0.0006693279597051725,0.22450352647674376,0.09238585359654185,131
310620060640294,545,0.496636,0.027194312871361,20040.954981214214,1.337176815571273,4908732,1.337176815571273,0.0015968346498147652,0.10755565583575129,0.16009613727357783,0.09153015391131829,132
310620005680498,508,0.473639,0.015343122732148,33109.29651469204,1.1415375100761764,7995369,1.1415375100761764,0.0008742737891682683,0.1776907390010165,0.06716677893585882,0.09148861141791473,133
310620005650711,524,0.542275,0.015704597333185,33366.025812884,1.1366307525130297,2695774,1.1366307525130297,0.0008963127064212228,0.17906855198773156,0.06483605183218177,0.09134713015667352,134
310620005630500,376,0.540662,0.053868875667375,6979.911782857566,1.5280515433397843,0022853,1.5280515433397843,0.0032231687837582803,0.037459741323936126,0.2507623044301521,0.09117953849374758,135
310620005620393,425,0.51969,0.024029592524479,17686.525460931203,1.3646766212727166,0024147,1.3646766212727166,0.0014038833064739529,0.09491992009309508,0.17315864172164816,0.09033672554567466,136
310620005630361,485,0.504915,0.03826192675625,12675.786117351665,1.437921003150611,0022934,1.437921003150611,0.002271621276307923,0.06802831952686063,0.20794998077557963,0.09027780842631052,137
310620060640325,462,0.496636,0.018141401250546,25466.610523599727,1.246616668289492,4908732,1.246616668289492,0.0010448833659982063,0.1366740257311562,0.11707974873872802,0.09010699992388034,138
310620005680514,636,0.473659,0.040157368616387,15837.691111575166,1.384157921943715,0023604,1.384157921943715,0.002387185374569613,0.08499760894759072,0.18241232807244862,0.08943889761314176,139
310620005650138,324,0.499084,0.038876935027923,8333.99031501043,1.4948548948405107,0023825,1.4948548948405107,0.002309118008776538,0.04472680043939894,0.23499377961253762,0.08908158946215382,140
310620005650635,537,0.504696,0.020582898270016,26089.620273849923,1.2287982191970634,3557472,1.2287982191970634,0.0011937401615547117,0.14001759006444464,0.10861592273739216,0.08894993489546192,141
310620005670636,430,0.515032,0.03446516061779,12476.3672152465,1.430263415367349,0023450,1.430263415367349,0.002040134431826216,0.06695807956962947,0.2043125996403704,0.08868905204951077,142
310620005630345,126,0.511084,0.011579363276634,10881.427328068672,1.4569573206763888,3002446,1.4569573206763888,0.0006447993448722304,0.05839836743291685,0.2169922985670213,0.08865047634673479,143
310620005620145,758,0.513385,0.238875365681137,3173.202886947401,1.5424449920161811,0024104,1.5424449920161811,0.014502917659545752,0.01702992287171183,0.25759924318527344,0.08844261740213048,144
310620005680094,403,0.48152,0.24943553613733,1615.6478994160764,1.5644562488883065,0023485,1.5644562488883065,0.015146765725754166,0.008670847750730378,0.2680546676315874,0.08842876910749461,145
310620060640422,511,0.496636,0.013898037160145,36767.78196171327,1.0602323414558774,0023035,1.0602323414558774,0.0007861676781069481,0.19732507289322707,0.028546537822736473,0.08772984080754385,146
310620005620752,467,0.480509,0.173215902769283,2696.0573049809764,1.5508028483740743,0023434,1.5508028483740743,0.010499694567697991,0.014469181327926338,0.26156925435686446,0.08740835720853926,147
310620005670704,405,0.460533,0.018058590356076,22426.99967241538,1.269480830253154,0023345,1.269480830253154,0.001039834429100201,0.12036106365469573,0.12794030610390456,0.08683846762177973,148
310620005630467,612,0.520659,0.019656172862978,31135.257319225628,1.135718570053366,0022853,1.135718570053366,0.0011372381984753462,0.16709647937053032,0.06440276195493065,0.08650059179423393,149
310620005670229,293,0.508603,0.020058701769453,14607.126790538554,1.38256506036677,0024171,1.38256506036677,0.0011617801752457047,0.07839342502914802,0.18165571321996943,0.08620261803022375,150
310620005630231,566,0.47696,0.067345444528591,8404.428895850691,1.4678277990526722,0022934,1.4678277990526722,0.004044828134467901,0.04510482971821901,0.222155814036347,0.08590212453853208,151
310620005650322,502,0.558351,0.014197013740705,35359.5487874108,1.0677914558026258,2695774,1.0677914558026258,0.0008043961237588147,0.1897673770262516,0.03213714372918802,0.0857894127663847,152
310620005630337,458,0.391653,0.02856746646532,16032.223247938262,1.3552740997087998,3002446,1.3552740997087998,0.0016805551058192568,0.0860416226449058,0.16869241090223208,0.08552853886037773,153
310620025610531,452,0.496636,0.025241873416277,17906.753296232433,1.3258026635295337,0022632,1.3258026635295337,0.0014777954380179865,0.09610183728622858,0.15469337504131775,0.08529208605829215,154
310620005630494,360,0.374425,0.042642117354093,8442.357517348877,1.458038174434671,0022853,1.458038174434671,0.002538679204751834,0.04530838477654868,0.2175057079044747,0.08413667004338743,155
310620005670230,368,0.490454,0.040869089087933,9004.360219730359,1.4480834069517643,0024171,1.4480834069517643,0.0024305785992516163,0.04832453691564413,0.21277715833082625,0.08389213584528102,156
310620025610431,133,0.496636,0.005565689641554,23896.40971120786,1.2274279721244263,0022632,1.2274279721244263,0.00027814881050664935,0.1282470830865096,0.10796505055758115,0.08377179304503019,157
310620005630253,548,0.354241,0.225412238659532,2431.1013601515765,1.517744771360423,0022853,1.517744771360423,0.01368207785076263,0.013047217632063544,0.24586655148239273,0.08308347585277202,158
310620005670471,581,0.52814,0.019157617627949,30327.36174629462,1.119846403908772,2695464,1.119846403908772,0.0011068415467069784,0.1627606711081573,0.05686342720052594,0.0824953490674328,159
310620025610095,693,0.496636,0.061517248094663,11265.133299422117,1.4009313549823743,0022705,1.4009313549823743,0.0036894860479898665,0.060457637933534154,0.19037976777204604,0.08240383131942444,160
310620005620151,574,0.525596,0.028888160106796,19869.732024400037,1.27381516681962,0024147,1.27381516681962,0.0017001076293098759,0.10663673767882972,0.1299991312204735,0.0821644667264669,161
310620005670598,303,0.473455,0.016978480114231,17846.120380706623,1.3020243019365674,0023345,1.3020243019365674,0.0009739806729142888,0.09577643298285456,0.1433985696362147,0.08162233828588052,162
310620005620280,177,0.472164,0.005544469945789,31923.70086421529,1.088386750550918,0023388,1.088386750550918,0.0002768550567608645,0.17132789262655124,0.041919981185554636,0.08119020792331516,163
310620005650468,303,0.500858,0.0287506957529,10538.875392935048,1.4060302856353224,0023914,1.4060302856353224,0.0016917264995927298,0.05655996212360706,0.1928017777694127,0.08097203613014445,164
310620005670483,273,0.503578,0.017901986634315,15249.704157230593,1.334969454199577,0024090,1.334969454199577,0.0010302863821406247,0.08184200470833779,0.15904763285688056,0.08076017765504148,165
310620060660433,132,0.496636,0.089014799716897,1482.899477612861,1.5316272650610958,0023280,1.5316272650610958,0.005365997379969246,0.00795841445692829,0.25246078482658785,0.08053140044473844,166
310620060690540,211,0.496636,0.018588042279272,11351.383692261743,1.3912755555498024,5471532,1.3912755555498024,0.0010721148357767957,0.060920525933464933,0.1857932290740281,0.08042781354632744,167
310620005670777,464,0.470203,0.552071710517675,840.4705243181351,1.4810469037377052,3286401,1.4810469037377052,0.03359833489765396,0.0045106312817124,0.22843493526441758,0.08041423356130642,168
310620005630087,466,0.485893,0.04638905022568,10045.474044692388,1.4060596183184606,0022969,1.4060596183184606,0.002767127741031781,0.053911979248029145,0.192815710897091,0.0802396432906485,169
310620005670823,0,0.812975,0.008212508348091,0.0,1.5604205833830709,0022675,1.5604205833830709,0.00043952396187162655,0.0,0.2661377123197796,0.07997317088449536,170
310620025610648,90,0.496636,1.465500331853083,61.41247329927083,1.3715157197111552,3015998,1.3715157197111552,0.08928959991140425,0.0003295880285340798,0.17640723753875262,0.0798408864464607,171
310620025610281,277,0.496636,0.013474246427962,20557.735935804514,1.24849136393438,0022705,1.24849136393438,0.000760329378950228,0.11032911221776937,0.11797023576492702,0.07975081443027092,172
310620005680104,537,0.514156,0.414856077297861,1294.4248123294126,1.4837795567857874,0023736,1.4837795567857874,0.025232369549970584,0.006946909952677526,0.22973295507528965,0.07926836136864908,173
310620005620655,591,0.367253,0.035532922833117,16632.462316023797,1.3013780288937329,0024104,1.3013780288937329,0.002105235335297479,0.08926298144176431,0.14309158766738392,0.07926423947751014,174
310620005670585,397,0.468206,0.029966724257688,13248.027932120382,1.351390671452732,0023345,1.351390671452732,0.001765867121139507,0.07109942286209506,0.16684776881932512,0.07902385992697741,175
310620005620221,510,0.513248,0.088558036174657,5758.935292943507,1.453306606608245,0024147,1.453306606608245,0.0053381487458391726,0.030907013309934877,0.21525819654202918,0.07854170891033445,176
310620005630338,30,0.420905,0.202950067852096,147.81961059438083,1.518988542734056,3002446,1.518988542734056,0.012312571051871005,0.0007933172435029712,0.2464573472602556,0.07794830239103916,177
310620005680013,408,0.455261,0.015736349699952,25927.232667004377,1.151151282694129,0023493,1.151151282694129,0.0008982486316058851,0.13914608940141523,0.07173335474908904,0.07744791677477457,178
310620005620216,293,0.473155,0.009849486890673,29747.74252224826,1.0919620586428196,0023388,1.0919620586428196,0.0005393296869248611,0.15964997474484766,0.04361826510656561,0.0771072683359862,179
310620025610170,689,0.496636,0.020068946749049,34331.64722671106,1.021458393042302,0022659,1.021458393042302,0.0011624048062901177,0.18425084218051768,0.010128775925786333,0.07708769109183002,180
310620005680477,460,0.47608,0.021675567531052,21222.05101854947,1.217800310927562,0024023,1.217800310927562,0.001260359634568126,0.11389435371814652,0.10339187762051003,0.07695341266378206,181
310620005670243,551,0.531833,0.046356190169512,11886.222702623805,1.3538519043353214,3451658,1.3538519043353214,0.002765124280604032,0.0637908961618277,0.16801686309677574,0.07675095467794502,182
310620005670473,141,0.480683,0.055063724695118,2560.6694930410545,1.4928323059336546,2695464,1.4928323059336546,0.0032960181036735836,0.013742582973755323,0.23403304276663914,0.07669575145059594,183
310620060690419,563,0.496636,0.015950625636628,35296.42114520967,1.000134812173112,0023663,1.000134812173112,0.0009113129233269466,0.18942858404135285,0.0,0.07604482749353923,184
310620005670248,344,0.509181,0.032154048657497,10698.497214589286,1.3682628565574428,0023450,1.3682628565574428,0.0018992271450926817,0.05741661939018003,0.1748621160976909,0.07599505072890708,185
310620005620146,366,0.521445,0.025836281660418,14166.125172753615,1.315325579834424,0024104,1.315325579834424,0.0015140361975886885,0.07602666065739289,0.1497167234294487,0.07577989215106837,186
310620005680264,633,0.506085,0.062219187357905,10173.710504426523,1.3706482919158358,0024023,1.3706482919158358,0.003732282917520422,0.054600197775623686,0.17599520628450474,0.07575832587085701,187
310620025610318,169,0.496636,0.004926924668556,34301.31600723888,1.0129855332455062,0022705,1.0129855332455062,0.00023920364439095987,0.18408806080579346,0.006104137716153026,0.07553822673048058,188
310620005620751,446,0.519718,0.205331687027307,2172.0953373391735,1.468561235208498,0023434,1.468561235208498,0.012457777126599207,0.011657185935714224,0.22250419879047442,0.07515146714940776,189
310620005630197,592,0.497561,0.02111547453934,28036.310474436727,1.1023967628223148,0022918,1.1023967628223148,0.0012262110579796509,0.15046507330211512,0.04857478629943351,0.07512632852807,190
310620060690539,149,0.496636,0.018239866281133,8168.919536111019,1.4020492461219456,5471532,1.4020492461219456,0.0010508867273829093,0.043840899747516406,0.19091076999590328,0.07512485691599241,191
310620005620474,239,0.513254,0.345404071157758,691.9432049509353,1.472573875437369,0024155,1.472573875437369,0.020997917082266684,0.0037135159117592364,0.22441021701500977,0.07510784659388663,192
310620005670182,408,0.47982,0.018884234064974,21605.324240115624,1.199077345811448,0023345,1.199077345811448,0.0010901734939435504,0.11595130174025775,0.09449840332598203,0.07505709374208078,193
310620005620766,776,0.531199,0.383441585596384,2023.7763173054173,1.444261863175177,0023434,1.444261863175177,0.023317044431231178,0.010861188465154561,0.2109619115933721,0.07462816219344282,194
310620005670625,407,0.48614,0.023236952620188,17515.20548552494,1.2563233065251125,0024171,1.2563233065251125,0.0013555564663254498,0.09400048125747783,0.12169043604703682,0.07451399025699981,195
310620060640347,449,0.496636,0.107158169155404,4190.06785519867,1.446159417282971,4908732,1.446159417282971,0.00647218911957672,0.0224872266109391,0.21186325646986384,0.0744955243212078,196
310620005630362,325,0.489755,0.02329150176856,13953.58715936045,1.305152566524154,0022969,1.305152566524154,0.001358882299354218,0.07488601314623598,0.14488450632004898,0.07382742184431536,197
310620005630053,607,0.474202,0.049272875715311,12319.151078315925,1.323917373919702,3002446,1.323917373919702,0.00294295307192808,0.06611433311486313,0.15379785584450273,0.07346797592087449,198
310620005630200,639,0.506746,0.025032690965944,25526.62040486716,1.1258042606242136,0023205,1.1258042606242136,0.0014650416934936588,0.1369960863386669,0.05969343009914041,0.07314597607325699,199
310620060660249,328,0.496636,0.169676885217465,1933.0859331818915,1.4621855229011675,0023280,1.4621855229011675,0.010283922519655018,0.0103744719513185,0.21947571301576405,0.0730776794411531,200
310620005620668,362,0.5187,0.017695883967629,20456.734496123783,1.2012419504757212,0024147,1.2012419504757212,0.0010177204104134963,0.10978705840369718,0.09552659815624213,0.07287811893147556,201
310620005680371,321,0.477976,0.396263897896608,810.0662253207694,1.448257168406728,3411451,1.448257168406728,0.024098814101812402,0.004347457704307865,0.21285969563319881,0.07282653600222651,202
310620060660422,487,0.496636,0.11790099414292,4130.584339345408,1.4317773689036324,0023035,1.4317773689036324,0.007127173536970408,0.022167990897620494,0.20503173289594956,0.07251486828892419,203
310620005680469,378,0.486466,0.022250784358888,16988.1651767035,1.248187473472856,0023485,1.248187473472856,0.00129543030353025,0.0911719650455357,0.11782588672666544,0.07220518112727299,204
310620005670597,324,0.47943,0.017700570526962,18304.494734024207,1.2281120872254,0023345,1.2281120872254,0.0010180061474833893,0.09823643322912895,0.10829000763715037,0.0720869774270417,205
310620060660397,176,0.496636,0.28142337153458,625.3922658956345,1.4597679089408084,0023280,1.4597679089408084,0.017097047309574096,0.0033563508014494924,0.21832733787981717,0.07196985587739717,206
310620005680527,294,0.474943,0.018735872561472,15691.823214285441,1.2613686457438973,0023485,1.2613686457438973,0.0010811279707177849,0.08421476614528489,0.12408698992464988,0.07123634182672425,207
310620005630461,505,0.478088,0.05862024861849,8614.770696156906,1.3604356031091018,0022934,1.3604356031091018,0.0035128575060285085,0.0462336906084717,0.17114414317471272,0.07089057644761104,208
310620005670648,379,0.492429,0.02490341366504,15218.79711342743,1.2651934136472252,0024090,1.2651934136472252,0.0014571597241128643,0.08167613300365557,0.1259037681336477,0.0708787315587904,209
310620005620258,676,0.490791,0.037403251878881,18073.294861875096,1.2201898289287822,0024147,1.2201898289287822,0.00221926831840926,0.09699563138603072,0.10452690707702893,0.07082210517304374,210
310620005670270,236,0.507223,0.016779929986395,14064.421019119058,1.2829197355466606,0024090,1.2829197355466606,0.0009618751755283377,0.07548083552302985,0.13432383339422327,0.07077804678013742,211
310620005650694,357,0.481246,0.246492197037675,1448.3217087210046,1.4431873494168177,2695774,1.4431873494168177,0.014967311881200254,0.0077728427307312735,0.21045151377818525,0.07073478479010815,212
310620005620430,251,0.516793,0.011985056473654,20942.746540390326,1.176997796107019,0024147,1.176997796107019,0.0006695342467811342,0.11239538441481599,0.08401053954408064,0.07036217590318493,213
310620005630463,132,0.489494,0.008070969859915,16354.911775298115,1.2460040708039697,0023205,1.2460040708039697,0.00043089443431956526,0.08777342515748042,0.11678876277808574,0.07027526722671376,214
310620005630523,582,0.516569,0.028774665852164,20226.125404553764,1.18399783331132,0022934,1.18399783331132,0.0016931879440004666,0.10854942715764378,0.08733558184112633,0.07012840179859556,215
310620005620800,545,0.52476,0.432514144173147,1260.0743983572984,1.4175925638914462,0024104,1.4175925638914462,0.02630897264627424,0.0067625583932601485,0.19829390061530305,0.07008588533577724,216
310620005680465,474,0.492013,0.016531300460426,28672.88034203362,1.0577962208386993,2708310,1.0577962208386993,0.0009467163634465142,0.1538814119775345,0.02738937195969713,0.07005339128795689,217
310620060640326,407,0.496636,0.11206770338055,3631.733208790261,1.4226602971225752,4908732,1.4226602971225752,0.0067715208519533035,0.01949076016876757,0.20070109172755818,0.07003808784136047,218
310620005620147,733,0.516919,0.034777581925379,21076.796011084716,1.1667911710175465,0024104,1.1667911710175465,0.002059182595448946,0.11311480016863038,0.07916235672131898,0.06961238186248253,219
310620060660268,528,0.496636,0.021872587981581,24139.804601295058,1.1216806722915649,0555142,1.1216806722915649,0.0012723718683292026,0.12955333306586128,0.057734711135013064,0.0695234581273472,220
310620005670249,318,0.519173,0.038949426869736,8164.433357736732,1.3588522808618704,0023450,1.3588522808618704,0.002313537798434366,0.04381682335706022,0.17039205953740527,0.06933840854357598,221
310620005670637,440,0.500409,0.032804097150185,13412.958691884578,1.280326672403484,0023450,1.280326672403484,0.001938860261498811,0.07198457210027033,0.13309211927923617,0.06930312270232863,222
310620005680499,325,0.480995,0.015555382394063,20893.08972076715,1.168843866533951,2708310,1.168843866533951,0.0008872151496723386,0.11212888654551313,0.08013739431266309,0.06915893745690588,223
310620005670671,407,0.505422,0.03075159380967,13235.086367198852,1.281989022074824,0023450,1.281989022074824,0.0018137202069742268,0.07102996816275658,0.13388174122100088,0.06912062569349517,224
310620005630433,520,0.47547,0.033144749943391,15688.759181714298,1.2443063099640763,2695731,1.2443063099640763,0.0019596296840250875,0.08419832211689401,0.11598232040668735,0.06906191387397134,225
310620025610037,810,0.496636,0.064519271419455,12554.388513379188,1.2862942592529103,3008525,1.2862942592529103,0.00387251783903888,0.06737680372213038,0.13592674402572244,0.06889050004828054,226
310620005650697,474,0.494893,0.054295881277753,8729.943945015495,1.3450617446984974,0023892,1.3450617446984974,0.0032492030923560915,0.04685180158807978,0.1638415063469193,0.06886793346701453,227
310620005620457,108,0.493547,0.00834406344919,12943.333983214628,1.2824948104663738,0024155,1.2824948104663738,0.0004475448075382578,0.06946419352624443,0.13412199248626908,0.06815653859863997,228
310620005650696,347,0.496985,0.057788989390683,6004.604054486977,1.380340527036475,0023892,1.380340527036475,0.0034621760659360743,0.032225466686579496,0.18059905206252955,0.06810855511317149,229
310620005650315,711,0.509772,0.081314189416802,8743.861374003756,1.3356672346360838,0023825,1.3356672346360838,0.004896495199970518,0.0469264935478084,0.15937908101890047,0.06805327028478465,230
310620005630198,509,0.484644,0.039524285731336,12878.158088925313,1.2787066982843256,0022918,1.2787066982843256,0.0023485866423824174,0.069114407996486,0.132322625873828,0.06804712695345752,231
310620005670649,252,0.513616,0.033617201616942,7496.162318073496,1.3603241343952184,0023450,1.3603241343952184,0.0019884348153110464,0.040230351054997095,0.1710911951434891,0.06801602940963888,232
310620005650071,408,0.481668,0.013759384855339,29652.48841351257,1.0288102060214797,2695480,1.0288102060214797,0.0007777141196445154,0.15913876566595292,0.013620912953388978,0.06797509438829122,233
310620005670589,565,0.460319,0.018141014229746,31144.895916214205,1.005764053244822,0023345,1.005764053244822,0.0010448597695425718,0.1671482077248635,0.0026739093118251646,0.06797491381435572,234
310620005670543,276,0.468871,0.010955897302755,25191.911933182895,1.0938821315497238,0023353,1.0938821315497238,0.0006067869507263264,0.1351997752736738,0.044530306491852155,0.06762103814224307,235
310620005680219,604,0.466675,0.026278567049839,22984.51048926964,1.1218405882023184,2708310,1.1218405882023184,0.0015410021063183101,0.12335310877422688,0.05781067175517937,0.06714674566814005,236
310620005670228,422,0.501095,0.022467286336835,18782.864724883715,1.184175758037297,0024171,1.184175758037297,0.0013086303158226392,0.10080374592192556,0.08742009671187592,0.0669401164770798,237
310620005620769,534,0.493952,0.021883516054026,24401.92877057148,1.0990249214555117,0024155,1.0990249214555117,0.001273038147187133,0.13096009920866009,0.04697314978860749,0.06685789606420242,238
310620005670461,457,0.478226,0.014949746790518,30569.079624134905,1.006456601752774,0024171,1.006456601752774,0.0008502898638744434,0.16405792091001095,0.0030028722893764466,0.06677911700997964,239
310620005620486,317,0.499243,0.01280268694489,24760.427351269867,1.089883871195798,0022861,1.089883871195798,0.0007193847487178382,0.1328840868629083,0.042631118758501875,0.06615878579732924,240
310620060660396,308,0.496636,0.244236304429381,1261.0737814740223,1.4128708867580655,0023280,1.4128708867580655,0.014829771289459883,0.0067679218755219055,0.196051087366848,0.06597142634710113,241
310620005620696,359,0.511661,0.01789583406426,20060.534687062365,1.157819419848675,0024147,1.157819419848675,0.001029911263164226,0.1076607360629931,0.07490074335493031,0.0658434908106256,242
310620005670825,799,0.482795,0.041261783260496,19364.165502874956,1.1647484632946248,3286401,1.1647484632946248,0.0024545209574422197,0.10392346683708589,0.07819206336701459,0.06576336203217141,243
310620060690179,731,0.496636,0.057525508996234,12707.40603178072,1.261957838624581,0023604,1.261957838624581,0.003446111804175003,0.0681980170605897,0.1243668586156603,0.06562309795018648,244
310620005620114,587,0.363888,0.019577503370376,29983.39414862408,1.0060240282086614,0024104,1.0060240282086614,0.0011324417606818926,0.16091466823112965,0.002797398334198929,0.06554481932091612,245
310620060690195,638,0.496636,0.058974008646079,10818.325134193141,1.2886688229613514,5471532,1.2886688229613514,0.0035344260697756434,0.05805971102391242,0.13705467014056444,0.065400613272667,246
310620005670252,521,0.491857,0.024746448911485,21053.52577509415,1.1383213638475211,0023450,1.1383213638475211,0.0014475896652337483,0.11298991363025114,0.06563909816336343,0.06532197180067961,247
310620005630476,548,0.525035,0.019144973445504,28623.70123206894,1.02181841370647,0022853,1.02181841370647,0.0011060706375204486,0.15361747787705737,0.010299787007760844,0.06486874844440733,248
310620005620719,137,0.500722,0.004584493756551,29883.343129049794,1.002458212737906,0022764,1.002458212737906,0.00021832581089205962,0.16037771512498103,0.0011036234416259407,0.0645476708257478,249
310620005650679,448,0.508989,0.046935696572552,9544.973926348213,1.3021180512064168,0023914,1.3021180512064168,0.0028004564827214594,0.051225898743141075,0.143443100869188,0.06436342670282927,250
310620005670623,310,0.514619,0.046028731127685,6734.923870485399,1.3424334541915306,0024171,1.3424334541915306,0.0027451592741945825,0.03614494192382173,0.16259305911020766,0.06405944228484936,251
310620005620074,434,0.50749,0.019674271164089,22059.266967518997,1.114567676513556,0024104,1.114567676513556,0.0011383416424226112,0.11838751836783391,0.05435601311808598,0.06400331377528615,252
310620005620110,339,0.515524,0.035846352663536,9457.029092525809,1.302322777224106,0022993,1.302322777224106,0.002124344988029359,0.050753917029295534,0.1435403464477835,0.06400097424246207,253
310620060640323,349,0.496636,0.047814462068911,7299.046876173476,1.332891088336408,4908732,1.332891088336408,0.002854034355145821,0.03917247329174761,0.15806040176051916,0.06394332015139854,254
310620005630584,461,0.358098,0.066737596006197,6907.650673500336,1.3324113640004345,3002446,1.3324113640004345,0.00400776792816588,0.03707193091192626,0.15783253101333883,0.06338086204722192,255
310620005680478,434,0.481109,0.02252432443726,19268.05845870663,1.1518645277140085,0024023,1.1518645277140085,0.0013121078989555234,0.10340768023032741,0.07207214864261283,0.06337834905460148,256
310620005650548,138,0.494185,0.018793369779753,7343.015202556917,1.3319428453810034,0023892,1.3319428453810034,0.0010846335460260768,0.03940844219565484,0.15760998302093607,0.06337176184835058,257
310620005630396,571,0.560509,0.022909062381601,24924.634211943492,1.0647653324864854,0022853,1.0647653324864854,0.0013355651700752034,0.1337653510845503,0.030699724508607196,0.06311672733742484,258
310620005620656,726,0.382492,0.058275673493457,12458.028478753024,1.2477733565808526,0024104,1.2477733565808526,0.0034918489409834323,0.06685965936796723,0.11762917974616736,0.06308017235333213,259
310620005620580,557,0.515293,0.034923560456936,15949.118380608208,1.197941366102209,0024147,1.197941366102209,0.0020680828301223174,0.08559561602909305,0.09395880896789986,0.06304631395104388,260
310620005680217,683,0.476418,0.034172598992714,19986.773617822386,1.136752785456664,7995369,1.136752785456664,0.002022297102653039,0.10726487567686437,0.06489401790970026,0.06298084477445173,261
310620005630487,472,0.46138,0.029474301477233,16013.950334483401,1.1943168334550984,0022853,1.1943168334550984,0.0017358443619171888,0.08594355570186292,0.09223714321000065,0.06256931855232052,262
310620025610295,532,0.496636,0.018919944001934,28118.476457732584,1.012918455558138,3008525,1.012918455558138,0.0010923507101117454,0.1509060411217155,0.006072275578684668,0.06251180433532513,263
310620025610534,717,0.496636,0.040228153396354,17823.338618992733,1.1645989999824955,3008525,1.1645989999824955,0.002391501085560056,0.09565416798477797,0.07812106776796535,0.06241543784996881,264
310620005620261,694,0.506255,0.025821676299104,26876.64394677899,1.030021404898505,0024147,1.030021404898505,0.0015131457163528692,0.14424138316110569,0.014196236680778481,0.06240936798358168,265
310620005620484,179,0.510679,0.143186133118702,1250.1210564266592,1.3999543999291322,0024104,1.3999543999291322,0.008668795227728345,0.006709140867991972,0.1899157106849856,0.06225900812101097,266
310620060660367,751,0.496636,0.049927762131769,15041.731652581706,1.2039451924664766,5866383,1.2039451924664766,0.002982881154014612,0.0807258593373072,0.0968106476114206,0.062228402364553445,267
310620005680220,638,0.481091,0.026693863785678,23900.623945728858,1.0730849900551382,2708310,1.0730849900551382,0.0015663225309631413,0.12826970001061208,0.03465159112093184,0.06217325409981333,268
310620025610157,963,0.496636,0.119003026507433,8092.231166405255,1.29841626467591,0022608,1.29841626467591,0.007194363873502776,0.04342932914589539,0.14168473924490887,0.06203546259388165,269
310620025610472,512,0.496636,0.024388914462355,20993.144274227005,1.115272362127424,0022705,1.115272362127424,0.0014257909769805448,0.1126658586172939,0.05469074126364378,0.06190130311910487,270
310620005630344,363,0.498524,0.033057026664272,10981.023904135032,1.262299071399191,3002446,1.262299071399191,0.0019542812416058555,0.05893288163485253,0.12452894538400193,0.06151812064162335,271
310620025610092,708,0.496636,0.02966319325007,23867.963035245008,1.0677467378986512,0022705,1.0677467378986512,0.001747360994453405,0.12809441566659874,0.03211590256748969,0.06139674533522243,272
310620005670250,272,0.478134,0.024923160470707,10913.543662317243,1.26293727601906,0023450,1.26293727601906,0.0014583636765201887,0.05857072914903183,0.12483209482354068,0.061315429209631,273
310620005650063,464,0.521608,0.030637597949989,15144.790422454336,1.1957483753980669,3557472,1.1957483753980669,0.0018067699390674874,0.08127895441654202,0.09291713066884452,0.06092875194899041,274
310620005670596,773,0.475409,0.03761076208427,20552.62794909686,1.1129520279500575,0023345,1.1129520279500575,0.002231920107034496,0.11030169871073553,0.053588574366832974,0.06086682782645445,275
310620005630288,332,0.482247,0.014957694465407,22195.934057071692,1.08856736831906,2695731,1.08856736831906,0.0008507744294531302,0.11912098234007387,0.04200577526080631,0.060505357843107385,276
310620025610495,547,0.496636,0.022559783512414,24246.686573876104,1.0563983038496738,0022705,1.0563983038496738,0.0013142698202106913,0.13012694648242495,0.026725356472263345,0.0604626664807122,277
310620005620109,908,0.555313,0.04750751951705,19112.763815718212,1.1274678254926087,0024120,1.1274678254926087,0.0028353202283926036,0.10257424603569673,0.06048362926378121,0.06002538326193084,278
310620060690110,723,0.496636,0.068917114251355,10490.862942448071,1.2545812562553298,0023620,1.2545812562553298,0.004140652014955216,0.05630228924298591,0.12086295604063793,0.06002199811387231,279
310620060660442,370,0.496636,0.042746198523486,8655.740458340671,1.2853513012955788,0023795,1.2853513012955788,0.0025450249791804176,0.046453566839182274,0.13547883567881586,0.05998858493307179,280
310620025610169,706,0.496636,0.045104399406464,15652.575121060625,1.179554759294294,0022659,1.179554759294294,0.00268880325288678,0.08400412975539955,0.08522510605302071,0.05997582469393206,281
310620005670776,520,0.470501,0.020584724539429,25261.45049956662,1.037676856273596,3286401,1.037676856273596,0.0011938515082450716,0.13557297436125673,0.01783260301459094,0.059937126101353495,282
310620025610539,535,0.496636,0.041850454662173,12783.612611108996,1.2221283002911352,0022705,1.2221283002911352,0.0024904119447301813,0.06860700199301109,0.10544768779337642,0.05982423071863642,283
310620025610375,125,0.496636,0.008229436752802,15189.374893420183,1.18764104973783,0022543,1.18764104973783,0.00044055607784763127,0.08151823004084818,0.0890661224599669,0.05945929557768363,284
310620025610093,800,0.496636,0.033950633514229,23563.625098916436,1.0537371844346404,0022705,1.0537371844346404,0.0020087639835920886,0.1264610969765362,0.025461315388733217,0.05882546260231208,285
310620005620113,416,0.520836,0.028900336729541,14394.29595208758,1.1910355604134246,0024104,1.1910355604134246,0.001700850031626187,0.07725120598653629,0.09067852697221583,0.05861429549576712,286
310620005670436,694,0.460245,0.869386296754325,798.2642498402681,1.286537297215623,0023345,1.286537297215623,0.05294483915870757,0.004284118945543493,0.1360421879129794,0.05840975569972348,287
310620005680545,220,0.505337,0.025372263606841,8670.885791233955,1.2745587303959482,0023604,1.2745587303959482,0.0014857452596989372,0.04653484870492744,0.1303523265349662,0.05816536102037051,288
310620005670271,268,0.521863,0.020702916384782,12945.036101145515,1.2095309209138487,0024090,1.2095309209138487,0.0012010576032023272,0.06947332844075015,0.09946388827361487,0.057988815139345215,289
310620005650678,421,0.493349,0.048093898512568,8753.709161048431,1.266960404362622,0023914,1.266960404362622,0.002871071448876747,0.04697934458185911,0.12674309493944974,0.05767598774924159,290
310620025610107,570,0.496636,0.02696072309903,21141.866184609404,1.082562440177874,0022578,1.082562440177874,0.0015825928036414226,0.1134640183169349,0.03915341326937348,0.057606409148678435,291
310620005630336,396,0.481798,0.039162623296793,10111.682177134138,1.2467297538808697,3002446,1.2467297538808697,0.0023265362730189023,0.054267304586223246,0.11713346479244936,0.05754492215412978,292
310620005630478,714,0.542683,0.037157435150486,19215.535117220308,1.108173907676756,3002446,1.108173907676756,0.002204281001123488,0.10312579833170822,0.05131895042835767,0.05730728876152764,293
310620005680470,307,0.46684,0.036467949786112,8418.350957500606,1.2705165463349632,2708310,1.2705165463349632,0.0021622434392893543,0.04517954654048352,0.12843227488624623,0.05725017411385408,294
310620005670590,298,0.451267,0.014393395555282,20703.940140840623,1.0876332393497214,0023345,1.0876332393497214,0.0008163694202201185,0.11111375991411634,0.04156206071425533,0.05715903300598917,295
310620005620472,986,0.398331,0.078506252832088,12559.50914010496,1.2013604254993793,0022993,1.2013604254993793,0.004725296775891697,0.06740428506552427,0.09558287420925574,0.05705416532175394,296
310620005670785,403,0.50268,0.026561682193835,15172.231828507338,1.1673063335153118,0023450,1.1673063335153118,0.0015582634884837127,0.0814262267609913,0.07940706072001613,0.05686008796694647,297
310620060640449,163,0.496636,0.050140365097992,3250.8738155663677,1.3404237737074811,0023078,1.3404237737074811,0.002995843445602678,0.017446766663577813,0.16163845381055209,0.05636899584227756,298
310620005680516,368,0.471938,0.044203973157407,8325.043513386905,1.264404597928998,0024023,1.264404597928998,0.0026339047357062492,0.04467878480755143,0.1255290778925632,0.0563204087115014,299
310620025610617,595,0.496636,0.04452811152896,13362.345259421712,1.1877144744342307,3008525,1.1877144744342307,0.0026536672825869163,0.07171294028792682,0.08910099944905348,0.05621157613466285,300
310620005620519,417,0.520263,0.02123272429554,19639.495817670093,1.0950166946002056,0024147,1.0950166946002056,0.0012333597142542764,0.10540110762850594,0.04506922793204096,0.05605121934529095,301
310620005630164,942,0.51523,0.065132842421514,14462.749743113443,1.1663431448519963,0022934,1.1663431448519963,0.003909926941931302,0.07761858330938001,0.07894954271659879,0.05590527422131103,302
310620005670251,287,0.500142,0.021995058704358,13048.385269512153,1.191389232864251,0023450,1.191389232864251,0.0012798388442037138,0.07002798202857433,0.09084652263052106,0.05564910125384717,303
310620060640421,339,0.496636,0.213114024977553,1590.6977498815781,1.3392897051193853,0023035,1.3392897051193853,0.012932262198656707,0.008536945464192711,0.16109976724173602,0.0556243870177949,304
310620005680446,426,0.502952,0.069783662957314,6104.580670415368,1.2890415879906354,0023485,1.2890415879906354,0.0041934850360623626,0.03276202048376615,0.13723173484080162,0.05553237415656565,305
310620060690326,581,0.496636,0.023654072979381,24562.366088345603,1.0168685066778642,0023620,1.0168685066778642,0.0013809880763318086,0.1318211330740572,0.00794856375619784,0.05552731877938178,306
310620005680213,652,0.477413,0.032180022188787,20261.017726308055,1.0792810291065529,2708310,1.0792810291065529,0.001900810737702578,0.10873668702392424,0.037594731467020644,0.055343337470986666,307
310620005680361,551,0.522452,0.381279993928305,1445.132209332779,1.3175490333967823,0023493,1.3175490333967823,0.023185253318464744,0.007755725347911448,0.15077287169332015,0.05528972764270005,308
310620005670656,322,0.506653,0.020482033231433,15721.09547727121,1.14660663621352,0024090,1.14660663621352,0.0011875904729385003,0.08437186431980713,0.06957463168346588,0.05497741237484416,309
310620025610330,514,0.496636,0.046962343520457,10944.939316669735,1.2142697008051864,0022594,1.2142697008051864,0.00280208113318995,0.05873922312536381,0.10171482539226422,0.054850761207781776,310
310620025610488,396,0.496636,0.038439371890485,10301.937324267854,1.2240012025448068,0022705,1.2240012025448068,0.0022824400132790005,0.055288364567909525,0.10633732295243875,0.054701274716879134,311
310620005680099,435,0.507994,0.292975274858691,1484.7669319870454,1.3209653229119245,0023612,1.3209653229119245,0.017801360809731055,0.00796843669789171,0.15239562123096864,0.05424646929136659,312
310620005630163,419,0.544491,0.016976956011236,24680.51396980058,1.005545373803978,0022934,1.005545373803978,0.0009738877491522999,0.1324552082909022,0.002570035808145194,0.05404526038355014,313
310620025610649,1076,0.496636,0.23113801027493,4655.2274059992915,1.27953604771675,0022756,1.27953604771675,0.014031175149657373,0.024983641607206564,0.1327165697717472,0.054017780119304,314
310620005680464,469,0.464265,0.038030803462737,12332.108640816155,1.187440408033743,2708310,1.187440408033743,0.0022575298100573193,0.06618387366989413,0.08897081694470041,0.05384205349438497,315
310620025610439,852,0.496636,0.104031797449073,8189.803703209897,1.2410811068347165,3008525,1.2410811068347165,0.006281575872781119,0.0439529807481977,0.1144503375744966,0.053800766333462396,316
310620025610242,525,0.496636,0.05116316940899,10261.287681442014,1.2164318719263336,0022640,1.2164318719263336,0.0030582032891750418,0.05507020635151113,0.10274186428097871,0.05376810281165058,317
310620060640168,326,0.496636,0.013169824090179,24753.557660888175,1.0022547298820104,0023124,1.0022547298820104,0.0007417689083304299,0.13284721865702273,0.0010069683692556057,0.053663508646084906,318
310620005670438,132,0.471734,0.072433176514718,1822.369338906162,1.3393833972701268,0023434,1.3393833972701268,0.004355024491074391,0.00978027891409102,0.16114427134293213,0.053561900315838365,319
310620005620191,419,0.515662,0.031897731658637,13135.730292174138,1.1734586828835745,0024147,1.1734586828835745,0.0018835996318118165,0.07049674468011485,0.0823294483129145,0.05346261225546384,320
310620025610082,466,0.496636,0.026668296901188,17473.931752246277,1.1082926548341605,0022705,1.1082926548341605,0.0015647637313958287,0.0937789736768392,0.05137535574585815,0.053393625313911876,321
310620005670282,409,0.506296,0.039815705641369,10272.328303910406,1.2150384309337263,0023450,1.2150384309337263,0.0023663543617869222,0.055129459086300264,0.1020799749075894,0.053385682415333,322
310620005670622,293,0.466698,0.081988384629403,3573.6769461234535,1.310138589218181,2695464,1.310138589218181,0.004937600529252922,0.019179184227783003,0.14725288463973613,0.05332881924180992,323
310620005670657,311,0.512631,0.042141804509585,7379.845348797634,1.257806339334664,0024090,1.257806339334664,0.00250817539245335,0.039606101964720745,0.12239488184864417,0.05331335795821755,324
310620005670673,621,0.473387,0.027873562796838,22279.175594676643,1.0347630562077723,0022764,1.0347630562077723,0.001638248162295911,0.11956772243695393,0.016448537733045603,0.053253124743384034,325
310620025610315,624,0.496636,0.09927863381998,6285.340319363046,1.266114716497445,0022705,1.266114716497445,0.005991777973811697,0.033732120092763405,0.12634139022849702,0.053192798497797976,326
310620005620722,355,0.500912,0.015592642375703,22767.14821300419,1.0277643087326995,0024155,1.0277643087326995,0.0008894868712534808,0.1221865704431146,0.013124108061920308,0.05307870665719797,327
310620005630149,535,0.485114,0.028594782869535,18709.706677646824,1.0860185927280677,0022918,1.0860185927280677,0.0016822205726886178,0.10041112183002962,0.04079509788890318,0.05290764427048939,328
310620005670845,739,0.552516,0.030724772864296,24052.25266477923,1.004584659447121,0023450,1.004584659447121,0.0018120849479711107,0.12908345995050938,0.0021136931089999083,0.05281111739729506,329
310620005670626,468,0.483068,0.061597770379036,7597.677596448811,1.2484842516763006,0024171,1.2484842516763006,0.003694395449527967,0.040775162534951045,0.11796685741731953,0.05280844087403466,330
310620005680224,487,0.522961,0.054697240267261,8903.557064678702,1.229497669320064,0023485,1.229497669320064,0.003273673739901231,0.04778354725412067,0.10894816400637028,0.05277997022552972,331
310620005670226,579,0.505677,0.091495560331253,6328.175901691544,1.2624809609727778,2695464,1.2624809609727778,0.005517248056357941,0.0339620097938663,0.12461534357131386,0.05262458140584806,332
310620005620350,280,0.518549,0.014391682671341,19455.6818958759,1.072516098650596,0022764,1.072516098650596,0.0008162649865826476,0.10441461636953908,0.03438136570250597,0.052325135754542215,333
310620005670784,359,0.523101,0.034829048191236,10307.488106733126,1.207132413110535,0024090,1.207132413110535,0.0020623204667441545,0.05531815446809211,0.09832458862947692,0.05224333451610316,334
310620005670462,123,0.503855,0.005421090384563,22689.162377785215,1.0238367786811533,0024171,1.0238367786811533,0.00026933266948174473,0.12176803661272885,0.011258517471018078,0.05216556968724149,335
310620005620108,578,0.529169,0.026528456931718,21787.923869365,1.0343102898392886,0022993,1.0343102898392886,0.0015562377616403782,0.11693127614255999,0.016233472115256734,0.052109423420093136,336
310620005620332,478,0.521768,0.107402729508057,4450.538661255737,1.2845132187971977,0023434,1.2845132187971977,0.006487099836291007,0.023885119495674137,0.13508074354384567,0.052024400812310655,337
310620025610017,793,0.496636,0.061975725831743,12795.332194299815,1.1616253738342694,0022705,1.1616253738342694,0.003717439195682237,0.06866989856941634,0.0767085848868204,0.05159576665251733,338
310620005630127,589,0.355973,0.028023265644016,21018.249888580463,1.040743063111717,3002446,1.040743063111717,0.00164737546654363,0.11280059525132541,0.019289062049119867,0.05140116935522922,339
310620025610142,975,0.496636,0.10759265775054,9061.956646341014,1.210526054533166,0022659,1.210526054533166,0.0064986796618391185,0.04863364501172596,0.09993658024351026,0.05138403597629519,340
310620005670748,263,0.507897,0.029422203304417,8938.827499724237,1.2208765720597854,3451658,1.2208765720597854,0.0017326679635853888,0.047972836376145585,0.10485311248010709,0.05116486868356598,341
310620025610455,495,0.496636,0.067826742492708,7298.006388161972,1.2397100039459492,0022594,1.2397100039459492,0.004074172619460095,0.039166889208026474,0.11379905887901313,0.051028725132752556,342
310620005670231,393,0.482217,0.023576111774272,16669.41537106516,1.1042033287962656,0024171,1.1042033287962656,0.001376234822456132,0.08946130083691459,0.04943291149226809,0.0510272642291831,343
310620005640073,515,0.517076,0.03078589503256,16728.440068262495,1.1020624895711164,0023205,1.1020624895711164,0.0018158115345828034,0.0897780741655068,0.04841600532919484,0.05098077472533602,344
310620005670672,480,0.525602,0.027274731927555,17598.706424500826,1.0878780549137377,0023450,1.0878780549137377,0.0016017377575848154,0.09444861350780577,0.041678348968384744,0.05076347142091318,345
310620005630270,528,0.396694,0.085291275604262,6190.551099854999,1.251779914518954,0022853,1.251779914518954,0.005138976063471981,0.03322340597809654,0.1195323088611907,0.05069074786863742,346
310620005650077,312,0.509472,0.016243160775323,19208.084209447577,1.064043198356754,3451658,1.064043198356754,0.0009291486376393353,0.10308581085242798,0.030356708256633273,0.05062008140925297,347
310620005630269,600,0.361598,0.075043317505444,7995.382133212236,1.224895991203158,0022853,1.224895991203158,0.0045141634213011,0.04290956043767276,0.10676235071287789,0.05054677841532279,348
310620005680528,451,0.485342,0.038603480847462,11682.88429175814,1.1729472972391402,0023485,1.1729472972391402,0.0022924456505019446,0.06269962101262666,0.08208653833283591,0.05039354360005202,349
310620005670595,567,0.464999,0.02790825839518,20316.566944855498,1.043268675466716,0023345,1.043268675466716,0.0016403635347694056,0.10903480817821225,0.020488736802441655,0.050252653372448226,350
310620005670304,415,0.514112,0.02976065293514,13944.586528543103,1.1385485853520558,0024090,1.1385485853520558,0.001753303060448069,0.07483770862425074,0.06574702917734604,0.05018518312103853,351
310620005650634,263,0.491789,0.049892521603949,5271.331084199672,1.2656403943786452,3557472,1.2656403943786452,0.002980732557476024,0.028290142481729546,0.1261160855534784,0.05004510242597814,352
310620005670749,311,0.508929,0.030618117866516,10157.384635980838,1.1935554124008092,3451658,1.1935554124008092,0.001805582248572746,0.054512580220002715,0.09187546553065672,0.049909346421769925,353
310620005680524,481,0.470765,0.025597616499456,18790.81202776134,1.0640772995900356,7995369,1.0640772995900356,0.001499484907626642,0.10084639745095349,0.03037290646240469,0.049900276391390795,354
310620005630325,523,0.491724,0.048681997416567,10743.191071737281,1.177972472333546,0022969,1.177972472333546,0.0029069275312808896,0.057656482067477,0.08447351418043486,0.04927672534050553,355
310620005670601,299,0.50522,0.041826435621303,7148.589057579499,1.2319748112807716,3286401,1.2319748112807716,0.00248894751637834,0.03836499733216081,0.11012481515189254,0.04913012773334559,356
310620005620712,233,0.507447,0.015620872469507,14915.940223878773,1.118199880004403,0024147,1.118199880004403,0.0008912080452989176,0.08005076278500506,0.0560813225537449,0.04911206429371517,357
310620005620581,442,0.488556,0.020379729989689,21688.2166850899,1.0152962187098975,0024155,1.0152962187098975,0.0011813530978282245,0.11639616832926983,0.007201721440357966,0.04907338969316379,358
310620005630226,523,0.517663,0.032041219163474,16322.7247169235,1.0942197619977707,2695731,1.0942197619977707,0.0018923479898897107,0.08760068387962462,0.044690682142403945,0.04901518259153794,359
310620025610656,604,0.496636,0.094854267535903,6367.662896889503,1.235284461242653,0022594,1.235284461242653,0.005722026676896776,0.034173928321176036,0.11169691052660141,0.04889525248951987,360
310620005620778,258,0.494942,0.029565726437092,8726.320340849916,1.208071086529768,0022926,1.208071086529768,0.0017414184938739203,0.04683235445480278,0.09877046180571437,0.048886505871797596,361
310620005680265,492,0.333117,0.160458822591656,3066.207217860917,1.276328481736636,0023604,1.276328481736636,0.009721902065493258,0.016455699269544714,0.13119296464749292,0.048856739721713734,362
310620005670306,512,0.505899,0.031860357371867,16070.127337997184,1.09651442290786,0023450,1.09651442290786,0.001881320941106718,0.08624504604808025,0.04578065414694366,0.04879661094564722,363
310620005670308,275,0.515617,0.026435737438407,10402.584782842787,1.181308279462575,0023450,1.181308279462575,0.0015505847026565526,0.055828518638679894,0.08605803430155555,0.04861399315673559,364
310620005680225,788,0.474405,0.061331882308545,12848.130048182342,1.1391783532729174,0023485,1.1391783532729174,0.0036781843930186356,0.06895325371922724,0.06604617115517733,0.04849860815214969,365
310620005670474,382,0.500215,0.021507950482129,17760.874069214755,1.0700792885528252,0024171,1.0700792885528252,0.001250140110815141,0.0953189336796187,0.03322387233375965,0.04846977720521992,366
310620005680354,246,0.468219,0.016524138098396,14887.312036195051,1.1132428446252465,0023493,1.1132428446252465,0.000946279677981859,0.07989712122927091,0.053726713310593914,0.0483607463882811,367
310620025610286,857,0.496636,0.053611325166625,15985.428402234566,1.091271630156504,0022616,1.091271630156504,0.0032074660645127167,0.08579048439704726,0.043290309146749535,0.048265526322197584,368
310620005670056,500,0.458443,0.027226062907946,18364.755921212305,1.0562522314343314,0023345,1.0562522314343314,0.0015987704329294505,0.0985598425434821,0.026655971561116504,0.04790035961560663,369
310620005680426,465,0.480914,0.023465787447053,19816.08335323083,1.0347872995973029,0024023,1.0347872995973029,0.0013695084059621593,0.10634881636880587,0.016460053428356953,0.04788839509781809,370
310620060640237,459,0.496636,0.03951386848296,11616.174715921314,1.1559767812573691,5432243,1.1559767812573691,0.002347951508200642,0.06234160453155675,0.07402548354195437,0.047848672327669206,371
310620005670584,471,0.462915,0.023247661788991,20260.10203843569,1.0268957797131253,3286401,1.0268957797131253,0.001356209398742887,0.10873177271670956,0.012711553722277422,0.047713038022989915,372
310620005650581,275,0.508828,0.031678256527984,8681.033306143916,1.1989325063845662,3451658,1.1989325063845662,0.0018702183479548972,0.04658930831637145,0.09442960408869135,0.047525670057542456,373
310620060640249,419,0.496636,0.056370117462405,7433.016265744776,1.213765785969009,0023094,1.213765785969009,0.0033756681870141534,0.03989145926675544,0.10147546407238876,0.04741192338452305,374
310620005620407,199,0.514424,0.035493782298209,5606.615782112392,1.2432964802875253,0024147,1.2432964802875253,0.002102848957367746,0.03008954603358112,0.11550264775790754,0.04731746742801503,375
310620005670225,371,0.520048,0.028736237019254,12910.528255714926,1.1330064705540517,2695464,1.1330064705540517,0.0016908449581690928,0.06928813197929186,0.06311450515202735,0.047156857824775675,376
310620060690106,476,0.496636,0.035264555252683,13497.972584349689,1.1215080064066163,0023620,1.1215080064066163,0.002088873104364537,0.07244082405871274,0.057652694232251736,0.04689879982446998,377
310620005620667,287,0.510636,0.034330603062731,8359.888099710217,1.198802755119336,0024147,1.198802755119336,0.0020319305281129327,0.044865788487657605,0.09436797178126302,0.046866286087875825,378
310620060690430,487,0.496636,0.055546518179213,8767.426221545755,1.188752572151378,0023698,1.188752572151378,0.0033254537697361797,0.047052961205383846,0.08959409951655894,0.04669705046804208,379
310620005670638,317,0.514555,0.024607307437386,12882.352155213064,1.1284502767571776,0023450,1.1284502767571776,0.0014391062823755206,0.06913691668185655,0.06095029707055664,0.04637158767862227,380
310620005620222,696,0.516126,0.049922792221178,13941.527888032399,1.1077156604644494,0024147,1.1077156604644494,0.002982578141166806,0.0748212935339318,0.05110128139047215,0.0461536752730644,381
310620005680229,46,0.489821,1.283606251904834,35.83653470971908,1.1563561549001415,0023485,1.1563561549001415,0.07819961304847832,0.00019232726170970992,0.0742056873568466,0.04579852102628136,382
310620005630284,498,0.497876,0.029586484495739,16832.009902079484,1.06378762878878,0022918,1.06378762878878,0.0017426841018462116,0.09033391201911348,0.030235311812793066,0.04572696358203718,383
310620005650443,219,0.499371,0.018677949550936,11725.055761756532,1.1420245994394096,0023914,1.1420245994394096,0.0010775964350785373,0.0629259465603606,0.06739814809689645,0.04571310198373674,384
310620005680398,362,0.451552,0.030073313388792,12037.250279675318,1.135410361363042,5618312,1.135410361363042,0.0017723658046811064,0.06460142989708564,0.06425636174279821,0.04564919022307805,385
310620005670204,333,0.510003,0.063699231920803,5227.6925475964545,1.2307597237896502,0024171,1.2307597237896502,0.00382252045996135,0.02805594349128867,0.10954764431912789,0.04523342683024224,386
310620005670310,337,0.518626,0.027805982456035,12119.694045439406,1.1298952174390198,0023450,1.1298952174390198,0.0016341278242843027,0.0650438885176772,0.06163664897750014,0.044998788447606214,387
310620005630472,370,0.486857,0.03325976848513,11124.551277782408,1.1424837102571086,2695731,1.1424837102571086,0.0019666423043216983,0.0597031633313833,0.06761622735038135,0.04475612622896424,388
310620005670551,533,0.476869,0.030306749717304,17586.841379287773,1.045162171088538,0023353,1.045162171088538,0.0017865982954651072,0.09438493626684559,0.021388153883819528,0.04470640016052363,389
310620025610470,489,0.496636,0.050048291047831,9770.563385124662,1.1589862354404463,3232271,1.1589862354404463,0.0029902297389499243,0.05243659065932356,0.07545498486569086,0.044508200645121655,390
310620060660191,797,0.496636,0.104373661209833,7636.026088973824,1.1835903980533828,0023280,1.1835903980533828,0.006302419127365422,0.04098097095414596,0.08714204866031465,0.04442572871796241,391
310620005620248,257,0.497085,0.026745456456835,9609.108762633277,1.162439698589082,0023388,1.162439698589082,0.0015694681091233387,0.05157009713014532,0.07709539201001958,0.044227496887801004,392
310620005670269,483,0.517686,0.044720377454002,10800.445512715069,1.1413929748106866,0024090,1.1413929748106866,0.0026653896354172594,0.05796375479747652,0.06709812417629936,0.0441145560625056,393
310620005670167,816,0.510766,0.044162141365003,18477.364882642494,1.0251051907024404,0023450,1.0251051907024404,0.002631354273215414,0.09916419152340647,0.011861017643198545,0.04401338818428678,394
310620060640204,444,0.496636,0.072609611053863,6114.892967414927,1.206889810600093,0023140,1.206889810600093,0.004365781612591711,0.032817364446566334,0.0982093515835804,0.043899485737478164,395
310620005640164,640,0.51549,0.055389695080589,11554.495814949598,1.1270624568710517,2695731,1.1270624568710517,0.003315892347484074,0.06201058664086942,0.060291077742520134,0.043886325683349034,396
310620060690447,564,0.496636,0.053207613522193,10599.986781304418,1.1407471089287466,0023604,1.1407471089287466,0.0031828519768280876,0.05688793429166303,0.06679133561032581,0.04374742999281138,397
310620025610413,107,0.496636,0.015486731982678,6909.140038045478,1.1996686446326958,0022659,1.1996686446326958,0.0008830295700173507,0.037079924023062004,0.09477927234616867,0.04353066018408061,398
310620005670741,452,0.495382,0.026936399361521,16780.267991039957,1.0480273446999158,0022764,1.0480273446999158,0.0015811097980949595,0.09005622389590437,0.02274912142844302,0.043321558926323146,399
310620005620779,307,0.481061,0.034275899981126,8956.73053571312,1.16461786480444,0023388,1.16461786480444,0.002028595309855507,0.04806891826341295,0.07813002862475242,0.04327515448574756,400
310620005650407,515,0.476567,0.036527828215509,14098.83984784349,1.0856219539873186,2695464,1.0856219539873186,0.002165894195793218,0.07566555425025741,0.04060669309173623,0.043097997886361795,401
310620005620388,410,0.50004,0.021449607265197,19114.569088882312,1.0106892738661586,0024104,1.0106892738661586,0.001246582955411838,0.10258393456298046,0.005013406433092463,0.042911570641743474,402
310620060680097,622,0.496636,0.043758830043134,14214.273996514108,1.0809481991134522,0023736,1.0809481991134522,0.002606764592987949,0.07628506542513645,0.038386643085133225,0.04281204847349093,403
310620005630224,506,0.493565,0.030762729292779,16448.47552973053,1.0487047835857433,0022918,1.0487047835857433,0.001814399131551796,0.08827556245482313,0.02307090728233191,0.04277581690609437,404
310620025610282,251,0.496636,0.016135315841346,15555.939683363626,1.0632971838218936,0022705,1.0632971838218936,0.0009225733884537747,0.08348550736997837,0.030002348728215705,0.0426716795829922,405
310620060660247,806,0.496636,0.083858198066473,9611.463382042828,1.144143761880718,0023132,1.144143761880718,0.005051602075972466,0.05158273388498436,0.06840475771138989,0.04267000149020245,406
310620005650440,419,0.507642,0.037140286886642,11281.549905062768,1.1243925074512515,0023914,1.1243925074512515,0.0022032354804512036,0.06054574245689305,0.059022842375663284,0.04258612033959157,407
310620005650064,448,0.505303,0.044676169730637,10027.717297635318,1.14066966843587,3557472,1.14066966843587,0.002662694313659139,0.05381668246316919,0.0667545511037862,0.04235184661050127,408
310620005620818,127,0.50158,0.065756055667546,1931.381052447783,1.258591555007431,0024104,1.258591555007431,0.003947923927392636,0.01036532220941994,0.12276786205547069,0.04216086467862697,409
310620060640337,166,0.496636,0.497810545329989,333.46019194905125,1.2259880611495972,0023035,1.2259880611495972,0.030290060052921803,0.0017896118061147778,0.10728108777916258,0.04198718907207122,410
310620005670640,372,0.524949,0.026637642160507,13965.199988741033,1.0803324283667644,0023450,1.0803324283667644,0.0015628947278992036,0.07494833679704543,0.03809414981427425,0.04187644808147021,411
310620060690196,854,0.496636,0.060764927098162,14054.159871210173,1.0735353484955,5471532,1.0735353484955,0.0036436174305490283,0.07542576606680872,0.034865512964392054,0.04172304554520581,412
310620005670532,684,0.491762,0.110994859287333,6162.447561912083,1.1841365253697511,3286401,1.1841365253697511,0.006706110109046612,0.033072580108890776,0.08740146105677746,0.041461303393303534,413
310620005670307,591,0.516385,0.038630156265425,15298.928534983961,1.0551312913203084,0023450,1.0551312913203084,0.002294072036774972,0.08210618175166397,0.026123521063668866,0.041367750630798734,414
310620005680086,526,0.484986,0.045080348554748,11668.055302660257,1.1085933130999537,0023485,1.1085933130999537,0.0026873368850443054,0.06262003689853134,0.051518169479777234,0.041309666668859,415
310620060640113,677,0.496636,0.093985331715156,7203.251695187958,1.168948379045463,0023078,1.168948379045463,0.005669048114650266,0.03865836039011892,0.08018703812328946,0.04122017002742949,416
310620005670681,430,0.477026,0.040037741264893,10739.86659624689,1.1217438794449066,0023345,1.1217438794449066,0.002379891757554191,0.05763864029586411,0.057764734755202975,0.04109884407217279,417
310620005680466,242,0.472325,0.018021710488432,13428.248120806178,1.0834477269807157,2708310,1.0834477269807157,0.0010375858828704679,0.0720666272995639,0.0395739276150196,0.04101010496919258,418
310620060660342,464,0.496636,0.051439407050773,9020.321706702629,1.1443567526071203,0023795,1.1443567526071203,0.0030750453536297546,0.04841019891134371,0.06850592905569805,0.04083837188733583,419
310620005630104,618,0.516403,0.063236727809502,9772.801683567486,1.1304579372712922,2695766,1.1304579372712922,0.0037943218263398683,0.052448603143618835,0.06190394287738722,0.040688920668565665,420
310620060660194,943,0.496636,0.075042971430998,12566.133536797492,1.0849056016172012,2695421,1.0849056016172012,0.00451414232132324,0.06743983683096906,0.040266423195918236,0.04041010438756007,421
310620005620694,369,0.523211,0.022028637396493,16750.92259944982,1.0281606997620452,0024147,1.0281606997620452,0.0012818861194902834,0.08989873325530402,0.013312395195299243,0.04033777769655846,422
310620005680445,612,0.482562,0.044618705881782,13716.220313997992,1.0702880077076022,0023485,1.0702880077076022,0.0026591907728672876,0.07361211443479465,0.033323014666519095,0.040239507405733774,423
310620005680355,354,0.46837,0.023665823067478,14958.279667292583,1.0542488513809247,2708310,1.0542488513809247,0.0013817044730538516,0.08027798981128008,0.025704358988180142,0.04023701496288223,424
310620005620105,616,0.554068,0.047062350368569,13089.019039121365,1.077062818031382,0024104,1.077062818031382,0.0028081784983822653,0.07024605505670568,0.03654107340300536,0.03990319759309856,425
310620005620458,357,0.451954,0.028635444841848,12467.066671102597,1.0880994193949438,0024104,1.0880994193949438,0.0016846997118607125,0.06690816547491868,0.041783497875682224,0.03980372546623035,426
310620005620618,352,0.506792,0.020098059536636,17514.12863308283,1.0111990034885383,0022551,1.0111990034885383,0.0011641797977135595,0.09399470201338701,0.005255529796869493,0.03952379368372972,427
310620025610096,338,0.496636,0.102692025231846,3291.3948209406067,1.213690252807064,0022705,1.213690252807064,0.006199890661846339,0.017664234509408294,0.10143958555475147,0.03935753666874266,428
310620025610314,339,0.496636,0.035253871329696,9615.965203641175,1.1260256481832327,0022705,1.1260256481832327,0.0020882217111712893,0.051606894229385095,0.05979858996848025,0.0392088011956495,429
310620005630225,292,0.496547,0.021918303456671,13322.198982108153,1.0718191724049646,0022918,1.0718191724049646,0.0012751591169209368,0.07149748353000929,0.034050323284156865,0.03919663813232706,430
310620005670305,356,0.504015,0.046089753976425,7724.059455428959,1.1529854120809375,0024090,1.1529854120809375,0.0027488798053468743,0.04145342780430039,0.07260457265999468,0.03918740686132262,431
310620060660190,827,0.496636,0.196261673439834,4213.762093766744,1.1862357671052677,0023280,1.1862357671052677,0.011904783144825565,0.022614388683360638,0.08839860826594195,0.03913677289657451,432
310620005670668,274,0.498571,0.031594813108497,8672.309567367289,1.1395972314477154,0024090,1.1395972314477154,0.001865130846337628,0.046542489816637306,0.06624513976175231,0.0390500771090819,433
310620005680473,320,0.484302,0.037447853403769,8545.216104904775,1.1407258004664356,2708310,1.1407258004664356,0.0022219876500401466,0.04586040551873805,0.06678121401576831,0.039045122707237756,434
310620025610653,911,0.496636,0.126469931833587,7203.293200147538,1.147628793341586,0022705,1.147628793341586,0.007649617183546289,0.038658583138643246,0.07006015991508127,0.038776366385045564,435
310620060660073,736,0.496636,0.06907775660368,10654.659852702727,1.102483499983798,5866383,1.102483499983798,0.004150446295106723,0.05718135334561091,0.04861598675626539,0.038702471253656,436
310620005620666,320,0.512002,0.021574685422865,14832.197722839648,1.0455556911397572,0024147,1.0455556911397572,0.0012542089052270918,0.07960133412109996,0.021575077292488812,0.03868931950775476,437
310620005670493,144,0.525085,0.044076293803041,3267.0623497401425,1.2164386109016565,2695448,1.2164386109016565,0.0026261201922896152,0.01753364717459697,0.10274506531796372,0.03862481452291479,438
310620025610433,881,0.496636,0.071120785620371,12387.37722474844,1.0750088793702863,0022705,1.0750088793702863,0.004275008705066002,0.06648048871630895,0.03556544531355975,0.03854433169211131,439
310620005680194,101,0.496417,0.007387159108622,13672.373711582411,1.0625169938195582,0023019,1.0625169938195582,0.00038920285067525724,0.07337679879821955,0.029631755732523683,0.038357007094247504,440
310620005680073,714,0.48469,0.051200581548276,13945.154105852953,1.0521804786140998,0024023,1.0521804786140998,0.003060484287728231,0.07484075469415388,0.024721874647736244,0.03827100955830089,441
310620060690197,924,0.496636,0.078239207344641,11809.935598271235,1.080205773769992,5471532,1.080205773769992,0.004709015152276275,0.0633814790682739,0.0380339884352569,0.038175492703569514,442
310620005620251,437,0.46434,0.047628033792571,9175.268538340608,1.1221009576463357,0024015,1.1221009576463357,0.0028426679207017936,0.04924176647447213,0.05793434815702534,0.03792981141310699,443
310620005620149,513,0.513111,0.04176175030435,12283.967895535374,1.0759252131029369,0024147,1.0759252131029369,0.002485003686455799,0.06592551225767851,0.036000707060083154,0.03791591812703309,444
310620005670841,637,0.46762,0.105395214314027,6043.917687780839,1.1608067901823116,0023353,1.1608067901823116,0.006364702685513746,0.03243645481644512,0.07631975477249504,0.037779919163980685,445
310620005670624,563,0.32953,0.033624729822458,16743.628959182643,1.0082378986686713,0024171,1.0082378986686713,0.001988893806061584,0.0898595897981633,0.0038489945907431147,0.037695202438306735,446
310620005620652,271,0.527928,0.017650459258328,15353.708140604573,1.0311055307897978,0022993,1.0311055307897978,0.0010149508896597497,0.08240017255272468,0.014711200292922737,0.037677914375864624,447
310620005630026,490,0.512759,0.040893374972452,11982.381017220776,1.0763671243113435,3002446,1.0763671243113435,0.0024320592969210887,0.064306957926361,0.03621061643864872,0.03731558589121534,448
310620005650164,662,0.512401,0.06092929171446,10865.053267029713,1.089195253832392,2695464,1.089195253832392,0.0036536386551869787,0.058310491237626216,0.04230402308843902,0.03711149501813829,449
310620005650136,563,0.49792,0.08152336254168,6905.995808405942,1.146032681207933,0023914,1.146032681207933,0.004909248375926735,0.037063049593610134,0.06930200103673075,0.0370885946612413,450
310620005620282,240,0.482059,0.014130513957899,16984.520217386664,1.001639130757878,0022861,1.001639130757878,0.0008003416668027896,0.09115240330358355,0.0007145566197142346,0.03691543080738852,451
310620005650062,264,0.494785,0.037548200253529,7030.962821585244,1.1483766471627133,0023914,1.1483766471627133,0.0022281057449550063,0.03773372167849501,0.0704153931109459,0.036886538328168274,452
310620005640172,504,0.479578,0.040387044762345,12479.249298030001,1.0654494111041104,2695731,1.0654494111041104,0.0024011886089911312,0.06697354711118339,0.031024664258457395,0.03681717470470792,453
310620005650614,678,0.517355,0.121493746087676,5580.5341577888385,1.1587830904411842,0023892,1.1587830904411842,0.007346221742829727,0.02994957135612633,0.07535849027640999,0.03679124214822245,454
310620005670314,514,0.499424,0.048423551187183,10614.669667929027,1.091854109248093,0022764,1.091854109248093,0.002891170199929277,0.0569667343040353,0.04356698876432185,0.03672414141088946,455
310620025610133,413,0.496636,0.038946123148083,10604.393110699866,1.0924890068237956,0022594,1.0924890068237956,0.0023133363722541355,0.05691158214918279,0.04386856734624797,0.03661920397522375,456
310620005670602,664,0.494568,0.149141273101079,4452.1545658925725,1.1704681438306068,3286401,1.1704681438306068,0.009031876995921326,0.02389379172128144,0.08090893174252042,0.0365397593100451,457
310620005670627,561,0.499977,0.033842405648291,16576.835755419466,1.0024271992904672,0024171,1.0024271992904672,0.0020021653872452677,0.08896444520867092,0.0010888919449921852,0.036513095283139604,458
310620005680138,686,0.486992,0.051481701720671,13325.122850874146,1.0475068871609012,0023493,1.0475068871609012,0.003077624037519159,0.07151317532827932,0.022501902266525375,0.03627912802252509,459
310620025610243,334,0.496636,0.052258896430799,6391.256280015046,1.151278198189877,0023361,1.151278198189877,0.003125009192262553,0.03430054912331998,0.07179364005603758,0.03619581442381803,460
310620005680309,956,0.494683,0.102196143924843,9354.560390292814,1.1000076740649365,0023892,1.1000076740649365,0.006169657038070356,0.05020398872090709,0.04743996073524958,0.036164480820358814,461
310620005670272,328,0.501855,0.04172988168756,7860.075004664567,1.1276358858207496,0023450,1.1276358858207496,0.0024830606735680716,0.04218339509456219,0.060563458510857274,0.035787313793152475,462
310620005670334,644,0.372029,0.041951026526879,15351.233409923216,1.0147104061405174,0023345,1.0147104061405174,0.0024965437586885403,0.08238689118555931,0.006923458409108224,0.03578075712456275,463
310620005670824,524,0.4958,0.03511126985847,14923.983157322176,1.0212904075312912,3286401,1.0212904075312912,0.0020795273740989656,0.08009392754347885,0.010048982217110234,0.0356761238947543,464
310620005670432,110,0.547225,0.00708968019249,15515.509446606842,1.0144511138509806,0024163,1.0144511138509806,0.00037106571683978584,0.08326852666052383,0.0068002936594297545,0.03545881847709039,465
310620005650070,411,0.52565,0.033957304491284,12103.434184697831,1.0620439407568838,3557472,1.0620439407568838,0.002009170709571977,0.06495662521173708,0.029407053863628893,0.03540751745665509,466
310620005620451,145,0.507976,0.053411005278314,2714.7963091957204,1.1979934140846582,0024147,1.1979934140846582,0.003195252665756782,0.014569749683571814,0.0939835319426597,0.03498153525595367,467
310620005650439,301,0.470059,0.030389327402315,9904.793087887505,1.0914657280623237,0023914,1.0914657280623237,0.001791633013704444,0.05315697368133167,0.04338250633481905,0.034815031277089716,468
310620005630105,293,0.510209,0.029549250301129,9915.649196311599,1.0909411214544733,2695766,1.0909411214544733,0.0017404139524867931,0.05321523616744932,0.04313331635060862,0.03474821355790835,469
310620060640239,435,0.496636,0.048473074160895,8974.054308091117,1.1021148557806593,5432243,1.1021148557806593,0.002894189589719397,0.04816189136281921,0.048440879462943585,0.03466527726092658,470
310620005650139,643,0.486283,0.161183772374818,3989.2353338446674,1.1620696470588208,0023825,1.1620696470588208,0.00976610187438113,0.021409400051894126,0.07691961623136388,0.03456947545248115,471
310620005680526,554,0.487121,0.046351958550228,11952.03001831462,1.055446121283388,0023485,1.055446121283388,0.0027648662809908408,0.06414407039951,0.026273066403652817,0.0343690079651971,472
310620005680424,232,0.464083,0.016085173925058,14423.219859536797,1.0217160271130157,2708310,1.0217160271130157,0.0009195162620587097,0.07740643460902205,0.010251153015690464,0.03431377462693357,473
310620005680236,475,0.467375,0.115818917465473,4101.229837013484,1.164347647497209,0023604,1.164347647497209,0.007000230411569839,0.02201045136155539,0.0780016744532367,0.03430475200406412,474
310620025610594,436,0.496636,0.045884899119482,9502.036800052183,1.0903287502778385,0022616,1.0903287502778385,0.0027363899119267543,0.05099546407658946,0.04284243788748397,0.034071833970459,475
310620025610627,432,0.496636,0.044420871171371,9725.15821072914,1.0868454918304389,0022616,1.0868454918304389,0.002647128894107336,0.05219291048963979,0.04118787787142729,0.034027666225516305,476
310620005630490,431,0.512557,0.056953571899496,7567.5675049946085,1.1172060134406547,0022853,1.1172060134406547,0.0034112410987015263,0.04061356790851399,0.05560923243970203,0.03395156922492666,477
310620025610273,447,0.496636,0.049158737369785,9092.991885400717,1.0932700874656662,0022632,1.0932700874656662,0.002935994116733939,0.04880020471380675,0.04423958339885236,0.033672755140198594,478
310620060690194,780,0.496636,0.070416173171516,11077.00070692733,1.060489530845614,5471532,1.060489530845614,0.004232048852807593,0.05944796926311279,0.02866870368761214,0.03364941346737104,479
310620005680087,546,0.513253,0.056351808302633,9689.130064251878,1.0827203510269925,0024023,1.0827203510269925,0.003374551887124676,0.05199955488724756,0.03922842147820971,0.03358071396449934,480
310620005640095,717,0.510004,0.052733469318943,13596.677959180624,1.0235511485149775,0023205,1.0235511485149775,0.003153943652892141,0.07297055536814417,0.011122842137283692,0.03347125788431042,481
310620005670593,682,0.480777,0.055762748107183,12230.387187681468,1.0435147996448475,0023345,1.0435147996448475,0.003338637195283844,0.06563795569269582,0.020605646652879322,0.03343846743152727,482
310620060680012,563,0.496636,0.060590265587225,9291.921640275898,1.086641041682705,0023736,1.086641041682705,0.003632968409633663,0.0498678195191342,0.041090763332031044,0.03336424733015309,483
310620025610605,536,0.496636,0.043041247200541,12453.170734171077,1.0394962338077625,0022616,1.0394962338077625,0.002563013942611193,0.06683358885860859,0.018696813743596934,0.03311138384930588,484
310620025610280,831,0.496636,0.208565758993236,3984.354881699206,1.1453772011494825,0022624,1.1453772011494825,0.012654956801859192,0.02138320767574378,0.0689906457030936,0.03304696382178335,485
310620005620070,335,0.512151,0.112301664989369,2983.036805658337,1.1728135765307346,0024104,1.1728135765307346,0.006785785368802725,0.016009340887972408,0.08202302052593537,0.03304637812361039,486
310620005620520,298,0.51989,0.02196026350248,13569.964675803936,1.0244414943587017,0024147,1.0244414943587017,0.0012777173989547553,0.07282719070733837,0.01154575954514586,0.03297791936616554,487
310620060690559,552,0.496636,0.044927218252289,12286.538572235688,1.0407402346660386,0023698,1.0407402346660386,0.002678000610641811,0.06593930854726167,0.019287718527472637,0.032965439160339005,488
310620025610542,385,0.496636,0.041017211862465,9386.303517921824,1.0846499330002706,0022705,1.0846499330002706,0.002439609567297016,0.0503743475143686,0.04014497970347521,0.03292511578697911,489
310620025610535,434,0.496636,0.029169445590496,14878.582407524606,1.0016165645658763,3008525,1.0016165645658763,0.0017172574580445567,0.07985027111969617,0.0007038375991292032,0.0326664369650306,490
310620060690258,256,0.496636,0.01733652600416,14766.510887969787,1.0046085529844169,0023655,1.0046085529844169,0.0009958105434453525,0.07924880647903774,0.0021250426232690346,0.03263577854162941,491
310620005620721,474,0.495088,0.042823123928775,11068.786125654315,1.0568392510832545,0024155,1.0568392510832545,0.0025497150808831393,0.05940388330627772,0.026934807959395474,0.03260691023459468,492
310620060690348,573,0.496636,0.061581427248666,9304.753488194163,1.080869988341766,0023620,1.080869988341766,0.0036933990174222386,0.04993668539003344,0.03834949269344942,0.032587541669274876,493
310620005620551,476,0.514212,0.100489319631998,4736.8218009949705,1.1442606573280756,0023434,1.1442606573280756,0.006065592854176305,0.025421541830749197,0.06846028346010409,0.03252637962658379,494
310620060640448,558,0.496636,0.115766667797493,4820.040263887459,1.1410126174215982,0023078,1.1410126174215982,0.006997044776657173,0.025868158090425187,0.06691745307844639,0.03252161259270114,495
310620005670839,355,0.500042,0.048840958442735,7268.489630813246,1.1112290767515047,0024163,1.1112290767515047,0.002916619301856501,0.03900847888288165,0.05277016648645574,0.032309427289646336,496
310620005630574,275,0.504755,0.031330013078921,8777.525860179787,1.0902330489362326,2695766,1.0902330489362326,0.001848986127113474,0.0471071638747679,0.04279697941355929,0.03223665521210899,497
310620060690538,284,0.496636,0.035889925754067,7913.084076743109,1.100627793983532,5471532,1.100627793983532,0.0021270016165557152,0.04246788380869765,0.04773451987806441,0.031945609971865095,498
310620060640124,665,0.496636,0.063138891284435,10532.33572005937,1.0568529625663254,0023094,1.0568529625663254,0.0037883567846078007,0.056524865053344975,0.026941320962088962,0.03182884934534702,499
310620025610222,562,0.496636,0.052458476859075,10713.235184272746,1.0536440040652948,0022586,1.0536440040652948,0.0031371775065271385,0.057495715021924014,0.025417054385500546,0.03156455557637791,500
310620005650573,431,0.474474,0.070853829544947,6082.945731628943,1.120441049518314,3451658,1.120441049518314,0.00425873253285483,0.032645910246887636,0.05714588595692572,0.03147974964568922,501
310620005630453,352,0.487856,0.078397293021604,4489.950946431264,1.1428760475870483,0022918,1.1428760475870483,0.004718653553268958,0.02409663706976245,0.06780258896228221,0.03139502758257033,502
310620005650442,393,0.516479,0.034817220356877,11287.517957256336,1.0453367992779172,2695480,1.0453367992779172,0.002061599329873205,0.060577771757310266,0.021471102888088525,0.03129091936831263,503
310620025610217,404,0.496636,0.0487829863866,8281.575810024067,1.0888154154801242,0022640,1.0888154154801242,0.0029130847759327497,0.04444550264374006,0.04212359853490174,0.03128920605074637,504
310620005690005,90,0.508994,0.046208165165038,1947.707719589259,1.182195454830571,0023604,1.182195454830571,0.0027560992735479023,0.010452944051475845,0.08647944572229362,0.030951841119342793,505
310620005650444,104,0.525029,0.007814762866217,13308.145337280683,1.0141908366088093,3451658,1.0141908366088093,0.0004152736279958578,0.07142206052807558,0.006676661053784961,0.03069640461576448,506
310620005670796,407,0.497624,0.224106766213814,1816.0986697371407,1.158774681493837,3286401,1.158774681493837,0.013602483878946487,0.009746625531024428,0.0753544959968388,0.030585744175145355,507
310620025610522,363,0.496636,0.027198282820037,13346.430817043256,1.0101546358457665,0022543,1.0101546358457665,0.0015970766955079284,0.07162753077082148,0.0047594514926358154,0.03055797076477172,508
310620025610440,489,0.496636,0.046715558004713,10467.604817021906,1.050387675856561,0022705,1.050387675856561,0.0027870347494465095,0.05617746769949827,0.023870287031114087,0.030468183613967487,509
310620005670639,320,0.521323,0.026527748070246,12062.8407338849,1.0263624284807784,0023450,1.0263624284807784,0.0015561945427274024,0.06473876856623721,0.012458210010668973,0.0300998287925138,510
310620060640309,534,0.496636,0.066470828552274,8033.599274004109,1.0817070588221098,4908732,1.0817070588221098,0.003991503256108911,0.04311466391931274,0.03874710411629176,0.030067447779445297,511
310620060680053,373,0.496636,0.034434226862872,10832.24552958323,1.043275985182382,3411451,1.043275985182382,0.002038248416977579,0.058134418903705444,0.02049220894309745,0.03001290476950469,512
310620005680370,276,0.478744,0.273931729156015,1007.550315001323,1.1593158472405096,3411451,1.1593158472405096,0.016640285794390846,0.005407313923865691,0.07561155163024212,0.029838476796936166,513
310620005680025,511,0.515488,0.08322909656911,6139.679764223883,1.1050363918038069,0023477,1.1050363918038069,0.005013246086909008,0.032950390052848756,0.0498286193514316,0.029632715652641684,514
310620005630123,707,0.504928,0.066540856115754,10625.051153085675,1.038698341777234,0022969,1.038698341777234,0.0039957728000064195,0.05702244958534894,0.018317812222240323,0.0295030553408136,515
310620005680216,503,0.457633,0.041112168034995,12234.820590630066,1.017581177754933,2708310,1.017581177754933,0.0024453989954422916,0.06566174884836967,0.00828708502486754,0.02948444474544082,516
310620060680086,203,0.496636,0.028208332672871,7196.455116797195,1.0950758724186704,0023736,1.0950758724186704,0.001658658906440886,0.03862188456115055,0.045097337603989804,0.029475552777589425,517
310620005630439,354,0.487031,0.033129031993061,10685.491808941071,1.0417189161413445,2695766,1.0417189161413445,0.0019586713688192195,0.05734682207087988,0.019752595671086642,0.029452108940323712,518
310620005670610,380,0.512419,0.04254795053089,8931.099976816,1.0663550836918358,2695464,1.0663550836918358,0.0025329379028219312,0.047931364360707183,0.031454861923637195,0.02936888569222061,519
310620005680467,366,0.478652,0.032069640044714,11412.663175816573,1.029495751119834,2708310,1.029495751119834,0.0018940807961452745,0.061249400233576584,0.013946549286744435,0.029251949118297545,520
310620005650619,339,0.487185,0.035981834654756,9421.420648854873,1.0586487149959103,2695464,1.0586487149959103,0.0021326052541315887,0.05056281388496395,0.027794309683309416,0.02920320003521788,521
310620005630103,572,0.507437,0.048928055189023,11690.63429539967,1.0228011229842302,0022993,1.0228011229842302,0.002921929544896914,0.06274121367750593,0.010766577371709768,0.029203037545984377,522
310620025610325,649,0.496636,0.063717325287734,10185.61273671255,1.042072915392194,3008525,1.042072915392194,0.003823623603074243,0.0546640745919048,0.019920746560552444,0.02898894088584993,523
310620005630386,530,0.49702,0.07178400429031,7383.260452517607,1.083189148366305,0022845,1.083189148366305,0.004315444800286712,0.0396244301192769,0.039451101863536626,0.02897973604685776,524
310620005650075,606,0.518214,0.056132367927899,10795.910138307294,1.0337595530325396,2695480,1.0337595530325396,0.0033611727223179498,0.05793941438209481,0.01597187019464763,0.0289756786279276,525
310620025610489,177,0.496636,0.015482784081733,11432.052469738263,1.0288594002030682,0022705,1.0288594002030682,0.0008827888685628084,0.06135345855943452,0.013644280362700743,0.028899504193152875,526
310620060660425,801,0.496636,0.105626893438432,7583.29601416223,1.074961845287001,0023795,1.074961845287001,0.006378828040482949,0.04069797956057487,0.03554310395854084,0.02885577142393709,527
310620060660300,573,0.496636,0.087038359714004,6583.3042107273,1.0921462583130823,0023132,1.0921462583130823,0.005245494867332876,0.03533123060327029,0.04370576059792516,0.028817868880885528,528
310620005620804,231,0.485299,0.032786721369803,7045.535215142128,1.091804259109598,0024015,1.091804259109598,0.0019378008692622726,0.03781192869745077,0.04354330977317202,0.0287691046717106,529
310620025610412,99,0.496636,0.025616010637343,3864.7704125980445,1.1403372281658084,0022659,1.1403372281658084,0.001500606388587318,0.02074142259045209,0.06659664080603568,0.028725743194567735,530
310620005640056,413,0.500697,0.046292920041268,8921.450615598014,1.06150404971875,0023507,1.06150404971875,0.002761266733996461,0.04787957823698357,0.02915060372126568,0.028725392431372072,531
310620005680304,523,0.531973,0.06396874463406,8175.867808441091,1.07034731873279,0024007,1.07034731873279,0.003838952509043223,0.0438781896864483,0.03335118761212996,0.02870831791093128,532
310620060640348,433,0.496636,0.100816430118565,4294.934858244545,1.1236938187752823,4908732,1.1236938187752823,0.006085536609353964,0.023050026103213862,0.05869096279670374,0.028652960263102854,533
310620005670054,639,0.463569,0.08106246914498,7882.809476937475,1.0719741806355654,0023434,1.0719741806355654,0.004881147946731532,0.04230540630000047,0.03412395273898621,0.02862369272571551,534
310620005630227,483,0.50562,0.059196157117794,8159.313433790673,1.0704991561307866,0022845,1.0704991561307866,0.003547970345838061,0.04378934578533952,0.0334233109103178,0.02860712269098257,535
310620060640344,659,0.496636,0.072697473264566,9064.96430215282,1.054671385781028,4908732,1.054671385781028,0.0043711385255969125,0.04864978647772248,0.02590506431463709,0.028542775443159193,536
310620005670669,284,0.476709,0.032017633080297,8870.112268691335,1.0628223371894334,0024090,1.0628223371894334,0.0018909099587418293,0.047604055958916126,0.02977679490736317,0.02854193384339795,537
310620060690006,639,0.496636,0.063767469968117,10020.783329172267,1.038671544920143,0023655,1.038671544920143,0.0038266808979947335,0.05377946929012994,0.018305083620855044,0.02815131707170691,538
310620005650406,536,0.510346,0.052647301324221,10180.958691483907,1.0366446837521788,3451658,1.0366446837521788,0.003148690035348659,0.0546390972947987,0.017342317435901134,0.028002941159294418,539
310620060640420,440,0.496636,0.473063307947156,930.1080692759004,1.1218614243137603,0023035,1.1218614243137603,0.028781233940783295,0.004991697425739783,0.057820568981412405,0.027977219846954622,540
310620005670281,289,0.50274,0.032099436932635,9003.273191567363,1.0564223320871562,0024090,1.0564223320871562,0.0018958974968080668,0.04831870306056624,0.026736769969594943,0.027917281464147396,541
310620005680004,314,0.465495,0.098761967258181,3179.361536806464,1.1355368080581292,0023493,1.1355368080581292,0.005960277083928452,0.017062975070335856,0.06431642436778373,0.027908200463647996,542
310620005650175,351,0.470056,0.034552532584734,10158.444945800553,1.038546052147071,0023868,1.038546052147071,0.002045461454925993,0.05451827068326435,0.01824547411218257,0.027894588943438308,543
310620005670336,235,0.32831,0.027435089470712,8565.672812945313,1.063405667031177,0023353,1.063405667031177,0.0016115146730703999,0.045970192435160095,0.030053878634251695,0.027887694966260666,544
310620060690431,326,0.496636,0.035280807847273,9240.15122928082,1.049883215209558,0023620,1.049883215209558,0.0020898640165511392,0.04958997844256468,0.023630666449176486,0.027552150516744162,545
310620005650022,249,0.513812,0.042186561014518,5902.353593465692,1.098535562575949,2695480,1.098535562575949,0.0025109041731364743,0.03167670963358671,0.04674070259932953,0.027446165885174484,546
310620060690178,610,0.496636,0.053728300767397,11353.420660758278,1.01483640029724,0023604,1.01483640029724,0.003214598005674372,0.06093145792162453,0.006983306076778623,0.02743195439338571,547
310620060690472,390,0.496636,0.033170893765188,11757.295500107837,1.0107337787812618,0023620,1.0107337787812618,0.001961223659158077,0.06309897056074372,0.0050345464243276095,0.0273383192493432,548
310620005640027,691,0.511923,0.059155494217747,11681.078979012163,1.0076289190437502,0023183,1.0076289190437502,0.0035454911501025094,0.0626899322729152,0.0035597271266134016,0.02720753839218085,549
310620060660363,1045,0.496636,0.097587885744939,10708.296342552894,1.0161154969168191,0023132,1.0161154969168191,0.0058886939485039095,0.05746920928101768,0.0075908814707344365,0.027031556338178577,550
310620005680474,396,0.486865,0.035653719074366,11106.835704124696,1.0170435326625966,2708310,1.0170435326625966,0.0021126002189095425,0.05960808751563261,0.008031701714658938,0.02688652558632359,551
310620005620153,237,0.505575,0.024099754313172,9834.125150000591,1.0361915642156452,0024147,1.0361915642156452,0.0014081610340124528,0.052777713490731376,0.017127084062046168,0.02667165892511014,552
310620005680549,109,0.385838,0.010443989461289,10436.624855282762,1.0282394481252304,0023841,1.0282394481252304,0.0005755761975313798,0.056011204659351554,0.013349800944836274,0.02658209500645092,553
310620025610471,856,0.496636,0.08035987194275,10652.082678900131,1.0149482346114604,0022594,1.0149482346114604,0.004838310963005201,0.05716752218742505,0.007036427769448384,0.026429430494706096,554
310620060690429,521,0.496636,0.051518264068424,10112.918387700985,1.026549701651023,0023620,1.026549701651023,0.0030798532247273067,0.05427393907237388,0.012547165425331984,0.02639768122396734,555
310620005650626,447,0.473831,0.615796016085928,725.8897237451853,1.0953873565474443,9077324,1.0953873565474443,0.03748357245899773,0.0038956998493848978,0.04524529366090838,0.02637693977572579,556
310620005650587,177,0.500368,0.025763594267299,6870.159425878752,1.078533874358695,3557472,1.078533874358695,0.0015096044852700723,0.03687072314863255,0.03723983033341814,0.026373119705059483,557
310620025610267,379,0.496636,0.038979120335214,9723.154261580625,1.0336156212155714,3232271,1.0336156212155714,0.0023153481934849334,0.05218215570948425,0.01590350207525877,0.026338517364416815,558
310620005670377,216,0.479431,0.021999007670219,9818.624696077017,1.0337638983667614,0023337,1.0337638983667614,0.0012800796105856274,0.05269452576394567,0.01597393424368916,0.02625401446186071,559
310620005620419,713,0.49986,0.06370834114824,11191.627142526802,1.006578456143794,0022764,1.006578456143794,0.003823075844791008,0.06006314560917875,0.003060753553775043,0.026090407063241318,560
310620005630580,351,0.487668,0.043101169604527,8143.630514452067,1.0546193985215233,0022918,1.0546193985215233,0.0025666673802227347,0.043705178804451426,0.025880370183489595,0.02601618279089427,561
310620005670332,389,0.487142,0.036425697440172,10679.273901039769,1.0165243090397125,0023353,1.0165243090397125,0.0021596673358695194,0.05731345184661273,0.00778506866724394,0.025908801539579134,562
310620005680475,347,0.48698,0.039147881934519,8863.825649122273,1.0434625185530666,0023485,1.0434625185530666,0.0023256374998757256,0.0475703169733551,0.02058081295036694,0.025900061924414842,563
310620060680088,451,0.496636,0.043425381089579,10385.631367740112,1.0191335869756002,3411451,1.0191335869756002,0.0025864343847951726,0.05573753317008655,0.009024484865809883,0.02577828904321614,564
310620025610244,377,0.496636,0.040136778494711,9392.881395542967,1.030032250916043,0022640,1.030032250916043,0.0023859300056265566,0.05040964962158917,0.014201388577263512,0.025140055423502686,565
310620025610141,260,0.496636,0.034699362189347,7492.933114483073,1.058909220346003,0022594,1.058909220346003,0.0020544135790781922,0.040213020587944966,0.027918050641019338,0.025076947501207248,566
310620005650695,315,0.47895,0.05648599556621,5576.603489811437,1.0841714816657095,0023000,1.0841714816657095,0.003382733214360089,0.02992847627494989,0.03991771363644403,0.02496152456522119,567
310620005650650,382,0.492797,0.049063314528672,7785.858001435347,1.0501631145668415,0023965,1.0501631145668415,0.0029301762360493815,0.04178508780511589,0.023763619628526956,0.024722173881419257,568
310620005680440,679,0.527613,0.088929062181161,7635.299230040024,1.047148734532555,0024007,1.047148734532555,0.005360770007284866,0.040977070052746895,0.02233177850813767,0.024698592575725518,569
310620060680003,467,0.496636,0.049114085773364,9508.473845058676,1.0237693419202478,0023515,1.0237693419202478,0.0029332717322678886,0.051030010364327076,0.011226484772356318,0.024659931097118094,570
310620060680084,544,0.496636,0.075558458063986,7199.723418645182,1.0538917318324996,0023515,1.0538917318324996,0.004545571271564377,0.0386394248604556,0.0255347259463892,0.024479859109568312,571
310620025610108,525,0.496636,0.058764155860153,8934.017553989808,1.0291829249212003,0022659,1.0291829249212003,0.003521631455241021,0.04794702239330466,0.013797955741921324,0.02437468511647057,572
310620005670227,266,0.499646,0.041125296989347,6468.038396632224,1.0676556655261569,0024171,1.0676556655261569,0.002446199460918293,0.03471262284520393,0.03207264287017697,0.02424070183741015,573
310620005650252,804,0.499175,0.079975273119843,10053.107274734848,1.0068586286847323,0023884,1.0068586286847323,0.004814862174046544,0.05395294521318058,0.0031938364963225645,0.023983787686382964,574
310620005670023,440,0.51232,0.049458494206462,8896.348484918326,1.0279484068419158,0023353,1.0279484068419158,0.0029542701341929234,0.047744860299107884,0.013211555311425515,0.023947691753328684,575
310620005620710,273,0.491492,0.035964471680533,7590.824701250111,1.0448750342172362,0024015,1.0448750342172362,0.002131546642679863,0.040738384465335065,0.021251762859849945,0.02331034663689297,576
310620005670746,323,0.491505,0.037951155717447,8510.93975648045,1.030608954840059,0024171,1.030608954840059,0.002252673728709432,0.04567645145378013,0.014475324969922623,0.02328898019110167,577
310620025610353,553,0.496636,0.166543705888687,3320.449710477856,1.0922822059449355,0022624,1.0922822059449355,0.010092894215681492,0.017820166085640236,0.04377033620129729,0.02328703555934973,578
310620005650446,65,0.527501,0.00688195240384,9444.994121687216,1.0201376774683806,2695480,1.0201376774683806,0.0003584006622769953,0.05068932783268677,0.009501431382109102,0.02323368074639054,579
310620005670203,388,0.506767,0.040397449613708,9604.56671671522,1.01342425502504,2695464,1.01342425502504,0.002401822987333512,0.051545720910149286,0.006312532104784125,0.023232594891695005,580
310620025610320,440,0.496636,0.080148733763273,5489.793529359832,1.06980713200133,0022705,1.06980713200133,0.004825437978698464,0.02946258519150601,0.033094597014396564,0.023161044574530915,581
310620025610585,423,0.496636,0.056450002786013,7493.356583231376,1.042574286346901,0022659,1.042574286346901,0.0033805387533877556,0.040215293257036454,0.020158899527780508,0.02314794878716506,582
310620025610158,743,0.496636,0.087880893813704,8454.62497883855,1.0237687378417717,3232271,1.0237687378417717,0.005296863730464092,0.04537422170234381,0.011226197832955106,0.02310660714996328,583
310620005650074,382,0.527138,0.043884870866345,8704.594372931222,1.0245915137267896,3451658,1.0245915137267896,0.0026144492360175627,0.04671575568341928,0.011617019272731571,0.022955742825992453,584
310620005620717,136,0.463111,0.0129317351953,10516.763446364785,1.0010329821118409,0022764,1.0010329821118409,0.0007272527530098836,0.05644129188471879,0.00042663388051334083,0.022922682743944482,585
310620060640114,661,0.496636,0.067523166643316,9789.232834586428,1.0017346478864613,0023140,1.0017346478864613,0.0040556637587945,0.052536785729011354,0.0007599275918051409,0.022459391696784434,586
310620005630501,84,0.5076,1.122262665651896,74.8487876955315,1.011601030239211,0023205,1.011601030239211,0.06836257903136508,0.00040169794586385795,0.0054464939177043935,0.022303401063066386,587
310620005650565,40,0.443824,0.154474906615578,258.94173284430525,1.132823028200779,2695774,1.132823028200779,0.009357065840023807,0.0013896866654019985,0.06302736938890217,0.022271205234838595,588
310620060660350,501,0.496636,0.05967522471698,8395.443877690926,1.0216734000467704,2695421,1.0216734000467704,0.0035771788466476408,0.04505660898613436,0.010230905009268822,0.022165068751228683,589
310620005680023,467,0.52104,0.416910492886475,1120.144510556045,1.0852570849309806,0023493,1.0852570849309806,0.02535762619326102,0.006011583658393742,0.04043337900642512,0.022141935023263337,590
310620005630052,407,0.494941,0.052920251458521,7690.817575177386,1.0329735977763606,0022969,1.0329735977763606,0.0031653316621926006,0.04127502551583545,0.015598538683098637,0.022139171309921553,591
310620005670232,370,0.505535,0.057340100393411,6452.726755994954,1.0498205149336843,0023450,1.0498205149336843,0.003434807538691676,0.03463044844023139,0.023600883597566995,0.021962886716970158,592
310620005670670,244,0.505123,0.033467217642453,7290.716623257238,1.0385422955137464,0024090,1.0385422955137464,0.0019792903708782993,0.03912776654915358,0.018243689698138138,0.021718000640366362,593
310620005630278,111,0.490256,0.012100884794548,9172.882965550632,1.0127060315477865,0022926,1.0127060315477865,0.0006765962388890394,0.04922896359924935,0.005971373426494225,0.02168597633931472,594
310620005670611,307,0.51536,0.039237631728291,7824.121550604385,1.0270115468452192,0024171,1.0270115468452192,0.002331109497832806,0.0419904403509071,0.012766543517272157,0.021325472044894326,595
310620025610456,637,0.496636,0.071779911547682,8874.34919137304,1.0063779142324865,0022659,1.0063779142324865,0.004315195267910557,0.04762679464567947,0.0029654954404298153,0.021234925070773902,596
310620025610577,321,0.496636,0.037217797512834,8624.905863634407,1.013401639554887,0022632,1.013401639554887,0.002207961262766115,0.04628808395380228,0.006301789676903856,0.021068158863421907,597
310620005680515,204,0.495839,0.048943273148953,4168.090666497731,1.0778210821804064,0024023,1.0778210821804064,0.002922857375949756,0.02236927958963341,0.03690125154124306,0.02089494451101121,598
310620025610344,521,0.496636,0.066474720391015,7837.565873694454,1.0199594463189756,0022705,1.0199594463189756,0.003991740539480215,0.04206259324923832,0.009416770959153286,0.02084759074928538,599
310620005650079,391,0.5033,0.043183227460211,9054.44134207586,1.0043269347218855,2695464,1.0043269347218855,0.002571670404740049,0.04859331192980438,0.0019912729578789715,0.02080620778070746,600
310620005650663,448,0.497215,0.05290278927651,8468.362559456233,1.0108875707098517,0024023,1.0108875707098517,0.0031642670020939592,0.04544794845310575,0.005107598131423025,0.020660738921297397,601
310620060690014,570,0.496636,0.074510300570442,7649.949008877266,1.0200767270957125,0023620,1.0200767270957125,0.004481665657720389,0.04105569238247945,0.009472479740678183,0.02060852057251135,602
310620025610459,315,0.496636,0.078993412545666,3987.6742863577247,1.0734789848853248,0022659,1.0734789848853248,0.004754998648680871,0.021401022233251937,0.03483874005128077,0.020438530503289268,603
310620025610660,407,0.496636,0.054121064389212,7520.1773023726355,1.022544514915966,0022705,1.022544514915966,0.0032385445981495246,0.04035923450334576,0.010644687636578434,0.02030866347175669,604
310620025610435,1116,0.496636,0.182851318837022,6103.3193913942005,1.0254665774190093,0022632,1.0254665774190093,0.011087160842798604,0.03275525146041168,0.012032677604868966,0.020038052118464943,605
310620060660306,68,0.496636,0.086368283594659,787.3260550034261,1.1175443486735313,0023779,1.1175443486735313,0.0052046406770106255,0.004225415918644897,0.05576994286552721,0.01998254143021931,606
310620025610624,393,0.496636,0.058535783920454,6713.84192161942,1.030226329698876,0022705,1.030226329698876,0.0035077077375925774,0.0360317994693478,0.01429357668184715,0.01975310511357104,607
310620060640187,729,0.496636,0.82666201142446,881.8598047632864,1.0193310621613951,5432243,1.0193310621613951,0.050339961841254985,0.004732758980069136,0.009118286273748357,0.01973057802652866,608
310620005680479,563,0.500913,0.06674949798292,8434.520363644706,1.002537391893514,0024023,1.002537391893514,0.004008493585457962,0.045266324395327934,0.0011412338190792816,0.01965144797949235,609
310620005670747,316,0.494899,0.041473559256152,7619.312296017274,1.0132621175416727,0024171,1.0132621175416727,0.0024674328290675983,0.04089127148799628,0.0062355162298110955,0.018967393312862124,610
310620005680523,322,0.469258,0.049949957662654,6446.451910423724,1.0291502433473434,7995369,1.0291502433473434,0.002984234403916974,0.03459677264327888,0.013782431879370767,0.018868708942297873,611
310620005680550,182,0.478525,0.828761974418435,219.60467011980657,1.0196775037275256,0023892,1.0196775037275256,0.050467995486013724,0.001178572794633291,0.009282847236385946,0.018396681934573215,612
310620060660062,360,0.496636,0.197886513140407,1819.224535754835,1.0757776581493437,2695421,1.0757776581493437,0.01200384877103419,0.009763401406720119,0.035930617938051836,0.018285700575413857,613
310620005680196,318,0.486564,0.048117020748704,6608.887978763007,1.0199225257087103,0023558,1.0199225257087103,0.002872481199513286,0.03546853338911106,0.009399233539396522,0.017868927777317366,614
310620025610208,546,0.496636,0.682686765831343,799.7811402350939,1.024751755023417,0022675,1.024751755023417,0.04156186646471234,0.004292259782215167,0.011693134452332693,0.017693404187999577,615
310620005680150,696,0.477531,0.094175675749408,7390.443386379154,1.0007475378871429,0023493,1.0007475378871429,0.0056806532908049365,0.03966297943806075,0.00029104686963500685,0.017656701823356283,616
310620005680480,572,0.470042,0.081516705518652,7016.966600411979,1.0073321768492027,0024023,1.0073321768492027,0.004908842500716571,0.037658606857423664,0.0034187735403121444,0.017561727555278083,617
310620060660215,254,0.496636,0.0557478506211,4556.229471990864,1.0458000363956983,0023779,1.0458000363956983,0.003337728903353738,0.024452340193244916,0.021691142148628058,0.017289597392892507,618
310620025610625,565,0.496636,0.104720748961463,5395.301366760839,1.0265176296115,0022616,1.0265176296115,0.0063235808859391715,0.028955465319763382,0.01253193109373427,0.017238839721807387,619
310620005650551,294,0.505896,0.048276457280213,6089.924915026881,1.0232001314025312,2695774,1.0232001314025312,0.00288220196140069,0.03268336607912052,0.010956107774050048,0.01722483935228343,620
310620005620183,484,0.502972,0.155878874535271,3104.974945726109,1.0540410214219718,0022926,1.0540410214219718,0.009442665029342089,0.01666375763800626,0.02560563902656518,0.017179994271974683,621
310620025610175,448,0.496636,0.062597770775931,7156.804378922981,1.001194457680519,0022659,1.001194457680519,0.0037553649503915547,0.03840908726080084,0.0005033353436804523,0.016641244992541937,622
310620005680054,55,0.47594,0.045151538968319,1218.120162827479,1.0911081092816888,0023558,1.0911081092816888,0.002691677327303302,0.0065373986979398845,0.043212636155972234,0.016386253524158616,623
310620005680373,440,0.522117,0.36728784596671,1197.970487811569,1.049684044631365,0023736,1.049684044631365,0.022332159379825547,0.006429259564188777,0.023536059723884832,0.016332169556788623,624
310620005620772,377,0.51656,0.055831064378762,6752.5132145503185,1.0045974812389162,0023434,1.0045974812389162,0.003342802402609727,0.03623934029148417,0.0021197835052076167,0.01613451188893887,625
310620025610588,537,0.496636,0.117777655479133,4559.438696715624,1.0268423320121534,0022756,1.0268423320121534,0.007119653643186741,0.024469563437861722,0.012686165876295357,0.01572957123098932,626
310620005670414,27,0.421683,0.005127620428293,5265.600365233817,1.0279272382514235,0024171,1.0279272382514235,0.0002514399598310309,0.028259386899604808,0.013201500156473991,0.015339636794733432,627
310620005690006,498,0.502387,0.078196128938004,6368.601703990076,1.001020006596678,0023604,1.001020006596678,0.00470638868436805,0.03417896670450159,0.00042047046516514744,0.015209644426660595,628
310620005670379,674,0.46403,0.322948791139823,2087.0181852087717,1.034066371440196,0023434,1.034066371440196,0.019628830411204747,0.011200594475746334,0.016117610017622155,0.015204169918946603,629
310620005670458,205,0.500911,0.034620074892654,5921.419888190327,1.0120601838498742,2695464,1.0120601838498742,0.002049579474092629,0.031779034489632145,0.005664593497997756,0.015025865687479975,630
310620060690263,23,0.496636,0.049802471470493,461.82447016965926,1.088778145879738,0023590,1.088778145879738,0.002975242247965589,0.0024785163090609674,0.0421058953436099,0.014515747801097035,631
310620005620218,344,0.460902,0.071134995420895,4835.8757593868395,1.0183013294296277,0023388,1.0183013294296277,0.004275875069167466,0.025953143915976737,0.008629159603725026,0.014252767968258443,632
310620005630579,610,0.506701,0.557357664240966,1094.4498284252081,1.010798164114093,0022969,1.010798164114093,0.03392061672983898,0.005873685619569554,0.005065129683919684,0.01404519817195542,633
310620005620771,282,0.497742,0.134438793887157,2097.6088214291813,1.0336402300837917,0023434,1.0336402300837917,0.008135474532568883,0.01125743222751374,0.015915191374233452,0.011718172663046197,634
310620060640296,516,0.496636,0.236676410763204,2180.19192675801,1.019224212426859,4908732,1.019224212426859,0.014368848528989214,0.011700638654698527,0.009067532273963503,0.011711169702765225,635
310620005630458,275,0.512711,0.128858225335361,2134.1284134892944,1.017143965221398,3002446,1.017143965221398,0.007795230188472127,0.011453425316593649,0.008079407533395176,0.009343761443197651,636
310620005620330,432,0.469875,0.219842772626426,1965.040719051011,1.0045317401912142,0024015,1.0045317401912142,0.013342510421420066,0.010545966670730114,0.002088556276282721,0.00884770667760288,637
310620025610177,51,0.496636,0.057082219145067,893.4480958140427,1.0378886961068154,0022659,1.0378886961068154,0.0034190846539383975,0.004794950938743161,0.017933227680588533,0.008323674075855342,638
310620005670319,101,0.504309,0.05293865110588,1907.8687856627637,1.015703925848801,0023760,1.015703925848801,0.0031664534790629014,0.010239136741880175,0.007395383765585128,0.0072642058701464784,639
310620005650176,30,0.454236,0.185496298855256,161.72829423086873,1.0187416619631744,0023329,1.0187416619631744,0.011248423890299997,0.0008679622687393785,0.008838319106178596,0.006373207806439329,640
