#############################################################################
# Project CNPq: Increasing PHC with team sizing
# Author: João Flávio de Freitas Almeida <joao.flavio@dep.ufmg.br>
# LEPOINT: Laboratório de Estudos em Planejamento de Operações Integradas
# Departamento de Engenharia de Produção
# Universidade Federal de Minas Gerais - Escola de Engenharia
#############################################################################
# Health Care Facility Location Problem: Considering fixed facilities,
# choose intermediate facilities according a criteria that improve service
# quality. Consider health care teams.
#############################################################################
# glpsol -m aps.mod -d LS.dat --cuts

#############################################################################
# DADOS REFERENTES AO MUNICIPIO DE: 
# Lagoa Santa 
#############################################################################
data;
# Distance matrix between same-level facilities (for team transfer) 
# {EL[1], L[1]} default 0; # Distance between L1 facilities (min)  
param DL1 := 
3137605402034 3137605402034 0 
3137605402034 3137602116553 1301.715354025235 
3137605402034 3137605324920 2462.3840277374716 
3137605402034 3137605324912 3665.1681122153377 
3137605402034 3137602116588 4084.7051187730885 
3137605402034 3137605402417 4599.1824730576045 
3137605402034 3137602117363 7127.3051021356205 
3137605402034 3137605324904 3665.1681122153377 
3137605402034 3137602116537 7127.3051021356205 
3137605402034 3137602116545 1126.3202830077 
3137605402034 3137605402425 3822.1768127579444 
3137605402034 3137602116561 2015.3801569775856 
3137605402034 3137604334663 4445.702227571128 
3137605402034 3137609342923 2845.8356148401017 
3137605402034 CL_cluster_5616 2845.8356148401017 
3137605402034 CL_cluster_5617 2104.7336413540083 
3137605402034 CL_cluster_5618 0.0 
3137605402034 CL_cluster_5619 2914.6160419735616 
3137605402034 CL_cluster_5620 3822.1768127579444 
3137605402034 CL_cluster_5621 3665.1681122153377 
3137605402034 CL_cluster_5622 7296.531211309838 
3137605402034 CL_cluster_5623 1126.3202830077 
3137605402034 CL_cluster_5624 5957.674055143727 
3137605402034 CL_cluster_5625 7919.971086453593 
3137605402034 CL_cluster_5626 1301.715354025235 
3137605402034 CL_cluster_5627 1075.4936466183942 
3137605402034 CL_cluster_5628 856.704015419042 
3137605402034 CL_cluster_5629 1658.6443085516005 
3137605402034 CL_cluster_5630 2462.3840277374716 
3137605402034 CL_cluster_5631 2994.943976946736 
3137605402034 CL_cluster_5632 3227.650962171024 
3137605402034 CL_cluster_5633 4084.7051187730885 
3137605402034 CL_cluster_5634 4589.433190780981 
3137605402034 CL_cluster_5635 7127.3051021356205 
3137605402034 CL_cluster_5636 6720.589507313547 
3137605402034 CL_cluster_5637 2523.0573120870276 
3137605402034 CL_cluster_5638 2384.162162844066 
3137605402034 CL_cluster_5639 4849.057067924898 
3137605402034 CL_cluster_5640 7840.0553626162655 
3137605402034 CL_cluster_5641 4599.1824730576045 
3137605402034 CL_cluster_5642 4124.154918365408 
3137605402034 CL_cluster_5643 4291.751054305943 
3137605402034 CL_cluster_5644 6596.509168013674 
3137605402034 CL_cluster_5645 6381.779868356363 
3137605402034 CL_cluster_5646 3617.393797500184 
3137605402034 CL_cluster_5647 2015.3801569775856 
3137605402034 CL_cluster_5648 6346.087362014038 
3137605402034 CL_cluster_5649 4445.702227571128 
3137605402034 CL_cluster_5650 4677.876142407955 
3137605402034 CL_cluster_5652 5564.2967929633805 
3137605402034 CL_cluster_5653 8273.355301222316 
3137605402034 CL_cluster_5655 6349.352534821947 
3137605402034 CL_cluster_10096 5665.735400950875 
3137602116553 3137605402034 1301.715354025235 
3137602116553 3137602116553 0 
3137602116553 3137605324920 3500.467564217741 
3137602116553 3137605324912 2707.642256449964 
3137602116553 3137602116588 3166.2151041507336 
3137602116553 3137605402417 3505.615565739959 
3137602116553 3137602117363 5919.627584180744 
3137602116553 3137605324904 2707.642256449964 
3137602116553 3137602116537 5919.627584180744 
3137602116553 3137602116545 2158.5590379307287 
3137602116553 3137605402425 3501.3959715880937 
3137602116553 3137602116561 763.9521465372984 
3137602116553 3137604334663 3211.092850131568 
3137602116553 3137609342923 1569.7671155635308 
3137602116553 CL_cluster_5616 1569.7671155635308 
3137602116553 CL_cluster_5617 833.0790113799198 
3137602116553 CL_cluster_5618 1301.715354025235 
3137602116553 CL_cluster_5619 2633.810821538124 
3137602116553 CL_cluster_5620 3501.3959715880937 
3137602116553 CL_cluster_5621 2707.642256449964 
3137602116553 CL_cluster_5622 6045.300485694958 
3137602116553 CL_cluster_5623 2158.5590379307287 
3137602116553 CL_cluster_5624 5909.2919326750625 
3137602116553 CL_cluster_5625 6656.256811303254 
3137602116553 CL_cluster_5626 0.0 
3137602116553 CL_cluster_5627 666.4748673538206 
3137602116553 CL_cluster_5628 1727.4828399130047 
3137602116553 CL_cluster_5629 1605.9200598761613 
3137602116553 CL_cluster_5630 3500.467564217741 
3137602116553 CL_cluster_5631 3089.2080209723495 
3137602116553 CL_cluster_5632 2212.3685887760003 
3137602116553 CL_cluster_5633 3166.2151041507336 
3137602116553 CL_cluster_5634 3561.5713269277308 
3137602116553 CL_cluster_5635 5919.627584180744 
3137602116553 CL_cluster_5636 5490.524692725101 
3137602116553 CL_cluster_5637 3404.0151135146543 
3137602116553 CL_cluster_5638 3486.1301287805 
3137602116553 CL_cluster_5639 4130.0314581474 
3137602116553 CL_cluster_5640 6619.728269331916 
3137602116553 CL_cluster_5641 3505.615565739959 
3137602116553 CL_cluster_5642 3483.8374073865507 
3137602116553 CL_cluster_5643 4296.504209638186 
3137602116553 CL_cluster_5644 5317.608695155252 
3137602116553 CL_cluster_5645 5107.227155175118 
3137602116553 CL_cluster_5646 3155.9003303868185 
3137602116553 CL_cluster_5647 763.9521465372984 
3137602116553 CL_cluster_5648 5152.551541936226 
3137602116553 CL_cluster_5649 3211.092850131568 
3137602116553 CL_cluster_5650 5410.782929624538 
3137602116553 CL_cluster_5652 5067.511979534092 
3137602116553 CL_cluster_5653 6986.868645433476 
3137602116553 CL_cluster_5655 5214.958325814162 
3137602116553 CL_cluster_10096 5772.007785093779 
3137605324920 3137605402034 2462.3840277374716 
3137605324920 3137602116553 3500.467564217741 
3137605324920 3137605324920 0 
3137605324920 3137605324912 4735.01039534039 
3137605324920 3137602116588 4995.7157135031475 
3137605324920 3137605402417 5796.829781809736 
3137605324920 3137602117363 8456.141952310556 
3137605324920 3137605324904 4735.01039534039 
3137605324920 3137602116537 8456.141952310556 
3137605324920 3137602116545 1362.4072935803729 
3137605324920 3137605402425 3711.472508279082 
3137605324920 3137602116561 4263.010563963934 
3137605324920 3137604334663 6034.663769356833 
3137605324920 3137609342923 4735.1034297887345 
3137605324920 CL_cluster_5616 4735.1034297887345 
3137605324920 CL_cluster_5617 4087.6456586602158 
3137605324920 CL_cluster_5618 2462.3840277374716 
3137605324920 CL_cluster_5619 3102.8215378117097 
3137605324920 CL_cluster_5620 3711.472508279082 
3137605324920 CL_cluster_5621 4735.01039534039 
3137605324920 CL_cluster_5622 8790.129406685945 
3137605324920 CL_cluster_5623 1362.4072935803729 
3137605324920 CL_cluster_5624 4886.154790138982 
3137605324920 CL_cluster_5625 9452.970324552352 
3137605324920 CL_cluster_5626 3500.467564217741 
3137605324920 CL_cluster_5627 3513.1288112945554 
3137605324920 CL_cluster_5628 2995.4891132323028 
3137605324920 CL_cluster_5629 2457.4917522294077 
3137605324920 CL_cluster_5630 0.0 
3137605324920 CL_cluster_5631 2472.6816248841055 
3137605324920 CL_cluster_5632 4500.270372026226 
3137605324920 CL_cluster_5633 4995.7157135031475 
3137605324920 CL_cluster_5634 5640.97066517135 
3137605324920 CL_cluster_5635 8456.141952310556 
3137605324920 CL_cluster_5636 8150.366053966424 
3137605324920 CL_cluster_5637 3901.721125493001 
3137605324920 CL_cluster_5638 255.51122261563552 
3137605324920 CL_cluster_5639 5233.342300424916 
3137605324920 CL_cluster_5640 9186.182286406029 
3137605324920 CL_cluster_5641 5796.829781809736 
3137605324920 CL_cluster_5642 4508.3621718007 
3137605324920 CL_cluster_5643 3431.315187566352 
3137605324920 CL_cluster_5644 8256.020303262761 
3137605324920 CL_cluster_5645 8024.375768325461 
3137605324920 CL_cluster_5646 3825.2267712494236 
3137605324920 CL_cluster_5647 4263.010563963934 
3137605324920 CL_cluster_5648 7667.089720460851 
3137605324920 CL_cluster_5649 6034.663769356833 
3137605324920 CL_cluster_5650 2423.048529271358 
3137605324920 CL_cluster_5652 5399.759020688673 
3137605324920 CL_cluster_5653 10337.921927265521 
3137605324920 CL_cluster_5655 7492.245210543837 
3137605324920 CL_cluster_10096 4349.445707802343 
3137605324912 3137605402034 3665.1681122153377 
3137605324912 3137602116553 2707.642256449964 
3137605324912 3137605324920 4735.01039534039 
3137605324912 3137605324912 0 
3137605324912 3137602116588 466.36981049353096 
3137605324912 3137605402417 1062.0349483508314 
3137605324912 3137602117363 3721.191809117417 
3137605324912 3137605324904 0.0 
3137605324912 3137602116537 3721.191809117417 
3137605324912 3137602116545 3836.9242535589888 
3137605324912 3137605402425 1995.0954735025541 
3137605324912 3137602116561 2650.173489272608 
3137605324912 3137604334663 1580.6148372401933 
3137605324912 3137609342923 1705.8157612233697 
3137605324912 CL_cluster_5616 1705.8157612233697 
3137605324912 CL_cluster_5617 2044.7942335142145 
3137605324912 CL_cluster_5618 3665.1681122153377 
3137605324912 CL_cluster_5619 1821.308978953462 
3137605324912 CL_cluster_5620 1995.0954735025541 
3137605324912 CL_cluster_5621 0.0 
3137605324912 CL_cluster_5622 4078.0803365426414 
3137605324912 CL_cluster_5623 3836.9242535589888 
3137605324912 CL_cluster_5624 4336.027792967481 
3137605324912 CL_cluster_5625 4746.063856485432 
3137605324912 CL_cluster_5626 2707.642256449964 
3137605324912 CL_cluster_5627 3372.6563387460396 
3137605324912 CL_cluster_5628 4353.432124786708 
3137605324912 CL_cluster_5629 2359.9527204977776 
3137605324912 CL_cluster_5630 4735.01039534039 
3137605324912 CL_cluster_5631 2701.630463126722 
3137605324912 CL_cluster_5632 511.1493599309724 
3137605324912 CL_cluster_5633 466.36981049353096 
3137605324912 CL_cluster_5634 943.7609699664453 
3137605324912 CL_cluster_5635 3721.191809117417 
3137605324912 CL_cluster_5636 3427.9506010385244 
3137605324912 CL_cluster_5637 6075.261481234965 
3137605324912 CL_cluster_5638 4864.4875975046625 
3137605324912 CL_cluster_5639 1595.7013673218771 
3137605324912 CL_cluster_5640 4451.360763397613 
3137605324912 CL_cluster_5641 1062.0349483508314 
3137605324912 CL_cluster_5642 1243.4068223110567 
3137605324912 CL_cluster_5643 3179.706192498826 
3137605324912 CL_cluster_5644 3651.0439578306487 
3137605324912 CL_cluster_5645 3416.4144986103624 
3137605324912 CL_cluster_5646 1515.3074418560668 
3137605324912 CL_cluster_5647 2650.173489272608 
3137605324912 CL_cluster_5648 2932.393900957032 
3137605324912 CL_cluster_5649 1580.6148372401933 
3137605324912 CL_cluster_5650 5563.982851602935 
3137605324912 CL_cluster_5652 2781.438956396149 
3137605324912 CL_cluster_5653 6141.4886396593765 
3137605324912 CL_cluster_5655 2785.6936441538332 
3137605324912 CL_cluster_10096 4527.775686376601 
3137602116588 3137605402034 4084.7051187730885 
3137602116588 3137602116553 3166.2151041507336 
3137602116588 3137605324920 4995.7157135031475 
3137602116588 3137605324912 466.36981049353096 
3137602116588 3137602116588 0 
3137602116588 3137605402417 918.7620023083715 
3137602116588 3137602117363 3495.6554617514994 
3137602116588 3137605324904 466.36981049353096 
3137602116588 3137602116537 3495.6554617514994 
3137602116588 3137602116545 4182.269391022731 
3137602116588 3137605402425 1916.464062741078 
3137602116588 3137602116561 3115.0372985945405 
3137602116588 3137604334663 1710.0743093681258 
3137602116588 3137609342923 2147.0119673181075 
3137602116588 CL_cluster_5616 2147.0119673181075 
3137602116588 CL_cluster_5617 2511.1111243290866 
3137602116588 CL_cluster_5618 4084.7051187730885 
3137602116588 CL_cluster_5619 1962.5361124747874 
3137602116588 CL_cluster_5620 1916.464062741078 
3137602116588 CL_cluster_5621 466.36981049353096 
3137602116588 CL_cluster_5622 3916.463590253621 
3137602116588 CL_cluster_5623 4182.269391022731 
3137602116588 CL_cluster_5624 4098.328833709258 
3137602116588 CL_cluster_5625 4585.1243992791615 
3137602116588 CL_cluster_5626 3166.2151041507336 
3137602116588 CL_cluster_5627 3832.134700256939 
3137602116588 CL_cluster_5628 4794.015938916637 
3137602116588 CL_cluster_5629 2697.1025846692805 
3137602116588 CL_cluster_5630 4995.7157135031475 
3137602116588 CL_cluster_5631 2812.5000022235167 
3137602116588 CL_cluster_5632 977.4291006027224 
3137602116588 CL_cluster_5633 0.0 
3137602116588 CL_cluster_5634 662.5831211073636 
3137602116588 CL_cluster_5635 3495.6554617514994 
3137602116588 CL_cluster_5636 3256.611002267701 
3137602116588 CL_cluster_5637 6519.5163054975055 
3137602116588 CL_cluster_5638 5141.807081640005 
3137602116588 CL_cluster_5639 1178.2490383225331 
3137602116588 CL_cluster_5640 4219.780340325803 
3137602116588 CL_cluster_5641 918.7620023083715 
3137602116588 CL_cluster_5642 1006.6203378831578 
3137602116588 CL_cluster_5643 3094.057400181671 
3137602116588 CL_cluster_5644 3588.9202445488568 
3137602116588 CL_cluster_5645 3357.57828561456 
3137602116588 CL_cluster_5646 1476.314396370625 
3137602116588 CL_cluster_5647 3115.0372985945405 
3137602116588 CL_cluster_5648 2724.645384245479 
3137602116588 CL_cluster_5649 1710.0743093681258 
3137602116588 CL_cluster_5650 5632.260987655633 
3137602116588 CL_cluster_5652 2408.1864376501067 
3137602116588 CL_cluster_5653 6198.372487558264 
3137602116588 CL_cluster_5655 2497.763884094161 
3137602116588 CL_cluster_10096 4356.802639442805 
3137605402417 3137605402034 4599.1824730576045 
3137605402417 3137602116553 3505.615565739959 
3137605402417 3137605324920 5796.829781809736 
3137605402417 3137605324912 1062.0349483508314 
3137605402417 3137602116588 918.7620023083715 
3137605402417 3137605402417 0 
3137605402417 3137602117363 2659.8209936166386 
3137605402417 3137605324904 1062.0349483508314 
3137605402417 3137602116537 2659.8209936166386 
3137605402417 3137602116545 4870.222374748127 
3137605402417 3137605402425 2830.153238427507 
3137605402417 3137602116561 3250.614347117443 
3137605402417 3137604334663 999.9705203211022 
3137605402417 3137609342923 2147.223743668102 
3137605402417 CL_cluster_5616 2147.223743668102 
3137605402417 CL_cluster_5617 2728.40323154859 
3137605402417 CL_cluster_5618 4599.1824730576045 
3137605402417 CL_cluster_5619 2844.0052493137887 
3137605402417 CL_cluster_5620 2830.153238427507 
3137605402417 CL_cluster_5621 1062.0349483508314 
3137605402417 CL_cluster_5622 3026.7894579643953 
3137605402417 CL_cluster_5623 4870.222374748127 
3137605402417 CL_cluster_5624 4899.4891575491265 
3137605402417 CL_cluster_5625 3695.865062094398 
3137605402417 CL_cluster_5626 3505.615565739959 
3137605402417 CL_cluster_5627 4146.688095038278 
3137605402417 CL_cluster_5628 5217.095749428838 
3137605402417 CL_cluster_5629 3405.645448188519 
3137605402417 CL_cluster_5630 5796.829781809736 
3137605402417 CL_cluster_5631 3710.6878602255088 
3137605402417 CL_cluster_5632 1383.10133255773 
3137605402417 CL_cluster_5633 918.7620023083715 
3137605402417 CL_cluster_5634 352.2759945347901 
3137605402417 CL_cluster_5635 2659.8209936166386 
3137605402417 CL_cluster_5636 2372.1734236579323 
3137605402417 CL_cluster_5637 6909.573279240073 
3137605402417 CL_cluster_5638 5924.495993840929 
3137605402417 CL_cluster_5639 1790.4789265514792 
3137605402417 CL_cluster_5640 3390.186043011563 
3137605402417 CL_cluster_5641 0.0 
3137605402417 CL_cluster_5642 1883.1972184868548 
3137605402417 CL_cluster_5643 4000.252566228607 
3137605402417 CL_cluster_5644 2670.1976992336286 
3137605402417 CL_cluster_5645 2439.0589988413794 
3137605402417 CL_cluster_5646 2395.0715602222517 
3137605402417 CL_cluster_5647 3250.614347117443 
3137605402417 CL_cluster_5648 1870.3700693612989 
3137605402417 CL_cluster_5649 999.9705203211022 
3137605402417 CL_cluster_5650 6546.196008902183 
3137605402417 CL_cluster_5652 3036.4473166561115 
3137605402417 CL_cluster_5653 5309.713456583412 
3137605402417 CL_cluster_5655 1758.3851178949014 
3137605402417 CL_cluster_10096 5214.287962629079 
3137602117363 3137605402034 7127.3051021356205 
3137602117363 3137602116553 5919.627584180744 
3137602117363 3137605324920 8456.141952310556 
3137602117363 3137605324912 3721.191809117417 
3137602117363 3137602116588 3495.6554617514994 
3137602117363 3137605402417 2659.8209936166386 
3137602117363 3137602117363 0 
3137602117363 3137605324904 3721.191809117417 
3137602117363 3137602116537 0.0 
3137602117363 3137602116545 7506.748240059145 
3137602117363 3137605402425 5259.827162173928 
3137602117363 3137602116561 5464.5947280666405 
3137602117363 3137604334663 2714.148863481434 
3137602117363 3137609342923 4374.707778650362 
3137602117363 CL_cluster_5616 4374.707778650362 
3137602117363 CL_cluster_5617 5089.424835005144 
3137602117363 CL_cluster_5618 7127.3051021356205 
3137602117363 CL_cluster_5619 5457.830021483549 
3137602117363 CL_cluster_5620 5259.827162173928 
3137602117363 CL_cluster_5621 3721.191809117417 
3137602117363 CL_cluster_5622 692.2386959012872 
3137602117363 CL_cluster_5623 7506.748240059145 
3137602117363 CL_cluster_5624 6786.630220058365 
3137602117363 CL_cluster_5625 1229.1343553873874 
3137602117363 CL_cluster_5626 5919.627584180744 
3137602117363 CL_cluster_5627 6497.901490023318 
3137602117363 CL_cluster_5628 7642.895902004729 
3137602117363 CL_cluster_5629 6057.380153516268 
3137602117363 CL_cluster_5630 8456.141952310556 
3137602117363 CL_cluster_5631 6295.828156430884 
3137602117363 CL_cluster_5632 4005.316801052526 
3137602117363 CL_cluster_5633 3495.6554617514994 
3137602117363 CL_cluster_5634 2834.4775847837195 
3137602117363 CL_cluster_5635 0.0 
3137602117363 CL_cluster_5636 519.6058236480726 
3137602117363 CL_cluster_5637 9254.081421867122 
3137602117363 CL_cluster_5638 8584.13335732337 
3137602117363 CL_cluster_5639 3794.941252168052 
3137602117363 CL_cluster_5640 730.4787124809804 
3137602117363 CL_cluster_5641 2659.8209936166386 
3137602117363 CL_cluster_5642 4264.713991549099 
3137602117363 CL_cluster_5643 6335.581515359199 
3137602117363 CL_cluster_5644 1333.531272967488 
3137602117363 CL_cluster_5645 1332.8503334211252 
3137602117363 CL_cluster_5646 4899.711903314635 
3137602117363 CL_cluster_5647 5464.5947280666405 
3137602117363 CL_cluster_5648 793.5473756650491 
3137602117363 CL_cluster_5649 2714.148863481434 
3137602117363 CL_cluster_5650 9055.559352653638 
3137602117363 CL_cluster_5652 4712.928931686465 
3137602117363 CL_cluster_5653 3878.794645114441 
3137602117363 CL_cluster_5655 1087.7766043216684 
3137602117363 CL_cluster_10096 7280.050244348958 
3137605324904 3137605402034 3665.1681122153377 
3137605324904 3137602116553 2707.642256449964 
3137605324904 3137605324920 4735.01039534039 
3137605324904 3137605324912 0.0 
3137605324904 3137602116588 466.36981049353096 
3137605324904 3137605402417 1062.0349483508314 
3137605324904 3137602117363 3721.191809117417 
3137605324904 3137605324904 0 
3137605324904 3137602116537 3721.191809117417 
3137605324904 3137602116545 3836.9242535589888 
3137605324904 3137605402425 1995.0954735025541 
3137605324904 3137602116561 2650.173489272608 
3137605324904 3137604334663 1580.6148372401933 
3137605324904 3137609342923 1705.8157612233697 
3137605324904 CL_cluster_5616 1705.8157612233697 
3137605324904 CL_cluster_5617 2044.7942335142145 
3137605324904 CL_cluster_5618 3665.1681122153377 
3137605324904 CL_cluster_5619 1821.308978953462 
3137605324904 CL_cluster_5620 1995.0954735025541 
3137605324904 CL_cluster_5621 0.0 
3137605324904 CL_cluster_5622 4078.0803365426414 
3137605324904 CL_cluster_5623 3836.9242535589888 
3137605324904 CL_cluster_5624 4336.027792967481 
3137605324904 CL_cluster_5625 4746.063856485432 
3137605324904 CL_cluster_5626 2707.642256449964 
3137605324904 CL_cluster_5627 3372.6563387460396 
3137605324904 CL_cluster_5628 4353.432124786708 
3137605324904 CL_cluster_5629 2359.9527204977776 
3137605324904 CL_cluster_5630 4735.01039534039 
3137605324904 CL_cluster_5631 2701.630463126722 
3137605324904 CL_cluster_5632 511.1493599309724 
3137605324904 CL_cluster_5633 466.36981049353096 
3137605324904 CL_cluster_5634 943.7609699664453 
3137605324904 CL_cluster_5635 3721.191809117417 
3137605324904 CL_cluster_5636 3427.9506010385244 
3137605324904 CL_cluster_5637 6075.261481234965 
3137605324904 CL_cluster_5638 4864.4875975046625 
3137605324904 CL_cluster_5639 1595.7013673218771 
3137605324904 CL_cluster_5640 4451.360763397613 
3137605324904 CL_cluster_5641 1062.0349483508314 
3137605324904 CL_cluster_5642 1243.4068223110567 
3137605324904 CL_cluster_5643 3179.706192498826 
3137605324904 CL_cluster_5644 3651.0439578306487 
3137605324904 CL_cluster_5645 3416.4144986103624 
3137605324904 CL_cluster_5646 1515.3074418560668 
3137605324904 CL_cluster_5647 2650.173489272608 
3137605324904 CL_cluster_5648 2932.393900957032 
3137605324904 CL_cluster_5649 1580.6148372401933 
3137605324904 CL_cluster_5650 5563.982851602935 
3137605324904 CL_cluster_5652 2781.438956396149 
3137605324904 CL_cluster_5653 6141.4886396593765 
3137605324904 CL_cluster_5655 2785.6936441538332 
3137605324904 CL_cluster_10096 4527.775686376601 
3137602116537 3137605402034 7127.3051021356205 
3137602116537 3137602116553 5919.627584180744 
3137602116537 3137605324920 8456.141952310556 
3137602116537 3137605324912 3721.191809117417 
3137602116537 3137602116588 3495.6554617514994 
3137602116537 3137605402417 2659.8209936166386 
3137602116537 3137602117363 0.0 
3137602116537 3137605324904 3721.191809117417 
3137602116537 3137602116537 0 
3137602116537 3137602116545 7506.748240059145 
3137602116537 3137605402425 5259.827162173928 
3137602116537 3137602116561 5464.5947280666405 
3137602116537 3137604334663 2714.148863481434 
3137602116537 3137609342923 4374.707778650362 
3137602116537 CL_cluster_5616 4374.707778650362 
3137602116537 CL_cluster_5617 5089.424835005144 
3137602116537 CL_cluster_5618 7127.3051021356205 
3137602116537 CL_cluster_5619 5457.830021483549 
3137602116537 CL_cluster_5620 5259.827162173928 
3137602116537 CL_cluster_5621 3721.191809117417 
3137602116537 CL_cluster_5622 692.2386959012872 
3137602116537 CL_cluster_5623 7506.748240059145 
3137602116537 CL_cluster_5624 6786.630220058365 
3137602116537 CL_cluster_5625 1229.1343553873874 
3137602116537 CL_cluster_5626 5919.627584180744 
3137602116537 CL_cluster_5627 6497.901490023318 
3137602116537 CL_cluster_5628 7642.895902004729 
3137602116537 CL_cluster_5629 6057.380153516268 
3137602116537 CL_cluster_5630 8456.141952310556 
3137602116537 CL_cluster_5631 6295.828156430884 
3137602116537 CL_cluster_5632 4005.316801052526 
3137602116537 CL_cluster_5633 3495.6554617514994 
3137602116537 CL_cluster_5634 2834.4775847837195 
3137602116537 CL_cluster_5635 0.0 
3137602116537 CL_cluster_5636 519.6058236480726 
3137602116537 CL_cluster_5637 9254.081421867122 
3137602116537 CL_cluster_5638 8584.13335732337 
3137602116537 CL_cluster_5639 3794.941252168052 
3137602116537 CL_cluster_5640 730.4787124809804 
3137602116537 CL_cluster_5641 2659.8209936166386 
3137602116537 CL_cluster_5642 4264.713991549099 
3137602116537 CL_cluster_5643 6335.581515359199 
3137602116537 CL_cluster_5644 1333.531272967488 
3137602116537 CL_cluster_5645 1332.8503334211252 
3137602116537 CL_cluster_5646 4899.711903314635 
3137602116537 CL_cluster_5647 5464.5947280666405 
3137602116537 CL_cluster_5648 793.5473756650491 
3137602116537 CL_cluster_5649 2714.148863481434 
3137602116537 CL_cluster_5650 9055.559352653638 
3137602116537 CL_cluster_5652 4712.928931686465 
3137602116537 CL_cluster_5653 3878.794645114441 
3137602116537 CL_cluster_5655 1087.7766043216684 
3137602116537 CL_cluster_10096 7280.050244348958 
3137602116545 3137605402034 1126.3202830077 
3137602116545 3137602116553 2158.5590379307287 
3137602116545 3137605324920 1362.4072935803729 
3137602116545 3137605324912 3836.9242535589888 
3137602116545 3137602116588 4182.269391022731 
3137602116545 3137605402417 4870.222374748127 
3137602116545 3137602117363 7506.748240059145 
3137602116545 3137605324904 3836.9242535589888 
3137602116545 3137602116537 7506.748240059145 
3137602116545 3137602116545 0 
3137602116545 3137605402425 3388.9073271961297 
3137602116545 3137602116561 2922.4132212594395 
3137602116545 3137604334663 4941.231477210686 
3137602116545 3137609342923 3502.888418177793 
3137602116545 CL_cluster_5616 3502.888418177793 
3137602116545 CL_cluster_5617 2810.6322249179007 
3137602116545 CL_cluster_5618 1126.3202830077 
3137602116545 CL_cluster_5619 2559.8974549674235 
3137602116545 CL_cluster_5620 3388.9073271961297 
3137602116545 CL_cluster_5621 3836.9242535589888 
3137602116545 CL_cluster_5622 7768.3786997575135 
3137602116545 CL_cluster_5623 0.0 
3137602116545 CL_cluster_5624 5202.771679110293 
3137602116545 CL_cluster_5625 8418.05075616236 
3137602116545 CL_cluster_5626 2158.5590379307287 
3137602116545 CL_cluster_5627 2153.9994538095248 
3137602116545 CL_cluster_5628 1802.4511048602653 
3137602116545 CL_cluster_5629 1485.186914140469 
3137602116545 CL_cluster_5630 1362.4072935803729 
3137602116545 CL_cluster_5631 2313.7596450122414 
3137602116545 CL_cluster_5632 3501.730448374123 
3137602116545 CL_cluster_5633 4182.269391022731 
3137602116545 CL_cluster_5634 4778.84320879326 
3137602116545 CL_cluster_5635 7506.748240059145 
3137602116545 CL_cluster_5636 7152.045699205599 
3137602116545 CL_cluster_5637 3127.2895436784665 
3137602116545 CL_cluster_5638 1328.0235141986022 
3137602116545 CL_cluster_5639 4696.568927056 
3137602116545 CL_cluster_5640 8234.731375796575 
3137602116545 CL_cluster_5641 4870.222374748127 
3137602116545 CL_cluster_5642 3945.635692574019 
3137602116545 CL_cluster_5643 3566.009330811408 
3137602116545 CL_cluster_5644 7157.470791369064 
3137602116545 CL_cluster_5645 6931.257962126088 
3137602116545 CL_cluster_5646 3325.175341308923 
3137602116545 CL_cluster_5647 2922.4132212594395 
3137602116545 CL_cluster_5648 6713.402917531074 
3137602116545 CL_cluster_5649 4941.231477210686 
3137602116545 CL_cluster_5650 3564.023604558293 
3137602116545 CL_cluster_5652 5173.145216106998 
3137602116545 CL_cluster_5653 9084.18447485765 
3137602116545 CL_cluster_5655 6619.642834759423 
3137602116545 CL_cluster_10096 4817.040899573954 
3137605402425 3137605402034 3822.1768127579444 
3137605402425 3137602116553 3501.3959715880937 
3137605402425 3137605324920 3711.472508279082 
3137605402425 3137605324912 1995.0954735025541 
3137605402425 3137602116588 1916.464062741078 
3137605402425 3137605402417 2830.153238427507 
3137605402425 3137602117363 5259.827162173928 
3137605402425 3137605324904 1995.0954735025541 
3137605402425 3137602116537 5259.827162173928 
3137605402425 3137602116545 3388.9073271961297 
3137605402425 3137605402425 0 
3137605402425 3137602116561 3854.7933594969063 
3137605402425 3137604334663 3566.5530600288307 
3137605402425 3137609342923 3324.453157982067 
3137605402425 CL_cluster_5616 3324.453157982067 
3137605402425 CL_cluster_5617 3254.860181539084 
3137605402425 CL_cluster_5618 3822.1768127579444 
3137605402425 CL_cluster_5619 911.2375931128373 
3137605402425 CL_cluster_5620 0.0 
3137605402425 CL_cluster_5621 1995.0954735025541 
3137605402425 CL_cluster_5622 5754.840804648099 
3137605402425 CL_cluster_5623 3388.9073271961297 
3137605402425 CL_cluster_5624 2496.179303790427 
3137605402425 CL_cluster_5625 6416.568377494797 
3137605402425 CL_cluster_5626 3501.3959715880937 
3137605402425 CL_cluster_5627 4090.429841434053 
3137605402425 CL_cluster_5628 4669.177006145699 
3137605402425 CL_cluster_5629 2164.723825588216 
3137605402425 CL_cluster_5630 3711.472508279082 
3137605402425 CL_cluster_5631 1240.8491348225994 
3137605402425 CL_cluster_5632 2206.8370894493182 
3137605402425 CL_cluster_5633 1916.464062741078 
3137605402425 CL_cluster_5634 2531.92619668092 
3137605402425 CL_cluster_5635 5259.827162173928 
3137605402425 CL_cluster_5636 5094.794695912562 
3137605402425 CL_cluster_5637 6328.520918985235 
3137605402425 CL_cluster_5638 3917.772715448788 
3137605402425 CL_cluster_5639 1591.5034576512915 
3137605402425 CL_cluster_5640 5957.67251062973 
3137605402425 CL_cluster_5641 2830.153238427507 
3137605402425 CL_cluster_5642 995.5765126330712 
3137605402425 CL_cluster_5643 1186.8142668298422 
3137605402425 CL_cluster_5644 5496.414905631801 
3137605402425 CL_cluster_5645 5266.895564066676 
3137605402425 CL_cluster_5646 486.8033648306698 
3137605402425 CL_cluster_5647 3854.7933594969063 
3137605402425 CL_cluster_5648 4534.238974376576 
3137605402425 CL_cluster_5649 3566.5530600288307 
3137605402425 CL_cluster_5650 3797.0890534739115 
3137605402425 CL_cluster_5652 1784.6123807868103 
3137605402425 CL_cluster_5653 8106.096325467672 
3137605402425 CL_cluster_5655 4191.171019045486 
3137605402425 CL_cluster_10096 2566.22302628676 
3137602116561 3137605402034 2015.3801569775856 
3137602116561 3137602116553 763.9521465372984 
3137602116561 3137605324920 4263.010563963934 
3137602116561 3137605324912 2650.173489272608 
3137602116561 3137602116588 3115.0372985945405 
3137602116561 3137605402417 3250.614347117443 
3137602116561 3137602117363 5464.5947280666405 
3137602116561 3137605324904 2650.173489272608 
3137602116561 3137602116537 5464.5947280666405 
3137602116561 3137602116545 2922.4132212594395 
3137602116561 3137605402425 3854.7933594969063 
3137602116561 3137602116561 0 
3137602116561 3137604334663 2760.3235893608526 
3137602116561 3137609342923 1120.5716990660278 
3137602116561 CL_cluster_5616 1120.5716990660278 
3137602116561 CL_cluster_5617 627.2042462142716 
3137602116561 CL_cluster_5618 2015.3801569775856 
3137602116561 CL_cluster_5619 3061.433693635285 
3137602116561 CL_cluster_5620 3854.7933594969063 
3137602116561 CL_cluster_5621 2650.173489272608 
3137602116561 CL_cluster_5622 5520.191116550437 
3137602116561 CL_cluster_5623 2922.4132212594395 
3137602116561 CL_cluster_5624 6330.624818704332 
3137602116561 CL_cluster_5625 6104.357422065379 
3137602116561 CL_cluster_5626 763.9521465372984 
3137602116561 CL_cluster_5627 1083.1539371313968 
3137602116561 CL_cluster_5628 2254.5937060194096 
3137602116561 CL_cluster_5629 2230.4387599501883 
3137602116561 CL_cluster_5630 4263.010563963934 
3137602116561 CL_cluster_5631 3650.19685119554 
3137602116561 CL_cluster_5632 2140.162925534894 
3137602116561 CL_cluster_5633 3115.0372985945405 
3137602116561 CL_cluster_5634 3379.2490388143237 
3137602116561 CL_cluster_5635 5464.5947280666405 
3137602116561 CL_cluster_5636 5005.832879607366 
3137602116561 CL_cluster_5637 3791.0710283812805 
3137602116561 CL_cluster_5638 4250.07100172506 
3137602116561 CL_cluster_5639 4199.714031229185 
3137602116561 CL_cluster_5640 6140.274494849148 
3137602116561 CL_cluster_5641 3250.614347117443 
3137602116561 CL_cluster_5642 3640.6450150401974 
3137602116561 CL_cluster_5643 4777.653619617733 
3137602116561 CL_cluster_5644 4741.19639305585 
3137602116561 CL_cluster_5645 4542.699156444478 
3137602116561 CL_cluster_5646 3448.273650925783 
3137602116561 CL_cluster_5647 0.0 
3137602116561 CL_cluster_5648 4726.745056695443 
3137602116561 CL_cluster_5649 2760.3235893608526 
3137602116561 CL_cluster_5650 6118.665324896841 
3137602116561 CL_cluster_5652 5260.37952767559 
3137602116561 CL_cluster_5653 6259.011057383736 
3137602116561 CL_cluster_5655 4865.333122886984 
3137602116561 CL_cluster_10096 6265.704178017618 
3137604334663 3137605402034 4445.702227571128 
3137604334663 3137602116553 3211.092850131568 
3137604334663 3137605324920 6034.663769356833 
3137604334663 3137605324912 1580.6148372401933 
3137604334663 3137602116588 1710.0743093681258 
3137604334663 3137605402417 999.9705203211022 
3137604334663 3137602117363 2714.148863481434 
3137604334663 3137605324904 1580.6148372401933 
3137604334663 3137602116537 2714.148863481434 
3137604334663 3137602116545 4941.231477210686 
3137604334663 3137605402425 3566.5530600288307 
3137604334663 3137602116561 2760.3235893608526 
3137604334663 3137604334663 0 
3137604334663 3137609342923 1660.7503879137566 
3137604334663 CL_cluster_5616 1660.7503879137566 
3137604334663 CL_cluster_5617 2378.785131015347 
3137604334663 CL_cluster_5618 4445.702227571128 
3137604334663 CL_cluster_5619 3356.0819054723315 
3137604334663 CL_cluster_5620 3566.5530600288307 
3137604334663 CL_cluster_5621 1580.6148372401933 
3137604334663 CL_cluster_5622 2852.8070570206846 
3137604334663 CL_cluster_5623 4941.231477210686 
3137604334663 CL_cluster_5624 5805.340468721187 
3137604334663 CL_cluster_5625 3487.2415851136448 
3137604334663 CL_cluster_5626 3211.092850131568 
3137604334663 CL_cluster_5627 3783.8386600329486 
3137604334663 CL_cluster_5628 4930.568757556118 
3137604334663 CL_cluster_5629 3577.5231692966845 
3137604334663 CL_cluster_5630 6034.663769356833 
3137604334663 CL_cluster_5631 4237.816877492527 
3137604334663 CL_cluster_5632 1577.2444950279219 
3137604334663 CL_cluster_5633 1710.0743093681258 
3137604334663 CL_cluster_5634 1338.2326157747277 
3137604334663 CL_cluster_5635 2714.148863481434 
3137604334663 CL_cluster_5636 2279.9326967853185 
3137604334663 CL_cluster_5637 6543.850365541554 
3137604334663 CL_cluster_5638 6124.565815154434 
3137604334663 CL_cluster_5639 2758.905105902073 
3137604334663 CL_cluster_5640 3408.77618195503 
3137604334663 CL_cluster_5641 999.9705203211022 
3137604334663 CL_cluster_5642 2715.0141753960197 
3137604334663 CL_cluster_5643 4753.289026464089 
3137604334663 CL_cluster_5644 2223.5150974762064 
3137604334663 CL_cluster_5645 1993.9193830493139 
3137604334663 CL_cluster_5646 3092.300323273301 
3137604334663 CL_cluster_5647 2760.3235893608526 
3137604334663 CL_cluster_5648 1966.4361398958747 
3137604334663 CL_cluster_5649 0.0 
3137604334663 CL_cluster_5650 7106.991574033867 
3137604334663 CL_cluster_5652 4014.5181574089465 
3137604334663 CL_cluster_5653 4564.357870084459 
3137604334663 CL_cluster_5655 2147.9766128644665 
3137604334663 CL_cluster_10096 6061.98656797458 
3137609342923 3137605402034 2845.8356148401017 
3137609342923 3137602116553 1569.7671155635308 
3137609342923 3137605324920 4735.1034297887345 
3137609342923 3137605324912 1705.8157612233697 
3137609342923 3137602116588 2147.0119673181075 
3137609342923 3137605402417 2147.223743668102 
3137609342923 3137602117363 4374.707778650362 
3137609342923 3137605324904 1705.8157612233697 
3137609342923 3137602116537 4374.707778650362 
3137609342923 3137602116545 3502.888418177793 
3137609342923 3137605402425 3324.453157982067 
3137609342923 3137602116561 1120.5716990660278 
3137609342923 3137604334663 1660.7503879137566 
3137609342923 3137609342923 0 
3137609342923 CL_cluster_5616 0.0 
3137609342923 CL_cluster_5617 741.7716709039397 
3137609342923 CL_cluster_5618 2845.8356148401017 
3137609342923 CL_cluster_5619 2713.8679152528184 
3137609342923 CL_cluster_5620 3324.453157982067 
3137609342923 CL_cluster_5621 1705.8157612233697 
3137609342923 CL_cluster_5622 4477.1479279900195 
3137609342923 CL_cluster_5623 3502.888418177793 
3137609342923 CL_cluster_5624 5811.5832215572 
3137609342923 CL_cluster_5625 5086.506332374526 
3137609342923 CL_cluster_5626 1569.7671155635308 
3137609342923 CL_cluster_5627 2123.204046605914 
3137609342923 CL_cluster_5628 3275.086553097216 
3137609342923 CL_cluster_5629 2359.3544021985385 
3137609342923 CL_cluster_5630 4735.1034297887345 
3137609342923 CL_cluster_5631 3489.1385692060308 
3137609342923 CL_cluster_5632 1236.8425883837233 
3137609342923 CL_cluster_5633 2147.0119673181075 
3137609342923 CL_cluster_5634 2306.6781615138466 
3137609342923 CL_cluster_5635 4374.707778650362 
3137609342923 CL_cluster_5636 3932.0514112162805 
3137609342923 CL_cluster_5637 4885.3159949002265 
3137609342923 CL_cluster_5638 4778.981747838326 
3137609342923 CL_cluster_5639 3301.3499618888786 
3137609342923 CL_cluster_5640 5064.635230724713 
3137609342923 CL_cluster_5641 2147.223743668102 
3137609342923 CL_cluster_5642 2861.445094225002 
3137609342923 CL_cluster_5643 4405.013728884497 
3137609342923 CL_cluster_5644 3751.7936659238817 
3137609342923 CL_cluster_5645 3539.234716132683 
3137609342923 CL_cluster_5646 2858.2638663415028 
3137609342923 CL_cluster_5647 1120.5716990660278 
3137609342923 CL_cluster_5648 3623.05297971211 
3137609342923 CL_cluster_5649 1660.7503879137566 
3137609342923 CL_cluster_5650 6233.950652443762 
3137609342923 CL_cluster_5652 4461.9263662399235 
3137609342923 CL_cluster_5653 5602.8212632451 
3137609342923 CL_cluster_5655 3745.5594152871518 
3137609342923 CL_cluster_10096 5868.901663262886 
;

param D0_1 := 
# 5616.0 3137605402034 2845.8356148401017 
# 5616.0 3137602116553 1569.7671155635308 
# 5616.0 3137605324920 4735.1034297887345 
# 5616.0 3137605324912 1705.8157612233697 
# 5616.0 3137602116588 2147.0119673181075 
# 5616.0 3137605402417 2147.223743668102 
# 5616.0 3137602117363 4374.707778650362 
# 5616.0 3137605324904 1705.8157612233697 
# 5616.0 3137602116537 4374.707778650362 
# 5616.0 3137602116545 3502.888418177793 
# 5616.0 3137605402425 3324.453157982067 
# 5616.0 3137602116561 1120.5716990660278 
# 5616.0 3137604334663 1660.7503879137566 
# 5616.0 3137609342923 0.0 
# 5616.0 CL_cluster_5616 0.0 
# 5616.0 CL_cluster_5617 741.7716709039397 
# 5616.0 CL_cluster_5618 2845.8356148401017 
# 5616.0 CL_cluster_5619 2713.8679152528184 
# 5616.0 CL_cluster_5620 3324.453157982067 
# 5616.0 CL_cluster_5621 1705.8157612233697 
# 5616.0 CL_cluster_5622 4477.1479279900195 
# 5616.0 CL_cluster_5623 3502.888418177793 
# 5616.0 CL_cluster_5624 5811.5832215572 
# 5616.0 CL_cluster_5625 5086.506332374526 
# 5616.0 CL_cluster_5626 1569.7671155635308 
# 5616.0 CL_cluster_5627 2123.204046605914 
# 5616.0 CL_cluster_5628 3275.086553097216 
# 5616.0 CL_cluster_5629 2359.3544021985385 
# 5616.0 CL_cluster_5630 4735.1034297887345 
# 5616.0 CL_cluster_5631 3489.1385692060308 
# 5616.0 CL_cluster_5632 1236.8425883837233 
# 5616.0 CL_cluster_5633 2147.0119673181075 
# 5616.0 CL_cluster_5634 2306.6781615138466 
# 5616.0 CL_cluster_5635 4374.707778650362 
# 5616.0 CL_cluster_5636 3932.0514112162805 
# 5616.0 CL_cluster_5637 4885.3159949002265 
# 5616.0 CL_cluster_5638 4778.981747838326 
# 5616.0 CL_cluster_5639 3301.3499618888786 
# 5616.0 CL_cluster_5640 5064.635230724713 
# 5616.0 CL_cluster_5641 2147.223743668102 
# 5616.0 CL_cluster_5642 2861.445094225002 
# 5616.0 CL_cluster_5643 4405.013728884497 
# 5616.0 CL_cluster_5644 3751.7936659238817 
# 5616.0 CL_cluster_5645 3539.234716132683 
# 5616.0 CL_cluster_5646 2858.2638663415028 
# 5616.0 CL_cluster_5647 1120.5716990660278 
# 5616.0 CL_cluster_5648 3623.05297971211 
# 5616.0 CL_cluster_5649 1660.7503879137566 
# 5616.0 CL_cluster_5650 6233.950652443762 
# 5616.0 CL_cluster_5652 4461.9263662399235 
# 5616.0 CL_cluster_5653 5602.8212632451 
# 5616.0 CL_cluster_5655 3745.5594152871518 
# 5616.0 CL_cluster_10096 5868.901663262886 
# 5617.0 3137605402034 2104.7336413540083 
# 5617.0 3137602116553 833.0790113799198 
# 5617.0 3137605324920 4087.6456586602158 
# 5617.0 3137605324912 2044.7942335142145 
# 5617.0 3137602116588 2511.1111243290866 
# 5617.0 3137605402417 2728.40323154859 
# 5617.0 3137602117363 5089.424835005144 
# 5617.0 3137605324904 2044.7942335142145 
# 5617.0 3137602116537 5089.424835005144 
# 5617.0 3137602116545 2810.6322249179007 
# 5617.0 3137605402425 3254.860181539084 
# 5617.0 3137602116561 627.2042462142716 
# 5617.0 3137604334663 2378.785131015347 
# 5617.0 3137609342923 741.7716709039397 
# 5617.0 CL_cluster_5616 741.7716709039397 
# 5617.0 CL_cluster_5617 0.0 
# 5617.0 CL_cluster_5618 2104.7336413540083 
# 5617.0 CL_cluster_5619 2496.2655604734546 
# 5617.0 CL_cluster_5620 3254.860181539084 
# 5617.0 CL_cluster_5621 2044.7942335142145 
# 5617.0 CL_cluster_5622 5212.875541546168 
# 5617.0 CL_cluster_5623 2810.6322249179007 
# 5617.0 CL_cluster_5624 5742.134919079327 
# 5617.0 CL_cluster_5625 5826.211452817035 
# 5617.0 CL_cluster_5626 833.0790113799198 
# 5617.0 CL_cluster_5627 1427.9110898283916 
# 5617.0 CL_cluster_5628 2553.6872601652167 
# 5617.0 CL_cluster_5629 1829.8546584837898 
# 5617.0 CL_cluster_5630 4087.6456586602158 
# 5617.0 CL_cluster_5631 3152.075773546003 
# 5617.0 CL_cluster_5632 1533.682329226072 
# 5617.0 CL_cluster_5633 2511.1111243290866 
# 5617.0 CL_cluster_5634 2821.978654481272 
# 5617.0 CL_cluster_5635 5089.424835005144 
# 5617.0 CL_cluster_5636 4657.768846931278 
# 5617.0 CL_cluster_5637 4200.610701033398 
# 5617.0 CL_cluster_5638 4111.840739290827 
# 5617.0 CL_cluster_5639 3577.577097498347 
# 5617.0 CL_cluster_5640 5787.561308413907 
# 5617.0 CL_cluster_5641 2728.40323154859 
# 5617.0 CL_cluster_5642 3013.486328047515 
# 5617.0 CL_cluster_5643 4220.281856373661 
# 5617.0 CL_cluster_5644 4493.565200331369 
# 5617.0 CL_cluster_5645 4280.765140310665 
# 5617.0 CL_cluster_5646 2835.9735298712994 
# 5617.0 CL_cluster_5647 627.2042462142716 
# 5617.0 CL_cluster_5648 4325.902672329108 
# 5617.0 CL_cluster_5649 2378.785131015347 
# 5617.0 CL_cluster_5650 5754.913577027993 
# 5617.0 CL_cluster_5652 4633.424013043986 
# 5617.0 CL_cluster_5653 6273.560860062199 
# 5617.0 CL_cluster_5655 4407.095325110515 
# 5617.0 CL_cluster_10096 5707.575900004058 
# 5618.0 3137605402034 0.0 
# 5618.0 3137602116553 1301.715354025235 
# 5618.0 3137605324920 2462.3840277374716 
# 5618.0 3137605324912 3665.1681122153377 
# 5618.0 3137602116588 4084.7051187730885 
# 5618.0 3137605402417 4599.1824730576045 
# 5618.0 3137602117363 7127.3051021356205 
# 5618.0 3137605324904 3665.1681122153377 
# 5618.0 3137602116537 7127.3051021356205 
# 5618.0 3137602116545 1126.3202830077 
# 5618.0 3137605402425 3822.1768127579444 
# 5618.0 3137602116561 2015.3801569775856 
# 5618.0 3137604334663 4445.702227571128 
# 5618.0 3137609342923 2845.8356148401017 
# 5618.0 CL_cluster_5616 2845.8356148401017 
# 5618.0 CL_cluster_5617 2104.7336413540083 
# 5618.0 CL_cluster_5618 0.0 
# 5618.0 CL_cluster_5619 2914.6160419735616 
# 5618.0 CL_cluster_5620 3822.1768127579444 
# 5618.0 CL_cluster_5621 3665.1681122153377 
# 5618.0 CL_cluster_5622 7296.531211309838 
# 5618.0 CL_cluster_5623 1126.3202830077 
# 5618.0 CL_cluster_5624 5957.674055143727 
# 5618.0 CL_cluster_5625 7919.971086453593 
# 5618.0 CL_cluster_5626 1301.715354025235 
# 5618.0 CL_cluster_5627 1075.4936466183942 
# 5618.0 CL_cluster_5628 856.704015419042 
# 5618.0 CL_cluster_5629 1658.6443085516005 
# 5618.0 CL_cluster_5630 2462.3840277374716 
# 5618.0 CL_cluster_5631 2994.943976946736 
# 5618.0 CL_cluster_5632 3227.650962171024 
# 5618.0 CL_cluster_5633 4084.7051187730885 
# 5618.0 CL_cluster_5634 4589.433190780981 
# 5618.0 CL_cluster_5635 7127.3051021356205 
# 5618.0 CL_cluster_5636 6720.589507313547 
# 5618.0 CL_cluster_5637 2523.0573120870276 
# 5618.0 CL_cluster_5638 2384.162162844066 
# 5618.0 CL_cluster_5639 4849.057067924898 
# 5618.0 CL_cluster_5640 7840.0553626162655 
# 5618.0 CL_cluster_5641 4599.1824730576045 
# 5618.0 CL_cluster_5642 4124.154918365408 
# 5618.0 CL_cluster_5643 4291.751054305943 
# 5618.0 CL_cluster_5644 6596.509168013674 
# 5618.0 CL_cluster_5645 6381.779868356363 
# 5618.0 CL_cluster_5646 3617.393797500184 
# 5618.0 CL_cluster_5647 2015.3801569775856 
# 5618.0 CL_cluster_5648 6346.087362014038 
# 5618.0 CL_cluster_5649 4445.702227571128 
# 5618.0 CL_cluster_5650 4677.876142407955 
# 5618.0 CL_cluster_5652 5564.2967929633805 
# 5618.0 CL_cluster_5653 8273.355301222316 
# 5618.0 CL_cluster_5655 6349.352534821947 
# 5618.0 CL_cluster_10096 5665.735400950875 
# 5619.0 3137605402034 2914.6160419735616 
# 5619.0 3137602116553 2633.810821538124 
# 5619.0 3137605324920 3102.8215378117097 
# 5619.0 3137605324912 1821.308978953462 
# 5619.0 3137602116588 1962.5361124747874 
# 5619.0 3137605402417 2844.0052493137887 
# 5619.0 3137602117363 5457.830021483549 
# 5619.0 3137605324904 1821.308978953462 
# 5619.0 3137602116537 5457.830021483549 
# 5619.0 3137602116545 2559.8974549674235 
# 5619.0 3137605402425 911.2375931128373 
# 5619.0 3137602116561 3061.433693635285 
# 5619.0 3137604334663 3356.0819054723315 
# 5619.0 3137609342923 2713.8679152528184 
# 5619.0 CL_cluster_5616 2713.8679152528184 
# 5619.0 CL_cluster_5617 2496.2655604734546 
# 5619.0 CL_cluster_5618 2914.6160419735616 
# 5619.0 CL_cluster_5619 0.0 
# 5619.0 CL_cluster_5620 911.2375931128373 
# 5619.0 CL_cluster_5621 1821.308978953462 
# 5619.0 CL_cluster_5622 5868.838705864603 
# 5619.0 CL_cluster_5623 2559.8974549674235 
# 5619.0 CL_cluster_5624 3282.143204180316 
# 5619.0 CL_cluster_5625 6538.052183603192 
# 5619.0 CL_cluster_5626 2633.810821538124 
# 5619.0 CL_cluster_5627 3199.2921179390432 
# 5619.0 CL_cluster_5628 3759.2434348600045 
# 5619.0 CL_cluster_5629 1256.0028145271247 
# 5619.0 CL_cluster_5630 3102.8215378117097 
# 5619.0 CL_cluster_5631 882.9501170040338 
# 5619.0 CL_cluster_5632 1811.3454002542858 
# 5619.0 CL_cluster_5633 1962.5361124747874 
# 5619.0 CL_cluster_5634 2624.821680460672 
# 5619.0 CL_cluster_5635 5457.830021483549 
# 5619.0 CL_cluster_5636 5211.350880004476 
# 5619.0 CL_cluster_5637 5427.306569477978 
# 5619.0 CL_cluster_5638 3276.850792421949 
# 5619.0 CL_cluster_5639 2164.2423436567515 
# 5619.0 CL_cluster_5640 6180.707285042905 
# 5619.0 CL_cluster_5641 2844.0052493137887 
# 5619.0 CL_cluster_5642 1420.0547794520944 
# 5619.0 CL_cluster_5643 1724.2730173564191 
# 5619.0 CL_cluster_5644 5472.297091103982 
# 5619.0 CL_cluster_5645 5237.69502998451 
# 5619.0 CL_cluster_5646 766.5908309902128 
# 5619.0 CL_cluster_5647 3061.433693635285 
# 5619.0 CL_cluster_5648 4686.406156116622 
# 5619.0 CL_cluster_5649 3356.0819054723315 
# 5619.0 CL_cluster_5650 3751.770104482448 
# 5619.0 CL_cluster_5652 2660.4773421954974 
# 5619.0 CL_cluster_5653 7910.87132328764 
# 5619.0 CL_cluster_5655 4444.308160794428 
# 5619.0 CL_cluster_10096 3211.319302096713 
# 5620.0 3137605402034 3822.1768127579444 
# 5620.0 3137602116553 3501.3959715880937 
# 5620.0 3137605324920 3711.472508279082 
# 5620.0 3137605324912 1995.0954735025541 
# 5620.0 3137602116588 1916.464062741078 
# 5620.0 3137605402417 2830.153238427507 
# 5620.0 3137602117363 5259.827162173928 
# 5620.0 3137605324904 1995.0954735025541 
# 5620.0 3137602116537 5259.827162173928 
# 5620.0 3137602116545 3388.9073271961297 
# 5620.0 3137605402425 0.0 
# 5620.0 3137602116561 3854.7933594969063 
# 5620.0 3137604334663 3566.5530600288307 
# 5620.0 3137609342923 3324.453157982067 
# 5620.0 CL_cluster_5616 3324.453157982067 
# 5620.0 CL_cluster_5617 3254.860181539084 
# 5620.0 CL_cluster_5618 3822.1768127579444 
# 5620.0 CL_cluster_5619 911.2375931128373 
# 5620.0 CL_cluster_5620 0.0 
# 5620.0 CL_cluster_5621 1995.0954735025541 
# 5620.0 CL_cluster_5622 5754.840804648099 
# 5620.0 CL_cluster_5623 3388.9073271961297 
# 5620.0 CL_cluster_5624 2496.179303790427 
# 5620.0 CL_cluster_5625 6416.568377494797 
# 5620.0 CL_cluster_5626 3501.3959715880937 
# 5620.0 CL_cluster_5627 4090.429841434053 
# 5620.0 CL_cluster_5628 4669.177006145699 
# 5620.0 CL_cluster_5629 2164.723825588216 
# 5620.0 CL_cluster_5630 3711.472508279082 
# 5620.0 CL_cluster_5631 1240.8491348225994 
# 5620.0 CL_cluster_5632 2206.8370894493182 
# 5620.0 CL_cluster_5633 1916.464062741078 
# 5620.0 CL_cluster_5634 2531.92619668092 
# 5620.0 CL_cluster_5635 5259.827162173928 
# 5620.0 CL_cluster_5636 5094.794695912562 
# 5620.0 CL_cluster_5637 6328.520918985235 
# 5620.0 CL_cluster_5638 3917.772715448788 
# 5620.0 CL_cluster_5639 1591.5034576512915 
# 5620.0 CL_cluster_5640 5957.67251062973 
# 5620.0 CL_cluster_5641 2830.153238427507 
# 5620.0 CL_cluster_5642 995.5765126330712 
# 5620.0 CL_cluster_5643 1186.8142668298422 
# 5620.0 CL_cluster_5644 5496.414905631801 
# 5620.0 CL_cluster_5645 5266.895564066676 
# 5620.0 CL_cluster_5646 486.8033648306698 
# 5620.0 CL_cluster_5647 3854.7933594969063 
# 5620.0 CL_cluster_5648 4534.238974376576 
# 5620.0 CL_cluster_5649 3566.5530600288307 
# 5620.0 CL_cluster_5650 3797.0890534739115 
# 5620.0 CL_cluster_5652 1784.6123807868103 
# 5620.0 CL_cluster_5653 8106.096325467672 
# 5620.0 CL_cluster_5655 4191.171019045486 
# 5620.0 CL_cluster_10096 2566.22302628676 
# 5621.0 3137605402034 3665.1681122153377 
# 5621.0 3137602116553 2707.642256449964 
# 5621.0 3137605324920 4735.01039534039 
# 5621.0 3137605324912 0.0 
# 5621.0 3137602116588 466.36981049353096 
# 5621.0 3137605402417 1062.0349483508314 
# 5621.0 3137602117363 3721.191809117417 
# 5621.0 3137605324904 0.0 
# 5621.0 3137602116537 3721.191809117417 
# 5621.0 3137602116545 3836.9242535589888 
# 5621.0 3137605402425 1995.0954735025541 
# 5621.0 3137602116561 2650.173489272608 
# 5621.0 3137604334663 1580.6148372401933 
# 5621.0 3137609342923 1705.8157612233697 
# 5621.0 CL_cluster_5616 1705.8157612233697 
# 5621.0 CL_cluster_5617 2044.7942335142145 
# 5621.0 CL_cluster_5618 3665.1681122153377 
# 5621.0 CL_cluster_5619 1821.308978953462 
# 5621.0 CL_cluster_5620 1995.0954735025541 
# 5621.0 CL_cluster_5621 0.0 
# 5621.0 CL_cluster_5622 4078.0803365426414 
# 5621.0 CL_cluster_5623 3836.9242535589888 
# 5621.0 CL_cluster_5624 4336.027792967481 
# 5621.0 CL_cluster_5625 4746.063856485432 
# 5621.0 CL_cluster_5626 2707.642256449964 
# 5621.0 CL_cluster_5627 3372.6563387460396 
# 5621.0 CL_cluster_5628 4353.432124786708 
# 5621.0 CL_cluster_5629 2359.9527204977776 
# 5621.0 CL_cluster_5630 4735.01039534039 
# 5621.0 CL_cluster_5631 2701.630463126722 
# 5621.0 CL_cluster_5632 511.1493599309724 
# 5621.0 CL_cluster_5633 466.36981049353096 
# 5621.0 CL_cluster_5634 943.7609699664453 
# 5621.0 CL_cluster_5635 3721.191809117417 
# 5621.0 CL_cluster_5636 3427.9506010385244 
# 5621.0 CL_cluster_5637 6075.261481234965 
# 5621.0 CL_cluster_5638 4864.4875975046625 
# 5621.0 CL_cluster_5639 1595.7013673218771 
# 5621.0 CL_cluster_5640 4451.360763397613 
# 5621.0 CL_cluster_5641 1062.0349483508314 
# 5621.0 CL_cluster_5642 1243.4068223110567 
# 5621.0 CL_cluster_5643 3179.706192498826 
# 5621.0 CL_cluster_5644 3651.0439578306487 
# 5621.0 CL_cluster_5645 3416.4144986103624 
# 5621.0 CL_cluster_5646 1515.3074418560668 
# 5621.0 CL_cluster_5647 2650.173489272608 
# 5621.0 CL_cluster_5648 2932.393900957032 
# 5621.0 CL_cluster_5649 1580.6148372401933 
# 5621.0 CL_cluster_5650 5563.982851602935 
# 5621.0 CL_cluster_5652 2781.438956396149 
# 5621.0 CL_cluster_5653 6141.4886396593765 
# 5621.0 CL_cluster_5655 2785.6936441538332 
# 5621.0 CL_cluster_10096 4527.775686376601 
# 5622.0 3137605402034 7296.531211309838 
# 5622.0 3137602116553 6045.300485694958 
# 5622.0 3137605324920 8790.129406685945 
# 5622.0 3137605324912 4078.0803365426414 
# 5622.0 3137602116588 3916.463590253621 
# 5622.0 3137605402417 3026.7894579643953 
# 5622.0 3137602117363 692.2386959012872 
# 5622.0 3137605324904 4078.0803365426414 
# 5622.0 3137602116537 692.2386959012872 
# 5622.0 3137602116545 7768.3786997575135 
# 5622.0 3137605402425 5754.840804648099 
# 5622.0 3137602116561 5520.191116550437 
# 5622.0 3137604334663 2852.8070570206846 
# 5622.0 3137609342923 4477.1479279900195 
# 5622.0 CL_cluster_5616 4477.1479279900195 
# 5622.0 CL_cluster_5617 5212.875541546168 
# 5622.0 CL_cluster_5618 7296.531211309838 
# 5622.0 CL_cluster_5619 5868.838705864603 
# 5622.0 CL_cluster_5620 5754.840804648099 
# 5622.0 CL_cluster_5621 4078.0803365426414 
# 5622.0 CL_cluster_5622 0.0 
# 5622.0 CL_cluster_5623 7768.3786997575135 
# 5622.0 CL_cluster_5624 7405.487354491776 
# 5622.0 CL_cluster_5625 669.2152744608746 
# 5622.0 CL_cluster_5626 6045.300485694958 
# 5622.0 CL_cluster_5627 6583.933721785151 
# 5622.0 CL_cluster_5628 7747.730602517181 
# 5622.0 CL_cluster_5629 6354.937100867144 
# 5622.0 CL_cluster_5630 8790.129406685945 
# 5622.0 CL_cluster_5631 6728.534658419223 
# 5622.0 CL_cluster_5632 4294.40407297449 
# 5622.0 CL_cluster_5633 3916.463590253621 
# 5622.0 CL_cluster_5634 3257.109439374916 
# 5622.0 CL_cluster_5635 692.2386959012872 
# 5622.0 CL_cluster_5636 661.206804481711 
# 5622.0 CL_cluster_5637 9302.544000063765 
# 5622.0 CL_cluster_5638 8902.259295880267 
# 5622.0 CL_cluster_5639 4355.13954188729 
# 5622.0 CL_cluster_5640 767.7862102320041 
# 5622.0 CL_cluster_5641 3026.7894579643953 
# 5622.0 CL_cluster_5642 4761.466963693394 
# 5622.0 CL_cluster_5643 6866.033884063348 
# 5622.0 CL_cluster_5644 917.5954931330378 
# 5622.0 CL_cluster_5645 1034.7389944108447 
# 5622.0 CL_cluster_5646 5365.621067283153 
# 5622.0 CL_cluster_5647 5520.191116550437 
# 5622.0 CL_cluster_5648 1225.8467398386988 
# 5622.0 CL_cluster_5649 2852.8070570206846 
# 5622.0 CL_cluster_5650 9534.613505227642 
# 5622.0 CL_cluster_5652 5337.605415341482 
# 5622.0 CL_cluster_5653 3196.384660366503 
# 5622.0 CL_cluster_5655 1691.1098506761407 
# 5622.0 CL_cluster_10096 7874.260003732617 
# 5623.0 3137605402034 1126.3202830077 
# 5623.0 3137602116553 2158.5590379307287 
# 5623.0 3137605324920 1362.4072935803729 
# 5623.0 3137605324912 3836.9242535589888 
# 5623.0 3137602116588 4182.269391022731 
# 5623.0 3137605402417 4870.222374748127 
# 5623.0 3137602117363 7506.748240059145 
# 5623.0 3137605324904 3836.9242535589888 
# 5623.0 3137602116537 7506.748240059145 
# 5623.0 3137602116545 0.0 
# 5623.0 3137605402425 3388.9073271961297 
# 5623.0 3137602116561 2922.4132212594395 
# 5623.0 3137604334663 4941.231477210686 
# 5623.0 3137609342923 3502.888418177793 
# 5623.0 CL_cluster_5616 3502.888418177793 
# 5623.0 CL_cluster_5617 2810.6322249179007 
# 5623.0 CL_cluster_5618 1126.3202830077 
# 5623.0 CL_cluster_5619 2559.8974549674235 
# 5623.0 CL_cluster_5620 3388.9073271961297 
# 5623.0 CL_cluster_5621 3836.9242535589888 
# 5623.0 CL_cluster_5622 7768.3786997575135 
# 5623.0 CL_cluster_5623 0.0 
# 5623.0 CL_cluster_5624 5202.771679110293 
# 5623.0 CL_cluster_5625 8418.05075616236 
# 5623.0 CL_cluster_5626 2158.5590379307287 
# 5623.0 CL_cluster_5627 2153.9994538095248 
# 5623.0 CL_cluster_5628 1802.4511048602653 
# 5623.0 CL_cluster_5629 1485.186914140469 
# 5623.0 CL_cluster_5630 1362.4072935803729 
# 5623.0 CL_cluster_5631 2313.7596450122414 
# 5623.0 CL_cluster_5632 3501.730448374123 
# 5623.0 CL_cluster_5633 4182.269391022731 
# 5623.0 CL_cluster_5634 4778.84320879326 
# 5623.0 CL_cluster_5635 7506.748240059145 
# 5623.0 CL_cluster_5636 7152.045699205599 
# 5623.0 CL_cluster_5637 3127.2895436784665 
# 5623.0 CL_cluster_5638 1328.0235141986022 
# 5623.0 CL_cluster_5639 4696.568927056 
# 5623.0 CL_cluster_5640 8234.731375796575 
# 5623.0 CL_cluster_5641 4870.222374748127 
# 5623.0 CL_cluster_5642 3945.635692574019 
# 5623.0 CL_cluster_5643 3566.009330811408 
# 5623.0 CL_cluster_5644 7157.470791369064 
# 5623.0 CL_cluster_5645 6931.257962126088 
# 5623.0 CL_cluster_5646 3325.175341308923 
# 5623.0 CL_cluster_5647 2922.4132212594395 
# 5623.0 CL_cluster_5648 6713.402917531074 
# 5623.0 CL_cluster_5649 4941.231477210686 
# 5623.0 CL_cluster_5650 3564.023604558293 
# 5623.0 CL_cluster_5652 5173.145216106998 
# 5623.0 CL_cluster_5653 9084.18447485765 
# 5623.0 CL_cluster_5655 6619.642834759423 
# 5623.0 CL_cluster_10096 4817.040899573954 
# 5624.0 3137605402034 5957.674055143727 
# 5624.0 3137602116553 5909.2919326750625 
# 5624.0 3137605324920 4886.154790138982 
# 5624.0 3137605324912 4336.027792967481 
# 5624.0 3137602116588 4098.328833709258 
# 5624.0 3137605402417 4899.4891575491265 
# 5624.0 3137602117363 6786.630220058365 
# 5624.0 3137605324904 4336.027792967481 
# 5624.0 3137602116537 6786.630220058365 
# 5624.0 3137602116545 5202.771679110293 
# 5624.0 3137605402425 2496.179303790427 
# 5624.0 3137602116561 6330.624818704332 
# 5624.0 3137604334663 5805.340468721187 
# 5624.0 3137609342923 5811.5832215572 
# 5624.0 CL_cluster_5616 5811.5832215572 
# 5624.0 CL_cluster_5617 5742.134919079327 
# 5624.0 CL_cluster_5618 5957.674055143727 
# 5624.0 CL_cluster_5619 3282.143204180316 
# 5624.0 CL_cluster_5620 2496.179303790427 
# 5624.0 CL_cluster_5621 4336.027792967481 
# 5624.0 CL_cluster_5622 7405.487354491776 
# 5624.0 CL_cluster_5623 5202.771679110293 
# 5624.0 CL_cluster_5624 0.0 
# 5624.0 CL_cluster_5625 8014.441823483526 
# 5624.0 CL_cluster_5626 5909.2919326750625 
# 5624.0 CL_cluster_5627 6443.297267167681 
# 5624.0 CL_cluster_5628 6810.247335372848 
# 5624.0 CL_cluster_5629 4400.6348117215275 
# 5624.0 CL_cluster_5630 4886.154790138982 
# 5624.0 CL_cluster_5631 2962.7493030276546 
# 5624.0 CL_cluster_5632 4647.351747105547 
# 5624.0 CL_cluster_5633 4098.328833709258 
# 5624.0 CL_cluster_5634 4551.479677733492 
# 5624.0 CL_cluster_5635 6786.630220058365 
# 5624.0 CL_cluster_5636 6786.581191892811 
# 5624.0 CL_cluster_5637 8325.238776566304 
# 5624.0 CL_cluster_5638 5139.68078016981 
# 5624.0 CL_cluster_5639 3146.9975381913187 
# 5624.0 CL_cluster_5640 7380.6000680377 
# 5624.0 CL_cluster_5641 4899.4891575491265 
# 5624.0 CL_cluster_5642 3105.505781244214 
# 5624.0 CL_cluster_5643 1665.9466318601833 
# 5624.0 CL_cluster_5644 7393.456851939631 
# 5624.0 CL_cluster_5645 7184.178471514034 
# 5624.0 CL_cluster_5646 2953.3421028603057 
# 5624.0 CL_cluster_5647 6330.624818704332 
# 5624.0 CL_cluster_5648 6210.537476196969 
# 5624.0 CL_cluster_5649 5805.340468721187 
# 5624.0 CL_cluster_5650 3530.426647025591 
# 5624.0 CL_cluster_5652 2074.6035076844587 
# 5624.0 CL_cluster_5653 10165.27379609736 
# 5624.0 CL_cluster_5655 5716.351852565918 
# 5624.0 CL_cluster_10096 725.1537690455109 
# 5625.0 3137605402034 7919.971086453593 
# 5625.0 3137602116553 6656.256811303254 
# 5625.0 3137605324920 9452.970324552352 
# 5625.0 3137605324912 4746.063856485432 
# 5625.0 3137602116588 4585.1243992791615 
# 5625.0 3137605402417 3695.865062094398 
# 5625.0 3137602117363 1229.1343553873874 
# 5625.0 3137605324904 4746.063856485432 
# 5625.0 3137602116537 1229.1343553873874 
# 5625.0 3137602116545 8418.05075616236 
# 5625.0 3137605402425 6416.568377494797 
# 5625.0 3137602116561 6104.357422065379 
# 5625.0 3137604334663 3487.2415851136448 
# 5625.0 3137609342923 5086.506332374526 
# 5625.0 CL_cluster_5616 5086.506332374526 
# 5625.0 CL_cluster_5617 5826.211452817035 
# 5625.0 CL_cluster_5618 7919.971086453593 
# 5625.0 CL_cluster_5619 6538.052183603192 
# 5625.0 CL_cluster_5620 6416.568377494797 
# 5625.0 CL_cluster_5621 4746.063856485432 
# 5625.0 CL_cluster_5622 669.2152744608746 
# 5625.0 CL_cluster_5623 8418.05075616236 
# 5625.0 CL_cluster_5624 8014.441823483526 
# 5625.0 CL_cluster_5625 0.0 
# 5625.0 CL_cluster_5626 6656.256811303254 
# 5625.0 CL_cluster_5627 7177.031915038521 
# 5625.0 CL_cluster_5628 8345.534155145991 
# 5625.0 CL_cluster_5629 7013.535331047063 
# 5625.0 CL_cluster_5630 9452.970324552352 
# 5625.0 CL_cluster_5631 7397.388104808262 
# 5625.0 CL_cluster_5632 4954.647568726986 
# 5625.0 CL_cluster_5633 4585.1243992791615 
# 5625.0 CL_cluster_5634 3925.2460803988533 
# 5625.0 CL_cluster_5635 1229.1343553873874 
# 5625.0 CL_cluster_5636 1328.6782454534025 
# 5625.0 CL_cluster_5637 9871.079271805163 
# 5625.0 CL_cluster_5638 9562.578536638568 
# 5625.0 CL_cluster_5639 4996.697154724497 
# 5625.0 CL_cluster_5640 820.7966597664455 
# 5625.0 CL_cluster_5641 3695.865062094398 
# 5625.0 CL_cluster_5642 5422.136474146619 
# 5625.0 CL_cluster_5643 7519.931681460053 
# 5625.0 CL_cluster_5644 1378.8619743139545 
# 5625.0 CL_cluster_5645 1562.839760810759 
# 5625.0 CL_cluster_5646 6031.524319350257 
# 5625.0 CL_cluster_5647 6104.357422065379 
# 5625.0 CL_cluster_5648 1882.5846745960894 
# 5625.0 CL_cluster_5649 3487.2415851136448 
# 5625.0 CL_cluster_5650 10200.099031338039 
# 5625.0 CL_cluster_5652 5941.298735806081 
# 5625.0 CL_cluster_5653 2937.7426146083376 
# 5625.0 CL_cluster_5655 2303.5740007108525 
# 5625.0 CL_cluster_10096 8500.83851971366 
# 5626.0 3137605402034 1301.715354025235 
# 5626.0 3137602116553 0.0 
# 5626.0 3137605324920 3500.467564217741 
# 5626.0 3137605324912 2707.642256449964 
# 5626.0 3137602116588 3166.2151041507336 
# 5626.0 3137605402417 3505.615565739959 
# 5626.0 3137602117363 5919.627584180744 
# 5626.0 3137605324904 2707.642256449964 
# 5626.0 3137602116537 5919.627584180744 
# 5626.0 3137602116545 2158.5590379307287 
# 5626.0 3137605402425 3501.3959715880937 
# 5626.0 3137602116561 763.9521465372984 
# 5626.0 3137604334663 3211.092850131568 
# 5626.0 3137609342923 1569.7671155635308 
# 5626.0 CL_cluster_5616 1569.7671155635308 
# 5626.0 CL_cluster_5617 833.0790113799198 
# 5626.0 CL_cluster_5618 1301.715354025235 
# 5626.0 CL_cluster_5619 2633.810821538124 
# 5626.0 CL_cluster_5620 3501.3959715880937 
# 5626.0 CL_cluster_5621 2707.642256449964 
# 5626.0 CL_cluster_5622 6045.300485694958 
# 5626.0 CL_cluster_5623 2158.5590379307287 
# 5626.0 CL_cluster_5624 5909.2919326750625 
# 5626.0 CL_cluster_5625 6656.256811303254 
# 5626.0 CL_cluster_5626 0.0 
# 5626.0 CL_cluster_5627 666.4748673538206 
# 5626.0 CL_cluster_5628 1727.4828399130047 
# 5626.0 CL_cluster_5629 1605.9200598761613 
# 5626.0 CL_cluster_5630 3500.467564217741 
# 5626.0 CL_cluster_5631 3089.2080209723495 
# 5626.0 CL_cluster_5632 2212.3685887760003 
# 5626.0 CL_cluster_5633 3166.2151041507336 
# 5626.0 CL_cluster_5634 3561.5713269277308 
# 5626.0 CL_cluster_5635 5919.627584180744 
# 5626.0 CL_cluster_5636 5490.524692725101 
# 5626.0 CL_cluster_5637 3404.0151135146543 
# 5626.0 CL_cluster_5638 3486.1301287805 
# 5626.0 CL_cluster_5639 4130.0314581474 
# 5626.0 CL_cluster_5640 6619.728269331916 
# 5626.0 CL_cluster_5641 3505.615565739959 
# 5626.0 CL_cluster_5642 3483.8374073865507 
# 5626.0 CL_cluster_5643 4296.504209638186 
# 5626.0 CL_cluster_5644 5317.608695155252 
# 5626.0 CL_cluster_5645 5107.227155175118 
# 5626.0 CL_cluster_5646 3155.9003303868185 
# 5626.0 CL_cluster_5647 763.9521465372984 
# 5626.0 CL_cluster_5648 5152.551541936226 
# 5626.0 CL_cluster_5649 3211.092850131568 
# 5626.0 CL_cluster_5650 5410.782929624538 
# 5626.0 CL_cluster_5652 5067.511979534092 
# 5626.0 CL_cluster_5653 6986.868645433476 
# 5626.0 CL_cluster_5655 5214.958325814162 
# 5626.0 CL_cluster_10096 5772.007785093779 
# 5627.0 3137605402034 1075.4936466183942 
# 5627.0 3137602116553 666.4748673538206 
# 5627.0 3137605324920 3513.1288112945554 
# 5627.0 3137605324912 3372.6563387460396 
# 5627.0 3137602116588 3832.134700256939 
# 5627.0 3137605402417 4146.688095038278 
# 5627.0 3137602117363 6497.901490023318 
# 5627.0 3137605324904 3372.6563387460396 
# 5627.0 3137602116537 6497.901490023318 
# 5627.0 3137602116545 2153.9994538095248 
# 5627.0 3137605402425 4090.429841434053 
# 5627.0 3137602116561 1083.1539371313968 
# 5627.0 3137604334663 3783.8386600329486 
# 5627.0 3137609342923 2123.204046605914 
# 5627.0 CL_cluster_5616 2123.204046605914 
# 5627.0 CL_cluster_5617 1427.9110898283916 
# 5627.0 CL_cluster_5618 1075.4936466183942 
# 5627.0 CL_cluster_5619 3199.2921179390432 
# 5627.0 CL_cluster_5620 4090.429841434053 
# 5627.0 CL_cluster_5621 3372.6563387460396 
# 5627.0 CL_cluster_5622 6583.933721785151 
# 5627.0 CL_cluster_5623 2153.9994538095248 
# 5627.0 CL_cluster_5624 6443.297267167681 
# 5627.0 CL_cluster_5625 7177.031915038521 
# 5627.0 CL_cluster_5626 666.4748673538206 
# 5627.0 CL_cluster_5627 0.0 
# 5627.0 CL_cluster_5628 1172.0070187320057 
# 5627.0 CL_cluster_5629 2055.6593805230027 
# 5627.0 CL_cluster_5630 3513.1288112945554 
# 5627.0 CL_cluster_5631 3547.8638014268486 
# 5627.0 CL_cluster_5632 2874.8079676539305 
# 5627.0 CL_cluster_5633 3832.134700256939 
# 5627.0 CL_cluster_5634 4216.4551889823615 
# 5627.0 CL_cluster_5635 6497.901490023318 
# 5627.0 CL_cluster_5636 6052.621311902722 
# 5627.0 CL_cluster_5637 2772.807914466993 
# 5627.0 CL_cluster_5638 3450.5311252452175 
# 5627.0 CL_cluster_5639 4790.663110784387 
# 5627.0 CL_cluster_5640 7186.173645501337 
# 5627.0 CL_cluster_5641 4146.688095038278 
# 5627.0 CL_cluster_5642 4133.749855426426 
# 5627.0 CL_cluster_5643 4802.6876757728505 
# 5627.0 CL_cluster_5644 5818.777990325203 
# 5627.0 CL_cluster_5645 5617.3513648163635 
# 5627.0 CL_cluster_5646 3772.769207412194 
# 5627.0 CL_cluster_5647 1083.1539371313968 
# 5627.0 CL_cluster_5648 5743.187690079497 
# 5627.0 CL_cluster_5649 3783.8386600329486 
# 5627.0 CL_cluster_5650 5624.084388665095 
# 5627.0 CL_cluster_5652 5702.84363884562 
# 5627.0 CL_cluster_5653 7292.727242597825 
# 5627.0 CL_cluster_5655 5834.974291801936 
# 5627.0 CL_cluster_10096 6256.209409116214 
# 5628.0 3137605402034 856.704015419042 
# 5628.0 3137602116553 1727.4828399130047 
# 5628.0 3137605324920 2995.4891132323028 
# 5628.0 3137605324912 4353.432124786708 
# 5628.0 3137602116588 4794.015938916637 
# 5628.0 3137605402417 5217.095749428838 
# 5628.0 3137602117363 7642.895902004729 
# 5628.0 3137605324904 4353.432124786708 
# 5628.0 3137602116537 7642.895902004729 
# 5628.0 3137602116545 1802.4511048602653 
# 5628.0 3137605402425 4669.177006145699 
# 5628.0 3137602116561 2254.5937060194096 
# 5628.0 3137604334663 4930.568757556118 
# 5628.0 3137609342923 3275.086553097216 
# 5628.0 CL_cluster_5616 3275.086553097216 
# 5628.0 CL_cluster_5617 2553.6872601652167 
# 5628.0 CL_cluster_5618 856.704015419042 
# 5628.0 CL_cluster_5619 3759.2434348600045 
# 5628.0 CL_cluster_5620 4669.177006145699 
# 5628.0 CL_cluster_5621 4353.432124786708 
# 5628.0 CL_cluster_5622 7747.730602517181 
# 5628.0 CL_cluster_5623 1802.4511048602653 
# 5628.0 CL_cluster_5624 6810.247335372848 
# 5628.0 CL_cluster_5625 8345.534155145991 
# 5628.0 CL_cluster_5626 1727.4828399130047 
# 5628.0 CL_cluster_5627 1172.0070187320057 
# 5628.0 CL_cluster_5628 0.0 
# 5628.0 CL_cluster_5629 2504.6019375308683 
# 5628.0 CL_cluster_5630 2995.4891132323028 
# 5628.0 CL_cluster_5631 3847.7947301565437 
# 5628.0 CL_cluster_5632 3883.0395984864313 
# 5628.0 CL_cluster_5633 4794.015938916637 
# 5628.0 CL_cluster_5634 5248.340024842481 
# 5628.0 CL_cluster_5635 7642.895902004729 
# 5628.0 CL_cluster_5636 7206.772918655263 
# 5628.0 CL_cluster_5637 1728.9906940987992 
# 5628.0 CL_cluster_5638 2857.1304270156224 
# 5628.0 CL_cluster_5639 5632.809174889395 
# 5628.0 CL_cluster_5640 8338.514542891784 
# 5628.0 CL_cluster_5641 5217.095749428838 
# 5628.0 CL_cluster_5642 4922.814291349465 
# 5628.0 CL_cluster_5643 5144.646642602404 
# 5628.0 CL_cluster_5644 6989.722589602959 
# 5628.0 CL_cluster_5645 6787.131142536249 
# 5628.0 CL_cluster_5646 4445.976036172988 
# 5628.0 CL_cluster_5647 2254.5937060194096 
# 5628.0 CL_cluster_5648 6878.860631518578 
# 5628.0 CL_cluster_5649 4930.568757556118 
# 5628.0 CL_cluster_5650 5342.419276570235 
# 5628.0 CL_cluster_5652 6397.7687911974535 
# 5628.0 CL_cluster_5653 8411.657420252506 
# 5628.0 CL_cluster_5655 6939.273321179777 
# 5628.0 CL_cluster_10096 6504.580384607862 
# 5629.0 3137605402034 1658.6443085516005 
# 5629.0 3137602116553 1605.9200598761613 
# 5629.0 3137605324920 2457.4917522294077 
# 5629.0 3137605324912 2359.9527204977776 
# 5629.0 3137602116588 2697.1025846692805 
# 5629.0 3137605402417 3405.645448188519 
# 5629.0 3137602117363 6057.380153516268 
# 5629.0 3137605324904 2359.9527204977776 
# 5629.0 3137602116537 6057.380153516268 
# 5629.0 3137602116545 1485.186914140469 
# 5629.0 3137605402425 2164.723825588216 
# 5629.0 3137602116561 2230.4387599501883 
# 5629.0 3137604334663 3577.5231692966845 
# 5629.0 3137609342923 2359.3544021985385 
# 5629.0 CL_cluster_5616 2359.3544021985385 
# 5629.0 CL_cluster_5617 1829.8546584837898 
# 5629.0 CL_cluster_5618 1658.6443085516005 
# 5629.0 CL_cluster_5619 1256.0028145271247 
# 5629.0 CL_cluster_5620 2164.723825588216 
# 5629.0 CL_cluster_5621 2359.9527204977776 
# 5629.0 CL_cluster_5622 6354.937100867144 
# 5629.0 CL_cluster_5623 1485.186914140469 
# 5629.0 CL_cluster_5624 4400.6348117215275 
# 5629.0 CL_cluster_5625 7013.535331047063 
# 5629.0 CL_cluster_5626 1605.9200598761613 
# 5629.0 CL_cluster_5627 2055.6593805230027 
# 5629.0 CL_cluster_5628 2504.6019375308683 
# 5629.0 CL_cluster_5629 0.0 
# 5629.0 CL_cluster_5630 2457.4917522294077 
# 5629.0 CL_cluster_5631 1495.8293595299388 
# 5629.0 CL_cluster_5632 2061.376238516558 
# 5629.0 CL_cluster_5633 2697.1025846692805 
# 5629.0 CL_cluster_5634 3298.7322523224343 
# 5629.0 CL_cluster_5635 6057.380153516268 
# 5629.0 CL_cluster_5636 5724.440037431127 
# 5629.0 CL_cluster_5637 4174.520102381008 
# 5629.0 CL_cluster_5638 2551.015020584806 
# 5629.0 CL_cluster_5639 3270.827968244821 
# 5629.0 CL_cluster_5640 6787.3751593572 
# 5629.0 CL_cluster_5641 3405.645448188519 
# 5629.0 CL_cluster_5642 2526.2908070696626 
# 5629.0 CL_cluster_5643 2750.0261547439677 
# 5629.0 CL_cluster_5644 5799.79365033733 
# 5629.0 CL_cluster_5645 5568.654501532536 
# 5629.0 CL_cluster_5646 1971.1958030727753 
# 5629.0 CL_cluster_5647 2230.4387599501883 
# 5629.0 CL_cluster_5648 5264.159298413489 
# 5629.0 CL_cluster_5649 3577.5231692966845 
# 5629.0 CL_cluster_5650 3925.141050244804 
# 5629.0 CL_cluster_5652 3909.282260058425 
# 5629.0 CL_cluster_5653 7932.305106346443 
# 5629.0 CL_cluster_5655 5145.596062208278 
# 5629.0 CL_cluster_10096 4201.01920061693 
# 5630.0 3137605402034 2462.3840277374716 
# 5630.0 3137602116553 3500.467564217741 
# 5630.0 3137605324920 0.0 
# 5630.0 3137605324912 4735.01039534039 
# 5630.0 3137602116588 4995.7157135031475 
# 5630.0 3137605402417 5796.829781809736 
# 5630.0 3137602117363 8456.141952310556 
# 5630.0 3137605324904 4735.01039534039 
# 5630.0 3137602116537 8456.141952310556 
# 5630.0 3137602116545 1362.4072935803729 
# 5630.0 3137605402425 3711.472508279082 
# 5630.0 3137602116561 4263.010563963934 
# 5630.0 3137604334663 6034.663769356833 
# 5630.0 3137609342923 4735.1034297887345 
# 5630.0 CL_cluster_5616 4735.1034297887345 
# 5630.0 CL_cluster_5617 4087.6456586602158 
# 5630.0 CL_cluster_5618 2462.3840277374716 
# 5630.0 CL_cluster_5619 3102.8215378117097 
# 5630.0 CL_cluster_5620 3711.472508279082 
# 5630.0 CL_cluster_5621 4735.01039534039 
# 5630.0 CL_cluster_5622 8790.129406685945 
# 5630.0 CL_cluster_5623 1362.4072935803729 
# 5630.0 CL_cluster_5624 4886.154790138982 
# 5630.0 CL_cluster_5625 9452.970324552352 
# 5630.0 CL_cluster_5626 3500.467564217741 
# 5630.0 CL_cluster_5627 3513.1288112945554 
# 5630.0 CL_cluster_5628 2995.4891132323028 
# 5630.0 CL_cluster_5629 2457.4917522294077 
# 5630.0 CL_cluster_5630 0.0 
# 5630.0 CL_cluster_5631 2472.6816248841055 
# 5630.0 CL_cluster_5632 4500.270372026226 
# 5630.0 CL_cluster_5633 4995.7157135031475 
# 5630.0 CL_cluster_5634 5640.97066517135 
# 5630.0 CL_cluster_5635 8456.141952310556 
# 5630.0 CL_cluster_5636 8150.366053966424 
# 5630.0 CL_cluster_5637 3901.721125493001 
# 5630.0 CL_cluster_5638 255.51122261563552 
# 5630.0 CL_cluster_5639 5233.342300424916 
# 5630.0 CL_cluster_5640 9186.182286406029 
# 5630.0 CL_cluster_5641 5796.829781809736 
# 5630.0 CL_cluster_5642 4508.3621718007 
# 5630.0 CL_cluster_5643 3431.315187566352 
# 5630.0 CL_cluster_5644 8256.020303262761 
# 5630.0 CL_cluster_5645 8024.375768325461 
# 5630.0 CL_cluster_5646 3825.2267712494236 
# 5630.0 CL_cluster_5647 4263.010563963934 
# 5630.0 CL_cluster_5648 7667.089720460851 
# 5630.0 CL_cluster_5649 6034.663769356833 
# 5630.0 CL_cluster_5650 2423.048529271358 
# 5630.0 CL_cluster_5652 5399.759020688673 
# 5630.0 CL_cluster_5653 10337.921927265521 
# 5630.0 CL_cluster_5655 7492.245210543837 
# 5630.0 CL_cluster_10096 4349.445707802343 
# 5631.0 3137605402034 2994.943976946736 
# 5631.0 3137602116553 3089.2080209723495 
# 5631.0 3137605324920 2472.6816248841055 
# 5631.0 3137605324912 2701.630463126722 
# 5631.0 3137602116588 2812.5000022235167 
# 5631.0 3137605402417 3710.6878602255088 
# 5631.0 3137602117363 6295.828156430884 
# 5631.0 3137605324904 2701.630463126722 
# 5631.0 3137602116537 6295.828156430884 
# 5631.0 3137602116545 2313.7596450122414 
# 5631.0 3137605402425 1240.8491348225994 
# 5631.0 3137602116561 3650.19685119554 
# 5631.0 3137604334663 4237.816877492527 
# 5631.0 3137609342923 3489.1385692060308 
# 5631.0 CL_cluster_5616 3489.1385692060308 
# 5631.0 CL_cluster_5617 3152.075773546003 
# 5631.0 CL_cluster_5618 2994.943976946736 
# 5631.0 CL_cluster_5619 882.9501170040338 
# 5631.0 CL_cluster_5620 1240.8491348225994 
# 5631.0 CL_cluster_5621 2701.630463126722 
# 5631.0 CL_cluster_5622 6728.534658419223 
# 5631.0 CL_cluster_5623 2313.7596450122414 
# 5631.0 CL_cluster_5624 2962.7493030276546 
# 5631.0 CL_cluster_5625 7397.388104808262 
# 5631.0 CL_cluster_5626 3089.2080209723495 
# 5631.0 CL_cluster_5627 3547.8638014268486 
# 5631.0 CL_cluster_5628 3847.7947301565437 
# 5631.0 CL_cluster_5629 1495.8293595299388 
# 5631.0 CL_cluster_5630 2472.6816248841055 
# 5631.0 CL_cluster_5631 0.0 
# 5631.0 CL_cluster_5632 2683.7862574030974 
# 5631.0 CL_cluster_5633 2812.5000022235167 
# 5631.0 CL_cluster_5634 3473.8744518894805 
# 5631.0 CL_cluster_5635 6295.828156430884 
# 5631.0 CL_cluster_5636 6069.018884357454 
# 5631.0 CL_cluster_5637 5396.207508267061 
# 5631.0 CL_cluster_5638 2683.7116074900077 
# 5631.0 CL_cluster_5639 2799.504302934922 
# 5631.0 CL_cluster_5640 7013.094383700778 
# 5631.0 CL_cluster_5641 3710.6878602255088 
# 5631.0 CL_cluster_5642 2112.79318270066 
# 5631.0 CL_cluster_5643 1296.897922881521 
# 5631.0 CL_cluster_5644 6351.414849790955 
# 5631.0 CL_cluster_5645 6116.977820281819 
# 5631.0 CL_cluster_5646 1428.2095412046049 
# 5631.0 CL_cluster_5647 3650.19685119554 
# 5631.0 CL_cluster_5648 5534.227433987276 
# 5631.0 CL_cluster_5649 4237.816877492527 
# 5631.0 CL_cluster_5650 2869.266084035974 
# 5631.0 CL_cluster_5652 2952.428294450455 
# 5631.0 CL_cluster_5653 8788.453840429185 
# 5631.0 CL_cluster_5655 5261.239388524083 
# 5631.0 CL_cluster_10096 2710.1576468083813 
# 5632.0 3137605402034 3227.650962171024 
# 5632.0 3137602116553 2212.3685887760003 
# 5632.0 3137605324920 4500.270372026226 
# 5632.0 3137605324912 511.1493599309724 
# 5632.0 3137602116588 977.4291006027224 
# 5632.0 3137605402417 1383.10133255773 
# 5632.0 3137602117363 4005.316801052526 
# 5632.0 3137605324904 511.1493599309724 
# 5632.0 3137602116537 4005.316801052526 
# 5632.0 3137602116545 3501.730448374123 
# 5632.0 3137605402425 2206.8370894493182 
# 5632.0 3137602116561 2140.162925534894 
# 5632.0 3137604334663 1577.2444950279219 
# 5632.0 3137609342923 1236.8425883837233 
# 5632.0 CL_cluster_5616 1236.8425883837233 
# 5632.0 CL_cluster_5617 1533.682329226072 
# 5632.0 CL_cluster_5618 3227.650962171024 
# 5632.0 CL_cluster_5619 1811.3454002542858 
# 5632.0 CL_cluster_5620 2206.8370894493182 
# 5632.0 CL_cluster_5621 511.1493599309724 
# 5632.0 CL_cluster_5622 4294.40407297449 
# 5632.0 CL_cluster_5623 3501.730448374123 
# 5632.0 CL_cluster_5624 4647.351747105547 
# 5632.0 CL_cluster_5625 4954.647568726986 
# 5632.0 CL_cluster_5626 2212.3685887760003 
# 5632.0 CL_cluster_5627 2874.8079676539305 
# 5632.0 CL_cluster_5628 3883.0395984864313 
# 5632.0 CL_cluster_5629 2061.376238516558 
# 5632.0 CL_cluster_5630 4500.270372026226 
# 5632.0 CL_cluster_5631 2683.7862574030974 
# 5632.0 CL_cluster_5632 0.0 
# 5632.0 CL_cluster_5633 977.4291006027224 
# 5632.0 CL_cluster_5634 1366.7748496576992 
# 5632.0 CL_cluster_5635 4005.316801052526 
# 5632.0 CL_cluster_5636 3663.2095004819075 
# 5632.0 CL_cluster_5637 5597.436970237166 
# 5632.0 CL_cluster_5638 4608.056032613507 
# 5632.0 CL_cluster_5639 2081.220444354567 
# 5632.0 CL_cluster_5640 4733.904003015662 
# 5632.0 CL_cluster_5641 1383.10133255773 
# 5632.0 CL_cluster_5642 1629.6283436146011 
# 5632.0 CL_cluster_5643 3359.203249408646 
# 5632.0 CL_cluster_5644 3771.339851124434 
# 5632.0 CL_cluster_5645 3537.65440159754 
# 5632.0 CL_cluster_5646 1721.754010394404 
# 5632.0 CL_cluster_5647 2140.162925534894 
# 5632.0 CL_cluster_5648 3211.852987114325 
# 5632.0 CL_cluster_5649 1577.2444950279219 
# 5632.0 CL_cluster_5650 5547.399376882457 
# 5632.0 CL_cluster_5652 3225.0991346866426 
# 5632.0 CL_cluster_5653 6105.603270353743 
# 5632.0 CL_cluster_5655 3141.475321102762 
# 5632.0 CL_cluster_10096 4772.760906014799 
# 5633.0 3137605402034 4084.7051187730885 
# 5633.0 3137602116553 3166.2151041507336 
# 5633.0 3137605324920 4995.7157135031475 
# 5633.0 3137605324912 466.36981049353096 
# 5633.0 3137602116588 0.0 
# 5633.0 3137605402417 918.7620023083715 
# 5633.0 3137602117363 3495.6554617514994 
# 5633.0 3137605324904 466.36981049353096 
# 5633.0 3137602116537 3495.6554617514994 
# 5633.0 3137602116545 4182.269391022731 
# 5633.0 3137605402425 1916.464062741078 
# 5633.0 3137602116561 3115.0372985945405 
# 5633.0 3137604334663 1710.0743093681258 
# 5633.0 3137609342923 2147.0119673181075 
# 5633.0 CL_cluster_5616 2147.0119673181075 
# 5633.0 CL_cluster_5617 2511.1111243290866 
# 5633.0 CL_cluster_5618 4084.7051187730885 
# 5633.0 CL_cluster_5619 1962.5361124747874 
# 5633.0 CL_cluster_5620 1916.464062741078 
# 5633.0 CL_cluster_5621 466.36981049353096 
# 5633.0 CL_cluster_5622 3916.463590253621 
# 5633.0 CL_cluster_5623 4182.269391022731 
# 5633.0 CL_cluster_5624 4098.328833709258 
# 5633.0 CL_cluster_5625 4585.1243992791615 
# 5633.0 CL_cluster_5626 3166.2151041507336 
# 5633.0 CL_cluster_5627 3832.134700256939 
# 5633.0 CL_cluster_5628 4794.015938916637 
# 5633.0 CL_cluster_5629 2697.1025846692805 
# 5633.0 CL_cluster_5630 4995.7157135031475 
# 5633.0 CL_cluster_5631 2812.5000022235167 
# 5633.0 CL_cluster_5632 977.4291006027224 
# 5633.0 CL_cluster_5633 0.0 
# 5633.0 CL_cluster_5634 662.5831211073636 
# 5633.0 CL_cluster_5635 3495.6554617514994 
# 5633.0 CL_cluster_5636 3256.611002267701 
# 5633.0 CL_cluster_5637 6519.5163054975055 
# 5633.0 CL_cluster_5638 5141.807081640005 
# 5633.0 CL_cluster_5639 1178.2490383225331 
# 5633.0 CL_cluster_5640 4219.780340325803 
# 5633.0 CL_cluster_5641 918.7620023083715 
# 5633.0 CL_cluster_5642 1006.6203378831578 
# 5633.0 CL_cluster_5643 3094.057400181671 
# 5633.0 CL_cluster_5644 3588.9202445488568 
# 5633.0 CL_cluster_5645 3357.57828561456 
# 5633.0 CL_cluster_5646 1476.314396370625 
# 5633.0 CL_cluster_5647 3115.0372985945405 
# 5633.0 CL_cluster_5648 2724.645384245479 
# 5633.0 CL_cluster_5649 1710.0743093681258 
# 5633.0 CL_cluster_5650 5632.260987655633 
# 5633.0 CL_cluster_5652 2408.1864376501067 
# 5633.0 CL_cluster_5653 6198.372487558264 
# 5633.0 CL_cluster_5655 2497.763884094161 
# 5633.0 CL_cluster_10096 4356.802639442805 
# 5634.0 3137605402034 4589.433190780981 
# 5634.0 3137602116553 3561.5713269277308 
# 5634.0 3137605324920 5640.97066517135 
# 5634.0 3137605324912 943.7609699664453 
# 5634.0 3137602116588 662.5831211073636 
# 5634.0 3137605402417 352.2759945347901 
# 5634.0 3137602117363 2834.4775847837195 
# 5634.0 3137605324904 943.7609699664453 
# 5634.0 3137602116537 2834.4775847837195 
# 5634.0 3137602116545 4778.84320879326 
# 5634.0 3137605402425 2531.92619668092 
# 5634.0 3137602116561 3379.2490388143237 
# 5634.0 3137604334663 1338.2326157747277 
# 5634.0 3137609342923 2306.6781615138466 
# 5634.0 CL_cluster_5616 2306.6781615138466 
# 5634.0 CL_cluster_5617 2821.978654481272 
# 5634.0 CL_cluster_5618 4589.433190780981 
# 5634.0 CL_cluster_5619 2624.821680460672 
# 5634.0 CL_cluster_5620 2531.92619668092 
# 5634.0 CL_cluster_5621 943.7609699664453 
# 5634.0 CL_cluster_5622 3257.109439374916 
# 5634.0 CL_cluster_5623 4778.84320879326 
# 5634.0 CL_cluster_5624 4551.479677733492 
# 5634.0 CL_cluster_5625 3925.2460803988533 
# 5634.0 CL_cluster_5626 3561.5713269277308 
# 5634.0 CL_cluster_5627 4216.4551889823615 
# 5634.0 CL_cluster_5628 5248.340024842481 
# 5634.0 CL_cluster_5629 3298.7322523224343 
# 5634.0 CL_cluster_5630 5640.97066517135 
# 5634.0 CL_cluster_5631 3473.8744518894805 
# 5634.0 CL_cluster_5632 1366.7748496576992 
# 5634.0 CL_cluster_5633 662.5831211073636 
# 5634.0 CL_cluster_5634 0.0 
# 5634.0 CL_cluster_5635 2834.4775847837195 
# 5634.0 CL_cluster_5636 2596.5685140703204 
# 5634.0 CL_cluster_5637 6958.488771751911 
# 5634.0 CL_cluster_5638 5780.6357274123275 
# 5634.0 CL_cluster_5639 1438.2500926602427 
# 5634.0 CL_cluster_5640 3559.946441426695 
# 5634.0 CL_cluster_5641 352.2759945347901 
# 5634.0 CL_cluster_5642 1563.7725148483344 
# 5634.0 CL_cluster_5643 3689.3198733860695 
# 5634.0 CL_cluster_5644 2967.092130057774 
# 5634.0 CL_cluster_5645 2739.3753770964654 
# 5634.0 CL_cluster_5646 2116.2317475843283 
# 5634.0 CL_cluster_5647 3379.2490388143237 
# 5634.0 CL_cluster_5648 2062.0643953029144 
# 5634.0 CL_cluster_5649 1338.2326157747277 
# 5634.0 CL_cluster_5650 6282.946504930915 
# 5634.0 CL_cluster_5652 2685.6808010087875 
# 5634.0 CL_cluster_5653 5643.500827971766 
# 5634.0 CL_cluster_5655 1854.0237268438657 
# 5634.0 CL_cluster_10096 4876.645594299393 
# 5635.0 3137605402034 7127.3051021356205 
# 5635.0 3137602116553 5919.627584180744 
# 5635.0 3137605324920 8456.141952310556 
# 5635.0 3137605324912 3721.191809117417 
# 5635.0 3137602116588 3495.6554617514994 
# 5635.0 3137605402417 2659.8209936166386 
# 5635.0 3137602117363 0.0 
# 5635.0 3137605324904 3721.191809117417 
# 5635.0 3137602116537 0.0 
# 5635.0 3137602116545 7506.748240059145 
# 5635.0 3137605402425 5259.827162173928 
# 5635.0 3137602116561 5464.5947280666405 
# 5635.0 3137604334663 2714.148863481434 
# 5635.0 3137609342923 4374.707778650362 
# 5635.0 CL_cluster_5616 4374.707778650362 
# 5635.0 CL_cluster_5617 5089.424835005144 
# 5635.0 CL_cluster_5618 7127.3051021356205 
# 5635.0 CL_cluster_5619 5457.830021483549 
# 5635.0 CL_cluster_5620 5259.827162173928 
# 5635.0 CL_cluster_5621 3721.191809117417 
# 5635.0 CL_cluster_5622 692.2386959012872 
# 5635.0 CL_cluster_5623 7506.748240059145 
# 5635.0 CL_cluster_5624 6786.630220058365 
# 5635.0 CL_cluster_5625 1229.1343553873874 
# 5635.0 CL_cluster_5626 5919.627584180744 
# 5635.0 CL_cluster_5627 6497.901490023318 
# 5635.0 CL_cluster_5628 7642.895902004729 
# 5635.0 CL_cluster_5629 6057.380153516268 
# 5635.0 CL_cluster_5630 8456.141952310556 
# 5635.0 CL_cluster_5631 6295.828156430884 
# 5635.0 CL_cluster_5632 4005.316801052526 
# 5635.0 CL_cluster_5633 3495.6554617514994 
# 5635.0 CL_cluster_5634 2834.4775847837195 
# 5635.0 CL_cluster_5635 0.0 
# 5635.0 CL_cluster_5636 519.6058236480726 
# 5635.0 CL_cluster_5637 9254.081421867122 
# 5635.0 CL_cluster_5638 8584.13335732337 
# 5635.0 CL_cluster_5639 3794.941252168052 
# 5635.0 CL_cluster_5640 730.4787124809804 
# 5635.0 CL_cluster_5641 2659.8209936166386 
# 5635.0 CL_cluster_5642 4264.713991549099 
# 5635.0 CL_cluster_5643 6335.581515359199 
# 5635.0 CL_cluster_5644 1333.531272967488 
# 5635.0 CL_cluster_5645 1332.8503334211252 
# 5635.0 CL_cluster_5646 4899.711903314635 
# 5635.0 CL_cluster_5647 5464.5947280666405 
# 5635.0 CL_cluster_5648 793.5473756650491 
# 5635.0 CL_cluster_5649 2714.148863481434 
# 5635.0 CL_cluster_5650 9055.559352653638 
# 5635.0 CL_cluster_5652 4712.928931686465 
# 5635.0 CL_cluster_5653 3878.794645114441 
# 5635.0 CL_cluster_5655 1087.7766043216684 
# 5635.0 CL_cluster_10096 7280.050244348958 
# 5636.0 3137605402034 6720.589507313547 
# 5636.0 3137602116553 5490.524692725101 
# 5636.0 3137605324920 8150.366053966424 
# 5636.0 3137605324912 3427.9506010385244 
# 5636.0 3137602116588 3256.611002267701 
# 5636.0 3137605402417 2372.1734236579323 
# 5636.0 3137602117363 519.6058236480726 
# 5636.0 3137605324904 3427.9506010385244 
# 5636.0 3137602116537 519.6058236480726 
# 5636.0 3137602116545 7152.045699205599 
# 5636.0 3137605402425 5094.794695912562 
# 5636.0 3137602116561 5005.832879607366 
# 5636.0 3137604334663 2279.9326967853185 
# 5636.0 3137609342923 3932.0514112162805 
# 5636.0 CL_cluster_5616 3932.0514112162805 
# 5636.0 CL_cluster_5617 4657.768846931278 
# 5636.0 CL_cluster_5618 6720.589507313547 
# 5636.0 CL_cluster_5619 5211.350880004476 
# 5636.0 CL_cluster_5620 5094.794695912562 
# 5636.0 CL_cluster_5621 3427.9506010385244 
# 5636.0 CL_cluster_5622 661.206804481711 
# 5636.0 CL_cluster_5623 7152.045699205599 
# 5636.0 CL_cluster_5624 6786.581191892811 
# 5636.0 CL_cluster_5625 1328.6782454534025 
# 5636.0 CL_cluster_5626 5490.524692725101 
# 5636.0 CL_cluster_5627 6052.621311902722 
# 5636.0 CL_cluster_5628 7206.772918655263 
# 5636.0 CL_cluster_5629 5724.440037431127 
# 5636.0 CL_cluster_5630 8150.366053966424 
# 5636.0 CL_cluster_5631 6069.018884357454 
# 5636.0 CL_cluster_5632 3663.2095004819075 
# 5636.0 CL_cluster_5633 3256.611002267701 
# 5636.0 CL_cluster_5634 2596.5685140703204 
# 5636.0 CL_cluster_5635 519.6058236480726 
# 5636.0 CL_cluster_5636 0.0 
# 5636.0 CL_cluster_5637 8796.816009748756 
# 5636.0 CL_cluster_5638 8267.202717093012 
# 5636.0 CL_cluster_5639 3710.569068852852 
# 5636.0 CL_cluster_5640 1134.4635624156285 
# 5636.0 CL_cluster_5641 2372.1734236579323 
# 5636.0 CL_cluster_5642 4102.055216972147 
# 5636.0 CL_cluster_5643 6210.270544958182 
# 5636.0 CL_cluster_5644 886.4634566847487 
# 5636.0 CL_cluster_5645 839.044913207275 
# 5636.0 CL_cluster_5646 4704.417963283016 
# 5636.0 CL_cluster_5647 5005.832879607366 
# 5636.0 CL_cluster_5648 578.1000331917118 
# 5636.0 CL_cluster_5649 2279.9326967853185 
# 5636.0 CL_cluster_5650 8873.42337214438 
# 5636.0 CL_cluster_5652 4727.228128971946 
# 5636.0 CL_cluster_5653 3610.2267771924853 
# 5636.0 CL_cluster_5655 1106.9212558401916 
# 5636.0 CL_cluster_10096 7239.370748272275 
# 5637.0 3137605402034 2523.0573120870276 
# 5637.0 3137602116553 3404.0151135146543 
# 5637.0 3137605324920 3901.721125493001 
# 5637.0 3137605324912 6075.261481234965 
# 5637.0 3137602116588 6519.5163054975055 
# 5637.0 3137605402417 6909.573279240073 
# 5637.0 3137602117363 9254.081421867122 
# 5637.0 3137605324904 6075.261481234965 
# 5637.0 3137602116537 9254.081421867122 
# 5637.0 3137602116545 3127.2895436784665 
# 5637.0 3137605402425 6328.520918985235 
# 5637.0 3137602116561 3791.0710283812805 
# 5637.0 3137604334663 6543.850365541554 
# 5637.0 3137609342923 4885.3159949002265 
# 5637.0 CL_cluster_5616 4885.3159949002265 
# 5637.0 CL_cluster_5617 4200.610701033398 
# 5637.0 CL_cluster_5618 2523.0573120870276 
# 5637.0 CL_cluster_5619 5427.306569477978 
# 5637.0 CL_cluster_5620 6328.520918985235 
# 5637.0 CL_cluster_5621 6075.261481234965 
# 5637.0 CL_cluster_5622 9302.544000063765 
# 5637.0 CL_cluster_5623 3127.2895436784665 
# 5637.0 CL_cluster_5624 8325.238776566304 
# 5637.0 CL_cluster_5625 9871.079271805163 
# 5637.0 CL_cluster_5626 3404.0151135146543 
# 5637.0 CL_cluster_5627 2772.807914466993 
# 5637.0 CL_cluster_5628 1728.9906940987992 
# 5637.0 CL_cluster_5629 4174.520102381008 
# 5637.0 CL_cluster_5630 3901.721125493001 
# 5637.0 CL_cluster_5631 5396.207508267061 
# 5637.0 CL_cluster_5632 5597.436970237166 
# 5637.0 CL_cluster_5633 6519.5163054975055 
# 5637.0 CL_cluster_5634 6958.488771751911 
# 5637.0 CL_cluster_5635 9254.081421867122 
# 5637.0 CL_cluster_5636 8796.816009748756 
# 5637.0 CL_cluster_5637 0.0 
# 5637.0 CL_cluster_5638 3683.2814809838906 
# 5637.0 CL_cluster_5639 7356.990886903198 
# 5637.0 CL_cluster_5640 9931.221191167986 
# 5637.0 CL_cluster_5641 6909.573279240073 
# 5637.0 CL_cluster_5642 6640.70728468569 
# 5637.0 CL_cluster_5643 6676.4209714917815 
# 5637.0 CL_cluster_5644 8497.053382433282 
# 5637.0 CL_cluster_5645 8308.677763711099 
# 5637.0 CL_cluster_5646 6139.804356232736 
# 5637.0 CL_cluster_5647 3791.0710283812805 
# 5637.0 CL_cluster_5648 8508.304954576279 
# 5637.0 CL_cluster_5649 6543.850365541554 
# 5637.0 CL_cluster_5650 6317.800782158283 
# 5637.0 CL_cluster_5652 8083.757683166751 
# 5637.0 CL_cluster_5653 9595.524084546165 
# 5637.0 CL_cluster_5655 8607.700395019478 
# 5637.0 CL_cluster_10096 7941.721252044475 
# 5638.0 3137605402034 2384.162162844066 
# 5638.0 3137602116553 3486.1301287805 
# 5638.0 3137605324920 255.51122261563552 
# 5638.0 3137605324912 4864.4875975046625 
# 5638.0 3137602116588 5141.807081640005 
# 5638.0 3137605402417 5924.495993840929 
# 5638.0 3137602117363 8584.13335732337 
# 5638.0 3137605324904 4864.4875975046625 
# 5638.0 3137602116537 8584.13335732337 
# 5638.0 3137602116545 1328.0235141986022 
# 5638.0 3137605402425 3917.772715448788 
# 5638.0 3137602116561 4250.07100172506 
# 5638.0 3137604334663 6124.565815154434 
# 5638.0 3137609342923 4778.981747838326 
# 5638.0 CL_cluster_5616 4778.981747838326 
# 5638.0 CL_cluster_5617 4111.840739290827 
# 5638.0 CL_cluster_5618 2384.162162844066 
# 5638.0 CL_cluster_5619 3276.850792421949 
# 5638.0 CL_cluster_5620 3917.772715448788 
# 5638.0 CL_cluster_5621 4864.4875975046625 
# 5638.0 CL_cluster_5622 8902.259295880267 
# 5638.0 CL_cluster_5623 1328.0235141986022 
# 5638.0 CL_cluster_5624 5139.68078016981 
# 5638.0 CL_cluster_5625 9562.578536638568 
# 5638.0 CL_cluster_5626 3486.1301287805 
# 5638.0 CL_cluster_5627 3450.5311252452175 
# 5638.0 CL_cluster_5628 2857.1304270156224 
# 5638.0 CL_cluster_5629 2551.015020584806 
# 5638.0 CL_cluster_5630 255.51122261563552 
# 5638.0 CL_cluster_5631 2683.7116074900077 
# 5638.0 CL_cluster_5632 4608.056032613507 
# 5638.0 CL_cluster_5633 5141.807081640005 
# 5638.0 CL_cluster_5634 5780.6357274123275 
# 5638.0 CL_cluster_5635 8584.13335732337 
# 5638.0 CL_cluster_5636 8267.202717093012 
# 5638.0 CL_cluster_5637 3683.2814809838906 
# 5638.0 CL_cluster_5638 0.0 
# 5638.0 CL_cluster_5639 5421.948228689597 
# 5638.0 CL_cluster_5640 9314.577360618578 
# 5638.0 CL_cluster_5641 5924.495993840929 
# 5638.0 CL_cluster_5642 4690.4687979133805 
# 5638.0 CL_cluster_5643 3674.24152948024 
# 5638.0 CL_cluster_5644 8347.959426447134 
# 5638.0 CL_cluster_5645 8117.532337539625 
# 5638.0 CL_cluster_5646 4011.4480648684266 
# 5638.0 CL_cluster_5647 4250.07100172506 
# 5638.0 CL_cluster_5648 7793.071419287744 
# 5638.0 CL_cluster_5649 6124.565815154434 
# 5638.0 CL_cluster_5650 2634.5373588193966 
# 5638.0 CL_cluster_5652 5622.709172936065 
# 5638.0 CL_cluster_5653 10378.389241490424 
# 5638.0 CL_cluster_5655 7634.209988761557 
# 5638.0 CL_cluster_10096 4604.897882572606 
# 5639.0 3137605402034 4849.057067924898 
# 5639.0 3137602116553 4130.0314581474 
# 5639.0 3137605324920 5233.342300424916 
# 5639.0 3137605324912 1595.7013673218771 
# 5639.0 3137602116588 1178.2490383225331 
# 5639.0 3137605402417 1790.4789265514792 
# 5639.0 3137602117363 3794.941252168052 
# 5639.0 3137605324904 1595.7013673218771 
# 5639.0 3137602116537 3794.941252168052 
# 5639.0 3137602116545 4696.568927056 
# 5639.0 3137605402425 1591.5034576512915 
# 5639.0 3137602116561 4199.714031229185 
# 5639.0 3137604334663 2758.905105902073 
# 5639.0 3137609342923 3301.3499618888786 
# 5639.0 CL_cluster_5616 3301.3499618888786 
# 5639.0 CL_cluster_5617 3577.577097498347 
# 5639.0 CL_cluster_5618 4849.057067924898 
# 5639.0 CL_cluster_5619 2164.2423436567515 
# 5639.0 CL_cluster_5620 1591.5034576512915 
# 5639.0 CL_cluster_5621 1595.7013673218771 
# 5639.0 CL_cluster_5622 4355.13954188729 
# 5639.0 CL_cluster_5623 4696.568927056 
# 5639.0 CL_cluster_5624 3146.9975381913187 
# 5639.0 CL_cluster_5625 4996.697154724497 
# 5639.0 CL_cluster_5626 4130.0314581474 
# 5639.0 CL_cluster_5627 4790.663110784387 
# 5639.0 CL_cluster_5628 5632.809174889395 
# 5639.0 CL_cluster_5629 3270.827968244821 
# 5639.0 CL_cluster_5630 5233.342300424916 
# 5639.0 CL_cluster_5631 2799.504302934922 
# 5639.0 CL_cluster_5632 2081.220444354567 
# 5639.0 CL_cluster_5633 1178.2490383225331 
# 5639.0 CL_cluster_5634 1438.2500926602427 
# 5639.0 CL_cluster_5635 3794.941252168052 
# 5639.0 CL_cluster_5636 3710.569068852852 
# 5639.0 CL_cluster_5637 7356.990886903198 
# 5639.0 CL_cluster_5638 5421.948228689597 
# 5639.0 CL_cluster_5639 0.0 
# 5639.0 CL_cluster_5640 4461.491128633937 
# 5639.0 CL_cluster_5641 1790.4789265514792 
# 5639.0 CL_cluster_5642 750.9679998731874 
# 5639.0 CL_cluster_5643 2553.640302620896 
# 5639.0 CL_cluster_5644 4258.088302573747 
# 5639.0 CL_cluster_5645 4044.3407769559813 
# 5639.0 CL_cluster_5646 1410.9573789985536 
# 5639.0 CL_cluster_5647 4199.714031229185 
# 5639.0 CL_cluster_5648 3133.388909419863 
# 5639.0 CL_cluster_5649 2758.905105902073 
# 5639.0 CL_cluster_5650 5337.427254958583 
# 5639.0 CL_cluster_5652 1257.3513162340005 
# 5639.0 CL_cluster_5653 7018.298954282871 
# 5639.0 CL_cluster_5655 2707.763200493505 
# 5639.0 CL_cluster_10096 3538.962784619496 
# 5640.0 3137605402034 7840.0553626162655 
# 5640.0 3137602116553 6619.728269331916 
# 5640.0 3137605324920 9186.182286406029 
# 5640.0 3137605324912 4451.360763397613 
# 5640.0 3137602116588 4219.780340325803 
# 5640.0 3137605402417 3390.186043011563 
# 5640.0 3137602117363 730.4787124809804 
# 5640.0 3137605324904 4451.360763397613 
# 5640.0 3137602116537 730.4787124809804 
# 5640.0 3137602116545 8234.731375796575 
# 5640.0 3137605402425 5957.67251062973 
# 5640.0 3137602116561 6140.274494849148 
# 5640.0 3137604334663 3408.77618195503 
# 5640.0 3137609342923 5064.635230724713 
# 5640.0 CL_cluster_5616 5064.635230724713 
# 5640.0 CL_cluster_5617 5787.561308413907 
# 5640.0 CL_cluster_5618 7840.0553626162655 
# 5640.0 CL_cluster_5619 6180.707285042905 
# 5640.0 CL_cluster_5620 5957.67251062973 
# 5640.0 CL_cluster_5621 4451.360763397613 
# 5640.0 CL_cluster_5622 767.7862102320041 
# 5640.0 CL_cluster_5623 8234.731375796575 
# 5640.0 CL_cluster_5624 7380.6000680377 
# 5640.0 CL_cluster_5625 820.7966597664455 
# 5640.0 CL_cluster_5626 6619.728269331916 
# 5640.0 CL_cluster_5627 7186.173645501337 
# 5640.0 CL_cluster_5628 8338.514542891784 
# 5640.0 CL_cluster_5629 6787.3751593572 
# 5640.0 CL_cluster_5630 9186.182286406029 
# 5640.0 CL_cluster_5631 7013.094383700778 
# 5640.0 CL_cluster_5632 4733.904003015662 
# 5640.0 CL_cluster_5633 4219.780340325803 
# 5640.0 CL_cluster_5634 3559.946441426695 
# 5640.0 CL_cluster_5635 730.4787124809804 
# 5640.0 CL_cluster_5636 1134.4635624156285 
# 5640.0 CL_cluster_5637 9931.221191167986 
# 5640.0 CL_cluster_5638 9314.577360618578 
# 5640.0 CL_cluster_5639 4461.491128633937 
# 5640.0 CL_cluster_5640 0.0 
# 5640.0 CL_cluster_5641 3390.186043011563 
# 5640.0 CL_cluster_5642 4964.701079422616 
# 5640.0 CL_cluster_5643 7012.410243972456 
# 5640.0 CL_cluster_5644 1680.0724751114901 
# 5640.0 CL_cluster_5645 1772.6642546058833 
# 5640.0 CL_cluster_5646 5609.5342107609795 
# 5640.0 CL_cluster_5647 6140.274494849148 
# 5640.0 CL_cluster_5648 1523.2160140703788 
# 5640.0 CL_cluster_5649 3408.77618195503 
# 5640.0 CL_cluster_5650 9754.747448197304 
# 5640.0 CL_cluster_5652 5307.815708296514 
# 5640.0 CL_cluster_5653 3744.1793359776216 
# 5640.0 CL_cluster_5655 1766.6563703762577 
# 5640.0 CL_cluster_10096 7902.557608786136 
# 5641.0 3137605402034 4599.1824730576045 
# 5641.0 3137602116553 3505.615565739959 
# 5641.0 3137605324920 5796.829781809736 
# 5641.0 3137605324912 1062.0349483508314 
# 5641.0 3137602116588 918.7620023083715 
# 5641.0 3137605402417 0.0 
# 5641.0 3137602117363 2659.8209936166386 
# 5641.0 3137605324904 1062.0349483508314 
# 5641.0 3137602116537 2659.8209936166386 
# 5641.0 3137602116545 4870.222374748127 
# 5641.0 3137605402425 2830.153238427507 
# 5641.0 3137602116561 3250.614347117443 
# 5641.0 3137604334663 999.9705203211022 
# 5641.0 3137609342923 2147.223743668102 
# 5641.0 CL_cluster_5616 2147.223743668102 
# 5641.0 CL_cluster_5617 2728.40323154859 
# 5641.0 CL_cluster_5618 4599.1824730576045 
# 5641.0 CL_cluster_5619 2844.0052493137887 
# 5641.0 CL_cluster_5620 2830.153238427507 
# 5641.0 CL_cluster_5621 1062.0349483508314 
# 5641.0 CL_cluster_5622 3026.7894579643953 
# 5641.0 CL_cluster_5623 4870.222374748127 
# 5641.0 CL_cluster_5624 4899.4891575491265 
# 5641.0 CL_cluster_5625 3695.865062094398 
# 5641.0 CL_cluster_5626 3505.615565739959 
# 5641.0 CL_cluster_5627 4146.688095038278 
# 5641.0 CL_cluster_5628 5217.095749428838 
# 5641.0 CL_cluster_5629 3405.645448188519 
# 5641.0 CL_cluster_5630 5796.829781809736 
# 5641.0 CL_cluster_5631 3710.6878602255088 
# 5641.0 CL_cluster_5632 1383.10133255773 
# 5641.0 CL_cluster_5633 918.7620023083715 
# 5641.0 CL_cluster_5634 352.2759945347901 
# 5641.0 CL_cluster_5635 2659.8209936166386 
# 5641.0 CL_cluster_5636 2372.1734236579323 
# 5641.0 CL_cluster_5637 6909.573279240073 
# 5641.0 CL_cluster_5638 5924.495993840929 
# 5641.0 CL_cluster_5639 1790.4789265514792 
# 5641.0 CL_cluster_5640 3390.186043011563 
# 5641.0 CL_cluster_5641 0.0 
# 5641.0 CL_cluster_5642 1883.1972184868548 
# 5641.0 CL_cluster_5643 4000.252566228607 
# 5641.0 CL_cluster_5644 2670.1976992336286 
# 5641.0 CL_cluster_5645 2439.0589988413794 
# 5641.0 CL_cluster_5646 2395.0715602222517 
# 5641.0 CL_cluster_5647 3250.614347117443 
# 5641.0 CL_cluster_5648 1870.3700693612989 
# 5641.0 CL_cluster_5649 999.9705203211022 
# 5641.0 CL_cluster_5650 6546.196008902183 
# 5641.0 CL_cluster_5652 3036.4473166561115 
# 5641.0 CL_cluster_5653 5309.713456583412 
# 5641.0 CL_cluster_5655 1758.3851178949014 
# 5641.0 CL_cluster_10096 5214.287962629079 
# 5642.0 3137605402034 4124.154918365408 
# 5642.0 3137602116553 3483.8374073865507 
# 5642.0 3137605324920 4508.3621718007 
# 5642.0 3137605324912 1243.4068223110567 
# 5642.0 3137602116588 1006.6203378831578 
# 5642.0 3137605402417 1883.1972184868548 
# 5642.0 3137602117363 4264.713991549099 
# 5642.0 3137605324904 1243.4068223110567 
# 5642.0 3137602116537 4264.713991549099 
# 5642.0 3137602116545 3945.635692574019 
# 5642.0 3137605402425 995.5765126330712 
# 5642.0 3137602116561 3640.6450150401974 
# 5642.0 3137604334663 2715.0141753960197 
# 5642.0 3137609342923 2861.445094225002 
# 5642.0 CL_cluster_5616 2861.445094225002 
# 5642.0 CL_cluster_5617 3013.486328047515 
# 5642.0 CL_cluster_5618 4124.154918365408 
# 5642.0 CL_cluster_5619 1420.0547794520944 
# 5642.0 CL_cluster_5620 995.5765126330712 
# 5642.0 CL_cluster_5621 1243.4068223110567 
# 5642.0 CL_cluster_5622 4761.466963693394 
# 5642.0 CL_cluster_5623 3945.635692574019 
# 5642.0 CL_cluster_5624 3105.505781244214 
# 5642.0 CL_cluster_5625 5422.136474146619 
# 5642.0 CL_cluster_5626 3483.8374073865507 
# 5642.0 CL_cluster_5627 4133.749855426426 
# 5642.0 CL_cluster_5628 4922.814291349465 
# 5642.0 CL_cluster_5629 2526.2908070696626 
# 5642.0 CL_cluster_5630 4508.3621718007 
# 5642.0 CL_cluster_5631 2112.79318270066 
# 5642.0 CL_cluster_5632 1629.6283436146011 
# 5642.0 CL_cluster_5633 1006.6203378831578 
# 5642.0 CL_cluster_5634 1563.7725148483344 
# 5642.0 CL_cluster_5635 4264.713991549099 
# 5642.0 CL_cluster_5636 4102.055216972147 
# 5642.0 CL_cluster_5637 6640.70728468569 
# 5642.0 CL_cluster_5638 4690.4687979133805 
# 5642.0 CL_cluster_5639 750.9679998731874 
# 5642.0 CL_cluster_5640 4964.701079422616 
# 5642.0 CL_cluster_5641 1883.1972184868548 
# 5642.0 CL_cluster_5642 0.0 
# 5642.0 CL_cluster_5643 2126.829012484911 
# 5642.0 CL_cluster_5644 4529.318655706812 
# 5642.0 CL_cluster_5645 4302.543474889043 
# 5642.0 CL_cluster_5646 688.3260911727593 
# 5642.0 CL_cluster_5647 3640.6450150401974 
# 5642.0 CL_cluster_5648 3539.599504246286 
# 5642.0 CL_cluster_5649 2715.0141753960197 
# 5642.0 CL_cluster_5650 4791.1226657669185 
# 5642.0 CL_cluster_5652 1621.1479230623206 
# 5642.0 CL_cluster_5653 7190.560815254498 
# 5642.0 CL_cluster_5655 3198.8569896198396 
# 5642.0 CL_cluster_10096 3350.3587763208902 
# 5643.0 3137605402034 4291.751054305943 
# 5643.0 3137602116553 4296.504209638186 
# 5643.0 3137605324920 3431.315187566352 
# 5643.0 3137605324912 3179.706192498826 
# 5643.0 3137602116588 3094.057400181671 
# 5643.0 3137605402417 4000.252566228607 
# 5643.0 3137602117363 6335.581515359199 
# 5643.0 3137605324904 3179.706192498826 
# 5643.0 3137602116537 6335.581515359199 
# 5643.0 3137602116545 3566.009330811408 
# 5643.0 3137605402425 1186.8142668298422 
# 5643.0 3137602116561 4777.653619617733 
# 5643.0 3137604334663 4753.289026464089 
# 5643.0 3137609342923 4405.013728884497 
# 5643.0 CL_cluster_5616 4405.013728884497 
# 5643.0 CL_cluster_5617 4220.281856373661 
# 5643.0 CL_cluster_5618 4291.751054305943 
# 5643.0 CL_cluster_5619 1724.2730173564191 
# 5643.0 CL_cluster_5620 1186.8142668298422 
# 5643.0 CL_cluster_5621 3179.706192498826 
# 5643.0 CL_cluster_5622 6866.033884063348 
# 5643.0 CL_cluster_5623 3566.009330811408 
# 5643.0 CL_cluster_5624 1665.9466318601833 
# 5643.0 CL_cluster_5625 7519.931681460053 
# 5643.0 CL_cluster_5626 4296.504209638186 
# 5643.0 CL_cluster_5627 4802.6876757728505 
# 5643.0 CL_cluster_5628 5144.646642602404 
# 5643.0 CL_cluster_5629 2750.0261547439677 
# 5643.0 CL_cluster_5630 3431.315187566352 
# 5643.0 CL_cluster_5631 1296.897922881521 
# 5643.0 CL_cluster_5632 3359.203249408646 
# 5643.0 CL_cluster_5633 3094.057400181671 
# 5643.0 CL_cluster_5634 3689.3198733860695 
# 5643.0 CL_cluster_5635 6335.581515359199 
# 5643.0 CL_cluster_5636 6210.270544958182 
# 5643.0 CL_cluster_5637 6676.4209714917815 
# 5643.0 CL_cluster_5638 3674.24152948024 
# 5643.0 CL_cluster_5639 2553.640302620896 
# 5643.0 CL_cluster_5640 7012.410243972456 
# 5643.0 CL_cluster_5641 4000.252566228607 
# 5643.0 CL_cluster_5642 2126.829012484911 
# 5643.0 CL_cluster_5643 0.0 
# 5643.0 CL_cluster_5644 6655.929905196296 
# 5643.0 CL_cluster_5645 6428.681968480321 
# 5643.0 CL_cluster_5646 1664.9028165651553 
# 5643.0 CL_cluster_5647 4777.653619617733 
# 5643.0 CL_cluster_5648 5640.3729486455195 
# 5643.0 CL_cluster_5649 4753.289026464089 
# 5643.0 CL_cluster_5650 2826.5981328087705 
# 5643.0 CL_cluster_5652 2139.919781594556 
# 5643.0 CL_cluster_5653 9289.98709540379 
# 5643.0 CL_cluster_5655 5252.057085588023 
# 5643.0 CL_cluster_10096 1488.3052783683183 
# 5644.0 3137605402034 6596.509168013674 
# 5644.0 3137602116553 5317.608695155252 
# 5644.0 3137605324920 8256.020303262761 
# 5644.0 3137605324912 3651.0439578306487 
# 5644.0 3137602116588 3588.9202445488568 
# 5644.0 3137605402417 2670.1976992336286 
# 5644.0 3137602117363 1333.531272967488 
# 5644.0 3137605324904 3651.0439578306487 
# 5644.0 3137602116537 1333.531272967488 
# 5644.0 3137602116545 7157.470791369064 
# 5644.0 3137605402425 5496.414905631801 
# 5644.0 3137602116561 4741.19639305585 
# 5644.0 3137604334663 2223.5150974762064 
# 5644.0 3137609342923 3751.7936659238817 
# 5644.0 CL_cluster_5616 3751.7936659238817 
# 5644.0 CL_cluster_5617 4493.565200331369 
# 5644.0 CL_cluster_5618 6596.509168013674 
# 5644.0 CL_cluster_5619 5472.297091103982 
# 5644.0 CL_cluster_5620 5496.414905631801 
# 5644.0 CL_cluster_5621 3651.0439578306487 
# 5644.0 CL_cluster_5622 917.5954931330378 
# 5644.0 CL_cluster_5623 7157.470791369064 
# 5644.0 CL_cluster_5624 7393.456851939631 
# 5644.0 CL_cluster_5625 1378.8619743139545 
# 5644.0 CL_cluster_5626 5317.608695155252 
# 5644.0 CL_cluster_5627 5818.777990325203 
# 5644.0 CL_cluster_5628 6989.722589602959 
# 5644.0 CL_cluster_5629 5799.79365033733 
# 5644.0 CL_cluster_5630 8256.020303262761 
# 5644.0 CL_cluster_5631 6351.414849790955 
# 5644.0 CL_cluster_5632 3771.339851124434 
# 5644.0 CL_cluster_5633 3588.9202445488568 
# 5644.0 CL_cluster_5634 2967.092130057774 
# 5644.0 CL_cluster_5635 1333.531272967488 
# 5644.0 CL_cluster_5636 886.4634566847487 
# 5644.0 CL_cluster_5637 8497.053382433282 
# 5644.0 CL_cluster_5638 8347.959426447134 
# 5644.0 CL_cluster_5639 4258.088302573747 
# 5644.0 CL_cluster_5640 1680.0724751114901 
# 5644.0 CL_cluster_5641 2670.1976992336286 
# 5644.0 CL_cluster_5642 4529.318655706812 
# 5644.0 CL_cluster_5643 6655.929905196296 
# 5644.0 CL_cluster_5644 0.0 
# 5644.0 CL_cluster_5645 234.8184383352261 
# 5644.0 CL_cluster_5646 5065.226846899077 
# 5644.0 CL_cluster_5647 4741.19639305585 
# 5644.0 CL_cluster_5648 1311.9292635263998 
# 5644.0 CL_cluster_5649 2223.5150974762064 
# 5644.0 CL_cluster_5650 9205.7742511879 
# 5644.0 CL_cluster_5652 5371.806467236268 
# 5644.0 CL_cluster_5653 2823.5201473209568 
# 5644.0 CL_cluster_5655 1897.4874198239843 
# 5644.0 CL_cluster_10096 7792.3592054450555 
# 5645.0 3137605402034 6381.779868356363 
# 5645.0 3137602116553 5107.227155175118 
# 5645.0 3137605324920 8024.375768325461 
# 5645.0 3137605324912 3416.4144986103624 
# 5645.0 3137602116588 3357.57828561456 
# 5645.0 3137605402417 2439.0589988413794 
# 5645.0 3137602117363 1332.8503334211252 
# 5645.0 3137605324904 3416.4144986103624 
# 5645.0 3137602116537 1332.8503334211252 
# 5645.0 3137602116545 6931.257962126088 
# 5645.0 3137605402425 5266.895564066676 
# 5645.0 3137602116561 4542.699156444478 
# 5645.0 3137604334663 1993.9193830493139 
# 5645.0 3137609342923 3539.234716132683 
# 5645.0 CL_cluster_5616 3539.234716132683 
# 5645.0 CL_cluster_5617 4280.765140310665 
# 5645.0 CL_cluster_5618 6381.779868356363 
# 5645.0 CL_cluster_5619 5237.69502998451 
# 5645.0 CL_cluster_5620 5266.895564066676 
# 5645.0 CL_cluster_5621 3416.4144986103624 
# 5645.0 CL_cluster_5622 1034.7389944108447 
# 5645.0 CL_cluster_5623 6931.257962126088 
# 5645.0 CL_cluster_5624 7184.178471514034 
# 5645.0 CL_cluster_5625 1562.839760810759 
# 5645.0 CL_cluster_5626 5107.227155175118 
# 5645.0 CL_cluster_5627 5617.3513648163635 
# 5645.0 CL_cluster_5628 6787.131142536249 
# 5645.0 CL_cluster_5629 5568.654501532536 
# 5645.0 CL_cluster_5630 8024.375768325461 
# 5645.0 CL_cluster_5631 6116.977820281819 
# 5645.0 CL_cluster_5632 3537.65440159754 
# 5645.0 CL_cluster_5633 3357.57828561456 
# 5645.0 CL_cluster_5634 2739.3753770964654 
# 5645.0 CL_cluster_5635 1332.8503334211252 
# 5645.0 CL_cluster_5636 839.044913207275 
# 5645.0 CL_cluster_5637 8308.677763711099 
# 5645.0 CL_cluster_5638 8117.532337539625 
# 5645.0 CL_cluster_5639 4044.3407769559813 
# 5645.0 CL_cluster_5640 1772.6642546058833 
# 5645.0 CL_cluster_5641 2439.0589988413794 
# 5645.0 CL_cluster_5642 4302.543474889043 
# 5645.0 CL_cluster_5643 6428.681968480321 
# 5645.0 CL_cluster_5644 234.8184383352261 
# 5645.0 CL_cluster_5645 0.0 
# 5645.0 CL_cluster_5646 4833.770180097311 
# 5645.0 CL_cluster_5647 4542.699156444478 
# 5645.0 CL_cluster_5648 1174.4342826121926 
# 5645.0 CL_cluster_5649 1993.9193830493139 
# 5645.0 CL_cluster_5650 8972.022779244766 
# 5645.0 CL_cluster_5652 5171.484664457041 
# 5645.0 CL_cluster_5653 3008.5294676515964 
# 5645.0 CL_cluster_5655 1758.4533240059532 
# 5645.0 CL_cluster_10096 7575.123377290673 
# 5646.0 3137605402034 3617.393797500184 
# 5646.0 3137602116553 3155.9003303868185 
# 5646.0 3137605324920 3825.2267712494236 
# 5646.0 3137605324912 1515.3074418560668 
# 5646.0 3137602116588 1476.314396370625 
# 5646.0 3137605402417 2395.0715602222517 
# 5646.0 3137602117363 4899.711903314635 
# 5646.0 3137605324904 1515.3074418560668 
# 5646.0 3137602116537 4899.711903314635 
# 5646.0 3137602116545 3325.175341308923 
# 5646.0 3137605402425 486.8033648306698 
# 5646.0 3137602116561 3448.273650925783 
# 5646.0 3137604334663 3092.300323273301 
# 5646.0 3137609342923 2858.2638663415028 
# 5646.0 CL_cluster_5616 2858.2638663415028 
# 5646.0 CL_cluster_5617 2835.9735298712994 
# 5646.0 CL_cluster_5618 3617.393797500184 
# 5646.0 CL_cluster_5619 766.5908309902128 
# 5646.0 CL_cluster_5620 486.8033648306698 
# 5646.0 CL_cluster_5621 1515.3074418560668 
# 5646.0 CL_cluster_5622 5365.621067283153 
# 5646.0 CL_cluster_5623 3325.175341308923 
# 5646.0 CL_cluster_5624 2953.3421028603057 
# 5646.0 CL_cluster_5625 6031.524319350257 
# 5646.0 CL_cluster_5626 3155.9003303868185 
# 5646.0 CL_cluster_5627 3772.769207412194 
# 5646.0 CL_cluster_5628 4445.976036172988 
# 5646.0 CL_cluster_5629 1971.1958030727753 
# 5646.0 CL_cluster_5630 3825.2267712494236 
# 5646.0 CL_cluster_5631 1428.2095412046049 
# 5646.0 CL_cluster_5632 1721.754010394404 
# 5646.0 CL_cluster_5633 1476.314396370625 
# 5646.0 CL_cluster_5634 2116.2317475843283 
# 5646.0 CL_cluster_5635 4899.711903314635 
# 5646.0 CL_cluster_5636 4704.417963283016 
# 5646.0 CL_cluster_5637 6139.804356232736 
# 5646.0 CL_cluster_5638 4011.4480648684266 
# 5646.0 CL_cluster_5639 1410.9573789985536 
# 5646.0 CL_cluster_5640 5609.5342107609795 
# 5646.0 CL_cluster_5641 2395.0715602222517 
# 5646.0 CL_cluster_5642 688.3260911727593 
# 5646.0 CL_cluster_5643 1664.9028165651553 
# 5646.0 CL_cluster_5644 5065.226846899077 
# 5646.0 CL_cluster_5645 4833.770180097311 
# 5646.0 CL_cluster_5646 0.0 
# 5646.0 CL_cluster_5647 3448.273650925783 
# 5646.0 CL_cluster_5648 4154.148560418504 
# 5646.0 CL_cluster_5649 3092.300323273301 
# 5646.0 CL_cluster_5650 4169.077247953507 
# 5646.0 CL_cluster_5652 1953.179048055143 
# 5646.0 CL_cluster_5653 7642.396442480792 
# 5646.0 CL_cluster_5655 3849.183386461861 
# 5646.0 CL_cluster_10096 3051.113625950104 
# 5647.0 3137605402034 2015.3801569775856 
# 5647.0 3137602116553 763.9521465372984 
# 5647.0 3137605324920 4263.010563963934 
# 5647.0 3137605324912 2650.173489272608 
# 5647.0 3137602116588 3115.0372985945405 
# 5647.0 3137605402417 3250.614347117443 
# 5647.0 3137602117363 5464.5947280666405 
# 5647.0 3137605324904 2650.173489272608 
# 5647.0 3137602116537 5464.5947280666405 
# 5647.0 3137602116545 2922.4132212594395 
# 5647.0 3137605402425 3854.7933594969063 
# 5647.0 3137602116561 0.0 
# 5647.0 3137604334663 2760.3235893608526 
# 5647.0 3137609342923 1120.5716990660278 
# 5647.0 CL_cluster_5616 1120.5716990660278 
# 5647.0 CL_cluster_5617 627.2042462142716 
# 5647.0 CL_cluster_5618 2015.3801569775856 
# 5647.0 CL_cluster_5619 3061.433693635285 
# 5647.0 CL_cluster_5620 3854.7933594969063 
# 5647.0 CL_cluster_5621 2650.173489272608 
# 5647.0 CL_cluster_5622 5520.191116550437 
# 5647.0 CL_cluster_5623 2922.4132212594395 
# 5647.0 CL_cluster_5624 6330.624818704332 
# 5647.0 CL_cluster_5625 6104.357422065379 
# 5647.0 CL_cluster_5626 763.9521465372984 
# 5647.0 CL_cluster_5627 1083.1539371313968 
# 5647.0 CL_cluster_5628 2254.5937060194096 
# 5647.0 CL_cluster_5629 2230.4387599501883 
# 5647.0 CL_cluster_5630 4263.010563963934 
# 5647.0 CL_cluster_5631 3650.19685119554 
# 5647.0 CL_cluster_5632 2140.162925534894 
# 5647.0 CL_cluster_5633 3115.0372985945405 
# 5647.0 CL_cluster_5634 3379.2490388143237 
# 5647.0 CL_cluster_5635 5464.5947280666405 
# 5647.0 CL_cluster_5636 5005.832879607366 
# 5647.0 CL_cluster_5637 3791.0710283812805 
# 5647.0 CL_cluster_5638 4250.07100172506 
# 5647.0 CL_cluster_5639 4199.714031229185 
# 5647.0 CL_cluster_5640 6140.274494849148 
# 5647.0 CL_cluster_5641 3250.614347117443 
# 5647.0 CL_cluster_5642 3640.6450150401974 
# 5647.0 CL_cluster_5643 4777.653619617733 
# 5647.0 CL_cluster_5644 4741.19639305585 
# 5647.0 CL_cluster_5645 4542.699156444478 
# 5647.0 CL_cluster_5646 3448.273650925783 
# 5647.0 CL_cluster_5647 0.0 
# 5647.0 CL_cluster_5648 4726.745056695443 
# 5647.0 CL_cluster_5649 2760.3235893608526 
# 5647.0 CL_cluster_5650 6118.665324896841 
# 5647.0 CL_cluster_5652 5260.37952767559 
# 5647.0 CL_cluster_5653 6259.011057383736 
# 5647.0 CL_cluster_5655 4865.333122886984 
# 5647.0 CL_cluster_10096 6265.704178017618 
# 5648.0 3137605402034 6346.087362014038 
# 5648.0 3137602116553 5152.551541936226 
# 5648.0 3137605324920 7667.089720460851 
# 5648.0 3137605324912 2932.393900957032 
# 5648.0 3137602116588 2724.645384245479 
# 5648.0 3137605402417 1870.3700693612989 
# 5648.0 3137602117363 793.5473756650491 
# 5648.0 3137605324904 2932.393900957032 
# 5648.0 3137602116537 793.5473756650491 
# 5648.0 3137602116545 6713.402917531074 
# 5648.0 3137605402425 4534.238974376576 
# 5648.0 3137602116561 4726.745056695443 
# 5648.0 3137604334663 1966.4361398958747 
# 5648.0 3137609342923 3623.05297971211 
# 5648.0 CL_cluster_5616 3623.05297971211 
# 5648.0 CL_cluster_5617 4325.902672329108 
# 5648.0 CL_cluster_5618 6346.087362014038 
# 5648.0 CL_cluster_5619 4686.406156116622 
# 5648.0 CL_cluster_5620 4534.238974376576 
# 5648.0 CL_cluster_5621 2932.393900957032 
# 5648.0 CL_cluster_5622 1225.8467398386988 
# 5648.0 CL_cluster_5623 6713.402917531074 
# 5648.0 CL_cluster_5624 6210.537476196969 
# 5648.0 CL_cluster_5625 1882.5846745960894 
# 5648.0 CL_cluster_5626 5152.551541936226 
# 5648.0 CL_cluster_5627 5743.187690079497 
# 5648.0 CL_cluster_5628 6878.860631518578 
# 5648.0 CL_cluster_5629 5264.159298413489 
# 5648.0 CL_cluster_5630 7667.089720460851 
# 5648.0 CL_cluster_5631 5534.227433987276 
# 5648.0 CL_cluster_5632 3211.852987114325 
# 5648.0 CL_cluster_5633 2724.645384245479 
# 5648.0 CL_cluster_5634 2062.0643953029144 
# 5648.0 CL_cluster_5635 793.5473756650491 
# 5648.0 CL_cluster_5636 578.1000331917118 
# 5648.0 CL_cluster_5637 8508.304954576279 
# 5648.0 CL_cluster_5638 7793.071419287744 
# 5648.0 CL_cluster_5639 3133.388909419863 
# 5648.0 CL_cluster_5640 1523.2160140703788 
# 5648.0 CL_cluster_5641 1870.3700693612989 
# 5648.0 CL_cluster_5642 3539.599504246286 
# 5648.0 CL_cluster_5643 5640.3729486455195 
# 5648.0 CL_cluster_5644 1311.9292635263998 
# 5648.0 CL_cluster_5645 1174.4342826121926 
# 5648.0 CL_cluster_5646 4154.148560418504 
# 5648.0 CL_cluster_5647 4726.745056695443 
# 5648.0 CL_cluster_5648 0.0 
# 5648.0 CL_cluster_5649 1966.4361398958747 
# 5648.0 CL_cluster_5650 8320.813713770465 
# 5648.0 CL_cluster_5652 4154.266731648417 
# 5648.0 CL_cluster_5653 4120.630448707132 
# 5648.0 CL_cluster_5655 586.0807041623311 
# 5648.0 CL_cluster_10096 6661.2707204048 
# 5649.0 3137605402034 4445.702227571128 
# 5649.0 3137602116553 3211.092850131568 
# 5649.0 3137605324920 6034.663769356833 
# 5649.0 3137605324912 1580.6148372401933 
# 5649.0 3137602116588 1710.0743093681258 
# 5649.0 3137605402417 999.9705203211022 
# 5649.0 3137602117363 2714.148863481434 
# 5649.0 3137605324904 1580.6148372401933 
# 5649.0 3137602116537 2714.148863481434 
# 5649.0 3137602116545 4941.231477210686 
# 5649.0 3137605402425 3566.5530600288307 
# 5649.0 3137602116561 2760.3235893608526 
# 5649.0 3137604334663 0.0 
# 5649.0 3137609342923 1660.7503879137566 
# 5649.0 CL_cluster_5616 1660.7503879137566 
# 5649.0 CL_cluster_5617 2378.785131015347 
# 5649.0 CL_cluster_5618 4445.702227571128 
# 5649.0 CL_cluster_5619 3356.0819054723315 
# 5649.0 CL_cluster_5620 3566.5530600288307 
# 5649.0 CL_cluster_5621 1580.6148372401933 
# 5649.0 CL_cluster_5622 2852.8070570206846 
# 5649.0 CL_cluster_5623 4941.231477210686 
# 5649.0 CL_cluster_5624 5805.340468721187 
# 5649.0 CL_cluster_5625 3487.2415851136448 
# 5649.0 CL_cluster_5626 3211.092850131568 
# 5649.0 CL_cluster_5627 3783.8386600329486 
# 5649.0 CL_cluster_5628 4930.568757556118 
# 5649.0 CL_cluster_5629 3577.5231692966845 
# 5649.0 CL_cluster_5630 6034.663769356833 
# 5649.0 CL_cluster_5631 4237.816877492527 
# 5649.0 CL_cluster_5632 1577.2444950279219 
# 5649.0 CL_cluster_5633 1710.0743093681258 
# 5649.0 CL_cluster_5634 1338.2326157747277 
# 5649.0 CL_cluster_5635 2714.148863481434 
# 5649.0 CL_cluster_5636 2279.9326967853185 
# 5649.0 CL_cluster_5637 6543.850365541554 
# 5649.0 CL_cluster_5638 6124.565815154434 
# 5649.0 CL_cluster_5639 2758.905105902073 
# 5649.0 CL_cluster_5640 3408.77618195503 
# 5649.0 CL_cluster_5641 999.9705203211022 
# 5649.0 CL_cluster_5642 2715.0141753960197 
# 5649.0 CL_cluster_5643 4753.289026464089 
# 5649.0 CL_cluster_5644 2223.5150974762064 
# 5649.0 CL_cluster_5645 1993.9193830493139 
# 5649.0 CL_cluster_5646 3092.300323273301 
# 5649.0 CL_cluster_5647 2760.3235893608526 
# 5649.0 CL_cluster_5648 1966.4361398958747 
# 5649.0 CL_cluster_5649 0.0 
# 5649.0 CL_cluster_5650 7106.991574033867 
# 5649.0 CL_cluster_5652 4014.5181574089465 
# 5649.0 CL_cluster_5653 4564.357870084459 
# 5649.0 CL_cluster_5655 2147.9766128644665 
# 5649.0 CL_cluster_10096 6061.98656797458 
# 5650.0 3137605402034 4677.876142407955 
# 5650.0 3137602116553 5410.782929624538 
# 5650.0 3137605324920 2423.048529271358 
# 5650.0 3137605324912 5563.982851602935 
# 5650.0 3137602116588 5632.260987655633 
# 5650.0 3137605402417 6546.196008902183 
# 5650.0 3137602117363 9055.559352653638 
# 5650.0 3137605324904 5563.982851602935 
# 5650.0 3137602116537 9055.559352653638 
# 5650.0 3137602116545 3564.023604558293 
# 5650.0 3137605402425 3797.0890534739115 
# 5650.0 3137602116561 6118.665324896841 
# 5650.0 3137604334663 7106.991574033867 
# 5650.0 3137609342923 6233.950652443762 
# 5650.0 CL_cluster_5616 6233.950652443762 
# 5650.0 CL_cluster_5617 5754.913577027993 
# 5650.0 CL_cluster_5618 4677.876142407955 
# 5650.0 CL_cluster_5619 3751.770104482448 
# 5650.0 CL_cluster_5620 3797.0890534739115 
# 5650.0 CL_cluster_5621 5563.982851602935 
# 5650.0 CL_cluster_5622 9534.613505227642 
# 5650.0 CL_cluster_5623 3564.023604558293 
# 5650.0 CL_cluster_5624 3530.426647025591 
# 5650.0 CL_cluster_5625 10200.099031338039 
# 5650.0 CL_cluster_5626 5410.782929624538 
# 5650.0 CL_cluster_5627 5624.084388665095 
# 5650.0 CL_cluster_5628 5342.419276570235 
# 5650.0 CL_cluster_5629 3925.141050244804 
# 5650.0 CL_cluster_5630 2423.048529271358 
# 5650.0 CL_cluster_5631 2869.266084035974 
# 5650.0 CL_cluster_5632 5547.399376882457 
# 5650.0 CL_cluster_5633 5632.260987655633 
# 5650.0 CL_cluster_5634 6282.946504930915 
# 5650.0 CL_cluster_5635 9055.559352653638 
# 5650.0 CL_cluster_5636 8873.42337214438 
# 5650.0 CL_cluster_5637 6317.800782158283 
# 5650.0 CL_cluster_5638 2634.5373588193966 
# 5650.0 CL_cluster_5639 5337.427254958583 
# 5650.0 CL_cluster_5640 9754.747448197304 
# 5650.0 CL_cluster_5641 6546.196008902183 
# 5650.0 CL_cluster_5642 4791.1226657669185 
# 5650.0 CL_cluster_5643 2826.5981328087705 
# 5650.0 CL_cluster_5644 9205.7742511879 
# 5650.0 CL_cluster_5645 8972.022779244766 
# 5650.0 CL_cluster_5646 4169.077247953507 
# 5650.0 CL_cluster_5647 6118.665324896841 
# 5650.0 CL_cluster_5648 8320.813713770465 
# 5650.0 CL_cluster_5649 7106.991574033867 
# 5650.0 CL_cluster_5650 0.0 
# 5650.0 CL_cluster_5652 4925.178422128754 
# 5650.0 CL_cluster_5653 11652.676665072866 
# 5650.0 CL_cluster_5655 7988.193576317509 
# 5650.0 CL_cluster_10096 2823.008587256187 
# 5652.0 3137605402034 5564.2967929633805 
# 5652.0 3137602116553 5067.511979534092 
# 5652.0 3137605324920 5399.759020688673 
# 5652.0 3137605324912 2781.438956396149 
# 5652.0 3137602116588 2408.1864376501067 
# 5652.0 3137605402417 3036.4473166561115 
# 5652.0 3137602117363 4712.928931686465 
# 5652.0 3137605324904 2781.438956396149 
# 5652.0 3137602116537 4712.928931686465 
# 5652.0 3137602116545 5173.145216106998 
# 5652.0 3137605402425 1784.6123807868103 
# 5652.0 3137602116561 5260.37952767559 
# 5652.0 3137604334663 4014.5181574089465 
# 5652.0 3137609342923 4461.9263662399235 
# 5652.0 CL_cluster_5616 4461.9263662399235 
# 5652.0 CL_cluster_5617 4633.424013043986 
# 5652.0 CL_cluster_5618 5564.2967929633805 
# 5652.0 CL_cluster_5619 2660.4773421954974 
# 5652.0 CL_cluster_5620 1784.6123807868103 
# 5652.0 CL_cluster_5621 2781.438956396149 
# 5652.0 CL_cluster_5622 5337.605415341482 
# 5652.0 CL_cluster_5623 5173.145216106998 
# 5652.0 CL_cluster_5624 2074.6035076844587 
# 5652.0 CL_cluster_5625 5941.298735806081 
# 5652.0 CL_cluster_5626 5067.511979534092 
# 5652.0 CL_cluster_5627 5702.84363884562 
# 5652.0 CL_cluster_5628 6397.7687911974535 
# 5652.0 CL_cluster_5629 3909.282260058425 
# 5652.0 CL_cluster_5630 5399.759020688673 
# 5652.0 CL_cluster_5631 2952.428294450455 
# 5652.0 CL_cluster_5632 3225.0991346866426 
# 5652.0 CL_cluster_5633 2408.1864376501067 
# 5652.0 CL_cluster_5634 2685.6808010087875 
# 5652.0 CL_cluster_5635 4712.928931686465 
# 5652.0 CL_cluster_5636 4727.228128971946 
# 5652.0 CL_cluster_5637 8083.757683166751 
# 5652.0 CL_cluster_5638 5622.709172936065 
# 5652.0 CL_cluster_5639 1257.3513162340005 
# 5652.0 CL_cluster_5640 5307.815708296514 
# 5652.0 CL_cluster_5641 3036.4473166561115 
# 5652.0 CL_cluster_5642 1621.1479230623206 
# 5652.0 CL_cluster_5643 2139.919781594556 
# 5652.0 CL_cluster_5644 5371.806467236268 
# 5652.0 CL_cluster_5645 5171.484664457041 
# 5652.0 CL_cluster_5646 1953.179048055143 
# 5652.0 CL_cluster_5647 5260.37952767559 
# 5652.0 CL_cluster_5648 4154.266731648417 
# 5652.0 CL_cluster_5649 4014.5181574089465 
# 5652.0 CL_cluster_5650 4925.178422128754 
# 5652.0 CL_cluster_5652 0.0 
# 5652.0 CL_cluster_5653 8174.173946594443 
# 5652.0 CL_cluster_5655 3646.8089309299676 
# 5652.0 CL_cluster_10096 2616.542015950768 
# 5653.0 3137605402034 8273.355301222316 
# 5653.0 3137602116553 6986.868645433476 
# 5653.0 3137605324920 10337.921927265521 
# 5653.0 3137605324912 6141.4886396593765 
# 5653.0 3137602116588 6198.372487558264 
# 5653.0 3137605402417 5309.713456583412 
# 5653.0 3137602117363 3878.794645114441 
# 5653.0 3137605324904 6141.4886396593765 
# 5653.0 3137602116537 3878.794645114441 
# 5653.0 3137602116545 9084.18447485765 
# 5653.0 3137605402425 8106.096325467672 
# 5653.0 3137602116561 6259.011057383736 
# 5653.0 3137604334663 4564.357870084459 
# 5653.0 3137609342923 5602.8212632451 
# 5653.0 CL_cluster_5616 5602.8212632451 
# 5653.0 CL_cluster_5617 6273.560860062199 
# 5653.0 CL_cluster_5618 8273.355301222316 
# 5653.0 CL_cluster_5619 7910.87132328764 
# 5653.0 CL_cluster_5620 8106.096325467672 
# 5653.0 CL_cluster_5621 6141.4886396593765 
# 5653.0 CL_cluster_5622 3196.384660366503 
# 5653.0 CL_cluster_5623 9084.18447485765 
# 5653.0 CL_cluster_5624 10165.27379609736 
# 5653.0 CL_cluster_5625 2937.7426146083376 
# 5653.0 CL_cluster_5626 6986.868645433476 
# 5653.0 CL_cluster_5627 7292.727242597825 
# 5653.0 CL_cluster_5628 8411.657420252506 
# 5653.0 CL_cluster_5629 7932.305106346443 
# 5653.0 CL_cluster_5630 10337.921927265521 
# 5653.0 CL_cluster_5631 8788.453840429185 
# 5653.0 CL_cluster_5632 6105.603270353743 
# 5653.0 CL_cluster_5633 6198.372487558264 
# 5653.0 CL_cluster_5634 5643.500827971766 
# 5653.0 CL_cluster_5635 3878.794645114441 
# 5653.0 CL_cluster_5636 3610.2267771924853 
# 5653.0 CL_cluster_5637 9595.524084546165 
# 5653.0 CL_cluster_5638 10378.389241490424 
# 5653.0 CL_cluster_5639 7018.298954282871 
# 5653.0 CL_cluster_5640 3744.1793359776216 
# 5653.0 CL_cluster_5641 5309.713456583412 
# 5653.0 CL_cluster_5642 7190.560815254498 
# 5653.0 CL_cluster_5643 9289.98709540379 
# 5653.0 CL_cluster_5644 2823.5201473209568 
# 5653.0 CL_cluster_5645 3008.5294676515964 
# 5653.0 CL_cluster_5646 7642.396442480792 
# 5653.0 CL_cluster_5647 6259.011057383736 
# 5653.0 CL_cluster_5648 4120.630448707132 
# 5653.0 CL_cluster_5649 4564.357870084459 
# 5653.0 CL_cluster_5650 11652.676665072866 
# 5653.0 CL_cluster_5652 8174.173946594443 
# 5653.0 CL_cluster_5653 0.0 
# 5653.0 CL_cluster_5655 4698.856301864674 
# 5653.0 CL_cluster_10096 10519.81510674435 
# 5655.0 3137605402034 6349.352534821947 
# 5655.0 3137602116553 5214.958325814162 
# 5655.0 3137605324920 7492.245210543837 
# 5655.0 3137605324912 2785.6936441538332 
# 5655.0 3137602116588 2497.763884094161 
# 5655.0 3137605402417 1758.3851178949014 
# 5655.0 3137602117363 1087.7766043216684 
# 5655.0 3137605324904 2785.6936441538332 
# 5655.0 3137602116537 1087.7766043216684 
# 5655.0 3137602116545 6619.642834759423 
# 5655.0 3137605402425 4191.171019045486 
# 5655.0 3137602116561 4865.333122886984 
# 5655.0 3137604334663 2147.9766128644665 
# 5655.0 3137609342923 3745.5594152871518 
# 5655.0 CL_cluster_5616 3745.5594152871518 
# 5655.0 CL_cluster_5617 4407.095325110515 
# 5655.0 CL_cluster_5618 6349.352534821947 
# 5655.0 CL_cluster_5619 4444.308160794428 
# 5655.0 CL_cluster_5620 4191.171019045486 
# 5655.0 CL_cluster_5621 2785.6936441538332 
# 5655.0 CL_cluster_5622 1691.1098506761407 
# 5655.0 CL_cluster_5623 6619.642834759423 
# 5655.0 CL_cluster_5624 5716.351852565918 
# 5655.0 CL_cluster_5625 2303.5740007108525 
# 5655.0 CL_cluster_5626 5214.958325814162 
# 5655.0 CL_cluster_5627 5834.974291801936 
# 5655.0 CL_cluster_5628 6939.273321179777 
# 5655.0 CL_cluster_5629 5145.596062208278 
# 5655.0 CL_cluster_5630 7492.245210543837 
# 5655.0 CL_cluster_5631 5261.239388524083 
# 5655.0 CL_cluster_5632 3141.475321102762 
# 5655.0 CL_cluster_5633 2497.763884094161 
# 5655.0 CL_cluster_5634 1854.0237268438657 
# 5655.0 CL_cluster_5635 1087.7766043216684 
# 5655.0 CL_cluster_5636 1106.9212558401916 
# 5655.0 CL_cluster_5637 8607.700395019478 
# 5655.0 CL_cluster_5638 7634.209988761557 
# 5655.0 CL_cluster_5639 2707.763200493505 
# 5655.0 CL_cluster_5640 1766.6563703762577 
# 5655.0 CL_cluster_5641 1758.3851178949014 
# 5655.0 CL_cluster_5642 3198.8569896198396 
# 5655.0 CL_cluster_5643 5252.057085588023 
# 5655.0 CL_cluster_5644 1897.4874198239843 
# 5655.0 CL_cluster_5645 1758.4533240059532 
# 5655.0 CL_cluster_5646 3849.183386461861 
# 5655.0 CL_cluster_5647 4865.333122886984 
# 5655.0 CL_cluster_5648 586.0807041623311 
# 5655.0 CL_cluster_5649 2147.9766128644665 
# 5655.0 CL_cluster_5650 7988.193576317509 
# 5655.0 CL_cluster_5652 3646.8089309299676 
# 5655.0 CL_cluster_5653 4698.856301864674 
# 5655.0 CL_cluster_5655 0.0 
# 5655.0 CL_cluster_10096 6197.3397759005 
# 10096.0 3137605402034 5665.735400950875 
# 10096.0 3137602116553 5772.007785093779 
# 10096.0 3137605324920 4349.445707802343 
# 10096.0 3137605324912 4527.775686376601 
# 10096.0 3137602116588 4356.802639442805 
# 10096.0 3137605402417 5214.287962629079 
# 10096.0 3137602117363 7280.050244348958 
# 10096.0 3137605324904 4527.775686376601 
# 10096.0 3137602116537 7280.050244348958 
# 10096.0 3137602116545 4817.040899573954 
# 10096.0 3137605402425 2566.22302628676 
# 10096.0 3137602116561 6265.704178017618 
# 10096.0 3137604334663 6061.98656797458 
# 10096.0 3137609342923 5868.901663262886 
# 10096.0 CL_cluster_5616 5868.901663262886 
# 10096.0 CL_cluster_5617 5707.575900004058 
# 10096.0 CL_cluster_5618 5665.735400950875 
# 10096.0 CL_cluster_5619 3211.319302096713 
# 10096.0 CL_cluster_5620 2566.22302628676 
# 10096.0 CL_cluster_5621 4527.775686376601 
# 10096.0 CL_cluster_5622 7874.260003732617 
# 10096.0 CL_cluster_5623 4817.040899573954 
# 10096.0 CL_cluster_5624 725.1537690455109 
# 10096.0 CL_cluster_5625 8500.83851971366 
# 10096.0 CL_cluster_5626 5772.007785093779 
# 10096.0 CL_cluster_5627 6256.209409116214 
# 10096.0 CL_cluster_5628 6504.580384607862 
# 10096.0 CL_cluster_5629 4201.01920061693 
# 10096.0 CL_cluster_5630 4349.445707802343 
# 10096.0 CL_cluster_5631 2710.1576468083813 
# 10096.0 CL_cluster_5632 4772.760906014799 
# 10096.0 CL_cluster_5633 4356.802639442805 
# 10096.0 CL_cluster_5634 4876.645594299393 
# 10096.0 CL_cluster_5635 7280.050244348958 
# 10096.0 CL_cluster_5636 7239.370748272275 
# 10096.0 CL_cluster_5637 7941.721252044475 
# 10096.0 CL_cluster_5638 4604.897882572606 
# 10096.0 CL_cluster_5639 3538.962784619496 
# 10096.0 CL_cluster_5640 7902.557608786136 
# 10096.0 CL_cluster_5641 5214.287962629079 
# 10096.0 CL_cluster_5642 3350.3587763208902 
# 10096.0 CL_cluster_5643 1488.3052783683183 
# 10096.0 CL_cluster_5644 7792.3592054450555 
# 10096.0 CL_cluster_5645 7575.123377290673 
# 10096.0 CL_cluster_5646 3051.113625950104 
# 10096.0 CL_cluster_5647 6265.704178017618 
# 10096.0 CL_cluster_5648 6661.2707204048 
# 10096.0 CL_cluster_5649 6061.98656797458 
# 10096.0 CL_cluster_5650 2823.008587256187 
# 10096.0 CL_cluster_5652 2616.542015950768 
# 10096.0 CL_cluster_5653 10519.81510674435 
# 10096.0 CL_cluster_5655 6197.3397759005 
# 10096.0 CL_cluster_10096 0.0 

CL_cluster_5616	3137605402034	2845
CL_cluster_5616	3137602116553	1569
CL_cluster_5616	3137605324920	4735
CL_cluster_5616	3137605324912	1705
CL_cluster_5616	3137602116588	2147
CL_cluster_5616	3137605402417	2147
CL_cluster_5616	3137602117363	4374
CL_cluster_5616	3137605324904	1705
CL_cluster_5616	3137602116537	4374
CL_cluster_5616	3137602116545	3502
CL_cluster_5616	3137605402425	3324
CL_cluster_5616	3137602116561	1120
CL_cluster_5616	3137604334663	1660
CL_cluster_5616	3137609342923	0
CL_cluster_5616	CL_cluster_5616	0
CL_cluster_5616	CL_cluster_5617	741
CL_cluster_5616	CL_cluster_5618	2845
CL_cluster_5616	CL_cluster_5619	2713
CL_cluster_5616	CL_cluster_5620	3324
CL_cluster_5616	CL_cluster_5621	1705
CL_cluster_5616	CL_cluster_5622	4477
CL_cluster_5616	CL_cluster_5623	3502
CL_cluster_5616	CL_cluster_5624	5811
CL_cluster_5616	CL_cluster_5625	5086
CL_cluster_5616	CL_cluster_5626	1569
CL_cluster_5616	CL_cluster_5627	2123
CL_cluster_5616	CL_cluster_5628	3275
CL_cluster_5616	CL_cluster_5629	2359
CL_cluster_5616	CL_cluster_5630	4735
CL_cluster_5616	CL_cluster_5631	3489
CL_cluster_5616	CL_cluster_5632	1236
CL_cluster_5616	CL_cluster_5633	2147
CL_cluster_5616	CL_cluster_5634	2306
CL_cluster_5616	CL_cluster_5635	4374
CL_cluster_5616	CL_cluster_5636	3932
CL_cluster_5616	CL_cluster_5637	4885
CL_cluster_5616	CL_cluster_5638	4778
CL_cluster_5616	CL_cluster_5639	3301
CL_cluster_5616	CL_cluster_5640	5064
CL_cluster_5616	CL_cluster_5641	2147
CL_cluster_5616	CL_cluster_5642	2861
CL_cluster_5616	CL_cluster_5643	4405
CL_cluster_5616	CL_cluster_5644	3751
CL_cluster_5616	CL_cluster_5645	3539
CL_cluster_5616	CL_cluster_5646	2858
CL_cluster_5616	CL_cluster_5647	1120
CL_cluster_5616	CL_cluster_5648	3623
CL_cluster_5616	CL_cluster_5649	1660
CL_cluster_5616	CL_cluster_5650	6233
CL_cluster_5616	CL_cluster_5652	4461
CL_cluster_5616	CL_cluster_5653	5602
CL_cluster_5616	CL_cluster_5655	3745
CL_cluster_5616	CL_cluster_10096	5868
CL_cluster_5617	3137605402034	2104
CL_cluster_5617	3137602116553	833
CL_cluster_5617	3137605324920	4087
CL_cluster_5617	3137605324912	2044
CL_cluster_5617	3137602116588	2511
CL_cluster_5617	3137605402417	2728
CL_cluster_5617	3137602117363	5089
CL_cluster_5617	3137605324904	2044
CL_cluster_5617	3137602116537	5089
CL_cluster_5617	3137602116545	2810
CL_cluster_5617	3137605402425	3254
CL_cluster_5617	3137602116561	627
CL_cluster_5617	3137604334663	2378
CL_cluster_5617	3137609342923	741
CL_cluster_5617	CL_cluster_5616	741
CL_cluster_5617	CL_cluster_5617	0
CL_cluster_5617	CL_cluster_5618	2104
CL_cluster_5617	CL_cluster_5619	2496
CL_cluster_5617	CL_cluster_5620	3254
CL_cluster_5617	CL_cluster_5621	2044
CL_cluster_5617	CL_cluster_5622	5212
CL_cluster_5617	CL_cluster_5623	2810
CL_cluster_5617	CL_cluster_5624	5742
CL_cluster_5617	CL_cluster_5625	5826
CL_cluster_5617	CL_cluster_5626	833
CL_cluster_5617	CL_cluster_5627	1427
CL_cluster_5617	CL_cluster_5628	2553
CL_cluster_5617	CL_cluster_5629	1829
CL_cluster_5617	CL_cluster_5630	4087
CL_cluster_5617	CL_cluster_5631	3152
CL_cluster_5617	CL_cluster_5632	1533
CL_cluster_5617	CL_cluster_5633	2511
CL_cluster_5617	CL_cluster_5634	2821
CL_cluster_5617	CL_cluster_5635	5089
CL_cluster_5617	CL_cluster_5636	4657
CL_cluster_5617	CL_cluster_5637	4200
CL_cluster_5617	CL_cluster_5638	4111
CL_cluster_5617	CL_cluster_5639	3577
CL_cluster_5617	CL_cluster_5640	5787
CL_cluster_5617	CL_cluster_5641	2728
CL_cluster_5617	CL_cluster_5642	3013
CL_cluster_5617	CL_cluster_5643	4220
CL_cluster_5617	CL_cluster_5644	4493
CL_cluster_5617	CL_cluster_5645	4280
CL_cluster_5617	CL_cluster_5646	2835
CL_cluster_5617	CL_cluster_5647	627
CL_cluster_5617	CL_cluster_5648	4325
CL_cluster_5617	CL_cluster_5649	2378
CL_cluster_5617	CL_cluster_5650	5754
CL_cluster_5617	CL_cluster_5652	4633
CL_cluster_5617	CL_cluster_5653	6273
CL_cluster_5617	CL_cluster_5655	4407
CL_cluster_5617	CL_cluster_10096	5707
CL_cluster_5618	3137605402034	0
CL_cluster_5618	3137602116553	1301
CL_cluster_5618	3137605324920	2462
CL_cluster_5618	3137605324912	3665
CL_cluster_5618	3137602116588	4084
CL_cluster_5618	3137605402417	4599
CL_cluster_5618	3137602117363	7127
CL_cluster_5618	3137605324904	3665
CL_cluster_5618	3137602116537	7127
CL_cluster_5618	3137602116545	1126
CL_cluster_5618	3137605402425	3822
CL_cluster_5618	3137602116561	2015
CL_cluster_5618	3137604334663	4445
CL_cluster_5618	3137609342923	2845
CL_cluster_5618	CL_cluster_5616	2845
CL_cluster_5618	CL_cluster_5617	2104
CL_cluster_5618	CL_cluster_5618	0
CL_cluster_5618	CL_cluster_5619	2914
CL_cluster_5618	CL_cluster_5620	3822
CL_cluster_5618	CL_cluster_5621	3665
CL_cluster_5618	CL_cluster_5622	7296
CL_cluster_5618	CL_cluster_5623	1126
CL_cluster_5618	CL_cluster_5624	5957
CL_cluster_5618	CL_cluster_5625	7919
CL_cluster_5618	CL_cluster_5626	1301
CL_cluster_5618	CL_cluster_5627	1075
CL_cluster_5618	CL_cluster_5628	856
CL_cluster_5618	CL_cluster_5629	1658
CL_cluster_5618	CL_cluster_5630	2462
CL_cluster_5618	CL_cluster_5631	2994
CL_cluster_5618	CL_cluster_5632	3227
CL_cluster_5618	CL_cluster_5633	4084
CL_cluster_5618	CL_cluster_5634	4589
CL_cluster_5618	CL_cluster_5635	7127
CL_cluster_5618	CL_cluster_5636	6720
CL_cluster_5618	CL_cluster_5637	2523
CL_cluster_5618	CL_cluster_5638	2384
CL_cluster_5618	CL_cluster_5639	4849
CL_cluster_5618	CL_cluster_5640	7840
CL_cluster_5618	CL_cluster_5641	4599
CL_cluster_5618	CL_cluster_5642	4124
CL_cluster_5618	CL_cluster_5643	4291
CL_cluster_5618	CL_cluster_5644	6596
CL_cluster_5618	CL_cluster_5645	6381
CL_cluster_5618	CL_cluster_5646	3617
CL_cluster_5618	CL_cluster_5647	2015
CL_cluster_5618	CL_cluster_5648	6346
CL_cluster_5618	CL_cluster_5649	4445
CL_cluster_5618	CL_cluster_5650	4677
CL_cluster_5618	CL_cluster_5652	5564
CL_cluster_5618	CL_cluster_5653	8273
CL_cluster_5618	CL_cluster_5655	6349
CL_cluster_5618	CL_cluster_10096	5665
CL_cluster_5619	3137605402034	2914
CL_cluster_5619	3137602116553	2633
CL_cluster_5619	3137605324920	3102
CL_cluster_5619	3137605324912	1821
CL_cluster_5619	3137602116588	1962
CL_cluster_5619	3137605402417	2844
CL_cluster_5619	3137602117363	5457
CL_cluster_5619	3137605324904	1821
CL_cluster_5619	3137602116537	5457
CL_cluster_5619	3137602116545	2559
CL_cluster_5619	3137605402425	911
CL_cluster_5619	3137602116561	3061
CL_cluster_5619	3137604334663	3356
CL_cluster_5619	3137609342923	2713
CL_cluster_5619	CL_cluster_5616	2713
CL_cluster_5619	CL_cluster_5617	2496
CL_cluster_5619	CL_cluster_5618	2914
CL_cluster_5619	CL_cluster_5619	0
CL_cluster_5619	CL_cluster_5620	911
CL_cluster_5619	CL_cluster_5621	1821
CL_cluster_5619	CL_cluster_5622	5868
CL_cluster_5619	CL_cluster_5623	2559
CL_cluster_5619	CL_cluster_5624	3282
CL_cluster_5619	CL_cluster_5625	6538
CL_cluster_5619	CL_cluster_5626	2633
CL_cluster_5619	CL_cluster_5627	3199
CL_cluster_5619	CL_cluster_5628	3759
CL_cluster_5619	CL_cluster_5629	1256
CL_cluster_5619	CL_cluster_5630	3102
CL_cluster_5619	CL_cluster_5631	882
CL_cluster_5619	CL_cluster_5632	1811
CL_cluster_5619	CL_cluster_5633	1962
CL_cluster_5619	CL_cluster_5634	2624
CL_cluster_5619	CL_cluster_5635	5457
CL_cluster_5619	CL_cluster_5636	5211
CL_cluster_5619	CL_cluster_5637	5427
CL_cluster_5619	CL_cluster_5638	3276
CL_cluster_5619	CL_cluster_5639	2164
CL_cluster_5619	CL_cluster_5640	6180
CL_cluster_5619	CL_cluster_5641	2844
CL_cluster_5619	CL_cluster_5642	1420
CL_cluster_5619	CL_cluster_5643	1724
CL_cluster_5619	CL_cluster_5644	5472
CL_cluster_5619	CL_cluster_5645	5237
CL_cluster_5619	CL_cluster_5646	766
CL_cluster_5619	CL_cluster_5647	3061
CL_cluster_5619	CL_cluster_5648	4686
CL_cluster_5619	CL_cluster_5649	3356
CL_cluster_5619	CL_cluster_5650	3751
CL_cluster_5619	CL_cluster_5652	2660
CL_cluster_5619	CL_cluster_5653	7910
CL_cluster_5619	CL_cluster_5655	4444
CL_cluster_5619	CL_cluster_10096	3211
CL_cluster_5620	3137605402034	3822
CL_cluster_5620	3137602116553	3501
CL_cluster_5620	3137605324920	3711
CL_cluster_5620	3137605324912	1995
CL_cluster_5620	3137602116588	1916
CL_cluster_5620	3137605402417	2830
CL_cluster_5620	3137602117363	5259
CL_cluster_5620	3137605324904	1995
CL_cluster_5620	3137602116537	5259
CL_cluster_5620	3137602116545	3388
CL_cluster_5620	3137605402425	0
CL_cluster_5620	3137602116561	3854
CL_cluster_5620	3137604334663	3566
CL_cluster_5620	3137609342923	3324
CL_cluster_5620	CL_cluster_5616	3324
CL_cluster_5620	CL_cluster_5617	3254
CL_cluster_5620	CL_cluster_5618	3822
CL_cluster_5620	CL_cluster_5619	911
CL_cluster_5620	CL_cluster_5620	0
CL_cluster_5620	CL_cluster_5621	1995
CL_cluster_5620	CL_cluster_5622	5754
CL_cluster_5620	CL_cluster_5623	3388
CL_cluster_5620	CL_cluster_5624	2496
CL_cluster_5620	CL_cluster_5625	6416
CL_cluster_5620	CL_cluster_5626	3501
CL_cluster_5620	CL_cluster_5627	4090
CL_cluster_5620	CL_cluster_5628	4669
CL_cluster_5620	CL_cluster_5629	2164
CL_cluster_5620	CL_cluster_5630	3711
CL_cluster_5620	CL_cluster_5631	1240
CL_cluster_5620	CL_cluster_5632	2206
CL_cluster_5620	CL_cluster_5633	1916
CL_cluster_5620	CL_cluster_5634	2531
CL_cluster_5620	CL_cluster_5635	5259
CL_cluster_5620	CL_cluster_5636	5094
CL_cluster_5620	CL_cluster_5637	6328
CL_cluster_5620	CL_cluster_5638	3917
CL_cluster_5620	CL_cluster_5639	1591
CL_cluster_5620	CL_cluster_5640	5957
CL_cluster_5620	CL_cluster_5641	2830
CL_cluster_5620	CL_cluster_5642	995
CL_cluster_5620	CL_cluster_5643	1186
CL_cluster_5620	CL_cluster_5644	5496
CL_cluster_5620	CL_cluster_5645	5266
CL_cluster_5620	CL_cluster_5646	486
CL_cluster_5620	CL_cluster_5647	3854
CL_cluster_5620	CL_cluster_5648	4534
CL_cluster_5620	CL_cluster_5649	3566
CL_cluster_5620	CL_cluster_5650	3797
CL_cluster_5620	CL_cluster_5652	1784
CL_cluster_5620	CL_cluster_5653	8106
CL_cluster_5620	CL_cluster_5655	4191
CL_cluster_5620	CL_cluster_10096	2566
CL_cluster_5621	3137605402034	3665
CL_cluster_5621	3137602116553	2707
CL_cluster_5621	3137605324920	4735
CL_cluster_5621	3137605324912	0
CL_cluster_5621	3137602116588	466
CL_cluster_5621	3137605402417	1062
CL_cluster_5621	3137602117363	3721
CL_cluster_5621	3137605324904	0
CL_cluster_5621	3137602116537	3721
CL_cluster_5621	3137602116545	3836
CL_cluster_5621	3137605402425	1995
CL_cluster_5621	3137602116561	2650
CL_cluster_5621	3137604334663	1580
CL_cluster_5621	3137609342923	1705
CL_cluster_5621	CL_cluster_5616	1705
CL_cluster_5621	CL_cluster_5617	2044
CL_cluster_5621	CL_cluster_5618	3665
CL_cluster_5621	CL_cluster_5619	1821
CL_cluster_5621	CL_cluster_5620	1995
CL_cluster_5621	CL_cluster_5621	0
CL_cluster_5621	CL_cluster_5622	4078
CL_cluster_5621	CL_cluster_5623	3836
CL_cluster_5621	CL_cluster_5624	4336
CL_cluster_5621	CL_cluster_5625	4746
CL_cluster_5621	CL_cluster_5626	2707
CL_cluster_5621	CL_cluster_5627	3372
CL_cluster_5621	CL_cluster_5628	4353
CL_cluster_5621	CL_cluster_5629	2359
CL_cluster_5621	CL_cluster_5630	4735
CL_cluster_5621	CL_cluster_5631	2701
CL_cluster_5621	CL_cluster_5632	511
CL_cluster_5621	CL_cluster_5633	466
CL_cluster_5621	CL_cluster_5634	943
CL_cluster_5621	CL_cluster_5635	3721
CL_cluster_5621	CL_cluster_5636	3427
CL_cluster_5621	CL_cluster_5637	6075
CL_cluster_5621	CL_cluster_5638	4864
CL_cluster_5621	CL_cluster_5639	1595
CL_cluster_5621	CL_cluster_5640	4451
CL_cluster_5621	CL_cluster_5641	1062
CL_cluster_5621	CL_cluster_5642	1243
CL_cluster_5621	CL_cluster_5643	3179
CL_cluster_5621	CL_cluster_5644	3651
CL_cluster_5621	CL_cluster_5645	3416
CL_cluster_5621	CL_cluster_5646	1515
CL_cluster_5621	CL_cluster_5647	2650
CL_cluster_5621	CL_cluster_5648	2932
CL_cluster_5621	CL_cluster_5649	1580
CL_cluster_5621	CL_cluster_5650	5563
CL_cluster_5621	CL_cluster_5652	2781
CL_cluster_5621	CL_cluster_5653	6141
CL_cluster_5621	CL_cluster_5655	2785
CL_cluster_5621	CL_cluster_10096	4527
CL_cluster_5622	3137605402034	7296
CL_cluster_5622	3137602116553	6045
CL_cluster_5622	3137605324920	8790
CL_cluster_5622	3137605324912	4078
CL_cluster_5622	3137602116588	3916
CL_cluster_5622	3137605402417	3026
CL_cluster_5622	3137602117363	692
CL_cluster_5622	3137605324904	4078
CL_cluster_5622	3137602116537	692
CL_cluster_5622	3137602116545	7768
CL_cluster_5622	3137605402425	5754
CL_cluster_5622	3137602116561	5520
CL_cluster_5622	3137604334663	2852
CL_cluster_5622	3137609342923	4477
CL_cluster_5622	CL_cluster_5616	4477
CL_cluster_5622	CL_cluster_5617	5212
CL_cluster_5622	CL_cluster_5618	7296
CL_cluster_5622	CL_cluster_5619	5868
CL_cluster_5622	CL_cluster_5620	5754
CL_cluster_5622	CL_cluster_5621	4078
CL_cluster_5622	CL_cluster_5622	0
CL_cluster_5622	CL_cluster_5623	7768
CL_cluster_5622	CL_cluster_5624	7405
CL_cluster_5622	CL_cluster_5625	669
CL_cluster_5622	CL_cluster_5626	6045
CL_cluster_5622	CL_cluster_5627	6583
CL_cluster_5622	CL_cluster_5628	7747
CL_cluster_5622	CL_cluster_5629	6354
CL_cluster_5622	CL_cluster_5630	8790
CL_cluster_5622	CL_cluster_5631	6728
CL_cluster_5622	CL_cluster_5632	4294
CL_cluster_5622	CL_cluster_5633	3916
CL_cluster_5622	CL_cluster_5634	3257
CL_cluster_5622	CL_cluster_5635	692
CL_cluster_5622	CL_cluster_5636	661
CL_cluster_5622	CL_cluster_5637	9302
CL_cluster_5622	CL_cluster_5638	8902
CL_cluster_5622	CL_cluster_5639	4355
CL_cluster_5622	CL_cluster_5640	767
CL_cluster_5622	CL_cluster_5641	3026
CL_cluster_5622	CL_cluster_5642	4761
CL_cluster_5622	CL_cluster_5643	6866
CL_cluster_5622	CL_cluster_5644	917
CL_cluster_5622	CL_cluster_5645	1034
CL_cluster_5622	CL_cluster_5646	5365
CL_cluster_5622	CL_cluster_5647	5520
CL_cluster_5622	CL_cluster_5648	1225
CL_cluster_5622	CL_cluster_5649	2852
CL_cluster_5622	CL_cluster_5650	9534
CL_cluster_5622	CL_cluster_5652	5337
CL_cluster_5622	CL_cluster_5653	3196
CL_cluster_5622	CL_cluster_5655	1691
CL_cluster_5622	CL_cluster_10096	7874
CL_cluster_5623	3137605402034	1126
CL_cluster_5623	3137602116553	2158
CL_cluster_5623	3137605324920	1362
CL_cluster_5623	3137605324912	3836
CL_cluster_5623	3137602116588	4182
CL_cluster_5623	3137605402417	4870
CL_cluster_5623	3137602117363	7506
CL_cluster_5623	3137605324904	3836
CL_cluster_5623	3137602116537	7506
CL_cluster_5623	3137602116545	0
CL_cluster_5623	3137605402425	3388
CL_cluster_5623	3137602116561	2922
CL_cluster_5623	3137604334663	4941
CL_cluster_5623	3137609342923	3502
CL_cluster_5623	CL_cluster_5616	3502
CL_cluster_5623	CL_cluster_5617	2810
CL_cluster_5623	CL_cluster_5618	1126
CL_cluster_5623	CL_cluster_5619	2559
CL_cluster_5623	CL_cluster_5620	3388
CL_cluster_5623	CL_cluster_5621	3836
CL_cluster_5623	CL_cluster_5622	7768
CL_cluster_5623	CL_cluster_5623	0
CL_cluster_5623	CL_cluster_5624	5202
CL_cluster_5623	CL_cluster_5625	8418
CL_cluster_5623	CL_cluster_5626	2158
CL_cluster_5623	CL_cluster_5627	2153
CL_cluster_5623	CL_cluster_5628	1802
CL_cluster_5623	CL_cluster_5629	1485
CL_cluster_5623	CL_cluster_5630	1362
CL_cluster_5623	CL_cluster_5631	2313
CL_cluster_5623	CL_cluster_5632	3501
CL_cluster_5623	CL_cluster_5633	4182
CL_cluster_5623	CL_cluster_5634	4778
CL_cluster_5623	CL_cluster_5635	7506
CL_cluster_5623	CL_cluster_5636	7152
CL_cluster_5623	CL_cluster_5637	3127
CL_cluster_5623	CL_cluster_5638	1328
CL_cluster_5623	CL_cluster_5639	4696
CL_cluster_5623	CL_cluster_5640	8234
CL_cluster_5623	CL_cluster_5641	4870
CL_cluster_5623	CL_cluster_5642	3945
CL_cluster_5623	CL_cluster_5643	3566
CL_cluster_5623	CL_cluster_5644	7157
CL_cluster_5623	CL_cluster_5645	6931
CL_cluster_5623	CL_cluster_5646	3325
CL_cluster_5623	CL_cluster_5647	2922
CL_cluster_5623	CL_cluster_5648	6713
CL_cluster_5623	CL_cluster_5649	4941
CL_cluster_5623	CL_cluster_5650	3564
CL_cluster_5623	CL_cluster_5652	5173
CL_cluster_5623	CL_cluster_5653	9084
CL_cluster_5623	CL_cluster_5655	6619
CL_cluster_5623	CL_cluster_10096	4817
CL_cluster_5624	3137605402034	5957
CL_cluster_5624	3137602116553	5909
CL_cluster_5624	3137605324920	4886
CL_cluster_5624	3137605324912	4336
CL_cluster_5624	3137602116588	4098
CL_cluster_5624	3137605402417	4899
CL_cluster_5624	3137602117363	6786
CL_cluster_5624	3137605324904	4336
CL_cluster_5624	3137602116537	6786
CL_cluster_5624	3137602116545	5202
CL_cluster_5624	3137605402425	2496
CL_cluster_5624	3137602116561	6330
CL_cluster_5624	3137604334663	5805
CL_cluster_5624	3137609342923	5811
CL_cluster_5624	CL_cluster_5616	5811
CL_cluster_5624	CL_cluster_5617	5742
CL_cluster_5624	CL_cluster_5618	5957
CL_cluster_5624	CL_cluster_5619	3282
CL_cluster_5624	CL_cluster_5620	2496
CL_cluster_5624	CL_cluster_5621	4336
CL_cluster_5624	CL_cluster_5622	7405
CL_cluster_5624	CL_cluster_5623	5202
CL_cluster_5624	CL_cluster_5624	0
CL_cluster_5624	CL_cluster_5625	8014
CL_cluster_5624	CL_cluster_5626	5909
CL_cluster_5624	CL_cluster_5627	6443
CL_cluster_5624	CL_cluster_5628	6810
CL_cluster_5624	CL_cluster_5629	4400
CL_cluster_5624	CL_cluster_5630	4886
CL_cluster_5624	CL_cluster_5631	2962
CL_cluster_5624	CL_cluster_5632	4647
CL_cluster_5624	CL_cluster_5633	4098
CL_cluster_5624	CL_cluster_5634	4551
CL_cluster_5624	CL_cluster_5635	6786
CL_cluster_5624	CL_cluster_5636	6786
CL_cluster_5624	CL_cluster_5637	8325
CL_cluster_5624	CL_cluster_5638	5139
CL_cluster_5624	CL_cluster_5639	3146
CL_cluster_5624	CL_cluster_5640	7380
CL_cluster_5624	CL_cluster_5641	4899
CL_cluster_5624	CL_cluster_5642	3105
CL_cluster_5624	CL_cluster_5643	1665
CL_cluster_5624	CL_cluster_5644	7393
CL_cluster_5624	CL_cluster_5645	7184
CL_cluster_5624	CL_cluster_5646	2953
CL_cluster_5624	CL_cluster_5647	6330
CL_cluster_5624	CL_cluster_5648	6210
CL_cluster_5624	CL_cluster_5649	5805
CL_cluster_5624	CL_cluster_5650	3530
CL_cluster_5624	CL_cluster_5652	2074
CL_cluster_5624	CL_cluster_5653	10165
CL_cluster_5624	CL_cluster_5655	5716
CL_cluster_5624	CL_cluster_10096	725
CL_cluster_5625	3137605402034	7919
CL_cluster_5625	3137602116553	6656
CL_cluster_5625	3137605324920	9452
CL_cluster_5625	3137605324912	4746
CL_cluster_5625	3137602116588	4585
CL_cluster_5625	3137605402417	3695
CL_cluster_5625	3137602117363	1229
CL_cluster_5625	3137605324904	4746
CL_cluster_5625	3137602116537	1229
CL_cluster_5625	3137602116545	8418
CL_cluster_5625	3137605402425	6416
CL_cluster_5625	3137602116561	6104
CL_cluster_5625	3137604334663	3487
CL_cluster_5625	3137609342923	5086
CL_cluster_5625	CL_cluster_5616	5086
CL_cluster_5625	CL_cluster_5617	5826
CL_cluster_5625	CL_cluster_5618	7919
CL_cluster_5625	CL_cluster_5619	6538
CL_cluster_5625	CL_cluster_5620	6416
CL_cluster_5625	CL_cluster_5621	4746
CL_cluster_5625	CL_cluster_5622	669
CL_cluster_5625	CL_cluster_5623	8418
CL_cluster_5625	CL_cluster_5624	8014
CL_cluster_5625	CL_cluster_5625	0
CL_cluster_5625	CL_cluster_5626	6656
CL_cluster_5625	CL_cluster_5627	7177
CL_cluster_5625	CL_cluster_5628	8345
CL_cluster_5625	CL_cluster_5629	7013
CL_cluster_5625	CL_cluster_5630	9452
CL_cluster_5625	CL_cluster_5631	7397
CL_cluster_5625	CL_cluster_5632	4954
CL_cluster_5625	CL_cluster_5633	4585
CL_cluster_5625	CL_cluster_5634	3925
CL_cluster_5625	CL_cluster_5635	1229
CL_cluster_5625	CL_cluster_5636	1328
CL_cluster_5625	CL_cluster_5637	9871
CL_cluster_5625	CL_cluster_5638	9562
CL_cluster_5625	CL_cluster_5639	4996
CL_cluster_5625	CL_cluster_5640	820
CL_cluster_5625	CL_cluster_5641	3695
CL_cluster_5625	CL_cluster_5642	5422
CL_cluster_5625	CL_cluster_5643	7519
CL_cluster_5625	CL_cluster_5644	1378
CL_cluster_5625	CL_cluster_5645	1562
CL_cluster_5625	CL_cluster_5646	6031
CL_cluster_5625	CL_cluster_5647	6104
CL_cluster_5625	CL_cluster_5648	1882
CL_cluster_5625	CL_cluster_5649	3487
CL_cluster_5625	CL_cluster_5650	10200
CL_cluster_5625	CL_cluster_5652	5941
CL_cluster_5625	CL_cluster_5653	2937
CL_cluster_5625	CL_cluster_5655	2303
CL_cluster_5625	CL_cluster_10096	8500
CL_cluster_5626	3137605402034	1301
CL_cluster_5626	3137602116553	0
CL_cluster_5626	3137605324920	3500
CL_cluster_5626	3137605324912	2707
CL_cluster_5626	3137602116588	3166
CL_cluster_5626	3137605402417	3505
CL_cluster_5626	3137602117363	5919
CL_cluster_5626	3137605324904	2707
CL_cluster_5626	3137602116537	5919
CL_cluster_5626	3137602116545	2158
CL_cluster_5626	3137605402425	3501
CL_cluster_5626	3137602116561	763
CL_cluster_5626	3137604334663	3211
CL_cluster_5626	3137609342923	1569
CL_cluster_5626	CL_cluster_5616	1569
CL_cluster_5626	CL_cluster_5617	833
CL_cluster_5626	CL_cluster_5618	1301
CL_cluster_5626	CL_cluster_5619	2633
CL_cluster_5626	CL_cluster_5620	3501
CL_cluster_5626	CL_cluster_5621	2707
CL_cluster_5626	CL_cluster_5622	6045
CL_cluster_5626	CL_cluster_5623	2158
CL_cluster_5626	CL_cluster_5624	5909
CL_cluster_5626	CL_cluster_5625	6656
CL_cluster_5626	CL_cluster_5626	0
CL_cluster_5626	CL_cluster_5627	666
CL_cluster_5626	CL_cluster_5628	1727
CL_cluster_5626	CL_cluster_5629	1605
CL_cluster_5626	CL_cluster_5630	3500
CL_cluster_5626	CL_cluster_5631	3089
CL_cluster_5626	CL_cluster_5632	2212
CL_cluster_5626	CL_cluster_5633	3166
CL_cluster_5626	CL_cluster_5634	3561
CL_cluster_5626	CL_cluster_5635	5919
CL_cluster_5626	CL_cluster_5636	5490
CL_cluster_5626	CL_cluster_5637	3404
CL_cluster_5626	CL_cluster_5638	3486
CL_cluster_5626	CL_cluster_5639	4130
CL_cluster_5626	CL_cluster_5640	6619
CL_cluster_5626	CL_cluster_5641	3505
CL_cluster_5626	CL_cluster_5642	3483
CL_cluster_5626	CL_cluster_5643	4296
CL_cluster_5626	CL_cluster_5644	5317
CL_cluster_5626	CL_cluster_5645	5107
CL_cluster_5626	CL_cluster_5646	3155
CL_cluster_5626	CL_cluster_5647	763
CL_cluster_5626	CL_cluster_5648	5152
CL_cluster_5626	CL_cluster_5649	3211
CL_cluster_5626	CL_cluster_5650	5410
CL_cluster_5626	CL_cluster_5652	5067
CL_cluster_5626	CL_cluster_5653	6986
CL_cluster_5626	CL_cluster_5655	5214
CL_cluster_5626	CL_cluster_10096	5772
CL_cluster_5627	3137605402034	1075
CL_cluster_5627	3137602116553	666
CL_cluster_5627	3137605324920	3513
CL_cluster_5627	3137605324912	3372
CL_cluster_5627	3137602116588	3832
CL_cluster_5627	3137605402417	4146
CL_cluster_5627	3137602117363	6497
CL_cluster_5627	3137605324904	3372
CL_cluster_5627	3137602116537	6497
CL_cluster_5627	3137602116545	2153
CL_cluster_5627	3137605402425	4090
CL_cluster_5627	3137602116561	1083
CL_cluster_5627	3137604334663	3783
CL_cluster_5627	3137609342923	2123
CL_cluster_5627	CL_cluster_5616	2123
CL_cluster_5627	CL_cluster_5617	1427
CL_cluster_5627	CL_cluster_5618	1075
CL_cluster_5627	CL_cluster_5619	3199
CL_cluster_5627	CL_cluster_5620	4090
CL_cluster_5627	CL_cluster_5621	3372
CL_cluster_5627	CL_cluster_5622	6583
CL_cluster_5627	CL_cluster_5623	2153
CL_cluster_5627	CL_cluster_5624	6443
CL_cluster_5627	CL_cluster_5625	7177
CL_cluster_5627	CL_cluster_5626	666
CL_cluster_5627	CL_cluster_5627	0
CL_cluster_5627	CL_cluster_5628	1172
CL_cluster_5627	CL_cluster_5629	2055
CL_cluster_5627	CL_cluster_5630	3513
CL_cluster_5627	CL_cluster_5631	3547
CL_cluster_5627	CL_cluster_5632	2874
CL_cluster_5627	CL_cluster_5633	3832
CL_cluster_5627	CL_cluster_5634	4216
CL_cluster_5627	CL_cluster_5635	6497
CL_cluster_5627	CL_cluster_5636	6052
CL_cluster_5627	CL_cluster_5637	2772
CL_cluster_5627	CL_cluster_5638	3450
CL_cluster_5627	CL_cluster_5639	4790
CL_cluster_5627	CL_cluster_5640	7186
CL_cluster_5627	CL_cluster_5641	4146
CL_cluster_5627	CL_cluster_5642	4133
CL_cluster_5627	CL_cluster_5643	4802
CL_cluster_5627	CL_cluster_5644	5818
CL_cluster_5627	CL_cluster_5645	5617
CL_cluster_5627	CL_cluster_5646	3772
CL_cluster_5627	CL_cluster_5647	1083
CL_cluster_5627	CL_cluster_5648	5743
CL_cluster_5627	CL_cluster_5649	3783
CL_cluster_5627	CL_cluster_5650	5624
CL_cluster_5627	CL_cluster_5652	5702
CL_cluster_5627	CL_cluster_5653	7292
CL_cluster_5627	CL_cluster_5655	5834
CL_cluster_5627	CL_cluster_10096	6256
CL_cluster_5628	3137605402034	856
CL_cluster_5628	3137602116553	1727
CL_cluster_5628	3137605324920	2995
CL_cluster_5628	3137605324912	4353
CL_cluster_5628	3137602116588	4794
CL_cluster_5628	3137605402417	5217
CL_cluster_5628	3137602117363	7642
CL_cluster_5628	3137605324904	4353
CL_cluster_5628	3137602116537	7642
CL_cluster_5628	3137602116545	1802
CL_cluster_5628	3137605402425	4669
CL_cluster_5628	3137602116561	2254
CL_cluster_5628	3137604334663	4930
CL_cluster_5628	3137609342923	3275
CL_cluster_5628	CL_cluster_5616	3275
CL_cluster_5628	CL_cluster_5617	2553
CL_cluster_5628	CL_cluster_5618	856
CL_cluster_5628	CL_cluster_5619	3759
CL_cluster_5628	CL_cluster_5620	4669
CL_cluster_5628	CL_cluster_5621	4353
CL_cluster_5628	CL_cluster_5622	7747
CL_cluster_5628	CL_cluster_5623	1802
CL_cluster_5628	CL_cluster_5624	6810
CL_cluster_5628	CL_cluster_5625	8345
CL_cluster_5628	CL_cluster_5626	1727
CL_cluster_5628	CL_cluster_5627	1172
CL_cluster_5628	CL_cluster_5628	0
CL_cluster_5628	CL_cluster_5629	2504
CL_cluster_5628	CL_cluster_5630	2995
CL_cluster_5628	CL_cluster_5631	3847
CL_cluster_5628	CL_cluster_5632	3883
CL_cluster_5628	CL_cluster_5633	4794
CL_cluster_5628	CL_cluster_5634	5248
CL_cluster_5628	CL_cluster_5635	7642
CL_cluster_5628	CL_cluster_5636	7206
CL_cluster_5628	CL_cluster_5637	1728
CL_cluster_5628	CL_cluster_5638	2857
CL_cluster_5628	CL_cluster_5639	5632
CL_cluster_5628	CL_cluster_5640	8338
CL_cluster_5628	CL_cluster_5641	5217
CL_cluster_5628	CL_cluster_5642	4922
CL_cluster_5628	CL_cluster_5643	5144
CL_cluster_5628	CL_cluster_5644	6989
CL_cluster_5628	CL_cluster_5645	6787
CL_cluster_5628	CL_cluster_5646	4445
CL_cluster_5628	CL_cluster_5647	2254
CL_cluster_5628	CL_cluster_5648	6878
CL_cluster_5628	CL_cluster_5649	4930
CL_cluster_5628	CL_cluster_5650	5342
CL_cluster_5628	CL_cluster_5652	6397
CL_cluster_5628	CL_cluster_5653	8411
CL_cluster_5628	CL_cluster_5655	6939
CL_cluster_5628	CL_cluster_10096	6504
CL_cluster_5629	3137605402034	1658
CL_cluster_5629	3137602116553	1605
CL_cluster_5629	3137605324920	2457
CL_cluster_5629	3137605324912	2359
CL_cluster_5629	3137602116588	2697
CL_cluster_5629	3137605402417	3405
CL_cluster_5629	3137602117363	6057
CL_cluster_5629	3137605324904	2359
CL_cluster_5629	3137602116537	6057
CL_cluster_5629	3137602116545	1485
CL_cluster_5629	3137605402425	2164
CL_cluster_5629	3137602116561	2230
CL_cluster_5629	3137604334663	3577
CL_cluster_5629	3137609342923	2359
CL_cluster_5629	CL_cluster_5616	2359
CL_cluster_5629	CL_cluster_5617	1829
CL_cluster_5629	CL_cluster_5618	1658
CL_cluster_5629	CL_cluster_5619	1256
CL_cluster_5629	CL_cluster_5620	2164
CL_cluster_5629	CL_cluster_5621	2359
CL_cluster_5629	CL_cluster_5622	6354
CL_cluster_5629	CL_cluster_5623	1485
CL_cluster_5629	CL_cluster_5624	4400
CL_cluster_5629	CL_cluster_5625	7013
CL_cluster_5629	CL_cluster_5626	1605
CL_cluster_5629	CL_cluster_5627	2055
CL_cluster_5629	CL_cluster_5628	2504
CL_cluster_5629	CL_cluster_5629	0
CL_cluster_5629	CL_cluster_5630	2457
CL_cluster_5629	CL_cluster_5631	1495
CL_cluster_5629	CL_cluster_5632	2061
CL_cluster_5629	CL_cluster_5633	2697
CL_cluster_5629	CL_cluster_5634	3298
CL_cluster_5629	CL_cluster_5635	6057
CL_cluster_5629	CL_cluster_5636	5724
CL_cluster_5629	CL_cluster_5637	4174
CL_cluster_5629	CL_cluster_5638	2551
CL_cluster_5629	CL_cluster_5639	3270
CL_cluster_5629	CL_cluster_5640	6787
CL_cluster_5629	CL_cluster_5641	3405
CL_cluster_5629	CL_cluster_5642	2526
CL_cluster_5629	CL_cluster_5643	2750
CL_cluster_5629	CL_cluster_5644	5799
CL_cluster_5629	CL_cluster_5645	5568
CL_cluster_5629	CL_cluster_5646	1971
CL_cluster_5629	CL_cluster_5647	2230
CL_cluster_5629	CL_cluster_5648	5264
CL_cluster_5629	CL_cluster_5649	3577
CL_cluster_5629	CL_cluster_5650	3925
CL_cluster_5629	CL_cluster_5652	3909
CL_cluster_5629	CL_cluster_5653	7932
CL_cluster_5629	CL_cluster_5655	5145
CL_cluster_5629	CL_cluster_10096	4201
CL_cluster_5630	3137605402034	2462
CL_cluster_5630	3137602116553	3500
CL_cluster_5630	3137605324920	0
CL_cluster_5630	3137605324912	4735
CL_cluster_5630	3137602116588	4995
CL_cluster_5630	3137605402417	5796
CL_cluster_5630	3137602117363	8456
CL_cluster_5630	3137605324904	4735
CL_cluster_5630	3137602116537	8456
CL_cluster_5630	3137602116545	1362
CL_cluster_5630	3137605402425	3711
CL_cluster_5630	3137602116561	4263
CL_cluster_5630	3137604334663	6034
CL_cluster_5630	3137609342923	4735
CL_cluster_5630	CL_cluster_5616	4735
CL_cluster_5630	CL_cluster_5617	4087
CL_cluster_5630	CL_cluster_5618	2462
CL_cluster_5630	CL_cluster_5619	3102
CL_cluster_5630	CL_cluster_5620	3711
CL_cluster_5630	CL_cluster_5621	4735
CL_cluster_5630	CL_cluster_5622	8790
CL_cluster_5630	CL_cluster_5623	1362
CL_cluster_5630	CL_cluster_5624	4886
CL_cluster_5630	CL_cluster_5625	9452
CL_cluster_5630	CL_cluster_5626	3500
CL_cluster_5630	CL_cluster_5627	3513
CL_cluster_5630	CL_cluster_5628	2995
CL_cluster_5630	CL_cluster_5629	2457
CL_cluster_5630	CL_cluster_5630	0
CL_cluster_5630	CL_cluster_5631	2472
CL_cluster_5630	CL_cluster_5632	4500
CL_cluster_5630	CL_cluster_5633	4995
CL_cluster_5630	CL_cluster_5634	5640
CL_cluster_5630	CL_cluster_5635	8456
CL_cluster_5630	CL_cluster_5636	8150
CL_cluster_5630	CL_cluster_5637	3901
CL_cluster_5630	CL_cluster_5638	255
CL_cluster_5630	CL_cluster_5639	5233
CL_cluster_5630	CL_cluster_5640	9186
CL_cluster_5630	CL_cluster_5641	5796
CL_cluster_5630	CL_cluster_5642	4508
CL_cluster_5630	CL_cluster_5643	3431
CL_cluster_5630	CL_cluster_5644	8256
CL_cluster_5630	CL_cluster_5645	8024
CL_cluster_5630	CL_cluster_5646	3825
CL_cluster_5630	CL_cluster_5647	4263
CL_cluster_5630	CL_cluster_5648	7667
CL_cluster_5630	CL_cluster_5649	6034
CL_cluster_5630	CL_cluster_5650	2423
CL_cluster_5630	CL_cluster_5652	5399
CL_cluster_5630	CL_cluster_5653	10337
CL_cluster_5630	CL_cluster_5655	7492
CL_cluster_5630	CL_cluster_10096	4349
CL_cluster_5631	3137605402034	2994
CL_cluster_5631	3137602116553	3089
CL_cluster_5631	3137605324920	2472
CL_cluster_5631	3137605324912	2701
CL_cluster_5631	3137602116588	2812
CL_cluster_5631	3137605402417	3710
CL_cluster_5631	3137602117363	6295
CL_cluster_5631	3137605324904	2701
CL_cluster_5631	3137602116537	6295
CL_cluster_5631	3137602116545	2313
CL_cluster_5631	3137605402425	1240
CL_cluster_5631	3137602116561	3650
CL_cluster_5631	3137604334663	4237
CL_cluster_5631	3137609342923	3489
CL_cluster_5631	CL_cluster_5616	3489
CL_cluster_5631	CL_cluster_5617	3152
CL_cluster_5631	CL_cluster_5618	2994
CL_cluster_5631	CL_cluster_5619	882
CL_cluster_5631	CL_cluster_5620	1240
CL_cluster_5631	CL_cluster_5621	2701
CL_cluster_5631	CL_cluster_5622	6728
CL_cluster_5631	CL_cluster_5623	2313
CL_cluster_5631	CL_cluster_5624	2962
CL_cluster_5631	CL_cluster_5625	7397
CL_cluster_5631	CL_cluster_5626	3089
CL_cluster_5631	CL_cluster_5627	3547
CL_cluster_5631	CL_cluster_5628	3847
CL_cluster_5631	CL_cluster_5629	1495
CL_cluster_5631	CL_cluster_5630	2472
CL_cluster_5631	CL_cluster_5631	0
CL_cluster_5631	CL_cluster_5632	2683
CL_cluster_5631	CL_cluster_5633	2812
CL_cluster_5631	CL_cluster_5634	3473
CL_cluster_5631	CL_cluster_5635	6295
CL_cluster_5631	CL_cluster_5636	6069
CL_cluster_5631	CL_cluster_5637	5396
CL_cluster_5631	CL_cluster_5638	2683
CL_cluster_5631	CL_cluster_5639	2799
CL_cluster_5631	CL_cluster_5640	7013
CL_cluster_5631	CL_cluster_5641	3710
CL_cluster_5631	CL_cluster_5642	2112
CL_cluster_5631	CL_cluster_5643	1296
CL_cluster_5631	CL_cluster_5644	6351
CL_cluster_5631	CL_cluster_5645	6116
CL_cluster_5631	CL_cluster_5646	1428
CL_cluster_5631	CL_cluster_5647	3650
CL_cluster_5631	CL_cluster_5648	5534
CL_cluster_5631	CL_cluster_5649	4237
CL_cluster_5631	CL_cluster_5650	2869
CL_cluster_5631	CL_cluster_5652	2952
CL_cluster_5631	CL_cluster_5653	8788
CL_cluster_5631	CL_cluster_5655	5261
CL_cluster_5631	CL_cluster_10096	2710
CL_cluster_5632	3137605402034	3227
CL_cluster_5632	3137602116553	2212
CL_cluster_5632	3137605324920	4500
CL_cluster_5632	3137605324912	511
CL_cluster_5632	3137602116588	977
CL_cluster_5632	3137605402417	1383
CL_cluster_5632	3137602117363	4005
CL_cluster_5632	3137605324904	511
CL_cluster_5632	3137602116537	4005
CL_cluster_5632	3137602116545	3501
CL_cluster_5632	3137605402425	2206
CL_cluster_5632	3137602116561	2140
CL_cluster_5632	3137604334663	1577
CL_cluster_5632	3137609342923	1236
CL_cluster_5632	CL_cluster_5616	1236
CL_cluster_5632	CL_cluster_5617	1533
CL_cluster_5632	CL_cluster_5618	3227
CL_cluster_5632	CL_cluster_5619	1811
CL_cluster_5632	CL_cluster_5620	2206
CL_cluster_5632	CL_cluster_5621	511
CL_cluster_5632	CL_cluster_5622	4294
CL_cluster_5632	CL_cluster_5623	3501
CL_cluster_5632	CL_cluster_5624	4647
CL_cluster_5632	CL_cluster_5625	4954
CL_cluster_5632	CL_cluster_5626	2212
CL_cluster_5632	CL_cluster_5627	2874
CL_cluster_5632	CL_cluster_5628	3883
CL_cluster_5632	CL_cluster_5629	2061
CL_cluster_5632	CL_cluster_5630	4500
CL_cluster_5632	CL_cluster_5631	2683
CL_cluster_5632	CL_cluster_5632	0
CL_cluster_5632	CL_cluster_5633	977
CL_cluster_5632	CL_cluster_5634	1366
CL_cluster_5632	CL_cluster_5635	4005
CL_cluster_5632	CL_cluster_5636	3663
CL_cluster_5632	CL_cluster_5637	5597
CL_cluster_5632	CL_cluster_5638	4608
CL_cluster_5632	CL_cluster_5639	2081
CL_cluster_5632	CL_cluster_5640	4733
CL_cluster_5632	CL_cluster_5641	1383
CL_cluster_5632	CL_cluster_5642	1629
CL_cluster_5632	CL_cluster_5643	3359
CL_cluster_5632	CL_cluster_5644	3771
CL_cluster_5632	CL_cluster_5645	3537
CL_cluster_5632	CL_cluster_5646	1721
CL_cluster_5632	CL_cluster_5647	2140
CL_cluster_5632	CL_cluster_5648	3211
CL_cluster_5632	CL_cluster_5649	1577
CL_cluster_5632	CL_cluster_5650	5547
CL_cluster_5632	CL_cluster_5652	3225
CL_cluster_5632	CL_cluster_5653	6105
CL_cluster_5632	CL_cluster_5655	3141
CL_cluster_5632	CL_cluster_10096	4772
CL_cluster_5633	3137605402034	4084
CL_cluster_5633	3137602116553	3166
CL_cluster_5633	3137605324920	4995
CL_cluster_5633	3137605324912	466
CL_cluster_5633	3137602116588	0
CL_cluster_5633	3137605402417	918
CL_cluster_5633	3137602117363	3495
CL_cluster_5633	3137605324904	466
CL_cluster_5633	3137602116537	3495
CL_cluster_5633	3137602116545	4182
CL_cluster_5633	3137605402425	1916
CL_cluster_5633	3137602116561	3115
CL_cluster_5633	3137604334663	1710
CL_cluster_5633	3137609342923	2147
CL_cluster_5633	CL_cluster_5616	2147
CL_cluster_5633	CL_cluster_5617	2511
CL_cluster_5633	CL_cluster_5618	4084
CL_cluster_5633	CL_cluster_5619	1962
CL_cluster_5633	CL_cluster_5620	1916
CL_cluster_5633	CL_cluster_5621	466
CL_cluster_5633	CL_cluster_5622	3916
CL_cluster_5633	CL_cluster_5623	4182
CL_cluster_5633	CL_cluster_5624	4098
CL_cluster_5633	CL_cluster_5625	4585
CL_cluster_5633	CL_cluster_5626	3166
CL_cluster_5633	CL_cluster_5627	3832
CL_cluster_5633	CL_cluster_5628	4794
CL_cluster_5633	CL_cluster_5629	2697
CL_cluster_5633	CL_cluster_5630	4995
CL_cluster_5633	CL_cluster_5631	2812
CL_cluster_5633	CL_cluster_5632	977
CL_cluster_5633	CL_cluster_5633	0
CL_cluster_5633	CL_cluster_5634	662
CL_cluster_5633	CL_cluster_5635	3495
CL_cluster_5633	CL_cluster_5636	3256
CL_cluster_5633	CL_cluster_5637	6519
CL_cluster_5633	CL_cluster_5638	5141
CL_cluster_5633	CL_cluster_5639	1178
CL_cluster_5633	CL_cluster_5640	4219
CL_cluster_5633	CL_cluster_5641	918
CL_cluster_5633	CL_cluster_5642	1006
CL_cluster_5633	CL_cluster_5643	3094
CL_cluster_5633	CL_cluster_5644	3588
CL_cluster_5633	CL_cluster_5645	3357
CL_cluster_5633	CL_cluster_5646	1476
CL_cluster_5633	CL_cluster_5647	3115
CL_cluster_5633	CL_cluster_5648	2724
CL_cluster_5633	CL_cluster_5649	1710
CL_cluster_5633	CL_cluster_5650	5632
CL_cluster_5633	CL_cluster_5652	2408
CL_cluster_5633	CL_cluster_5653	6198
CL_cluster_5633	CL_cluster_5655	2497
CL_cluster_5633	CL_cluster_10096	4356
CL_cluster_5634	3137605402034	4589
CL_cluster_5634	3137602116553	3561
CL_cluster_5634	3137605324920	5640
CL_cluster_5634	3137605324912	943
CL_cluster_5634	3137602116588	662
CL_cluster_5634	3137605402417	352
CL_cluster_5634	3137602117363	2834
CL_cluster_5634	3137605324904	943
CL_cluster_5634	3137602116537	2834
CL_cluster_5634	3137602116545	4778
CL_cluster_5634	3137605402425	2531
CL_cluster_5634	3137602116561	3379
CL_cluster_5634	3137604334663	1338
CL_cluster_5634	3137609342923	2306
CL_cluster_5634	CL_cluster_5616	2306
CL_cluster_5634	CL_cluster_5617	2821
CL_cluster_5634	CL_cluster_5618	4589
CL_cluster_5634	CL_cluster_5619	2624
CL_cluster_5634	CL_cluster_5620	2531
CL_cluster_5634	CL_cluster_5621	943
CL_cluster_5634	CL_cluster_5622	3257
CL_cluster_5634	CL_cluster_5623	4778
CL_cluster_5634	CL_cluster_5624	4551
CL_cluster_5634	CL_cluster_5625	3925
CL_cluster_5634	CL_cluster_5626	3561
CL_cluster_5634	CL_cluster_5627	4216
CL_cluster_5634	CL_cluster_5628	5248
CL_cluster_5634	CL_cluster_5629	3298
CL_cluster_5634	CL_cluster_5630	5640
CL_cluster_5634	CL_cluster_5631	3473
CL_cluster_5634	CL_cluster_5632	1366
CL_cluster_5634	CL_cluster_5633	662
CL_cluster_5634	CL_cluster_5634	0
CL_cluster_5634	CL_cluster_5635	2834
CL_cluster_5634	CL_cluster_5636	2596
CL_cluster_5634	CL_cluster_5637	6958
CL_cluster_5634	CL_cluster_5638	5780
CL_cluster_5634	CL_cluster_5639	1438
CL_cluster_5634	CL_cluster_5640	3559
CL_cluster_5634	CL_cluster_5641	352
CL_cluster_5634	CL_cluster_5642	1563
CL_cluster_5634	CL_cluster_5643	3689
CL_cluster_5634	CL_cluster_5644	2967
CL_cluster_5634	CL_cluster_5645	2739
CL_cluster_5634	CL_cluster_5646	2116
CL_cluster_5634	CL_cluster_5647	3379
CL_cluster_5634	CL_cluster_5648	2062
CL_cluster_5634	CL_cluster_5649	1338
CL_cluster_5634	CL_cluster_5650	6282
CL_cluster_5634	CL_cluster_5652	2685
CL_cluster_5634	CL_cluster_5653	5643
CL_cluster_5634	CL_cluster_5655	1854
CL_cluster_5634	CL_cluster_10096	4876
CL_cluster_5635	3137605402034	7127
CL_cluster_5635	3137602116553	5919
CL_cluster_5635	3137605324920	8456
CL_cluster_5635	3137605324912	3721
CL_cluster_5635	3137602116588	3495
CL_cluster_5635	3137605402417	2659
CL_cluster_5635	3137602117363	0
CL_cluster_5635	3137605324904	3721
CL_cluster_5635	3137602116537	0
CL_cluster_5635	3137602116545	7506
CL_cluster_5635	3137605402425	5259
CL_cluster_5635	3137602116561	5464
CL_cluster_5635	3137604334663	2714
CL_cluster_5635	3137609342923	4374
CL_cluster_5635	CL_cluster_5616	4374
CL_cluster_5635	CL_cluster_5617	5089
CL_cluster_5635	CL_cluster_5618	7127
CL_cluster_5635	CL_cluster_5619	5457
CL_cluster_5635	CL_cluster_5620	5259
CL_cluster_5635	CL_cluster_5621	3721
CL_cluster_5635	CL_cluster_5622	692
CL_cluster_5635	CL_cluster_5623	7506
CL_cluster_5635	CL_cluster_5624	6786
CL_cluster_5635	CL_cluster_5625	1229
CL_cluster_5635	CL_cluster_5626	5919
CL_cluster_5635	CL_cluster_5627	6497
CL_cluster_5635	CL_cluster_5628	7642
CL_cluster_5635	CL_cluster_5629	6057
CL_cluster_5635	CL_cluster_5630	8456
CL_cluster_5635	CL_cluster_5631	6295
CL_cluster_5635	CL_cluster_5632	4005
CL_cluster_5635	CL_cluster_5633	3495
CL_cluster_5635	CL_cluster_5634	2834
CL_cluster_5635	CL_cluster_5635	0
CL_cluster_5635	CL_cluster_5636	519
CL_cluster_5635	CL_cluster_5637	9254
CL_cluster_5635	CL_cluster_5638	8584
CL_cluster_5635	CL_cluster_5639	3794
CL_cluster_5635	CL_cluster_5640	730
CL_cluster_5635	CL_cluster_5641	2659
CL_cluster_5635	CL_cluster_5642	4264
CL_cluster_5635	CL_cluster_5643	6335
CL_cluster_5635	CL_cluster_5644	1333
CL_cluster_5635	CL_cluster_5645	1332
CL_cluster_5635	CL_cluster_5646	4899
CL_cluster_5635	CL_cluster_5647	5464
CL_cluster_5635	CL_cluster_5648	793
CL_cluster_5635	CL_cluster_5649	2714
CL_cluster_5635	CL_cluster_5650	9055
CL_cluster_5635	CL_cluster_5652	4712
CL_cluster_5635	CL_cluster_5653	3878
CL_cluster_5635	CL_cluster_5655	1087
CL_cluster_5635	CL_cluster_10096	7280
CL_cluster_5636	3137605402034	6720
CL_cluster_5636	3137602116553	5490
CL_cluster_5636	3137605324920	8150
CL_cluster_5636	3137605324912	3427
CL_cluster_5636	3137602116588	3256
CL_cluster_5636	3137605402417	2372
CL_cluster_5636	3137602117363	519
CL_cluster_5636	3137605324904	3427
CL_cluster_5636	3137602116537	519
CL_cluster_5636	3137602116545	7152
CL_cluster_5636	3137605402425	5094
CL_cluster_5636	3137602116561	5005
CL_cluster_5636	3137604334663	2279
CL_cluster_5636	3137609342923	3932
CL_cluster_5636	CL_cluster_5616	3932
CL_cluster_5636	CL_cluster_5617	4657
CL_cluster_5636	CL_cluster_5618	6720
CL_cluster_5636	CL_cluster_5619	5211
CL_cluster_5636	CL_cluster_5620	5094
CL_cluster_5636	CL_cluster_5621	3427
CL_cluster_5636	CL_cluster_5622	661
CL_cluster_5636	CL_cluster_5623	7152
CL_cluster_5636	CL_cluster_5624	6786
CL_cluster_5636	CL_cluster_5625	1328
CL_cluster_5636	CL_cluster_5626	5490
CL_cluster_5636	CL_cluster_5627	6052
CL_cluster_5636	CL_cluster_5628	7206
CL_cluster_5636	CL_cluster_5629	5724
CL_cluster_5636	CL_cluster_5630	8150
CL_cluster_5636	CL_cluster_5631	6069
CL_cluster_5636	CL_cluster_5632	3663
CL_cluster_5636	CL_cluster_5633	3256
CL_cluster_5636	CL_cluster_5634	2596
CL_cluster_5636	CL_cluster_5635	519
CL_cluster_5636	CL_cluster_5636	0
CL_cluster_5636	CL_cluster_5637	8796
CL_cluster_5636	CL_cluster_5638	8267
CL_cluster_5636	CL_cluster_5639	3710
CL_cluster_5636	CL_cluster_5640	1134
CL_cluster_5636	CL_cluster_5641	2372
CL_cluster_5636	CL_cluster_5642	4102
CL_cluster_5636	CL_cluster_5643	6210
CL_cluster_5636	CL_cluster_5644	886
CL_cluster_5636	CL_cluster_5645	839
CL_cluster_5636	CL_cluster_5646	4704
CL_cluster_5636	CL_cluster_5647	5005
CL_cluster_5636	CL_cluster_5648	578
CL_cluster_5636	CL_cluster_5649	2279
CL_cluster_5636	CL_cluster_5650	8873
CL_cluster_5636	CL_cluster_5652	4727
CL_cluster_5636	CL_cluster_5653	3610
CL_cluster_5636	CL_cluster_5655	1106
CL_cluster_5636	CL_cluster_10096	7239
CL_cluster_5637	3137605402034	2523
CL_cluster_5637	3137602116553	3404
CL_cluster_5637	3137605324920	3901
CL_cluster_5637	3137605324912	6075
CL_cluster_5637	3137602116588	6519
CL_cluster_5637	3137605402417	6909
CL_cluster_5637	3137602117363	9254
CL_cluster_5637	3137605324904	6075
CL_cluster_5637	3137602116537	9254
CL_cluster_5637	3137602116545	3127
CL_cluster_5637	3137605402425	6328
CL_cluster_5637	3137602116561	3791
CL_cluster_5637	3137604334663	6543
CL_cluster_5637	3137609342923	4885
CL_cluster_5637	CL_cluster_5616	4885
CL_cluster_5637	CL_cluster_5617	4200
CL_cluster_5637	CL_cluster_5618	2523
CL_cluster_5637	CL_cluster_5619	5427
CL_cluster_5637	CL_cluster_5620	6328
CL_cluster_5637	CL_cluster_5621	6075
CL_cluster_5637	CL_cluster_5622	9302
CL_cluster_5637	CL_cluster_5623	3127
CL_cluster_5637	CL_cluster_5624	8325
CL_cluster_5637	CL_cluster_5625	9871
CL_cluster_5637	CL_cluster_5626	3404
CL_cluster_5637	CL_cluster_5627	2772
CL_cluster_5637	CL_cluster_5628	1728
CL_cluster_5637	CL_cluster_5629	4174
CL_cluster_5637	CL_cluster_5630	3901
CL_cluster_5637	CL_cluster_5631	5396
CL_cluster_5637	CL_cluster_5632	5597
CL_cluster_5637	CL_cluster_5633	6519
CL_cluster_5637	CL_cluster_5634	6958
CL_cluster_5637	CL_cluster_5635	9254
CL_cluster_5637	CL_cluster_5636	8796
CL_cluster_5637	CL_cluster_5637	0
CL_cluster_5637	CL_cluster_5638	3683
CL_cluster_5637	CL_cluster_5639	7356
CL_cluster_5637	CL_cluster_5640	9931
CL_cluster_5637	CL_cluster_5641	6909
CL_cluster_5637	CL_cluster_5642	6640
CL_cluster_5637	CL_cluster_5643	6676
CL_cluster_5637	CL_cluster_5644	8497
CL_cluster_5637	CL_cluster_5645	8308
CL_cluster_5637	CL_cluster_5646	6139
CL_cluster_5637	CL_cluster_5647	3791
CL_cluster_5637	CL_cluster_5648	8508
CL_cluster_5637	CL_cluster_5649	6543
CL_cluster_5637	CL_cluster_5650	6317
CL_cluster_5637	CL_cluster_5652	8083
CL_cluster_5637	CL_cluster_5653	9595
CL_cluster_5637	CL_cluster_5655	8607
CL_cluster_5637	CL_cluster_10096	7941
CL_cluster_5638	3137605402034	2384
CL_cluster_5638	3137602116553	3486
CL_cluster_5638	3137605324920	255
CL_cluster_5638	3137605324912	4864
CL_cluster_5638	3137602116588	5141
CL_cluster_5638	3137605402417	5924
CL_cluster_5638	3137602117363	8584
CL_cluster_5638	3137605324904	4864
CL_cluster_5638	3137602116537	8584
CL_cluster_5638	3137602116545	1328
CL_cluster_5638	3137605402425	3917
CL_cluster_5638	3137602116561	4250
CL_cluster_5638	3137604334663	6124
CL_cluster_5638	3137609342923	4778
CL_cluster_5638	CL_cluster_5616	4778
CL_cluster_5638	CL_cluster_5617	4111
CL_cluster_5638	CL_cluster_5618	2384
CL_cluster_5638	CL_cluster_5619	3276
CL_cluster_5638	CL_cluster_5620	3917
CL_cluster_5638	CL_cluster_5621	4864
CL_cluster_5638	CL_cluster_5622	8902
CL_cluster_5638	CL_cluster_5623	1328
CL_cluster_5638	CL_cluster_5624	5139
CL_cluster_5638	CL_cluster_5625	9562
CL_cluster_5638	CL_cluster_5626	3486
CL_cluster_5638	CL_cluster_5627	3450
CL_cluster_5638	CL_cluster_5628	2857
CL_cluster_5638	CL_cluster_5629	2551
CL_cluster_5638	CL_cluster_5630	255
CL_cluster_5638	CL_cluster_5631	2683
CL_cluster_5638	CL_cluster_5632	4608
CL_cluster_5638	CL_cluster_5633	5141
CL_cluster_5638	CL_cluster_5634	5780
CL_cluster_5638	CL_cluster_5635	8584
CL_cluster_5638	CL_cluster_5636	8267
CL_cluster_5638	CL_cluster_5637	3683
CL_cluster_5638	CL_cluster_5638	0
CL_cluster_5638	CL_cluster_5639	5421
CL_cluster_5638	CL_cluster_5640	9314
CL_cluster_5638	CL_cluster_5641	5924
CL_cluster_5638	CL_cluster_5642	4690
CL_cluster_5638	CL_cluster_5643	3674
CL_cluster_5638	CL_cluster_5644	8347
CL_cluster_5638	CL_cluster_5645	8117
CL_cluster_5638	CL_cluster_5646	4011
CL_cluster_5638	CL_cluster_5647	4250
CL_cluster_5638	CL_cluster_5648	7793
CL_cluster_5638	CL_cluster_5649	6124
CL_cluster_5638	CL_cluster_5650	2634
CL_cluster_5638	CL_cluster_5652	5622
CL_cluster_5638	CL_cluster_5653	10378
CL_cluster_5638	CL_cluster_5655	7634
CL_cluster_5638	CL_cluster_10096	4604
CL_cluster_5639	3137605402034	4849
CL_cluster_5639	3137602116553	4130
CL_cluster_5639	3137605324920	5233
CL_cluster_5639	3137605324912	1595
CL_cluster_5639	3137602116588	1178
CL_cluster_5639	3137605402417	1790
CL_cluster_5639	3137602117363	3794
CL_cluster_5639	3137605324904	1595
CL_cluster_5639	3137602116537	3794
CL_cluster_5639	3137602116545	4696
CL_cluster_5639	3137605402425	1591
CL_cluster_5639	3137602116561	4199
CL_cluster_5639	3137604334663	2758
CL_cluster_5639	3137609342923	3301
CL_cluster_5639	CL_cluster_5616	3301
CL_cluster_5639	CL_cluster_5617	3577
CL_cluster_5639	CL_cluster_5618	4849
CL_cluster_5639	CL_cluster_5619	2164
CL_cluster_5639	CL_cluster_5620	1591
CL_cluster_5639	CL_cluster_5621	1595
CL_cluster_5639	CL_cluster_5622	4355
CL_cluster_5639	CL_cluster_5623	4696
CL_cluster_5639	CL_cluster_5624	3146
CL_cluster_5639	CL_cluster_5625	4996
CL_cluster_5639	CL_cluster_5626	4130
CL_cluster_5639	CL_cluster_5627	4790
CL_cluster_5639	CL_cluster_5628	5632
CL_cluster_5639	CL_cluster_5629	3270
CL_cluster_5639	CL_cluster_5630	5233
CL_cluster_5639	CL_cluster_5631	2799
CL_cluster_5639	CL_cluster_5632	2081
CL_cluster_5639	CL_cluster_5633	1178
CL_cluster_5639	CL_cluster_5634	1438
CL_cluster_5639	CL_cluster_5635	3794
CL_cluster_5639	CL_cluster_5636	3710
CL_cluster_5639	CL_cluster_5637	7356
CL_cluster_5639	CL_cluster_5638	5421
CL_cluster_5639	CL_cluster_5639	0
CL_cluster_5639	CL_cluster_5640	4461
CL_cluster_5639	CL_cluster_5641	1790
CL_cluster_5639	CL_cluster_5642	750
CL_cluster_5639	CL_cluster_5643	2553
CL_cluster_5639	CL_cluster_5644	4258
CL_cluster_5639	CL_cluster_5645	4044
CL_cluster_5639	CL_cluster_5646	1410
CL_cluster_5639	CL_cluster_5647	4199
CL_cluster_5639	CL_cluster_5648	3133
CL_cluster_5639	CL_cluster_5649	2758
CL_cluster_5639	CL_cluster_5650	5337
CL_cluster_5639	CL_cluster_5652	1257
CL_cluster_5639	CL_cluster_5653	7018
CL_cluster_5639	CL_cluster_5655	2707
CL_cluster_5639	CL_cluster_10096	3538
CL_cluster_5640	3137605402034	7840
CL_cluster_5640	3137602116553	6619
CL_cluster_5640	3137605324920	9186
CL_cluster_5640	3137605324912	4451
CL_cluster_5640	3137602116588	4219
CL_cluster_5640	3137605402417	3390
CL_cluster_5640	3137602117363	730
CL_cluster_5640	3137605324904	4451
CL_cluster_5640	3137602116537	730
CL_cluster_5640	3137602116545	8234
CL_cluster_5640	3137605402425	5957
CL_cluster_5640	3137602116561	6140
CL_cluster_5640	3137604334663	3408
CL_cluster_5640	3137609342923	5064
CL_cluster_5640	CL_cluster_5616	5064
CL_cluster_5640	CL_cluster_5617	5787
CL_cluster_5640	CL_cluster_5618	7840
CL_cluster_5640	CL_cluster_5619	6180
CL_cluster_5640	CL_cluster_5620	5957
CL_cluster_5640	CL_cluster_5621	4451
CL_cluster_5640	CL_cluster_5622	767
CL_cluster_5640	CL_cluster_5623	8234
CL_cluster_5640	CL_cluster_5624	7380
CL_cluster_5640	CL_cluster_5625	820
CL_cluster_5640	CL_cluster_5626	6619
CL_cluster_5640	CL_cluster_5627	7186
CL_cluster_5640	CL_cluster_5628	8338
CL_cluster_5640	CL_cluster_5629	6787
CL_cluster_5640	CL_cluster_5630	9186
CL_cluster_5640	CL_cluster_5631	7013
CL_cluster_5640	CL_cluster_5632	4733
CL_cluster_5640	CL_cluster_5633	4219
CL_cluster_5640	CL_cluster_5634	3559
CL_cluster_5640	CL_cluster_5635	730
CL_cluster_5640	CL_cluster_5636	1134
CL_cluster_5640	CL_cluster_5637	9931
CL_cluster_5640	CL_cluster_5638	9314
CL_cluster_5640	CL_cluster_5639	4461
CL_cluster_5640	CL_cluster_5640	0
CL_cluster_5640	CL_cluster_5641	3390
CL_cluster_5640	CL_cluster_5642	4964
CL_cluster_5640	CL_cluster_5643	7012
CL_cluster_5640	CL_cluster_5644	1680
CL_cluster_5640	CL_cluster_5645	1772
CL_cluster_5640	CL_cluster_5646	5609
CL_cluster_5640	CL_cluster_5647	6140
CL_cluster_5640	CL_cluster_5648	1523
CL_cluster_5640	CL_cluster_5649	3408
CL_cluster_5640	CL_cluster_5650	9754
CL_cluster_5640	CL_cluster_5652	5307
CL_cluster_5640	CL_cluster_5653	3744
CL_cluster_5640	CL_cluster_5655	1766
CL_cluster_5640	CL_cluster_10096	7902
CL_cluster_5641	3137605402034	4599
CL_cluster_5641	3137602116553	3505
CL_cluster_5641	3137605324920	5796
CL_cluster_5641	3137605324912	1062
CL_cluster_5641	3137602116588	918
CL_cluster_5641	3137605402417	0
CL_cluster_5641	3137602117363	2659
CL_cluster_5641	3137605324904	1062
CL_cluster_5641	3137602116537	2659
CL_cluster_5641	3137602116545	4870
CL_cluster_5641	3137605402425	2830
CL_cluster_5641	3137602116561	3250
CL_cluster_5641	3137604334663	999
CL_cluster_5641	3137609342923	2147
CL_cluster_5641	CL_cluster_5616	2147
CL_cluster_5641	CL_cluster_5617	2728
CL_cluster_5641	CL_cluster_5618	4599
CL_cluster_5641	CL_cluster_5619	2844
CL_cluster_5641	CL_cluster_5620	2830
CL_cluster_5641	CL_cluster_5621	1062
CL_cluster_5641	CL_cluster_5622	3026
CL_cluster_5641	CL_cluster_5623	4870
CL_cluster_5641	CL_cluster_5624	4899
CL_cluster_5641	CL_cluster_5625	3695
CL_cluster_5641	CL_cluster_5626	3505
CL_cluster_5641	CL_cluster_5627	4146
CL_cluster_5641	CL_cluster_5628	5217
CL_cluster_5641	CL_cluster_5629	3405
CL_cluster_5641	CL_cluster_5630	5796
CL_cluster_5641	CL_cluster_5631	3710
CL_cluster_5641	CL_cluster_5632	1383
CL_cluster_5641	CL_cluster_5633	918
CL_cluster_5641	CL_cluster_5634	352
CL_cluster_5641	CL_cluster_5635	2659
CL_cluster_5641	CL_cluster_5636	2372
CL_cluster_5641	CL_cluster_5637	6909
CL_cluster_5641	CL_cluster_5638	5924
CL_cluster_5641	CL_cluster_5639	1790
CL_cluster_5641	CL_cluster_5640	3390
CL_cluster_5641	CL_cluster_5641	0
CL_cluster_5641	CL_cluster_5642	1883
CL_cluster_5641	CL_cluster_5643	4000
CL_cluster_5641	CL_cluster_5644	2670
CL_cluster_5641	CL_cluster_5645	2439
CL_cluster_5641	CL_cluster_5646	2395
CL_cluster_5641	CL_cluster_5647	3250
CL_cluster_5641	CL_cluster_5648	1870
CL_cluster_5641	CL_cluster_5649	999
CL_cluster_5641	CL_cluster_5650	6546
CL_cluster_5641	CL_cluster_5652	3036
CL_cluster_5641	CL_cluster_5653	5309
CL_cluster_5641	CL_cluster_5655	1758
CL_cluster_5641	CL_cluster_10096	5214
CL_cluster_5642	3137605402034	4124
CL_cluster_5642	3137602116553	3483
CL_cluster_5642	3137605324920	4508
CL_cluster_5642	3137605324912	1243
CL_cluster_5642	3137602116588	1006
CL_cluster_5642	3137605402417	1883
CL_cluster_5642	3137602117363	4264
CL_cluster_5642	3137605324904	1243
CL_cluster_5642	3137602116537	4264
CL_cluster_5642	3137602116545	3945
CL_cluster_5642	3137605402425	995
CL_cluster_5642	3137602116561	3640
CL_cluster_5642	3137604334663	2715
CL_cluster_5642	3137609342923	2861
CL_cluster_5642	CL_cluster_5616	2861
CL_cluster_5642	CL_cluster_5617	3013
CL_cluster_5642	CL_cluster_5618	4124
CL_cluster_5642	CL_cluster_5619	1420
CL_cluster_5642	CL_cluster_5620	995
CL_cluster_5642	CL_cluster_5621	1243
CL_cluster_5642	CL_cluster_5622	4761
CL_cluster_5642	CL_cluster_5623	3945
CL_cluster_5642	CL_cluster_5624	3105
CL_cluster_5642	CL_cluster_5625	5422
CL_cluster_5642	CL_cluster_5626	3483
CL_cluster_5642	CL_cluster_5627	4133
CL_cluster_5642	CL_cluster_5628	4922
CL_cluster_5642	CL_cluster_5629	2526
CL_cluster_5642	CL_cluster_5630	4508
CL_cluster_5642	CL_cluster_5631	2112
CL_cluster_5642	CL_cluster_5632	1629
CL_cluster_5642	CL_cluster_5633	1006
CL_cluster_5642	CL_cluster_5634	1563
CL_cluster_5642	CL_cluster_5635	4264
CL_cluster_5642	CL_cluster_5636	4102
CL_cluster_5642	CL_cluster_5637	6640
CL_cluster_5642	CL_cluster_5638	4690
CL_cluster_5642	CL_cluster_5639	750
CL_cluster_5642	CL_cluster_5640	4964
CL_cluster_5642	CL_cluster_5641	1883
CL_cluster_5642	CL_cluster_5642	0
CL_cluster_5642	CL_cluster_5643	2126
CL_cluster_5642	CL_cluster_5644	4529
CL_cluster_5642	CL_cluster_5645	4302
CL_cluster_5642	CL_cluster_5646	688
CL_cluster_5642	CL_cluster_5647	3640
CL_cluster_5642	CL_cluster_5648	3539
CL_cluster_5642	CL_cluster_5649	2715
CL_cluster_5642	CL_cluster_5650	4791
CL_cluster_5642	CL_cluster_5652	1621
CL_cluster_5642	CL_cluster_5653	7190
CL_cluster_5642	CL_cluster_5655	3198
CL_cluster_5642	CL_cluster_10096	3350
CL_cluster_5643	3137605402034	4291
CL_cluster_5643	3137602116553	4296
CL_cluster_5643	3137605324920	3431
CL_cluster_5643	3137605324912	3179
CL_cluster_5643	3137602116588	3094
CL_cluster_5643	3137605402417	4000
CL_cluster_5643	3137602117363	6335
CL_cluster_5643	3137605324904	3179
CL_cluster_5643	3137602116537	6335
CL_cluster_5643	3137602116545	3566
CL_cluster_5643	3137605402425	1186
CL_cluster_5643	3137602116561	4777
CL_cluster_5643	3137604334663	4753
CL_cluster_5643	3137609342923	4405
CL_cluster_5643	CL_cluster_5616	4405
CL_cluster_5643	CL_cluster_5617	4220
CL_cluster_5643	CL_cluster_5618	4291
CL_cluster_5643	CL_cluster_5619	1724
CL_cluster_5643	CL_cluster_5620	1186
CL_cluster_5643	CL_cluster_5621	3179
CL_cluster_5643	CL_cluster_5622	6866
CL_cluster_5643	CL_cluster_5623	3566
CL_cluster_5643	CL_cluster_5624	1665
CL_cluster_5643	CL_cluster_5625	7519
CL_cluster_5643	CL_cluster_5626	4296
CL_cluster_5643	CL_cluster_5627	4802
CL_cluster_5643	CL_cluster_5628	5144
CL_cluster_5643	CL_cluster_5629	2750
CL_cluster_5643	CL_cluster_5630	3431
CL_cluster_5643	CL_cluster_5631	1296
CL_cluster_5643	CL_cluster_5632	3359
CL_cluster_5643	CL_cluster_5633	3094
CL_cluster_5643	CL_cluster_5634	3689
CL_cluster_5643	CL_cluster_5635	6335
CL_cluster_5643	CL_cluster_5636	6210
CL_cluster_5643	CL_cluster_5637	6676
CL_cluster_5643	CL_cluster_5638	3674
CL_cluster_5643	CL_cluster_5639	2553
CL_cluster_5643	CL_cluster_5640	7012
CL_cluster_5643	CL_cluster_5641	4000
CL_cluster_5643	CL_cluster_5642	2126
CL_cluster_5643	CL_cluster_5643	0
CL_cluster_5643	CL_cluster_5644	6655
CL_cluster_5643	CL_cluster_5645	6428
CL_cluster_5643	CL_cluster_5646	1664
CL_cluster_5643	CL_cluster_5647	4777
CL_cluster_5643	CL_cluster_5648	5640
CL_cluster_5643	CL_cluster_5649	4753
CL_cluster_5643	CL_cluster_5650	2826
CL_cluster_5643	CL_cluster_5652	2139
CL_cluster_5643	CL_cluster_5653	9289
CL_cluster_5643	CL_cluster_5655	5252
CL_cluster_5643	CL_cluster_10096	1488
CL_cluster_5644	3137605402034	6596
CL_cluster_5644	3137602116553	5317
CL_cluster_5644	3137605324920	8256
CL_cluster_5644	3137605324912	3651
CL_cluster_5644	3137602116588	3588
CL_cluster_5644	3137605402417	2670
CL_cluster_5644	3137602117363	1333
CL_cluster_5644	3137605324904	3651
CL_cluster_5644	3137602116537	1333
CL_cluster_5644	3137602116545	7157
CL_cluster_5644	3137605402425	5496
CL_cluster_5644	3137602116561	4741
CL_cluster_5644	3137604334663	2223
CL_cluster_5644	3137609342923	3751
CL_cluster_5644	CL_cluster_5616	3751
CL_cluster_5644	CL_cluster_5617	4493
CL_cluster_5644	CL_cluster_5618	6596
CL_cluster_5644	CL_cluster_5619	5472
CL_cluster_5644	CL_cluster_5620	5496
CL_cluster_5644	CL_cluster_5621	3651
CL_cluster_5644	CL_cluster_5622	917
CL_cluster_5644	CL_cluster_5623	7157
CL_cluster_5644	CL_cluster_5624	7393
CL_cluster_5644	CL_cluster_5625	1378
CL_cluster_5644	CL_cluster_5626	5317
CL_cluster_5644	CL_cluster_5627	5818
CL_cluster_5644	CL_cluster_5628	6989
CL_cluster_5644	CL_cluster_5629	5799
CL_cluster_5644	CL_cluster_5630	8256
CL_cluster_5644	CL_cluster_5631	6351
CL_cluster_5644	CL_cluster_5632	3771
CL_cluster_5644	CL_cluster_5633	3588
CL_cluster_5644	CL_cluster_5634	2967
CL_cluster_5644	CL_cluster_5635	1333
CL_cluster_5644	CL_cluster_5636	886
CL_cluster_5644	CL_cluster_5637	8497
CL_cluster_5644	CL_cluster_5638	8347
CL_cluster_5644	CL_cluster_5639	4258
CL_cluster_5644	CL_cluster_5640	1680
CL_cluster_5644	CL_cluster_5641	2670
CL_cluster_5644	CL_cluster_5642	4529
CL_cluster_5644	CL_cluster_5643	6655
CL_cluster_5644	CL_cluster_5644	0
CL_cluster_5644	CL_cluster_5645	234
CL_cluster_5644	CL_cluster_5646	5065
CL_cluster_5644	CL_cluster_5647	4741
CL_cluster_5644	CL_cluster_5648	1311
CL_cluster_5644	CL_cluster_5649	2223
CL_cluster_5644	CL_cluster_5650	9205
CL_cluster_5644	CL_cluster_5652	5371
CL_cluster_5644	CL_cluster_5653	2823
CL_cluster_5644	CL_cluster_5655	1897
CL_cluster_5644	CL_cluster_10096	7792
CL_cluster_5645	3137605402034	6381
CL_cluster_5645	3137602116553	5107
CL_cluster_5645	3137605324920	8024
CL_cluster_5645	3137605324912	3416
CL_cluster_5645	3137602116588	3357
CL_cluster_5645	3137605402417	2439
CL_cluster_5645	3137602117363	1332
CL_cluster_5645	3137605324904	3416
CL_cluster_5645	3137602116537	1332
CL_cluster_5645	3137602116545	6931
CL_cluster_5645	3137605402425	5266
CL_cluster_5645	3137602116561	4542
CL_cluster_5645	3137604334663	1993
CL_cluster_5645	3137609342923	3539
CL_cluster_5645	CL_cluster_5616	3539
CL_cluster_5645	CL_cluster_5617	4280
CL_cluster_5645	CL_cluster_5618	6381
CL_cluster_5645	CL_cluster_5619	5237
CL_cluster_5645	CL_cluster_5620	5266
CL_cluster_5645	CL_cluster_5621	3416
CL_cluster_5645	CL_cluster_5622	1034
CL_cluster_5645	CL_cluster_5623	6931
CL_cluster_5645	CL_cluster_5624	7184
CL_cluster_5645	CL_cluster_5625	1562
CL_cluster_5645	CL_cluster_5626	5107
CL_cluster_5645	CL_cluster_5627	5617
CL_cluster_5645	CL_cluster_5628	6787
CL_cluster_5645	CL_cluster_5629	5568
CL_cluster_5645	CL_cluster_5630	8024
CL_cluster_5645	CL_cluster_5631	6116
CL_cluster_5645	CL_cluster_5632	3537
CL_cluster_5645	CL_cluster_5633	3357
CL_cluster_5645	CL_cluster_5634	2739
CL_cluster_5645	CL_cluster_5635	1332
CL_cluster_5645	CL_cluster_5636	839
CL_cluster_5645	CL_cluster_5637	8308
CL_cluster_5645	CL_cluster_5638	8117
CL_cluster_5645	CL_cluster_5639	4044
CL_cluster_5645	CL_cluster_5640	1772
CL_cluster_5645	CL_cluster_5641	2439
CL_cluster_5645	CL_cluster_5642	4302
CL_cluster_5645	CL_cluster_5643	6428
CL_cluster_5645	CL_cluster_5644	234
CL_cluster_5645	CL_cluster_5645	0
CL_cluster_5645	CL_cluster_5646	4833
CL_cluster_5645	CL_cluster_5647	4542
CL_cluster_5645	CL_cluster_5648	1174
CL_cluster_5645	CL_cluster_5649	1993
CL_cluster_5645	CL_cluster_5650	8972
CL_cluster_5645	CL_cluster_5652	5171
CL_cluster_5645	CL_cluster_5653	3008
CL_cluster_5645	CL_cluster_5655	1758
CL_cluster_5645	CL_cluster_10096	7575
CL_cluster_5646	3137605402034	3617
CL_cluster_5646	3137602116553	3155
CL_cluster_5646	3137605324920	3825
CL_cluster_5646	3137605324912	1515
CL_cluster_5646	3137602116588	1476
CL_cluster_5646	3137605402417	2395
CL_cluster_5646	3137602117363	4899
CL_cluster_5646	3137605324904	1515
CL_cluster_5646	3137602116537	4899
CL_cluster_5646	3137602116545	3325
CL_cluster_5646	3137605402425	486
CL_cluster_5646	3137602116561	3448
CL_cluster_5646	3137604334663	3092
CL_cluster_5646	3137609342923	2858
CL_cluster_5646	CL_cluster_5616	2858
CL_cluster_5646	CL_cluster_5617	2835
CL_cluster_5646	CL_cluster_5618	3617
CL_cluster_5646	CL_cluster_5619	766
CL_cluster_5646	CL_cluster_5620	486
CL_cluster_5646	CL_cluster_5621	1515
CL_cluster_5646	CL_cluster_5622	5365
CL_cluster_5646	CL_cluster_5623	3325
CL_cluster_5646	CL_cluster_5624	2953
CL_cluster_5646	CL_cluster_5625	6031
CL_cluster_5646	CL_cluster_5626	3155
CL_cluster_5646	CL_cluster_5627	3772
CL_cluster_5646	CL_cluster_5628	4445
CL_cluster_5646	CL_cluster_5629	1971
CL_cluster_5646	CL_cluster_5630	3825
CL_cluster_5646	CL_cluster_5631	1428
CL_cluster_5646	CL_cluster_5632	1721
CL_cluster_5646	CL_cluster_5633	1476
CL_cluster_5646	CL_cluster_5634	2116
CL_cluster_5646	CL_cluster_5635	4899
CL_cluster_5646	CL_cluster_5636	4704
CL_cluster_5646	CL_cluster_5637	6139
CL_cluster_5646	CL_cluster_5638	4011
CL_cluster_5646	CL_cluster_5639	1410
CL_cluster_5646	CL_cluster_5640	5609
CL_cluster_5646	CL_cluster_5641	2395
CL_cluster_5646	CL_cluster_5642	688
CL_cluster_5646	CL_cluster_5643	1664
CL_cluster_5646	CL_cluster_5644	5065
CL_cluster_5646	CL_cluster_5645	4833
CL_cluster_5646	CL_cluster_5646	0
CL_cluster_5646	CL_cluster_5647	3448
CL_cluster_5646	CL_cluster_5648	4154
CL_cluster_5646	CL_cluster_5649	3092
CL_cluster_5646	CL_cluster_5650	4169
CL_cluster_5646	CL_cluster_5652	1953
CL_cluster_5646	CL_cluster_5653	7642
CL_cluster_5646	CL_cluster_5655	3849
CL_cluster_5646	CL_cluster_10096	3051
CL_cluster_5647	3137605402034	2015
CL_cluster_5647	3137602116553	763
CL_cluster_5647	3137605324920	4263
CL_cluster_5647	3137605324912	2650
CL_cluster_5647	3137602116588	3115
CL_cluster_5647	3137605402417	3250
CL_cluster_5647	3137602117363	5464
CL_cluster_5647	3137605324904	2650
CL_cluster_5647	3137602116537	5464
CL_cluster_5647	3137602116545	2922
CL_cluster_5647	3137605402425	3854
CL_cluster_5647	3137602116561	0
CL_cluster_5647	3137604334663	2760
CL_cluster_5647	3137609342923	1120
CL_cluster_5647	CL_cluster_5616	1120
CL_cluster_5647	CL_cluster_5617	627
CL_cluster_5647	CL_cluster_5618	2015
CL_cluster_5647	CL_cluster_5619	3061
CL_cluster_5647	CL_cluster_5620	3854
CL_cluster_5647	CL_cluster_5621	2650
CL_cluster_5647	CL_cluster_5622	5520
CL_cluster_5647	CL_cluster_5623	2922
CL_cluster_5647	CL_cluster_5624	6330
CL_cluster_5647	CL_cluster_5625	6104
CL_cluster_5647	CL_cluster_5626	763
CL_cluster_5647	CL_cluster_5627	1083
CL_cluster_5647	CL_cluster_5628	2254
CL_cluster_5647	CL_cluster_5629	2230
CL_cluster_5647	CL_cluster_5630	4263
CL_cluster_5647	CL_cluster_5631	3650
CL_cluster_5647	CL_cluster_5632	2140
CL_cluster_5647	CL_cluster_5633	3115
CL_cluster_5647	CL_cluster_5634	3379
CL_cluster_5647	CL_cluster_5635	5464
CL_cluster_5647	CL_cluster_5636	5005
CL_cluster_5647	CL_cluster_5637	3791
CL_cluster_5647	CL_cluster_5638	4250
CL_cluster_5647	CL_cluster_5639	4199
CL_cluster_5647	CL_cluster_5640	6140
CL_cluster_5647	CL_cluster_5641	3250
CL_cluster_5647	CL_cluster_5642	3640
CL_cluster_5647	CL_cluster_5643	4777
CL_cluster_5647	CL_cluster_5644	4741
CL_cluster_5647	CL_cluster_5645	4542
CL_cluster_5647	CL_cluster_5646	3448
CL_cluster_5647	CL_cluster_5647	0
CL_cluster_5647	CL_cluster_5648	4726
CL_cluster_5647	CL_cluster_5649	2760
CL_cluster_5647	CL_cluster_5650	6118
CL_cluster_5647	CL_cluster_5652	5260
CL_cluster_5647	CL_cluster_5653	6259
CL_cluster_5647	CL_cluster_5655	4865
CL_cluster_5647	CL_cluster_10096	6265
CL_cluster_5648	3137605402034	6346
CL_cluster_5648	3137602116553	5152
CL_cluster_5648	3137605324920	7667
CL_cluster_5648	3137605324912	2932
CL_cluster_5648	3137602116588	2724
CL_cluster_5648	3137605402417	1870
CL_cluster_5648	3137602117363	793
CL_cluster_5648	3137605324904	2932
CL_cluster_5648	3137602116537	793
CL_cluster_5648	3137602116545	6713
CL_cluster_5648	3137605402425	4534
CL_cluster_5648	3137602116561	4726
CL_cluster_5648	3137604334663	1966
CL_cluster_5648	3137609342923	3623
CL_cluster_5648	CL_cluster_5616	3623
CL_cluster_5648	CL_cluster_5617	4325
CL_cluster_5648	CL_cluster_5618	6346
CL_cluster_5648	CL_cluster_5619	4686
CL_cluster_5648	CL_cluster_5620	4534
CL_cluster_5648	CL_cluster_5621	2932
CL_cluster_5648	CL_cluster_5622	1225
CL_cluster_5648	CL_cluster_5623	6713
CL_cluster_5648	CL_cluster_5624	6210
CL_cluster_5648	CL_cluster_5625	1882
CL_cluster_5648	CL_cluster_5626	5152
CL_cluster_5648	CL_cluster_5627	5743
CL_cluster_5648	CL_cluster_5628	6878
CL_cluster_5648	CL_cluster_5629	5264
CL_cluster_5648	CL_cluster_5630	7667
CL_cluster_5648	CL_cluster_5631	5534
CL_cluster_5648	CL_cluster_5632	3211
CL_cluster_5648	CL_cluster_5633	2724
CL_cluster_5648	CL_cluster_5634	2062
CL_cluster_5648	CL_cluster_5635	793
CL_cluster_5648	CL_cluster_5636	578
CL_cluster_5648	CL_cluster_5637	8508
CL_cluster_5648	CL_cluster_5638	7793
CL_cluster_5648	CL_cluster_5639	3133
CL_cluster_5648	CL_cluster_5640	1523
CL_cluster_5648	CL_cluster_5641	1870
CL_cluster_5648	CL_cluster_5642	3539
CL_cluster_5648	CL_cluster_5643	5640
CL_cluster_5648	CL_cluster_5644	1311
CL_cluster_5648	CL_cluster_5645	1174
CL_cluster_5648	CL_cluster_5646	4154
CL_cluster_5648	CL_cluster_5647	4726
CL_cluster_5648	CL_cluster_5648	0
CL_cluster_5648	CL_cluster_5649	1966
CL_cluster_5648	CL_cluster_5650	8320
CL_cluster_5648	CL_cluster_5652	4154
CL_cluster_5648	CL_cluster_5653	4120
CL_cluster_5648	CL_cluster_5655	586
CL_cluster_5648	CL_cluster_10096	6661
CL_cluster_5649	3137605402034	4445
CL_cluster_5649	3137602116553	3211
CL_cluster_5649	3137605324920	6034
CL_cluster_5649	3137605324912	1580
CL_cluster_5649	3137602116588	1710
CL_cluster_5649	3137605402417	999
CL_cluster_5649	3137602117363	2714
CL_cluster_5649	3137605324904	1580
CL_cluster_5649	3137602116537	2714
CL_cluster_5649	3137602116545	4941
CL_cluster_5649	3137605402425	3566
CL_cluster_5649	3137602116561	2760
CL_cluster_5649	3137604334663	0
CL_cluster_5649	3137609342923	1660
CL_cluster_5649	CL_cluster_5616	1660
CL_cluster_5649	CL_cluster_5617	2378
CL_cluster_5649	CL_cluster_5618	4445
CL_cluster_5649	CL_cluster_5619	3356
CL_cluster_5649	CL_cluster_5620	3566
CL_cluster_5649	CL_cluster_5621	1580
CL_cluster_5649	CL_cluster_5622	2852
CL_cluster_5649	CL_cluster_5623	4941
CL_cluster_5649	CL_cluster_5624	5805
CL_cluster_5649	CL_cluster_5625	3487
CL_cluster_5649	CL_cluster_5626	3211
CL_cluster_5649	CL_cluster_5627	3783
CL_cluster_5649	CL_cluster_5628	4930
CL_cluster_5649	CL_cluster_5629	3577
CL_cluster_5649	CL_cluster_5630	6034
CL_cluster_5649	CL_cluster_5631	4237
CL_cluster_5649	CL_cluster_5632	1577
CL_cluster_5649	CL_cluster_5633	1710
CL_cluster_5649	CL_cluster_5634	1338
CL_cluster_5649	CL_cluster_5635	2714
CL_cluster_5649	CL_cluster_5636	2279
CL_cluster_5649	CL_cluster_5637	6543
CL_cluster_5649	CL_cluster_5638	6124
CL_cluster_5649	CL_cluster_5639	2758
CL_cluster_5649	CL_cluster_5640	3408
CL_cluster_5649	CL_cluster_5641	999
CL_cluster_5649	CL_cluster_5642	2715
CL_cluster_5649	CL_cluster_5643	4753
CL_cluster_5649	CL_cluster_5644	2223
CL_cluster_5649	CL_cluster_5645	1993
CL_cluster_5649	CL_cluster_5646	3092
CL_cluster_5649	CL_cluster_5647	2760
CL_cluster_5649	CL_cluster_5648	1966
CL_cluster_5649	CL_cluster_5649	0
CL_cluster_5649	CL_cluster_5650	7106
CL_cluster_5649	CL_cluster_5652	4014
CL_cluster_5649	CL_cluster_5653	4564
CL_cluster_5649	CL_cluster_5655	2147
CL_cluster_5649	CL_cluster_10096	6061
CL_cluster_5650	3137605402034	4677
CL_cluster_5650	3137602116553	5410
CL_cluster_5650	3137605324920	2423
CL_cluster_5650	3137605324912	5563
CL_cluster_5650	3137602116588	5632
CL_cluster_5650	3137605402417	6546
CL_cluster_5650	3137602117363	9055
CL_cluster_5650	3137605324904	5563
CL_cluster_5650	3137602116537	9055
CL_cluster_5650	3137602116545	3564
CL_cluster_5650	3137605402425	3797
CL_cluster_5650	3137602116561	6118
CL_cluster_5650	3137604334663	7106
CL_cluster_5650	3137609342923	6233
CL_cluster_5650	CL_cluster_5616	6233
CL_cluster_5650	CL_cluster_5617	5754
CL_cluster_5650	CL_cluster_5618	4677
CL_cluster_5650	CL_cluster_5619	3751
CL_cluster_5650	CL_cluster_5620	3797
CL_cluster_5650	CL_cluster_5621	5563
CL_cluster_5650	CL_cluster_5622	9534
CL_cluster_5650	CL_cluster_5623	3564
CL_cluster_5650	CL_cluster_5624	3530
CL_cluster_5650	CL_cluster_5625	10200
CL_cluster_5650	CL_cluster_5626	5410
CL_cluster_5650	CL_cluster_5627	5624
CL_cluster_5650	CL_cluster_5628	5342
CL_cluster_5650	CL_cluster_5629	3925
CL_cluster_5650	CL_cluster_5630	2423
CL_cluster_5650	CL_cluster_5631	2869
CL_cluster_5650	CL_cluster_5632	5547
CL_cluster_5650	CL_cluster_5633	5632
CL_cluster_5650	CL_cluster_5634	6282
CL_cluster_5650	CL_cluster_5635	9055
CL_cluster_5650	CL_cluster_5636	8873
CL_cluster_5650	CL_cluster_5637	6317
CL_cluster_5650	CL_cluster_5638	2634
CL_cluster_5650	CL_cluster_5639	5337
CL_cluster_5650	CL_cluster_5640	9754
CL_cluster_5650	CL_cluster_5641	6546
CL_cluster_5650	CL_cluster_5642	4791
CL_cluster_5650	CL_cluster_5643	2826
CL_cluster_5650	CL_cluster_5644	9205
CL_cluster_5650	CL_cluster_5645	8972
CL_cluster_5650	CL_cluster_5646	4169
CL_cluster_5650	CL_cluster_5647	6118
CL_cluster_5650	CL_cluster_5648	8320
CL_cluster_5650	CL_cluster_5649	7106
CL_cluster_5650	CL_cluster_5650	0
CL_cluster_5650	CL_cluster_5652	4925
CL_cluster_5650	CL_cluster_5653	11652
CL_cluster_5650	CL_cluster_5655	7988
CL_cluster_5650	CL_cluster_10096	2823
CL_cluster_5652	3137605402034	5564
CL_cluster_5652	3137602116553	5067
CL_cluster_5652	3137605324920	5399
CL_cluster_5652	3137605324912	2781
CL_cluster_5652	3137602116588	2408
CL_cluster_5652	3137605402417	3036
CL_cluster_5652	3137602117363	4712
CL_cluster_5652	3137605324904	2781
CL_cluster_5652	3137602116537	4712
CL_cluster_5652	3137602116545	5173
CL_cluster_5652	3137605402425	1784
CL_cluster_5652	3137602116561	5260
CL_cluster_5652	3137604334663	4014
CL_cluster_5652	3137609342923	4461
CL_cluster_5652	CL_cluster_5616	4461
CL_cluster_5652	CL_cluster_5617	4633
CL_cluster_5652	CL_cluster_5618	5564
CL_cluster_5652	CL_cluster_5619	2660
CL_cluster_5652	CL_cluster_5620	1784
CL_cluster_5652	CL_cluster_5621	2781
CL_cluster_5652	CL_cluster_5622	5337
CL_cluster_5652	CL_cluster_5623	5173
CL_cluster_5652	CL_cluster_5624	2074
CL_cluster_5652	CL_cluster_5625	5941
CL_cluster_5652	CL_cluster_5626	5067
CL_cluster_5652	CL_cluster_5627	5702
CL_cluster_5652	CL_cluster_5628	6397
CL_cluster_5652	CL_cluster_5629	3909
CL_cluster_5652	CL_cluster_5630	5399
CL_cluster_5652	CL_cluster_5631	2952
CL_cluster_5652	CL_cluster_5632	3225
CL_cluster_5652	CL_cluster_5633	2408
CL_cluster_5652	CL_cluster_5634	2685
CL_cluster_5652	CL_cluster_5635	4712
CL_cluster_5652	CL_cluster_5636	4727
CL_cluster_5652	CL_cluster_5637	8083
CL_cluster_5652	CL_cluster_5638	5622
CL_cluster_5652	CL_cluster_5639	1257
CL_cluster_5652	CL_cluster_5640	5307
CL_cluster_5652	CL_cluster_5641	3036
CL_cluster_5652	CL_cluster_5642	1621
CL_cluster_5652	CL_cluster_5643	2139
CL_cluster_5652	CL_cluster_5644	5371
CL_cluster_5652	CL_cluster_5645	5171
CL_cluster_5652	CL_cluster_5646	1953
CL_cluster_5652	CL_cluster_5647	5260
CL_cluster_5652	CL_cluster_5648	4154
CL_cluster_5652	CL_cluster_5649	4014
CL_cluster_5652	CL_cluster_5650	4925
CL_cluster_5652	CL_cluster_5652	0
CL_cluster_5652	CL_cluster_5653	8174
CL_cluster_5652	CL_cluster_5655	3646
CL_cluster_5652	CL_cluster_10096	2616
CL_cluster_5653	3137605402034	8273
CL_cluster_5653	3137602116553	6986
CL_cluster_5653	3137605324920	10337
CL_cluster_5653	3137605324912	6141
CL_cluster_5653	3137602116588	6198
CL_cluster_5653	3137605402417	5309
CL_cluster_5653	3137602117363	3878
CL_cluster_5653	3137605324904	6141
CL_cluster_5653	3137602116537	3878
CL_cluster_5653	3137602116545	9084
CL_cluster_5653	3137605402425	8106
CL_cluster_5653	3137602116561	6259
CL_cluster_5653	3137604334663	4564
CL_cluster_5653	3137609342923	5602
CL_cluster_5653	CL_cluster_5616	5602
CL_cluster_5653	CL_cluster_5617	6273
CL_cluster_5653	CL_cluster_5618	8273
CL_cluster_5653	CL_cluster_5619	7910
CL_cluster_5653	CL_cluster_5620	8106
CL_cluster_5653	CL_cluster_5621	6141
CL_cluster_5653	CL_cluster_5622	3196
CL_cluster_5653	CL_cluster_5623	9084
CL_cluster_5653	CL_cluster_5624	10165
CL_cluster_5653	CL_cluster_5625	2937
CL_cluster_5653	CL_cluster_5626	6986
CL_cluster_5653	CL_cluster_5627	7292
CL_cluster_5653	CL_cluster_5628	8411
CL_cluster_5653	CL_cluster_5629	7932
CL_cluster_5653	CL_cluster_5630	10337
CL_cluster_5653	CL_cluster_5631	8788
CL_cluster_5653	CL_cluster_5632	6105
CL_cluster_5653	CL_cluster_5633	6198
CL_cluster_5653	CL_cluster_5634	5643
CL_cluster_5653	CL_cluster_5635	3878
CL_cluster_5653	CL_cluster_5636	3610
CL_cluster_5653	CL_cluster_5637	9595
CL_cluster_5653	CL_cluster_5638	10378
CL_cluster_5653	CL_cluster_5639	7018
CL_cluster_5653	CL_cluster_5640	3744
CL_cluster_5653	CL_cluster_5641	5309
CL_cluster_5653	CL_cluster_5642	7190
CL_cluster_5653	CL_cluster_5643	9289
CL_cluster_5653	CL_cluster_5644	2823
CL_cluster_5653	CL_cluster_5645	3008
CL_cluster_5653	CL_cluster_5646	7642
CL_cluster_5653	CL_cluster_5647	6259
CL_cluster_5653	CL_cluster_5648	4120
CL_cluster_5653	CL_cluster_5649	4564
CL_cluster_5653	CL_cluster_5650	11652
CL_cluster_5653	CL_cluster_5652	8174
CL_cluster_5653	CL_cluster_5653	0
CL_cluster_5653	CL_cluster_5655	4698
CL_cluster_5653	CL_cluster_10096	10519
CL_cluster_5655	3137605402034	6349
CL_cluster_5655	3137602116553	5214
CL_cluster_5655	3137605324920	7492
CL_cluster_5655	3137605324912	2785
CL_cluster_5655	3137602116588	2497
CL_cluster_5655	3137605402417	1758
CL_cluster_5655	3137602117363	1087
CL_cluster_5655	3137605324904	2785
CL_cluster_5655	3137602116537	1087
CL_cluster_5655	3137602116545	6619
CL_cluster_5655	3137605402425	4191
CL_cluster_5655	3137602116561	4865
CL_cluster_5655	3137604334663	2147
CL_cluster_5655	3137609342923	3745
CL_cluster_5655	CL_cluster_5616	3745
CL_cluster_5655	CL_cluster_5617	4407
CL_cluster_5655	CL_cluster_5618	6349
CL_cluster_5655	CL_cluster_5619	4444
CL_cluster_5655	CL_cluster_5620	4191
CL_cluster_5655	CL_cluster_5621	2785
CL_cluster_5655	CL_cluster_5622	1691
CL_cluster_5655	CL_cluster_5623	6619
CL_cluster_5655	CL_cluster_5624	5716
CL_cluster_5655	CL_cluster_5625	2303
CL_cluster_5655	CL_cluster_5626	5214
CL_cluster_5655	CL_cluster_5627	5834
CL_cluster_5655	CL_cluster_5628	6939
CL_cluster_5655	CL_cluster_5629	5145
CL_cluster_5655	CL_cluster_5630	7492
CL_cluster_5655	CL_cluster_5631	5261
CL_cluster_5655	CL_cluster_5632	3141
CL_cluster_5655	CL_cluster_5633	2497
CL_cluster_5655	CL_cluster_5634	1854
CL_cluster_5655	CL_cluster_5635	1087
CL_cluster_5655	CL_cluster_5636	1106
CL_cluster_5655	CL_cluster_5637	8607
CL_cluster_5655	CL_cluster_5638	7634
CL_cluster_5655	CL_cluster_5639	2707
CL_cluster_5655	CL_cluster_5640	1766
CL_cluster_5655	CL_cluster_5641	1758
CL_cluster_5655	CL_cluster_5642	3198
CL_cluster_5655	CL_cluster_5643	5252
CL_cluster_5655	CL_cluster_5644	1897
CL_cluster_5655	CL_cluster_5645	1758
CL_cluster_5655	CL_cluster_5646	3849
CL_cluster_5655	CL_cluster_5647	4865
CL_cluster_5655	CL_cluster_5648	586
CL_cluster_5655	CL_cluster_5649	2147
CL_cluster_5655	CL_cluster_5650	7988
CL_cluster_5655	CL_cluster_5652	3646
CL_cluster_5655	CL_cluster_5653	4698
CL_cluster_5655	CL_cluster_5655	0
CL_cluster_5655	CL_cluster_10096	6197
CL_cluster_10096	3137605402034	5665
CL_cluster_10096	3137602116553	5772
CL_cluster_10096	3137605324920	4349
CL_cluster_10096	3137605324912	4527
CL_cluster_10096	3137602116588	4356
CL_cluster_10096	3137605402417	5214
CL_cluster_10096	3137602117363	7280
CL_cluster_10096	3137605324904	4527
CL_cluster_10096	3137602116537	7280
CL_cluster_10096	3137602116545	4817
CL_cluster_10096	3137605402425	2566
CL_cluster_10096	3137602116561	6265
CL_cluster_10096	3137604334663	6061
CL_cluster_10096	3137609342923	5868
CL_cluster_10096	CL_cluster_5616	5868
CL_cluster_10096	CL_cluster_5617	5707
CL_cluster_10096	CL_cluster_5618	5665
CL_cluster_10096	CL_cluster_5619	3211
CL_cluster_10096	CL_cluster_5620	2566
CL_cluster_10096	CL_cluster_5621	4527
CL_cluster_10096	CL_cluster_5622	7874
CL_cluster_10096	CL_cluster_5623	4817
CL_cluster_10096	CL_cluster_5624	725
CL_cluster_10096	CL_cluster_5625	8500
CL_cluster_10096	CL_cluster_5626	5772
CL_cluster_10096	CL_cluster_5627	6256
CL_cluster_10096	CL_cluster_5628	6504
CL_cluster_10096	CL_cluster_5629	4201
CL_cluster_10096	CL_cluster_5630	4349
CL_cluster_10096	CL_cluster_5631	2710
CL_cluster_10096	CL_cluster_5632	4772
CL_cluster_10096	CL_cluster_5633	4356
CL_cluster_10096	CL_cluster_5634	4876
CL_cluster_10096	CL_cluster_5635	7280
CL_cluster_10096	CL_cluster_5636	7239
CL_cluster_10096	CL_cluster_5637	7941
CL_cluster_10096	CL_cluster_5638	4604
CL_cluster_10096	CL_cluster_5639	3538
CL_cluster_10096	CL_cluster_5640	7902
CL_cluster_10096	CL_cluster_5641	5214
CL_cluster_10096	CL_cluster_5642	3350
CL_cluster_10096	CL_cluster_5643	1488
CL_cluster_10096	CL_cluster_5644	7792
CL_cluster_10096	CL_cluster_5645	7575
CL_cluster_10096	CL_cluster_5646	3051
CL_cluster_10096	CL_cluster_5647	6265
CL_cluster_10096	CL_cluster_5648	6661
CL_cluster_10096	CL_cluster_5649	6061
CL_cluster_10096	CL_cluster_5650	2823
CL_cluster_10096	CL_cluster_5652	2616
CL_cluster_10096	CL_cluster_5653	10519
CL_cluster_10096	CL_cluster_5655	6197
CL_cluster_10096	CL_cluster_10096	0

;

end;
